replicate,xmin,alpha,distance,status,fit_noise_flag,pl_in_range,pl_noise_flag,exceeds_observed
1,4859161.365359714,11.748539711693702,0.07438512845127809,ok,False,True,False,0
2,4931502.713103819,10.912569520088532,0.048531464259634505,ok,False,True,False,0
3,4863150.531233961,15.169568691581098,0.10152734663083518,ok,False,True,False,1
4,4856107.724264086,9.952431673142115,0.05424276863883293,ok,False,True,False,0
5,4871032.020140574,9.621930378363277,0.06924487378061284,ok,False,True,False,0
6,4863196.1855831975,14.37147666255613,0.09185042616249317,ok,False,True,False,0
7,4750157.629142718,10.971602320679322,0.06289254085313534,ok,False,True,False,0
8,5117047.8131975895,10.580374178194239,0.07452001433678879,ok,False,True,False,0
9,4967583.666213607,8.707673486107222,0.037168932360986395,ok,False,True,False,0
10,4311809.855181465,8.338878523214582,0.10584870234604782,ok,False,True,False,1
11,4857268.653555348,9.620481413185932,0.0797811341334338,ok,False,True,False,0
12,4861211.768473818,8.868094696610555,0.0597781279191727,ok,False,True,False,0
13,5092139.9961950015,13.911295521314162,0.06288928318431763,ok,False,True,False,0
14,4324739.151746342,9.213348311509968,0.06951966145426192,ok,False,True,False,0
15,5102883.386029417,11.310930375904007,0.06955123374750005,ok,False,True,False,0
16,5226543.706233407,12.4152099361026,0.07723631530030994,ok,False,True,False,0
17,4747180.003045261,10.629307273190136,0.08282557064962408,ok,False,True,False,0
18,4886425.336225653,9.924664433734081,0.06281682930873733,ok,False,True,False,0
19,5029855.334846451,12.74706142831924,0.06797752059070705,ok,False,True,False,0
20,4862419.139882499,9.608914293428644,0.07579789630642897,ok,False,True,False,0
21,4747180.003045261,7.77011332285525,0.061011785349470604,ok,False,True,False,0
22,5392246.013154366,14.409612283254068,0.06749991162767105,ok,False,True,False,0
23,4750157.629142718,11.014880459190993,0.06235322656145781,ok,False,True,False,0
24,3578778.14702384,6.077143868578481,0.07250618695431926,ok,False,True,False,0
25,4958171.537987982,11.155718347993302,0.07968235385089473,ok,False,True,False,0
26,5318982.104310099,8.408932986344546,0.0851235599250747,ok,False,True,False,0
27,4705765.05441471,9.106803156047214,0.09183492847816599,ok,False,True,False,0
28,4793893.81516227,8.732379327641993,0.08257244696408039,ok,False,True,False,0
29,5065919.403021873,9.151485894675602,0.05798987841309211,ok,False,True,False,0
30,4750157.629142718,8.731676218241255,0.08472753130299704,ok,False,True,False,0
31,5573618.170522167,15.95355891789065,0.08484047603878397,ok,False,True,False,0
32,5575684.292399207,7.551530997422984,0.08438325294680227,ok,False,True,False,0
33,4372633.062418139,7.977311697623063,0.06553978615598,ok,False,True,False,0
34,4874889.128623877,10.029729924270779,0.06986399594812842,ok,False,True,False,0
35,3492245.189242847,5.753388778464688,0.0898369821641335,ok,False,True,False,0
36,4900965.64553316,11.94284937090481,0.041880037664343894,ok,False,True,False,0
37,4897172.977633014,8.731423448829364,0.06273024499520718,ok,False,True,False,0
38,5214640.255042129,9.802709518741567,0.06459117968390271,ok,False,True,False,0
39,5274073.497248533,7.024247754960199,0.08186835713687379,ok,False,True,False,0
40,4924329.076170841,8.280454493957736,0.03711435218952863,ok,False,True,False,0
41,4892717.6125152465,13.14333824036099,0.06295885821208025,ok,False,True,False,0
42,2851657.0687579694,4.34938031422059,0.08661455663553816,ok,False,True,False,0
43,4858532.426173719,10.759252340359941,0.040745161756994275,ok,False,True,False,0
44,4268339.192541627,7.767055541017964,0.053458481266586255,ok,False,True,False,0
45,4683078.68915011,8.569848377956385,0.07308658806398194,ok,False,True,False,0
46,4908910.162956556,11.053882347613987,0.0665230712047945,ok,False,True,False,0
47,5177227.406580253,10.119936645119848,0.07484882084822109,ok,False,True,False,0
48,5666839.879630194,8.993625053046474,0.07451917418396392,ok,False,True,False,0
49,4863504.319293726,9.545086762383965,0.049199591001954285,ok,False,True,False,0
50,5642241.673710475,18.66421159458126,0.08935996436691729,ok,False,True,False,0
51,4747180.003045261,11.593143436834625,0.11600746375192816,ok,False,True,False,1
52,5736011.938087795,17.55430669107401,0.09223064916545409,ok,False,True,False,0
53,4855849.803900711,10.352006612549566,0.0870245998484529,ok,False,True,False,0
54,4916227.208911095,8.37621454057454,0.05783103991011984,ok,False,True,False,0
55,5263769.374138743,12.543742156565711,0.061322374173848074,ok,False,True,False,0
56,5009974.231181753,16.019594893671513,0.09053087318111708,ok,False,True,False,0
57,5003771.964219864,9.656113769137807,0.09249958520321855,ok,False,True,False,0
58,5023429.439027885,13.999346654388388,0.06691215514002646,ok,False,True,False,0
59,4858369.967192314,12.086209600149573,0.06163921137820866,ok,False,True,False,0
60,4871884.336790301,10.99248486732573,0.05422125853490267,ok,False,True,False,0
61,4867447.521771027,12.783211628830566,0.06818497545714353,ok,False,True,False,0
62,4750157.629142718,11.953732769034058,0.08059604299574721,ok,False,True,False,0
63,4894159.661980023,10.559710300324927,0.06514738261677167,ok,False,True,False,0
64,5022983.197625344,12.431261751178823,0.0866621516886742,ok,False,True,False,0
65,4869784.003879744,9.650201750072899,0.09363606477763142,ok,False,True,False,0
66,5395034.800368524,11.190654127500215,0.05202030481159092,ok,False,True,False,0
67,5051645.083931588,9.845353786446523,0.05296269774836454,ok,False,True,False,0
68,5128414.665366023,8.627577823056413,0.08353355005257967,ok,False,True,False,0
69,5019705.662926745,10.876440015613834,0.05633332556560133,ok,False,True,False,0
70,5087799.756482656,11.310812858622326,0.06541562164473702,ok,False,True,False,0
71,4855659.863648885,10.682677532247533,0.07482656906836582,ok,False,True,False,0
72,5395571.204181396,13.930675453878472,0.09762852800559929,ok,False,True,False,0
73,4948076.444257548,10.732819037038741,0.09310509694992608,ok,False,True,False,0
74,4857321.565844844,13.426761360304399,0.10804350187590683,ok,False,True,False,1
75,4967152.053163367,11.854806066249118,0.05626002577450728,ok,False,True,False,0
76,4860224.80825813,13.944915370402695,0.060323368041640624,ok,False,True,False,0
77,4914502.285274004,10.363987912550808,0.08160859798356623,ok,False,True,False,0
78,4927759.553278376,11.773253250191894,0.09190744992853628,ok,False,True,False,0
79,5307603.688225161,24.6752146277585,0.09448389370564975,ok,False,True,False,0
80,5077090.034143244,18.97518919327988,0.1083320826168086,ok,False,True,False,1
81,5383814.324140116,14.908115315335966,0.08769585498136406,ok,False,True,False,0
82,5290503.962697504,12.772771013665563,0.07321061772593829,ok,False,True,False,0
83,4683078.68915011,8.584166392069358,0.08901554622572483,ok,False,True,False,0
84,4857924.409591969,11.535284730342658,0.09510942062135291,ok,False,True,False,0
85,4750157.629142718,9.131687266718858,0.06345284005139426,ok,False,True,False,0
86,3507468.282093733,5.752745799196506,0.0856905566680114,ok,False,True,False,0
87,4909623.097808512,10.495796507464867,0.06208762403810597,ok,False,True,False,0
88,3617358.704666448,5.309863448956806,0.10489742310865124,ok,False,True,False,1
89,4705765.05441471,10.656680394654614,0.07355433969720282,ok,False,True,False,0
90,5032777.48093994,13.880723916502722,0.05932571327265923,ok,False,True,False,0
91,4855371.783106646,12.428473737628378,0.06774515337702158,ok,False,True,False,0
92,4747180.003045261,9.64971557399236,0.0915514914212543,ok,False,True,False,0
93,4747180.003045261,10.017859040176267,0.08116908947792251,ok,False,True,False,0
94,4747180.003045261,11.516489582628736,0.07905720867194854,ok,False,True,False,0
95,4410144.378029045,7.530219407176299,0.07870442218884083,ok,False,True,False,0
96,4866993.535915532,12.598459524441765,0.06378006889225851,ok,False,True,False,0
97,5113014.480825028,12.323483718052437,0.06842694048299225,ok,False,True,False,0
98,4747180.003045261,11.692872922605765,0.10297211654294981,ok,False,True,False,1
99,5234000.578672708,13.580324233994162,0.07212998730246345,ok,False,True,False,0
100,2305536.762275432,3.523425141600642,0.10253811088352693,ok,False,True,False,1
101,5671326.445562133,40.56723389256105,0.09865776824828021,ok,False,True,False,1
102,4793893.81516227,11.349676012343998,0.09783426713461385,ok,False,True,False,1
103,4876731.914712156,11.9710772527,0.0932423483506627,ok,False,True,False,0
104,5471054.628332132,12.466205403828209,0.0954215866370618,ok,False,True,False,0
105,5134049.6321999,11.04416302456354,0.04220553191936882,ok,False,True,False,0
106,4204450.88888185,8.225662345510813,0.10548122648896163,ok,False,True,False,1
107,5392956.31253863,12.41953911110017,0.08380970613106611,ok,False,True,False,0
108,4874152.826850578,11.414521895861709,0.08115014121145636,ok,False,True,False,0
109,4994479.57410201,14.6755440572123,0.08020245732773279,ok,False,True,False,0
110,5157534.1540603805,11.12174894719143,0.059288190199011326,ok,False,True,False,0
111,4871503.088775386,10.759094081900166,0.06313530193864947,ok,False,True,False,0
112,4886430.897037734,11.53473899932308,0.09193041367005084,ok,False,True,False,0
113,4935614.79982084,11.8935120618359,0.07854509259775944,ok,False,True,False,0
114,4747180.003045261,8.459435939437167,0.05970127138518484,ok,False,True,False,0
115,4887438.323321292,11.232491938857306,0.10897325973005112,ok,False,True,False,1
116,4859218.112212392,11.133032784032407,0.0647569829697181,ok,False,True,False,0
117,5033750.638014317,9.488956129780998,0.08746622857202078,ok,False,True,False,0
118,5329442.04549154,12.149249994529157,0.050979552741876155,ok,False,True,False,0
119,4988707.146422025,12.306139650794629,0.07971296065366973,ok,False,True,False,0
120,4861136.063048724,8.867972924678515,0.06111134401763582,ok,False,True,False,0
121,4858899.619771672,9.576463579186166,0.05950055883568972,ok,False,True,False,0
122,4747180.003045261,11.928941695953876,0.09717173392474865,ok,False,True,False,0
123,5299574.103487602,11.769850744855928,0.06995113233293837,ok,False,True,False,0
124,4909147.0503822435,8.39887408489388,0.051034644407416785,ok,False,True,False,0
125,4880305.470545001,9.688599327836494,0.06446018747746818,ok,False,True,False,0
126,4747180.003045261,9.82630299793096,0.0795871601548307,ok,False,True,False,0
127,4856403.77519837,11.157007137224122,0.05624186312148449,ok,False,True,False,0
128,5611752.713107671,17.314727041961643,0.10099827906244221,ok,False,True,False,1
129,4757018.460019675,10.658957940133375,0.08103343728757414,ok,False,True,False,0
130,4747180.003045261,11.058110128765826,0.11937249015040054,ok,False,True,False,1
131,5014894.872686456,11.628549584002299,0.06168366489867394,ok,False,True,False,0
132,4747180.003045261,10.18432315719801,0.07431420179598958,ok,False,True,False,0
133,5282846.2249149,12.516047435540317,0.08777948225786647,ok,False,True,False,0
134,4868702.067359053,9.672892147091884,0.0694876951486395,ok,False,True,False,0
135,4909613.55100621,8.307972502712964,0.046815876329846406,ok,False,True,False,0
136,4348933.658157175,8.377338411554664,0.10276397325872277,ok,False,True,False,1
137,4861790.454568273,10.54089961478711,0.0715382274587337,ok,False,True,False,0
138,5295789.669261462,9.395745290943097,0.06394599395567624,ok,False,True,False,0
139,4874633.516291809,11.176939448028826,0.05176813561873084,ok,False,True,False,0
140,4793893.81516227,10.282659630255749,0.054236780683171615,ok,False,True,False,0
141,4857328.750307758,14.148291925137368,0.05189654448006592,ok,False,True,False,0
142,4964184.58440083,9.388762255538238,0.07676916818085155,ok,False,True,False,0
143,3139636.724009933,4.542308710042155,0.09532540091683156,ok,False,True,False,0
144,4873268.7599211065,11.955616068718067,0.07996617712596787,ok,False,True,False,0
145,4966382.00936796,9.22038723600136,0.0702499406443675,ok,False,True,False,0
146,5740027.4415844,15.836107477439189,0.08979687074485854,ok,False,True,False,0
147,4750157.629142718,11.055358202424141,0.062181841152488565,ok,False,True,False,0
148,5612909.421776433,16.973075303546455,0.07943389192082517,ok,False,True,False,0
149,5183211.851881628,8.415761417198045,0.07787817524042273,ok,False,True,False,0
150,4750157.629142718,8.667160281940074,0.08414433175088742,ok,False,True,False,0
151,4859193.174374498,11.088456952792708,0.08733566099773038,ok,False,True,False,0
152,4856652.96825313,12.096432307099862,0.08014047714942185,ok,False,True,False,0
153,4640733.87978854,9.158918915997694,0.04968443246068888,ok,False,True,False,0
154,5855946.889606047,21.270384730305295,0.09239531493711428,ok,False,True,False,0
155,4859248.55765258,14.227572831916648,0.07655943760393658,ok,False,True,False,0
156,5146265.709797971,14.914560368074213,0.11053088939640543,ok,False,True,False,1
157,4747180.003045261,11.515881178134439,0.09351891721469513,ok,False,True,False,0
158,4855608.719273833,12.057754073133818,0.09173288510981126,ok,False,True,False,0
159,4883491.395025928,8.741977406087848,0.06430159060244678,ok,False,True,False,0
160,5642348.159335023,8.636947346653223,0.06240019581605416,ok,False,True,False,0
161,5133638.173198414,11.791056361346753,0.06493141799087687,ok,False,True,False,0
162,3560967.1325505,5.734924581595461,0.08153070344973501,ok,False,True,False,0
163,4884785.588507156,11.661273905735966,0.09251400252041875,ok,False,True,False,0
164,4861858.748318044,10.290443058892617,0.09487893247760382,ok,False,True,False,0
165,4885985.515872554,9.482588083078435,0.06472467556554418,ok,False,True,False,0
166,4883397.365340582,11.452341735121207,0.09591493123386319,ok,False,True,False,0
167,4909419.448926829,9.934785547461543,0.06607770529655582,ok,False,True,False,0
168,4973459.247258119,10.690863302497547,0.09610119989411814,ok,False,True,False,0
169,4892461.409882289,10.666939459547065,0.05889618061459856,ok,False,True,False,0
170,5015123.114051685,11.818158459132585,0.06340063139932318,ok,False,True,False,0
171,5612751.515268521,12.33325513557993,0.08091743871643708,ok,False,True,False,0
172,5630583.015836815,9.015961252097537,0.051608455971357214,ok,False,True,False,0
173,4864006.399197871,11.864059802892568,0.05864183896962427,ok,False,True,False,0
174,4872147.556641915,9.70259948994986,0.09859599735367564,ok,False,True,False,1
175,5664699.433176291,10.922995482530476,0.0797287004101746,ok,False,True,False,0
176,5016462.3545382405,9.234118294670722,0.07044712486557025,ok,False,True,False,0
177,5143272.533756525,12.47563138977039,0.05641342221221268,ok,False,True,False,0
178,5527018.532970078,14.657094388845813,0.07324671155088325,ok,False,True,False,0
179,4750157.629142718,9.865209696143467,0.08971145898967126,ok,False,True,False,0
180,5113163.356530732,9.736323784818099,0.06295919406258321,ok,False,True,False,0
181,5139571.209094295,17.693462499466843,0.07402368314287244,ok,False,True,False,0
182,4871750.441771121,12.131494470258284,0.08582746483951087,ok,False,True,False,0
183,5262370.73424514,8.50590408323841,0.07645308191553568,ok,False,True,False,0
184,4948260.447179198,7.875109355263426,0.07570694234426523,ok,False,True,False,0
185,4870034.295062677,12.84110295641613,0.0652465357226023,ok,False,True,False,0
186,5520964.039547295,11.126417942996152,0.0813891753631999,ok,False,True,False,0
187,4868995.564238796,10.232194047715591,0.07992483951408114,ok,False,True,False,0
188,4750157.629142718,9.78729976218962,0.08422936809893394,ok,False,True,False,0
189,4793893.81516227,10.243044611141597,0.07312496048435668,ok,False,True,False,0
190,4891779.58280872,9.865148873854665,0.09117679944959622,ok,False,True,False,0
191,4926440.974985495,9.377982175349747,0.09812784546358333,ok,False,True,False,1
192,4311809.855181465,8.764274791519245,0.0953348708540872,ok,False,True,False,0
193,4873274.588262951,8.999769903673148,0.09184972505298217,ok,False,True,False,0
194,5083569.441291258,13.143536533906502,0.06145878298001339,ok,False,True,False,0
195,4870733.742308144,14.352199853760206,0.08551431102344675,ok,False,True,False,0
196,4857691.016678124,9.99289862509085,0.08627820919649676,ok,False,True,False,0
197,5441851.600010806,11.311518066155749,0.0619617435544616,ok,False,True,False,0
198,5013974.9598678835,14.049745674747406,0.07805551995686033,ok,False,True,False,0
199,4971683.950550246,10.818774245672834,0.06412613642203435,ok,False,True,False,0
200,5016679.143681826,11.320395570729147,0.08037984415409488,ok,False,True,False,0
201,4793893.81516227,10.46332192576819,0.11832727794245734,ok,False,True,False,1
202,3451998.5597333424,5.402549956018873,0.08445975752280399,ok,False,True,False,0
203,5211644.62680908,16.21534844232975,0.09565418417815208,ok,False,True,False,0
204,4858878.876617819,10.378153664016995,0.06253901290959796,ok,False,True,False,0
205,4860998.691379085,10.728102467137825,0.07697936403508743,ok,False,True,False,0
206,4750157.629142718,9.186524673335168,0.09367177950823924,ok,False,True,False,0
207,5112806.8068102375,13.374558949634118,0.07504503723192224,ok,False,True,False,0
208,4872981.264582214,13.160907065734651,0.0720812668295373,ok,False,True,False,0
209,4974650.913916069,11.768720656448147,0.05864489579187254,ok,False,True,False,0
210,5033873.053648818,10.857926148660471,0.0837251995888812,ok,False,True,False,0
211,5179023.054829082,11.486761876851485,0.05120836976682891,ok,False,True,False,0
212,4858982.074687676,9.925427476298557,0.06751033051851785,ok,False,True,False,0
213,5149759.651594705,14.954106734437516,0.06649846101271717,ok,False,True,False,0
214,5128731.891486042,13.734601149179948,0.09827290275819547,ok,False,True,False,1
215,4894182.362762837,15.911670633496744,0.08767848383268328,ok,False,True,False,0
216,5285830.824114285,14.189843701764286,0.1023562225852841,ok,False,True,False,1
217,5823737.581877931,11.71328616227518,0.10299276771130073,ok,False,True,False,1
218,5076367.847719371,9.933257740441386,0.0999570974923435,ok,False,True,False,1
219,5141262.738168874,14.144112488859411,0.0959816663447669,ok,False,True,False,0
220,4919336.071997305,11.575369927361805,0.07811727024500514,ok,False,True,False,0
221,4867979.697219962,10.433800049598089,0.0874182711288729,ok,False,True,False,0
222,5147713.082777924,11.935479258886833,0.07004164255652379,ok,False,True,False,0
223,4747180.003045261,10.684144703742023,0.08752709010447379,ok,False,True,False,0
224,4882673.872480053,10.558040661245109,0.07444120183399915,ok,False,True,False,0
225,4862565.497484411,11.652176391565432,0.06452700333390449,ok,False,True,False,0
226,5080385.889840437,13.062883030772635,0.052550201043191525,ok,False,True,False,0
227,4962398.286816018,13.0404963396307,0.048134806060092294,ok,False,True,False,0
228,2837292.482262884,4.340417398218074,0.11679100282177912,ok,False,True,False,1
229,4358084.285466188,9.319175902403705,0.0952705471756008,ok,False,True,False,0
230,4149819.2257139417,7.101426182184072,0.09453888517660014,ok,False,True,False,0
231,4915457.607600283,10.137101196428755,0.04185840161367259,ok,False,True,False,0
232,4995272.929569479,11.205708348417913,0.07576181185947278,ok,False,True,False,0
233,4949072.109265818,10.957149468096311,0.052810303732984454,ok,False,True,False,0
234,4888189.519999784,11.513818389035585,0.062011502271319796,ok,False,True,False,0
235,4896155.82835007,10.796290569490962,0.07836165857999267,ok,False,True,False,0
236,4793893.81516227,10.098453946028906,0.08841753479548892,ok,False,True,False,0
237,4871936.179938917,9.558139719746706,0.1017658208000699,ok,False,True,False,1
238,4883768.48060685,10.733429248984194,0.062242842609367965,ok,False,True,False,0
239,3600022.3611444896,6.104581140966935,0.07015719725506708,ok,False,True,False,0
240,5273717.202698756,19.53616800961601,0.11253892551555678,ok,False,True,False,1
241,5129026.422366385,14.019768888430567,0.08548501436395972,ok,False,True,False,0
242,4909191.496193835,9.721523126369409,0.10647670779892461,ok,False,True,False,1
243,4536155.3769555455,8.75818282623414,0.06900695701442294,ok,False,True,False,0
244,4705765.05441471,7.115426715299261,0.060109202833637576,ok,False,True,False,0
245,3342512.705544631,5.383948538440335,0.11401335675600915,ok,False,True,False,1
246,4863948.004570533,11.027123851878587,0.08608588060725542,ok,False,True,False,0
247,4271679.485731879,7.840943085889192,0.07137204660288066,ok,False,True,False,0
248,3336995.657221681,5.448374475124546,0.10686677799610966,ok,False,True,False,1
249,4878379.747544105,11.17592034787101,0.05963453742865643,ok,False,True,False,0
250,4318219.689267186,9.108609274978235,0.045763299513609024,ok,False,True,False,0
251,4865236.702378859,9.29702003004739,0.0653501494750015,ok,False,True,False,0
252,4922351.186396483,11.338750098527811,0.04936361506003106,ok,False,True,False,0
253,4793893.81516227,8.986566838044242,0.08959013483033174,ok,False,True,False,0
254,3349576.7450299347,5.394497459535934,0.11384527910056996,ok,False,True,False,1
255,4889308.441693518,10.156478416498283,0.053684813961450584,ok,False,True,False,0
256,5009545.103589685,13.63394717520433,0.0935183720144116,ok,False,True,False,0
257,4857106.806431998,10.610599290377957,0.08764154452071543,ok,False,True,False,0
258,4079770.612327572,6.3640353165235455,0.10389759827852141,ok,False,True,False,1
259,5421209.0772378575,11.74406591293544,0.09268608182721216,ok,False,True,False,0
260,4747180.003045261,11.394069449757401,0.07199958799830011,ok,False,True,False,0
261,5479999.237081188,13.391905267920981,0.06270336116593167,ok,False,True,False,0
262,4747180.003045261,11.869512902691403,0.08301287775545826,ok,False,True,False,0
263,5102053.721246912,11.581666352886025,0.0815085371981975,ok,False,True,False,0
264,4324739.151746342,6.74384189308576,0.05115472941903673,ok,False,True,False,0
265,4859865.218988414,10.306480731565388,0.07002115069789294,ok,False,True,False,0
266,4866680.144275038,10.461527895293536,0.060194817075531426,ok,False,True,False,0
267,5134378.290264666,9.258396801596431,0.06815651524221067,ok,False,True,False,0
268,4683078.68915011,10.863824825971664,0.06062197075455336,ok,False,True,False,0
269,5213114.434334045,13.187107820882208,0.07342951108693441,ok,False,True,False,0
270,5288196.13279465,11.533256042777866,0.07400971745960438,ok,False,True,False,0
271,4705765.05441471,9.627055969653773,0.06191318617141825,ok,False,True,False,0
272,5003200.999164336,11.610285074686072,0.050713828253582345,ok,False,True,False,0
273,4793893.81516227,8.505196301333903,0.05502599717497614,ok,False,True,False,0
274,4867477.134797811,12.690881332121778,0.0758027844658069,ok,False,True,False,0
275,4871509.634524566,8.808444154582375,0.043458981630132454,ok,False,True,False,0
276,4898622.269148279,10.330208619857057,0.07014178093451715,ok,False,True,False,0
277,4858308.681249924,13.12010934964276,0.0818354921854923,ok,False,True,False,0
278,4879845.300792282,11.413375962577858,0.07558346779903669,ok,False,True,False,0
279,5142603.599743251,10.533698262039481,0.08231627633936633,ok,False,True,False,0
280,4873514.887843373,10.269671660309708,0.06920095810654803,ok,False,True,False,0
281,5300239.561624851,13.633648989110778,0.06380494541449452,ok,False,True,False,0
282,4747180.003045261,8.552507547789883,0.08772042384928219,ok,False,True,False,0
283,4855208.011846745,11.289324074560167,0.07392770725288866,ok,False,True,False,0
284,5194500.841600242,13.192834775603698,0.08214851043926169,ok,False,True,False,0
285,5251931.05225537,10.008253018195143,0.06204813897742267,ok,False,True,False,0
286,4867699.559247444,9.052538822546643,0.07884861753331507,ok,False,True,False,0
287,5485323.79606048,16.930666732040507,0.10698749212560554,ok,False,True,False,1
288,5230580.570618776,16.696354117252113,0.09217618195063548,ok,False,True,False,0
289,4859622.690373774,10.834519866401314,0.051089262419725334,ok,False,True,False,0
290,5228645.2473424245,15.616190073009163,0.06545980978755694,ok,False,True,False,0
291,4640733.87978854,8.526505983272617,0.07728729856061037,ok,False,True,False,0
292,5604676.365992106,18.373957282297702,0.10916792076160553,ok,False,True,False,1
293,3257319.382745661,4.629713443983844,0.10396885685776205,ok,False,True,False,1
294,4894053.152935937,12.524983133923062,0.09579787811844409,ok,False,True,False,0
295,4945210.4062259635,11.867549712304392,0.07436067160869629,ok,False,True,False,0
296,4896385.470408299,11.163774578284443,0.049429057989723246,ok,False,True,False,0
297,4268339.192541627,8.782160461762325,0.08182280439182787,ok,False,True,False,0
298,4985536.751186413,10.489186339020586,0.09250167965859069,ok,False,True,False,0
299,4854928.059691709,11.262303564461961,0.06155538446013942,ok,False,True,False,0
300,2541434.9748223377,3.824309028374213,0.10157719740063931,ok,False,True,False,1
301,5030758.7548258025,13.258565279325378,0.07220780486163492,ok,False,True,False,0
302,4859407.746715572,12.230132810651522,0.0761303261262957,ok,False,True,False,0
303,4877621.078594272,10.618288225535679,0.047765540398896245,ok,False,True,False,0
304,4859341.447309077,10.5382136208299,0.06022504507384807,ok,False,True,False,0
305,5499272.925645663,12.059192009739684,0.07559258673127,ok,False,True,False,0
306,4683078.68915011,8.633492186767022,0.10233744100216666,ok,False,True,False,1
307,5458027.694619925,11.241298835856602,0.06379204998453647,ok,False,True,False,0
308,4867740.474324052,13.285831506128073,0.06110895914513059,ok,False,True,False,0
309,4875330.093094715,7.795298762763761,0.06317048570199113,ok,False,True,False,0
310,4864385.38344051,10.313690682942577,0.07811937691559395,ok,False,True,False,0
311,5336637.384128485,10.919208737400764,0.07500500043612102,ok,False,True,False,0
312,5177801.66246265,8.02192652468325,0.06718809508834556,ok,False,True,False,0
313,4896487.891728614,12.790465159045926,0.07653950362990503,ok,False,True,False,0
314,4944108.205785309,14.939125839749877,0.04485300524887559,ok,False,True,False,0
315,4705765.05441471,9.37749057418861,0.08472960555987222,ok,False,True,False,0
316,4930790.5492707975,13.720009747829048,0.07999094748472169,ok,False,True,False,0
317,4948268.791087759,12.238016619308281,0.05553856260598905,ok,False,True,False,0
318,4705765.05441471,9.905026050480418,0.07571449009821532,ok,False,True,False,0
319,3585652.395054665,6.124905740379312,0.08353395404812813,ok,False,True,False,0
320,5041839.523548439,11.107865009829322,0.05635602268168172,ok,False,True,False,0
321,4935663.244133436,11.214048729749566,0.048241142569419915,ok,False,True,False,0
322,5023080.4140370535,9.09584044395132,0.08591835504461043,ok,False,True,False,0
323,4862968.254679277,11.417233556055999,0.07446330317733041,ok,False,True,False,0
324,3336995.657221681,4.998729085508105,0.11110039195298321,ok,False,True,False,1
325,4973622.626801836,9.834301584482189,0.07383423997198095,ok,False,True,False,0
326,4747180.003045261,10.755872828655711,0.09275452720391453,ok,False,True,False,0
327,4890631.029769777,15.011628242335732,0.05318270446437545,ok,False,True,False,0
328,4854799.203577168,17.239613375504373,0.09349957857707847,ok,False,True,False,0
329,4747180.003045261,8.881863046167599,0.05521941709221223,ok,False,True,False,0
330,4747180.003045261,10.04870252520163,0.07462477761901842,ok,False,True,False,0
331,4923835.165004039,15.74979357392847,0.0662745589630566,ok,False,True,False,0
332,4931850.852078332,9.323696272128373,0.09294075240454741,ok,False,True,False,0
333,4951763.265765315,9.836850105527635,0.08567153726616028,ok,False,True,False,0
334,4950272.678445215,15.95650813785263,0.08739419150072186,ok,False,True,False,0
335,4593663.593117381,7.141222941629681,0.0613113067417822,ok,False,True,False,0
336,4854247.385285935,11.361679525111862,0.06312488699635566,ok,False,True,False,0
337,5091582.6256173495,11.086252855525181,0.047780041670268614,ok,False,True,False,0
338,4891372.838326806,10.794110965654415,0.10782965584637108,ok,False,True,False,1
339,4870776.294214452,12.778885824040598,0.10834998551393449,ok,False,True,False,1
340,4866085.816736658,11.380751057510468,0.064800175266845,ok,False,True,False,0
341,4856317.631208027,12.555601684822383,0.06846980426619198,ok,False,True,False,0
342,4747180.003045261,11.440150793981916,0.07710398177726463,ok,False,True,False,0
343,3432351.156454028,5.413022103063716,0.10804815399749246,ok,False,True,False,1
344,4747180.003045261,9.53973729300468,0.07970202332774368,ok,False,True,False,0
345,4856600.223999549,12.28247044753502,0.07545055279002799,ok,False,True,False,0
346,4318219.689267186,7.907424634093938,0.07064849216487051,ok,False,True,False,0
347,4857624.782372265,10.55889143527717,0.04640333246678818,ok,False,True,False,0
348,5069925.6610976895,14.683644971293,0.08418171391799345,ok,False,True,False,0
349,4102292.53716956,6.050707603285224,0.10155324596469315,ok,False,True,False,1
350,5213997.342518504,11.491638348582386,0.09063309978489953,ok,False,True,False,0
351,3578778.14702384,6.347965598988995,0.07319566226611618,ok,False,True,False,0
352,4893628.970672152,11.149037533212145,0.0639332360514896,ok,False,True,False,0
353,4793893.81516227,9.345295625450397,0.05743370908264056,ok,False,True,False,0
354,4862912.899984974,9.40018384782151,0.08542550309167807,ok,False,True,False,0
355,4854374.314532859,11.110950373053475,0.08014728338249211,ok,False,True,False,0
356,4986684.7304204935,10.460895086542589,0.03898556904622369,ok,False,True,False,0
357,4793893.81516227,11.421856309194602,0.07368962668182305,ok,False,True,False,0
358,3519824.2810661173,5.6072293889021445,0.09498991721012057,ok,False,True,False,0
359,6068967.941746425,18.16384003729535,0.08952109701156763,ok,False,True,False,0
360,5110095.744054704,12.59709229650399,0.08507878228186194,ok,False,True,False,0
361,5285504.617377706,14.713347922627934,0.09108469179517681,ok,False,True,False,0
362,4268339.192541627,7.871695241743939,0.06468602940914245,ok,False,True,False,0
363,3452709.942445366,5.2512932764058275,0.09807724892528757,ok,False,True,False,1
364,5312851.627963123,11.203117806029297,0.07891377601523142,ok,False,True,False,0
365,4904207.691416631,11.469313378602864,0.06627995859686264,ok,False,True,False,0
366,4793893.81516227,10.004597466563318,0.08652710007562348,ok,False,True,False,0
367,4578101.280900404,8.304852629365376,0.06652327360748811,ok,False,True,False,0
368,3451998.5597333424,5.822249476603599,0.07989935462142295,ok,False,True,False,0
369,4966460.907260966,8.688025601145128,0.049344161399796194,ok,False,True,False,0
370,4854814.50094624,11.773543627157474,0.07872724384267182,ok,False,True,False,0
371,4102292.53716956,7.343732704285709,0.09982857560695468,ok,False,True,False,1
372,5818442.113446577,16.31961765496601,0.0777001553493224,ok,False,True,False,0
373,4876136.435315066,9.589309551566188,0.06912137411965635,ok,False,True,False,0
374,4705765.05441471,8.822675070568376,0.07283419240633049,ok,False,True,False,0
375,5299949.144547991,13.507071559569876,0.08968659633173959,ok,False,True,False,0
376,5126812.147524974,10.53457313702474,0.07805595807077757,ok,False,True,False,0
377,4883099.11498137,14.940578135109035,0.09520505019641312,ok,False,True,False,0
378,4935454.7914542565,8.9709397769788,0.06608423650373776,ok,False,True,False,0
379,3451998.5597333424,5.89394169643522,0.09428687476036385,ok,False,True,False,0
380,5232598.507236886,17.290233203359154,0.11600382640316809,ok,False,True,False,1
381,4268339.192541627,8.428815438036844,0.07827066567893104,ok,False,True,False,0
382,5208172.961282912,12.279543981063194,0.1038061064847231,ok,False,True,False,1
383,4916081.119059111,11.751643797329494,0.07735827799721406,ok,False,True,False,0
384,4793893.81516227,10.16725018008538,0.09793520243889547,ok,False,True,False,1
385,4750157.629142718,12.755751120516527,0.06410145955873298,ok,False,True,False,0
386,4858639.36499762,11.159634255784752,0.07252597598378141,ok,False,True,False,0
387,4271679.485731879,7.383829418634938,0.06392992270221176,ok,False,True,False,0
388,4914982.368159396,11.42648756506709,0.06309035768764107,ok,False,True,False,0
389,4877841.9891166445,10.4909628658047,0.0699104257848282,ok,False,True,False,0
390,4858560.186240971,12.49784787735692,0.08210581597232783,ok,False,True,False,0
391,5576502.918412336,22.747826235612663,0.08269434284081767,ok,False,True,False,0
392,4793893.81516227,9.765969979648878,0.07593847024335242,ok,False,True,False,0
393,4911769.663375977,9.475893053078366,0.05800364141969572,ok,False,True,False,0
394,4683078.68915011,7.332501632998519,0.08187599119946018,ok,False,True,False,0
395,5159729.525294092,12.482494398012575,0.10728356318090704,ok,False,True,False,1
396,4877000.124746545,9.424610076814812,0.0658405453626923,ok,False,True,False,0
397,4883402.0971474685,9.837105442670385,0.07562422509273181,ok,False,True,False,0
398,4904654.034332,10.722822488889477,0.06415136347057548,ok,False,True,False,0
399,4683078.68915011,8.26130476040985,0.0756016836540859,ok,False,True,False,0
400,4747180.003045261,11.139049355497473,0.08427716841904609,ok,False,True,False,0
401,4855691.274113603,10.299280228751376,0.059050715141605425,ok,False,True,False,0
402,4747180.003045261,9.183578623684026,0.07254566810718631,ok,False,True,False,0
403,4877436.5608935375,9.315250970850487,0.05858602302011018,ok,False,True,False,0
404,4747180.003045261,9.988253885074247,0.07426119208828796,ok,False,True,False,0
405,4750157.629142718,7.966157680041719,0.08127925886396248,ok,False,True,False,0
406,4973098.955257734,9.765610753477421,0.07873504597949765,ok,False,True,False,0
407,4859010.491116264,11.139795200065937,0.08943039243659945,ok,False,True,False,0
408,3492245.189242847,5.908624819739306,0.10061012409847125,ok,False,True,False,1
409,4907992.570263218,9.989809066364254,0.05293432114400615,ok,False,True,False,0
410,4747180.003045261,11.126419717267572,0.07262326791504348,ok,False,True,False,0
411,4880700.553743388,12.81564909681135,0.06575513078153594,ok,False,True,False,0
412,4871670.320589683,10.51361951565845,0.05638252993389886,ok,False,True,False,0
413,4871967.114136465,9.48675749294653,0.06455219412191748,ok,False,True,False,0
414,5101568.108374676,16.540516842963395,0.08655230124985319,ok,False,True,False,0
415,4921960.584353461,16.313379922990563,0.10301959464827914,ok,False,True,False,1
416,3452709.942445366,5.878634993641914,0.08374251982945302,ok,False,True,False,0
417,5056262.561624679,11.814565152165525,0.08028916213552556,ok,False,True,False,0
418,5102192.9110214515,10.761707242703901,0.048185181688343515,ok,False,True,False,0
419,3432351.156454028,6.063908813073427,0.0863948892685632,ok,False,True,False,0
420,4747180.003045261,9.103005943583144,0.07390433614438457,ok,False,True,False,0
421,3432351.156454028,5.656196227995981,0.08381340865318421,ok,False,True,False,0
422,5167060.861631673,13.266735491395696,0.04299992782995565,ok,False,True,False,0
423,4895261.3837148985,11.145842604159496,0.07735364012947184,ok,False,True,False,0
424,5164514.89297212,10.953231498042312,0.061648942313127675,ok,False,True,False,0
425,4705765.05441471,10.867341221322075,0.08860557836261959,ok,False,True,False,0
426,3578778.14702384,6.08441218022117,0.09790480565313131,ok,False,True,False,1
427,5094387.751809937,9.035762977219786,0.06491966306188335,ok,False,True,False,0
428,5174674.8460199125,11.571730361562816,0.0764785088675014,ok,False,True,False,0
429,4855322.513553251,12.457765913923314,0.06231315194743714,ok,False,True,False,0
430,4863835.725816657,13.272570099710578,0.08928876129224128,ok,False,True,False,0
431,4200096.974268608,8.36015906006514,0.06527443607033767,ok,False,True,False,0
432,4683078.68915011,8.85013903211054,0.051955752343976536,ok,False,True,False,0
433,4757018.460019675,10.00543042879729,0.0958349333064723,ok,False,True,False,0
434,4705765.05441471,8.107031465790762,0.06521906578682896,ok,False,True,False,0
435,4750157.629142718,10.478485119949339,0.09108822864296506,ok,False,True,False,0
436,4933074.247807245,9.24354842945421,0.09543677738068079,ok,False,True,False,0
437,4931577.198076681,10.337366541505276,0.07163309938257889,ok,False,True,False,0
438,5669161.729332818,21.67917625494874,0.10757745360974791,ok,False,True,False,1
439,4861082.472659935,8.937837900342078,0.07192587515423612,ok,False,True,False,0
440,4855095.431920126,10.346306152613135,0.050584750523915034,ok,False,True,False,0
441,4983758.723977023,14.299518026517536,0.10753232233561427,ok,False,True,False,1
442,4910955.859035947,10.054807050629293,0.05488064863561645,ok,False,True,False,0
443,4872608.559909181,9.4545976872214,0.057567403435467845,ok,False,True,False,0
444,5384807.626391116,20.16096131316662,0.09981974759619605,ok,False,True,False,1
445,5030946.9367948705,17.098120793336538,0.049465423287410326,ok,False,True,False,0
446,4860798.271268664,9.383412137877269,0.0661887416324366,ok,False,True,False,0
447,4866634.103763478,12.159051394294611,0.10064606964541734,ok,False,True,False,1
448,4866023.038243075,11.65291940068168,0.08873658407159968,ok,False,True,False,0
449,5227990.309518915,13.088458848570859,0.07532031930526095,ok,False,True,False,0
450,5303162.398585105,17.983587618432317,0.06812026156340567,ok,False,True,False,0
451,4890116.5782443285,14.591248128835733,0.055587097241826866,ok,False,True,False,0
452,4860632.497947748,11.891100864798242,0.07604845277762606,ok,False,True,False,0
453,4683078.68915011,9.051526619224813,0.07082914733327728,ok,False,True,False,0
454,5264360.651360494,10.73670677958838,0.07847599816682704,ok,False,True,False,0
455,5189670.658859948,10.746817297364032,0.06684956967271061,ok,False,True,False,0
456,4859141.089593537,10.759099347624671,0.054542533356312095,ok,False,True,False,0
457,5113189.2244483465,13.774265977583415,0.0808974872669066,ok,False,True,False,0
458,5025644.220344372,16.137422736154548,0.06121054395530967,ok,False,True,False,0
459,4919235.3594083935,13.044310921694155,0.055752449342772015,ok,False,True,False,0
460,3507468.282093733,6.157817465405493,0.08043442998066597,ok,False,True,False,0
461,4942183.512328611,14.836328808940257,0.06087245141771824,ok,False,True,False,0
462,4904790.943541068,11.153191846429836,0.051708532886389436,ok,False,True,False,0
463,4747180.003045261,11.307711848297139,0.0862715515085718,ok,False,True,False,0
464,4855367.068136008,9.028776384270627,0.05451586995641766,ok,False,True,False,0
465,5050019.684246239,9.99550829285919,0.04470940585746608,ok,False,True,False,0
466,4879914.023318067,10.967866037758112,0.06424630764186035,ok,False,True,False,0
467,5394724.537564997,14.180709715250728,0.08102513612674644,ok,False,True,False,0
468,4934020.097257601,13.651950418504748,0.06440073745691366,ok,False,True,False,0
469,3492347.88912923,5.855364584532978,0.07617279383196252,ok,False,True,False,0
470,5118891.681189563,8.618631525533686,0.10005953406883528,ok,False,True,False,1
471,4946793.244434812,11.67416761745102,0.050084347723753586,ok,False,True,False,0
472,4793893.81516227,9.726659523092604,0.08905438588976389,ok,False,True,False,0
473,4862174.004103454,14.341211084142389,0.08708545011174296,ok,False,True,False,0
474,4898284.512857337,13.933342590582912,0.0661361145593708,ok,False,True,False,0
475,4861482.238118049,10.767513092652788,0.09018909381531193,ok,False,True,False,0
476,5078087.186882725,17.768543147292558,0.07987877816566258,ok,False,True,False,0
477,4747180.003045261,9.578007346754704,0.07125641534772587,ok,False,True,False,0
478,4871308.8050220255,12.792071729893514,0.08928637300926545,ok,False,True,False,0
479,4013669.77431497,6.242152718194133,0.09674008123492284,ok,False,True,False,0
480,5039105.063063841,10.88320670052596,0.04468557559145303,ok,False,True,False,0
481,5191883.984773081,13.20125175913018,0.06965798779510379,ok,False,True,False,0
482,4268339.192541627,8.139939401196056,0.06450155486556619,ok,False,True,False,0
483,5373531.515183257,16.781574708127376,0.09803080646693973,ok,False,True,False,1
484,5589991.127624147,13.55603772932261,0.08999739841932808,ok,False,True,False,0
485,3446045.452357808,5.464318671707706,0.08553662018525143,ok,False,True,False,0
486,4747180.003045261,9.748182070815893,0.08575708913534341,ok,False,True,False,0
487,4994540.369717836,11.197647211551915,0.07634665981058686,ok,False,True,False,0
488,4860212.5671639545,11.477158683061589,0.0892454638675797,ok,False,True,False,0
489,4747180.003045261,11.55935020979746,0.08320598662480441,ok,False,True,False,0
490,5010457.887614087,11.447476377446666,0.053656959575600904,ok,False,True,False,0
491,4747180.003045261,8.983096400345577,0.10690520783334612,ok,False,True,False,1
492,4879174.53541993,10.853914514430874,0.07326140018225902,ok,False,True,False,0
493,5068636.297137566,8.81249476322784,0.09174085849853428,ok,False,True,False,0
494,5095400.15309036,16.26655553320456,0.0709743467876559,ok,False,True,False,0
495,5072375.910383447,9.433945201879443,0.050801997326957005,ok,False,True,False,0
496,4856722.15646437,10.700598594234139,0.05338613560921146,ok,False,True,False,0
497,5079610.665254083,12.776796632744789,0.08885948829746293,ok,False,True,False,0
498,5142620.006209908,10.202574657656108,0.09743865775640204,ok,False,True,False,0
499,4013669.77431497,6.77859977314684,0.1088488087609093,ok,False,True,False,1
500,4860181.542962767,12.76887021600712,0.07270588192493388,ok,False,True,False,0
501,4863806.483625983,10.101175564351825,0.0845402171340458,ok,False,True,False,0
502,4959453.3460976835,11.013865355920366,0.07471104342043133,ok,False,True,False,0
503,4860270.892460356,9.321934606887481,0.05690995620860473,ok,False,True,False,0
504,4935876.216916589,11.096964991970225,0.07690306581185358,ok,False,True,False,0
505,4952902.943263788,10.758626097596,0.10880083013794717,ok,False,True,False,1
506,4311809.855181465,7.363658900946535,0.06352402797598777,ok,False,True,False,0
507,5127829.524363475,17.736214207014502,0.114742058876461,ok,False,True,False,1
508,5003741.854336609,14.20759006605973,0.06933201804775041,ok,False,True,False,0
509,4640733.87978854,9.996203019664437,0.07810530188049819,ok,False,True,False,0
510,5127160.452568121,9.445127986537084,0.05713489635835131,ok,False,True,False,0
511,4879609.606738769,10.882678532975602,0.09881951062829375,ok,False,True,False,1
512,5008622.998266352,10.25459908195336,0.09199792171180576,ok,False,True,False,0
513,4873710.223090217,13.492784912399934,0.050336428546222334,ok,False,True,False,0
514,4944311.506151814,8.601221657891356,0.05115130524948591,ok,False,True,False,0
515,4883582.034241998,12.650235061754731,0.05902960783664374,ok,False,True,False,0
516,4268339.192541627,7.579383112514641,0.08194886125150658,ok,False,True,False,0
517,5915833.846292386,17.22102150803339,0.08205575242872776,ok,False,True,False,0
518,5203887.284258691,8.935541899914774,0.10451854563668422,ok,False,True,False,1
519,4683078.68915011,8.853048981488298,0.05500148209200151,ok,False,True,False,0
520,4901618.942724114,13.128841764207362,0.10267869895355708,ok,False,True,False,1
521,5043611.049397289,9.121262071292033,0.05457041728405282,ok,False,True,False,0
522,5187640.21465037,10.568174366940843,0.047861817802931306,ok,False,True,False,0
523,5026167.261029076,10.04682105073621,0.056611211486307655,ok,False,True,False,0
524,2871811.028922577,4.70411315746545,0.09019023114231717,ok,False,True,False,0
525,4887632.017916924,12.139292026550438,0.08548607965711685,ok,False,True,False,0
526,4879041.507959626,10.785344239099482,0.05686233441848598,ok,False,True,False,0
527,4873236.853312992,9.85180662317565,0.07651333988158993,ok,False,True,False,0
528,4640733.87978854,8.342752793244081,0.0972837281972971,ok,False,True,False,0
529,4879150.9953925405,11.718639908559725,0.10488907774590484,ok,False,True,False,1
530,4866994.127277354,8.98566038735675,0.05502747643958705,ok,False,True,False,0
531,5461028.315172533,15.763829478588733,0.08999125784210613,ok,False,True,False,0
532,2257705.890050176,3.552924902387837,0.10225208156082666,ok,False,True,False,1
533,4866847.520038401,10.027317891846637,0.08002705723826109,ok,False,True,False,0
534,4998523.844514013,11.80631096078922,0.0680419943841527,ok,False,True,False,0
535,3342512.705544631,5.029452034170055,0.08824548115199315,ok,False,True,False,0
536,4860440.646320475,9.957635251860115,0.06545670193183961,ok,False,True,False,0
537,4793893.81516227,9.061883891018116,0.08737772763851256,ok,False,True,False,0
538,4896592.641153891,10.023409763166722,0.049827442665074884,ok,False,True,False,0
539,5069760.056396883,13.172609712589857,0.08401309555446235,ok,False,True,False,0
540,4750157.629142718,11.44094346172052,0.07098667876075321,ok,False,True,False,0
541,5082045.118047316,12.135080941899531,0.08606150701506454,ok,False,True,False,0
542,4975013.95856387,12.801210864479446,0.04406194221753251,ok,False,True,False,0
543,5176924.655327768,16.778348266653033,0.05639951709465346,ok,False,True,False,0
544,4862695.028359025,11.722476306082237,0.08211621376246336,ok,False,True,False,0
545,4870842.1249455875,12.801993976542656,0.06828056156731421,ok,False,True,False,0
546,5595986.609863447,11.429827540755669,0.07492677003612791,ok,False,True,False,0
547,3432351.156454028,5.557034060753648,0.08551457038439314,ok,False,True,False,0
548,4311809.855181465,8.869148352845958,0.04420669885728579,ok,False,True,False,0
549,5085978.421859819,11.483304862666788,0.062451966717982366,ok,False,True,False,0
550,5084714.739342823,13.69330411536098,0.05413715589380319,ok,False,True,False,0
551,5029384.693001653,9.514025958147085,0.07303644054884062,ok,False,True,False,0
552,4879245.966953366,10.036634194808586,0.05254133899812152,ok,False,True,False,0
553,4747180.003045261,10.733649425796305,0.05632710396681151,ok,False,True,False,0
554,5222050.52928473,16.88544752511787,0.08245346234909201,ok,False,True,False,0
555,4854527.243211916,10.224503443498248,0.07298779975820102,ok,False,True,False,0
556,5371761.085249291,9.41706617958178,0.11183657748185744,ok,False,True,False,1
557,4683078.68915011,9.531048164619133,0.08949571899306175,ok,False,True,False,0
558,4861067.528874882,11.263616271784787,0.08015360592433574,ok,False,True,False,0
559,4892862.358744879,9.609801855170147,0.08026459685351434,ok,False,True,False,0
560,4894886.029803533,10.052737697974171,0.06605897979473319,ok,False,True,False,0
561,4898991.365961295,11.822536948931818,0.10827274590605296,ok,False,True,False,1
562,4868089.94223026,11.029819967245043,0.08775469001079927,ok,False,True,False,0
563,5013503.874658387,10.851695467420555,0.07343718161129653,ok,False,True,False,0
564,5858422.532441944,11.795221571181209,0.09035538452408215,ok,False,True,False,0
565,5133408.418173151,12.97939835245229,0.07185273283977378,ok,False,True,False,0
566,5149419.42168436,9.62439028574484,0.06338919964300203,ok,False,True,False,0
567,4854894.0046417685,10.85009288767277,0.07400086685103302,ok,False,True,False,0
568,5007210.598234613,13.154848452715239,0.09522683274041766,ok,False,True,False,0
569,4910594.190208888,13.986979312766817,0.0749202861654642,ok,False,True,False,0
570,5026590.29285996,12.566728224416394,0.07167221372014798,ok,False,True,False,0
571,5081613.074969072,15.580824395158801,0.07152475442673867,ok,False,True,False,0
572,5029541.986777457,6.927331815941184,0.04714795121202764,ok,False,True,False,0
573,4864034.07142268,12.826025845481416,0.05351856729689486,ok,False,True,False,0
574,4964248.500933785,12.379997578192977,0.06485023240657095,ok,False,True,False,0
575,5789030.969816788,11.570746631256869,0.0898693169729079,ok,False,True,False,0
576,4917433.0516524585,9.129683495142096,0.05496306853855998,ok,False,True,False,0
577,4863365.2535802,10.09451577000435,0.0758560218679547,ok,False,True,False,0
578,4980940.340662403,11.52128612510375,0.0831466478364632,ok,False,True,False,0
579,4869950.142119819,12.255655808700347,0.0704266418745575,ok,False,True,False,0
580,4311809.855181465,8.232453012548358,0.08089254701623078,ok,False,True,False,0
581,4747180.003045261,9.4620404173632,0.05391024783490128,ok,False,True,False,0
582,4908289.33592965,9.224260429817951,0.05992689151484898,ok,False,True,False,0
583,4862944.5253056055,10.361339161196648,0.05377276744068005,ok,False,True,False,0
584,5443046.518015865,21.705955664134805,0.1056052397914895,ok,False,True,False,1
585,5091656.768598678,17.082232529716546,0.056329695604080667,ok,False,True,False,0
586,5275906.606410024,10.976611198218608,0.07251655605420682,ok,False,True,False,0
587,3432351.156454028,5.829770048408253,0.07905169368857645,ok,False,True,False,0
588,5191180.448122316,11.42823232608817,0.06387039629376401,ok,False,True,False,0
589,4268339.192541627,8.009901197362701,0.055621601387415565,ok,False,True,False,0
590,4926397.584749419,15.429200063402464,0.0761008970732896,ok,False,True,False,0
591,4879801.32893031,10.623595461589755,0.061580184137491056,ok,False,True,False,0
592,4747180.003045261,9.580977195683314,0.0891674909402089,ok,False,True,False,0
593,5033330.63212251,11.492353522542198,0.06808391339830455,ok,False,True,False,0
594,5427375.895053137,13.314102060745,0.06553470978605869,ok,False,True,False,0
595,4750157.629142718,10.362509657893733,0.0724660399665833,ok,False,True,False,0
596,5408770.281197978,10.9388250175026,0.05923889297185314,ok,False,True,False,0
597,4861405.272475876,9.164125144789258,0.09941326168651732,ok,False,True,False,1
598,4705765.05441471,8.978730405108424,0.05401009305487736,ok,False,True,False,0
599,4271679.485731879,8.281745417578808,0.0864906897092329,ok,False,True,False,0
600,3507468.282093733,5.355036153773546,0.09473086433554345,ok,False,True,False,0
601,4855631.1844454715,10.13401866564306,0.0784703869502954,ok,False,True,False,0
602,4889678.247591417,10.24648587568238,0.06913253593637148,ok,False,True,False,0
603,4857215.48274135,9.83424832127008,0.09844295747337006,ok,False,True,False,1
604,4268339.192541627,8.531694696229327,0.120747444803038,ok,False,True,False,1
605,4705765.05441471,9.582331269116413,0.06260514857187433,ok,False,True,False,0
606,3446045.452357808,5.615398634691797,0.0900831249201621,ok,False,True,False,0
607,5010237.102469453,10.02445898145245,0.07935805523747497,ok,False,True,False,0
608,4888165.414257618,11.511191205980445,0.060717717427126616,ok,False,True,False,0
609,5572173.353920579,8.649283811228248,0.06846178564606509,ok,False,True,False,0
610,4750157.629142718,9.470413465352745,0.0854839158553875,ok,False,True,False,0
611,4868756.007160035,18.66185752916578,0.07836819958915392,ok,False,True,False,0
612,5209248.409219029,7.516954964148602,0.08412742672627643,ok,False,True,False,0
613,4863111.305312579,14.089150140638168,0.0564676322823241,ok,False,True,False,0
614,4982124.710933381,11.045912707867467,0.08866892530088655,ok,False,True,False,0
615,4750157.629142718,10.91291875155464,0.08376490497382538,ok,False,True,False,0
616,4888182.894016794,13.56837401897647,0.0903840504693515,ok,False,True,False,0
617,4200096.974268608,7.479728074933302,0.11455532890708264,ok,False,True,False,1
618,4864754.385617175,10.902119237953729,0.0826849612799998,ok,False,True,False,0
619,4883219.862667736,9.531482366469763,0.06891465020876991,ok,False,True,False,0
620,5398713.596327542,12.812358960657296,0.06379163736779625,ok,False,True,False,0
621,4899755.415772735,10.96598082547045,0.0954256933060319,ok,False,True,False,0
622,5312971.079410131,10.991211585995726,0.08601511778122439,ok,False,True,False,0
623,4364450.729037312,8.481494676206147,0.07247909890981352,ok,False,True,False,0
624,5608108.749641495,12.166916826161499,0.0863044475545649,ok,False,True,False,0
625,4856830.311434063,9.969167701021204,0.07130622478040183,ok,False,True,False,0
626,4542200.023236946,8.80870046999948,0.07744352326368786,ok,False,True,False,0
627,4916284.772400275,15.783555532872702,0.07896173983735222,ok,False,True,False,0
628,4893072.296357707,12.306149613784033,0.10873493092209144,ok,False,True,False,1
629,5169072.809089897,8.123759863513378,0.07104396756034137,ok,False,True,False,0
630,4318219.689267186,8.822477162809667,0.07107743701805536,ok,False,True,False,0
631,4891103.950018974,13.176751637812457,0.06743384446921791,ok,False,True,False,0
632,4877324.033140929,11.442922245426287,0.07657577527382031,ok,False,True,False,0
633,4984815.1535000345,12.188098951673355,0.0565409240898096,ok,False,True,False,0
634,5468899.236434728,12.15278639679794,0.06738666107458946,ok,False,True,False,0
635,5733983.321943388,20.329509880225135,0.08690171095503918,ok,False,True,False,0
636,4750157.629142718,9.724449145598836,0.07340152752022533,ok,False,True,False,0
637,5527287.733970952,20.958747536865054,0.09700400007905324,ok,False,True,False,0
638,4200096.974268608,7.355252621487144,0.09311440932904325,ok,False,True,False,0
639,4854894.711860338,11.215323468799378,0.08239947611874243,ok,False,True,False,0
640,4941240.546328701,8.659455074323807,0.0730151774026862,ok,False,True,False,0
641,4865788.290881128,9.671384933488193,0.0499463133322971,ok,False,True,False,0
642,4747180.003045261,9.96664448614145,0.08185715395844739,ok,False,True,False,0
643,4747180.003045261,9.788471735231218,0.09029864487785932,ok,False,True,False,0
644,5254371.610186485,10.099288922922215,0.08508233636223417,ok,False,True,False,0
645,4793893.81516227,9.521649888264461,0.10801963101901887,ok,False,True,False,1
646,4750157.629142718,11.58201933406114,0.0738683780307039,ok,False,True,False,0
647,5296435.177889874,11.429765032948621,0.05937214253115353,ok,False,True,False,0
648,4860544.601544156,9.696986685966698,0.08550673766054517,ok,False,True,False,0
649,4683078.68915011,9.59185111219168,0.06783003231924456,ok,False,True,False,0
650,5002151.7824450685,10.049097088440949,0.059677419988893865,ok,False,True,False,0
651,4913544.561652609,8.224804557310865,0.05995015401273218,ok,False,True,False,0
652,4963360.393590189,12.867772636288636,0.07998513307100141,ok,False,True,False,0
653,4865292.90551016,11.322980300870636,0.06773354156609873,ok,False,True,False,0
654,4793893.81516227,7.760120214238984,0.07200242588959282,ok,False,True,False,0
655,2948587.7523981933,4.536818467938456,0.096750547407226,ok,False,True,False,0
656,5374726.270026947,13.944415428132872,0.10653907379478511,ok,False,True,False,1
657,5131252.912978821,11.17012581120832,0.06303332344631413,ok,False,True,False,0
658,5320506.845500955,15.629433073891706,0.091028396083358,ok,False,True,False,0
659,4750157.629142718,9.166303341954567,0.06934301774513227,ok,False,True,False,0
660,4879209.5854750415,11.951672830774916,0.09218779551256495,ok,False,True,False,0
661,4859057.170666314,10.669209299736407,0.07474586571218617,ok,False,True,False,0
662,4683078.68915011,10.009219757325955,0.09416369498402632,ok,False,True,False,0
663,4910551.2824129565,9.0355929580474,0.05678873350714675,ok,False,True,False,0
664,4874086.843449405,10.473243371297455,0.08853324331995793,ok,False,True,False,0
665,4947137.716607054,11.622726317423286,0.06230758215860577,ok,False,True,False,0
666,5076103.837378879,17.122628891453683,0.0943255044548692,ok,False,True,False,0
667,4906722.112632273,8.985824540033853,0.06642795764784998,ok,False,True,False,0
668,4892023.791647782,12.772747713406046,0.07219226935484091,ok,False,True,False,0
669,4872637.916751401,10.022502149076326,0.05229601960328589,ok,False,True,False,0
670,4887529.224396169,11.84480827865718,0.06789402441062897,ok,False,True,False,0
671,5210367.865451632,13.143024861252266,0.06950416421710504,ok,False,True,False,0
672,3432351.156454028,5.55567768106679,0.09087116367734405,ok,False,True,False,0
673,4200096.974268608,7.510348838681766,0.05199012778068113,ok,False,True,False,0
674,5046650.053000705,12.340620906915658,0.08682655105369241,ok,False,True,False,0
675,5024455.552918572,10.448850226125629,0.08061416694161327,ok,False,True,False,0
676,3399077.948310124,4.980158163965243,0.07940688514953242,ok,False,True,False,0
677,4879517.9574600775,10.952616176626062,0.09166563644731351,ok,False,True,False,0
678,4204450.88888185,7.710828133152046,0.0738454932617516,ok,False,True,False,0
679,4750157.629142718,9.312878384068167,0.10139198251242065,ok,False,True,False,1
680,4963656.820187201,8.149253797846994,0.07278868727970367,ok,False,True,False,0
681,4862321.387402722,10.838984415755409,0.04995743619032572,ok,False,True,False,0
682,5418368.405632376,7.946714125813504,0.09956337464754816,ok,False,True,False,1
683,5087935.681946007,7.979140121982752,0.05529853743907642,ok,False,True,False,0
684,3369651.9972953447,5.599433381955025,0.08239610244293938,ok,False,True,False,0
685,4859410.96806559,9.604688931183716,0.05968325388889295,ok,False,True,False,0
686,2609060.086809957,3.895254424121652,0.10780113264227514,ok,False,True,False,1
687,4939328.394642564,10.023744224220557,0.06556641935430862,ok,False,True,False,0
688,4858646.204657635,11.35109265949132,0.06376454577681168,ok,False,True,False,0
689,4747180.003045261,10.979968619939376,0.06221581489759387,ok,False,True,False,0
690,5171457.146854803,7.188269210688911,0.07039436815422162,ok,False,True,False,0
691,4855405.999367839,9.498571431933508,0.1056704646037645,ok,False,True,False,1
692,4747180.003045261,9.748375966102449,0.061440567371036064,ok,False,True,False,0
693,4907729.147136536,10.878040948209367,0.05801987446746981,ok,False,True,False,0
694,4867617.454445605,8.737564133323595,0.0536693775777658,ok,False,True,False,0
695,5420273.318379577,14.240445616666888,0.0860183185505059,ok,False,True,False,0
696,4949321.748174402,9.129343953443346,0.0772875750341494,ok,False,True,False,0
697,4941362.647846198,11.039871591105408,0.07314897544379206,ok,False,True,False,0
698,4683078.68915011,8.408257652654896,0.0850903275851379,ok,False,True,False,0
699,4747180.003045261,11.073552198090308,0.06278488023442008,ok,False,True,False,0
700,5089549.9630398685,9.539786756210146,0.06528329987791082,ok,False,True,False,0
701,3492245.189242847,6.004283467384822,0.08512956856063736,ok,False,True,False,0
702,3432351.156454028,5.8312095582104595,0.09539948085711425,ok,False,True,False,0
703,4971088.484640795,15.171194319845116,0.06660543081696202,ok,False,True,False,0
704,4871027.053234506,10.426271558596065,0.08435907755967198,ok,False,True,False,0
705,3452709.942445366,5.634246658986375,0.07846602622041768,ok,False,True,False,0
706,4705765.05441471,9.921086336673142,0.07653427911075122,ok,False,True,False,0
707,4865179.247220302,11.594325096669587,0.07794030970229116,ok,False,True,False,0
708,4683078.68915011,8.852040081414088,0.05649051443241926,ok,False,True,False,0
709,4747180.003045261,10.510289288059385,0.10503173609586341,ok,False,True,False,1
710,5203174.251916075,9.196163996858333,0.049314952965789194,ok,False,True,False,0
711,4793893.81516227,10.887731856464965,0.0995397674366685,ok,False,True,False,1
712,4856383.515187496,13.491658072266386,0.06464903133604355,ok,False,True,False,0
713,4793893.81516227,13.42359428961158,0.11240409142877472,ok,False,True,False,1
714,4867435.531025048,11.943601834531254,0.06567619681063586,ok,False,True,False,0
715,4884886.832866888,11.170832649090867,0.10601818959643017,ok,False,True,False,1
716,4855085.107609633,12.0566935197156,0.08779693871227234,ok,False,True,False,0
717,5208985.1032992285,17.57535240111571,0.0907313630172043,ok,False,True,False,0
718,2984284.971762225,4.7429942377954815,0.09334761395238045,ok,False,True,False,0
719,4906349.099994514,10.560493036301553,0.07733615284103879,ok,False,True,False,0
720,5209521.05952858,13.481742758981937,0.08465022305815056,ok,False,True,False,0
721,4859990.117637508,12.235908851903977,0.09378702677825435,ok,False,True,False,0
722,4943286.479112121,11.794455385654887,0.08067927234776684,ok,False,True,False,0
723,5386086.566539314,12.63074283694182,0.06817876015105462,ok,False,True,False,0
724,4975529.103306254,11.048456181285976,0.05088509221229054,ok,False,True,False,0
725,5237990.143707622,12.543536603414225,0.06426573032444333,ok,False,True,False,0
726,4994896.2462492,14.545464304775136,0.07681844140715516,ok,False,True,False,0
727,4204450.88888185,7.814296174743481,0.09403602663577325,ok,False,True,False,0
728,4757018.460019675,8.086309667190424,0.06402906872048131,ok,False,True,False,0
729,4861729.564917523,11.339488832233483,0.07889102169963991,ok,False,True,False,0
730,4902610.512774622,16.56637755468457,0.08529321271283252,ok,False,True,False,0
731,5132022.66702298,9.847486387801581,0.07003361772864192,ok,False,True,False,0
732,3600022.3611444896,6.646462032964087,0.0747473787007158,ok,False,True,False,0
733,5324477.1112258285,16.83582063878867,0.07466024999405907,ok,False,True,False,0
734,4856012.546612259,10.424078029889595,0.06294715808550577,ok,False,True,False,0
735,4705765.05441471,10.54490429184946,0.08616620054308277,ok,False,True,False,0
736,4901318.571229419,13.40027434698796,0.10519953895228717,ok,False,True,False,1
737,4883847.821134422,12.643051501039125,0.08586953130255426,ok,False,True,False,0
738,4872811.172141156,12.092052806152049,0.0816619886133278,ok,False,True,False,0
739,5116279.996239153,10.717862371564582,0.0737221030491698,ok,False,True,False,0
740,4876450.682491638,9.258994463253867,0.07159790151131651,ok,False,True,False,0
741,5105940.721557414,15.153916221206412,0.08226901149176713,ok,False,True,False,0
742,4887316.867552387,10.456726538157064,0.07452720960490711,ok,False,True,False,0
743,4860851.329542414,9.533339296835067,0.04488163262682354,ok,False,True,False,0
744,4964049.07972324,12.930439413692516,0.08552162735964697,ok,False,True,False,0
745,4869775.825805637,12.349281402558951,0.07855834990868116,ok,False,True,False,0
746,5048906.8748999555,8.185009119708187,0.07186492649659926,ok,False,True,False,0
747,4860652.080145981,10.51032381298311,0.05100108376968138,ok,False,True,False,0
748,4956900.0457147155,11.939709561208723,0.07201483858420665,ok,False,True,False,0
749,5168457.954518848,12.27093069092068,0.06651811533960278,ok,False,True,False,0
750,4311809.855181465,7.440695760848482,0.08012740604383595,ok,False,True,False,0
751,5605250.506221166,13.892989120133693,0.10390022085223838,ok,False,True,False,1
752,2948587.7523981933,4.580123026113872,0.10466926202699539,ok,False,True,False,1
753,4705765.05441471,10.124009568344587,0.11488457307005134,ok,False,True,False,1
754,4747180.003045261,8.053074163475717,0.08203255220408268,ok,False,True,False,0
755,4747180.003045261,9.030696673104075,0.06930225375343613,ok,False,True,False,0
756,4793893.81516227,10.194615776554995,0.07269023047375249,ok,False,True,False,0
757,3446045.452357808,5.64000301028032,0.09436058181855811,ok,False,True,False,0
758,2262960.374076044,3.46689183130873,0.0998881195077484,ok,False,True,False,1
759,5060912.522856494,13.879940276301213,0.08077226564562551,ok,False,True,False,0
760,4750157.629142718,9.622655122783549,0.08379167854242098,ok,False,True,False,0
761,5275106.463612391,10.525724559420714,0.05623680241186302,ok,False,True,False,0
762,4888064.020132456,11.714651148437948,0.08999773588571408,ok,False,True,False,0
763,5009448.860153679,11.132793932931277,0.08180780128135617,ok,False,True,False,0
764,4857750.373761585,11.091199475735044,0.09591251008314239,ok,False,True,False,0
765,5392385.684396596,9.781596028843618,0.0788589706429409,ok,False,True,False,0
766,5301811.641452417,13.065666131192543,0.07734630194838837,ok,False,True,False,0
767,4859504.928148448,13.19731691990584,0.08432609260094448,ok,False,True,False,0
768,4747180.003045261,10.336123590150066,0.0884952923796199,ok,False,True,False,0
769,5222719.757040452,13.854465740501288,0.06952486395599711,ok,False,True,False,0
770,5041100.590619585,12.458933881736383,0.05515561505079902,ok,False,True,False,0
771,3492245.189242847,6.111490277831744,0.09155033468434959,ok,False,True,False,0
772,4750157.629142718,8.642624107159772,0.07212115138752043,ok,False,True,False,0
773,5071533.958522014,10.510941300364268,0.07146849210796868,ok,False,True,False,0
774,4859023.306526183,11.321029242962918,0.07921927906503157,ok,False,True,False,0
775,4872563.708685046,13.484091605680339,0.08732991569569626,ok,False,True,False,0
776,5113226.370768253,10.817175340530518,0.08945905492757833,ok,False,True,False,0
777,4757018.460019675,9.231550199616635,0.0771343432440541,ok,False,True,False,0
778,5043890.133365637,11.9905155549382,0.1063052927475816,ok,False,True,False,1
779,4855652.625968007,10.635419840077148,0.081007163296279,ok,False,True,False,0
780,5302010.428827685,14.00241466534449,0.07627193370085461,ok,False,True,False,0
781,4860201.5136660645,12.527057098181343,0.06709532014147435,ok,False,True,False,0
782,4762962.819076799,7.7965793201225795,0.07031622310119467,ok,False,True,False,0
783,4867969.6606447995,11.927005906790807,0.10759453860406176,ok,False,True,False,1
784,4854538.61736628,10.280668093735759,0.06631864352966793,ok,False,True,False,0
785,4364450.729037312,8.22045549134732,0.05498394338064716,ok,False,True,False,0
786,5181325.399433964,12.676419475946242,0.06804964899942922,ok,False,True,False,0
787,5146030.159866548,8.161128542065388,0.0898069578981967,ok,False,True,False,0
788,4860391.635908356,9.89330981544751,0.06650077022516998,ok,False,True,False,0
789,4889585.274090228,9.66391659147784,0.05122394880584957,ok,False,True,False,0
790,5447295.657809445,12.771681420950348,0.08151647277582275,ok,False,True,False,0
791,5409059.080104437,12.055716281961345,0.08011495817123454,ok,False,True,False,0
792,4911112.743203003,9.563328440291139,0.06968082549528601,ok,False,True,False,0
793,4870656.3521709,9.665150754224351,0.061127672714432646,ok,False,True,False,0
794,4859933.866141845,12.35873701108531,0.06887902739717167,ok,False,True,False,0
795,4879214.563510772,11.030291715121216,0.09248051409391256,ok,False,True,False,0
796,4877724.80280303,13.252231200778787,0.060069131942039666,ok,False,True,False,0
797,5423551.342964371,14.3310907169743,0.06571771261032411,ok,False,True,False,0
798,4705765.05441471,9.78584676524503,0.06879558618462811,ok,False,True,False,0
799,4859235.304148046,13.56413275871832,0.06991778450595923,ok,False,True,False,0
800,4892250.511464827,9.56855360874056,0.07505361478972827,ok,False,True,False,0
801,5165709.75568082,12.660282930983726,0.08135841658380372,ok,False,True,False,0
802,4271679.485731879,8.204623352046443,0.08605116726078865,ok,False,True,False,0
803,5341196.9961622525,14.873225907221055,0.0972564292122792,ok,False,True,False,0
804,4915113.512133449,14.70162106998255,0.0839904736240365,ok,False,True,False,0
805,4861919.309076621,9.846371454166013,0.06524073025300692,ok,False,True,False,0
806,5473419.465593196,12.98072698467594,0.08978945047578824,ok,False,True,False,0
807,4747180.003045261,8.630903100729414,0.07140511231499391,ok,False,True,False,0
808,4149819.2257139417,6.4566336182966415,0.07492471096435116,ok,False,True,False,0
809,4938025.382640482,10.338511615760885,0.05413942844297526,ok,False,True,False,0
810,4875081.169635293,9.345113058080521,0.0669983919802084,ok,False,True,False,0
811,4872515.488601405,11.222657327956579,0.08448967125945572,ok,False,True,False,0
812,4747180.003045261,9.437552584473186,0.07990611665058889,ok,False,True,False,0
813,4936176.303026452,13.213294995469504,0.07778553124357684,ok,False,True,False,0
814,4747180.003045261,8.63088895948722,0.09055624944812374,ok,False,True,False,0
815,5094341.3901345115,12.395053544774798,0.07027524556983156,ok,False,True,False,0
816,4683078.68915011,9.342496530451237,0.07993527725921976,ok,False,True,False,0
817,4861690.65273502,9.679073783006192,0.07025309859904277,ok,False,True,False,0
818,4862374.032024715,11.211931308251025,0.0952585000985654,ok,False,True,False,0
819,4683078.68915011,10.307673892783342,0.0757252566898183,ok,False,True,False,0
820,3369651.9972953447,5.356041073702498,0.11118220353647035,ok,False,True,False,1
821,4916074.1010602405,11.676794336913698,0.09863201711564779,ok,False,True,False,1
822,5030814.767787768,17.589872875813708,0.06236448688469831,ok,False,True,False,0
823,4895242.937188331,12.562945868733078,0.10126989594000307,ok,False,True,False,1
824,4871638.0286634555,9.615558481407152,0.04711102963853732,ok,False,True,False,0
825,4907555.822289413,10.42604444913609,0.060975430065717706,ok,False,True,False,0
826,5496266.961181439,18.71859143340217,0.11070420287464822,ok,False,True,False,1
827,5128504.598395027,17.432172516337317,0.05633118969399431,ok,False,True,False,0
828,5037018.835890915,11.33640403603913,0.08980127476605754,ok,False,True,False,0
829,4869711.335178313,10.889706622332353,0.07303041472715288,ok,False,True,False,0
830,4747180.003045261,10.127804478099105,0.1057932880445426,ok,False,True,False,1
831,5057305.176873023,11.000868208009862,0.057656470237121005,ok,False,True,False,0
832,4865703.629027392,11.278294902391734,0.10085164478484632,ok,False,True,False,1
833,4872061.561334335,11.341370061385978,0.0795283312366003,ok,False,True,False,0
834,4747180.003045261,9.709273544506189,0.07095874013832726,ok,False,True,False,0
835,4987050.730153551,12.892473213586332,0.0598500825405614,ok,False,True,False,0
836,5065626.618722974,7.755650883673185,0.08211335795989261,ok,False,True,False,0
837,4867199.937366799,11.127517870980206,0.09660954770488284,ok,False,True,False,0
838,4866764.763020079,11.104982691627447,0.09167009600056131,ok,False,True,False,0
839,5174957.383181657,13.974873257335439,0.06159765705639694,ok,False,True,False,0
840,5009789.5026782295,11.449471206850477,0.051200601990241124,ok,False,True,False,0
841,4867318.814174304,10.80661834202987,0.06050149822453477,ok,False,True,False,0
842,5156295.432177207,10.728202749030974,0.07633195095765022,ok,False,True,False,0
843,4171017.3460589824,9.317864919143348,0.07809523632601711,ok,False,True,False,0
844,5148639.603374592,14.330190789825018,0.07737061274020751,ok,False,True,False,0
845,4990025.351288722,14.120334844187823,0.0697924814700891,ok,False,True,False,0
846,4932835.320498364,12.15850086003687,0.07904603015418737,ok,False,True,False,0
847,4978792.481112574,11.424932972929565,0.08902128846459045,ok,False,True,False,0
848,5019174.5603105975,9.376672486560699,0.06245570853327975,ok,False,True,False,0
849,4918198.27933868,10.80216464480933,0.045614366119934247,ok,False,True,False,0
850,5701433.314302901,14.890341887919389,0.07960087944519156,ok,False,True,False,0
851,4946523.114754776,11.315847375602745,0.08690157790727143,ok,False,True,False,0
852,5529109.209267007,9.855689385654106,0.08761973442470428,ok,False,True,False,0
853,4908913.3686130475,9.212993523302172,0.07068796230453134,ok,False,True,False,0
854,4200096.974268608,7.922154841587789,0.09328448964870728,ok,False,True,False,0
855,4750157.629142718,10.869297173556241,0.07311669005970411,ok,False,True,False,0
856,4470522.31189062,8.938261339533891,0.09223459192135042,ok,False,True,False,0
857,5075758.353222322,15.672986789881842,0.08334031774701323,ok,False,True,False,0
858,4931030.624009941,9.997724260336916,0.05228521305830447,ok,False,True,False,0
859,5674765.873821139,18.59798948972741,0.09524466338786475,ok,False,True,False,0
860,5777253.876173046,15.149174356543124,0.08878755596720234,ok,False,True,False,0
861,4999512.713988484,8.699689264242142,0.055788927251900655,ok,False,True,False,0
862,4860381.664014715,9.06705115087016,0.04799793227199034,ok,False,True,False,0
863,5591853.28189255,22.45723511373727,0.08143978539168839,ok,False,True,False,0
864,5049200.053046411,12.609730804514273,0.049608090031249746,ok,False,True,False,0
865,4747180.003045261,11.38006261497992,0.0793244340734858,ok,False,True,False,0
866,5010601.767091922,11.990899226206597,0.07164275244319251,ok,False,True,False,0
867,4960628.9908293905,16.052840624830445,0.07208341799509022,ok,False,True,False,0
868,4892638.168122311,10.06695361695381,0.04734304116167032,ok,False,True,False,0
869,5069003.50171531,11.718285149771997,0.07022750627902513,ok,False,True,False,0
870,4889795.188045535,12.622821465838223,0.0832178270902173,ok,False,True,False,0
871,4546139.877907288,8.660394414483509,0.06391751852097594,ok,False,True,False,0
872,4901209.575103343,9.662880147895523,0.07184273908545247,ok,False,True,False,0
873,5165129.773112391,10.84752557679089,0.05295591590823015,ok,False,True,False,0
874,4874171.516251608,10.080162354251561,0.050350122503692474,ok,False,True,False,0
875,4888652.109579327,11.283827151189223,0.08202529836064587,ok,False,True,False,0
876,3342512.705544631,5.479054422900559,0.09687898538202988,ok,False,True,False,0
877,4793893.81516227,9.672733481368759,0.07144361433760937,ok,False,True,False,0
878,4983308.27040628,10.364233683556995,0.06536340999340451,ok,False,True,False,0
879,5099343.818067747,14.656899774096319,0.05189200186555276,ok,False,True,False,0
880,4854693.8030935,10.322486932999931,0.09613292516648919,ok,False,True,False,0
881,5479988.400209395,14.704365926564408,0.06874402631698695,ok,False,True,False,0
882,5144690.09525009,15.561605784241358,0.07911936406502917,ok,False,True,False,0
883,4865445.482064099,9.554850687695733,0.10350251152705303,ok,False,True,False,1
884,5581262.034590775,10.90118183311442,0.05820574825340685,ok,False,True,False,0
885,4862055.802332927,10.568802612809963,0.06398168550077296,ok,False,True,False,0
886,5036060.85625895,16.331915526679452,0.061693308966526916,ok,False,True,False,0
887,4757018.460019675,10.973156531857882,0.07385471135982202,ok,False,True,False,0
888,4913119.325209851,11.08680101470408,0.08428872461635051,ok,False,True,False,0
889,3357000.8765196907,5.449396072882682,0.09724732973461947,ok,False,True,False,0
890,4747180.003045261,10.61272496936572,0.09716079018116767,ok,False,True,False,0
891,4878960.330777777,13.604206702900754,0.05082568749007221,ok,False,True,False,0
892,4870406.185185728,10.514154955893096,0.06628476202777445,ok,False,True,False,0
893,4984153.293779778,13.107902673647148,0.04884249622498793,ok,False,True,False,0
894,5126227.299628344,11.05310393179195,0.08931489290239258,ok,False,True,False,0
895,4955817.584364787,8.795135679907375,0.06088949868013571,ok,False,True,False,0
896,4750157.629142718,11.74017499945813,0.06240932922400201,ok,False,True,False,0
897,4747180.003045261,9.499339768634627,0.0859349666770455,ok,False,True,False,0
898,4928019.531509601,15.879622303668324,0.08568457229396084,ok,False,True,False,0
899,4200096.974268608,7.390580925560475,0.09815053687011932,ok,False,True,False,1
900,4869095.799647076,11.184472228842687,0.07134981606640078,ok,False,True,False,0
901,2581618.0750895645,4.141067358345522,0.0878518351324108,ok,False,True,False,0
902,5145631.149707492,9.605562811942525,0.0454702044232258,ok,False,True,False,0
903,4867341.499402746,12.308051349107833,0.06499474642114342,ok,False,True,False,0
904,5245537.093293755,12.054682082372876,0.08822309806182613,ok,False,True,False,0
905,4750157.629142718,8.84295440430775,0.08238009489878606,ok,False,True,False,0
906,4962177.1372735975,15.29555572754301,0.11060579239950452,ok,False,True,False,1
907,4705765.05441471,9.646181709736018,0.07023578136657893,ok,False,True,False,0
908,4683078.68915011,7.993122437610912,0.06446341998865279,ok,False,True,False,0
909,5400491.295871821,18.679407321345376,0.09620303031580318,ok,False,True,False,0
910,4905304.905916999,10.06674585644075,0.08732866666605699,ok,False,True,False,0
911,4750157.629142718,9.386579690201792,0.06469555474885991,ok,False,True,False,0
912,4862356.670898999,11.56645686383742,0.08016188529560009,ok,False,True,False,0
913,4902258.118855018,12.316385731932915,0.09499824241765131,ok,False,True,False,0
914,4750157.629142718,9.829601466900224,0.06809875133468657,ok,False,True,False,0
915,4863430.168635918,11.279039107849774,0.06243703716123605,ok,False,True,False,0
916,4955343.400452288,9.062863880086189,0.059069402884633915,ok,False,True,False,0
917,5072824.652257111,10.664374751523855,0.06401317747342905,ok,False,True,False,0
918,4933032.433860488,10.226726743875126,0.05008999642901146,ok,False,True,False,0
919,5471995.1695385305,19.207225316658207,0.08074487102949679,ok,False,True,False,0
920,5147330.801880357,15.373515381920312,0.08443819119741097,ok,False,True,False,0
921,4866583.882982417,11.532038466143671,0.094241069330181,ok,False,True,False,0
922,3432351.156454028,5.621495597450683,0.10624325810633106,ok,False,True,False,1
923,4873538.054710941,11.680702009723882,0.042383236201455704,ok,False,True,False,0
924,4858665.538092551,12.815218842943754,0.06094604771089293,ok,False,True,False,0
925,4895068.435403643,12.94404153948979,0.07591249223083352,ok,False,True,False,0
926,4200096.974268608,7.766944639998159,0.09286595831625666,ok,False,True,False,0
927,4705765.05441471,9.394086902896188,0.07205921294400294,ok,False,True,False,0
928,3336995.657221681,5.150158087623303,0.08546968131050559,ok,False,True,False,0
929,3432351.156454028,5.583040581075834,0.08564904686478758,ok,False,True,False,0
930,4747180.003045261,11.899134104024988,0.09194856417865269,ok,False,True,False,0
931,4861335.266150258,9.294114094172423,0.0680881285360041,ok,False,True,False,0
932,4855561.015776588,9.128060421181262,0.07336843658045977,ok,False,True,False,0
933,4919590.748382626,14.017004503605204,0.06621509818272997,ok,False,True,False,0
934,4268339.192541627,7.461745761683436,0.09805969101210599,ok,False,True,False,1
935,5178788.298457479,8.505683162637718,0.08750116419393372,ok,False,True,False,0
936,4935764.812347078,9.95496663473271,0.08534746223628148,ok,False,True,False,0
937,5054716.4793551015,11.281367964545286,0.048857045440538704,ok,False,True,False,0
938,4750157.629142718,9.257376130232773,0.08004293132450024,ok,False,True,False,0
939,4757018.460019675,9.832809978700327,0.06481425566165297,ok,False,True,False,0
940,5197602.206857495,9.420740644923667,0.07406864239053453,ok,False,True,False,0
941,4890190.804707239,10.715099419294912,0.06593869915737705,ok,False,True,False,0
942,4908125.975020811,15.277355988540922,0.08652342439320382,ok,False,True,False,0
943,5461796.249973559,11.057286619780516,0.07685349744932102,ok,False,True,False,0
944,5457105.979048338,18.14941064540337,0.1011433823725888,ok,False,True,False,1
945,4976677.602100145,11.302967686939834,0.0925812390158548,ok,False,True,False,0
946,5028987.646321939,8.227454007620477,0.07016449337299457,ok,False,True,False,0
947,5229032.782383957,12.520823039582123,0.06117126253100247,ok,False,True,False,0
948,4950166.731598529,11.41853365435953,0.04983153965502696,ok,False,True,False,0
949,4867853.686551071,9.156594825433318,0.05038271020551777,ok,False,True,False,0
950,5828953.73607117,13.519902448193156,0.07163928945694276,ok,False,True,False,0
951,5118782.273032252,15.195640862214269,0.05166577891801019,ok,False,True,False,0
952,4862454.972210724,10.633484672446308,0.05793986006353835,ok,False,True,False,0
953,4902993.726112976,10.653930103883786,0.08884470057732752,ok,False,True,False,0
954,4958551.518899079,11.608339924847272,0.10075002909657782,ok,False,True,False,1
955,3432351.156454028,5.586118145463061,0.12330159704261512,ok,False,True,False,1
956,5132666.152264358,9.880132567933854,0.06705100805096642,ok,False,True,False,0
957,4863900.767691546,8.544088242718793,0.06969805088618575,ok,False,True,False,0
958,4870864.157092713,10.993655227232766,0.07932545844338235,ok,False,True,False,0
959,4705765.05441471,9.917534204634409,0.09330489305009271,ok,False,True,False,0
960,2919249.336743521,4.956928163938898,0.07008479696492287,ok,False,True,False,0
961,4948933.827125835,12.11594851061857,0.08370059371878985,ok,False,True,False,0
962,4854723.6294143805,12.855320736788057,0.058520920008803046,ok,False,True,False,0
963,4762962.819076799,7.565438094631026,0.058290638660431826,ok,False,True,False,0
964,5410178.1866706945,15.290525136885929,0.06498523165774928,ok,False,True,False,0
965,4793893.81516227,9.736060608205646,0.08246390538075499,ok,False,True,False,0
966,4171017.3460589824,6.908349952519441,0.10452948004731155,ok,False,True,False,1
967,4864334.84836214,10.648530829089909,0.1015043344680242,ok,False,True,False,1
968,5347455.6023923,16.58497771008836,0.0783262532430894,ok,False,True,False,0
969,5233092.379141448,8.937740880868594,0.082403430242032,ok,False,True,False,0
970,4311809.855181465,8.775340592996898,0.0975315538750533,ok,False,True,False,0
971,5154132.269299027,19.323087130794462,0.06759558592339404,ok,False,True,False,0
972,5447218.491569805,10.384045267979792,0.052261793823667024,ok,False,True,False,0
973,3617358.704666448,5.792713696302291,0.08265525590224365,ok,False,True,False,0
974,4640733.87978854,10.151986605562268,0.06944440367520255,ok,False,True,False,0
975,5385341.469813262,15.69510130865121,0.09308906738952794,ok,False,True,False,0
976,4858107.651199011,9.737309398955652,0.07020322719589667,ok,False,True,False,0
977,4536155.3769555455,8.38849877162247,0.10196865998453741,ok,False,True,False,1
978,5032658.915879269,12.166385687209974,0.08802522985921912,ok,False,True,False,0
979,4747180.003045261,9.023044832602183,0.07061665627024005,ok,False,True,False,0
980,2318569.194530288,3.7600832965776285,0.10054964388068724,ok,False,True,False,1
981,5283137.076126823,11.227776162464219,0.08522235793539634,ok,False,True,False,0
982,4683078.68915011,9.705449827904502,0.06663173636036271,ok,False,True,False,0
983,4872235.306130221,11.442993101623319,0.07686670664694228,ok,False,True,False,0
984,4683078.68915011,10.222018565598715,0.07035442933979885,ok,False,True,False,0
985,4324739.151746342,8.666602123593194,0.08446980558603745,ok,False,True,False,0
986,3492245.189242847,5.624329212755665,0.09204180919066185,ok,False,True,False,0
987,4863515.4895023545,11.59970662873171,0.06425167960362183,ok,False,True,False,0
988,4896715.680781068,12.031879067894574,0.0668921544729554,ok,False,True,False,0
989,3446045.452357808,5.871627211243458,0.11438712978831089,ok,False,True,False,1
990,4271679.485731879,7.323796819724654,0.10045614314983797,ok,False,True,False,1
991,5258125.772862282,14.611676580396331,0.10311082796001225,ok,False,True,False,1
992,4171017.3460589824,7.6358475564282475,0.07740053796959756,ok,False,True,False,0
993,4891898.054878345,9.201905724625039,0.08467322555466128,ok,False,True,False,0
994,4857246.58128705,11.877889656819702,0.06789553016357075,ok,False,True,False,0
995,3280705.556872033,4.9294077294188146,0.10721476412553466,ok,False,True,False,1
996,4880252.054050879,12.063077570040567,0.05037361339601168,ok,False,True,False,0
997,4750157.629142718,8.521094751946702,0.07011534360777391,ok,False,True,False,0
998,4969104.773437697,8.999411599711689,0.06724658668193173,ok,False,True,False,0
999,4855760.825978691,12.946423523112465,0.08252873385475634,ok,False,True,False,0
1000,5013169.7570268335,9.043242019478544,0.050410929587901984,ok,False,True,False,0
1001,4747180.003045261,9.050313077547594,0.07625814841796212,ok,False,True,False,0
1002,5001855.366239193,9.281113758484706,0.05385558925339616,ok,False,True,False,0
1003,5074841.611972032,15.760502549430782,0.07530866453841933,ok,False,True,False,0
1004,4870605.793632431,15.802218229012206,0.07479600910270268,ok,False,True,False,0
1005,5014302.188833764,10.187893972728997,0.07307564115000412,ok,False,True,False,0
1006,4409061.7513648765,9.27883568064912,0.09761624801187388,ok,False,True,False,0
1007,3492245.189242847,5.708157325925973,0.10173530331795533,ok,False,True,False,1
1008,4683078.68915011,7.869261868769308,0.06912033756383151,ok,False,True,False,0
1009,4949830.426622219,14.624405714825658,0.07588956787214607,ok,False,True,False,0
1010,4917497.378373174,9.142321039857173,0.0623818969922022,ok,False,True,False,0
1011,4870287.101353195,10.205446192393294,0.05948485801189213,ok,False,True,False,0
1012,4900402.803369896,8.874486590614485,0.05136971359674458,ok,False,True,False,0
1013,4988791.488280063,13.548992420385822,0.08926043122180227,ok,False,True,False,0
1014,4536155.3769555455,10.610150874552316,0.09593705847906853,ok,False,True,False,0
1015,4311809.855181465,8.627036889711984,0.11318188072250113,ok,False,True,False,1
1016,5402538.877643972,19.14942176714369,0.06658650481776418,ok,False,True,False,0
1017,3336995.657221681,5.318027989197787,0.09861485161299732,ok,False,True,False,1
1018,4979673.869596075,14.496475051876573,0.0658845073488119,ok,False,True,False,0
1019,4871968.98977248,13.488244848208229,0.06827178268075251,ok,False,True,False,0
1020,5023171.832704533,8.743925255356615,0.06621639562915435,ok,False,True,False,0
1021,4937490.671438039,13.872201184550272,0.055008015202027916,ok,False,True,False,0
1022,4861275.582693528,9.636363615266948,0.08406524822343053,ok,False,True,False,0
1023,4747180.003045261,8.830811191591312,0.06502440776133284,ok,False,True,False,0
1024,5820428.956106885,20.224858785015797,0.10317028804583461,ok,False,True,False,1
1025,4999073.356055734,10.313112431674492,0.07496681577183473,ok,False,True,False,0
1026,4869369.244176218,11.565851706554092,0.05851182650773401,ok,False,True,False,0
1027,4877025.211318786,8.807408361649314,0.0563330809517234,ok,False,True,False,0
1028,4318219.689267186,8.056380037651305,0.0976333303556941,ok,False,True,False,0
1029,4884333.570047992,10.718857221149795,0.0787066477560906,ok,False,True,False,0
1030,4793893.81516227,10.697905992645675,0.07095697403189777,ok,False,True,False,0
1031,4864637.070544331,11.345882111877645,0.06478446852711889,ok,False,True,False,0
1032,3369318.12164703,5.2275764279723465,0.08726462872300356,ok,False,True,False,0
1033,4750157.629142718,10.032882719905666,0.08446765921931032,ok,False,True,False,0
1034,4857576.4449095,8.890536975897547,0.07940799848256469,ok,False,True,False,0
1035,5538316.392185797,14.336316279512221,0.09936715626547288,ok,False,True,False,1
1036,4268339.192541627,7.445716331508194,0.06913173956301089,ok,False,True,False,0
1037,4894836.281219023,11.436176477683349,0.08032857717848213,ok,False,True,False,0
1038,4271679.485731879,8.8299783764357,0.06077432545832645,ok,False,True,False,0
1039,4859936.006436352,10.502068238278921,0.05833256355093058,ok,False,True,False,0
1040,5002620.005351848,11.817731802283786,0.07149787833513299,ok,False,True,False,0
1041,4793893.81516227,10.27599650019799,0.07591920199013169,ok,False,True,False,0
1042,4996760.439996486,11.955567206414008,0.08471411787028221,ok,False,True,False,0
1043,4884623.286408701,9.640007978456827,0.052599175138058174,ok,False,True,False,0
1044,4873906.3070730455,8.70748197112287,0.07373291436125351,ok,False,True,False,0
1045,3492245.189242847,5.699195044043477,0.09224123684156316,ok,False,True,False,0
1046,4892339.8882147055,11.023289627779615,0.06920597809082796,ok,False,True,False,0
1047,5270072.376120677,7.039699845835905,0.07523688238836745,ok,False,True,False,0
1048,4854313.687132131,14.35436838332441,0.09272755740553229,ok,False,True,False,0
1049,5215661.063008115,11.037205157668197,0.08988301062250825,ok,False,True,False,0
1050,4901927.836426915,10.945302590728957,0.06954522919626538,ok,False,True,False,0
1051,3336995.657221681,5.650242138521555,0.09854674045267353,ok,False,True,False,1
1052,5215330.779012352,12.13508350900636,0.06865039842182524,ok,False,True,False,0
1053,4872706.208485439,10.694038077953062,0.10071749677672115,ok,False,True,False,1
1054,4863197.60057349,11.7675657876702,0.07573083240861833,ok,False,True,False,0
1055,4859487.494990296,11.343980790833179,0.07264363990267797,ok,False,True,False,0
1056,4904544.859190184,9.271162111349195,0.0646582595856956,ok,False,True,False,0
1057,4793893.81516227,9.347020397732134,0.1147915671201833,ok,False,True,False,1
1058,4793893.81516227,9.734708069157874,0.06345702113339402,ok,False,True,False,0
1059,4925124.027814382,16.198764285218786,0.08315893519375583,ok,False,True,False,0
1060,4967409.443075727,13.389752576664273,0.06917473220221382,ok,False,True,False,0
1061,4750157.629142718,8.689593700398271,0.09180852520616371,ok,False,True,False,0
1062,4793893.81516227,8.907590412482584,0.07733988606429523,ok,False,True,False,0
1063,4891729.856538544,11.313909356823983,0.055125303801628944,ok,False,True,False,0
1064,5342881.334858557,15.245530861054593,0.061482852783665276,ok,False,True,False,0
1065,4855830.408427956,10.547798202068623,0.07862277054343991,ok,False,True,False,0
1066,4881429.104058728,9.93329005948086,0.08861550157504672,ok,False,True,False,0
1067,5570792.24778981,14.679478014591254,0.0920693187955273,ok,False,True,False,0
1068,5525286.512908236,16.10874667357333,0.09078467514394994,ok,False,True,False,0
1069,5195651.290736526,14.864051190281712,0.13076823307778762,ok,False,True,False,1
1070,4873204.644324919,10.844101150894977,0.06103608301195296,ok,False,True,False,0
1071,4991412.089709031,9.94701530393626,0.09272242664908759,ok,False,True,False,0
1072,4877236.337006258,8.82512934290651,0.06693980773071595,ok,False,True,False,0
1073,3507468.282093733,5.729624208756682,0.09089022306986427,ok,False,True,False,0
1074,4865850.713311449,10.28668308289539,0.05476717629010641,ok,False,True,False,0
1075,4999707.533517514,10.979174282803587,0.06757583721023025,ok,False,True,False,0
1076,4876945.954722852,12.028901768317276,0.059436945607345915,ok,False,True,False,0
1077,4864186.511127025,11.57242265890779,0.10896233213980189,ok,False,True,False,1
1078,4793893.81516227,10.480257716301198,0.07913294262985401,ok,False,True,False,0
1079,5105018.076042375,13.587034773196676,0.09137818543039489,ok,False,True,False,0
1080,5181431.257721809,11.220207688504969,0.06310603916066493,ok,False,True,False,0
1081,4863957.307880416,10.130258436728457,0.07758268041280203,ok,False,True,False,0
1082,4865993.101968452,10.83833250533952,0.06883456044097114,ok,False,True,False,0
1083,4933962.242002764,9.980363350429798,0.07150482344649806,ok,False,True,False,0
1084,4747180.003045261,9.72215929908672,0.06877359590390425,ok,False,True,False,0
1085,4705765.05441471,9.455850375311869,0.07778695407029534,ok,False,True,False,0
1086,4859700.167108583,15.226385734963523,0.06971152328012631,ok,False,True,False,0
1087,4977234.02109681,10.084603639688607,0.06600956273459624,ok,False,True,False,0
1088,4750157.629142718,9.804981892593098,0.07207290551829038,ok,False,True,False,0
1089,4434572.500802491,8.208511358246872,0.06368637069622934,ok,False,True,False,0
1090,4793893.81516227,9.022398724178522,0.11123770923965415,ok,False,True,False,1
1091,5422620.718737125,12.013378599097992,0.08788596787652497,ok,False,True,False,0
1092,5344910.480500661,9.445671756500902,0.06309563919797534,ok,False,True,False,0
1093,4917733.8058043895,14.770426252591678,0.09877790762023092,ok,False,True,False,1
1094,3578778.14702384,6.282167042897902,0.0587824692659733,ok,False,True,False,0
1095,4856059.431505829,12.047619754086412,0.09580693652200245,ok,False,True,False,0
1096,4863212.666741219,10.685752657461178,0.07523263103208022,ok,False,True,False,0
1097,4875623.472813468,13.422985841918594,0.09714126666639444,ok,False,True,False,0
1098,4870846.795403866,13.000139444248964,0.06923780777263427,ok,False,True,False,0
1099,4757018.460019675,8.593086105157429,0.04926340322885969,ok,False,True,False,0
1100,4750157.629142718,10.294378531545378,0.07882142667010647,ok,False,True,False,0
1101,4871379.750576864,9.801530063205082,0.049172406698100246,ok,False,True,False,0
1102,5270782.491023574,8.952353678243385,0.05519680240483041,ok,False,True,False,0
1103,4995919.188798582,11.101689566143667,0.07359954662112703,ok,False,True,False,0
1104,4862724.717215211,10.87514097549041,0.053684108098155825,ok,False,True,False,0
1105,5171076.620335787,16.707381906692156,0.08247350980423473,ok,False,True,False,0
1106,5155819.267858968,13.757045997639276,0.0810015445525204,ok,False,True,False,0
1107,5372132.753022156,11.742880057308431,0.05283271286787572,ok,False,True,False,0
1108,4102292.53716956,7.309218294517391,0.09025007883639735,ok,False,True,False,0
1109,5218102.415184909,7.691808978461715,0.09663345151330038,ok,False,True,False,0
1110,4854851.77849631,12.632039162763613,0.054280910639148805,ok,False,True,False,0
1111,4863134.534323263,9.825603075246988,0.07501845741789981,ok,False,True,False,0
1112,4945965.347625924,12.023237682892075,0.10948715775288866,ok,False,True,False,1
1113,4762962.819076799,10.447365580200898,0.0633840208185445,ok,False,True,False,0
1114,4747180.003045261,9.937263867453284,0.09004234487084195,ok,False,True,False,0
1115,5005834.621566502,15.019137767171744,0.04604207072474001,ok,False,True,False,0
1116,4906258.6129947575,11.242161424691233,0.05748789829845656,ok,False,True,False,0
1117,4923625.416473162,10.27731337618885,0.05607571431882552,ok,False,True,False,0
1118,4747180.003045261,12.897830092593223,0.08422541287399882,ok,False,True,False,0
1119,5041892.65083115,17.350240672325995,0.09611674605193476,ok,False,True,False,0
1120,4311809.855181465,7.8238095003747,0.06424738889378845,ok,False,True,False,0
1121,4910407.89079778,11.331640791931852,0.061419438028368134,ok,False,True,False,0
1122,5019013.299943124,12.755080873988174,0.06631153831130743,ok,False,True,False,0
1123,4750157.629142718,12.541156928607142,0.10098656381819623,ok,False,True,False,1
1124,5085755.972238531,15.140066948056239,0.07924027869543893,ok,False,True,False,0
1125,4991003.654197846,13.194157486735197,0.09265809247644319,ok,False,True,False,0
1126,2581618.0750895645,4.106711364726499,0.09599676260230172,ok,False,True,False,0
1127,5001758.243595875,12.172585221860109,0.06787062318381276,ok,False,True,False,0
1128,4978941.184519607,9.953177612953555,0.05661477349846389,ok,False,True,False,0
1129,4865233.660719604,14.23912944365563,0.050789762434059305,ok,False,True,False,0
1130,5077730.207164467,13.613789831061633,0.061726053329937525,ok,False,True,False,0
1131,4869271.089211793,9.847679001033985,0.05072373569274191,ok,False,True,False,0
1132,5234463.311892001,13.344323286589267,0.09199987482905513,ok,False,True,False,0
1133,4705765.05441471,10.436147074574796,0.09183352744459883,ok,False,True,False,0
1134,4865596.323641454,9.558873244990409,0.08965643225002551,ok,False,True,False,0
1135,3336995.657221681,5.652415833796612,0.09769131401279119,ok,False,True,False,0
1136,4762962.819076799,9.94286651997553,0.060017695395545356,ok,False,True,False,0
1137,4268339.192541627,8.502870916612064,0.04965886765990024,ok,False,True,False,0
1138,4854759.378000978,10.08947932046071,0.057191207338126215,ok,False,True,False,0
1139,5469732.686620599,22.782080866103147,0.10656483717333409,ok,False,True,False,1
1140,4862707.297712738,11.183552787257495,0.07690427364884478,ok,False,True,False,0
1141,4683078.68915011,7.646480843311734,0.09642289215853217,ok,False,True,False,0
1142,4860537.413616004,11.730841828372974,0.06910552415701474,ok,False,True,False,0
1143,4750157.629142718,9.716100343128943,0.0753571094856299,ok,False,True,False,0
1144,4757018.460019675,9.158455492279359,0.0705895246763895,ok,False,True,False,0
1145,4747180.003045261,10.083198455824519,0.0749584462977062,ok,False,True,False,0
1146,4879503.19303529,16.065561748515126,0.06972962418480805,ok,False,True,False,0
1147,4864269.278966259,9.998419327776176,0.062986605778107,ok,False,True,False,0
1148,4906987.3048481075,11.688053558552802,0.05693507323705577,ok,False,True,False,0
1149,4705765.05441471,9.365934509693902,0.0873098764083362,ok,False,True,False,0
1150,4995797.774893097,14.072101266925326,0.08538652629508522,ok,False,True,False,0
1151,5169816.7168995645,12.038709543111338,0.08500152894831553,ok,False,True,False,0
1152,5012049.165088059,10.209241583825321,0.04854046767378539,ok,False,True,False,0
1153,4750157.629142718,9.32961090216023,0.09924344308560296,ok,False,True,False,1
1154,4860744.599153404,9.094271055483144,0.0587641428081378,ok,False,True,False,0
1155,4705765.05441471,10.169942133147412,0.08601812811068499,ok,False,True,False,0
1156,5187719.308879769,14.734786035005982,0.08165158548427254,ok,False,True,False,0
1157,5145143.574572115,13.14193307137344,0.04692612954124753,ok,False,True,False,0
1158,4747180.003045261,12.091267377951,0.1009495592256815,ok,False,True,False,1
1159,4950551.632853982,8.360546978517771,0.10440700594688485,ok,False,True,False,1
1160,4916428.261641136,11.099906529985544,0.12505846636999268,ok,False,True,False,1
1161,4896891.561201497,12.660202499256782,0.07882534083441806,ok,False,True,False,0
1162,3543508.9322967106,5.97233463137977,0.07491770057101887,ok,False,True,False,0
1163,4907826.647878797,10.62510744909894,0.05378104854247606,ok,False,True,False,0
1164,4980457.685951779,13.784069024151924,0.09903629186658444,ok,False,True,False,1
1165,4899953.598888603,10.27269354178388,0.06032999330560518,ok,False,True,False,0
1166,2608960.263756077,3.9996614223578058,0.11934126871104389,ok,False,True,False,1
1167,4883907.939252103,12.44374023798545,0.08915595510805407,ok,False,True,False,0
1168,4268339.192541627,7.699580371575702,0.09839343955043767,ok,False,True,False,1
1169,5161083.6131381905,10.609449565493593,0.06889942395262225,ok,False,True,False,0
1170,4793893.81516227,8.55132352366926,0.0998180100389292,ok,False,True,False,1
1171,4855441.86184354,12.648449184060372,0.07046451243449459,ok,False,True,False,0
1172,5219250.374182534,14.945681896655174,0.06413032424795928,ok,False,True,False,0
1173,4880020.56805346,12.504927634952772,0.0694555681333357,ok,False,True,False,0
1174,4880624.498159143,11.008350237415058,0.06177042115816844,ok,False,True,False,0
1175,4932987.892293552,10.842495399932192,0.09227623052876044,ok,False,True,False,0
1176,5191432.607917104,9.743859895227276,0.06105004922031898,ok,False,True,False,0
1177,4867209.235389325,11.437515156495762,0.044759784890642196,ok,False,True,False,0
1178,4855499.782081041,9.313213701764369,0.053016977611260674,ok,False,True,False,0
1179,3492347.88912923,6.299333348332774,0.08543979914949373,ok,False,True,False,0
1180,4705765.05441471,9.959147858079103,0.06096759848685468,ok,False,True,False,0
1181,3617358.704666448,5.686039297687044,0.10411711380447117,ok,False,True,False,1
1182,4878999.383503483,10.056346294559294,0.0681242848569219,ok,False,True,False,0
1183,4902475.313735126,14.222638235394703,0.08194941952904528,ok,False,True,False,0
1184,5190123.720777755,14.537595321607013,0.07939631575754713,ok,False,True,False,0
1185,4213116.005076589,6.399731106881615,0.0949216205053297,ok,False,True,False,0
1186,5139120.199304789,12.137801952259691,0.06008842179855528,ok,False,True,False,0
1187,2187358.8599321875,3.409519216379556,0.11725250053746883,ok,False,True,False,1
1188,4871287.568693456,11.829643221863783,0.090801017068536,ok,False,True,False,0
1189,4747180.003045261,10.934568301397675,0.08054085327421975,ok,False,True,False,0
1190,4935497.181325743,12.345792073574849,0.06837000559750384,ok,False,True,False,0
1191,4870633.472791774,11.00543380801856,0.09481877848227627,ok,False,True,False,0
1192,5175467.200886893,9.617493039843195,0.06879234962874692,ok,False,True,False,0
1193,5940955.730700861,15.255808029621466,0.0895080311116232,ok,False,True,False,0
1194,4856959.311727143,8.507646598227566,0.08450701637676394,ok,False,True,False,0
1195,5282536.019725063,12.569160150935593,0.043088813029814516,ok,False,True,False,0
1196,3578778.14702384,5.672932703321345,0.09372980881118126,ok,False,True,False,0
1197,5059568.923023008,9.714414369243931,0.05835931018263296,ok,False,True,False,0
1198,5309918.293057861,11.266324661184097,0.06317564248382165,ok,False,True,False,0
1199,4683078.68915011,10.64218754939384,0.10155323046866926,ok,False,True,False,1
1200,4859429.598303416,11.857274267399323,0.08830222636337359,ok,False,True,False,0
1201,4793893.81516227,9.202870925176793,0.09365476056600083,ok,False,True,False,0
1202,5347624.47218718,11.582907659156096,0.06539409828960466,ok,False,True,False,0
1203,5641974.5531605715,21.05578850268792,0.08920476038639702,ok,False,True,False,0
1204,4893038.24151039,10.137985787490642,0.07026625796299929,ok,False,True,False,0
1205,4858134.565322873,10.386004505952103,0.06655301646553591,ok,False,True,False,0
1206,4862529.989933906,9.382351769650933,0.0672083689244034,ok,False,True,False,0
1207,5372943.33887953,16.34764866150455,0.08159208694716436,ok,False,True,False,0
1208,4793893.81516227,8.912840111576976,0.06486502045444009,ok,False,True,False,0
1209,5735092.497003996,15.132845216541455,0.0926307559688917,ok,False,True,False,0
1210,4899002.736440863,10.863121727206389,0.06431786652682575,ok,False,True,False,0
1211,5138068.096384095,10.235369226688718,0.06892428309704957,ok,False,True,False,0
1212,5629868.385212024,16.325082207883,0.07880505736522042,ok,False,True,False,0
1213,4536155.3769555455,8.86587204784951,0.09783761811664304,ok,False,True,False,1
1214,4593663.593117381,9.685396071048087,0.07497362983603084,ok,False,True,False,0
1215,5117288.051244972,12.791723148104623,0.08081979824905386,ok,False,True,False,0
1216,4268339.192541627,8.917512628570924,0.10886647512779069,ok,False,True,False,1
1217,5114779.770723805,12.444942942924786,0.08329541437493376,ok,False,True,False,0
1218,5233303.370155262,11.740351427158695,0.08050466933170985,ok,False,True,False,0
1219,4890420.475427526,11.070644315337164,0.0974220930257956,ok,False,True,False,0
1220,4915530.737042044,15.499338359899633,0.07158845476721531,ok,False,True,False,0
1221,4858116.053922743,12.583934802278929,0.08065199679446433,ok,False,True,False,0
1222,5301364.514948796,11.292102931368206,0.1137749681461867,ok,False,True,False,1
1223,4747180.003045261,10.012086543515547,0.055636801370719774,ok,False,True,False,0
1224,5093285.8827204835,10.613975877619326,0.05497272089756303,ok,False,True,False,0
1225,2677317.826830968,4.039425444384289,0.09943144611648308,ok,False,True,False,1
1226,4869447.112993528,12.476884822236322,0.061687685506446654,ok,False,True,False,0
1227,4896912.680512499,9.230608860212042,0.06967366645538187,ok,False,True,False,0
1228,4969571.6737428075,8.672958777102654,0.059287135564206395,ok,False,True,False,0
1229,4640733.87978854,7.917521177908235,0.08542531559142394,ok,False,True,False,0
1230,5093790.9182478115,12.094065247585698,0.07395385979016332,ok,False,True,False,0
1231,5530176.481984081,22.183093268696922,0.10248102013821425,ok,False,True,False,1
1232,4867706.217414516,13.401247655589968,0.075633154454125,ok,False,True,False,0
1233,4859745.683366462,11.96560740761529,0.055466126362862744,ok,False,True,False,0
1234,3492245.189242847,5.738018334981923,0.08067143872665739,ok,False,True,False,0
1235,4895337.982697378,10.382182677302833,0.05934829213937076,ok,False,True,False,0
1236,4750157.629142718,10.114728443954462,0.08815351073868835,ok,False,True,False,0
1237,4578101.280900404,9.590875199572857,0.0645471160907185,ok,False,True,False,0
1238,4929807.484108212,11.536142931899189,0.04950552679045489,ok,False,True,False,0
1239,4899231.125517433,12.037785490215061,0.10908069270215259,ok,False,True,False,1
1240,4747180.003045261,10.157078566572384,0.09971851721906722,ok,False,True,False,1
1241,4999648.387789799,13.626027642160421,0.12038242280402751,ok,False,True,False,1
1242,3630664.875348152,6.110875271770817,0.07688070989166579,ok,False,True,False,0
1243,4877316.810167254,11.073041623907514,0.10807591936362937,ok,False,True,False,1
1244,3519824.2810661173,6.4585190026160095,0.08027337488386066,ok,False,True,False,0
1245,4865672.597955061,10.320935401622432,0.08419406510802585,ok,False,True,False,0
1246,5304210.360325727,12.045299316567982,0.0830936019519285,ok,False,True,False,0
1247,4865766.045183366,11.601595367880199,0.06193582751219828,ok,False,True,False,0
1248,4874177.731782535,15.54794586168172,0.12712974768434315,ok,False,True,False,1
1249,4750157.629142718,9.296381151665294,0.087039503758604,ok,False,True,False,0
1250,4757018.460019675,9.093356597333967,0.10335473899179226,ok,False,True,False,1
1251,4879478.1125642825,11.849055328352744,0.049861974085158745,ok,False,True,False,0
1252,4866388.890552768,10.416689685368281,0.05764388783408381,ok,False,True,False,0
1253,4956441.582240892,10.870737496688294,0.04665643326596647,ok,False,True,False,0
1254,5022800.799574888,15.346100161086717,0.0687363763444715,ok,False,True,False,0
1255,5288569.485437751,18.322221205156318,0.10800183814094733,ok,False,True,False,1
1256,5116480.870577763,8.609796420958677,0.11101293266490064,ok,False,True,False,1
1257,4870322.957672313,11.132996919215737,0.0845810727412829,ok,False,True,False,0
1258,2222739.4064256954,3.5514860772646317,0.11174773195414989,ok,False,True,False,1
1259,4878702.993547133,10.93123743287072,0.07321867252169445,ok,False,True,False,0
1260,4640733.87978854,8.698151722686571,0.06451494845821615,ok,False,True,False,0
1261,4757018.460019675,7.988736809024631,0.09534487829778715,ok,False,True,False,0
1262,3507468.282093733,5.574477584026543,0.08968249357665403,ok,False,True,False,0
1263,4873008.561792859,10.279517650709128,0.06340034061556399,ok,False,True,False,0
1264,4949585.833138243,11.320347522577842,0.08248338174761505,ok,False,True,False,0
1265,3451998.5597333424,5.454266579359447,0.10370750959864217,ok,False,True,False,1
1266,4747180.003045261,8.640982553898898,0.06724396055235078,ok,False,True,False,0
1267,4906924.388865712,14.216950716686979,0.06902667389584127,ok,False,True,False,0
1268,4981427.458323927,10.959097734677997,0.08060272992960427,ok,False,True,False,0
1269,5315171.469984007,21.615006483529275,0.06666788726750872,ok,False,True,False,0
1270,3492245.189242847,5.682523764150488,0.0872379458328908,ok,False,True,False,0
1271,4750157.629142718,10.256040852414474,0.06629868119859662,ok,False,True,False,0
1272,4872528.172163091,9.575742956047858,0.07587806418800047,ok,False,True,False,0
1273,4868280.416500504,10.33962046562064,0.09702474142110606,ok,False,True,False,0
1274,5078947.658916957,11.460816424326305,0.0733447984111183,ok,False,True,False,0
1275,4881517.981772273,10.338258497783654,0.06503291970250824,ok,False,True,False,0
1276,5283195.378335834,15.00266004526985,0.07691200588946634,ok,False,True,False,0
1277,3336995.657221681,5.425266053212862,0.0745898466662187,ok,False,True,False,0
1278,4911975.796811345,13.178134292333638,0.051973790845814216,ok,False,True,False,0
1279,4906384.249270761,9.144874518954252,0.06524079280790465,ok,False,True,False,0
1280,3336995.657221681,5.410209849188986,0.10838776012761175,ok,False,True,False,1
1281,5252142.017609741,10.780561490926184,0.05707364717126283,ok,False,True,False,0
1282,3230012.383510678,5.244925752566673,0.07637263871289246,ok,False,True,False,0
1283,4318219.689267186,8.517729130996482,0.07254948566309904,ok,False,True,False,0
1284,5076441.556697888,12.61476583106544,0.04859170825049122,ok,False,True,False,0
1285,5250708.828413103,13.850604645029248,0.07303470073204188,ok,False,True,False,0
1286,4943982.163611229,11.336536248447123,0.0813524351092011,ok,False,True,False,0
1287,3342512.705544631,5.135797815440047,0.08377593945503437,ok,False,True,False,0
1288,3446045.452357808,5.4656787945732574,0.09944727493047845,ok,False,True,False,1
1289,4863499.0414157435,10.654078518826182,0.0828647569118478,ok,False,True,False,0
1290,5162481.926735071,13.269347985040511,0.0791000655379662,ok,False,True,False,0
1291,5248449.478394024,14.813426730899046,0.07336537866752924,ok,False,True,False,0
1292,3260157.169210259,5.096634312908742,0.09381726505309165,ok,False,True,False,0
1293,4935718.835641371,10.610037925906811,0.05638885522830611,ok,False,True,False,0
1294,2619195.5819368823,4.23596689090656,0.1124175234210345,ok,False,True,False,1
1295,4855165.259030772,11.921491077991718,0.10684670730701429,ok,False,True,False,1
1296,5084672.250963523,13.834510706978639,0.10613308154369322,ok,False,True,False,1
1297,4750157.629142718,10.435249262450204,0.1080268558273827,ok,False,True,False,1
1298,5254980.54167019,11.759789647977158,0.08870881308133682,ok,False,True,False,0
1299,4868295.249592077,11.663919879752278,0.059380682323386336,ok,False,True,False,0
1300,4862072.19961308,10.361144557652135,0.0788117671219194,ok,False,True,False,0
1301,4974993.473020983,12.68658840928896,0.08686094030509295,ok,False,True,False,0
1302,4863774.748456009,13.605814264034331,0.08532170847686693,ok,False,True,False,0
1303,3451998.5597333424,5.478173131623203,0.09293848174418773,ok,False,True,False,0
1304,4859083.3730915375,10.341287188741742,0.06545570793491318,ok,False,True,False,0
1305,4857341.296088436,10.919599523856526,0.052039106462262286,ok,False,True,False,0
1306,4750157.629142718,11.516773698993964,0.07090215054277191,ok,False,True,False,0
1307,4750157.629142718,8.632653621129911,0.0685320402842492,ok,False,True,False,0
1308,5080975.155796271,13.840389495385352,0.08866205150169804,ok,False,True,False,0
1309,5219399.740782925,8.657530949485235,0.08271486165848962,ok,False,True,False,0
1310,5646163.599132479,14.740644874253357,0.09367730049219661,ok,False,True,False,0
1311,4705765.05441471,9.512520280199057,0.07586436859241358,ok,False,True,False,0
1312,4864941.8823813,11.000566315917157,0.07599954803171727,ok,False,True,False,0
1313,4929227.2136755595,11.501017728561965,0.07904402188482779,ok,False,True,False,0
1314,4858865.911809666,10.910012599674166,0.040296947302806196,ok,False,True,False,0
1315,4747180.003045261,10.07775151899324,0.06243993977267187,ok,False,True,False,0
1316,4079770.612327572,6.522439620445497,0.11368156950541042,ok,False,True,False,1
1317,3890197.7863861,6.577649127089116,0.09523981734805931,ok,False,True,False,0
1318,5501320.255266586,18.06380676905128,0.09626980933828733,ok,False,True,False,0
1319,5594047.999239751,18.953209438353035,0.09355420473146842,ok,False,True,False,0
1320,4905368.3582677925,10.372475925119929,0.07766477777254766,ok,False,True,False,0
1321,5229612.862694277,6.63183398491907,0.10311934648530041,ok,False,True,False,1
1322,4879462.4717464745,8.867550938865325,0.05899819530215844,ok,False,True,False,0
1323,4683078.68915011,9.870277897136472,0.06981176520131727,ok,False,True,False,0
1324,4757018.460019675,10.20129699725565,0.08123174095015229,ok,False,True,False,0
1325,4928433.662431163,9.356423623792452,0.06688164454858109,ok,False,True,False,0
1326,4899210.740506225,9.234600165613955,0.08309884813233881,ok,False,True,False,0
1327,4747180.003045261,9.799830359883583,0.1047178368247973,ok,False,True,False,1
1328,4750157.629142718,10.615218073428347,0.057463600520103075,ok,False,True,False,0
1329,2948587.7523981933,4.435430003935732,0.08143924742313036,ok,False,True,False,0
1330,4860423.795842248,17.01453362735777,0.07154817213012177,ok,False,True,False,0
1331,4988984.184047328,9.355620141607217,0.06528368475590529,ok,False,True,False,0
1332,4854754.618669153,12.084703707526831,0.08182320190094,ok,False,True,False,0
1333,4901973.855961481,11.128220518308183,0.09207927487032452,ok,False,True,False,0
1334,5015621.229679045,10.396523540342846,0.10863631318044842,ok,False,True,False,1
1335,4863499.676955387,12.01751691306269,0.04707281761364679,ok,False,True,False,0
1336,4907597.900138826,9.827101793960713,0.06642528568404493,ok,False,True,False,0
1337,4640733.87978854,8.366855438298634,0.06249804877173634,ok,False,True,False,0
1338,3630664.875348152,6.225594437328727,0.10349617113716314,ok,False,True,False,1
1339,4871072.283146475,8.48641256665848,0.056028377406466046,ok,False,True,False,0
1340,4757018.460019675,10.879252314107209,0.07167155832200464,ok,False,True,False,0
1341,3357000.8765196907,5.148438941581536,0.1147147366365584,ok,False,True,False,1
1342,4891845.863088046,8.998789914445613,0.060006339654638086,ok,False,True,False,0
1343,4906881.011343035,10.366696498556273,0.04862156852001309,ok,False,True,False,0
1344,4975967.579302272,12.597075511280128,0.10328770631009931,ok,False,True,False,1
1345,4683078.68915011,11.447805276578661,0.07989708835201925,ok,False,True,False,0
1346,3137987.848810427,5.103979669572212,0.09245022379810588,ok,False,True,False,0
1347,4885120.574840152,9.409473110389202,0.07329831441752377,ok,False,True,False,0
1348,5007940.707080792,11.9993324546832,0.0504935562250044,ok,False,True,False,0
1349,4870792.707966526,8.592159263979383,0.06563546661318576,ok,False,True,False,0
1350,4705765.05441471,11.483998005918341,0.06173662566750271,ok,False,True,False,0
1351,5154416.447023156,13.19852276395723,0.08013986478871378,ok,False,True,False,0
1352,4909861.803859011,11.052138101286863,0.08314290202252717,ok,False,True,False,0
1353,4865319.461431207,11.859453179669083,0.06885257656777444,ok,False,True,False,0
1354,4971728.656209546,10.774086647545396,0.06356675108421228,ok,False,True,False,0
1355,4102292.53716956,7.062953550803808,0.09617598528089022,ok,False,True,False,0
1356,4867904.573665476,12.285800425727727,0.08766967104801338,ok,False,True,False,0
1357,5086425.055677956,10.359773818954306,0.07929191108508193,ok,False,True,False,0
1358,4747180.003045261,10.438284437935026,0.08215985376734092,ok,False,True,False,0
1359,4793893.81516227,11.485641273438992,0.07515182042530281,ok,False,True,False,0
1360,4747180.003045261,12.105346732030686,0.10756205839589672,ok,False,True,False,1
1361,5002310.97429896,9.491972334178774,0.0637414030030603,ok,False,True,False,0
1362,5054455.448922584,10.360290981897993,0.06567047014435984,ok,False,True,False,0
1363,4750157.629142718,8.97101343848649,0.07276448867929419,ok,False,True,False,0
1364,5093472.305169005,12.612283967059575,0.09111714451346886,ok,False,True,False,0
1365,5134494.478331843,17.651105260379058,0.09643744146782868,ok,False,True,False,0
1366,4924525.992232995,12.3994768964375,0.08492629328242263,ok,False,True,False,0
1367,4439583.066321508,7.388185418090321,0.0649790782145232,ok,False,True,False,0
1368,5048781.034224075,16.496204101689045,0.0764081119086677,ok,False,True,False,0
1369,4858952.900526895,9.95021896405925,0.08463885675290572,ok,False,True,False,0
1370,4873690.933362844,11.084902748328794,0.06887670605213558,ok,False,True,False,0
1371,4593663.593117381,9.184814821965862,0.0741301238350871,ok,False,True,False,0
1372,4940725.152638058,9.720962858432545,0.0839131036907218,ok,False,True,False,0
1373,5021182.339178714,10.497896217781605,0.08105576539121723,ok,False,True,False,0
1374,4747180.003045261,12.464380897216389,0.071227296383853,ok,False,True,False,0
1375,4747180.003045261,9.627158090499952,0.0803468797943093,ok,False,True,False,0
1376,4867325.922598224,8.799595608179015,0.07627083654625522,ok,False,True,False,0
1377,4968326.187326067,9.492369833362357,0.09587819119964602,ok,False,True,False,0
1378,5225203.204031606,15.28669175152294,0.06905151465682641,ok,False,True,False,0
1379,4862287.336852262,14.020405498205358,0.06823075182886096,ok,False,True,False,0
1380,4079770.612327572,6.9233235385714575,0.08643975722044683,ok,False,True,False,0
1381,5015480.398804335,14.251366589483986,0.06859673385721399,ok,False,True,False,0
1382,5135835.84726553,16.148398840306267,0.09255722222312746,ok,False,True,False,0
1383,5049079.216418341,13.998064547339688,0.07406073143464925,ok,False,True,False,0
1384,4878688.937752868,10.432835386514661,0.06275415360911624,ok,False,True,False,0
1385,5034620.8486077925,10.955918245863767,0.048863005122473324,ok,False,True,False,0
1386,5144791.084019836,11.062061636107702,0.07239644058005335,ok,False,True,False,0
1387,5093220.444936056,12.494687365672899,0.0697830800271414,ok,False,True,False,0
1388,4947837.618330235,8.964155456062258,0.0728664080672019,ok,False,True,False,0
1389,4866603.41821218,9.752882113845079,0.07482611217176693,ok,False,True,False,0
1390,4872526.891397756,11.91834214770287,0.08696391842291018,ok,False,True,False,0
1391,3336995.657221681,5.341060464848762,0.07723198877534543,ok,False,True,False,0
1392,5200495.726679745,8.875834827437881,0.057936842274502076,ok,False,True,False,0
1393,4705765.05441471,10.145525309765507,0.08228657152490282,ok,False,True,False,0
1394,5070690.320386059,15.735290840751762,0.11283245092682048,ok,False,True,False,1
1395,4956073.808256682,8.632502909683673,0.055654937818522154,ok,False,True,False,0
1396,4750157.629142718,9.514222982679689,0.05843246212535658,ok,False,True,False,0
1397,3336995.657221681,4.976837579392468,0.10382636629343012,ok,False,True,False,1
1398,4987216.681187288,12.660619843610727,0.0700728619270723,ok,False,True,False,0
1399,4990113.0298043,12.397492560133102,0.07754188286824315,ok,False,True,False,0
1400,4311809.855181465,8.319307370296716,0.04830254868912842,ok,False,True,False,0
1401,4920507.084518475,11.294926959920236,0.060075176737903746,ok,False,True,False,0
1402,4268339.192541627,7.474928755878473,0.07459797388275727,ok,False,True,False,0
1403,5401560.403450164,14.485113521217453,0.07158911700007287,ok,False,True,False,0
1404,4985882.424877447,11.544342693896105,0.04664778921989143,ok,False,True,False,0
1405,5471454.820767405,9.845102425174272,0.07540646894847843,ok,False,True,False,0
1406,5184271.704095142,14.07517198411152,0.07671636783101798,ok,False,True,False,0
1407,4750157.629142718,8.757085159118116,0.06559659156848291,ok,False,True,False,0
1408,4913646.739129636,13.83927142241348,0.04153128363858771,ok,False,True,False,0
1409,5279629.898056742,17.31832395628491,0.08475021713991893,ok,False,True,False,0
1410,5102594.192203363,12.850152694819606,0.0567104220351779,ok,False,True,False,0
1411,5551257.427987841,18.174850162899116,0.11302437344256855,ok,False,True,False,1
1412,4705765.05441471,9.71109717236915,0.05765152990807257,ok,False,True,False,0
1413,4705765.05441471,9.49844164301232,0.0676007864473781,ok,False,True,False,0
1414,5208028.59743693,13.622636292286705,0.061411252013065895,ok,False,True,False,0
1415,5392718.0166461235,10.996586283844765,0.05360581394986286,ok,False,True,False,0
1416,4860823.666714538,8.688611787614084,0.06291696169499894,ok,False,True,False,0
1417,5198558.474701499,11.373931756809066,0.04106616545154873,ok,False,True,False,0
1418,4793893.81516227,11.055081598237381,0.0931188037733548,ok,False,True,False,0
1419,4872488.541962126,10.663834992210777,0.06916181918043718,ok,False,True,False,0
1420,4750157.629142718,9.078399470033297,0.060665670672070515,ok,False,True,False,0
1421,4860352.094370921,12.115997174345123,0.06065488928371354,ok,False,True,False,0
1422,4897552.038987409,7.889246312850919,0.0582043364733833,ok,False,True,False,0
1423,4858766.121217734,10.984942267769409,0.07512109605553319,ok,False,True,False,0
1424,4873871.722364356,11.404780351606313,0.07818922914261162,ok,False,True,False,0
1425,4747180.003045261,10.087080917108882,0.06481653844492408,ok,False,True,False,0
1426,5211161.670060345,14.147704275864248,0.08668601062894754,ok,False,True,False,0
1427,3507468.282093733,5.968723961334661,0.08987454169238804,ok,False,True,False,0
1428,5285192.186833701,11.793280522128478,0.07742699937812503,ok,False,True,False,0
1429,4861141.486909794,14.819928658301166,0.07571343074484704,ok,False,True,False,0
1430,3828961.78585362,6.439535762231374,0.06826493871498851,ok,False,True,False,0
1431,5027125.21337352,9.915394410875095,0.07854426900895817,ok,False,True,False,0
1432,4957825.955109387,10.707749362264916,0.07295165438545237,ok,False,True,False,0
1433,4956655.1291224,11.546046386068463,0.048319108056358195,ok,False,True,False,0
1434,4863213.340914204,9.362936761100475,0.045497611296935525,ok,False,True,False,0
1435,4973689.38891463,13.9650855464568,0.07912762064342002,ok,False,True,False,0
1436,5037584.988808913,12.403653623656362,0.07276950591072096,ok,False,True,False,0
1437,4747180.003045261,9.441093233635062,0.07985362326259804,ok,False,True,False,0
1438,3342512.705544631,4.88387797506186,0.0813740552910095,ok,False,True,False,0
1439,5091285.062816539,14.724059423032164,0.06560394771192196,ok,False,True,False,0
1440,4878233.026798798,10.424320701226527,0.08953033238594987,ok,False,True,False,0
1441,5098616.943917855,11.311334164773783,0.06085852452420229,ok,False,True,False,0
1442,5501188.797081178,13.418638193089505,0.07773617102382613,ok,False,True,False,0
1443,4747180.003045261,12.01759578818002,0.06843012587805031,ok,False,True,False,0
1444,4855423.885015679,11.771994854901914,0.0891968748434877,ok,False,True,False,0
1445,4854358.060942471,14.25024786125342,0.07099995130513836,ok,False,True,False,0
1446,5277375.428446372,13.364159347605174,0.0749388233139835,ok,False,True,False,0
1447,4854999.095579017,9.716088861391764,0.07088940638443719,ok,False,True,False,0
1448,3336995.657221681,5.493407524571365,0.09629920369405376,ok,False,True,False,0
1449,5089744.454737925,9.871883220247925,0.06521062825725721,ok,False,True,False,0
1450,4935078.686045092,11.00929923770977,0.0527493242291181,ok,False,True,False,0
1451,5114049.953705016,9.34676784906101,0.07697541783353745,ok,False,True,False,0
1452,4862476.597665413,10.257003286112733,0.06590480366471296,ok,False,True,False,0
1453,4960329.416411921,12.908380731931025,0.06058180789480688,ok,False,True,False,0
1454,5527684.575108299,14.934989195193436,0.07790725550859134,ok,False,True,False,0
1455,4102292.53716956,7.34102426901406,0.0810662859771566,ok,False,True,False,0
1456,5283126.8529228,10.176199034575195,0.07961002771044573,ok,False,True,False,0
1457,5039973.564030858,13.755057894988456,0.0881231963826889,ok,False,True,False,0
1458,4913812.560831867,10.372341447239753,0.062193000975870966,ok,False,True,False,0
1459,4900923.8666582825,9.607233132923158,0.08721513541224246,ok,False,True,False,0
1460,4747180.003045261,9.838905113606128,0.09896031899579151,ok,False,True,False,1
1461,3543508.9322967106,5.903896785800475,0.073171374392898,ok,False,True,False,0
1462,4750157.629142718,10.09517959277761,0.08552844806086175,ok,False,True,False,0
1463,3528115.202946391,5.978272523716793,0.09489095320299612,ok,False,True,False,0
1464,5390374.573885558,16.83639800322982,0.08636895672848699,ok,False,True,False,0
1465,5399778.482141104,16.20361057221908,0.10745661794383843,ok,False,True,False,1
1466,4747180.003045261,9.607116406664375,0.0793784591616552,ok,False,True,False,0
1467,4793893.81516227,9.796822844031276,0.09363490363533003,ok,False,True,False,0
1468,4311809.855181465,7.497591791515318,0.09125690189764235,ok,False,True,False,0
1469,4855655.115775088,10.324621943531445,0.061464710882686124,ok,False,True,False,0
1470,4977533.3292298,12.351389774213407,0.08496233481177096,ok,False,True,False,0
1471,4867004.039819085,10.30434415299801,0.0822870181321547,ok,False,True,False,0
1472,5042647.791822447,9.73240508122595,0.07765592362237106,ok,False,True,False,0
1473,5103913.204038621,10.220145486367267,0.05972664911832748,ok,False,True,False,0
1474,4683078.68915011,9.00743770674649,0.0752223527941226,ok,False,True,False,0
1475,4149819.2257139417,6.739882706452908,0.07569674458052225,ok,False,True,False,0
1476,4793893.81516227,12.117980740027166,0.11100353185795242,ok,False,True,False,1
1477,4750157.629142718,8.717235481968121,0.09379006967912618,ok,False,True,False,0
1478,5118435.830023112,12.400768472191714,0.07138602505792374,ok,False,True,False,0
1479,4856352.689813147,9.667163577957089,0.060886065428426436,ok,False,True,False,0
1480,4978342.418361934,16.543629759150907,0.0606787959983891,ok,False,True,False,0
1481,4747180.003045261,9.738078511975004,0.06202045125551969,ok,False,True,False,0
1482,4869904.276822419,16.49862278385998,0.08530605118917356,ok,False,True,False,0
1483,4975817.229694362,10.628557556232627,0.07085823095192201,ok,False,True,False,0
1484,4964876.087874866,11.982369448646876,0.09408579206099188,ok,False,True,False,0
1485,5019796.330954836,15.613349215386714,0.07035134125117778,ok,False,True,False,0
1486,5080450.51659799,10.997054625977155,0.07652309024177631,ok,False,True,False,0
1487,4747180.003045261,10.701864070874334,0.07770800604990563,ok,False,True,False,0
1488,3556875.6913997256,6.250792040266436,0.06951952340995005,ok,False,True,False,0
1489,5125678.186793183,8.423430810909078,0.07286728637307927,ok,False,True,False,0
1490,3336995.657221681,5.046592756100727,0.10260268124698946,ok,False,True,False,1
1491,4872426.839647531,11.404839723106571,0.08681342700546746,ok,False,True,False,0
1492,4871709.822879222,9.458173334254047,0.08142408279776436,ok,False,True,False,0
1493,5174221.679342871,12.836486146785008,0.09663241392904065,ok,False,True,False,0
1494,3336995.657221681,5.22874589630094,0.09582409354759713,ok,False,True,False,0
1495,4747180.003045261,11.570270407492647,0.10154048908558605,ok,False,True,False,1
1496,5175056.014670329,11.959640281130882,0.08767886337166525,ok,False,True,False,0
1497,4878283.857884291,15.523062946141643,0.07653427822120695,ok,False,True,False,0
1498,4905743.730195687,9.43983046390956,0.048220925355610955,ok,False,True,False,0
1499,4857499.063219795,11.804925277779525,0.06061963551146288,ok,False,True,False,0
1500,4793893.81516227,9.314394754605528,0.08727987973287088,ok,False,True,False,0
1501,5449798.12077986,15.693709882913465,0.08451274145056509,ok,False,True,False,0
1502,4705765.05441471,9.572939099626083,0.10204215096796698,ok,False,True,False,1
1503,5213943.346074506,10.694438839535138,0.07980862908026709,ok,False,True,False,0
1504,4747180.003045261,12.176709019518393,0.08406130457343478,ok,False,True,False,0
1505,4793893.81516227,8.364236772808168,0.05648322858961592,ok,False,True,False,0
1506,4883771.224791929,10.115019631637747,0.0899284537837281,ok,False,True,False,0
1507,4864933.210874516,9.44149625699932,0.09061834030596683,ok,False,True,False,0
1508,5008911.444789301,9.808973092567623,0.061440156538138835,ok,False,True,False,0
1509,4879374.171506426,9.227544738239327,0.07717953448882398,ok,False,True,False,0
1510,4268339.192541627,6.953993364215042,0.07434009876434416,ok,False,True,False,0
1511,5162764.015760949,12.016985716336727,0.09314125419926828,ok,False,True,False,0
1512,4864292.938076847,14.779882588258767,0.07390903439333174,ok,False,True,False,0
1513,4897555.893227354,9.871759920300867,0.0651112270731311,ok,False,True,False,0
1514,3543508.9322967106,5.727343902519979,0.09171033946730228,ok,False,True,False,0
1515,4893624.466266304,10.466167350339333,0.06088687873819809,ok,False,True,False,0
1516,4982630.51900235,10.496846588888022,0.06628193615167322,ok,False,True,False,0
1517,4868730.252574014,11.059194270709224,0.07306021001015195,ok,False,True,False,0
1518,4908048.441590602,12.226713643525764,0.0475065784046268,ok,False,True,False,0
1519,5219462.592131217,17.072276177756528,0.09312001643859946,ok,False,True,False,0
1520,5079625.452241117,12.818241182311782,0.07600465066688811,ok,False,True,False,0
1521,4747180.003045261,10.248889026671556,0.08444480770866258,ok,False,True,False,0
1522,4930239.71659043,8.834473669708121,0.04828659586682149,ok,False,True,False,0
1523,4869960.895677545,10.20445866479833,0.0484686800264994,ok,False,True,False,0
1524,4855164.476797804,11.794750789963665,0.05953868653145444,ok,False,True,False,0
1525,4992288.589959453,13.54123919473415,0.08011282706791739,ok,False,True,False,0
1526,4747180.003045261,10.313824935514447,0.08815305227157078,ok,False,True,False,0
1527,4747180.003045261,10.418866013655942,0.08723535249564374,ok,False,True,False,0
1528,5077664.262852944,16.85714639334434,0.05765261790572229,ok,False,True,False,0
1529,4879504.6880182605,11.287864410066163,0.06650929197664468,ok,False,True,False,0
1530,3630768.137702888,5.9309554142258225,0.10638484108641294,ok,False,True,False,1
1531,3446045.452357808,5.857649641880484,0.09813922893063158,ok,False,True,False,1
1532,4311809.855181465,7.8362839615576245,0.0952415243106235,ok,False,True,False,0
1533,5216999.761316894,18.682939185718226,0.10379588331049183,ok,False,True,False,1
1534,5388959.979036862,16.328625835624177,0.07583091836106504,ok,False,True,False,0
1535,4858225.651146111,10.27993961167583,0.06375524328816695,ok,False,True,False,0
1536,4200096.974268608,7.9669871581193785,0.07051793163615638,ok,False,True,False,0
1537,4747180.003045261,10.590644713754287,0.08161932615110068,ok,False,True,False,0
1538,4930703.924522386,9.233288066592113,0.048128825692582256,ok,False,True,False,0
1539,4757018.460019675,7.950456293743568,0.07905793505719061,ok,False,True,False,0
1540,4858457.225934048,9.357040561927,0.08072543816596334,ok,False,True,False,0
1541,4894499.637777467,10.665628454160691,0.07926492004598434,ok,False,True,False,0
1542,4747180.003045261,8.68838235708906,0.06931024119898879,ok,False,True,False,0
1543,4862932.895875702,12.95755901187161,0.08852112904193415,ok,False,True,False,0
1544,4885488.386731432,8.432362726457374,0.06143198506684133,ok,False,True,False,0
1545,4859344.66348656,13.029461078665895,0.09827912873838007,ok,False,True,False,1
1546,4200096.974268608,8.094447802004716,0.09325869849668911,ok,False,True,False,0
1547,4859726.503407162,11.543407341895415,0.08553321262234381,ok,False,True,False,0
1548,4940188.779699227,13.13712194549124,0.04704807483153939,ok,False,True,False,0
1549,4864756.976595059,10.80409386564009,0.09225827293585986,ok,False,True,False,0
1550,4872901.822157547,10.741146941429626,0.07241078474484397,ok,False,True,False,0
1551,5086339.161038719,11.948862462523872,0.06674009502188127,ok,False,True,False,0
1552,3446045.452357808,5.701625990684158,0.12090706514242054,ok,False,True,False,1
1553,5359680.602301054,24.894351902727298,0.06469876867116464,ok,False,True,False,0
1554,5314317.212088485,8.12064684452639,0.06793124185462229,ok,False,True,False,0
1555,4747180.003045261,8.687185861324362,0.0669707681355027,ok,False,True,False,0
1556,5381943.348975107,17.817640459578406,0.056080023723779515,ok,False,True,False,0
1557,4102292.53716956,7.660803943225632,0.06504769501167468,ok,False,True,False,0
1558,5109874.45206619,14.623180997398197,0.09101133435449327,ok,False,True,False,0
1559,4750157.629142718,12.884568567571772,0.08479088017580866,ok,False,True,False,0
1560,5155985.787921973,10.031752984577093,0.07474120855539851,ok,False,True,False,0
1561,4747180.003045261,10.912173225102054,0.08148179212183182,ok,False,True,False,0
1562,4102292.53716956,7.2369440767160365,0.09907562416166077,ok,False,True,False,1
1563,4705765.05441471,8.280873856880355,0.06417491620156474,ok,False,True,False,0
1564,4872663.919783732,12.841468699001478,0.05345112277996944,ok,False,True,False,0
1565,2300101.398987024,3.501128933000129,0.10732252729870007,ok,False,True,False,1
1566,5069311.125703822,11.805178428468677,0.07362457525585131,ok,False,True,False,0
1567,5082044.001325296,9.721023915306699,0.06547087728047296,ok,False,True,False,0
1568,4886229.55017913,9.342955633725474,0.061802021441570876,ok,False,True,False,0
1569,4683078.68915011,9.443988049605867,0.05381947453994351,ok,False,True,False,0
1570,4750157.629142718,10.594268933854995,0.06973995049763987,ok,False,True,False,0
1571,4865309.583627525,11.57510858063621,0.06373098562736046,ok,False,True,False,0
1572,5444493.386500917,7.154019058953295,0.06663566325472825,ok,False,True,False,0
1573,4861872.520544986,10.74394034527173,0.08512656806387853,ok,False,True,False,0
1574,5258492.748613517,12.864631203766855,0.06204088360342164,ok,False,True,False,0
1575,5199989.03179283,12.561123189755445,0.09114124407020285,ok,False,True,False,0
1576,4869595.602950477,11.409951192679651,0.08266301840301304,ok,False,True,False,0
1577,5524447.701406183,17.891936490967367,0.06996624822117414,ok,False,True,False,0
1578,4854316.113702657,12.450522858838664,0.06371387378927834,ok,False,True,False,0
1579,4948878.2508962285,12.450199218998552,0.04454987049136511,ok,False,True,False,0
1580,3507468.282093733,5.599687822169071,0.08798655084262319,ok,False,True,False,0
1581,4967995.897146474,10.943446636508238,0.07378814307291792,ok,False,True,False,0
1582,4683078.68915011,8.863368928417827,0.06777410574984602,ok,False,True,False,0
1583,4929448.134328689,9.822364297300851,0.07125731216578657,ok,False,True,False,0
1584,4924295.038734819,11.15782599830917,0.10263365874067998,ok,False,True,False,1
1585,5057209.060307285,8.978479034188918,0.09413853065801359,ok,False,True,False,0
1586,5058239.07485797,11.320645960526875,0.0631924130631436,ok,False,True,False,0
1587,4864781.3169653155,10.246202284241813,0.05414706624687626,ok,False,True,False,0
1588,4901808.577842809,11.314276623561975,0.10259624397400885,ok,False,True,False,1
1589,5305184.634096955,9.269962798364489,0.07452089947651763,ok,False,True,False,0
1590,4863942.353656226,12.547877315403168,0.09746221945523809,ok,False,True,False,0
1591,4200096.974268608,7.767009176022251,0.10006109802905866,ok,False,True,False,1
1592,4874902.494737449,11.723633104406279,0.05050361970940942,ok,False,True,False,0
1593,4705765.05441471,8.222158948220379,0.0694481372366077,ok,False,True,False,0
1594,5011127.999507956,19.135823789193548,0.0823856118974528,ok,False,True,False,0
1595,4413233.824277808,9.189217759335373,0.048266413287238685,ok,False,True,False,0
1596,3585652.395054665,6.237239476658462,0.09759663270694918,ok,False,True,False,0
1597,4705765.05441471,8.021630351761008,0.06221484930374277,ok,False,True,False,0
1598,4861195.836135025,11.680357391965824,0.08700874898479216,ok,False,True,False,0
1599,5293095.522876049,17.033531374972547,0.07368917522794827,ok,False,True,False,0
1600,5352781.653603714,8.108903208860157,0.09620085052722804,ok,False,True,False,0
1601,5109878.214804009,9.881358044053307,0.09307211876839394,ok,False,True,False,0
1602,4862141.654149712,13.475202647823174,0.08521872797686769,ok,False,True,False,0
1603,5594910.723088817,15.097677385179846,0.10405562418118136,ok,False,True,False,1
1604,4747180.003045261,13.583488950044345,0.08386324816222551,ok,False,True,False,0
1605,5174554.33154062,11.316669607669619,0.0675765997931616,ok,False,True,False,0
1606,4856610.746799073,10.266794404585255,0.0515210709571442,ok,False,True,False,0
1607,5805948.470609749,12.330362450985518,0.07894181299273098,ok,False,True,False,0
1608,5191335.748353154,15.692991764993494,0.07099985600471581,ok,False,True,False,0
1609,5058147.153845495,10.517761497684095,0.09597502512952916,ok,False,True,False,0
1610,4929415.7503121905,9.846476827010079,0.04906425761038169,ok,False,True,False,0
1611,5270485.173527282,14.248129583633236,0.05671115271270755,ok,False,True,False,0
1612,4860509.40108149,10.41904885545745,0.086064123987727,ok,False,True,False,0
1613,4747180.003045261,9.85484050161762,0.0902785186364651,ok,False,True,False,0
1614,4857931.163717928,9.07612253999855,0.09030308319129554,ok,False,True,False,0
1615,4079770.612327572,7.114558845531477,0.09031556684163078,ok,False,True,False,0
1616,4858035.281593951,13.736901179736142,0.08096794824324544,ok,False,True,False,0
1617,4897137.024750618,10.141524975089823,0.05455757928003113,ok,False,True,False,0
1618,5125677.852749134,13.121724888255804,0.09306083865751857,ok,False,True,False,0
1619,5104946.2395563135,12.419450183782045,0.08059615455602742,ok,False,True,False,0
1620,5066547.169684288,12.38545215761243,0.07321016413131376,ok,False,True,False,0
1621,5301581.019324711,25.62964252618298,0.10017291179470122,ok,False,True,False,1
1622,4268339.192541627,7.464180224575371,0.07193435872780563,ok,False,True,False,0
1623,4891992.775508762,14.216629357366351,0.06018155865776842,ok,False,True,False,0
1624,4896176.571077439,14.168948274137371,0.06637387982130194,ok,False,True,False,0
1625,4919976.710080847,13.612605681353994,0.10921943851082727,ok,False,True,False,1
1626,4865690.3501349585,10.477143335509242,0.0823707526520893,ok,False,True,False,0
1627,5218143.601026472,13.4093201070318,0.0743465859198073,ok,False,True,False,0
1628,4922018.922803981,9.146693221874644,0.06391851447177976,ok,False,True,False,0
1629,5348948.597344815,12.65023398067156,0.057321687459771065,ok,False,True,False,0
1630,4750157.629142718,10.80936045787273,0.08455776805643112,ok,False,True,False,0
1631,4747180.003045261,11.347581399023124,0.06154269232249632,ok,False,True,False,0
1632,4861918.702269264,11.25078394779508,0.05429834522147958,ok,False,True,False,0
1633,4793893.81516227,9.885237601089168,0.08661982340808633,ok,False,True,False,0
1634,4855443.0239007855,11.458990113579112,0.07990988300768331,ok,False,True,False,0
1635,4858204.079078089,11.160907175358233,0.06431060854187798,ok,False,True,False,0
1636,5169589.291990759,12.915010257530014,0.07810424386999465,ok,False,True,False,0
1637,4996827.85149703,11.028876320770111,0.07007143406869043,ok,False,True,False,0
1638,3617358.704666448,6.771191093510993,0.07380955755088525,ok,False,True,False,0
1639,4870455.5013919845,8.089073494442228,0.05473808283063375,ok,False,True,False,0
1640,5382421.421462855,9.16487019237236,0.071146008476208,ok,False,True,False,0
1641,5158065.63780491,8.030744491971287,0.07400045206852912,ok,False,True,False,0
1642,4870615.500268263,9.755762062592817,0.05421779694846063,ok,False,True,False,0
1643,5486587.3002447495,17.86044022479162,0.09505961718270939,ok,False,True,False,0
1644,5015023.35643375,8.852442479851302,0.06010492234737838,ok,False,True,False,0
1645,4750157.629142718,9.205368727872647,0.09292939999375616,ok,False,True,False,0
1646,4878764.875094574,10.82487891025504,0.04998645181435912,ok,False,True,False,0
1647,4870583.163288774,8.96225885054619,0.08416779339263969,ok,False,True,False,0
1648,5165715.832534927,13.939033419079331,0.05978082470881861,ok,False,True,False,0
1649,5543370.061865025,12.15384786261463,0.09419371340510752,ok,False,True,False,0
1650,4855870.373647839,10.46372466676906,0.06375425796095457,ok,False,True,False,0
1651,5113592.87494944,8.615850729576337,0.07617104799670849,ok,False,True,False,0
1652,5258230.988576853,11.349862953967712,0.09840448928174728,ok,False,True,False,1
1653,5205593.180133896,15.15141930896009,0.09768884073540962,ok,False,True,False,0
1654,4958449.911236335,10.157287440403342,0.09291337792580512,ok,False,True,False,0
1655,5305005.360554242,11.419557673046754,0.08061711486702064,ok,False,True,False,0
1656,5381331.116533007,24.484453769606382,0.0970214571396103,ok,False,True,False,0
1657,4856492.892802265,9.72087459678965,0.06887148591882541,ok,False,True,False,0
1658,4867836.808474913,9.724045460920927,0.060797450563875755,ok,False,True,False,0
1659,4858531.794031084,13.34002160906616,0.06544885463590833,ok,False,True,False,0
1660,3446045.452357808,6.175541078061087,0.077137607104235,ok,False,True,False,0
1661,4747180.003045261,10.148797514345883,0.059786593305610425,ok,False,True,False,0
1662,5529658.949207352,14.171304735757614,0.08180727793043058,ok,False,True,False,0
1663,4747180.003045261,8.634882562825979,0.09087521168269867,ok,False,True,False,0
1664,5193636.061035769,16.261995414688037,0.08560312433343242,ok,False,True,False,0
1665,5375806.509961611,12.299164371881467,0.09575009292205305,ok,False,True,False,0
1666,4861292.103991093,10.12444038136994,0.04932054867674285,ok,False,True,False,0
1667,4747180.003045261,9.82832634117721,0.10193976007542438,ok,False,True,False,1
1668,3223934.413738825,5.289106904656177,0.09098212057476293,ok,False,True,False,0
1669,4861045.994158485,13.448214112746705,0.0669040457410689,ok,False,True,False,0
1670,4886806.095425262,10.976439100685525,0.06918153996268295,ok,False,True,False,0
1671,5246586.681370262,10.384307544778537,0.08732193948168099,ok,False,True,False,0
1672,5018652.524756953,10.168398501576133,0.08482250386293344,ok,False,True,False,0
1673,4856007.781621869,9.739261033266168,0.0865156765517846,ok,False,True,False,0
1674,5226526.967087806,12.570976550040635,0.0838144526603572,ok,False,True,False,0
1675,4683078.68915011,8.47828806824906,0.07453761720444008,ok,False,True,False,0
1676,4860003.222779075,11.859891716840306,0.0825083099927002,ok,False,True,False,0
1677,5586898.088677336,21.494722382528447,0.09388922783991777,ok,False,True,False,0
1678,4919363.089199795,11.113789757625488,0.06145165327335367,ok,False,True,False,0
1679,4863715.752239728,11.654031694703008,0.08717684503254208,ok,False,True,False,0
1680,5173380.9552524155,10.47635961170433,0.07124664516209789,ok,False,True,False,0
1681,4989536.285247392,8.549513911044851,0.07272082395108792,ok,False,True,False,0
1682,5094497.326926356,10.296513315711163,0.08361163474351774,ok,False,True,False,0
1683,4762962.819076799,8.560100980095148,0.0825193708131794,ok,False,True,False,0
1684,4865637.938545829,11.286815569786556,0.07774100364345937,ok,False,True,False,0
1685,4967841.457979671,10.91693154076368,0.061784770117205734,ok,False,True,False,0
1686,4747180.003045261,11.776378314881669,0.10878337189728682,ok,False,True,False,1
1687,5082369.17216713,9.126530484333113,0.07157802733398178,ok,False,True,False,0
1688,4891751.743011809,11.58241020330629,0.06859446771332,ok,False,True,False,0
1689,4750157.629142718,8.846330683843973,0.07061179803149648,ok,False,True,False,0
1690,4859462.33072385,10.814834181190182,0.05335400109758398,ok,False,True,False,0
1691,4917476.235172294,9.302213897942394,0.04631526311857537,ok,False,True,False,0
1692,5195982.793325722,12.263873836796463,0.043333174422074405,ok,False,True,False,0
1693,4875058.987257885,13.986142818386083,0.05886873912602725,ok,False,True,False,0
1694,4880178.694310269,11.612173331236901,0.03706554203767587,ok,False,True,False,0
1695,4882820.884089311,10.405511975203726,0.0662751928352765,ok,False,True,False,0
1696,4757018.460019675,10.256294808277405,0.0683078761997713,ok,False,True,False,0
1697,4858948.185188274,15.083419270039633,0.07187217606260887,ok,False,True,False,0
1698,5056685.863151267,11.024474612768431,0.05595696241745002,ok,False,True,False,0
1699,4895777.851284091,12.014120639251313,0.0711715304985634,ok,False,True,False,0
1700,4862166.4450279,16.967583660845406,0.06831793697928945,ok,False,True,False,0
1701,4757018.460019675,9.35818968927563,0.0618575251374201,ok,False,True,False,0
1702,4683078.68915011,9.649923497476516,0.0865784447554652,ok,False,True,False,0
1703,5214524.287248898,11.94826498043573,0.06600829110118639,ok,False,True,False,0
1704,5291428.372085016,14.87124319347854,0.07600472034705186,ok,False,True,False,0
1705,3432351.156454028,5.5062562881376325,0.07511954280220079,ok,False,True,False,0
1706,4873007.087213456,16.40267158396777,0.10496905189333772,ok,False,True,False,1
1707,4747180.003045261,9.337125242443356,0.08443359422429264,ok,False,True,False,0
1708,4885361.378452326,11.810178370773464,0.07880110300214471,ok,False,True,False,0
1709,4793893.81516227,10.24221989513809,0.08678722087647517,ok,False,True,False,0
1710,4868405.990368545,9.240778486583148,0.05099929573053125,ok,False,True,False,0
1711,4750157.629142718,9.694762238011048,0.07735948262643064,ok,False,True,False,0
1712,4881958.92355065,11.186966167188116,0.08108059163386555,ok,False,True,False,0
1713,4945266.370729934,12.130515664617185,0.07010068206817621,ok,False,True,False,0
1714,5038178.3991859555,9.503478742512286,0.07382885197279077,ok,False,True,False,0
1715,4936860.97787047,13.552420614575212,0.0578509070917643,ok,False,True,False,0
1716,5062900.619928642,15.567275118799785,0.0970134688758797,ok,False,True,False,0
1717,4864148.933903899,10.020267195284681,0.09249155765994577,ok,False,True,False,0
1718,4747180.003045261,10.950090334511613,0.08239485538479788,ok,False,True,False,0
1719,4861742.335337687,9.71928895437148,0.05680307660627104,ok,False,True,False,0
1720,4896890.730680444,10.870038740973706,0.06278222510382792,ok,False,True,False,0
1721,5055029.923385693,12.085413595340519,0.07037475332296456,ok,False,True,False,0
1722,5548544.514030077,13.671280009637472,0.05676854218666039,ok,False,True,False,0
1723,5073331.618267337,10.559963052478684,0.06745366417419651,ok,False,True,False,0
1724,4856932.020811781,10.393044032268387,0.03796275552217099,ok,False,True,False,0
1725,5607222.325986336,10.352266975751085,0.07742906736898048,ok,False,True,False,0
1726,5104447.397225151,13.488603168501989,0.07879076593277667,ok,False,True,False,0
1727,3630664.875348152,5.418057145680961,0.08942145644086469,ok,False,True,False,0
1728,3357000.8765196907,5.044105642718973,0.10627946208879557,ok,False,True,False,1
1729,4870303.069554164,10.86429368864161,0.07076425177023549,ok,False,True,False,0
1730,4964119.077833459,8.432332012170896,0.05726824201688918,ok,False,True,False,0
1731,4750157.629142718,11.718986989451809,0.06691188740159981,ok,False,True,False,0
1732,5225914.720147474,17.33490450849623,0.07529128781846284,ok,False,True,False,0
1733,4858981.45632423,11.524683047173557,0.091395889659034,ok,False,True,False,0
1734,5070016.465685989,11.037140456980497,0.07506615429854263,ok,False,True,False,0
1735,5076798.333683016,10.360685003424353,0.08845253431999422,ok,False,True,False,0
1736,4895307.990443054,10.407270973337459,0.05302221425996034,ok,False,True,False,0
1737,4921109.194593946,8.862787988732364,0.057110523077411934,ok,False,True,False,0
1738,4311809.855181465,6.9070034005869605,0.07200594412940203,ok,False,True,False,0
1739,4906923.528567957,8.791586093622332,0.061833590495274815,ok,False,True,False,0
1740,4747180.003045261,9.981097778554316,0.07840066931789935,ok,False,True,False,0
1741,4864935.975026425,12.169615567936418,0.0988261532704402,ok,False,True,False,1
1742,4683078.68915011,9.620838591083317,0.06793905520734866,ok,False,True,False,0
1743,5003921.051409974,10.892157096930907,0.0851689681342151,ok,False,True,False,0
1744,5095924.581765523,12.20480211844897,0.07558527602904586,ok,False,True,False,0
1745,4986023.945459477,9.109872325446837,0.07075281840586367,ok,False,True,False,0
1746,4871585.25214508,12.199294067460409,0.08049121132727732,ok,False,True,False,0
1747,4747180.003045261,8.709569092783084,0.07817810092663513,ok,False,True,False,0
1748,4683078.68915011,10.066271930718983,0.09926917752339237,ok,False,True,False,1
1749,4902571.786686421,10.86031784486578,0.04646501484112281,ok,False,True,False,0
1750,5033622.405163051,11.118223365997595,0.05117002342961918,ok,False,True,False,0
1751,4149819.2257139417,7.900989178450037,0.09944463958084726,ok,False,True,False,1
1752,4923909.101202483,13.898201450491753,0.0898875204761832,ok,False,True,False,0
1753,4705765.05441471,12.380580774896908,0.0901390263537728,ok,False,True,False,0
1754,3451998.5597333424,5.619526090033874,0.08198778274977492,ok,False,True,False,0
1755,5599667.820228183,12.611485905726255,0.11726891230082026,ok,False,True,False,1
1756,3543508.9322967106,6.1531490038889265,0.07803627503392152,ok,False,True,False,0
1757,4955721.936182141,8.92096724612032,0.08606179354223953,ok,False,True,False,0
1758,4867433.651369071,12.090232412508577,0.060241689002277665,ok,False,True,False,0
1759,4922435.904216846,9.023173743200068,0.05724055280898677,ok,False,True,False,0
1760,4936462.660036335,15.541094454759806,0.06231959863212183,ok,False,True,False,0
1761,5293972.824419345,15.166292461602215,0.11774518642875531,ok,False,True,False,1
1762,5471581.801750332,15.82913321400792,0.08413775961721431,ok,False,True,False,0
1763,4960770.551940517,12.334142423128995,0.09268366032108583,ok,False,True,False,0
1764,3446045.452357808,5.316224502865643,0.08568518856823393,ok,False,True,False,0
1765,6047955.63903739,20.05177732901059,0.09291141226522684,ok,False,True,False,0
1766,4750157.629142718,10.406509451060721,0.07384184736309202,ok,False,True,False,0
1767,5065765.414834413,16.657660308026717,0.0627580855787388,ok,False,True,False,0
1768,4951470.170012831,11.781896127273528,0.09651347522006992,ok,False,True,False,0
1769,4992495.045862206,12.510693513915035,0.07464102871688294,ok,False,True,False,0
1770,4861259.549910611,9.55469032369767,0.057788942535490606,ok,False,True,False,0
1771,5172399.785991694,8.928688439425887,0.08704962288477089,ok,False,True,False,0
1772,4747180.003045261,9.13783844316999,0.07267918328581846,ok,False,True,False,0
1773,4757018.460019675,9.164857903289072,0.06569488353841668,ok,False,True,False,0
1774,4866465.142248675,11.454276730822766,0.050007875520046874,ok,False,True,False,0
1775,4750157.629142718,10.22922181348565,0.08021064709754533,ok,False,True,False,0
1776,4268339.192541627,7.728796951418489,0.10562049567545134,ok,False,True,False,1
1777,4870391.318100316,12.01461799881366,0.04272000387811076,ok,False,True,False,0
1778,5266753.139518975,16.918653160213086,0.07462427540745847,ok,False,True,False,0
1779,4879716.304092284,12.475697187722536,0.061923878973254354,ok,False,True,False,0
1780,4856433.614753016,8.561557683275863,0.051373831526902114,ok,False,True,False,0
1781,5296338.380557152,10.884180899914528,0.058621969388813144,ok,False,True,False,0
1782,4870516.785234498,8.914053130850483,0.07636683535926836,ok,False,True,False,0
1783,5080487.480121539,10.180439558044215,0.06303117917985868,ok,False,True,False,0
1784,4964982.540023964,7.917968657753992,0.05753133560990231,ok,False,True,False,0
1785,4750157.629142718,9.656913825108594,0.06607422838315957,ok,False,True,False,0
1786,4936678.682861762,10.148491150478918,0.06763680535623118,ok,False,True,False,0
1787,5105508.040804434,13.3867167407335,0.0477026068779175,ok,False,True,False,0
1788,3369651.9972953447,5.304789006076679,0.07401019895858796,ok,False,True,False,0
1789,4970687.778350769,8.739124600774652,0.055860469343660846,ok,False,True,False,0
1790,5200034.04821253,10.864111308457638,0.06962443355529191,ok,False,True,False,0
1791,5391554.236760956,13.74077690972644,0.09610937523796159,ok,False,True,False,0
1792,4858223.637859487,12.916168995044838,0.08405022545316909,ok,False,True,False,0
1793,4757018.460019675,11.352641296121494,0.06125404979995863,ok,False,True,False,0
1794,4640733.87978854,10.474598992755901,0.09660823108792127,ok,False,True,False,0
1795,4882713.795787415,10.965673273213067,0.0694189124078407,ok,False,True,False,0
1796,4868060.338358578,10.537658370593752,0.06620587537497724,ok,False,True,False,0
1797,5025690.217368608,9.995667873456085,0.04624074793045524,ok,False,True,False,0
1798,4747180.003045261,9.839730678229921,0.08271130748517364,ok,False,True,False,0
1799,5452383.642342217,11.334756490345592,0.07994964429900414,ok,False,True,False,0
1800,5002436.857815623,9.375923416131132,0.06244326869847755,ok,False,True,False,0
1801,4934943.579456764,10.867364627435032,0.05792070714472239,ok,False,True,False,0
1802,4871820.515890883,12.291175320794737,0.08554495696726105,ok,False,True,False,0
1803,4999284.145316266,16.990936125693146,0.07356058224221046,ok,False,True,False,0
1804,4897123.837130886,13.486927521851808,0.05583236085880472,ok,False,True,False,0
1805,4896215.643952524,10.869986561618466,0.05048258105382153,ok,False,True,False,0
1806,4793893.81516227,10.43568642971284,0.08088951139200262,ok,False,True,False,0
1807,3357000.8765196907,4.975048176681943,0.09279491521266248,ok,False,True,False,0
1808,4930357.678370546,10.825284149355245,0.049523551779212416,ok,False,True,False,0
1809,5300123.052763122,11.989188896701776,0.09934899075898174,ok,False,True,False,1
1810,4857354.797439268,10.499697702686547,0.08542398141837071,ok,False,True,False,0
1811,5223211.9485053755,14.747644018704708,0.09389817258466443,ok,False,True,False,0
1812,4854774.069208452,13.28820882233343,0.10416050558861267,ok,False,True,False,1
1813,4881780.752714089,8.884017023119275,0.05634349094703128,ok,False,True,False,0
1814,3528115.202946391,5.824284591586397,0.11674127277559865,ok,False,True,False,1
1815,4932423.215401317,13.066644148816971,0.07510095696869418,ok,False,True,False,0
1816,5140335.157366495,16.264385657665844,0.07560404496680895,ok,False,True,False,0
1817,4683078.68915011,8.801533772250334,0.05956776774361072,ok,False,True,False,0
1818,5009182.198348163,10.600453014705785,0.09928860171214715,ok,False,True,False,1
1819,4856160.696182819,10.760067223809141,0.06792578587837894,ok,False,True,False,0
1820,5084677.230062875,14.679513653594599,0.0858551358576417,ok,False,True,False,0
1821,4857086.539074842,10.491334908889401,0.07111130200285676,ok,False,True,False,0
1822,4149819.2257139417,7.988017398601,0.08657611130031384,ok,False,True,False,0
1823,4747180.003045261,10.379815347055036,0.0627898227742566,ok,False,True,False,0
1824,5099061.145034522,10.758725233885958,0.0692448626209683,ok,False,True,False,0
1825,5244602.610365564,14.762551930978525,0.08734064306981093,ok,False,True,False,0
1826,5309827.937991954,9.30003064451347,0.0681495893328351,ok,False,True,False,0
1827,5229590.438011049,11.52610238740146,0.0742133231161704,ok,False,True,False,0
1828,4984133.892567578,11.9471887275078,0.07572094294722975,ok,False,True,False,0
1829,4793893.81516227,13.31289411757251,0.11864911115234411,ok,False,True,False,1
1830,4912368.726450333,12.929224474026398,0.05545894145490504,ok,False,True,False,0
1831,5108088.724201859,12.868994221204252,0.06072745608597452,ok,False,True,False,0
1832,4793893.81516227,9.641878254555932,0.07232132382486245,ok,False,True,False,0
1833,4747180.003045261,9.926007400210285,0.08898563218408095,ok,False,True,False,0
1834,4102292.53716956,7.04394802050534,0.10983436705921679,ok,False,True,False,1
1835,4855100.17100009,13.696073281781555,0.07830190544732629,ok,False,True,False,0
1836,5428307.075235364,8.220456465215024,0.08421567662720464,ok,False,True,False,0
1837,4897814.090754097,8.497633709044134,0.0756886796982188,ok,False,True,False,0
1838,5052544.013415231,10.472107479408484,0.06982260883694302,ok,False,True,False,0
1839,4925622.044843148,12.45887748171418,0.0915225261538978,ok,False,True,False,0
1840,5508023.909277499,7.889300366762082,0.06576297363983052,ok,False,True,False,0
1841,4858187.947926044,10.041222407984618,0.07320350062486514,ok,False,True,False,0
1842,5273882.846690578,10.594100721755812,0.05149427657819272,ok,False,True,False,0
1843,3507468.282093733,5.755427452492654,0.08369890918429645,ok,False,True,False,0
1844,4968301.224956294,11.406806407072835,0.07638798700577887,ok,False,True,False,0
1845,4750157.629142718,10.446673789020295,0.06731760867022274,ok,False,True,False,0
1846,4793893.81516227,9.040957612136468,0.09370102629829713,ok,False,True,False,0
1847,5141500.321407589,10.445522656354777,0.0721344054712153,ok,False,True,False,0
1848,4311809.855181465,8.509083304666284,0.07811672350245147,ok,False,True,False,0
1849,4925153.365935796,11.932287706409848,0.08276892339649589,ok,False,True,False,0
1850,4747180.003045261,8.976118186679132,0.058893152628236106,ok,False,True,False,0
1851,5660609.950396258,13.424385443291014,0.08990965859918965,ok,False,True,False,0
1852,4683078.68915011,9.730074867169119,0.10290676813104216,ok,False,True,False,1
1853,4864756.332305889,10.493405387637985,0.10068240080230739,ok,False,True,False,1
1854,5046907.836680609,13.814075726282972,0.06451940073371365,ok,False,True,False,0
1855,4874729.739078807,11.4676237961543,0.06127707044941155,ok,False,True,False,0
1856,4995677.1984358495,15.181729336512069,0.08997013684652505,ok,False,True,False,0
1857,4865464.003635377,11.102553404577224,0.05426033360071192,ok,False,True,False,0
1858,5305048.154276118,12.564085785064497,0.0974581254191777,ok,False,True,False,0
1859,3399077.948310124,5.1870090015987165,0.0905477510290974,ok,False,True,False,0
1860,4324739.151746342,8.022304069481695,0.11507897744451306,ok,False,True,False,1
1861,5294746.514351648,18.032369526823263,0.07875333999050621,ok,False,True,False,0
1862,4855777.950624223,11.161307579559526,0.06388496801338461,ok,False,True,False,0
1863,4327078.195923081,8.561559490243665,0.10587071758474453,ok,False,True,False,1
1864,5622311.955112528,11.591995048876347,0.0722987421546828,ok,False,True,False,0
1865,6189211.958864479,21.353188760115206,0.09064232475600936,ok,False,True,False,0
1866,4879935.178286298,8.382206947683809,0.10491609516748168,ok,False,True,False,1
1867,5113049.0789841525,9.062803492053954,0.0987472750836107,ok,False,True,False,1
1868,4079770.612327572,7.161148706798977,0.08049943168131102,ok,False,True,False,0
1869,4863539.665152819,12.330785077905867,0.06517020048904676,ok,False,True,False,0
1870,5151075.80270878,13.868264263590786,0.0759891923379502,ok,False,True,False,0
1871,4757018.460019675,10.465654556065749,0.06951463569321031,ok,False,True,False,0
1872,4960334.097109646,13.728190904809964,0.08913618648249988,ok,False,True,False,0
1873,4200096.974268608,7.553198045034277,0.0995614171671424,ok,False,True,False,1
1874,5063656.02541365,14.63567066954154,0.09825214099121737,ok,False,True,False,1
1875,5388436.135802329,15.379797816788397,0.08675343248051937,ok,False,True,False,0
1876,4857254.86918407,9.585477298275674,0.09572540948325844,ok,False,True,False,0
1877,4973392.549466729,14.473146805270218,0.09570133794406266,ok,False,True,False,0
1878,5487107.303245951,14.603504043174645,0.05253428255173048,ok,False,True,False,0
1879,5404214.161361487,15.40897969036385,0.0930253090006743,ok,False,True,False,0
1880,4793893.81516227,9.57748650905816,0.0836491737184785,ok,False,True,False,0
1881,5000025.425623266,13.292881713972648,0.06266116906707864,ok,False,True,False,0
1882,4857535.567474526,9.574095235856975,0.05776221869156106,ok,False,True,False,0
1883,4984898.863161878,11.51093865441141,0.0525789021928752,ok,False,True,False,0
1884,4919354.534535176,15.601464130513078,0.0707480656388727,ok,False,True,False,0
1885,4889526.972973589,8.50278064570752,0.06054974173187164,ok,False,True,False,0
1886,4862366.114318351,9.792626731659208,0.08330887108765012,ok,False,True,False,0
1887,4750157.629142718,10.860335789957569,0.0630898012926289,ok,False,True,False,0
1888,4873495.596072285,12.094769276198202,0.05584738672302475,ok,False,True,False,0
1889,5273032.645100871,14.1417562273832,0.08742505075815261,ok,False,True,False,0
1890,4311809.855181465,7.753144005655678,0.05185212149863039,ok,False,True,False,0
1891,4683078.68915011,10.172303525828662,0.07581527299219426,ok,False,True,False,0
1892,4861668.387977429,9.57416761679102,0.06818205326582027,ok,False,True,False,0
1893,4705765.05441471,9.346558656327208,0.06792402434790812,ok,False,True,False,0
1894,5144139.782173823,8.058240969618767,0.07289887993948185,ok,False,True,False,0
1895,4793893.81516227,11.140336772470944,0.09569485280060475,ok,False,True,False,0
1896,4747180.003045261,10.957090586260417,0.05965952486326889,ok,False,True,False,0
1897,3629074.572459636,6.819310533912438,0.07030839252514387,ok,False,True,False,0
1898,4705765.05441471,8.76049362904853,0.05653453192144897,ok,False,True,False,0
1899,5012253.785611972,9.03593575167589,0.06559379709834001,ok,False,True,False,0
1900,4747180.003045261,7.445225359869788,0.060765440069832144,ok,False,True,False,0
1901,4895896.322683079,10.046451779884459,0.04646628188652527,ok,False,True,False,0
1902,4762962.819076799,9.656062204631809,0.09040035914185163,ok,False,True,False,0
1903,4750157.629142718,10.94487822666086,0.08057161612064272,ok,False,True,False,0
1904,4934618.1211516345,9.886906206517263,0.05805409138511075,ok,False,True,False,0
1905,5326848.2486991435,12.05436328106863,0.09130211224720675,ok,False,True,False,0
1906,4874680.510596494,10.705361392603873,0.0657186141441557,ok,False,True,False,0
1907,5774477.599650448,24.657774380479225,0.10180724785210243,ok,False,True,False,1
1908,4793893.81516227,10.471792779981888,0.04277670363389563,ok,False,True,False,0
1909,4268339.192541627,8.726615422698558,0.12274598257818148,ok,False,True,False,1
1910,3446045.452357808,5.588338595665176,0.09764031769277048,ok,False,True,False,0
1911,4324739.151746342,8.08928797214896,0.07553637866922386,ok,False,True,False,0
1912,4311809.855181465,7.6224267371894605,0.06897752468744406,ok,False,True,False,0
1913,4640733.87978854,9.003785729340743,0.07670586447592861,ok,False,True,False,0
1914,4864472.83926415,12.281312948151012,0.08964114007100016,ok,False,True,False,0
1915,4855642.668555768,11.390323174967845,0.08989510964668745,ok,False,True,False,0
1916,4869334.903225491,10.543358466837342,0.06779649633652174,ok,False,True,False,0
1917,5259404.763781156,13.080767442610913,0.06463310099282632,ok,False,True,False,0
1918,5164517.748406431,12.23511733949981,0.08410189162761783,ok,False,True,False,0
1919,4870132.547759503,10.546051955588357,0.0787454829044929,ok,False,True,False,0
1920,4793893.81516227,9.828364760423124,0.09496730519538665,ok,False,True,False,0
1921,4982685.871537236,12.475784262922911,0.08685551855008539,ok,False,True,False,0
1922,4965761.096422166,11.41992191747367,0.07526493404940077,ok,False,True,False,0
1923,4887802.814371601,9.33434700726708,0.05322492375892196,ok,False,True,False,0
1924,5223222.519242983,10.52103893599078,0.061112067918803414,ok,False,True,False,0
1925,4869562.025911483,10.66615071718381,0.041014670638580886,ok,False,True,False,0
1926,5019665.553150823,12.15059493872916,0.07937639127342501,ok,False,True,False,0
1927,4859110.066120392,9.857278628008366,0.0765406006774203,ok,False,True,False,0
1928,5775781.372923535,9.299215820486339,0.09205629539981863,ok,False,True,False,0
1929,4857439.574082147,11.483440455616378,0.07662410738275582,ok,False,True,False,0
1930,4747180.003045261,12.419780221835973,0.09288255144073707,ok,False,True,False,0
1931,4881329.398152553,10.700538972003306,0.08626423560860907,ok,False,True,False,0
1932,4912178.079480381,11.488419214356437,0.06289604546790056,ok,False,True,False,0
1933,5603390.532003732,13.405760610340709,0.0780746566425532,ok,False,True,False,0
1934,4870529.745922681,11.279939854533225,0.07945081947764399,ok,False,True,False,0
1935,5004271.3924864475,13.139888290995714,0.08771167186930759,ok,False,True,False,0
1936,4869316.7058268385,11.969427138470854,0.0754091308327392,ok,False,True,False,0
1937,4683078.68915011,10.48978989817171,0.07629992933037077,ok,False,True,False,0
1938,4948311.530253841,10.438108705082705,0.09707991454221476,ok,False,True,False,0
1939,4855690.256375772,10.220161113156044,0.11042937417301357,ok,False,True,False,1
1940,5005595.005777204,12.79106121596327,0.09234265593617341,ok,False,True,False,0
1941,4859889.14074007,9.884803757618071,0.07303072017860746,ok,False,True,False,0
1942,5370044.7214295855,15.4213173993818,0.09986588864371798,ok,False,True,False,1
1943,3432351.156454028,5.100470727672005,0.08633547049242296,ok,False,True,False,0
1944,4875079.663235542,9.118788991669753,0.07059010118594436,ok,False,True,False,0
1945,4855729.126368565,10.031805936161279,0.06399069443436317,ok,False,True,False,0
1946,4886191.680420101,9.129628056173685,0.056444230830794084,ok,False,True,False,0
1947,4873327.107972656,13.863157736957815,0.06755957708741078,ok,False,True,False,0
1948,5416000.037459636,11.294830877494915,0.08583879284817952,ok,False,True,False,0
1949,5555531.902564226,20.688331517750093,0.10264437551374,ok,False,True,False,1
1950,4747180.003045261,11.575957267103473,0.09335556573520928,ok,False,True,False,0
1951,5080198.139674038,11.369704949554777,0.08769807227378995,ok,False,True,False,0
1952,4874571.800527349,10.567905630907095,0.09515937807094277,ok,False,True,False,0
1953,4932322.508721163,12.370356877197898,0.06684112183357194,ok,False,True,False,0
1954,5012661.796659363,11.55967247996452,0.0638245399298949,ok,False,True,False,0
1955,4683078.68915011,7.834971374535644,0.06596175868086318,ok,False,True,False,0
1956,4997995.748784009,9.775848478277926,0.06808065953912557,ok,False,True,False,0
1957,4856029.084271911,14.861240205309254,0.08552694009156836,ok,False,True,False,0
1958,5119009.38312679,11.23523328746768,0.05338793398874475,ok,False,True,False,0
1959,4683078.68915011,8.10916423464664,0.06068333389777503,ok,False,True,False,0
1960,4868512.415103581,9.500781435573687,0.08119634957819555,ok,False,True,False,0
1961,4640733.87978854,8.839888577078355,0.07783155121203267,ok,False,True,False,0
1962,5214278.601945465,13.467965123802564,0.05233438553191583,ok,False,True,False,0
1963,4640733.87978854,8.586523970903544,0.09341238434705068,ok,False,True,False,0
1964,4883996.017476345,15.512732594516937,0.0574870331502461,ok,False,True,False,0
1965,4857902.713503653,11.878674591427158,0.08712218742946115,ok,False,True,False,0
1966,4877457.542603372,11.865433900724534,0.10190860625360754,ok,False,True,False,1
1967,4870698.092962071,11.202076049765573,0.05403255624888059,ok,False,True,False,0
1968,5652642.437365657,8.485904765629144,0.058959649181326124,ok,False,True,False,0
1969,4974329.492218275,11.530054037654612,0.08254445413186456,ok,False,True,False,0
1970,4683078.68915011,8.846597989102602,0.08986501431543031,ok,False,True,False,0
1971,5298301.720553285,11.531400714702475,0.05822631979589077,ok,False,True,False,0
1972,5510357.828532793,43.359678889977964,0.11661696389869869,ok,False,True,False,1
1973,5063833.5518130455,14.964119673309435,0.05267348084651402,ok,False,True,False,0
1974,3492245.189242847,5.670462258725918,0.11148361355966296,ok,False,True,False,1
1975,4870092.106733248,10.823338981336965,0.08506873691303118,ok,False,True,False,0
1976,5517877.290553141,10.261837992450177,0.08521225249600195,ok,False,True,False,0
1977,4757018.460019675,11.433698484256466,0.06045283453825301,ok,False,True,False,0
1978,4747180.003045261,11.191036334017983,0.07786327007230404,ok,False,True,False,0
1979,4867251.559420082,9.623897764316267,0.059626470031082124,ok,False,True,False,0
1980,4858705.506928381,9.62261036681642,0.08045159950765479,ok,False,True,False,0
1981,4904431.796475561,9.903659573399233,0.07140255046326827,ok,False,True,False,0
1982,5059670.43393878,10.256693956692349,0.0638548614503161,ok,False,True,False,0
1983,4874427.435597952,7.665010688931031,0.04037954351356399,ok,False,True,False,0
1984,4870126.8736273805,10.037737702554402,0.07157844490167498,ok,False,True,False,0
1985,5344854.580977487,11.580742199908622,0.051591029892742946,ok,False,True,False,0
1986,4683078.68915011,8.550449288528998,0.09929636699026231,ok,False,True,False,1
1987,4856774.093983182,12.321227016628358,0.06777162678196036,ok,False,True,False,0
1988,4793893.81516227,8.411948435410386,0.06379684631675775,ok,False,True,False,0
1989,5059668.659983452,8.950787587399628,0.06805496007682277,ok,False,True,False,0
1990,5526610.519126617,16.341658061894968,0.07512035628221225,ok,False,True,False,0
1991,4906565.686962838,14.794930319758233,0.08978408085453071,ok,False,True,False,0
1992,5042987.91538157,11.660849828754381,0.09594724170361091,ok,False,True,False,0
1993,4757018.460019675,9.762493924285389,0.09800036204567626,ok,False,True,False,1
1994,4870823.023702466,9.377829294315239,0.05153896844339853,ok,False,True,False,0
1995,5034495.669385304,11.915696932641248,0.08442315611320783,ok,False,True,False,0
1996,4872285.307371362,10.721803638046485,0.05359988230220247,ok,False,True,False,0
1997,4171017.3460589824,7.884918190607369,0.09779985266392088,ok,False,True,False,1
1998,5348157.7592527,12.253626921693488,0.05744083314327941,ok,False,True,False,0
1999,4878460.788546095,9.78608486273597,0.051735375110273374,ok,False,True,False,0
2000,4854487.771961698,9.303469620632647,0.07373470306837471,ok,False,True,False,0
2001,5233832.090748816,7.535023776316517,0.09194399264257302,ok,False,True,False,0
2002,4750157.629142718,9.497106989199096,0.06259505127422349,ok,False,True,False,0
2003,5071133.484351665,9.535857964897009,0.09218266516341139,ok,False,True,False,0
2004,4919270.401113921,10.196093182078284,0.07226810451413423,ok,False,True,False,0
2005,5009119.4378649965,12.4194301531916,0.07433381483312684,ok,False,True,False,0
2006,4705765.05441471,9.860441816580614,0.10662472973030115,ok,False,True,False,1
2007,4861532.968112598,10.321972260842562,0.09469860291271515,ok,False,True,False,0
2008,5056902.289440266,9.460078125183397,0.04402043001528094,ok,False,True,False,0
2009,5013146.2176316995,12.102939563025425,0.08053151521916666,ok,False,True,False,0
2010,3369318.12164703,5.575875408715018,0.08240544285072005,ok,False,True,False,0
2011,4917659.1836958295,10.060703373935123,0.0864104252520943,ok,False,True,False,0
2012,3369318.12164703,5.483209969429585,0.09098865718434823,ok,False,True,False,0
2013,5462676.388799332,18.871407621225273,0.07536465272888959,ok,False,True,False,0
2014,4705765.05441471,8.10688697070957,0.07921314454138229,ok,False,True,False,0
2015,4750157.629142718,9.983486280629364,0.07600675807596965,ok,False,True,False,0
2016,4876164.758565852,11.668272647140832,0.0574677646201297,ok,False,True,False,0
2017,4895960.879829056,12.619547062037366,0.042569275061246414,ok,False,True,False,0
2018,4747180.003045261,11.098428163630555,0.06571469500113195,ok,False,True,False,0
2019,4793893.81516227,9.254124559664003,0.07739363730175008,ok,False,True,False,0
2020,4878218.450635984,10.756184305240286,0.09432956041699692,ok,False,True,False,0
2021,3302496.386343417,4.840294873470553,0.10192886957211289,ok,False,True,False,1
2022,5106878.431291412,15.909061328755923,0.10697148427523895,ok,False,True,False,1
2023,5261174.066892573,15.907337924077314,0.10336535098663424,ok,False,True,False,1
2024,4868429.1197303515,13.279805750739202,0.09122114818174654,ok,False,True,False,0
2025,4757018.460019675,9.348220302680042,0.0675147016623299,ok,False,True,False,0
2026,4856289.50753584,12.837342436260352,0.06804723108090649,ok,False,True,False,0
2027,4861165.112185328,10.08863689548694,0.0638377213832294,ok,False,True,False,0
2028,5070647.706806381,15.520564031631418,0.07365120088625321,ok,False,True,False,0
2029,4885482.4193241075,11.191171686481725,0.06305847556485211,ok,False,True,False,0
2030,4857572.152060966,11.029496723997607,0.08013731020030068,ok,False,True,False,0
2031,4983906.120398377,10.255079773626415,0.06639418116921603,ok,False,True,False,0
2032,4897243.841672801,11.422338513340335,0.07178059197766018,ok,False,True,False,0
2033,5029733.183811033,11.378866507223282,0.04636205588686415,ok,False,True,False,0
2034,4882443.351716605,9.222638098770696,0.07266663123356287,ok,False,True,False,0
2035,4862405.757236286,10.422964919309088,0.06122182134242271,ok,False,True,False,0
2036,4879338.249324523,9.138035114864199,0.06733424556574807,ok,False,True,False,0
2037,4930199.485976228,9.275823199017903,0.09052896654377462,ok,False,True,False,0
2038,4859924.570463161,10.430946386492565,0.07322889908304551,ok,False,True,False,0
2039,4886930.056877708,9.799415988823723,0.0788984886734595,ok,False,True,False,0
2040,4857139.100666241,12.452470003270017,0.08224154393522076,ok,False,True,False,0
2041,2541434.9748223377,4.076465321865101,0.09184343823581431,ok,False,True,False,0
2042,4989436.343966581,12.849414327120423,0.0623807888386011,ok,False,True,False,0
2043,4860668.167065439,11.996239074966093,0.06157454592004463,ok,False,True,False,0
2044,3349576.7450299347,5.411949672540858,0.11394770308776558,ok,False,True,False,1
2045,4858278.4645672375,12.32570970061186,0.07558030704588065,ok,False,True,False,0
2046,4862206.237516716,9.083606308689262,0.06797476524708379,ok,False,True,False,0
2047,5848372.901191743,43.326332641581445,0.11886189631065043,ok,False,True,False,1
2048,4863139.834540308,9.460742770485256,0.0755044065515943,ok,False,True,False,0
2049,4954795.625391327,8.970650722975524,0.09744551678213542,ok,False,True,False,0
2050,3230012.383510678,4.760116658993068,0.11320302624915746,ok,False,True,False,1
2051,4855871.9861844415,10.920661674267247,0.09836724517738682,ok,False,True,False,1
2052,4876463.876609463,13.07980719544087,0.07697609795548721,ok,False,True,False,0
2053,5009570.548537959,13.596942053977921,0.0642045983455557,ok,False,True,False,0
2054,4858218.346396787,9.92943298605395,0.036550264318749415,ok,False,True,False,0
2055,4874777.500163949,12.45514648099319,0.10797379257943424,ok,False,True,False,1
2056,4858212.230937409,11.171371033253614,0.05241316204403851,ok,False,True,False,0
2057,5066788.079318992,11.726058963129619,0.06123651410266662,ok,False,True,False,0
2058,4747180.003045261,13.708230510665546,0.10731612738718033,ok,False,True,False,1
2059,4750157.629142718,11.300666717675224,0.07782677725182591,ok,False,True,False,0
2060,4705765.05441471,9.771730833310897,0.08337533798848584,ok,False,True,False,0
2061,4944869.646641212,11.276151032348752,0.0803606940809144,ok,False,True,False,0
2062,4593663.593117381,9.018615132726014,0.06619896655437996,ok,False,True,False,0
2063,4871396.698804862,8.402204390299053,0.09090408553317997,ok,False,True,False,0
2064,4871458.410694486,10.896321112925689,0.05285589662047363,ok,False,True,False,0
2065,4750157.629142718,11.1167128402796,0.092058611016649,ok,False,True,False,0
2066,4854966.825763144,9.446120625659052,0.09341549592300191,ok,False,True,False,0
2067,4876408.930366621,8.43758312034769,0.05584586845034023,ok,False,True,False,0
2068,4868393.116984389,9.264038238085549,0.08339888938241091,ok,False,True,False,0
2069,4865647.196966208,10.699058987195379,0.10350941488582921,ok,False,True,False,1
2070,4866986.0816739295,11.41680500340689,0.07764926088128488,ok,False,True,False,0
2071,4886202.270771924,12.14758305954528,0.08438288216905418,ok,False,True,False,0
2072,4747180.003045261,10.432559334975542,0.08258932390444651,ok,False,True,False,0
2073,4891005.984214027,9.455696534167107,0.08987129971815022,ok,False,True,False,0
2074,4747180.003045261,8.796068727455891,0.05843247927699241,ok,False,True,False,0
2075,5335522.201149759,14.271792370713758,0.0797382071209699,ok,False,True,False,0
2076,4854550.542544157,11.851049219175847,0.0621594059586531,ok,False,True,False,0
2077,4861226.365341315,11.864472499934745,0.06339770534156619,ok,False,True,False,0
2078,5075235.771238778,9.150528298205865,0.06653784971989063,ok,False,True,False,0
2079,3629074.572459636,5.744776711520802,0.08674847835948629,ok,False,True,False,0
2080,5126458.64747913,13.178894783458889,0.06517024473419852,ok,False,True,False,0
2081,4864153.336597681,10.547121320981407,0.09137704611787373,ok,False,True,False,0
2082,5032586.264955367,13.69263281997311,0.05884073046111725,ok,False,True,False,0
2083,4944997.617532382,12.498191187269748,0.08972273423241195,ok,False,True,False,0
2084,4974631.47649914,10.962951988663132,0.04412977496466999,ok,False,True,False,0
2085,4873058.283038812,12.573941384794608,0.08471661922500642,ok,False,True,False,0
2086,3017778.86978541,4.746257339965467,0.09326705548254993,ok,False,True,False,0
2087,4705765.05441471,9.894420124795499,0.049335729140433146,ok,False,True,False,0
2088,5081396.517468141,14.965939978628898,0.046186871682870057,ok,False,True,False,0
2089,4867144.881081638,11.457879044605377,0.05501522003320625,ok,False,True,False,0
2090,4108700.127581739,7.331279670831678,0.08586160610769633,ok,False,True,False,0
2091,4863019.826992821,10.878503643069608,0.0894935323240772,ok,False,True,False,0
2092,3205254.594743669,5.118807686497353,0.09344740275935715,ok,False,True,False,0
2093,4705765.05441471,10.621933696044406,0.08056634605734136,ok,False,True,False,0
2094,5391923.083829582,12.496447363043202,0.07447019735816296,ok,False,True,False,0
2095,5111119.221673616,9.790305513277342,0.06548456168987271,ok,False,True,False,0
2096,5007883.092722819,9.060187983786768,0.07727003890106965,ok,False,True,False,0
2097,5014240.713925724,10.946334091821399,0.06001994071336619,ok,False,True,False,0
2098,4885073.50169061,10.1628143678815,0.07484456062512335,ok,False,True,False,0
2099,4867848.410242761,11.352981524904596,0.06484901961491045,ok,False,True,False,0
2100,5144559.663555626,11.61830265740235,0.07751263865857427,ok,False,True,False,0
2101,4862323.09517862,8.941231313838472,0.04903494980285633,ok,False,True,False,0
2102,4857864.945129135,10.114480098326151,0.07339063391288947,ok,False,True,False,0
2103,4747180.003045261,8.942890788858229,0.0890235224728729,ok,False,True,False,0
2104,5010258.087828281,10.710169031945702,0.05245387480878516,ok,False,True,False,0
2105,4949444.095579837,10.990740789897936,0.07113386650846279,ok,False,True,False,0
2106,3492245.189242847,5.694342182376539,0.09274932264048497,ok,False,True,False,0
2107,4869610.924460892,8.934590058493116,0.09085514946570528,ok,False,True,False,0
2108,5165903.535449767,8.589763070013102,0.10875218587266333,ok,False,True,False,1
2109,4994124.908375108,12.934982293105355,0.08755470682964234,ok,False,True,False,0
2110,5224286.390352196,17.926916780590776,0.0846080871168754,ok,False,True,False,0
2111,4079770.612327572,7.02847764424564,0.08197791648543651,ok,False,True,False,0
2112,5085390.644435221,11.642480950066457,0.06926132628752124,ok,False,True,False,0
2113,4867166.05247886,11.333656266449571,0.09099979596344643,ok,False,True,False,0
2114,5558377.557201453,27.645222274164894,0.10417761818284377,ok,False,True,False,1
2115,5023079.419663644,11.07799734225437,0.08711989406007736,ok,False,True,False,0
2116,4311809.855181465,8.056459374941038,0.09276564998580666,ok,False,True,False,0
2117,4974184.175505337,9.66217021240638,0.05557688950783857,ok,False,True,False,0
2118,4149819.2257139417,8.014393567915633,0.07586943428858095,ok,False,True,False,0
2119,3432351.156454028,5.558715656598386,0.09889051515703173,ok,False,True,False,1
2120,5045486.07879566,13.054203439499227,0.055894502285444014,ok,False,True,False,0
2121,4857862.901467646,10.966360722190846,0.06793269712677946,ok,False,True,False,0
2122,4889838.842551737,10.091280050979627,0.0526057161369774,ok,False,True,False,0
2123,4855627.434093883,10.603251043620238,0.05539797744411101,ok,False,True,False,0
2124,4757018.460019675,8.394109792963388,0.06389564134492554,ok,False,True,False,0
2125,3626167.236809957,6.105420897789135,0.09839863514169872,ok,False,True,False,1
2126,5095199.403455219,14.498513887111365,0.053159661575471195,ok,False,True,False,0
2127,4861263.116696608,12.515951145625737,0.10067265811778603,ok,False,True,False,1
2128,4899527.24661421,11.728095871219447,0.07254228472919211,ok,False,True,False,0
2129,4925919.496932538,12.927312340440604,0.10609851845906215,ok,False,True,False,1
2130,4983454.857918707,11.53721376712545,0.052329342164828145,ok,False,True,False,0
2131,4854962.723461171,11.985045819858772,0.07322251440050687,ok,False,True,False,0
2132,4856634.276593794,14.65790483622941,0.05717037236046685,ok,False,True,False,0
2133,4942793.047936333,7.901533564927615,0.07219591917794643,ok,False,True,False,0
2134,2764312.3841539626,3.9928419045422676,0.11620018798123788,ok,False,True,False,1
2135,5426648.924231213,14.456797448478074,0.08423742408231899,ok,False,True,False,0
2136,5265348.563879403,14.484585894259911,0.09531153144342386,ok,False,True,False,0
2137,4854183.120995796,8.18590923875717,0.0601017079360629,ok,False,True,False,0
2138,5204531.357496941,13.39472003795673,0.08016822599747639,ok,False,True,False,0
2139,5068714.743557845,11.214836186145094,0.05643801600275333,ok,False,True,False,0
2140,3379957.442615515,5.221064453739907,0.10887841906645523,ok,False,True,False,1
2141,4750157.629142718,11.518246938434762,0.08485936965473218,ok,False,True,False,0
2142,4965473.880648169,11.394916732523354,0.07433700840683644,ok,False,True,False,0
2143,3452709.942445366,5.5243807053381655,0.09812103729680532,ok,False,True,False,1
2144,4871747.539924344,8.522377006892368,0.06565130542706932,ok,False,True,False,0
2145,4750157.629142718,8.99480505546994,0.08943015164534063,ok,False,True,False,0
2146,4873150.808602364,12.973881816116135,0.10801151301597078,ok,False,True,False,1
2147,3156683.115653401,4.748758542884061,0.08640111713203347,ok,False,True,False,0
2148,6296793.9902687725,14.4847203157629,0.10078182848751749,ok,False,True,False,1
2149,5077334.841313822,12.731075075121147,0.051176785658185286,ok,False,True,False,0
2150,4884020.86086116,9.91457315843473,0.06149762986094204,ok,False,True,False,0
2151,3492347.88912923,5.846081700574698,0.08690586679246648,ok,False,True,False,0
2152,4860320.311017535,11.463599215855442,0.06944197926424345,ok,False,True,False,0
2153,4762962.819076799,11.89628876356342,0.05689417385434789,ok,False,True,False,0
2154,4991317.9734614715,15.772771630204696,0.11081415036162301,ok,False,True,False,1
2155,4932346.934359258,12.3182332678013,0.06113785919937259,ok,False,True,False,0
2156,4988354.1296308935,15.88321974780104,0.08916871271418592,ok,False,True,False,0
2157,4858847.992550102,12.105280705758858,0.05915445858435331,ok,False,True,False,0
2158,5304101.461536259,11.748949555258612,0.09145000458749786,ok,False,True,False,0
2159,4757018.460019675,8.978664585286918,0.05826739701061619,ok,False,True,False,0
2160,4870949.573103292,11.906710121494061,0.08337705982626298,ok,False,True,False,0
2161,4859982.309889096,10.723426959453706,0.09118376593635236,ok,False,True,False,0
2162,4883438.539222569,9.682144274600448,0.06536456321754791,ok,False,True,False,0
2163,6337905.415553131,23.22081045095397,0.10187990553430276,ok,False,True,False,1
2164,4200096.974268608,6.891126777680871,0.10094470686402301,ok,False,True,False,1
2165,4200096.974268608,8.18373040274173,0.06929651153439509,ok,False,True,False,0
2166,4858290.012186301,9.6728538413298,0.09811068962751435,ok,False,True,False,1
2167,4171017.3460589824,7.061624699535376,0.07589787818197136,ok,False,True,False,0
2168,3178636.9762845123,5.069340433929704,0.08645798993049647,ok,False,True,False,0
2169,5621460.368375919,11.489762939896716,0.08743053278694554,ok,False,True,False,0
2170,5271892.127625092,10.78318989249419,0.07062883687768524,ok,False,True,False,0
2171,5460746.886254959,17.3717721841895,0.09578763740079821,ok,False,True,False,0
2172,5193964.2826474095,8.426219732601261,0.11642183802195538,ok,False,True,False,1
2173,4938371.527839513,12.757522827371039,0.09123968991930365,ok,False,True,False,0
2174,4149819.2257139417,7.4108624710006,0.12166763149552617,ok,False,True,False,1
2175,4898082.018561845,11.375301337093775,0.08389389974874212,ok,False,True,False,0
2176,4855279.363120754,11.16534128071054,0.09495909712809714,ok,False,True,False,0
2177,5191451.81814454,12.421529982691121,0.07551713483120459,ok,False,True,False,0
2178,4705765.05441471,8.725194396763836,0.06087089020360992,ok,False,True,False,0
2179,3492245.189242847,5.924114545509085,0.11753902096639424,ok,False,True,False,1
2180,4897605.698755587,12.376376780093253,0.05898921652875351,ok,False,True,False,0
2181,4750157.629142718,8.580641025601814,0.08019170212974414,ok,False,True,False,0
2182,4888341.433712602,11.642598800001496,0.07923437266872191,ok,False,True,False,0
2183,5039096.352060014,13.07579538787551,0.0830935538520936,ok,False,True,False,0
2184,5149668.236041924,10.824922755598633,0.0678398054433621,ok,False,True,False,0
2185,5205825.677697516,8.627514306931646,0.060346070607616015,ok,False,True,False,0
2186,5134872.294850583,12.001457260923742,0.06722443271090006,ok,False,True,False,0
2187,4855374.953299101,11.916656515239113,0.06441967141630689,ok,False,True,False,0
2188,4949658.992606016,15.080379117059131,0.053878141529675294,ok,False,True,False,0
2189,4856076.040913873,11.790658785712315,0.08447566874910983,ok,False,True,False,0
2190,4705765.05441471,8.2350724505971,0.054343762536456675,ok,False,True,False,0
2191,4705765.05441471,7.867806501689936,0.06796386143263422,ok,False,True,False,0
2192,4885544.155116117,11.186433172375853,0.07060275901410862,ok,False,True,False,0
2193,4936994.312536408,12.112336639249826,0.10805208376082487,ok,False,True,False,1
2194,4875275.709054272,14.515766346693654,0.08228223645040472,ok,False,True,False,0
2195,5221760.517518946,9.834547476001667,0.07247062648505742,ok,False,True,False,0
2196,4910902.853224849,9.754081370052408,0.06553131955894897,ok,False,True,False,0
2197,5612899.727971782,14.807925391106666,0.0841467881242435,ok,False,True,False,0
2198,5052008.238336071,9.45596685571201,0.07195357713386691,ok,False,True,False,0
2199,4747180.003045261,8.822096117705884,0.0913443833498897,ok,False,True,False,0
2200,4866730.642728333,11.547001654482496,0.0701890437389196,ok,False,True,False,0
2201,4857217.514806804,11.792286124349012,0.08226658384957303,ok,False,True,False,0
2202,4883075.337390813,8.74479870979129,0.07011270607563858,ok,False,True,False,0
2203,4882039.974813897,12.202715651324523,0.052846165199298856,ok,False,True,False,0
2204,3349576.7450299347,5.276289614682821,0.10556398954870794,ok,False,True,False,1
2205,4993518.670721376,12.846707433072622,0.10265734338510402,ok,False,True,False,1
2206,4793893.81516227,9.324738323810726,0.08632096828157436,ok,False,True,False,0
2207,3507468.282093733,5.98428631878603,0.11028745813050467,ok,False,True,False,1
2208,3384464.385239622,5.224186947547282,0.0943442806826244,ok,False,True,False,0
2209,4705765.05441471,9.789925813007029,0.0624790011027366,ok,False,True,False,0
2210,4683078.68915011,7.724135666852953,0.06210115196783206,ok,False,True,False,0
2211,5472554.837529544,11.5163370349698,0.06748474257003756,ok,False,True,False,0
2212,4863617.909961003,11.333884243288198,0.08848333191376734,ok,False,True,False,0
2213,3432351.156454028,5.45117096656336,0.10369401423962554,ok,False,True,False,1
2214,4854689.214837557,10.934690940315615,0.08345855724685303,ok,False,True,False,0
2215,4977491.902996981,13.068055492915304,0.08385170122909945,ok,False,True,False,0
2216,4873835.908630969,18.373476673541976,0.10902466638559549,ok,False,True,False,1
2217,4872507.925606699,10.106893403794286,0.046616779069569736,ok,False,True,False,0
2218,4890407.138700779,12.535801857586668,0.10304172085159752,ok,False,True,False,1
2219,5219049.405808561,16.058539382300143,0.08698249614354325,ok,False,True,False,0
2220,4860875.151387544,11.54538964048434,0.06898714378325643,ok,False,True,False,0
2221,4894081.197699573,12.645371394389088,0.059843947694688926,ok,False,True,False,0
2222,4877376.932344683,12.790999273961598,0.06085838932107479,ok,False,True,False,0
2223,4953666.763366574,12.557632980533144,0.047144083432489936,ok,False,True,False,0
2224,5068387.067835866,10.309095111989201,0.04665295452348073,ok,False,True,False,0
2225,4859735.986133084,9.686255516566144,0.099512326439824,ok,False,True,False,1
2226,4747180.003045261,9.176893781693114,0.07665889726495873,ok,False,True,False,0
2227,4916637.878757685,14.6948634898284,0.10603232561197301,ok,False,True,False,1
2228,4200096.974268608,8.375484800778242,0.08941649654792361,ok,False,True,False,0
2229,5115166.458699627,20.776490849771005,0.08872557962056304,ok,False,True,False,0
2230,5164031.323715168,14.737870613577055,0.107919192208221,ok,False,True,False,1
2231,5218831.16775093,8.303708896815117,0.04845040891201369,ok,False,True,False,0
2232,4324739.151746342,8.690017506112948,0.06434372203370875,ok,False,True,False,0
2233,5037231.765081661,11.916775657421178,0.09950119808362826,ok,False,True,False,1
2234,4793893.81516227,9.301302638093539,0.0720782541860217,ok,False,True,False,0
2235,4929683.705811957,11.353310765802629,0.055600672843118426,ok,False,True,False,0
2236,4895317.603070222,11.568764944512536,0.0785763539965949,ok,False,True,False,0
2237,5300267.245393119,9.788008089298106,0.060277172836448956,ok,False,True,False,0
2238,5407359.547373732,15.86212528986072,0.08341040224037277,ok,False,True,False,0
2239,5120294.289742858,12.804059736468968,0.07230701269600304,ok,False,True,False,0
2240,4750157.629142718,8.742103893496719,0.06958429457181992,ok,False,True,False,0
2241,4747180.003045261,8.690336916149562,0.05477430594311661,ok,False,True,False,0
2242,5147033.45756567,10.789560643452473,0.0839758662988147,ok,False,True,False,0
2243,3349576.7450299347,5.113696747239666,0.08367100454674661,ok,False,True,False,0
2244,4882830.689778434,11.332858072653318,0.09740766596353545,ok,False,True,False,0
2245,4640733.87978854,8.98281525676606,0.0812213354572211,ok,False,True,False,0
2246,4747180.003045261,10.114249289054479,0.09243340447614634,ok,False,True,False,0
2247,5323509.2144635385,10.90736553258724,0.05079186128556912,ok,False,True,False,0
2248,4747180.003045261,9.397689995090202,0.06342071088897325,ok,False,True,False,0
2249,5806942.754429136,22.03344283926756,0.09644593408979121,ok,False,True,False,0
2250,5076668.37010984,13.229406344847419,0.0690044311919481,ok,False,True,False,0
2251,4893110.632357353,9.424838328251772,0.04505832127056697,ok,False,True,False,0
2252,5069869.98380541,13.238145750692931,0.07442812801242327,ok,False,True,False,0
2253,4863274.134596453,13.704929267633302,0.08122794943251044,ok,False,True,False,0
2254,4929744.356747723,8.754929750309838,0.05700812438654135,ok,False,True,False,0
2255,4942712.769507897,10.70051018509273,0.06852291465058835,ok,False,True,False,0
2256,4747180.003045261,9.888282489556246,0.08387243405087819,ok,False,True,False,0
2257,5202220.078065572,11.998898220641626,0.058386585778011785,ok,False,True,False,0
2258,4705765.05441471,9.796149717778404,0.07321554763355215,ok,False,True,False,0
2259,4887649.82287515,9.702926341248919,0.06526820197358592,ok,False,True,False,0
2260,4873222.039755958,8.967933414292554,0.06490547677198755,ok,False,True,False,0
2261,4854946.455516761,11.22521803222174,0.049739602589508825,ok,False,True,False,0
2262,4386582.612162131,8.531168275747591,0.06962993110859939,ok,False,True,False,0
2263,4854923.618383559,12.560157208098836,0.05352125176252032,ok,False,True,False,0
2264,2516037.688016199,3.743360880210022,0.10894705749963801,ok,False,True,False,1
2265,3260157.169210259,5.320722207849861,0.10974159258276484,ok,False,True,False,1
2266,4884242.7686188575,12.41053423770834,0.0911891153664266,ok,False,True,False,0
2267,4894520.25582069,10.551680066498566,0.08161365274931176,ok,False,True,False,0
2268,5113472.994152739,11.387187393866498,0.0598725855926055,ok,False,True,False,0
2269,5226314.3947435375,12.891855452905,0.09567217531126238,ok,False,True,False,0
2270,4865318.205625801,16.58109139205663,0.09864789068024205,ok,False,True,False,1
2271,4372633.062418139,7.6325427151373475,0.06795897249829175,ok,False,True,False,0
2272,4866917.091185525,7.9484727397860855,0.04574559211884888,ok,False,True,False,0
2273,4213116.005076589,7.894042811018318,0.11454865230886624,ok,False,True,False,1
2274,3432351.156454028,5.515147940366559,0.08883881581379738,ok,False,True,False,0
2275,5208476.498092632,11.19400283423969,0.061098816729016486,ok,False,True,False,0
2276,4896334.212819829,10.511376035295344,0.04834141168556072,ok,False,True,False,0
2277,4327078.195923081,7.707552645507687,0.05210904939982064,ok,False,True,False,0
2278,3883479.682496268,7.208262266674763,0.07357986723302123,ok,False,True,False,0
2279,4311809.855181465,7.279138014334898,0.0578999984406956,ok,False,True,False,0
2280,3257319.382745661,5.013127124690025,0.10158884848890118,ok,False,True,False,1
2281,5142037.319131124,11.255880297939864,0.06040126205952612,ok,False,True,False,0
2282,4870006.611218036,11.999738160685316,0.05694924209386354,ok,False,True,False,0
2283,4858194.125019741,12.233564470574985,0.05318183339411481,ok,False,True,False,0
2284,4913277.1704322435,9.101451544587407,0.0717906790110957,ok,False,True,False,0
2285,4858799.270465236,9.967883369101244,0.05380771740042861,ok,False,True,False,0
2286,5095580.056063632,11.797083443253863,0.05641465767802312,ok,False,True,False,0
2287,4858969.286635695,8.488656786358579,0.08180551641246148,ok,False,True,False,0
2288,4960248.499106768,11.380545330072035,0.07911484233483057,ok,False,True,False,0
2289,3446045.452357808,5.816725007941349,0.09478376935306132,ok,False,True,False,0
2290,4953662.3087131325,8.98499539553078,0.06137448529597356,ok,False,True,False,0
2291,4969673.709115972,10.929378805929343,0.05248093461083214,ok,False,True,False,0
2292,5239083.6081518065,17.34633811612141,0.08153035184025828,ok,False,True,False,0
2293,4869472.713260326,13.873032559018785,0.06830897583229197,ok,False,True,False,0
2294,4920089.880132844,9.137868092568379,0.06899187675625185,ok,False,True,False,0
2295,4881825.643897609,10.918017180442357,0.0507529703900621,ok,False,True,False,0
2296,4929771.828018568,13.084569814298835,0.06519723267282378,ok,False,True,False,0
2297,5203056.047805289,7.115133927861518,0.08881688303951585,ok,False,True,False,0
2298,5311485.617533654,11.851975594978136,0.058177299131662474,ok,False,True,False,0
2299,4793893.81516227,10.288376580191434,0.06954802773531221,ok,False,True,False,0
2300,4896999.4989210395,10.30253373573199,0.08988660249115037,ok,False,True,False,0
2301,4883835.046549922,15.359371398814616,0.06343333901051806,ok,False,True,False,0
2302,4962119.4695259845,11.384647684535095,0.07568218009781391,ok,False,True,False,0
2303,5253033.776047868,12.522661774601191,0.0674502683293883,ok,False,True,False,0
2304,4750157.629142718,9.538616401437276,0.08518021903250828,ok,False,True,False,0
2305,4863999.396954804,11.179927967575779,0.07355947124398732,ok,False,True,False,0
2306,4859367.968966581,12.02036703322304,0.07673221795013019,ok,False,True,False,0
2307,4997318.788147993,11.199796011525152,0.09334843267293935,ok,False,True,False,0
2308,4858247.263501856,10.523512691230065,0.08984398097576762,ok,False,True,False,0
2309,5413893.095337625,15.629048466599233,0.06555763759614523,ok,False,True,False,0
2310,4886328.902092214,14.1417952544719,0.07213055218804865,ok,False,True,False,0
2311,4934226.08151131,10.64852365503634,0.09543633995604543,ok,False,True,False,0
2312,5054775.601003425,11.794184617917427,0.059539952572636445,ok,False,True,False,0
2313,4947687.763813147,11.461764563862943,0.08779234264464586,ok,False,True,False,0
2314,5268142.77866698,11.599395845994358,0.059493903899631995,ok,False,True,False,0
2315,4991365.122088529,14.063910448132471,0.05614388125467118,ok,False,True,False,0
2316,4866584.856960606,10.719228214245101,0.0683500570708587,ok,False,True,False,0
2317,3158053.491710955,5.028627054582715,0.09733753707820164,ok,False,True,False,0
2318,3617358.704666448,6.148804143283147,0.08144251228628813,ok,False,True,False,0
2319,4750157.629142718,10.589343285018858,0.07428378170414918,ok,False,True,False,0
2320,4747180.003045261,8.269657239970588,0.053230575282436354,ok,False,True,False,0
2321,4213116.005076589,7.055427865919934,0.08593025792882159,ok,False,True,False,0
2322,5340865.0319863055,21.37317341227321,0.09096227771075549,ok,False,True,False,0
2323,4938561.5382311735,12.072994433147239,0.06320385170739135,ok,False,True,False,0
2324,3492347.88912923,5.3532056881334364,0.09316396655576542,ok,False,True,False,0
2325,5715491.154375516,12.721340578223785,0.09522652993363917,ok,False,True,False,0
2326,4877612.929622529,10.497308991556933,0.0551690804888762,ok,False,True,False,0
2327,5088084.227542531,16.655970816215472,0.10866989518219738,ok,False,True,False,1
2328,5382811.030643228,21.68387909970102,0.0800780496621133,ok,False,True,False,0
2329,4875170.643388962,10.955075375040316,0.08413964329763712,ok,False,True,False,0
2330,4860150.996280341,11.970104776168826,0.08370011537799016,ok,False,True,False,0
2331,4854496.3794097435,11.804747259622802,0.10925406746044908,ok,False,True,False,1
2332,5230720.383184637,12.003606040467368,0.09332650398595066,ok,False,True,False,0
2333,4993487.422475474,11.776602295592253,0.07499402360387952,ok,False,True,False,0
2334,4857827.544262553,11.097990135803768,0.09095367368428808,ok,False,True,False,0
2335,4200096.974268608,8.043322240054597,0.0958043548156069,ok,False,True,False,0
2336,4874286.354223083,14.007005596223982,0.08548234156211632,ok,False,True,False,0
2337,5044783.348169104,17.611249525733022,0.07192092048958881,ok,False,True,False,0
2338,5071078.3450677,12.963312799157992,0.051390075032905935,ok,False,True,False,0
2339,4860457.050472467,11.158277838056662,0.06998267640894551,ok,False,True,False,0
2340,4944254.331637906,10.004339688984981,0.08915059650639179,ok,False,True,False,0
2341,4855866.304538238,10.16923169720135,0.07778324252300195,ok,False,True,False,0
2342,5091288.862136579,10.074627887152696,0.07937816707807976,ok,False,True,False,0
2343,5017988.376594731,9.228707884670742,0.0687512670623196,ok,False,True,False,0
2344,4311809.855181465,7.929473207617876,0.06764954591666694,ok,False,True,False,0
2345,5101810.923573874,10.751184889239193,0.08143762547829225,ok,False,True,False,0
2346,5143650.898860021,11.773094169494623,0.08502452580949127,ok,False,True,False,0
2347,4750157.629142718,8.845955604298727,0.042908793242938614,ok,False,True,False,0
2348,5106885.364159007,13.585387400412671,0.09784884046578834,ok,False,True,False,1
2349,4926785.53778547,13.924463950798676,0.08139744075987632,ok,False,True,False,0
2350,4747180.003045261,10.346712549875697,0.08308943521000656,ok,False,True,False,0
2351,4962525.95959872,11.06572877618601,0.08861791270748398,ok,False,True,False,0
2352,4904330.869360266,9.533539168806193,0.08320303917894045,ok,False,True,False,0
2353,4757018.460019675,11.359491937257744,0.09728870338686957,ok,False,True,False,0
2354,4873137.67058177,12.227940227348087,0.0732143320382288,ok,False,True,False,0
2355,4858442.112976076,7.7875340610137735,0.06797678220300402,ok,False,True,False,0
2356,4902273.339068798,13.622211604445093,0.07292816742898556,ok,False,True,False,0
2357,4860314.039263681,11.945383576223149,0.05952658678756928,ok,False,True,False,0
2358,4865896.714476388,10.434206082102218,0.06921959910390252,ok,False,True,False,0
2359,5374953.79803682,6.30238285928198,0.10231217940900328,ok,False,True,False,1
2360,5281041.5087692905,17.334186873502492,0.09733164929471005,ok,False,True,False,0
2361,4640733.87978854,8.536711682633907,0.07057597341832322,ok,False,True,False,0
2362,4880657.069466517,11.889642406428017,0.06347914070935634,ok,False,True,False,0
2363,4864025.957362358,13.809847701873476,0.05686356990720853,ok,False,True,False,0
2364,4888350.445033526,10.537067552240666,0.048899111846051335,ok,False,True,False,0
2365,4870319.880291327,10.853467440634569,0.05458653310404871,ok,False,True,False,0
2366,4747180.003045261,10.116665036696403,0.09022313850121766,ok,False,True,False,0
2367,5393306.852136702,13.123904532505744,0.07348043009078731,ok,False,True,False,0
2368,4951407.820380289,11.44452062887439,0.08268127282756842,ok,False,True,False,0
2369,4854699.143268642,9.693803546833502,0.0873965020784303,ok,False,True,False,0
2370,4747180.003045261,9.892094290560985,0.0801752698555177,ok,False,True,False,0
2371,4747180.003045261,10.017104856801945,0.07255506914361619,ok,False,True,False,0
2372,4909608.802490455,10.056308865545304,0.08051090060700161,ok,False,True,False,0
2373,4859973.891333668,11.643033146421912,0.07679774210405838,ok,False,True,False,0
2374,5003388.479653756,11.49452434316342,0.04653964094111951,ok,False,True,False,0
2375,4876262.736840565,10.952987715329705,0.0549085632109729,ok,False,True,False,0
2376,4892819.530803772,13.174190948760335,0.08457067543147861,ok,False,True,False,0
2377,4862624.553564971,12.885706612173898,0.08781815489583178,ok,False,True,False,0
2378,3543508.9322967106,6.035987453944723,0.08098280050551399,ok,False,True,False,0
2379,4793893.81516227,10.932706995454337,0.08346421689929284,ok,False,True,False,0
2380,5383991.360520959,10.389481734001514,0.06712542204516248,ok,False,True,False,0
2381,4914937.777882705,9.347147937100216,0.07224488618204661,ok,False,True,False,0
2382,4924072.020601902,17.142501054180578,0.05059768707754342,ok,False,True,False,0
2383,5036687.30946729,9.005842127661984,0.069687388979087,ok,False,True,False,0
2384,5301973.573186626,14.538784055426236,0.06516158582557938,ok,False,True,False,0
2385,4865628.7075810535,11.977404307644717,0.06718799365186817,ok,False,True,False,0
2386,4750157.629142718,9.957202596631497,0.09406375270614692,ok,False,True,False,0
2387,4950147.279929621,9.69212176440814,0.07766665090730895,ok,False,True,False,0
2388,5007326.378581284,7.626546459599448,0.05792718349606235,ok,False,True,False,0
2389,5260388.095774659,10.588846966646527,0.06897778125159643,ok,False,True,False,0
2390,5466601.252756438,16.45902883311137,0.07138693981653138,ok,False,True,False,0
2391,4750157.629142718,8.911173223711376,0.06005304434121317,ok,False,True,False,0
2392,4747180.003045261,10.025639669787694,0.062040576831215055,ok,False,True,False,0
2393,4937858.834583198,12.408833202931978,0.08063009271948807,ok,False,True,False,0
2394,4863475.960491402,11.777049516367677,0.06750247092745987,ok,False,True,False,0
2395,4855305.058699066,11.402399620590447,0.12080854788624396,ok,False,True,False,1
2396,5173306.033806721,9.73130869719093,0.03943410069437922,ok,False,True,False,0
2397,4906637.402764859,15.01321845510606,0.06272997391633406,ok,False,True,False,0
2398,4750157.629142718,9.909300228764414,0.07153860260574113,ok,False,True,False,0
2399,4855817.333616107,12.21000651216915,0.10480000635299824,ok,False,True,False,1
2400,4868630.498294953,13.374131011157203,0.05039508400344894,ok,False,True,False,0
2401,4747180.003045261,11.010464434716647,0.09321486043242155,ok,False,True,False,0
2402,4883916.424858513,10.922522935447423,0.07987332205845654,ok,False,True,False,0
2403,4747180.003045261,10.775852284065992,0.09877481949175759,ok,False,True,False,1
2404,3446045.452357808,5.44592261293774,0.10585122971632566,ok,False,True,False,1
2405,4858986.3183029825,10.111125311045763,0.07799562435280033,ok,False,True,False,0
2406,4683078.68915011,8.835226439517285,0.08982367648507356,ok,False,True,False,0
2407,4864149.6405366,9.867865891203333,0.09493080330272419,ok,False,True,False,0
2408,4913612.289301736,11.423067685865604,0.05979227607477383,ok,False,True,False,0
2409,4870576.266264683,10.418889159461326,0.0699274591542603,ok,False,True,False,0
2410,4859763.686299287,10.105879562214085,0.0570761787907893,ok,False,True,False,0
2411,4999845.848242818,15.156826454491325,0.059448921901845364,ok,False,True,False,0
2412,4879835.249043972,13.323117535577053,0.04980823782498012,ok,False,True,False,0
2413,4747180.003045261,9.762893237382581,0.07242570152256378,ok,False,True,False,0
2414,4971347.953336819,10.002621712612854,0.06802214871458956,ok,False,True,False,0
2415,5302997.451843594,20.103249118098137,0.09720790918327465,ok,False,True,False,0
2416,5314213.784552795,11.406801007321851,0.07492103070210787,ok,False,True,False,0
2417,4747180.003045261,8.473485560105832,0.10105013781236494,ok,False,True,False,1
2418,3369318.12164703,5.715514222570467,0.1113068941440451,ok,False,True,False,1
2419,4931036.473812259,11.32310344602845,0.09176876214084184,ok,False,True,False,0
2420,4976764.030681015,9.528443372681743,0.04757373331913628,ok,False,True,False,0
2421,4950866.786612364,14.277589763643684,0.07867136287009724,ok,False,True,False,0
2422,4747180.003045261,9.255291866593288,0.061603244101545274,ok,False,True,False,0
2423,3492245.189242847,6.28181707415284,0.07975426866956004,ok,False,True,False,0
2424,4918528.014543234,9.91179161922846,0.05139853586993842,ok,False,True,False,0
2425,4861973.631454337,10.953828160768705,0.08726556476158731,ok,False,True,False,0
2426,4938529.048029156,8.262814764506032,0.07865091683861883,ok,False,True,False,0
2427,4747180.003045261,10.130927679847684,0.10789104079782164,ok,False,True,False,1
2428,3585652.395054665,5.402840703454142,0.09623281544094425,ok,False,True,False,0
2429,4750157.629142718,9.375593738125906,0.06660413874904422,ok,False,True,False,0
2430,4867683.093821546,10.683318740775107,0.07034611396515489,ok,False,True,False,0
2431,4893248.452295778,11.821091587724395,0.07476728639102836,ok,False,True,False,0
2432,5403225.227968573,14.297040380999823,0.08999007224201777,ok,False,True,False,0
2433,5176711.783097906,11.004005780775872,0.06348637145372893,ok,False,True,False,0
2434,5433267.702680084,19.13316042211182,0.07746017784921122,ok,False,True,False,0
2435,4863559.616367699,10.352795219745675,0.06334648369452922,ok,False,True,False,0
2436,5734740.786669318,7.846913970320903,0.08362727212258114,ok,False,True,False,0
2437,4860467.4118278185,10.498541599523243,0.04109475379908778,ok,False,True,False,0
2438,4903711.312766568,10.831578116585767,0.0697247975152098,ok,False,True,False,0
2439,4747180.003045261,7.679991092836636,0.10186185164705482,ok,False,True,False,1
2440,4860283.809073551,14.570557193550181,0.09928181446353679,ok,False,True,False,1
2441,4750157.629142718,12.453516214248802,0.09463636421394239,ok,False,True,False,0
2442,5091811.822100017,12.334536237632697,0.07926750706489372,ok,False,True,False,0
2443,5521678.320380682,15.510828269845726,0.08314979470991885,ok,False,True,False,0
2444,4943237.673389253,10.701136653573885,0.06384242369521975,ok,False,True,False,0
2445,4860470.39649036,11.600504125050831,0.06198721916824179,ok,False,True,False,0
2446,4683078.68915011,9.209760005956724,0.061561246485789145,ok,False,True,False,0
2447,4868463.332226395,10.71936801822168,0.06920306301957557,ok,False,True,False,0
2448,5223622.343225554,14.231114262907537,0.09718007680625573,ok,False,True,False,0
2449,4878419.792629886,10.637106494380014,0.06152303233244605,ok,False,True,False,0
2450,5049192.742109063,9.314516381014268,0.0703485248543605,ok,False,True,False,0
2451,4855024.273659788,10.94251751112849,0.08752739048595326,ok,False,True,False,0
2452,5715219.423064337,24.85231683960281,0.08632461931078941,ok,False,True,False,0
2453,4863698.010398273,13.846802832530114,0.07232821251906202,ok,False,True,False,0
2454,4967211.325487811,9.822196027499613,0.04930436028262869,ok,False,True,False,0
2455,4950607.945782142,10.247738246133435,0.07394753280323907,ok,False,True,False,0
2456,5022360.135409735,13.37066531958397,0.09056322716283838,ok,False,True,False,0
2457,4747180.003045261,9.607236532191436,0.08740532178031513,ok,False,True,False,0
2458,4705765.05441471,8.386960274360803,0.07577815438642785,ok,False,True,False,0
2459,4933602.951910502,11.00920463605488,0.061682855686142624,ok,False,True,False,0
2460,5019930.859601612,11.16505818958106,0.08960058687323541,ok,False,True,False,0
2461,5299228.26850734,7.00727003666661,0.0838674234404472,ok,False,True,False,0
2462,4902824.228407218,12.954925289117067,0.08160443151709218,ok,False,True,False,0
2463,4863822.29891994,11.231456700854839,0.05767230974147153,ok,False,True,False,0
2464,4890039.5151199605,11.3776236049026,0.06591301925434179,ok,False,True,False,0
2465,4887522.27101624,12.264783735387015,0.0513624256787672,ok,False,True,False,0
2466,4862915.878039831,12.5816493223949,0.10522211443818252,ok,False,True,False,1
2467,4750157.629142718,10.780452258101946,0.09942825755616702,ok,False,True,False,1
2468,4870638.813180432,8.607760401138282,0.05156850062913565,ok,False,True,False,0
2469,4952744.279440546,9.19545032412786,0.0965118558037612,ok,False,True,False,0
2470,5120048.539168901,14.75442413413838,0.08568236305450638,ok,False,True,False,0
2471,4983832.0605631955,12.220912313258397,0.05256931855236795,ok,False,True,False,0
2472,5047288.066970721,8.610377929081999,0.08627870115061498,ok,False,True,False,0
2473,4883685.673099232,11.868372262818221,0.06866791981882991,ok,False,True,False,0
2474,4876810.917326765,11.119746600241905,0.0742856499221417,ok,False,True,False,0
2475,5056145.104212323,11.02387521887123,0.08854883144665548,ok,False,True,False,0
2476,5081263.265161429,8.678200763204076,0.08117572574758258,ok,False,True,False,0
2477,4857430.803847612,12.64059166854567,0.08817726854218888,ok,False,True,False,0
2478,5126487.793144704,11.090763460048624,0.05160439593050414,ok,False,True,False,0
2479,4750157.629142718,8.875185009730203,0.09968472427859687,ok,False,True,False,1
2480,4683078.68915011,11.056183528827292,0.08369922819966885,ok,False,True,False,0
2481,3156683.115653401,4.925487159758497,0.09748809910408604,ok,False,True,False,0
2482,4949722.317182335,10.968738563620017,0.07660438983008899,ok,False,True,False,0
2483,4861916.967062179,10.55032369743923,0.06554615910099493,ok,False,True,False,0
2484,4899461.839520698,14.869629134555387,0.11595184734357772,ok,False,True,False,1
2485,4941236.156477316,9.302713542285547,0.04999531518651723,ok,False,True,False,0
2486,5107421.214813903,15.659324189064225,0.05352604622696877,ok,False,True,False,0
2487,4862597.699694007,13.845768225938494,0.08864733425772409,ok,False,True,False,0
2488,4870218.815343722,9.65043763802018,0.06962000717276046,ok,False,True,False,0
2489,4171017.3460589824,7.645363051277167,0.110341523704933,ok,False,True,False,1
2490,4864013.845323738,15.731661466791627,0.06287548803192011,ok,False,True,False,0
2491,4863656.152030816,10.596114192313683,0.054403266495646196,ok,False,True,False,0
2492,5418981.552197979,14.788976553577852,0.10110214480891788,ok,False,True,False,1
2493,4887041.88297301,12.69791257272525,0.06005822346977474,ok,False,True,False,0
2494,4705765.05441471,9.530902756117689,0.08537716372531162,ok,False,True,False,0
2495,3492245.189242847,6.016896260392513,0.08994918256188023,ok,False,True,False,0
2496,4871129.227477579,12.27044028933957,0.07905103801545788,ok,False,True,False,0
2497,4750157.629142718,9.113075582097023,0.05145709080501315,ok,False,True,False,0
2498,4859914.758202066,9.372258454694007,0.0696775282135893,ok,False,True,False,0
2499,4882268.523246564,11.780392968444499,0.04662904239226036,ok,False,True,False,0
2500,5069836.1041773055,11.428022613250347,0.06883236596689257,ok,False,True,False,0
2501,4854494.184560741,9.363623190389363,0.05231168199694902,ok,False,True,False,0
2502,5291206.475165491,12.912664796614912,0.07114821679134492,ok,False,True,False,0
2503,4872572.788359513,12.524253890897313,0.05120780468477626,ok,False,True,False,0
2504,4705765.05441471,9.329374176821117,0.08943841617809623,ok,False,True,False,0
2505,4102292.53716956,7.229633184026158,0.09449734960436995,ok,False,True,False,0
2506,5089790.306416484,11.77105319966916,0.05913394914098746,ok,False,True,False,0
2507,5122580.557318746,11.713178567276396,0.06419960602098715,ok,False,True,False,0
2508,4870377.58008663,10.788258553686001,0.05767669087287819,ok,False,True,False,0
2509,4880834.43211332,12.89848111728457,0.08414554750979653,ok,False,True,False,0
2510,5466080.668207634,9.908204938584314,0.07374246937597623,ok,False,True,False,0
2511,4865559.427125641,10.999565877948143,0.08484753990986138,ok,False,True,False,0
2512,4855209.05548254,13.506027795435637,0.10354506077502068,ok,False,True,False,1
2513,4881673.061234769,12.186177435741403,0.08929630903749597,ok,False,True,False,0
2514,4204450.88888185,8.523908090535244,0.07742214726153518,ok,False,True,False,0
2515,4937879.185078199,8.518650754469887,0.06999503390918105,ok,False,True,False,0
2516,4906502.297962526,10.556988038986775,0.07443823060024074,ok,False,True,False,0
2517,4855953.382350266,14.329968458308308,0.07747440532044636,ok,False,True,False,0
2518,4171017.3460589824,7.884516285804411,0.0956938486986117,ok,False,True,False,0
2519,4861378.856422751,9.869680454319033,0.08606632964252364,ok,False,True,False,0
2520,4705765.05441471,8.432367666152158,0.06882047660641544,ok,False,True,False,0
2521,4935099.414969127,14.92832294761178,0.07338316749235674,ok,False,True,False,0
2522,4757018.460019675,9.25743947003552,0.05854382723798368,ok,False,True,False,0
2523,4862644.565800096,11.344107714666833,0.06632730357834454,ok,False,True,False,0
2524,5216647.721833067,14.210569056114233,0.09875901881591198,ok,False,True,False,1
2525,4924983.629431556,14.70503699042067,0.07401159577570415,ok,False,True,False,0
2526,4311809.855181465,8.007066373670774,0.06294174973067346,ok,False,True,False,0
2527,5202646.478851213,12.284758643471585,0.07802116419725569,ok,False,True,False,0
2528,4981182.780837893,13.450527990491283,0.06551813072044543,ok,False,True,False,0
2529,5727124.5882618865,9.106882443685404,0.08880078210604914,ok,False,True,False,0
2530,5356519.046418321,13.104945803439604,0.07817269761463708,ok,False,True,False,0
2531,4860111.858942506,10.225268810113109,0.07524953830033271,ok,False,True,False,0
2532,4923922.62214364,10.284419337113565,0.05618628765151279,ok,False,True,False,0
2533,4972542.926160433,17.247990396849225,0.054187937664881045,ok,False,True,False,0
2534,4861914.733942942,12.103594230210144,0.07506337266933283,ok,False,True,False,0
2535,5837851.664139485,25.606805810856468,0.09830614926181913,ok,False,True,False,1
2536,4865400.990116975,11.56818163955046,0.07530543177327387,ok,False,True,False,0
2537,5006023.958298835,14.641511484692671,0.04702225253769632,ok,False,True,False,0
2538,4854281.113793474,10.154791503891918,0.05969715796524,ok,False,True,False,0
2539,4793893.81516227,11.657820148847087,0.10028320338276453,ok,False,True,False,1
2540,4705765.05441471,10.386441472916912,0.0726598589703541,ok,False,True,False,0
2541,5578637.196388661,16.72725673774997,0.08589236031006187,ok,False,True,False,0
2542,5289721.894115782,7.850044141507039,0.07401861753875782,ok,False,True,False,0
2543,4861315.679744229,10.745755011028649,0.07676473824300611,ok,False,True,False,0
2544,4897202.913209477,12.445906924528208,0.05518718661404426,ok,False,True,False,0
2545,3369318.12164703,5.518261871641782,0.09211525540504506,ok,False,True,False,0
2546,5281179.508582366,17.96951782186327,0.09802437809306941,ok,False,True,False,1
2547,4868582.881242669,14.777099948200084,0.08654554841970685,ok,False,True,False,0
2548,4996658.85424079,13.748522631944258,0.059348411784019395,ok,False,True,False,0
2549,4750157.629142718,9.216871567527878,0.08187416448530038,ok,False,True,False,0
2550,5568332.720569018,9.878645254546994,0.08105254836245943,ok,False,True,False,0
2551,4997957.636046863,10.518305975350637,0.05325416337577571,ok,False,True,False,0
2552,3336995.657221681,5.136945759837881,0.08772231908760808,ok,False,True,False,0
2553,4857086.362741766,11.665522285253765,0.08073849132629074,ok,False,True,False,0
2554,5521250.593080153,13.320459179290058,0.07155513019438009,ok,False,True,False,0
2555,4311809.855181465,8.144583723981215,0.08674160865072011,ok,False,True,False,0
2556,5282437.854864744,9.657266448366299,0.07887495657406018,ok,False,True,False,0
2557,4861793.235346012,10.598773423268598,0.048839890315987344,ok,False,True,False,0
2558,5077000.572833508,11.457969687529953,0.08752659737413288,ok,False,True,False,0
2559,5011840.284448183,11.262307778344725,0.07758459610792894,ok,False,True,False,0
2560,4747180.003045261,9.980391385871414,0.09436724532607621,ok,False,True,False,0
2561,3492245.189242847,5.5469117568559225,0.10997164491271205,ok,False,True,False,1
2562,4949136.326217238,11.307281238695516,0.08415129156118784,ok,False,True,False,0
2563,4640733.87978854,9.925007935564183,0.07462908422463099,ok,False,True,False,0
2564,5481190.881207519,14.040198067371238,0.07294359247497306,ok,False,True,False,0
2565,4865587.4749674285,9.829909761514726,0.0817025746883,ok,False,True,False,0
2566,4897082.809863243,14.619256617244739,0.05783108411078908,ok,False,True,False,0
2567,5248656.612873195,11.959025071974914,0.07392435126393393,ok,False,True,False,0
2568,4894131.680502569,12.378596209203092,0.057617788987190166,ok,False,True,False,0
2569,4747180.003045261,9.802240265049514,0.05923145512690231,ok,False,True,False,0
2570,4149819.2257139417,7.49347632896352,0.0717687972627109,ok,False,True,False,0
2571,4884893.7179785585,11.306878830121885,0.0808414414785884,ok,False,True,False,0
2572,4705765.05441471,10.471800917541042,0.08754955577196155,ok,False,True,False,0
2573,5088248.3733339915,9.451268330425572,0.060258906548792686,ok,False,True,False,0
2574,5009374.208603379,16.90264337477835,0.08219094608639876,ok,False,True,False,0
2575,4855771.234393849,12.81675471372797,0.062549955941544,ok,False,True,False,0
2576,5033784.127503713,10.328828670247212,0.0765881078415852,ok,False,True,False,0
2577,5026087.605802097,9.890135247778094,0.07010429446289523,ok,False,True,False,0
2578,4941008.840703128,10.999630219020371,0.06107028284492022,ok,False,True,False,0
2579,4898920.486624429,13.575715314605452,0.10572006704708681,ok,False,True,False,1
2580,4705765.05441471,11.57254130397299,0.07996629716249282,ok,False,True,False,0
2581,4943515.755924163,11.657984060281946,0.048561854443661234,ok,False,True,False,0
2582,4858093.329082109,8.477916077796076,0.06821788334469962,ok,False,True,False,0
2583,5177625.973411056,8.594727611443599,0.05684100278775189,ok,False,True,False,0
2584,5011022.441472891,11.312843711860342,0.07058144394276122,ok,False,True,False,0
2585,5579343.5302266795,6.320801434084768,0.07399022036276343,ok,False,True,False,0
2586,4885094.453003727,13.300148140570995,0.07039802397112371,ok,False,True,False,0
2587,5265497.5973888,9.827550757356457,0.06284067459600207,ok,False,True,False,0
2588,4862630.874154543,10.761533762756239,0.06437676591249764,ok,False,True,False,0
2589,4892263.715738704,10.830168880010783,0.07225199995499748,ok,False,True,False,0
2590,4705765.05441471,9.503928927203527,0.05993502245734961,ok,False,True,False,0
2591,4705765.05441471,11.089364999372735,0.08524126907534191,ok,False,True,False,0
2592,3432351.156454028,5.737291109780035,0.07113835047586181,ok,False,True,False,0
2593,3446045.452357808,5.837535538125341,0.07370942135852135,ok,False,True,False,0
2594,4907411.364447809,11.5630359272255,0.06652871095567853,ok,False,True,False,0
2595,4747180.003045261,10.845057786612852,0.07646104744584903,ok,False,True,False,0
2596,4874946.7151355175,10.913226233930915,0.07851289219931917,ok,False,True,False,0
2597,4747180.003045261,10.273668222324082,0.0681124273465611,ok,False,True,False,0
2598,5002768.651493657,9.890817594057056,0.06867885401780127,ok,False,True,False,0
2599,3556875.6913997256,5.631007169621865,0.09786575391961594,ok,False,True,False,1
2600,4902515.931731031,11.257391304416753,0.07772417952553634,ok,False,True,False,0
2601,4874117.521914733,10.516477687849962,0.06426209585409925,ok,False,True,False,0
2602,5172002.192816261,11.35159550788448,0.08299673269366992,ok,False,True,False,0
2603,4920203.737497686,9.619603266862377,0.06091538497183646,ok,False,True,False,0
2604,4747180.003045261,11.848778471994361,0.08548201177078003,ok,False,True,False,0
2605,5239241.468751457,7.9459878430451925,0.06571066307066009,ok,False,True,False,0
2606,4883968.083008281,11.19617034514842,0.07920125641452935,ok,False,True,False,0
2607,4750157.629142718,10.270548916577733,0.07045600320753542,ok,False,True,False,0
2608,4271679.485731879,7.471859328950902,0.06489509531380966,ok,False,True,False,0
2609,4793893.81516227,9.889548429587746,0.08522435909553938,ok,False,True,False,0
2610,4757018.460019675,9.949926807483537,0.07459968874151775,ok,False,True,False,0
2611,4747180.003045261,9.498794822628437,0.08188379207770802,ok,False,True,False,0
2612,4916814.982239317,9.829982086888194,0.10899013429635651,ok,False,True,False,1
2613,5186975.081219729,11.152331527605488,0.09786868734302925,ok,False,True,False,1
2614,4864296.820467236,14.561632943609727,0.04863823752372082,ok,False,True,False,0
2615,4934494.603229857,12.376486487405655,0.06963721507285331,ok,False,True,False,0
2616,4980681.713366758,14.241204362746217,0.06958984120079448,ok,False,True,False,0
2617,5808681.5661777165,10.81368981248285,0.07911381010362828,ok,False,True,False,0
2618,4879904.418013307,11.701823864707876,0.05435912884360988,ok,False,True,False,0
2619,3432351.156454028,5.875271572169306,0.08537392093027463,ok,False,True,False,0
2620,4855593.634286298,9.735119557089272,0.07622525994573981,ok,False,True,False,0
2621,4880427.123424485,9.609173562898714,0.07643230516314015,ok,False,True,False,0
2622,5787207.219401661,20.841662647731305,0.07102149626156229,ok,False,True,False,0
2623,3519824.2810661173,5.382156740244063,0.08202548477125532,ok,False,True,False,0
2624,4747180.003045261,9.856319817978985,0.06902442075881077,ok,False,True,False,0
2625,4891202.921446033,10.69109068635471,0.0610733540528825,ok,False,True,False,0
2626,5041293.622826616,9.760392542394845,0.06881348024625422,ok,False,True,False,0
2627,4902105.5862960005,9.47414149175885,0.085301480722974,ok,False,True,False,0
2628,4889492.48532649,12.208479163080138,0.09729175155391301,ok,False,True,False,0
2629,5000595.370544935,11.784914835320205,0.07585463146521654,ok,False,True,False,0
2630,3302496.386343417,4.96449478590641,0.09018263276386806,ok,False,True,False,0
2631,4881779.618428759,12.3384861681765,0.06666394494820427,ok,False,True,False,0
2632,4793893.81516227,9.560564385272482,0.06487345776234643,ok,False,True,False,0
2633,4879717.5322632445,10.766003312043775,0.08881229171410909,ok,False,True,False,0
2634,5029048.40017194,9.845817943286999,0.05875718544103592,ok,False,True,False,0
2635,4855211.23300107,10.859507513078944,0.09476760926645988,ok,False,True,False,0
2636,5009728.193128525,10.755462804318277,0.08550862087753874,ok,False,True,False,0
2637,5125063.896424135,12.353476051401238,0.08053394012424964,ok,False,True,False,0
2638,4897124.032635549,10.241000236448201,0.06438566700147785,ok,False,True,False,0
2639,4888605.110848012,10.50687947193059,0.0706837074111738,ok,False,True,False,0
2640,3280705.556872033,4.961311173907735,0.12268653159051002,ok,False,True,False,1
2641,4757018.460019675,12.482894508569807,0.09898974620314915,ok,False,True,False,1
2642,4980223.188451507,11.236978776950444,0.06807814329700931,ok,False,True,False,0
2643,5024364.936943561,10.925214526942776,0.09568064306541757,ok,False,True,False,0
2644,4925225.679013739,10.677729595840267,0.053365593615816886,ok,False,True,False,0
2645,4877315.6808932135,11.263193917783362,0.08455264119986983,ok,False,True,False,0
2646,5256327.95738731,10.270580857130897,0.07894023977272374,ok,False,True,False,0
2647,4900166.099042056,11.121783882972563,0.06119749583827261,ok,False,True,False,0
2648,5213108.25177613,13.490805573823666,0.04234923851498085,ok,False,True,False,0
2649,4857360.363038137,8.895973786428339,0.06015224100403327,ok,False,True,False,0
2650,4311809.855181465,8.1814074292795,0.06791997937234795,ok,False,True,False,0
2651,4683078.68915011,8.772003947342242,0.08218986395519368,ok,False,True,False,0
2652,4865126.211722499,10.56969824321678,0.07307288938523449,ok,False,True,False,0
2653,3446045.452357808,5.822301664595667,0.08750709311054072,ok,False,True,False,0
2654,4919723.215966511,9.30792491432362,0.07492508765205391,ok,False,True,False,0
2655,4856817.80470456,11.958291720243821,0.06289795353116923,ok,False,True,False,0
2656,3584129.286628449,5.777721010750532,0.0639610561361933,ok,False,True,False,0
2657,4870673.910507635,15.177772111229707,0.07881368148800083,ok,False,True,False,0
2658,4976744.91717849,11.733632379962932,0.08343066165377466,ok,False,True,False,0
2659,4898073.350192556,13.87164949931822,0.060856077936727426,ok,False,True,False,0
2660,3137987.848810427,4.914157442854392,0.08843830937633967,ok,False,True,False,0
2661,4750157.629142718,10.677085001691134,0.059952728514953146,ok,False,True,False,0
2662,4880074.101478791,11.965545182883744,0.09561193040358562,ok,False,True,False,0
2663,4793893.81516227,9.906324311687662,0.06663350930773859,ok,False,True,False,0
2664,4887478.497179829,10.110967990451352,0.06938053940584121,ok,False,True,False,0
2665,4683078.68915011,7.77434871986142,0.05807201055373057,ok,False,True,False,0
2666,4877140.73881103,10.136997387057134,0.05617007166788768,ok,False,True,False,0
2667,4935779.701535309,10.710276333813951,0.06414612447744328,ok,False,True,False,0
2668,4200096.974268608,6.786420764840915,0.07092759304698959,ok,False,True,False,0
2669,4920784.902970176,11.267582321562097,0.06935675276331194,ok,False,True,False,0
2670,4793893.81516227,8.850357682269145,0.07017492575163571,ok,False,True,False,0
2671,4874479.319569753,11.168075783088167,0.09708560744379577,ok,False,True,False,0
2672,4902085.004099829,11.908957261392585,0.07754125995874894,ok,False,True,False,0
2673,5263897.724481657,11.223255376792071,0.07382473343181117,ok,False,True,False,0
2674,4750157.629142718,11.516375870292665,0.07012495201606936,ok,False,True,False,0
2675,4409061.7513648765,7.673327935272292,0.09484877217871795,ok,False,True,False,0
2676,4872457.892001346,10.246533861436617,0.06957589272027032,ok,False,True,False,0
2677,4890392.978596127,13.44090990160623,0.10044573264516488,ok,False,True,False,1
2678,4905825.411090449,10.167044735915397,0.0661694303910021,ok,False,True,False,0
2679,4536155.3769555455,9.908690597796921,0.09166424159017295,ok,False,True,False,0
2680,4747180.003045261,9.97924261928776,0.09093084659075823,ok,False,True,False,0
2681,4870436.803772345,10.569767214107914,0.06388739320046066,ok,False,True,False,0
2682,4888693.70373228,10.579540744646948,0.05418420989157002,ok,False,True,False,0
2683,5034549.796111802,12.20395479507425,0.05310309864520357,ok,False,True,False,0
2684,4859386.972069251,12.334013424029697,0.08813938904844099,ok,False,True,False,0
2685,4947525.910520322,9.04115946119223,0.06918026407413425,ok,False,True,False,0
2686,5057732.946154592,8.173600285498804,0.054903449606949706,ok,False,True,False,0
2687,5335995.259246198,14.189118538288811,0.07154835821660888,ok,False,True,False,0
2688,4868130.196002788,11.49275805108009,0.07220958564601065,ok,False,True,False,0
2689,4747180.003045261,10.630951513616822,0.10907226225392075,ok,False,True,False,1
2690,5261416.1919132415,7.257861077589239,0.09248403426534213,ok,False,True,False,0
2691,5243518.246382597,9.040939639570478,0.07137708438716867,ok,False,True,False,0
2692,5074176.618804735,10.259696037895125,0.05889269653464624,ok,False,True,False,0
2693,5549601.408105427,11.015849748534585,0.07847135531703442,ok,False,True,False,0
2694,5000143.510994858,9.711231463883133,0.10545796021339443,ok,False,True,False,1
2695,4861078.896120995,11.23511715512463,0.07644303783997741,ok,False,True,False,0
2696,3543508.9322967106,6.069672064192633,0.0880860421105496,ok,False,True,False,0
2697,5101772.532811991,11.158326220969778,0.06586742277373286,ok,False,True,False,0
2698,4917121.863860864,11.235525422633016,0.06423852366955363,ok,False,True,False,0
2699,4951681.855778848,14.099552864788341,0.06091478437472697,ok,False,True,False,0
2700,4892622.300519845,10.053838166424736,0.08150037081833628,ok,False,True,False,0
2701,4943213.01743864,11.448574824172786,0.07212838978802427,ok,False,True,False,0
2702,4877842.426455172,9.563709378028355,0.07540794163505252,ok,False,True,False,0
2703,4793893.81516227,9.538788613076948,0.07551789748726301,ok,False,True,False,0
2704,4705765.05441471,9.034141594847734,0.07647146200311772,ok,False,True,False,0
2705,2609060.086809957,4.12248812807276,0.07936922068069097,ok,False,True,False,0
2706,4978298.481647624,7.364088322274923,0.0783770031652658,ok,False,True,False,0
2707,4542200.023236946,7.9237566473010945,0.07942966695616493,ok,False,True,False,0
2708,5118897.649201934,12.113672458168375,0.06697476128558488,ok,False,True,False,0
2709,4856022.083122888,10.820291132217777,0.04205595947639551,ok,False,True,False,0
2710,5033652.442852962,10.455249280066775,0.11740119633605922,ok,False,True,False,1
2711,4878695.508811127,10.576517468641645,0.059953906025117965,ok,False,True,False,0
2712,5260242.147082848,10.507244469389818,0.07482930287298928,ok,False,True,False,0
2713,4872271.8641366875,8.860762182662826,0.050384922335675486,ok,False,True,False,0
2714,4747180.003045261,9.87963783097646,0.08505592454855049,ok,False,True,False,0
2715,2984284.971762225,4.549863825024426,0.10885748907602588,ok,False,True,False,1
2716,4926158.819564311,12.502768249381303,0.056258418873428556,ok,False,True,False,0
2717,4536155.3769555455,9.436406293988865,0.06729688045316001,ok,False,True,False,0
2718,4901040.85950955,11.048142696281298,0.07242179832664009,ok,False,True,False,0
2719,4864646.644666615,7.392089213094165,0.06103021169650297,ok,False,True,False,0
2720,4858398.458869927,10.872939249069798,0.06650050323718715,ok,False,True,False,0
2721,4955658.105483433,13.762783154205277,0.09998455421553865,ok,False,True,False,1
2722,4862080.870852359,12.17075980949853,0.08542068792972268,ok,False,True,False,0
2723,4881383.537385571,14.447217881852035,0.07922095469028856,ok,False,True,False,0
2724,4955431.17184745,9.352747128359995,0.05395558634838937,ok,False,True,False,0
2725,4894146.916467795,13.698726413243078,0.0700824047343076,ok,False,True,False,0
2726,3492245.189242847,5.475406776612368,0.07669035499604049,ok,False,True,False,0
2727,4893000.696252409,13.27784601100819,0.08552508200632747,ok,False,True,False,0
2728,4864141.862965202,10.813893673109014,0.0824099100626603,ok,False,True,False,0
2729,4318219.689267186,7.241770145043413,0.0605042260325655,ok,False,True,False,0
2730,3492245.189242847,5.520096299511231,0.07812905896888411,ok,False,True,False,0
2731,5140030.845420276,12.495980833598653,0.05924636899438862,ok,False,True,False,0
2732,4213116.005076589,7.884092441954068,0.06593264215796035,ok,False,True,False,0
2733,4992655.121007101,11.161710691395779,0.09314944096111732,ok,False,True,False,0
2734,4593663.593117381,9.14898512167981,0.07845741648019477,ok,False,True,False,0
2735,4881346.400136109,9.589048172326745,0.08674958687073808,ok,False,True,False,0
2736,4873221.5429447135,11.023784291131724,0.04713494995357237,ok,False,True,False,0
2737,5325704.840205772,8.465607368270984,0.07854283324402547,ok,False,True,False,0
2738,5436230.818691037,7.538498621187252,0.08700714960232048,ok,False,True,False,0
2739,4868723.213179207,12.437336943815879,0.062689240537107,ok,False,True,False,0
2740,4881833.988693141,10.303318914043176,0.05308095270751023,ok,False,True,False,0
2741,4750157.629142718,9.036808208144707,0.06794073744118795,ok,False,True,False,0
2742,5162953.664802314,11.62963957712476,0.06870173380579603,ok,False,True,False,0
2743,4747180.003045261,10.90670043160124,0.11100740422636346,ok,False,True,False,1
2744,4683078.68915011,9.356032946351151,0.0687754794830504,ok,False,True,False,0
2745,4875113.216254897,10.397130760115427,0.040449444963528425,ok,False,True,False,0
2746,5011113.863485613,8.638452014360162,0.05577217777450094,ok,False,True,False,0
2747,4888905.769203515,11.748816904631575,0.05139251336318584,ok,False,True,False,0
2748,4705765.05441471,10.484843246250893,0.07772370036356527,ok,False,True,False,0
2749,4858302.458840651,12.427883449197656,0.07878918571495441,ok,False,True,False,0
2750,4705765.05441471,9.723563230412008,0.061502119554088686,ok,False,True,False,0
2751,4873737.472791778,10.320409718971355,0.08644353078796396,ok,False,True,False,0
2752,4886292.698519699,13.2403705900047,0.09897494265132856,ok,False,True,False,1
2753,5657502.567225233,10.330989883773555,0.08985610060508553,ok,False,True,False,0
2754,4874329.147069784,9.698099643421875,0.05072971508653601,ok,False,True,False,0
2755,4750157.629142718,10.146234595908563,0.0841217241044595,ok,False,True,False,0
2756,5140149.267195361,12.960664337598553,0.08721215307681962,ok,False,True,False,0
2757,4858171.11935741,11.365323505856612,0.08036078325279361,ok,False,True,False,0
2758,4913758.960520218,12.31673315827846,0.047948842935574776,ok,False,True,False,0
2759,5075325.676125602,8.75281178126556,0.056678342706309004,ok,False,True,False,0
2760,4747180.003045261,10.081999136136,0.06983031371376758,ok,False,True,False,0
2761,4980220.422364924,7.224804434200418,0.07643739254093973,ok,False,True,False,0
2762,4683078.68915011,10.700994174633932,0.09347495178182497,ok,False,True,False,0
2763,5097297.188353414,7.746390589694859,0.06205080139110691,ok,False,True,False,0
2764,4870041.15190153,9.65893637957951,0.06199338982297098,ok,False,True,False,0
2765,5414142.146575004,13.327524493080553,0.07784576492033013,ok,False,True,False,0
2766,4855471.151935908,11.920043182925143,0.08281954358064192,ok,False,True,False,0
2767,4986980.01743186,11.087993977387676,0.05324174368112378,ok,False,True,False,0
2768,4683078.68915011,9.475658713657053,0.07682442691039226,ok,False,True,False,0
2769,4860517.721445112,13.108355785207932,0.0712461504116727,ok,False,True,False,0
2770,4868709.638607331,11.691921685006324,0.05851265824454288,ok,False,True,False,0
2771,3543508.9322967106,5.745194841745316,0.09249581320548911,ok,False,True,False,0
2772,5299036.417829951,14.18467771550335,0.05564497160449711,ok,False,True,False,0
2773,4928077.321358263,8.462427880165922,0.07665843917344212,ok,False,True,False,0
2774,2572167.949652954,3.967045202824527,0.09639144861374715,ok,False,True,False,0
2775,4856491.760645031,11.679126077230093,0.08425551518533447,ok,False,True,False,0
2776,4204450.88888185,7.475858481023367,0.07284075978147808,ok,False,True,False,0
2777,4966701.894000432,10.55467082715909,0.07952669345958291,ok,False,True,False,0
2778,4986705.522246427,11.272503635708238,0.07128913654538238,ok,False,True,False,0
2779,5021655.169309345,8.892684402648303,0.09369845061096538,ok,False,True,False,0
2780,4747180.003045261,10.069735789407874,0.07519821577365168,ok,False,True,False,0
2781,4886306.683041789,9.319684681556735,0.06984607249594976,ok,False,True,False,0
2782,4923482.874466532,10.6183072105162,0.05719829248074293,ok,False,True,False,0
2783,3492347.88912923,5.949552175986577,0.09434110223427206,ok,False,True,False,0
2784,4870953.944393565,10.654467629110366,0.06659450934928612,ok,False,True,False,0
2785,4873732.174782734,9.464677290013942,0.0695698793834344,ok,False,True,False,0
2786,3578778.14702384,6.7788908803406285,0.07564589434569591,ok,False,True,False,0
2787,6034930.899820535,13.190945746217253,0.08959605788986669,ok,False,True,False,0
2788,4747180.003045261,10.166912613574238,0.07369791746491405,ok,False,True,False,0
2789,4856828.914113277,10.740075023391984,0.05968872030512429,ok,False,True,False,0
2790,4878510.219582853,10.133697738729586,0.06122896614109169,ok,False,True,False,0
2791,4892683.026572681,8.841668439801914,0.052341820056924115,ok,False,True,False,0
2792,5339192.42810381,19.554424700439625,0.07776258212090359,ok,False,True,False,0
2793,4926201.079643764,8.120199281096934,0.06110301624780079,ok,False,True,False,0
2794,4930621.762942517,13.555971260304226,0.07518562997191969,ok,False,True,False,0
2795,4918392.044116093,11.845761322746814,0.04297262070682939,ok,False,True,False,0
2796,5055435.555517962,8.798308910280506,0.05705220348119577,ok,False,True,False,0
2797,4747180.003045261,10.72563256966818,0.06832553183108514,ok,False,True,False,0
2798,5101871.684903975,8.823891254479843,0.09093405668265764,ok,False,True,False,0
2799,4640733.87978854,8.135390537788478,0.07068751604432516,ok,False,True,False,0
2800,4928811.188732864,12.709835151731227,0.09552457087850952,ok,False,True,False,0
2801,4870859.336011206,10.582174419468522,0.05693375128007261,ok,False,True,False,0
2802,5053210.546730077,8.571577555519621,0.041345075215661,ok,False,True,False,0
2803,2222739.4064256954,3.381533550603984,0.11245717171876168,ok,False,True,False,1
2804,4705765.05441471,11.384598479089862,0.06451660081287491,ok,False,True,False,0
2805,4856992.8861845005,12.247719415100859,0.07439889347439177,ok,False,True,False,0
2806,3342512.705544631,5.3617738342390515,0.09347722353650634,ok,False,True,False,0
2807,4865041.394616577,10.456592125424953,0.06355679662982416,ok,False,True,False,0
2808,5020541.8376256125,8.514360327376039,0.08201286449958689,ok,False,True,False,0
2809,5022353.975821275,11.491129353268924,0.06136938268561455,ok,False,True,False,0
2810,4877294.707030878,10.136016115177009,0.08760810353002357,ok,False,True,False,0
2811,3349576.7450299347,5.5712438224097935,0.10881473113061335,ok,False,True,False,1
2812,4866567.032573957,13.691971618703867,0.09078290178054116,ok,False,True,False,0
2813,4757018.460019675,8.236443960639203,0.07492248572293743,ok,False,True,False,0
2814,4747180.003045261,10.475739904684463,0.06683147588981897,ok,False,True,False,0
2815,4856766.174934045,12.81768413782341,0.06581710816124797,ok,False,True,False,0
2816,4871675.1945961695,13.748732874959723,0.08979351620218068,ok,False,True,False,0
2817,4875095.788975493,11.437018335292462,0.06196392353295921,ok,False,True,False,0
2818,4862608.701456584,11.614327872667744,0.06167448244162832,ok,False,True,False,0
2819,5450942.182560199,12.418602415680265,0.07731590554070517,ok,False,True,False,0
2820,4871504.024302369,11.743394073331979,0.05580912211533545,ok,False,True,False,0
2821,3336995.657221681,5.767410262651658,0.12305050387243743,ok,False,True,False,1
2822,4866144.688700864,10.987651261354356,0.06861009451025596,ok,False,True,False,0
2823,4860575.727395928,11.060512535652377,0.09854472791093538,ok,False,True,False,1
2824,4858293.925067371,16.527811890361694,0.09900266677233238,ok,False,True,False,1
2825,4875086.047220264,12.668883642609886,0.10747151756617279,ok,False,True,False,1
2826,5098391.076032993,14.57061291797598,0.07384794542978762,ok,False,True,False,0
2827,4949896.245788731,10.722929293529013,0.04880069392489261,ok,False,True,False,0
2828,4861100.514267721,11.28258402985123,0.06738216091951565,ok,False,True,False,0
2829,4868183.816777379,10.052163521357922,0.06982832121849969,ok,False,True,False,0
2830,5058923.530359121,7.395259914093705,0.09002740476670823,ok,False,True,False,0
2831,4858272.9314554,9.625198774810682,0.09617528262742081,ok,False,True,False,0
2832,4911946.8522528615,9.968305091483519,0.07722403916691123,ok,False,True,False,0
2833,3336995.657221681,5.377359625633551,0.1042954839857364,ok,False,True,False,1
2834,5113635.0184959965,12.847613988694883,0.09082308754115453,ok,False,True,False,0
2835,4903660.14277513,10.034817438386344,0.0597889341923305,ok,False,True,False,0
2836,5388639.6997315,13.971652462620915,0.0882754357984018,ok,False,True,False,0
2837,4870650.284831602,11.421390041090456,0.05463946419287202,ok,False,True,False,0
2838,4942657.091473561,10.827174138910664,0.04436600445927308,ok,False,True,False,0
2839,4747180.003045261,9.132212403794988,0.07613893703179514,ok,False,True,False,0
2840,5253911.060360392,13.827161472752557,0.07512432378795098,ok,False,True,False,0
2841,4910584.846939535,10.151877300539132,0.06409610236883181,ok,False,True,False,0
2842,4916205.571306141,10.122121382290263,0.08321563464738935,ok,False,True,False,0
2843,5289655.039555849,13.980600833436556,0.09000303818476585,ok,False,True,False,0
2844,4902656.21561013,11.606266564087463,0.07959973401119153,ok,False,True,False,0
2845,2608960.263756077,4.130625073547032,0.11462494242786714,ok,False,True,False,1
2846,5042278.861165201,14.985252221377186,0.09181426068399112,ok,False,True,False,0
2847,5059708.551839507,12.815370584985095,0.06668358641382477,ok,False,True,False,0
2848,4793893.81516227,8.546608734629999,0.07851680951296107,ok,False,True,False,0
2849,4856724.254199484,11.057803838401457,0.04694566493037,ok,False,True,False,0
2850,4895203.467018108,10.394037247635275,0.04692268257525861,ok,False,True,False,0
2851,4953305.059078818,13.8409275502626,0.09153032531430949,ok,False,True,False,0
2852,4926153.866847764,14.111710906400347,0.06258302808474729,ok,False,True,False,0
2853,4864295.250535185,9.632703942457804,0.06186278085822544,ok,False,True,False,0
2854,4942674.326249805,10.111857767581228,0.08443047082178823,ok,False,True,False,0
2855,4948716.920356612,10.679607640292666,0.08628600420995758,ok,False,True,False,0
2856,5001277.586398088,10.877158801410763,0.06458991171581957,ok,False,True,False,0
2857,4705765.05441471,9.500981975497206,0.09011747763771968,ok,False,True,False,0
2858,4988004.021184004,12.746212257173477,0.04772186363581099,ok,False,True,False,0
2859,4873592.767647121,10.53381587030554,0.07555583634635693,ok,False,True,False,0
2860,4899045.0894541405,9.38416352750964,0.0701904553013119,ok,False,True,False,0
2861,4793893.81516227,10.090743037110176,0.09405142070704715,ok,False,True,False,0
2862,4872831.938235726,13.621793566663461,0.08041687989798718,ok,False,True,False,0
2863,4987993.465528354,12.82427067196545,0.08669156745297435,ok,False,True,False,0
2864,4868463.129888455,9.90412246059188,0.09020799607999153,ok,False,True,False,0
2865,4995324.709081229,8.14956403626968,0.08621767629843223,ok,False,True,False,0
2866,4747180.003045261,12.854154163060624,0.06812156552577048,ok,False,True,False,0
2867,4705765.05441471,9.222879934071587,0.06510122348198155,ok,False,True,False,0
2868,5027951.917669783,13.360587277634522,0.05678603330028453,ok,False,True,False,0
2869,4874545.934141747,11.412657371820359,0.06672015499966957,ok,False,True,False,0
2870,4856724.594152983,10.343073679404354,0.06486824603805585,ok,False,True,False,0
2871,4747180.003045261,11.018528929188637,0.09347961596631604,ok,False,True,False,0
2872,4857924.820718164,12.719789967414183,0.0596143734999075,ok,False,True,False,0
2873,4747180.003045261,10.441174671119079,0.09449096992770867,ok,False,True,False,0
2874,4991345.25801716,7.574367896535246,0.08528888487038666,ok,False,True,False,0
2875,5353149.555021112,14.823417300685298,0.07250747759932526,ok,False,True,False,0
2876,4943467.366373741,10.275120366688427,0.05292601895963506,ok,False,True,False,0
2877,4916048.795052886,10.680340638438118,0.048000125913145175,ok,False,True,False,0
2878,4865094.902578256,10.134325476658077,0.09079499927166013,ok,False,True,False,0
2879,4955883.714722559,9.005865236569111,0.05610873790244214,ok,False,True,False,0
2880,4883199.228653364,9.601467869916723,0.09654225374185132,ok,False,True,False,0
2881,5135133.166340573,15.192932268722387,0.10064805491380546,ok,False,True,False,1
2882,5279533.2944892375,10.104810806857841,0.06101220556445708,ok,False,True,False,0
2883,4908108.4397150865,10.518482997755415,0.07302869512825186,ok,False,True,False,0
2884,5191587.863885462,9.22293652500238,0.09803117941330952,ok,False,True,False,1
2885,4793893.81516227,10.948784935216477,0.10826784315518134,ok,False,True,False,1
2886,5024240.876443663,16.47119373926913,0.0984357913163888,ok,False,True,False,1
2887,4987650.642151683,9.67245515005488,0.05000144869863138,ok,False,True,False,0
2888,4858489.039491837,13.120522617721809,0.09305341010746948,ok,False,True,False,0
2889,4856076.068826088,10.340902233335742,0.05985987896994727,ok,False,True,False,0
2890,4886324.798854074,12.491134376162599,0.07674253224436003,ok,False,True,False,0
2891,3519824.2810661173,5.660971952075157,0.0938580963479817,ok,False,True,False,0
2892,5468003.372807663,13.627038130679775,0.08144115688923814,ok,False,True,False,0
2893,4873921.981487316,12.841533661376845,0.07116040644343635,ok,False,True,False,0
2894,4912719.740571635,11.43970353755624,0.10150983676796088,ok,False,True,False,1
2895,4857824.296602425,9.845382469707163,0.07395727055257334,ok,False,True,False,0
2896,4750157.629142718,8.95769657122203,0.0808132861170886,ok,False,True,False,0
2897,5009889.395631811,11.428171090826643,0.06153139298112731,ok,False,True,False,0
2898,4910349.513163466,11.652711655671174,0.07232738408944162,ok,False,True,False,0
2899,4854959.24796151,10.368221068474517,0.05206496673406236,ok,False,True,False,0
2900,4980281.251115516,13.470360998954785,0.056518926401094016,ok,False,True,False,0
2901,3257319.382745661,5.125834784851336,0.10477017805120381,ok,False,True,False,1
2902,4924439.28209137,10.88071904364646,0.06648662532952332,ok,False,True,False,0
2903,4870053.971139372,11.01730601753496,0.09131913351678844,ok,False,True,False,0
2904,4536155.3769555455,9.028977951214758,0.09426754933135995,ok,False,True,False,0
2905,4935158.522644887,9.516624660105547,0.04981697048597278,ok,False,True,False,0
2906,4950779.148199052,13.238401118214806,0.07283067833082121,ok,False,True,False,0
2907,5328675.036858566,16.042701209560963,0.07875854416254091,ok,False,True,False,0
2908,4750157.629142718,9.682480813474198,0.07236186863189854,ok,False,True,False,0
2909,4877215.172939713,11.109601166852395,0.04839052401981636,ok,False,True,False,0
2910,4918554.959448289,12.10114008497108,0.08483805740143524,ok,False,True,False,0
2911,5054690.265864508,10.017532513909808,0.08419288328748953,ok,False,True,False,0
2912,5322544.428526533,7.908024228028247,0.06382844836793769,ok,False,True,False,0
2913,4750157.629142718,9.633945610467768,0.06035782666248818,ok,False,True,False,0
2914,4861357.120895656,9.603035700857014,0.059292992330297556,ok,False,True,False,0
2915,5018890.85190087,12.484660433835831,0.06474962680998453,ok,False,True,False,0
2916,4857198.380068751,9.996964410665392,0.06647142653479332,ok,False,True,False,0
2917,3600022.3611444896,6.225335242850462,0.07523903581744551,ok,False,True,False,0
2918,5091419.668601293,14.760339631071282,0.06395134695718552,ok,False,True,False,0
2919,4747180.003045261,9.211073344547193,0.06970665807238197,ok,False,True,False,0
2920,5083508.131978249,10.326191144770965,0.06623260785793839,ok,False,True,False,0
2921,5319859.065971722,16.39872545266484,0.09944153829135616,ok,False,True,False,1
2922,4171017.3460589824,7.80247863431986,0.05911710647006607,ok,False,True,False,0
2923,4747180.003045261,10.836106716805359,0.07660456918374031,ok,False,True,False,0
2924,5009342.851376846,15.640817067183123,0.07857435971561355,ok,False,True,False,0
2925,5178948.529404782,9.288155281481064,0.07547395164570118,ok,False,True,False,0
2926,4862321.533499608,10.62525678973616,0.07279439965032075,ok,False,True,False,0
2927,5056420.374719884,10.244208282142052,0.07754307564479135,ok,False,True,False,0
2928,5445162.315186112,13.004102345599154,0.09701490524830375,ok,False,True,False,0
2929,4959669.090594249,13.006657802781817,0.0865887388493598,ok,False,True,False,0
2930,5622606.841611693,12.73243698452321,0.07474146413290073,ok,False,True,False,0
2931,4108700.127581739,7.681932571927168,0.10722230863299737,ok,False,True,False,1
2932,4750157.629142718,9.010080565849481,0.08857614271653769,ok,False,True,False,0
2933,4949413.651797615,10.905524456513788,0.08535099965457804,ok,False,True,False,0
2934,4922999.384659367,10.393053544166447,0.08708414954975185,ok,False,True,False,0
2935,5188527.388199736,15.79922703504505,0.08818908263568004,ok,False,True,False,0
2936,4923467.588937292,11.396842583274658,0.04704382423170683,ok,False,True,False,0
2937,3336995.657221681,5.181665477634858,0.09187688957521778,ok,False,True,False,0
2938,5450910.915650374,16.623195734340754,0.07334252371282712,ok,False,True,False,0
2939,5222548.645595071,12.84406359149708,0.07167088443438152,ok,False,True,False,0
2940,4536155.3769555455,9.257480834139661,0.08226887814392303,ok,False,True,False,0
2941,4940227.573341857,10.336097447769701,0.05901262134381924,ok,False,True,False,0
2942,5098682.226212945,16.538178219819315,0.0714676243925716,ok,False,True,False,0
2943,4869828.025877931,12.849452764283376,0.07397860631614417,ok,False,True,False,0
2944,5064390.14498241,13.666934085098989,0.06283263259172156,ok,False,True,False,0
2945,4911056.167557316,12.256395386004275,0.05760180342589727,ok,False,True,False,0
2946,4883900.548605714,13.928864649979978,0.08768724942827905,ok,False,True,False,0
2947,4854431.428699526,10.46482822524605,0.06127959365834901,ok,False,True,False,0
2948,4793893.81516227,9.347338882198269,0.0759861493227654,ok,False,True,False,0
2949,4858946.016459556,11.519458945938526,0.09049743772101226,ok,False,True,False,0
2950,5032155.423121079,12.078105380635312,0.07760090266388475,ok,False,True,False,0
2951,4453792.362860499,9.255997667461383,0.07465556737307849,ok,False,True,False,0
2952,4268339.192541627,8.570622419601058,0.07233314804254809,ok,False,True,False,0
2953,4969037.37794962,11.473130903677065,0.07961739885477809,ok,False,True,False,0
2954,4915016.191681957,9.943868461932642,0.05520926927305836,ok,False,True,False,0
2955,5030736.3597938325,10.711579643050927,0.07953534529995687,ok,False,True,False,0
2956,5121635.571228691,12.854430204748684,0.08695735986454847,ok,False,True,False,0
2957,4683078.68915011,10.675839113734849,0.08360100231128897,ok,False,True,False,0
2958,4954308.890210779,8.55414151919273,0.05245347665132205,ok,False,True,False,0
2959,4542200.023236946,7.354956495412529,0.07075244327533525,ok,False,True,False,0
2960,4705765.05441471,8.81680038208345,0.07266825472950178,ok,False,True,False,0
2961,4914560.900756366,12.34631109165518,0.10562492168787785,ok,False,True,False,1
2962,4858157.130744327,10.472918168280021,0.06169404524636668,ok,False,True,False,0
2963,4858260.09395451,10.280779293082453,0.10262455294299866,ok,False,True,False,1
2964,4979581.425796907,11.84065708695935,0.0491682528227578,ok,False,True,False,0
2965,4983207.430598093,16.64325621354871,0.07060166828420504,ok,False,True,False,0
2966,3492245.189242847,5.68203055284204,0.07684540327757955,ok,False,True,False,0
2967,4747180.003045261,9.233363760596607,0.06156865530574018,ok,False,True,False,0
2968,3446045.452357808,5.659902589426689,0.09256610934321785,ok,False,True,False,0
2969,4793893.81516227,9.91511655673547,0.0726985717925529,ok,False,True,False,0
2970,4854662.621442267,11.63309762027311,0.06310601379916603,ok,False,True,False,0
2971,3543508.9322967106,5.888684447516475,0.10398229329456471,ok,False,True,False,1
2972,4933368.450149578,11.792127045858443,0.10471406420157747,ok,False,True,False,1
2973,4866846.231515095,9.876284114180121,0.08599916434155341,ok,False,True,False,0
2974,4948862.684291184,14.43134640683996,0.06983304794698952,ok,False,True,False,0
2975,4927131.987915925,9.465790691936652,0.07083609119055723,ok,False,True,False,0
2976,5620119.8818147825,11.863901034160339,0.07394069767527967,ok,False,True,False,0
2977,4542200.023236946,9.50232961606694,0.06374246306603237,ok,False,True,False,0
2978,5010421.382090362,9.323323944135923,0.045301993819551245,ok,False,True,False,0
2979,4914019.072071699,10.521761474941352,0.05924480325833226,ok,False,True,False,0
2980,5254245.153482289,14.696003136673776,0.08371960062635614,ok,False,True,False,0
2981,3543508.9322967106,6.225356221957267,0.0737066412742986,ok,False,True,False,0
2982,4883839.133704565,12.010063460808967,0.07500323190143876,ok,False,True,False,0
2983,5477985.69652203,14.201748064675641,0.06986633731902114,ok,False,True,False,0
2984,4149819.2257139417,7.858781715243984,0.08370466411330457,ok,False,True,False,0
2985,4955660.765388639,11.636766444258049,0.0890642512153445,ok,False,True,False,0
2986,4793893.81516227,9.867074338518782,0.07807565829523788,ok,False,True,False,0
2987,4938667.234191953,8.683678763836351,0.051975732893072,ok,False,True,False,0
2988,3556875.6913997256,6.205257953183786,0.08057382534662583,ok,False,True,False,0
2989,5212647.339277154,17.909845117722913,0.08639739188676354,ok,False,True,False,0
2990,4936032.745608887,11.233316302001572,0.072907019595839,ok,False,True,False,0
2991,4905984.0438575195,10.10172988590065,0.05469602638779891,ok,False,True,False,0
2992,4899942.625524686,16.63486196355632,0.05478298671932713,ok,False,True,False,0
2993,5134524.721096625,13.236124532122657,0.10561703548066415,ok,False,True,False,1
2994,3369318.12164703,5.048881448455369,0.11300958419380502,ok,False,True,False,1
2995,4856635.444599385,8.811941200326821,0.06479876764618359,ok,False,True,False,0
2996,4204450.88888185,7.9580870219654365,0.07872170259299109,ok,False,True,False,0
2997,5019274.223839935,12.649662460167754,0.08987606377428461,ok,False,True,False,0
2998,4854232.014026342,15.390672306885,0.07438614648502373,ok,False,True,False,0
2999,4747180.003045261,11.418370068748025,0.07543214525159947,ok,False,True,False,0
3000,4871576.683675958,12.02619284161551,0.05437470758934182,ok,False,True,False,0
3001,4989569.098993643,12.220560387406913,0.09524547435000189,ok,False,True,False,0
3002,4793893.81516227,9.432270638066097,0.06048226213973124,ok,False,True,False,0
3003,4750157.629142718,9.097891817574984,0.0457531765190739,ok,False,True,False,0
3004,4869412.325936372,9.793805149285427,0.07353155511402833,ok,False,True,False,0
3005,5000555.072374384,14.318169672211912,0.07587198645523141,ok,False,True,False,0
3006,4750157.629142718,7.978887323708666,0.07964862068545164,ok,False,True,False,0
3007,4858424.006744263,13.180837456774983,0.05971344362427122,ok,False,True,False,0
3008,4935770.852083604,13.482360616995933,0.0713543809945304,ok,False,True,False,0
3009,5345884.466544027,11.707127276131875,0.06570013734881075,ok,False,True,False,0
3010,4268339.192541627,8.212877159916921,0.08937983295129481,ok,False,True,False,0
3011,5167707.639271222,10.807910614279796,0.05895225520573932,ok,False,True,False,0
3012,4946265.309662957,9.990659524461218,0.06282273408088956,ok,False,True,False,0
3013,4867731.373412754,12.451421815656994,0.06740604698785113,ok,False,True,False,0
3014,4683078.68915011,9.095469926347636,0.06605424050928654,ok,False,True,False,0
3015,4946566.553717079,12.021942551355748,0.09448438012958549,ok,False,True,False,0
3016,4904996.607209188,17.510117617473544,0.08287196390535023,ok,False,True,False,0
3017,4747180.003045261,9.997158662161844,0.09756058176571375,ok,False,True,False,0
3018,4854197.782705044,10.11437235722445,0.09743763931085903,ok,False,True,False,0
3019,3336995.657221681,4.724904078162507,0.08131816766457439,ok,False,True,False,0
3020,5168124.448080193,17.975831876263214,0.0633528487970178,ok,False,True,False,0
3021,4871910.110129002,9.451036302739045,0.06921390556453932,ok,False,True,False,0
3022,4885403.256909939,10.154248069383033,0.09473575938344178,ok,False,True,False,0
3023,4869273.787228397,9.673971617929329,0.060284585456899964,ok,False,True,False,0
3024,4934259.856412176,11.485908771665311,0.05144849378039651,ok,False,True,False,0
3025,5056534.845501018,11.190403674427227,0.10189028259538403,ok,False,True,False,1
3026,4683078.68915011,10.351574286297407,0.0516383828889001,ok,False,True,False,0
3027,5462723.537096908,18.10436746085298,0.06454021969212953,ok,False,True,False,0
3028,4884008.067165064,10.828900846464967,0.06076713327700767,ok,False,True,False,0
3029,4857571.027389104,13.583521972658403,0.09089775268556699,ok,False,True,False,0
3030,4683078.68915011,8.064107937620303,0.07562474348890291,ok,False,True,False,0
3031,5037515.797111789,13.147895153755334,0.0639518388935596,ok,False,True,False,0
3032,3543508.9322967106,6.073741910219134,0.08057835962490217,ok,False,True,False,0
3033,4200096.974268608,7.304619844637391,0.06254990027116925,ok,False,True,False,0
3034,4747180.003045261,8.945104375632098,0.07585020390785374,ok,False,True,False,0
3035,4855559.7394881,11.020497903678,0.09187886278640339,ok,False,True,False,0
3036,4901487.746305632,9.901153196147963,0.07752296726802022,ok,False,True,False,0
3037,4858434.673175987,9.388208935563334,0.06169642213100984,ok,False,True,False,0
3038,4979640.385921026,10.344663855103583,0.0702966495166244,ok,False,True,False,0
3039,4959609.115231531,13.172477101723619,0.07183308410417977,ok,False,True,False,0
3040,4747180.003045261,10.895875592829116,0.08126201813401024,ok,False,True,False,0
3041,4705765.05441471,11.788845981293552,0.07115075044725078,ok,False,True,False,0
3042,4912460.779954126,9.669790422709593,0.058103475983035224,ok,False,True,False,0
3043,4872331.315819436,10.030800503835794,0.07778691792652215,ok,False,True,False,0
3044,5283672.412705118,26.825245905076684,0.11018093700536546,ok,False,True,False,1
3045,4877189.367534638,14.156462806811877,0.0910854101579871,ok,False,True,False,0
3046,5159655.845508081,10.62500151843328,0.0640293460609902,ok,False,True,False,0
3047,3617358.704666448,5.863801571917228,0.09641389516566506,ok,False,True,False,0
3048,5269831.584955591,12.360341300014609,0.06010887037585766,ok,False,True,False,0
3049,4683078.68915011,7.660309540546032,0.06681820741608924,ok,False,True,False,0
3050,3342512.705544631,5.468214249651277,0.09372995642381343,ok,False,True,False,0
3051,4762962.819076799,11.73395525523533,0.10553376924264002,ok,False,True,False,1
3052,5035874.066913412,9.850918623423201,0.06901418198339981,ok,False,True,False,0
3053,4793893.81516227,11.714034455499958,0.10538393343081003,ok,False,True,False,1
3054,4705765.05441471,8.078274515429317,0.09580816474170373,ok,False,True,False,0
3055,4912282.004899741,11.297163868356659,0.08536343919779521,ok,False,True,False,0
3056,4854550.850531861,10.520396052237627,0.07388418712457273,ok,False,True,False,0
3057,4861889.356513754,12.844518800169498,0.07973429518724814,ok,False,True,False,0
3058,4997711.722764395,14.87360491597081,0.0728256883462528,ok,False,True,False,0
3059,4904817.484975308,8.97266767262897,0.07574640658880405,ok,False,True,False,0
3060,4858223.198420701,14.829287848532184,0.0569421312565932,ok,False,True,False,0
3061,4200096.974268608,7.886193694086839,0.10626864642411638,ok,False,True,False,1
3062,5176469.238920998,12.21127096286007,0.06842713778800492,ok,False,True,False,0
3063,4872467.278142697,12.374570517133199,0.04299057088316183,ok,False,True,False,0
3064,4747180.003045261,8.808850942213263,0.0730905260918375,ok,False,True,False,0
3065,5007861.071898328,10.74860393104476,0.08086312864212197,ok,False,True,False,0
3066,5026792.47398697,10.590606016788744,0.0465727400270427,ok,False,True,False,0
3067,4536155.3769555455,9.726295229543103,0.09327214105244458,ok,False,True,False,0
3068,4854675.383632369,8.627055094134455,0.04976047417605056,ok,False,True,False,0
3069,3626167.236809957,6.4623252002708975,0.09345052266313536,ok,False,True,False,0
3070,4793893.81516227,9.428379304967471,0.08704510308420688,ok,False,True,False,0
3071,4747180.003045261,8.661743208394476,0.07529365838453556,ok,False,True,False,0
3072,4931390.080410227,9.76041609680592,0.048588301872066975,ok,False,True,False,0
3073,4200096.974268608,7.771452619739029,0.07556443843767624,ok,False,True,False,0
3074,5514718.271103701,11.546320189097209,0.07774114772853757,ok,False,True,False,0
3075,5438036.003006333,15.211841123343854,0.0678971463126925,ok,False,True,False,0
3076,3336995.657221681,5.543113283180533,0.10173814589905117,ok,False,True,False,1
3077,4869452.645602815,12.23923016005067,0.08369395619751491,ok,False,True,False,0
3078,4640733.87978854,9.261054909541024,0.10638464004340958,ok,False,True,False,1
3079,4747180.003045261,10.448700627499578,0.10264813201626641,ok,False,True,False,1
3080,5286166.095078012,18.50249842326912,0.09429981193668213,ok,False,True,False,0
3081,4917443.737467766,9.706770413966984,0.07375651588781995,ok,False,True,False,0
3082,4747180.003045261,11.508420008094504,0.0952070354984269,ok,False,True,False,0
3083,4747180.003045261,9.31194081995753,0.07061348548893465,ok,False,True,False,0
3084,5320020.299492862,17.096526472095107,0.06099136277745493,ok,False,True,False,0
3085,4914082.271432589,13.0516183374263,0.08597098008676712,ok,False,True,False,0
3086,5000469.115361896,15.944859047155504,0.059697456983728636,ok,False,True,False,0
3087,5057286.916415583,18.295531191907415,0.0698715069527911,ok,False,True,False,0
3088,5405364.504508905,13.297197859757278,0.06986746217371653,ok,False,True,False,0
3089,4683078.68915011,10.51259206556295,0.06291760971873381,ok,False,True,False,0
3090,4914297.678745871,13.213717164872717,0.09109812377861565,ok,False,True,False,0
3091,4890005.692675642,11.687488638078413,0.05173797556116955,ok,False,True,False,0
3092,3556875.6913997256,6.360736999907343,0.06275588519491748,ok,False,True,False,0
3093,3432351.156454028,5.261514517102504,0.10502072732545908,ok,False,True,False,1
3094,4857761.757866663,11.98316643183022,0.058950723664989546,ok,False,True,False,0
3095,3528115.202946391,6.033530939981296,0.07450882998021613,ok,False,True,False,0
3096,4747180.003045261,9.4393756446947,0.06450448996915581,ok,False,True,False,0
3097,5228054.22725751,8.256093103646226,0.08631431051408289,ok,False,True,False,0
3098,4859901.6579330815,10.147591581893929,0.06749804136231041,ok,False,True,False,0
3099,4102292.53716956,7.311360020780051,0.10207381867882381,ok,False,True,False,1
3100,4856073.483466431,13.37488473344727,0.04936527202639451,ok,False,True,False,0
3101,5549774.934286319,10.79254976515973,0.0872593088370619,ok,False,True,False,0
3102,4762962.819076799,8.087878463235764,0.08109661665598666,ok,False,True,False,0
3103,5243441.903557662,12.110934396554136,0.08782627290120346,ok,False,True,False,0
3104,4960080.782591199,10.845068411952766,0.042435843413388685,ok,False,True,False,0
3105,4897325.583344354,10.439012447803954,0.06145652766727827,ok,False,True,False,0
3106,4925946.05144978,13.89611707250707,0.0761995131320175,ok,False,True,False,0
3107,4955668.027730292,14.405869013985964,0.050205058241479805,ok,False,True,False,0
3108,5351372.27797744,19.332231178165916,0.06716096571168176,ok,False,True,False,0
3109,5188438.831801593,10.507632146691039,0.06617099938896842,ok,False,True,False,0
3110,4857923.351628156,12.716977983325286,0.09490656141001708,ok,False,True,False,0
3111,4973683.721548391,12.48737514479234,0.05946701341417909,ok,False,True,False,0
3112,4958159.673078515,10.915226948985623,0.06695222120922506,ok,False,True,False,0
3113,4871949.610551677,13.538257177355577,0.08904685411976865,ok,False,True,False,0
3114,3432351.156454028,5.775816703413444,0.09602163422219323,ok,False,True,False,0
3115,3492245.189242847,5.604305939050378,0.10601335967584236,ok,False,True,False,1
3116,3088961.304368391,4.646375833271703,0.08707029665557275,ok,False,True,False,0
3117,4593663.593117381,7.494254384651449,0.037398212456789426,ok,False,True,False,0
3118,4747180.003045261,10.706477648877597,0.06324871604249926,ok,False,True,False,0
3119,4747180.003045261,8.10653067799866,0.1127600161418644,ok,False,True,False,1
3120,4909107.151830531,10.031275563347402,0.05334825806044466,ok,False,True,False,0
3121,4358084.285466188,8.994894167225002,0.06454324183781757,ok,False,True,False,0
3122,4888195.877797719,9.96622656999396,0.09417422085822148,ok,False,True,False,0
3123,4936374.601254963,10.557460558660338,0.055528454550936135,ok,False,True,False,0
3124,4919753.602396165,16.08877286950686,0.07068037526329655,ok,False,True,False,0
3125,4861802.318347657,10.437514347386077,0.052954419085582016,ok,False,True,False,0
3126,5059159.393477675,13.814076715105665,0.08100657484030249,ok,False,True,False,0
3127,5327324.448960077,10.374701535505476,0.08542870240798567,ok,False,True,False,0
3128,5288107.1508974135,16.82876900860441,0.0665264719436921,ok,False,True,False,0
3129,5105959.5889138365,11.376475412547189,0.07504610167860551,ok,False,True,False,0
3130,4747180.003045261,10.380435207005048,0.06112818902023537,ok,False,True,False,0
3131,5530250.9921269035,17.624558917824185,0.07547894629205953,ok,False,True,False,0
3132,4858430.762018338,8.207074180077349,0.06171366462356098,ok,False,True,False,0
3133,4869181.6339319805,10.269184885624588,0.0782117592172451,ok,False,True,False,0
3134,4856494.467453524,11.184931129968085,0.06458987030212304,ok,False,True,False,0
3135,4942831.7146028755,10.971545768769012,0.062061140769144846,ok,False,True,False,0
3136,4855738.82149753,11.60359538493901,0.08346280169918796,ok,False,True,False,0
3137,4942321.619937951,10.056944263951678,0.06628326088248226,ok,False,True,False,0
3138,4747180.003045261,10.580229885358536,0.06841894981795149,ok,False,True,False,0
3139,5123427.936143578,10.628049775069544,0.07334256696087149,ok,False,True,False,0
3140,4683078.68915011,10.34948355826963,0.06448033732888023,ok,False,True,False,0
3141,5209823.543839586,11.966516430156682,0.06781976423945052,ok,False,True,False,0
3142,4149819.2257139417,7.953754113144048,0.0775393930906344,ok,False,True,False,0
3143,4358084.285466188,8.557174099131672,0.04743495954225163,ok,False,True,False,0
3144,4877180.974825843,10.678553755836923,0.04802217050621849,ok,False,True,False,0
3145,5185313.308405371,17.34124708128446,0.06858495205328641,ok,False,True,False,0
3146,5073218.506518717,16.337457245504762,0.0945901099352846,ok,False,True,False,0
3147,4857028.078380156,12.488696021040795,0.08219008194930144,ok,False,True,False,0
3148,3336995.657221681,5.031060515769074,0.09411394014354202,ok,False,True,False,0
3149,4747180.003045261,9.895006137991567,0.06240326717140378,ok,False,True,False,0
3150,3617358.704666448,5.913207857199735,0.08622889050810006,ok,False,True,False,0
3151,5156083.380951518,13.861595723240995,0.0828638387756625,ok,False,True,False,0
3152,4863118.839848046,8.997219357487339,0.07682055557049017,ok,False,True,False,0
3153,5000538.679604278,10.98720596221666,0.08408999855104143,ok,False,True,False,0
3154,4750157.629142718,9.548873309118719,0.08736889868374675,ok,False,True,False,0
3155,4863484.421451873,11.334363850759178,0.06795406039524499,ok,False,True,False,0
3156,4888682.07578871,11.003858029511644,0.05507315524004652,ok,False,True,False,0
3157,5618304.079323886,11.025006887139492,0.06979661938058146,ok,False,True,False,0
3158,4200096.974268608,8.281667686810323,0.05171742635982579,ok,False,True,False,0
3159,4857399.233802895,15.717412718603835,0.09185470294115516,ok,False,True,False,0
3160,4857837.910214241,11.806850837322235,0.07158001950157578,ok,False,True,False,0
3161,4969350.250506373,13.184765493335343,0.08090877235486915,ok,False,True,False,0
3162,4747180.003045261,10.935528870664667,0.09345447933258966,ok,False,True,False,0
3163,4894802.953866465,9.850807758039135,0.07322542046311842,ok,False,True,False,0
3164,4864420.899965712,9.934181808919533,0.056636796685529234,ok,False,True,False,0
3165,4930951.147045212,11.242335851291505,0.07576862040548521,ok,False,True,False,0
3166,4997898.457854138,11.085656001677597,0.10243687217514846,ok,False,True,False,1
3167,3519824.2810661173,5.8912992963346875,0.08610605192501553,ok,False,True,False,0
3168,4944091.534717986,8.693359692319433,0.09298455663189387,ok,False,True,False,0
3169,5425763.76158097,13.02411416757145,0.07710483498050069,ok,False,True,False,0
3170,4975744.74398077,13.929670531571922,0.069235259498165,ok,False,True,False,0
3171,4867009.945248373,13.84399152416432,0.08679433905122202,ok,False,True,False,0
3172,4870641.087772274,10.848374706223426,0.07930332760991277,ok,False,True,False,0
3173,5177710.965361055,12.797531932482935,0.06698542226350435,ok,False,True,False,0
3174,4977176.650636846,11.06748726644381,0.07788010496687559,ok,False,True,False,0
3175,5046488.312764825,15.348033615492675,0.0703897244306182,ok,False,True,False,0
3176,4747180.003045261,9.990831172737959,0.06648861961329611,ok,False,True,False,0
3177,4204450.88888185,7.0894179704689755,0.10837947804504883,ok,False,True,False,1
3178,3342512.705544631,5.116755656395676,0.10237288577276968,ok,False,True,False,1
3179,4750157.629142718,9.616894145301497,0.07227999502330493,ok,False,True,False,0
3180,5552454.473262523,14.196408081938193,0.0754895951676059,ok,False,True,False,0
3181,5101222.442831375,11.29645338225644,0.09890235138077208,ok,False,True,False,1
3182,5012906.014240742,22.06416136190765,0.08702705184173543,ok,False,True,False,0
3183,4996325.703272033,17.660241175329023,0.08311111985047959,ok,False,True,False,0
3184,5256264.173105434,14.18588411736265,0.06498471471580736,ok,False,True,False,0
3185,5605874.582543023,13.076801413082602,0.06588505193441241,ok,False,True,False,0
3186,4870015.6423596805,12.953733653524726,0.07748858955475135,ok,False,True,False,0
3187,4949782.767096198,11.121141182400017,0.04356306871296389,ok,False,True,False,0
3188,4875779.68809962,12.123215639106872,0.06699323333698681,ok,False,True,False,0
3189,4894811.163627212,13.523684917924076,0.08779993541269882,ok,False,True,False,0
3190,4869463.867312397,10.332683073353397,0.09219323062979834,ok,False,True,False,0
3191,5503196.2945833355,13.378573835633349,0.06675694580757058,ok,False,True,False,0
3192,5101444.066052736,12.5013477049247,0.07620427384601003,ok,False,True,False,0
3193,4860928.654667976,11.717448782900027,0.057552008424628265,ok,False,True,False,0
3194,3302496.386343417,4.93334270510416,0.10735731535355275,ok,False,True,False,1
3195,4757018.460019675,9.612402637909353,0.0746350873685867,ok,False,True,False,0
3196,5140483.337893912,10.144613696199094,0.057662892387103426,ok,False,True,False,0
3197,4863082.383646467,13.366952000036804,0.06469601389667512,ok,False,True,False,0
3198,5084852.911376225,11.463218581761609,0.08060934956545193,ok,False,True,False,0
3199,4683078.68915011,9.038480809202142,0.06942557463860288,ok,False,True,False,0
3200,5255681.004041846,14.6710527479056,0.08376803557549276,ok,False,True,False,0
3201,4914088.6357897045,13.915909233140894,0.050905029397280144,ok,False,True,False,0
3202,4892946.330903494,11.162798965615266,0.07013672353518674,ok,False,True,False,0
3203,4958689.014043423,9.916483972839066,0.07120212613403198,ok,False,True,False,0
3204,4866047.150162175,10.04779559949293,0.08858884919490229,ok,False,True,False,0
3205,4860227.214372398,10.355218593451841,0.09094815264079148,ok,False,True,False,0
3206,4856538.906229268,8.311708418957249,0.07074861737985239,ok,False,True,False,0
3207,4747180.003045261,13.346556619439964,0.08521099773879745,ok,False,True,False,0
3208,4917595.666214225,9.353649588491646,0.09008603247840598,ok,False,True,False,0
3209,5389372.391527724,11.10196353895477,0.06076929394333419,ok,False,True,False,0
3210,4757018.460019675,9.05757687010108,0.059649688707236415,ok,False,True,False,0
3211,4200096.974268608,8.069019058569026,0.09877056585450372,ok,False,True,False,1
3212,4856379.247453409,12.634725852035169,0.08197115856229231,ok,False,True,False,0
3213,3543508.9322967106,5.8867783788708925,0.08524888182932333,ok,False,True,False,0
3214,4976415.233911216,8.398809054578969,0.069441059569055,ok,False,True,False,0
3215,5303016.504018716,9.261140339995478,0.07032275501085461,ok,False,True,False,0
3216,4854223.547945756,10.93961987932243,0.08062583939350498,ok,False,True,False,0
3217,5335004.65320631,15.177451126181856,0.09845350645139483,ok,False,True,False,1
3218,5073869.681880861,13.78762505573581,0.06474800733349517,ok,False,True,False,0
3219,5026053.935190366,10.919084375224877,0.08947697832288937,ok,False,True,False,0
3220,4861938.039741891,9.521025059870794,0.08200845318608274,ok,False,True,False,0
3221,4979191.178836922,12.443152897170657,0.06303793216535081,ok,False,True,False,0
3222,5327944.84459951,10.83202660529565,0.0616977856234312,ok,False,True,False,0
3223,4885210.607367421,8.83896518230975,0.053531689460983634,ok,False,True,False,0
3224,5068877.141250121,9.164366671520312,0.08677765406941174,ok,False,True,False,0
3225,5231844.461614265,8.501789970222209,0.08621042008179292,ok,False,True,False,0
3226,4909861.041326441,9.615259400636575,0.0819038238792073,ok,False,True,False,0
3227,4536155.3769555455,8.283625491333323,0.09644828258930016,ok,False,True,False,0
3228,4982075.797938907,12.669993790288444,0.09210413950635675,ok,False,True,False,0
3229,5087889.206854797,12.473208698932739,0.08316544996932063,ok,False,True,False,0
3230,4870658.968754037,11.047830228751792,0.04675869266586749,ok,False,True,False,0
3231,5052744.213480128,15.195647226973957,0.06829149154071945,ok,False,True,False,0
3232,5441312.233132193,17.291243677093675,0.08665096148269524,ok,False,True,False,0
3233,5602383.580871731,12.304924491914749,0.08563818763623238,ok,False,True,False,0
3234,4902686.279959681,13.496931775197165,0.051074170967834065,ok,False,True,False,0
3235,4683078.68915011,9.388265675204917,0.11371916036630042,ok,False,True,False,1
3236,4757018.460019675,8.768852547819915,0.05682295015796068,ok,False,True,False,0
3237,4906981.268035893,19.07849972803427,0.07191683626804435,ok,False,True,False,0
3238,4948671.070768105,9.321103016800848,0.06934900782494524,ok,False,True,False,0
3239,4747180.003045261,11.758276974712393,0.08612794808866192,ok,False,True,False,0
3240,5009840.910935758,13.184707957091003,0.0908908399211453,ok,False,True,False,0
3241,4880537.459077588,16.11499410195676,0.07835111950641827,ok,False,True,False,0
3242,4880416.893519001,14.286032472333382,0.1154549405245816,ok,False,True,False,1
3243,4861805.192191988,10.500634342634076,0.10321012882928687,ok,False,True,False,1
3244,4683078.68915011,9.612094011779892,0.09213986648727546,ok,False,True,False,0
3245,4880290.963144757,9.825297351453015,0.0668189952583279,ok,False,True,False,0
3246,4747180.003045261,12.678496555609613,0.10043699350216195,ok,False,True,False,1
3247,5110480.556437496,14.7195476350687,0.09490614831031907,ok,False,True,False,0
3248,4924951.344018686,10.95027799025252,0.07888017521698976,ok,False,True,False,0
3249,5098601.919145935,8.778848022352308,0.06683712880256742,ok,False,True,False,0
3250,4747180.003045261,10.976757375104532,0.09736902450139155,ok,False,True,False,0
3251,4904428.989897845,13.715118411601555,0.09773366132634498,ok,False,True,False,0
3252,4200096.974268608,7.016059910180403,0.0773773356035552,ok,False,True,False,0
3253,4863442.194456458,10.823827818612259,0.06690281133465337,ok,False,True,False,0
3254,4705765.05441471,10.022554452128942,0.06068350149291324,ok,False,True,False,0
3255,4900755.488669226,13.06116981165309,0.07291910485560527,ok,False,True,False,0
3256,3578778.14702384,5.952864890334646,0.11427952414087775,ok,False,True,False,1
3257,3078689.2430445333,4.957600581219758,0.08770134652137296,ok,False,True,False,0
3258,5269532.890899554,10.58405299410758,0.0621637288136504,ok,False,True,False,0
3259,4860189.5928286025,9.857239984896319,0.09782720022103786,ok,False,True,False,1
3260,5045560.422053722,9.793433044362342,0.06488673683238586,ok,False,True,False,0
3261,3519824.2810661173,6.023453338100048,0.10754794922496047,ok,False,True,False,1
3262,4925125.362774533,9.243876351922795,0.042837897098590705,ok,False,True,False,0
3263,4868202.380392519,10.238280442164438,0.06534057996433518,ok,False,True,False,0
3264,4854257.710297511,11.99861853500983,0.06425902746699308,ok,False,True,False,0
3265,4895649.526356556,9.761832093380205,0.07012552796095906,ok,False,True,False,0
3266,4855722.021156938,8.903584374372151,0.06448138542406878,ok,False,True,False,0
3267,5173513.18956229,18.215429784765075,0.07209959040623737,ok,False,True,False,0
3268,4747180.003045261,11.523232383410372,0.11831517400599934,ok,False,True,False,1
3269,4861705.113661891,12.714408177238905,0.10202791276680423,ok,False,True,False,1
3270,4757018.460019675,9.64454864848376,0.08670608844359173,ok,False,True,False,0
3271,4865052.823106396,10.772363598494199,0.06964073460760545,ok,False,True,False,0
3272,4857048.755059517,12.233796306760672,0.04741304361313044,ok,False,True,False,0
3273,4793893.81516227,9.883480612922277,0.10384749884185573,ok,False,True,False,1
3274,4747180.003045261,9.714282403460047,0.06371268185071666,ok,False,True,False,0
3275,4860322.017970248,10.140185659711605,0.06563278009201257,ok,False,True,False,0
3276,4854179.6347684,11.931498733829336,0.07467501447528502,ok,False,True,False,0
3277,4854337.104474807,9.202259061227775,0.06533404670302012,ok,False,True,False,0
3278,5227305.002190715,15.328975901204261,0.10533991683780741,ok,False,True,False,1
3279,3336995.657221681,5.365319069004183,0.0840946581932222,ok,False,True,False,0
3280,4870380.154189703,11.972201329502814,0.06518068752123368,ok,False,True,False,0
3281,4683078.68915011,8.506636262601067,0.07659332902205718,ok,False,True,False,0
3282,4903015.191796264,10.822620257500894,0.08034500095496167,ok,False,True,False,0
3283,4747180.003045261,11.353903812200468,0.05375205912762715,ok,False,True,False,0
3284,4200096.974268608,8.973059139004627,0.0845405804475994,ok,False,True,False,0
3285,4899709.433430136,9.310620554016829,0.0678984368247848,ok,False,True,False,0
3286,5268590.664664307,6.933769188913931,0.0670797487097553,ok,False,True,False,0
3287,4931088.737624644,10.489448981283788,0.07104686501174129,ok,False,True,False,0
3288,4993163.978187007,10.664301961262074,0.05344882576148005,ok,False,True,False,0
3289,4747180.003045261,9.388733285183509,0.06459778149109585,ok,False,True,False,0
3290,5270019.491474777,12.565079456231112,0.06758203926597917,ok,False,True,False,0
3291,3342512.705544631,5.252025005854443,0.1134821112705155,ok,False,True,False,1
3292,4970450.886699585,13.486556385967742,0.07201686280069763,ok,False,True,False,0
3293,4859289.8175381115,11.244511123681603,0.07494017357632388,ok,False,True,False,0
3294,4936902.346669605,11.641026737883491,0.07324338475523584,ok,False,True,False,0
3295,4793893.81516227,10.415278058536973,0.09488579295229645,ok,False,True,False,0
3296,5128444.2995605245,11.44278852681254,0.061641285740452245,ok,False,True,False,0
3297,5153293.859019552,10.118042799579177,0.05811115744512452,ok,False,True,False,0
3298,4865668.125379254,12.44878805801036,0.05781532451173843,ok,False,True,False,0
3299,4879240.291610116,9.704904869021831,0.07704748478626611,ok,False,True,False,0
3300,5013410.039007671,11.20742553391992,0.07707521235670062,ok,False,True,False,0
3301,5022794.10099068,14.632317011441026,0.08941551395151076,ok,False,True,False,0
3302,4898323.648821582,10.704150342962174,0.046722195920874954,ok,False,True,False,0
3303,4892479.544623887,11.809569140687541,0.08989734401379446,ok,False,True,False,0
3304,4868976.517845934,10.256781053366034,0.10476168918620998,ok,False,True,False,1
3305,4757018.460019675,9.165729497418988,0.0887496199332416,ok,False,True,False,0
3306,4324739.151746342,8.073466808276553,0.0850912197632453,ok,False,True,False,0
3307,5021489.641027317,14.201493412616243,0.06654840393213876,ok,False,True,False,0
3308,4750157.629142718,9.38469116693908,0.06743482518924304,ok,False,True,False,0
3309,5062596.575539051,8.08112314213147,0.05868814970706715,ok,False,True,False,0
3310,4856261.466773169,9.051913880413334,0.04231428349360186,ok,False,True,False,0
3311,3432351.156454028,5.3973160016359225,0.09969258309250784,ok,False,True,False,1
3312,4876612.485391049,13.699051064459907,0.0884441099795501,ok,False,True,False,0
3313,4860642.759322184,18.69701242531116,0.06954575061639257,ok,False,True,False,0
3314,4929361.751225786,11.89930107136887,0.055463431128712215,ok,False,True,False,0
3315,4882274.984387622,11.730864035315868,0.0879907600437091,ok,False,True,False,0
3316,4866991.465338257,10.521694685391623,0.07064157837273632,ok,False,True,False,0
3317,5034177.559383319,9.505388787860397,0.0958974905606339,ok,False,True,False,0
3318,4855640.8607842345,12.05977924514843,0.07307930715019906,ok,False,True,False,0
3319,5417048.004475075,11.873819207847086,0.0971451290287891,ok,False,True,False,0
3320,4983249.480922103,12.962237006874464,0.08551098264341606,ok,False,True,False,0
3321,4747180.003045261,10.028388412394897,0.05691371940053483,ok,False,True,False,0
3322,3451998.5597333424,5.471447574107006,0.0977827140030535,ok,False,True,False,1
3323,4747180.003045261,9.334471959269031,0.0686880120738213,ok,False,True,False,0
3324,4869931.035081023,9.43382406834676,0.08281943108104528,ok,False,True,False,0
3325,4857248.590893304,15.451812909569195,0.07530571898234761,ok,False,True,False,0
3326,4879546.332436232,7.626131313112274,0.06786473290693851,ok,False,True,False,0
3327,5082797.7981231455,9.198965722126118,0.08378394843677012,ok,False,True,False,0
3328,4683078.68915011,10.145866424851956,0.0731819008935205,ok,False,True,False,0
3329,3302496.386343417,5.241853278885589,0.09614898617732057,ok,False,True,False,0
3330,4857257.763677215,9.632914885814072,0.08022105360190934,ok,False,True,False,0
3331,3257319.382745661,4.870754638055988,0.08579861355615359,ok,False,True,False,0
3332,5539916.704397613,14.689272273265638,0.07189330889903611,ok,False,True,False,0
3333,5018720.998989436,15.039466875284008,0.07175406745230373,ok,False,True,False,0
3334,3446045.452357808,5.48959220383067,0.08610945286824345,ok,False,True,False,0
3335,4979986.617179072,12.537964978134868,0.06935031020717675,ok,False,True,False,0
3336,4916115.062889627,10.861305449980637,0.07466254084883195,ok,False,True,False,0
3337,4750157.629142718,8.771967962748768,0.06849915519376581,ok,False,True,False,0
3338,4747180.003045261,12.273221537983778,0.09764770342490336,ok,False,True,False,0
3339,4862391.811931166,9.98204489763452,0.08807367350254691,ok,False,True,False,0
3340,5360980.526172337,15.385654449051552,0.09122500293052466,ok,False,True,False,0
3341,4875533.432679323,12.445737537241813,0.08874671111640964,ok,False,True,False,0
3342,4705765.05441471,8.316815933349208,0.05980092636692946,ok,False,True,False,0
3343,4863156.488597846,15.104942021325353,0.0878783178498933,ok,False,True,False,0
3344,4921646.879082649,10.37193671842733,0.07644214800694088,ok,False,True,False,0
3345,4914632.686894377,9.75280240354786,0.07944507327516115,ok,False,True,False,0
3346,4914409.439568464,11.907312404331837,0.04165112126409007,ok,False,True,False,0
3347,4923444.6999546895,10.154563815638081,0.05236051980866119,ok,False,True,False,0
3348,4858150.832277861,11.369385424339997,0.07382617061143687,ok,False,True,False,0
3349,5049539.99551272,10.864366911739008,0.06754716637434677,ok,False,True,False,0
3350,5272722.061221747,14.70926596758027,0.063918781558359,ok,False,True,False,0
3351,4857999.268076124,10.999112527265401,0.06522192381611713,ok,False,True,False,0
3352,4858740.691928546,10.032104393394192,0.07640650417407935,ok,False,True,False,0
3353,4863398.640693578,11.694428028398576,0.06525733101903108,ok,False,True,False,0
3354,4894695.584255801,10.39862966805126,0.0758472501373243,ok,False,True,False,0
3355,4912395.641033456,12.345156990659387,0.07709876688190975,ok,False,True,False,0
3356,5116847.40490049,9.546348424960756,0.07814360360272382,ok,False,True,False,0
3357,5053476.00522891,12.629573522805705,0.09340871612011344,ok,False,True,False,0
3358,4892620.116634556,13.123664454239185,0.05131744862150839,ok,False,True,False,0
3359,4858863.963008419,11.27884713058214,0.06320109510692762,ok,False,True,False,0
3360,5094840.046813968,10.553447884237233,0.08655400504924338,ok,False,True,False,0
3361,4747180.003045261,9.574478114553262,0.06475074002443107,ok,False,True,False,0
3362,4747180.003045261,8.187810169066202,0.0888001560298169,ok,False,True,False,0
3363,3519824.2810661173,6.322849024801599,0.09448460543412995,ok,False,True,False,0
3364,4902799.529732714,9.965284202273226,0.06830141872309026,ok,False,True,False,0
3365,4924813.286710643,13.21396737006854,0.060876757368504064,ok,False,True,False,0
3366,4858870.589325077,10.091986385528779,0.07553797064940437,ok,False,True,False,0
3367,5166187.091313551,12.507344157802747,0.08874140683086684,ok,False,True,False,0
3368,4919475.163709991,10.189478717094397,0.07645691230817458,ok,False,True,False,0
3369,4793893.81516227,10.920038617777106,0.06389819008122358,ok,False,True,False,0
3370,5984871.9659498045,15.647986691020972,0.08047466427505612,ok,False,True,False,0
3371,4915710.965245985,11.486190096333841,0.07525019242207631,ok,False,True,False,0
3372,5154429.152401775,11.88516877629986,0.08143719324612841,ok,False,True,False,0
3373,4921503.215555432,16.43328750528883,0.08434282235879147,ok,False,True,False,0
3374,5015519.884561368,10.965876024465699,0.05941861384327929,ok,False,True,False,0
3375,4854502.197038215,11.002319571118843,0.06798015717917993,ok,False,True,False,0
3376,3519824.2810661173,5.942969280238723,0.09042376637100125,ok,False,True,False,0
3377,4318219.689267186,7.426300386762212,0.08880972669200421,ok,False,True,False,0
3378,5019783.388022249,12.621203724208446,0.06712964103998786,ok,False,True,False,0
3379,4864156.404671311,10.20210772495592,0.08778365682435307,ok,False,True,False,0
3380,4888018.210023546,12.891904221020193,0.08473345510231656,ok,False,True,False,0
3381,5167796.322613824,13.17421315689466,0.06396073701859727,ok,False,True,False,0
3382,5353723.249628373,16.341258253885243,0.08889718438325545,ok,False,True,False,0
3383,4859701.492670422,8.841686524151264,0.06409127805930706,ok,False,True,False,0
3384,5129689.773036977,13.632220489187297,0.06885991574055621,ok,False,True,False,0
3385,5175346.541959448,14.377420443268663,0.08883053714029288,ok,False,True,False,0
3386,5036674.0627898015,14.781492664335588,0.08739776234106511,ok,False,True,False,0
3387,4857244.756243699,14.254337651287791,0.09815065691504243,ok,False,True,False,1
3388,4878073.418477085,10.815472617045954,0.059261467077719954,ok,False,True,False,0
3389,4897520.352239558,9.893387299454039,0.08557187876689454,ok,False,True,False,0
3390,4747180.003045261,11.285260637614504,0.08455349455402716,ok,False,True,False,0
3391,3342512.705544631,5.4440150849158275,0.09731858672213523,ok,False,True,False,0
3392,4683078.68915011,10.197179325424989,0.07651364285312479,ok,False,True,False,0
3393,4965395.779683081,10.232792466556905,0.07206270482118234,ok,False,True,False,0
3394,4978355.10045636,19.3705062703482,0.062919091293689,ok,False,True,False,0
3395,4972238.662300746,9.25293880632007,0.062046652303675454,ok,False,True,False,0
3396,4200096.974268608,7.542160901160848,0.08895680086453861,ok,False,True,False,0
3397,4856526.023240814,15.024262071430591,0.09006718870613195,ok,False,True,False,0
3398,4750157.629142718,11.613807581376127,0.06325092806449462,ok,False,True,False,0
3399,4268339.192541627,6.822821000135666,0.06514431357055922,ok,False,True,False,0
3400,4271679.485731879,8.566175449596464,0.06929268681206902,ok,False,True,False,0
3401,5135967.183754933,13.607970056224335,0.09325029282668484,ok,False,True,False,0
3402,4881157.824818559,10.211033171179563,0.07837449241144503,ok,False,True,False,0
3403,4705765.05441471,8.963283907802843,0.08295167603352005,ok,False,True,False,0
3404,4971035.671517572,15.582169486675925,0.06196110400424723,ok,False,True,False,0
3405,5053610.803686019,10.4616743060659,0.056092595331238226,ok,False,True,False,0
3406,5057038.920426386,12.07736260003581,0.06890081831998779,ok,False,True,False,0
3407,5260872.203740457,12.88331438928925,0.07920284142402201,ok,False,True,False,0
3408,5144573.321755508,12.666858971898458,0.06035723805267673,ok,False,True,False,0
3409,4358084.285466188,7.571133819054385,0.07941921858212148,ok,False,True,False,0
3410,4978807.982497884,11.760538265575667,0.06065466964314489,ok,False,True,False,0
3411,3336995.657221681,5.105028626042835,0.10045951282901966,ok,False,True,False,1
3412,4311809.855181465,7.556958475474765,0.08034636137704787,ok,False,True,False,0
3413,5004956.371887781,14.307406527695969,0.07249801845943171,ok,False,True,False,0
3414,4909664.966804988,12.976737694909572,0.08533163982396039,ok,False,True,False,0
3415,4984182.609801937,9.832554145466666,0.054713264784514215,ok,False,True,False,0
3416,3543508.9322967106,5.959279303181193,0.0804327566026814,ok,False,True,False,0
3417,5217282.956306504,15.377798861437785,0.09124999446328774,ok,False,True,False,0
3418,4868776.624173501,10.244670565631244,0.06763435759523606,ok,False,True,False,0
3419,3507468.282093733,5.552357228949284,0.08043502324009644,ok,False,True,False,0
3420,4858117.081806327,13.23387998560424,0.06494608717532568,ok,False,True,False,0
3421,5360384.173946418,16.37241603784171,0.08961748131993963,ok,False,True,False,0
3422,5290547.48243462,9.241512552021849,0.07485301268221811,ok,False,True,False,0
3423,4885980.458283233,11.054361375603374,0.06651896730147144,ok,False,True,False,0
3424,4747180.003045261,11.237263318756769,0.0867820194668697,ok,False,True,False,0
3425,6051132.101841057,43.12431485037132,0.10915526727350788,ok,False,True,False,1
3426,4973199.030185607,10.68524931092024,0.07603586902916748,ok,False,True,False,0
3427,5033954.849914417,14.38040515291863,0.06491698347373598,ok,False,True,False,0
3428,5117188.003915289,13.266114617931008,0.08279834671712194,ok,False,True,False,0
3429,4860512.145239933,11.811292170782542,0.06123162651372194,ok,False,True,False,0
3430,5226660.231762511,17.066611454231506,0.11658693081198923,ok,False,True,False,1
3431,4860110.401287632,9.333935693857493,0.10294282990479542,ok,False,True,False,1
3432,4897829.205481616,10.436141853994618,0.07475372262304053,ok,False,True,False,0
3433,4865928.369863907,11.62988351869157,0.056438561458855285,ok,False,True,False,0
3434,4896389.708918088,12.077885577625997,0.0791275033062433,ok,False,True,False,0
3435,4981457.65045352,13.002877452952891,0.06955453787345689,ok,False,True,False,0
3436,4864126.514691659,8.608139497939005,0.06296468663253618,ok,False,True,False,0
3437,5102272.856880879,13.484899251307287,0.07575232679365629,ok,False,True,False,0
3438,5206102.03197564,15.99044363457387,0.07168415443942286,ok,False,True,False,0
3439,5503250.344412687,14.695909807238525,0.07023191308365262,ok,False,True,False,0
3440,5269366.173363132,14.794777851086847,0.08846401995908704,ok,False,True,False,0
3441,5413235.348201686,18.554631916635913,0.09920163680658582,ok,False,True,False,1
3442,4860864.389552721,11.34775530318036,0.06611641046430616,ok,False,True,False,0
3443,3600022.3611444896,5.281343087932843,0.09989820410563333,ok,False,True,False,1
3444,5064568.399805866,13.022514289202626,0.07530001573141576,ok,False,True,False,0
3445,5736253.04140349,16.30779369875027,0.07875637839516314,ok,False,True,False,0
3446,5095652.161686349,12.961987207281961,0.08175365488901554,ok,False,True,False,0
3447,4874277.667165812,12.873440963642421,0.06640743429258344,ok,False,True,False,0
3448,5236719.012649088,11.459218256996289,0.07364280889201141,ok,False,True,False,0
3449,4640733.87978854,10.074655538033007,0.06405066047118277,ok,False,True,False,0
3450,4750157.629142718,9.35880954347348,0.07719562414662662,ok,False,True,False,0
3451,5211133.53218697,12.09062705070292,0.089161776767572,ok,False,True,False,0
3452,5081536.807456783,14.184170175224184,0.10330028338761754,ok,False,True,False,1
3453,4868295.66667741,10.177222991154727,0.07179300101165154,ok,False,True,False,0
3454,4953410.033730114,14.508809024526412,0.07277643671601308,ok,False,True,False,0
3455,4867335.5350402165,10.390062436309004,0.0533003920057844,ok,False,True,False,0
3456,4793893.81516227,11.25138617995396,0.09293682880489418,ok,False,True,False,0
3457,5263854.867226268,18.394050656422262,0.11127783793272691,ok,False,True,False,1
3458,4982883.556855427,8.618478541564992,0.06501130532544042,ok,False,True,False,0
3459,4947814.574705666,9.813349222557713,0.09746743324790251,ok,False,True,False,0
3460,4910570.546737732,12.243538631657247,0.07921324288135512,ok,False,True,False,0
3461,5098632.1961586615,8.162073594939741,0.09929086936487042,ok,False,True,False,1
3462,4948878.418576428,10.468517747206688,0.07706706786023276,ok,False,True,False,0
3463,4858578.939373436,14.16904094277463,0.0803825603895797,ok,False,True,False,0
3464,4747180.003045261,12.801167353126425,0.08115529012320297,ok,False,True,False,0
3465,5344956.627611762,13.21450668213852,0.0953984758072105,ok,False,True,False,0
3466,5819895.319050182,11.787069882241095,0.08556696622245097,ok,False,True,False,0
3467,4890416.869058288,11.189530265091417,0.08730947042092191,ok,False,True,False,0
3468,5129486.855846582,12.496017733408683,0.06393347326464172,ok,False,True,False,0
3469,4593663.593117381,9.139668891349029,0.08661845025475687,ok,False,True,False,0
3470,4944086.860391594,11.914869008859712,0.03238477189960043,ok,False,True,False,0
3471,2571080.2569182776,3.777671365733461,0.12044354654594525,ok,False,True,False,1
3472,3369318.12164703,5.510659519989288,0.09232970642304683,ok,False,True,False,0
3473,3923706.126287285,6.375771044428775,0.07550726395104618,ok,False,True,False,0
3474,4793893.81516227,8.27953807776807,0.05911990660384542,ok,False,True,False,0
3475,5136239.04398873,12.674442196081564,0.07350522918619412,ok,False,True,False,0
3476,4870511.243892519,9.37144532096777,0.07622476501010678,ok,False,True,False,0
3477,5236231.243378033,14.534564393549415,0.057539944025602585,ok,False,True,False,0
3478,4918001.001792436,9.732417825141322,0.06394796752176557,ok,False,True,False,0
3479,4747180.003045261,9.673050852227549,0.07969164156424124,ok,False,True,False,0
3480,4200096.974268608,8.584966943362055,0.13255020738576995,ok,False,True,False,1
3481,2571080.2569182776,3.879961172919843,0.1023710134995266,ok,False,True,False,1
3482,4705765.05441471,9.231949564696828,0.07732408892886874,ok,False,True,False,0
3483,4869613.357450003,11.16759323054885,0.05493840008652273,ok,False,True,False,0
3484,5199083.286089629,20.622373151664316,0.082209080630228,ok,False,True,False,0
3485,4961072.998252761,12.51537764809308,0.06789736593909212,ok,False,True,False,0
3486,4911594.512845459,10.486306880468202,0.0918707704205678,ok,False,True,False,0
3487,4876348.308345634,8.732765849599371,0.04652879227599449,ok,False,True,False,0
3488,5184997.2664476745,13.730463476395228,0.08656546180081726,ok,False,True,False,0
3489,4747180.003045261,10.931412897861714,0.06835510155336838,ok,False,True,False,0
3490,5092978.942912762,9.969156887088156,0.08883868345002277,ok,False,True,False,0
3491,4747180.003045261,9.767046006635468,0.06896948988956257,ok,False,True,False,0
3492,4893786.728495747,9.018046341617486,0.047725041234437326,ok,False,True,False,0
3493,4876161.039106173,10.968087858777537,0.05610923943693791,ok,False,True,False,0
3494,4536155.3769555455,7.488902140272336,0.04311537711424107,ok,False,True,False,0
3495,4750157.629142718,10.606145744007817,0.10341220526067929,ok,False,True,False,1
3496,5223419.163928367,17.976373464249114,0.08023270160949242,ok,False,True,False,0
3497,4887742.822098663,12.336557467173385,0.06121318595408219,ok,False,True,False,0
3498,5371001.356436121,10.031363953392,0.07904964557886174,ok,False,True,False,0
3499,4705765.05441471,7.932456568726144,0.07720531116357954,ok,False,True,False,0
3500,4640733.87978854,10.483641728405141,0.10141303902313417,ok,False,True,False,1
3501,4747180.003045261,10.815492501929475,0.0853055493776566,ok,False,True,False,0
3502,3519824.2810661173,5.916999242981759,0.09945410302434698,ok,False,True,False,1
3503,5007362.457357757,10.309595915830561,0.05239509871724479,ok,False,True,False,0
3504,5465236.026966472,15.537133116846602,0.061244008920467274,ok,False,True,False,0
3505,4750157.629142718,10.863735349899486,0.11247807396726628,ok,False,True,False,1
3506,5133546.185101097,9.647974783062024,0.07034818766956408,ok,False,True,False,0
3507,4757018.460019675,11.277360331241601,0.07312439394268244,ok,False,True,False,0
3508,5124274.51784954,7.731457391877533,0.07882842172698024,ok,False,True,False,0
3509,4868090.967492486,9.6207793289998,0.05904021621452071,ok,False,True,False,0
3510,5425517.431260209,15.156256012049498,0.10012233742607096,ok,False,True,False,1
3511,4747180.003045261,7.724774843618369,0.10155031339951393,ok,False,True,False,1
3512,4866902.627858343,10.154254337544367,0.09170107706631314,ok,False,True,False,0
3513,4867725.185866923,9.800499755849954,0.06813430148089783,ok,False,True,False,0
3514,5150855.001801713,7.0530483611076304,0.07100038317902413,ok,False,True,False,0
3515,5337315.603673669,14.32533782116843,0.052546888770128336,ok,False,True,False,0
3516,4986697.902669132,10.71724546993642,0.04960917745048221,ok,False,True,False,0
3517,5568362.887862139,13.770890351622654,0.07532929132901223,ok,False,True,False,0
3518,4901802.763786805,12.659708036998845,0.10818977968924703,ok,False,True,False,1
3519,4899241.882087432,10.03356663044949,0.09402548731825183,ok,False,True,False,0
3520,4855862.235322993,10.184588244075814,0.06683753907845524,ok,False,True,False,0
3521,4875452.764982293,12.151698184026598,0.06759667995562851,ok,False,True,False,0
3522,5633334.45401242,12.782340818264522,0.10760873533273363,ok,False,True,False,1
3523,5191238.550651265,10.31387829227873,0.06634373158820406,ok,False,True,False,0
3524,4863781.250427863,13.232119453783733,0.06402368614875809,ok,False,True,False,0
3525,4979366.15303364,12.027815988839604,0.052147986350237374,ok,False,True,False,0
3526,4868190.530597574,10.303464341270907,0.07109695417720796,ok,False,True,False,0
3527,4989414.7671824545,12.262835136597536,0.055454914656106635,ok,False,True,False,0
3528,4869180.768415205,12.600695408822638,0.0803835024237061,ok,False,True,False,0
3529,4980925.816183706,9.277479726659392,0.06676477959519744,ok,False,True,False,0
3530,5124132.734427232,14.450007985881664,0.08008839102427617,ok,False,True,False,0
3531,4916154.620471757,9.67381907450173,0.06429365414841726,ok,False,True,False,0
3532,4871721.860155504,11.368058025908125,0.0971659762425171,ok,False,True,False,0
3533,4793893.81516227,8.794857944890282,0.10069933207249282,ok,False,True,False,1
3534,5211276.441304403,20.656802477820012,0.10583194410342434,ok,False,True,False,1
3535,4747180.003045261,10.80453555989494,0.08085944246952925,ok,False,True,False,0
3536,4858148.6120042,14.492587596979538,0.06524656336929824,ok,False,True,False,0
3537,4683078.68915011,9.05863985690716,0.07937906998173763,ok,False,True,False,0
3538,4747180.003045261,10.74464250809355,0.10089612365058265,ok,False,True,False,1
3539,5614329.125994183,22.6031332311537,0.10739758008937389,ok,False,True,False,1
3540,3492245.189242847,5.405027996713691,0.09289191706982436,ok,False,True,False,0
3541,4793893.81516227,9.411987588723633,0.09499828400701793,ok,False,True,False,0
3542,4865783.204632379,11.767428667941067,0.07968211101985578,ok,False,True,False,0
3543,4750157.629142718,11.166198913560235,0.10902203990703163,ok,False,True,False,1
3544,4200096.974268608,6.97875104738334,0.0954535950940939,ok,False,True,False,0
3545,3492347.88912923,5.6449030129866244,0.08845451674479249,ok,False,True,False,0
3546,4747180.003045261,10.826134411186041,0.07216576618705961,ok,False,True,False,0
3547,5329356.99203577,16.002010360495845,0.0788492749776023,ok,False,True,False,0
3548,5633444.1947520375,12.840790906354735,0.09799068557763314,ok,False,True,False,1
3549,4857147.812334915,11.231477485246836,0.07956865195107976,ok,False,True,False,0
3550,4976558.6594766155,10.667629726317859,0.08187845188494536,ok,False,True,False,0
3551,5094195.242184293,9.390128455359559,0.06939287221910428,ok,False,True,False,0
3552,4869862.159031019,11.605044672210077,0.08908874937781841,ok,False,True,False,0
3553,5180276.660986201,11.286847502982294,0.09330293068276724,ok,False,True,False,0
3554,4855123.3926139735,11.071114637923301,0.08406329001409771,ok,False,True,False,0
3555,5200320.698706507,15.057260747357956,0.07920712368116245,ok,False,True,False,0
3556,4747180.003045261,9.48726464466066,0.06061943389209745,ok,False,True,False,0
3557,4932330.991771292,13.461698511554163,0.06519550987336209,ok,False,True,False,0
3558,4747180.003045261,10.683971261969548,0.07562917793257137,ok,False,True,False,0
3559,4856066.774473287,11.990441603374451,0.0930887975158019,ok,False,True,False,0
3560,3519824.2810661173,6.297035158832918,0.07799257712112972,ok,False,True,False,0
3561,4875181.58895777,11.414642708375915,0.06270724847531317,ok,False,True,False,0
3562,5148640.9349166555,10.003787192145413,0.06016286143851124,ok,False,True,False,0
3563,4856967.229729446,12.130559933358434,0.0550402868538602,ok,False,True,False,0
3564,4869060.435347248,11.224987502654729,0.060807020145119406,ok,False,True,False,0
3565,3617358.704666448,6.759102698866451,0.1036848175006127,ok,False,True,False,1
3566,5068134.550111428,11.829687080825394,0.05885535865562608,ok,False,True,False,0
3567,4905369.111359638,10.131538659636457,0.061710365013263394,ok,False,True,False,0
3568,4204450.88888185,7.645857290936901,0.07564839567092907,ok,False,True,False,0
3569,4747180.003045261,10.384650756353178,0.08894345122744973,ok,False,True,False,0
3570,3446045.452357808,5.919876156834173,0.09326055286473645,ok,False,True,False,0
3571,4874880.5382777145,9.787687164475011,0.05704622517224922,ok,False,True,False,0
3572,5276794.1838317225,9.842204871798858,0.1106834079561323,ok,False,True,False,1
3573,4683078.68915011,11.41822254861355,0.07240006611187405,ok,False,True,False,0
3574,4200096.974268608,7.684995726648927,0.1043758160245325,ok,False,True,False,1
3575,4946214.236379129,11.157403220884651,0.08233791586385358,ok,False,True,False,0
3576,4859571.381789328,11.083639513120357,0.06082706260020154,ok,False,True,False,0
3577,4750157.629142718,8.272570392873716,0.07688205561395747,ok,False,True,False,0
3578,5260920.735065576,14.083543098961714,0.09953563788280795,ok,False,True,False,1
3579,4859819.3451760765,17.901293207023745,0.07003862114060377,ok,False,True,False,0
3580,4865794.693334259,11.886569225412869,0.04650433367100271,ok,False,True,False,0
3581,4934962.166465096,8.708729953171424,0.07327245849327269,ok,False,True,False,0
3582,5061322.108067053,12.50879106063135,0.08992032215820595,ok,False,True,False,0
3583,5389308.949291368,11.362962042050814,0.07629476485514508,ok,False,True,False,0
3584,4874472.623363781,11.589387581328154,0.0974624664264575,ok,False,True,False,0
3585,4873078.79692658,10.819800671331047,0.06712546832649968,ok,False,True,False,0
3586,4857553.471783879,9.891694367085769,0.06776062508890335,ok,False,True,False,0
3587,4962263.45146734,10.275398575877693,0.06623671168846412,ok,False,True,False,0
3588,4870896.227937099,9.508910930422639,0.06506555238673217,ok,False,True,False,0
3589,4997632.185316709,9.29283662553724,0.09061084254137236,ok,False,True,False,0
3590,4864677.873381169,15.191537002708186,0.08321880006657395,ok,False,True,False,0
3591,2516037.688016199,3.7358707035047862,0.11307874946119528,ok,False,True,False,1
3592,3446045.452357808,5.4591627114387995,0.10441989342589131,ok,False,True,False,1
3593,4862504.074940642,11.557668166446222,0.0660404436318629,ok,False,True,False,0
3594,5302668.942071373,17.66403543979126,0.08144029162570626,ok,False,True,False,0
3595,4268339.192541627,8.650166861197526,0.08208512942736745,ok,False,True,False,0
3596,5056059.702973099,14.439494872486293,0.06371850640974974,ok,False,True,False,0
3597,4863725.634505606,11.89950666033389,0.06896174016632028,ok,False,True,False,0
3598,4919711.426525459,11.217415781010185,0.05309403262957246,ok,False,True,False,0
3599,4989451.678452092,7.742435133193379,0.0699451308867719,ok,False,True,False,0
3600,3451998.5597333424,6.1373103642782745,0.09137356926235907,ok,False,True,False,0
3601,5476324.309352473,13.303363712098562,0.07935915980814312,ok,False,True,False,0
3602,5124632.8394141095,15.75527683016299,0.09443020555698581,ok,False,True,False,0
3603,3446045.452357808,5.50185329912662,0.10050291640561604,ok,False,True,False,1
3604,5139405.245909912,13.324092800216093,0.07846481919283554,ok,False,True,False,0
3605,4762962.819076799,9.429207528541179,0.04399802940070108,ok,False,True,False,0
3606,4894218.4662698675,11.117573681943247,0.04967288336150702,ok,False,True,False,0
3607,4869319.645955803,11.892725654819623,0.11007536499055615,ok,False,True,False,1
3608,4858163.862113716,12.528731898526347,0.07197770686069327,ok,False,True,False,0
3609,4856423.620994734,11.640371657586822,0.05901811871178486,ok,False,True,False,0
3610,4747180.003045261,10.758963148025487,0.07225740080981002,ok,False,True,False,0
3611,4750157.629142718,10.417460861433797,0.10706566748979751,ok,False,True,False,1
3612,5420201.717141432,15.056602187567382,0.09770865039589827,ok,False,True,False,0
3613,5196255.002285712,15.940250882429309,0.07889038343541199,ok,False,True,False,0
3614,5315210.941430933,9.254216545467907,0.06859420825725315,ok,False,True,False,0
3615,4750157.629142718,9.040327459718977,0.061592292808648086,ok,False,True,False,0
3616,4872808.406210394,15.107420444509954,0.10529820056954642,ok,False,True,False,1
3617,4747180.003045261,9.41385798686519,0.09076523239826045,ok,False,True,False,0
3618,5003002.907533369,8.403562515795556,0.053996131883774445,ok,False,True,False,0
3619,4860210.186717395,10.888330846969902,0.05143092914641789,ok,False,True,False,0
3620,5595697.486008721,31.810110477347756,0.0744351400095925,ok,False,True,False,0
3621,4747180.003045261,12.091967020404004,0.06873472609577669,ok,False,True,False,0
3622,4883015.968353849,10.913566363248044,0.09047682699920978,ok,False,True,False,0
3623,4862449.253300691,12.518575208213063,0.07780117188492697,ok,False,True,False,0
3624,4912275.040952199,14.424963492284464,0.06449100005982604,ok,False,True,False,0
3625,4683078.68915011,10.017450265799425,0.10790577963449885,ok,False,True,False,1
3626,4874629.994830887,12.744844381769333,0.11500334270475909,ok,False,True,False,1
3627,5121845.879099796,10.707753943285052,0.0692072057125202,ok,False,True,False,0
3628,5242299.309865223,10.68813835124902,0.09067710974978531,ok,False,True,False,0
3629,5242670.667054592,16.42552854378543,0.10110715158259542,ok,False,True,False,1
3630,4855171.140412898,11.992309823007991,0.08581906390230398,ok,False,True,False,0
3631,5158227.51423978,13.55538648341228,0.08811020738767092,ok,False,True,False,0
3632,4747180.003045261,9.594681744397514,0.08013685445394803,ok,False,True,False,0
3633,4747180.003045261,11.983459775295913,0.08705679142995268,ok,False,True,False,0
3634,4879534.543126611,10.76787268971864,0.09289568942833837,ok,False,True,False,0
3635,4891532.773986083,9.952491284647264,0.0561003835062408,ok,False,True,False,0
3636,4972819.655260153,10.997102752993134,0.10283930188189316,ok,False,True,False,1
3637,4747180.003045261,9.482669669779302,0.06950833826272607,ok,False,True,False,0
3638,4750157.629142718,10.330317201686311,0.07919203919818552,ok,False,True,False,0
3639,4922568.285207772,11.526637609957262,0.06786676307338997,ok,False,True,False,0
3640,4747180.003045261,10.016284773266486,0.11128316443917352,ok,False,True,False,1
3641,5107346.038971498,12.626250582891803,0.07599203386037817,ok,False,True,False,0
3642,5261549.652606741,16.65980768162965,0.07701640766465481,ok,False,True,False,0
3643,5557209.3596298685,23.123033007814943,0.08934977443652187,ok,False,True,False,0
3644,4921415.578148738,12.074910774614768,0.08733579647235867,ok,False,True,False,0
3645,4861541.302494232,13.162734928334539,0.08178715291729677,ok,False,True,False,0
3646,5498509.37740957,24.221566162938004,0.1036593752035978,ok,False,True,False,1
3647,4889582.024920879,10.360870597376536,0.07153110174737165,ok,False,True,False,0
3648,5297182.487601589,15.654943155160904,0.08862460400797187,ok,False,True,False,0
3649,4747180.003045261,10.956394216064712,0.09017345492393614,ok,False,True,False,0
3650,4857019.352111265,13.087134746119148,0.07143093932664635,ok,False,True,False,0
3651,4884230.302827706,14.054287902496382,0.06576005282746866,ok,False,True,False,0
3652,4857259.002943124,9.287781219684053,0.08906220566797451,ok,False,True,False,0
3653,4928436.332430215,10.472760522918254,0.06133497290617618,ok,False,True,False,0
3654,5077559.0025019245,12.399278732222253,0.08756387901342877,ok,False,True,False,0
3655,4988858.691871342,12.053485136623332,0.06201918384634786,ok,False,True,False,0
3656,4875248.209268453,11.053295189220897,0.09740234322879482,ok,False,True,False,0
3657,5242014.64490288,12.440055467770767,0.07325563326541595,ok,False,True,False,0
3658,4747180.003045261,9.915388614073983,0.08447832924269072,ok,False,True,False,0
3659,4885666.208845953,13.364018505054528,0.058728261404418336,ok,False,True,False,0
3660,4911970.930704909,9.315215790260634,0.048687268032883035,ok,False,True,False,0
3661,4705765.05441471,8.956468051178582,0.09695238226111758,ok,False,True,False,0
3662,4793893.81516227,8.340498794535854,0.08484203008240934,ok,False,True,False,0
3663,5160949.793302492,16.577197755587676,0.09671949666633961,ok,False,True,False,0
3664,4902257.131971602,8.75564845117357,0.08591313054948546,ok,False,True,False,0
3665,5087355.408629069,8.04079486195078,0.049914968718749786,ok,False,True,False,0
3666,4859951.64124366,9.406996626791273,0.05357563286326428,ok,False,True,False,0
3667,4981433.302499587,14.411960202306723,0.06711921595989712,ok,False,True,False,0
3668,4860550.999848308,11.146708240432801,0.08297931575673212,ok,False,True,False,0
3669,4885489.16635358,11.177604934050228,0.061935252913640965,ok,False,True,False,0
3670,4857182.0307759,10.662753921746262,0.08967567311375191,ok,False,True,False,0
3671,4963236.079424192,11.113702950158665,0.11575831258336317,ok,False,True,False,1
3672,4747180.003045261,9.707016699063017,0.08257368092503292,ok,False,True,False,0
3673,4747180.003045261,9.855473217439505,0.06861217654995622,ok,False,True,False,0
3674,4878968.329603253,10.225884191026493,0.08101753916327614,ok,False,True,False,0
3675,2499972.759664674,3.814597442060276,0.11974833598200929,ok,False,True,False,1
3676,4750157.629142718,9.653100280548603,0.1033202237423277,ok,False,True,False,1
3677,4874772.280077594,12.699047700431368,0.05367394759987665,ok,False,True,False,0
3678,5129129.521247172,11.188510214470272,0.10306992291709317,ok,False,True,False,1
3679,4793893.81516227,9.56523268008328,0.049896967166742245,ok,False,True,False,0
3680,4683078.68915011,11.873421643562336,0.06190972647314752,ok,False,True,False,0
3681,5202348.178755678,9.244066451101967,0.06616398755251474,ok,False,True,False,0
3682,4885078.296070266,12.722342597042813,0.06819156741386168,ok,False,True,False,0
3683,5159509.691196182,10.599379292892428,0.06763207444021067,ok,False,True,False,0
3684,3446045.452357808,5.375160960066829,0.10878746781101423,ok,False,True,False,1
3685,4855029.1121724555,9.681571102303005,0.08840694826155127,ok,False,True,False,0
3686,4858825.004177352,12.504222471665782,0.08854510959314804,ok,False,True,False,0
3687,4861515.548924948,10.547873426081457,0.08331355008109487,ok,False,True,False,0
3688,5112915.030491018,10.478144016820224,0.09463873358925576,ok,False,True,False,0
3689,5350831.699423541,12.907100295098767,0.08082771741872363,ok,False,True,False,0
3690,4705765.05441471,9.362623160833316,0.0688492768779925,ok,False,True,False,0
3691,4536155.3769555455,9.677776683284549,0.07374123475805255,ok,False,True,False,0
3692,5018846.0593198985,10.004973031498311,0.05819369066574062,ok,False,True,False,0
3693,4996285.586553559,16.042200505238768,0.07076261918083837,ok,False,True,False,0
3694,3492347.88912923,5.982319670148939,0.059316223098940135,ok,False,True,False,0
3695,5573607.258808281,24.238726970870466,0.07815508133679977,ok,False,True,False,0
3696,4200096.974268608,7.330494431975439,0.08229145670773695,ok,False,True,False,0
3697,4983456.512606068,8.487323700070686,0.06663120399738165,ok,False,True,False,0
3698,4683078.68915011,9.087912218465515,0.08395507791793677,ok,False,True,False,0
3699,5407929.180887653,11.177298211216195,0.0660616731395568,ok,False,True,False,0
3700,4873978.897717904,13.6738377364389,0.08185875877747775,ok,False,True,False,0
3701,4861543.586603218,13.534042238389908,0.10510175815433476,ok,False,True,False,1
3702,4897275.974309524,10.663322506710717,0.092212247378119,ok,False,True,False,0
3703,5197080.401980582,14.209645424343247,0.09239402273999223,ok,False,True,False,0
3704,5259460.5634715585,8.974984376486638,0.06126150449648571,ok,False,True,False,0
3705,4857262.679189971,13.136457487405792,0.08454733055687369,ok,False,True,False,0
3706,4683078.68915011,8.802862335007847,0.05596683203874708,ok,False,True,False,0
3707,4793893.81516227,11.556965628080537,0.09079621131241622,ok,False,True,False,0
3708,4747180.003045261,10.671364510221304,0.0730227974823475,ok,False,True,False,0
3709,5077225.605020235,13.876594012328189,0.0655615856438558,ok,False,True,False,0
3710,5083749.268352846,13.766360698887487,0.08298181173993494,ok,False,True,False,0
3711,4878051.160500273,13.475357480892425,0.057541497435608796,ok,False,True,False,0
3712,4859052.950789281,12.61940559381369,0.080189779653002,ok,False,True,False,0
3713,5177019.506716339,17.134282665734524,0.08823783346853098,ok,False,True,False,0
3714,4793893.81516227,11.294368817288298,0.11046207631372892,ok,False,True,False,1
3715,3578778.14702384,5.841786965625398,0.11976331371591148,ok,False,True,False,1
3716,4683078.68915011,11.189387305373629,0.09299351282597723,ok,False,True,False,0
3717,5261619.656758345,10.413486349574272,0.05569471070081944,ok,False,True,False,0
3718,4865991.02322505,12.891262561457616,0.07320630664449607,ok,False,True,False,0
3719,5145095.96442554,13.792777451971732,0.08020925072673235,ok,False,True,False,0
3720,4866607.432926805,10.17406296363399,0.07506181261140032,ok,False,True,False,0
3721,4856283.499097624,8.661856555391788,0.045361906893860826,ok,False,True,False,0
3722,5122589.1711432375,7.995023483717023,0.05290967159293458,ok,False,True,False,0
3723,4956166.91324853,12.951067121497191,0.1015982383341495,ok,False,True,False,1
3724,4856250.680580316,11.153923586671759,0.06375673300198792,ok,False,True,False,0
3725,4268339.192541627,7.789010482942477,0.08013695146938749,ok,False,True,False,0
3726,4747180.003045261,9.417338890866027,0.08095189118787882,ok,False,True,False,0
3727,4877906.597346087,15.360072187152493,0.08019510542102704,ok,False,True,False,0
3728,4879672.871845248,9.308818433254666,0.052575681865774826,ok,False,True,False,0
3729,5077592.800498691,9.495281964143444,0.0635818535091136,ok,False,True,False,0
3730,4867595.995082124,11.025081962874275,0.08200030395983432,ok,False,True,False,0
3731,5100951.282817408,10.081860162755268,0.08285398656819509,ok,False,True,False,0
3732,4871423.77577747,12.607880864648942,0.05725716264048525,ok,False,True,False,0
3733,4762962.819076799,10.227372067640829,0.08138950840614172,ok,False,True,False,0
3734,4864525.666443704,10.801451311014086,0.10287934644074442,ok,False,True,False,1
3735,5136541.789952212,7.9677474557125665,0.05302066102254924,ok,False,True,False,0
3736,4747180.003045261,10.009637314121203,0.08155554527507147,ok,False,True,False,0
3737,5044023.689970594,10.293144294161802,0.0681022591388637,ok,False,True,False,0
3738,4866536.1383676585,9.444409153930517,0.0638899660567224,ok,False,True,False,0
3739,4793893.81516227,10.48427695224697,0.0713186025487369,ok,False,True,False,0
3740,6212383.047619275,12.493214733052305,0.09229795820969255,ok,False,True,False,0
3741,4747180.003045261,9.990250382489394,0.06794361547585696,ok,False,True,False,0
3742,4705765.05441471,10.890079534556666,0.08531722579228418,ok,False,True,False,0
3743,4757018.460019675,10.576107046121512,0.08536441613867146,ok,False,True,False,0
3744,4898191.860287715,10.246865049633175,0.0490475906734712,ok,False,True,False,0
3745,4747180.003045261,10.465668173353523,0.0800504416372243,ok,False,True,False,0
3746,4683078.68915011,9.493255416952984,0.09855373253809935,ok,False,True,False,1
3747,4898657.158017156,9.17486705038277,0.053760693538577764,ok,False,True,False,0
3748,5103554.05235329,9.276141591867612,0.07628189384189799,ok,False,True,False,0
3749,4875562.019678699,14.306022702037536,0.07328964445953923,ok,False,True,False,0
3750,4870140.104407057,9.783099708510044,0.06809848100642268,ok,False,True,False,0
3751,5266398.339382434,13.898076465616734,0.08754417105531459,ok,False,True,False,0
3752,4877133.132678854,10.270480197396637,0.06385082577192802,ok,False,True,False,0
3753,4149819.2257139417,7.47001770852667,0.06733070463572166,ok,False,True,False,0
3754,5418828.999317276,17.622504780504297,0.060704820323177144,ok,False,True,False,0
3755,4960234.7424625065,11.391653639953946,0.06516411473879113,ok,False,True,False,0
3756,5419574.42617903,10.523235173886476,0.08011365273691828,ok,False,True,False,0
3757,3446045.452357808,5.268833216012166,0.09471170706895327,ok,False,True,False,0
3758,4750157.629142718,10.248280785126207,0.08470438916393497,ok,False,True,False,0
3759,4870829.093408915,9.391199623523638,0.08117752597753425,ok,False,True,False,0
3760,3451998.5597333424,6.0247023430954885,0.07727330660383488,ok,False,True,False,0
3761,5134924.121204977,12.33589394924728,0.07261970661675066,ok,False,True,False,0
3762,4747180.003045261,9.784135223418769,0.060589759335070964,ok,False,True,False,0
3763,5069429.830357893,13.609006992529887,0.06246236660258009,ok,False,True,False,0
3764,4960469.541204644,11.350709999261479,0.07632421733175143,ok,False,True,False,0
3765,4793893.81516227,9.308999822243893,0.1003081005808242,ok,False,True,False,1
3766,4879204.79606309,11.104146080854331,0.06638643043017911,ok,False,True,False,0
3767,2976563.3445416004,4.5071290139881,0.10804501289662907,ok,False,True,False,1
3768,4892696.711945072,12.019643939941371,0.06497636979792265,ok,False,True,False,0
3769,4870834.099702518,9.818696154525892,0.069102334827993,ok,False,True,False,0
3770,4747180.003045261,11.253254940599497,0.08858314950529256,ok,False,True,False,0
3771,5021247.357099361,10.45928697912809,0.05939923526729529,ok,False,True,False,0
3772,4949166.7356314985,9.540988353645647,0.09802359363616381,ok,False,True,False,1
3773,4942395.584439726,13.843901198873976,0.08205008344626791,ok,False,True,False,0
3774,4913821.641283886,9.840355127260535,0.04121330406332144,ok,False,True,False,0
3775,4750157.629142718,9.581973981924346,0.06055626424761562,ok,False,True,False,0
3776,5095621.189234743,9.152182101279992,0.07280456697728271,ok,False,True,False,0
3777,4793893.81516227,9.848878786500354,0.06727426053095542,ok,False,True,False,0
3778,5606930.424515637,8.744385179285011,0.06799586138573421,ok,False,True,False,0
3779,3528115.202946391,5.4464567562697335,0.07063505026707764,ok,False,True,False,0
3780,5164621.016798213,8.946086006515706,0.08677334220950739,ok,False,True,False,0
3781,4705765.05441471,12.870016841462315,0.08875075610467101,ok,False,True,False,0
3782,4973492.944555325,11.41983307097324,0.05228117956377465,ok,False,True,False,0
3783,3139636.724009933,5.220916270235065,0.09452319698539224,ok,False,True,False,0
3784,4865178.996982908,11.443487068329427,0.10101118939727316,ok,False,True,False,1
3785,3543508.9322967106,6.180475747068592,0.09532631676380177,ok,False,True,False,0
3786,4747180.003045261,9.286210822582412,0.07324902538005397,ok,False,True,False,0
3787,4954993.592972151,13.805706117455848,0.06760455421236872,ok,False,True,False,0
3788,4875038.392085319,11.494855538001294,0.059243388047013845,ok,False,True,False,0
3789,5356544.745060708,10.626934094653107,0.08724999668649991,ok,False,True,False,0
3790,4757018.460019675,10.868341601754707,0.06948593784486429,ok,False,True,False,0
3791,4897086.186387838,9.7447300513526,0.07598740574142715,ok,False,True,False,0
3792,4747180.003045261,12.523605649587122,0.08001861717363007,ok,False,True,False,0
3793,4857044.045724083,12.665088297885626,0.07416445757024648,ok,False,True,False,0
3794,4886676.7449330045,10.085747228687186,0.09437403511239884,ok,False,True,False,0
3795,4913366.755762804,9.348714981890874,0.07365132596543722,ok,False,True,False,0
3796,4906076.734504704,13.031065245249073,0.06859795745654892,ok,False,True,False,0
3797,4705765.05441471,11.678762547213713,0.07126757972401845,ok,False,True,False,0
3798,5771765.551722447,18.044555379815105,0.10316651409319877,ok,False,True,False,1
3799,4757018.460019675,8.65583381056889,0.06684134491918786,ok,False,True,False,0
3800,4865169.647936536,9.997846241349276,0.04772137381977748,ok,False,True,False,0
3801,5013266.027668941,11.21370985796019,0.06271581191466813,ok,False,True,False,0
3802,4793893.81516227,10.404768587223101,0.06237621947609495,ok,False,True,False,0
3803,4918828.450412195,10.291189861982541,0.059217991628039174,ok,False,True,False,0
3804,5335390.661386441,9.269141780182585,0.10009038796328651,ok,False,True,False,1
3805,4747180.003045261,12.074363152094751,0.10166048025150809,ok,False,True,False,1
3806,5075723.670546806,12.28561898277751,0.06805913353496751,ok,False,True,False,0
3807,4747180.003045261,11.495107416181739,0.07447790367955914,ok,False,True,False,0
3808,5154520.623174284,11.600117769629232,0.08423318112185424,ok,False,True,False,0
3809,4891785.627698465,11.682576221891525,0.10453151316037795,ok,False,True,False,1
3810,4762962.819076799,10.082820780150346,0.060637841642470824,ok,False,True,False,0
3811,4409061.7513648765,7.640880492076144,0.08841241902103913,ok,False,True,False,0
3812,4762962.819076799,10.91981793617468,0.03797775291044109,ok,False,True,False,0
3813,4854351.074099427,11.27179041810859,0.09661465489366794,ok,False,True,False,0
3814,4884788.379533009,12.19562904359491,0.0850277172412226,ok,False,True,False,0
3815,4934569.515412901,12.7145993230859,0.0808274937691924,ok,False,True,False,0
3816,5130047.996860869,14.59009057752826,0.08046829286797147,ok,False,True,False,0
3817,5142038.565417071,10.573562146581525,0.06825366906331354,ok,False,True,False,0
3818,4793893.81516227,9.083228371657304,0.057971930026320145,ok,False,True,False,0
3819,4747180.003045261,10.549592542705215,0.0750546307480855,ok,False,True,False,0
3820,5058720.61806369,10.181254410254715,0.06643580334866483,ok,False,True,False,0
3821,4793893.81516227,8.677035148289773,0.09809699439946659,ok,False,True,False,1
3822,4872276.376203165,11.271012827274394,0.10131202508105663,ok,False,True,False,1
3823,4979220.506771905,13.269101007221408,0.11754250997349189,ok,False,True,False,1
3824,4967243.572590122,12.292626713133679,0.07887461753081781,ok,False,True,False,0
3825,5059346.848658012,15.595194129915118,0.09206691876460094,ok,False,True,False,0
3826,4870542.743504443,11.823857717667346,0.08250364557436063,ok,False,True,False,0
3827,4963669.463402468,9.613965078413122,0.09077506140777525,ok,False,True,False,0
3828,5305732.377679024,8.292150059413613,0.05316875388436959,ok,False,True,False,0
3829,5156435.809175121,14.417731798620148,0.06099393075794368,ok,False,True,False,0
3830,5107669.097617407,13.223003659838685,0.08539746635797338,ok,False,True,False,0
3831,4747180.003045261,8.523086288059929,0.0841964081042228,ok,False,True,False,0
3832,5187871.728140505,10.40644770256497,0.09081683215559821,ok,False,True,False,0
3833,5334940.352049033,10.205776944329477,0.05952418568470452,ok,False,True,False,0
3834,5002992.037189934,8.169810107210893,0.07579194139550438,ok,False,True,False,0
3835,4905093.527800961,10.628470573727816,0.06540247084417394,ok,False,True,False,0
3836,4885760.242420682,9.409111556676592,0.07844901369330504,ok,False,True,False,0
3837,5197802.29711423,12.6298254393994,0.06358467747136026,ok,False,True,False,0
3838,5146593.113828317,11.12247534892073,0.06688228095217066,ok,False,True,False,0
3839,5226810.257087643,8.380987739142558,0.09208463554659435,ok,False,True,False,0
3840,4975193.861536933,10.11293161103279,0.04362011065380392,ok,False,True,False,0
3841,4914407.487663249,11.071931166727321,0.09685184812218539,ok,False,True,False,0
3842,4857141.654025063,9.89458517303042,0.06562846588906206,ok,False,True,False,0
3843,5434862.975436248,19.099635508446703,0.06931510924826578,ok,False,True,False,0
3844,5068390.6560794255,9.740796860644899,0.06673892050350592,ok,False,True,False,0
3845,4911637.305255054,11.31131480009027,0.05755152828804283,ok,False,True,False,0
3846,4705765.05441471,8.667294208284414,0.07543140011401664,ok,False,True,False,0
3847,3617358.704666448,5.9713733782166285,0.09797075849354125,ok,False,True,False,1
3848,4862037.969445533,10.983352137144731,0.05431139361333742,ok,False,True,False,0
3849,4750157.629142718,10.88870700450178,0.08482619323135182,ok,False,True,False,0
3850,5554449.049948348,8.82189504437053,0.08196479852955552,ok,False,True,False,0
3851,4869485.373955042,10.888429594153683,0.06728418731347051,ok,False,True,False,0
3852,4876779.975433919,11.591663224078284,0.07347035046114211,ok,False,True,False,0
3853,4683078.68915011,9.82151428061176,0.07779261013399785,ok,False,True,False,0
3854,4705765.05441471,10.002121481153452,0.06838491870223917,ok,False,True,False,0
3855,4750157.629142718,10.419020508857585,0.07937332333058555,ok,False,True,False,0
3856,3519824.2810661173,6.472300938368003,0.07326304697227848,ok,False,True,False,0
3857,3369318.12164703,5.326693583601117,0.08278217870857457,ok,False,True,False,0
3858,4762962.819076799,8.746287403457448,0.07377226325715297,ok,False,True,False,0
3859,5130687.528407031,11.211112507468922,0.05832686754967989,ok,False,True,False,0
3860,4985300.923976539,13.189435725329755,0.04459532064904792,ok,False,True,False,0
3861,5377954.209540688,20.33602102973123,0.09725304146670621,ok,False,True,False,0
3862,3446045.452357808,5.408722162583866,0.08820772435611607,ok,False,True,False,0
3863,4268339.192541627,8.459727491266653,0.1128056789341712,ok,False,True,False,1
3864,4889564.327038946,14.494723496650389,0.06590685290024711,ok,False,True,False,0
3865,5573749.416894091,15.425774441195282,0.08146276902493499,ok,False,True,False,0
3866,5165049.404461386,10.888232181336877,0.07791063526398939,ok,False,True,False,0
3867,5309811.166037042,12.570714990694674,0.06325260754648598,ok,False,True,False,0
3868,4171017.3460589824,7.12167664889327,0.07580408014708562,ok,False,True,False,0
3869,4683078.68915011,10.045383781153513,0.058791246763620936,ok,False,True,False,0
3870,4705765.05441471,10.04184432337953,0.05938423598606413,ok,False,True,False,0
3871,4869345.865900144,9.22000014758164,0.07304169200130695,ok,False,True,False,0
3872,4757018.460019675,12.307093230186192,0.11813014942087807,ok,False,True,False,1
3873,5202317.4648493705,16.06549801250645,0.07798044518928737,ok,False,True,False,0
3874,5224701.266847743,12.334197544481926,0.06391770711064704,ok,False,True,False,0
3875,4857201.13059006,11.521792127461552,0.09058712208403075,ok,False,True,False,0
3876,5132296.032942575,10.630792295056047,0.0642780811000555,ok,False,True,False,0
3877,4911220.992345471,11.206011597556598,0.044001603486079066,ok,False,True,False,0
3878,4747180.003045261,10.221679708393435,0.08738644015574215,ok,False,True,False,0
3879,4868291.480431323,11.258871155862947,0.09031713082795234,ok,False,True,False,0
3880,5032025.181953998,8.279696371650669,0.06124126453610901,ok,False,True,False,0
3881,4863770.339271873,12.325732020593755,0.08587839721235035,ok,False,True,False,0
3882,4948567.013990304,11.346591844088518,0.08107348754702842,ok,False,True,False,0
3883,4887204.520676082,8.98816364817228,0.0734870067420379,ok,False,True,False,0
3884,4542200.023236946,8.313419851256874,0.06023015492789008,ok,False,True,False,0
3885,4862195.084247817,11.446483013388589,0.07511770975189291,ok,False,True,False,0
3886,4920488.517165852,11.786619136560263,0.08365523471039624,ok,False,True,False,0
3887,4865116.483539977,14.287574956891238,0.10616136883282212,ok,False,True,False,1
3888,5164938.822484044,14.82968791853678,0.07444396086417593,ok,False,True,False,0
3889,4871990.512359892,14.462984921753264,0.05467008063126899,ok,False,True,False,0
3890,4891497.41715852,9.770254039051894,0.09006746707377825,ok,False,True,False,0
3891,4750157.629142718,9.948115962554288,0.061534091524765966,ok,False,True,False,0
3892,4865833.093436218,11.192607938908552,0.0445807696829964,ok,False,True,False,0
3893,4913093.665321884,14.382179627538427,0.07536919718259139,ok,False,True,False,0
3894,4967831.132942255,10.479473437351986,0.0603426496722298,ok,False,True,False,0
3895,4747180.003045261,8.990608370059334,0.06744944167153066,ok,False,True,False,0
3896,5218061.05548912,13.544195418329855,0.06090435657330184,ok,False,True,False,0
3897,4747180.003045261,9.551412817293464,0.0600996290137189,ok,False,True,False,0
3898,4968970.640407476,9.407977110050167,0.053728976639795145,ok,False,True,False,0
3899,5149463.123809939,16.67899252896899,0.07128486260878897,ok,False,True,False,0
3900,5280733.868203198,11.425147894574943,0.04753337457201101,ok,False,True,False,0
3901,5126173.567177653,11.216919601843474,0.06316149765089674,ok,False,True,False,0
3902,5165865.484498085,14.254770186723109,0.060199224206564206,ok,False,True,False,0
3903,5745063.946895554,8.73657632791663,0.08955832941390596,ok,False,True,False,0
3904,4854810.037921478,10.455982645159308,0.06151281990241242,ok,False,True,False,0
3905,3342512.705544631,5.656296031842137,0.1041528538976002,ok,False,True,False,1
3906,4793893.81516227,10.738510104124911,0.07067593945500524,ok,False,True,False,0
3907,4885201.600802301,11.049413344292484,0.09616517448078477,ok,False,True,False,0
3908,4888982.065236066,12.695338788484763,0.08894522094792068,ok,False,True,False,0
3909,4986499.584831976,12.875219368549349,0.0659502920980588,ok,False,True,False,0
3910,5223200.250119718,8.554908058370698,0.07958557786701159,ok,False,True,False,0
3911,4916350.146104712,9.30521278175104,0.0699896538214193,ok,False,True,False,0
3912,5024081.393472047,8.830222324235852,0.07904090437009659,ok,False,True,False,0
3913,4868059.991962931,11.135242191622588,0.06169095776430861,ok,False,True,False,0
3914,4858677.010535727,14.782820286838513,0.07689274387045975,ok,False,True,False,0
3915,5243144.210183579,13.721561858190302,0.09028065913953753,ok,False,True,False,0
3916,4883035.173084032,11.468948326992056,0.04612713303462401,ok,False,True,False,0
3917,4908575.505769421,8.707177694074009,0.06357838302487678,ok,False,True,False,0
3918,5056183.254295104,7.065550273911466,0.08020176316031657,ok,False,True,False,0
3919,4914486.000864382,13.376248235630307,0.05474530485134421,ok,False,True,False,0
3920,4931263.224869031,11.206833093053786,0.07302770842811002,ok,False,True,False,0
3921,4954979.375263239,10.346705629527117,0.06174582367927384,ok,False,True,False,0
3922,4877761.2549914,10.366392862616292,0.06454922925375767,ok,False,True,False,0
3923,4986340.706954454,11.980350601233845,0.08352516154668821,ok,False,True,False,0
3924,5598245.880143287,20.72234095299768,0.07432628564985866,ok,False,True,False,0
3925,5106980.574551261,16.986539423470212,0.10819373910918606,ok,False,True,False,1
3926,3630768.137702888,5.8336440371503295,0.10483784265741974,ok,False,True,False,1
3927,4705765.05441471,9.556919466980288,0.06493564789244721,ok,False,True,False,0
3928,5287277.403347035,17.580598938349752,0.07972795929247073,ok,False,True,False,0
3929,4318219.689267186,8.445514136718884,0.07607703241405084,ok,False,True,False,0
3930,4920901.4155465495,11.218002641035428,0.058334606315334936,ok,False,True,False,0
3931,5155874.661743593,10.984754656254726,0.076406072418567,ok,False,True,False,0
3932,4861916.0005683275,11.27526590824719,0.06690215872465755,ok,False,True,False,0
3933,4750157.629142718,10.498765445559213,0.09360228551729516,ok,False,True,False,0
3934,5077009.859549297,10.406108700211487,0.09295936781826941,ok,False,True,False,0
3935,4536155.3769555455,9.72256751547658,0.06433797704079641,ok,False,True,False,0
3936,5232948.046771666,12.671596491903783,0.08925929091456411,ok,False,True,False,0
3937,4757018.460019675,8.849394155507369,0.07587476819722161,ok,False,True,False,0
3938,4855681.0903704185,12.06450936078343,0.0484667969885737,ok,False,True,False,0
3939,5637929.165817545,19.53891220958875,0.08644456120794586,ok,False,True,False,0
3940,4750157.629142718,9.873999494009116,0.08416501193596997,ok,False,True,False,0
3941,4880056.9809042895,10.143315224369921,0.07798063763214347,ok,False,True,False,0
3942,4858236.68567835,9.77545594970272,0.06332507808868368,ok,False,True,False,0
3943,4750157.629142718,7.457529677421755,0.06637856340428394,ok,False,True,False,0
3944,4149819.2257139417,7.4883285042653185,0.08462144644163655,ok,False,True,False,0
3945,5867346.18879146,18.338089763639715,0.09124886554751244,ok,False,True,False,0
3946,4863934.940056085,9.295437717241166,0.06533632324739735,ok,False,True,False,0
3947,4973663.966253564,10.82970610952187,0.06129106788789429,ok,False,True,False,0
3948,4311809.855181465,8.293604948022054,0.07613864060408138,ok,False,True,False,0
3949,5188816.219329313,13.268476751585672,0.10139271418740026,ok,False,True,False,1
3950,4900457.418951263,12.376049194803766,0.07150618397162978,ok,False,True,False,0
3951,4861107.462407515,12.181417970154884,0.05566744596171691,ok,False,True,False,0
3952,5022264.882641314,14.733487438594757,0.07886590598175869,ok,False,True,False,0
3953,4867896.559024076,9.900930508958508,0.0669897576421134,ok,False,True,False,0
3954,4884812.66079207,15.767267015664814,0.09663110682988185,ok,False,True,False,0
3955,4861118.891016377,10.430704885385575,0.08289784910683229,ok,False,True,False,0
3956,4882996.445012171,11.641177544602124,0.08394859636257535,ok,False,True,False,0
3957,4868437.107653293,14.943104065554962,0.06311740668943988,ok,False,True,False,0
3958,4171017.3460589824,6.843025296793959,0.10669164858916036,ok,False,True,False,1
3959,4318219.689267186,8.286642497712194,0.09155460824048811,ok,False,True,False,0
3960,5301024.146671423,16.51991059123172,0.07249140060444681,ok,False,True,False,0
3961,4200096.974268608,7.369276305641227,0.09575319246094177,ok,False,True,False,0
3962,4856889.940463045,10.04606936498398,0.06149728670658547,ok,False,True,False,0
3963,4864194.537303446,9.418380033582043,0.049160039963056845,ok,False,True,False,0
3964,3578778.14702384,6.002351553250462,0.0821606485288674,ok,False,True,False,0
3965,4913090.569990236,10.193219986450229,0.06442746926428322,ok,False,True,False,0
3966,4887857.552782531,11.897202470068121,0.06275804994393708,ok,False,True,False,0
3967,5153127.295316603,14.8717082371507,0.08751326737622894,ok,False,True,False,0
3968,4967103.171581441,8.591599875336469,0.0835203310114539,ok,False,True,False,0
3969,5364743.933017281,7.459615037655864,0.06670994641889749,ok,False,True,False,0
3970,2138908.621646854,3.38070741332148,0.09886552208561217,ok,False,True,False,1
3971,5274482.782842712,17.052110785884132,0.08714472331982137,ok,False,True,False,0
3972,4705765.05441471,11.00725617533256,0.06577110299818846,ok,False,True,False,0
3973,3349576.7450299347,5.274273320179774,0.10867038192866596,ok,False,True,False,1
3974,4949115.4584623305,10.51104005556461,0.10293038371380803,ok,False,True,False,1
3975,4966198.540173038,11.441757882169883,0.05425160416888897,ok,False,True,False,0
3976,4793893.81516227,9.72362945878456,0.05976863500769086,ok,False,True,False,0
3977,4757018.460019675,10.003534732955481,0.046511510501130726,ok,False,True,False,0
3978,5091414.869675471,14.299898821712809,0.0695624682786049,ok,False,True,False,0
3979,4858793.006435823,10.390237050021746,0.09273700873781085,ok,False,True,False,0
3980,4683078.68915011,9.626217613512155,0.07362116599472955,ok,False,True,False,0
3981,4683078.68915011,8.715727359245893,0.08783015909914116,ok,False,True,False,0
3982,4887514.658642867,11.552952015701164,0.06977897771739411,ok,False,True,False,0
3983,4102292.53716956,7.689122162567936,0.0750033633505286,ok,False,True,False,0
3984,3492347.88912923,5.541802231466603,0.09430108310202545,ok,False,True,False,0
3985,4883955.878976551,12.394497259290736,0.0632551923940573,ok,False,True,False,0
3986,4001176.088099025,6.600124085533421,0.07921201937096001,ok,False,True,False,0
3987,5139329.409703685,10.342342314970347,0.0469250234112068,ok,False,True,False,0
3988,5100680.32199677,12.912827586263566,0.08366150706330844,ok,False,True,False,0
3989,5422105.741370366,12.223508340193106,0.07477541604825844,ok,False,True,False,0
3990,4862322.50294545,10.92438281442818,0.09675910479674771,ok,False,True,False,0
3991,4917657.403842731,8.797253966961637,0.053816742734720535,ok,False,True,False,0
3992,4542200.023236946,8.253589457495114,0.06843490201979605,ok,False,True,False,0
3993,5425533.249149719,15.55008020697488,0.0728566230857094,ok,False,True,False,0
3994,5014499.598947961,12.030909017069936,0.11349856348603621,ok,False,True,False,1
3995,4858134.855488481,9.08061774905546,0.06425993327629931,ok,False,True,False,0
3996,4683078.68915011,9.43030175181783,0.08749925774567754,ok,False,True,False,0
3997,4268339.192541627,7.586535281307779,0.04447310969422047,ok,False,True,False,0
3998,4883264.494303426,12.342871692715716,0.0764108255396665,ok,False,True,False,0
3999,4866093.678400408,10.934321873780757,0.0790095321273353,ok,False,True,False,0
4000,4864870.691897411,11.740900184521204,0.05555922703468341,ok,False,True,False,0
4001,4149819.2257139417,7.395190309509783,0.06880920282238723,ok,False,True,False,0
4002,4912574.078897268,10.721001097067042,0.07573620037320977,ok,False,True,False,0
4003,5104208.999548979,9.567352582550951,0.05223237820232498,ok,False,True,False,0
4004,5428627.159478993,8.1707799201853,0.06272596245735795,ok,False,True,False,0
4005,3432351.156454028,5.665442580221538,0.08442432799117461,ok,False,True,False,0
4006,5064765.58340868,9.334519422060342,0.06543015802579755,ok,False,True,False,0
4007,4869476.365872301,12.351039968867541,0.0635594125501614,ok,False,True,False,0
4008,3492245.189242847,5.927606425293058,0.09082101844349028,ok,False,True,False,0
4009,4683078.68915011,7.498574129707672,0.07131589046343245,ok,False,True,False,0
4010,4750157.629142718,10.08008646316625,0.05874641612131752,ok,False,True,False,0
4011,4863967.614075184,14.146841312544804,0.07589151782630377,ok,False,True,False,0
4012,3989874.0629928033,6.844495563149312,0.09105141578328724,ok,False,True,False,0
4013,4995789.772603179,11.516492513748211,0.061004210432044736,ok,False,True,False,0
4014,4865232.480611525,10.838398226216592,0.05721897098531625,ok,False,True,False,0
4015,4856117.486422534,15.547646990710152,0.07785801099695272,ok,False,True,False,0
4016,5037168.771220697,10.805726887360146,0.05801904049747464,ok,False,True,False,0
4017,4911207.91409931,10.276280981112171,0.08655191940302426,ok,False,True,False,0
4018,4894966.178867828,10.70029726960621,0.06876212231751999,ok,False,True,False,0
4019,5012465.835332083,11.554592085465197,0.09068871205756192,ok,False,True,False,0
4020,4874081.422988619,10.170487936803964,0.047813109117795904,ok,False,True,False,0
4021,4945501.787712933,11.877758561982892,0.087356668351393,ok,False,True,False,0
4022,4271679.485731879,8.811010490036187,0.05594186471325412,ok,False,True,False,0
4023,4893603.875162624,9.349529554330005,0.06926629665273165,ok,False,True,False,0
4024,3584129.286628449,5.408399461956831,0.10282311113191805,ok,False,True,False,1
4025,4859872.400134556,12.585395911409812,0.07625364522373967,ok,False,True,False,0
4026,5408326.609115824,11.471071952595665,0.09012521092339476,ok,False,True,False,0
4027,4874051.869797511,10.993576690633963,0.08312281360137364,ok,False,True,False,0
4028,4983453.370207881,14.330383597024992,0.0768704567164657,ok,False,True,False,0
4029,4910878.505918923,16.008286221815446,0.06969529921982415,ok,False,True,False,0
4030,2545674.978121579,3.8350365636821033,0.11259400774054334,ok,False,True,False,1
4031,4793893.81516227,10.969727716823524,0.06812863014460352,ok,False,True,False,0
4032,5632387.328839365,13.999224318555733,0.07043838641460043,ok,False,True,False,0
4033,5076123.379271098,13.77015029991758,0.078832088556064,ok,False,True,False,0
4034,4854658.888918725,9.092210246818674,0.06201973215960313,ok,False,True,False,0
4035,4880792.281596815,11.355237139663023,0.0565441716508277,ok,False,True,False,0
4036,4705765.05441471,9.513656108611958,0.06475429957305939,ok,False,True,False,0
4037,5248864.90282801,14.991207885536872,0.07425843846840885,ok,False,True,False,0
4038,4593663.593117381,8.833651941123563,0.10202976104755722,ok,False,True,False,1
4039,5141940.1629691785,11.713738769521282,0.06533607239681258,ok,False,True,False,0
4040,4870276.484135512,12.893735319701044,0.047867577881169215,ok,False,True,False,0
4041,4683078.68915011,10.07122257129298,0.08923942691767428,ok,False,True,False,0
4042,4856075.34120778,10.703852931430774,0.06738305130520927,ok,False,True,False,0
4043,4757018.460019675,9.177351888644674,0.0738664555403834,ok,False,True,False,0
4044,4866979.469620781,9.012844244063974,0.08237177188569278,ok,False,True,False,0
4045,4747180.003045261,9.323037979191035,0.07321225348550198,ok,False,True,False,0
4046,4867522.560536044,11.66881396401646,0.07627500183855263,ok,False,True,False,0
4047,4750157.629142718,10.16680590448137,0.1058319463503089,ok,False,True,False,1
4048,5190889.890475204,9.716127002876938,0.0764868351812375,ok,False,True,False,0
4049,5382086.931253872,14.31997307573761,0.06775752335275471,ok,False,True,False,0
4050,3543508.9322967106,6.2681814750703975,0.09567146945128457,ok,False,True,False,0
4051,4877767.489230719,11.81626688934174,0.0648541249139356,ok,False,True,False,0
4052,4875919.390908996,10.113423335364692,0.060099727657973216,ok,False,True,False,0
4053,4747180.003045261,9.394942377669782,0.08393853659255379,ok,False,True,False,0
4054,5125944.638989795,17.97431839755533,0.09597369021999169,ok,False,True,False,0
4055,4762962.819076799,10.575078412519748,0.07245251219319819,ok,False,True,False,0
4056,2716327.694758499,4.225358299349926,0.09672156699971468,ok,False,True,False,0
4057,4750157.629142718,8.236990183057777,0.07890502922897846,ok,False,True,False,0
4058,4976239.166501566,20.50797697151838,0.10901901520292068,ok,False,True,False,1
4059,3492245.189242847,5.854823605337465,0.09422871426444857,ok,False,True,False,0
4060,5473365.455476533,17.263991723627417,0.09090607968769215,ok,False,True,False,0
4061,4747180.003045261,12.092928043498762,0.07601724529923057,ok,False,True,False,0
4062,5000907.504981729,11.72683476353405,0.06459175447193999,ok,False,True,False,0
4063,4854769.903145395,10.870037362052829,0.0747565707628689,ok,False,True,False,0
4064,4975534.259059937,11.64338687033215,0.0743170578354671,ok,False,True,False,0
4065,4966339.573329743,14.746938905679883,0.08251504361515571,ok,False,True,False,0
4066,4858070.291523247,12.58543298378329,0.10959251540499726,ok,False,True,False,1
4067,5160977.086874216,8.364063377150156,0.06821018951550084,ok,False,True,False,0
4068,3492245.189242847,5.72564333951467,0.08879426315427508,ok,False,True,False,0
4069,4917130.584933112,12.307100167720327,0.07174022082990816,ok,False,True,False,0
4070,4705765.05441471,8.815427574470963,0.06034428193843303,ok,False,True,False,0
4071,4747180.003045261,11.779432807686444,0.07458453187008857,ok,False,True,False,0
4072,4879734.3531706445,10.691615801128991,0.09063118928699854,ok,False,True,False,0
4073,4863341.4436062025,12.088525763623908,0.05962539514172349,ok,False,True,False,0
4074,3432351.156454028,5.854876696385617,0.08247195891982673,ok,False,True,False,0
4075,4863905.948643499,19.24921295615844,0.10387076152935903,ok,False,True,False,1
4076,4887408.047393943,9.345462854806184,0.06771189084531681,ok,False,True,False,0
4077,5595275.029807763,22.13109586988932,0.0607369093447212,ok,False,True,False,0
4078,5256581.169282838,18.21563852490224,0.07484229870108405,ok,False,True,False,0
4079,3556875.6913997256,6.029604069104517,0.052295872697137424,ok,False,True,False,0
4080,5126740.408491048,11.5885176008177,0.073361013669197,ok,False,True,False,0
4081,4994311.385499905,11.31682112454019,0.11838481964390238,ok,False,True,False,1
4082,4640733.87978854,9.561804104263,0.06158159641857608,ok,False,True,False,0
4083,4542200.023236946,7.620415292314254,0.08667761954386904,ok,False,True,False,0
4084,5110177.660208076,12.663006690436847,0.07009692652065935,ok,False,True,False,0
4085,4861261.16731941,10.211658383950034,0.0534549959398426,ok,False,True,False,0
4086,4870176.772509234,12.616052427959628,0.09000226774196562,ok,False,True,False,0
4087,4867554.592795859,11.637925617787273,0.07444930952523243,ok,False,True,False,0
4088,3446045.452357808,5.533118592572615,0.10116784382119304,ok,False,True,False,1
4089,5327355.842130189,8.41021382147403,0.07340366266102638,ok,False,True,False,0
4090,5172496.958311318,10.813279557967753,0.08292085380938607,ok,False,True,False,0
4091,4859137.381341928,10.66463458140456,0.08307269889076527,ok,False,True,False,0
4092,3432351.156454028,5.156623078412,0.09393672999246439,ok,False,True,False,0
4093,4855579.394720156,14.33758330645108,0.0654216071543644,ok,False,True,False,0
4094,4858574.424429421,12.037181853873145,0.05397015392799398,ok,False,True,False,0
4095,4995909.339511062,9.800840293778727,0.07024087651733363,ok,False,True,False,0
4096,4955683.264116387,11.106626901200645,0.05054779775373286,ok,False,True,False,0
4097,5037231.6812543515,9.963251470985387,0.08210797698665886,ok,False,True,False,0
4098,4856632.213951901,10.726241301655607,0.06266632501282024,ok,False,True,False,0
4099,4908462.789408388,22.93361951697101,0.09550424598180587,ok,False,True,False,0
4100,4943105.488022017,16.15029674034934,0.08490504362472395,ok,False,True,False,0
4101,5022230.398134483,15.243563567702546,0.06269685470366282,ok,False,True,False,0
4102,5417733.742061245,9.289928426205563,0.04929045975011537,ok,False,True,False,0
4103,5041438.832259195,11.443416164123166,0.06058045191492892,ok,False,True,False,0
4104,4863251.373084937,12.097122773999937,0.11421357783230146,ok,False,True,False,1
4105,4914436.8277094755,11.46673896948036,0.07468104332208891,ok,False,True,False,0
4106,5024765.331448751,11.064335402689,0.05979611287298969,ok,False,True,False,0
4107,4927972.718781022,13.213610463968037,0.08243754037792983,ok,False,True,False,0
4108,5024281.540772129,13.497553611666456,0.0751470846103709,ok,False,True,False,0
4109,4747180.003045261,10.423647322323044,0.08218090118388621,ok,False,True,False,0
4110,4705765.05441471,10.738167014785157,0.07569597220111035,ok,False,True,False,0
4111,4747180.003045261,10.314031889088016,0.07346539060890289,ok,False,True,False,0
4112,5150586.036961139,11.500127844202124,0.07661246559922746,ok,False,True,False,0
4113,3432351.156454028,5.322464576378665,0.0837048357004232,ok,False,True,False,0
4114,4967977.640503982,10.742058117357674,0.08607550980232281,ok,False,True,False,0
4115,4876101.889930559,11.567638989760912,0.08960977741414744,ok,False,True,False,0
4116,4865460.220569962,11.385847802297898,0.056378746657755774,ok,False,True,False,0
4117,4750157.629142718,10.294982530853408,0.059531504452304485,ok,False,True,False,0
4118,4882428.065073734,10.369108456459944,0.08054904070024105,ok,False,True,False,0
4119,4975050.102686012,11.906986426330073,0.05935930673511025,ok,False,True,False,0
4120,4882756.345707744,10.841653907170844,0.06338565739216329,ok,False,True,False,0
4121,4862806.452184103,10.478686120536132,0.04414872883451698,ok,False,True,False,0
4122,4953537.314316159,9.424877867520639,0.07451557362696404,ok,False,True,False,0
4123,4948802.264312734,11.400057907519729,0.05775975380439782,ok,False,True,False,0
4124,5149503.1312705,7.988383444035813,0.09456771058395413,ok,False,True,False,0
4125,5021521.710827234,12.229954930047883,0.09469701497009608,ok,False,True,False,0
4126,4750157.629142718,8.838883190906705,0.047252845445231006,ok,False,True,False,0
4127,4870053.964677497,11.856663300456923,0.049357482731756996,ok,False,True,False,0
4128,3156683.115653401,4.877363246020099,0.10887654986585515,ok,False,True,False,1
4129,4864054.437901764,9.504913272831864,0.05330530637108166,ok,False,True,False,0
4130,4888333.399450847,15.318211150267004,0.08304016535104841,ok,False,True,False,0
4131,4891332.932088277,13.397667519801042,0.053501326990502585,ok,False,True,False,0
4132,4860763.325802855,10.551961211493838,0.06869511508969556,ok,False,True,False,0
4133,4876088.973126548,13.496777451372632,0.0953571043514867,ok,False,True,False,0
4134,4882876.036021617,10.960162393994535,0.07536666392069824,ok,False,True,False,0
4135,3369651.9972953447,5.943544018372983,0.09024059677756553,ok,False,True,False,0
4136,4757018.460019675,9.489560326942389,0.08018001798062765,ok,False,True,False,0
4137,5010560.117434094,11.641581228647611,0.0713786927109179,ok,False,True,False,0
4138,4271679.485731879,6.910819769922089,0.0643314317903334,ok,False,True,False,0
4139,4930687.135920191,9.833759497494086,0.08000502477562021,ok,False,True,False,0
4140,3336995.657221681,5.296807983415972,0.09936974522990183,ok,False,True,False,1
4141,5651853.275692812,14.969141682690854,0.08446803469103425,ok,False,True,False,0
4142,5054423.797903847,10.129861352388913,0.05814061779663249,ok,False,True,False,0
4143,5328639.18535447,11.67197696111702,0.0622817761277793,ok,False,True,False,0
4144,5013500.12706106,11.09115970202386,0.05931213726523066,ok,False,True,False,0
4145,4860806.549938879,9.744595572370049,0.07100478763405382,ok,False,True,False,0
4146,4906014.650633625,11.372135808846505,0.07502458584256744,ok,False,True,False,0
4147,3507468.282093733,6.001406691492623,0.1039873219312425,ok,False,True,False,1
4148,4906878.828539994,12.892809448605247,0.07471936372139165,ok,False,True,False,0
4149,4904057.129037669,11.654096259333025,0.06902275603741159,ok,False,True,False,0
4150,5514245.84769627,11.514894538535462,0.08750611764983052,ok,False,True,False,0
4151,4877515.923944611,8.974515966000187,0.07326132162793542,ok,False,True,False,0
4152,4987228.8669249695,9.944055618647104,0.07373736971058856,ok,False,True,False,0
4153,4683078.68915011,11.41142427422433,0.09510737908465325,ok,False,True,False,0
4154,5373413.11538907,10.059656363596725,0.0582637621910746,ok,False,True,False,0
4155,3336995.657221681,5.640925629698696,0.09969187032269144,ok,False,True,False,1
4156,4856897.9159683185,11.495108459329865,0.06780704226538758,ok,False,True,False,0
4157,4870658.091582381,14.224906057279316,0.04667307014644928,ok,False,True,False,0
4158,3336995.657221681,5.553109066811062,0.08609035026080725,ok,False,True,False,0
4159,4934117.7191422535,15.751070709794321,0.10576650516899821,ok,False,True,False,1
4160,4894681.315942522,7.8797009208578475,0.06024833107444716,ok,False,True,False,0
4161,4855317.790255814,12.925099329313886,0.06057067168684782,ok,False,True,False,0
4162,4909414.366515009,11.056802994635065,0.0860307618827364,ok,False,True,False,0
4163,4861824.582918743,13.865752126974916,0.05795846356132672,ok,False,True,False,0
4164,4999550.561064206,11.432350006074348,0.06683484972717846,ok,False,True,False,0
4165,4873456.1303196065,13.359688481857539,0.06630006014335152,ok,False,True,False,0
4166,4912965.115060138,11.130157567318262,0.06537433515178925,ok,False,True,False,0
4167,3446045.452357808,5.595655446758828,0.09617692541584966,ok,False,True,False,0
4168,4983198.648890867,15.010314678156965,0.08659421656592048,ok,False,True,False,0
4169,4311809.855181465,7.728651889964795,0.06475158100008582,ok,False,True,False,0
4170,4793893.81516227,10.13990143637192,0.09487857717448389,ok,False,True,False,0
4171,4867832.296085476,10.457147635576444,0.08749121125641712,ok,False,True,False,0
4172,5438947.965167877,16.483136844598043,0.08834972692617316,ok,False,True,False,0
4173,4874338.946165406,10.419494237214693,0.07608816631740722,ok,False,True,False,0
4174,4872196.965840815,9.913711455995772,0.09514176339867275,ok,False,True,False,0
4175,4863682.079733893,10.616424067273158,0.08299571866453048,ok,False,True,False,0
4176,4859676.616897692,10.032383087829558,0.0716148148587461,ok,False,True,False,0
4177,5116146.791090632,16.004497717221636,0.05894701387429113,ok,False,True,False,0
4178,5878009.602307177,11.88642938379144,0.08514924690110015,ok,False,True,False,0
4179,3584129.286628449,5.781193467226078,0.08594419035435563,ok,False,True,False,0
4180,4921388.333430513,12.892111646233813,0.08132274460249855,ok,False,True,False,0
4181,4952033.219363972,12.783052179339133,0.09231657594349979,ok,False,True,False,0
4182,4916837.14518677,18.62836864453799,0.06469766715275638,ok,False,True,False,0
4183,4888768.121253364,12.572624551531534,0.07902708160075916,ok,False,True,False,0
4184,4863355.893342027,10.776703867507806,0.042652114969638444,ok,False,True,False,0
4185,4857297.0998644475,10.297529096717602,0.056731573256113,ok,False,True,False,0
4186,4861725.813137787,11.748381875107684,0.07984268751447465,ok,False,True,False,0
4187,4854681.630599097,12.20956064139743,0.06525668332128276,ok,False,True,False,0
4188,5022112.026000337,9.731349364613344,0.042502224339877936,ok,False,True,False,0
4189,4885390.644674251,8.019213504204492,0.09069223484281874,ok,False,True,False,0
4190,5607717.776934172,10.57683636337614,0.08098557007862843,ok,False,True,False,0
4191,4871771.945460289,9.63187309597046,0.06892092458589094,ok,False,True,False,0
4192,5025657.063635887,12.724449067373302,0.08672972547772151,ok,False,True,False,0
4193,4854432.181923369,10.625860499035218,0.07840417055902987,ok,False,True,False,0
4194,5022079.443443903,8.230546585664229,0.05148202464854168,ok,False,True,False,0
4195,4762962.819076799,8.817060734617058,0.05835322242174884,ok,False,True,False,0
4196,5020131.636729431,8.825936503523781,0.07054877970674134,ok,False,True,False,0
4197,4870118.932624222,13.08068548692222,0.06226464199283166,ok,False,True,False,0
4198,4986058.760007634,12.118770794048968,0.07691153977872733,ok,False,True,False,0
4199,5073169.4643864725,12.201154590949262,0.05908895391397939,ok,False,True,False,0
4200,5152829.258025222,17.701855479644518,0.10109987180406815,ok,False,True,False,1
4201,4861065.633166681,9.925544959724064,0.07226204547042098,ok,False,True,False,0
4202,5207961.085906519,10.759030899302488,0.08796625212522624,ok,False,True,False,0
4203,4894130.046445463,11.162880997711902,0.07049315148140167,ok,False,True,False,0
4204,5143152.283878459,13.519806567959487,0.08434172906467552,ok,False,True,False,0
4205,4956751.955090013,13.34604065125121,0.07982123996823542,ok,False,True,False,0
4206,4926085.89790152,13.29531567138651,0.06055829044380173,ok,False,True,False,0
4207,4854254.163879538,10.394188657564987,0.056403005278995055,ok,False,True,False,0
4208,4858446.19273828,8.91527381521908,0.055234825853706426,ok,False,True,False,0
4209,4536155.3769555455,8.70844922685103,0.09567150405790426,ok,False,True,False,0
4210,4883030.189442334,12.419108526594027,0.09115352735246783,ok,False,True,False,0
4211,4149819.2257139417,7.34084883751232,0.09302255981538965,ok,False,True,False,0
4212,4200096.974268608,7.31680798806918,0.07696165331619409,ok,False,True,False,0
4213,5530384.488985535,15.976002451420937,0.07870683075068396,ok,False,True,False,0
4214,3302496.386343417,5.446593348760029,0.08411280026519585,ok,False,True,False,0
4215,4001176.088099025,7.375283655522754,0.09212396035086534,ok,False,True,False,0
4216,5506730.647202927,10.85036266294889,0.059276996056702225,ok,False,True,False,0
4217,4271679.485731879,7.609514024331255,0.09037814850398762,ok,False,True,False,0
4218,4268339.192541627,7.940741439744363,0.07678832379780326,ok,False,True,False,0
4219,5435466.7087429315,12.695658634545293,0.07141617582681681,ok,False,True,False,0
4220,4854750.933568246,10.895406456483373,0.06842200046569535,ok,False,True,False,0
4221,5190945.761269728,14.357931852157703,0.044173194244502834,ok,False,True,False,0
4222,4949936.022835025,10.827246093117967,0.04935303306985528,ok,False,True,False,0
4223,4979215.707577154,15.544954946541658,0.05687901197447476,ok,False,True,False,0
4224,4895017.0523556,13.871472624437375,0.0981576420405551,ok,False,True,False,1
4225,4892248.633104219,8.41846202592754,0.07164068658873712,ok,False,True,False,0
4226,5149014.897517352,10.82263550080271,0.06445817941504428,ok,False,True,False,0
4227,5130551.435503835,10.10841735363369,0.09177105895715038,ok,False,True,False,0
4228,4410144.378029045,8.232833861140035,0.07822972986075327,ok,False,True,False,0
4229,5249730.18209028,16.083789716642336,0.07676368365309061,ok,False,True,False,0
4230,5099955.401265021,12.054638879011206,0.08156725602205928,ok,False,True,False,0
4231,4856839.435201164,9.470564188655853,0.04526733844251529,ok,False,True,False,0
4232,5114805.588364481,13.236801933920763,0.0810159892064502,ok,False,True,False,0
4233,5189765.74208512,8.393818267322114,0.0587936624145724,ok,False,True,False,0
4234,3158053.491710955,4.612733756241388,0.11384353221227655,ok,False,True,False,1
4235,4864503.47629477,11.997937511806972,0.07647565895572606,ok,False,True,False,0
4236,4750157.629142718,10.758589530807525,0.07247607044506255,ok,False,True,False,0
4237,4856977.47589479,11.766258215486578,0.0885718149675816,ok,False,True,False,0
4238,5114519.577097163,13.325185087823685,0.0949898711969086,ok,False,True,False,0
4239,3890197.7863861,6.096164673597883,0.07883270061275427,ok,False,True,False,0
4240,4875279.534533911,11.8065740362647,0.11278062441000236,ok,False,True,False,1
4241,3260157.169210259,5.319592357261514,0.091049614270239,ok,False,True,False,0
4242,4885300.731862443,12.210968309455097,0.054274867219399114,ok,False,True,False,0
4243,4762962.819076799,8.817703230745913,0.07032327029078522,ok,False,True,False,0
4244,4908064.421291802,13.470433787424806,0.07314774443688443,ok,False,True,False,0
4245,4982518.538536845,10.55160337030592,0.07638612259166022,ok,False,True,False,0
4246,4200096.974268608,8.167444122544381,0.08164118453727262,ok,False,True,False,0
4247,5196844.2459288845,13.927682370760321,0.07357311781236642,ok,False,True,False,0
4248,4868693.214829243,11.048643717738388,0.07899325579002497,ok,False,True,False,0
4249,4878445.06303505,9.858860639650414,0.07389196587544589,ok,False,True,False,0
4250,4938151.412122152,10.467781634520296,0.06337758315589048,ok,False,True,False,0
4251,4747180.003045261,9.660943902685494,0.0831397914690506,ok,False,True,False,0
4252,4907370.462270217,10.482002303740536,0.07630295059923387,ok,False,True,False,0
4253,5063237.389246308,11.784574593342903,0.062439502043336315,ok,False,True,False,0
4254,4859449.0005825665,12.81658443915834,0.09137968271442642,ok,False,True,False,0
4255,4961864.293989423,9.47146825957684,0.06916003228751949,ok,False,True,False,0
4256,5378691.9699389385,8.229890161592731,0.07363730930056225,ok,False,True,False,0
4257,4862442.798951559,8.421090924988462,0.07268613372283983,ok,False,True,False,0
4258,5114304.16153011,13.108764886172027,0.056067635388201253,ok,False,True,False,0
4259,5368194.552768253,21.904250656326628,0.07356806658864401,ok,False,True,False,0
4260,5011112.707099798,9.695583817932897,0.08895800401266549,ok,False,True,False,0
4261,5142800.38666437,11.36528102733066,0.04304635046880245,ok,False,True,False,0
4262,3369651.9972953447,5.491606603062048,0.08416751795660349,ok,False,True,False,0
4263,4960322.845999892,10.329804006273752,0.10750600866922072,ok,False,True,False,1
4264,3519824.2810661173,5.72319306237419,0.12538029651092603,ok,False,True,False,1
4265,5128585.860252117,14.044633421852392,0.10360667435735249,ok,False,True,False,1
4266,4883139.840346251,11.630756190163138,0.067162309656006,ok,False,True,False,0
4267,4705765.05441471,9.839636686517334,0.07810257906308635,ok,False,True,False,0
4268,3451998.5597333424,5.266593770109361,0.08807576673799157,ok,False,True,False,0
4269,4855731.793657795,10.584424632341994,0.10121554286952494,ok,False,True,False,1
4270,4879995.134114141,11.354958182987158,0.08505410251470302,ok,False,True,False,0
4271,4705765.05441471,10.075960670456572,0.11346756579850859,ok,False,True,False,1
4272,4873253.137497761,11.189375074945943,0.07338061205455526,ok,False,True,False,0
4273,4873782.758907897,11.78150734537013,0.09752424561546147,ok,False,True,False,0
4274,3543508.9322967106,6.3924913467448174,0.06634573199954719,ok,False,True,False,0
4275,4864641.765099967,10.748958757583525,0.10763882001748859,ok,False,True,False,1
4276,5881661.760239532,20.753458256132195,0.08474075083757758,ok,False,True,False,0
4277,5086434.455119981,13.686922258553311,0.10427039809409655,ok,False,True,False,1
4278,4750157.629142718,11.872336064568083,0.06417790309102253,ok,False,True,False,0
4279,4863331.469757276,12.709488876294596,0.06766773686385508,ok,False,True,False,0
4280,4949337.647017822,11.963289610615847,0.07072293463096535,ok,False,True,False,0
4281,5120417.951478512,8.16006716108031,0.07764671987967231,ok,False,True,False,0
4282,3223934.413738825,4.893568345358691,0.09725571703144145,ok,False,True,False,0
4283,4899163.519058513,18.23018964061579,0.08234871884998474,ok,False,True,False,0
4284,4881738.032264377,11.127564108459131,0.08646173227667531,ok,False,True,False,0
4285,5211906.128165595,10.833167544217163,0.07097413009204817,ok,False,True,False,0
4286,4925695.073163461,12.408887952847982,0.06280847570149561,ok,False,True,False,0
4287,5575368.011003538,22.19172694675873,0.10811894703890335,ok,False,True,False,1
4288,4864671.035220381,10.614493419275236,0.06235179996137036,ok,False,True,False,0
4289,4747180.003045261,8.9902462472883,0.06671508440177629,ok,False,True,False,0
4290,4750157.629142718,7.161655289012759,0.0854342447187113,ok,False,True,False,0
4291,4875002.907037701,11.373637771215684,0.07561372014381451,ok,False,True,False,0
4292,3446045.452357808,5.436541916605356,0.09483637868327599,ok,False,True,False,0
4293,4888697.392039265,10.608854168531487,0.059799240136514775,ok,False,True,False,0
4294,4989589.504425868,13.240863716639202,0.05843941750770998,ok,False,True,False,0
4295,4859339.370448896,11.632902605477126,0.07696087530437751,ok,False,True,False,0
4296,4683078.68915011,8.681750764428578,0.0767331674263424,ok,False,True,False,0
4297,4980093.531263192,13.92086062526112,0.10504158262513788,ok,False,True,False,1
4298,4858054.84044593,10.155266157058799,0.0650074010764996,ok,False,True,False,0
4299,4863753.776743355,10.538713186272753,0.05743857008293535,ok,False,True,False,0
4300,5086676.929174731,11.510327548715997,0.07804432350389756,ok,False,True,False,0
4301,4102292.53716956,6.896893325153003,0.06759816611047476,ok,False,True,False,0
4302,4593663.593117381,7.9333060548985195,0.07376996708770955,ok,False,True,False,0
4303,5354193.75058558,12.038113374149823,0.09906869652299233,ok,False,True,False,1
4304,4860409.579368492,13.920322549923645,0.09681808810919323,ok,False,True,False,0
4305,4750157.629142718,9.57549120124365,0.0718935699096418,ok,False,True,False,0
4306,5384129.07391916,16.72704450289272,0.10374373742635645,ok,False,True,False,1
4307,5112941.768727094,12.622152795792559,0.0992907655365105,ok,False,True,False,1
4308,4856749.412988148,12.190060532464427,0.10749155721465942,ok,False,True,False,1
4309,5260592.307482478,20.006009164070242,0.10689143688546421,ok,False,True,False,1
4310,4895103.110700526,10.177809000043025,0.06378915066854995,ok,False,True,False,0
4311,4985326.589946036,13.408477034923132,0.07427618375459877,ok,False,True,False,0
4312,4878783.589843922,9.991646339620017,0.08865091995557417,ok,False,True,False,0
4313,4874580.422261466,11.599383821709745,0.06090912105154689,ok,False,True,False,0
4314,5395898.922163675,6.325016967608636,0.08981350963497592,ok,False,True,False,0
4315,3528115.202946391,5.951840871361992,0.07762063427584365,ok,False,True,False,0
4316,4905950.391688338,10.952010066094834,0.040373392333831415,ok,False,True,False,0
4317,5685456.25686423,11.241471788911731,0.06839509953324163,ok,False,True,False,0
4318,4881534.233945102,11.704768753306803,0.08334393520447947,ok,False,True,False,0
4319,4921932.390364993,10.34275057193727,0.04559813492086076,ok,False,True,False,0
4320,5101999.933397487,13.956317821504884,0.07234307906754689,ok,False,True,False,0
4321,5100852.346122532,13.618403248181826,0.05057191750706169,ok,False,True,False,0
4322,4862825.112609235,11.33668108056316,0.06767787289583693,ok,False,True,False,0
4323,4867032.036488865,11.56833140954652,0.10675074316430011,ok,False,True,False,1
4324,5831687.576582244,14.427474890016304,0.08130583260982882,ok,False,True,False,0
4325,5521902.894143973,13.912702894565793,0.08797713412503494,ok,False,True,False,0
4326,4885894.784879279,11.65671690705953,0.06585594402947725,ok,False,True,False,0
4327,4931350.334039054,13.056801120067417,0.05507525539263869,ok,False,True,False,0
4328,4891406.4113927055,11.800534342990439,0.06936706858751496,ok,False,True,False,0
4329,4936547.993301758,12.68367673128603,0.07707211549783599,ok,False,True,False,0
4330,4876796.21241464,12.897272506252166,0.0781600553220223,ok,False,True,False,0
4331,4925898.055320108,13.16072628965216,0.08561348135658237,ok,False,True,False,0
4332,4762962.819076799,10.74575595947641,0.07342988275258966,ok,False,True,False,0
4333,2851657.0687579694,4.089555073916886,0.09675775249289403,ok,False,True,False,0
4334,5112187.844734428,9.670389762732988,0.06636796025277392,ok,False,True,False,0
4335,5053737.181882158,13.506621833285116,0.050347404387366734,ok,False,True,False,0
4336,3890197.7863861,7.028795531503863,0.09071829120807762,ok,False,True,False,0
4337,5099515.791377414,14.020487469317294,0.06357146217479914,ok,False,True,False,0
4338,4862371.194084877,11.228812285826013,0.08543622445583154,ok,False,True,False,0
4339,4747180.003045261,9.873797375595986,0.10103413593226607,ok,False,True,False,1
4340,4944019.526346864,11.034976865645419,0.07106998211893208,ok,False,True,False,0
4341,5098489.964445792,10.882476508236334,0.09338264522900613,ok,False,True,False,0
4342,4861668.586727246,12.941033431828599,0.09277302747819705,ok,False,True,False,0
4343,4925758.861297948,9.259849342500566,0.07612295812519654,ok,False,True,False,0
4344,4873268.340980375,9.704326715309435,0.053838355126311854,ok,False,True,False,0
4345,4683078.68915011,9.293173673144059,0.08069393851614581,ok,False,True,False,0
4346,4867905.838483703,14.048034467265767,0.07071951642576565,ok,False,True,False,0
4347,4865658.766876542,8.12583613908929,0.052342564562686655,ok,False,True,False,0
4348,5312850.555643398,13.880435644565651,0.06768074534439494,ok,False,True,False,0
4349,3451998.5597333424,5.785639340243007,0.08311262315510892,ok,False,True,False,0
4350,4868463.5062838225,12.297521676906472,0.08565211369940062,ok,False,True,False,0
4351,5387228.116999724,16.490007963615064,0.07529461470627252,ok,False,True,False,0
4352,3492245.189242847,5.306633051708749,0.08033325780000167,ok,False,True,False,0
4353,4874872.849485003,10.160673463308841,0.07075127990942376,ok,False,True,False,0
4354,5085276.97400743,10.333623268331511,0.049018557876239655,ok,False,True,False,0
4355,4976207.361236016,14.336678979834625,0.08036605806681626,ok,False,True,False,0
4356,5029384.751186966,8.895458543351571,0.08708764021644111,ok,False,True,False,0
4357,4867221.94641565,9.40100432331399,0.0791609802539539,ok,False,True,False,0
4358,5010150.52279948,13.043359505258886,0.06477941241381963,ok,False,True,False,0
4359,4793893.81516227,9.541064833148077,0.09511550357164,ok,False,True,False,0
4360,5211148.624874746,14.713248827516162,0.09864009423352943,ok,False,True,False,1
4361,5211346.211191295,13.523736752915688,0.07464153564799403,ok,False,True,False,0
4362,5003991.290532803,12.194825261513103,0.06342090870302508,ok,False,True,False,0
4363,4928771.596679659,9.798253622370135,0.0633603630699473,ok,False,True,False,0
4364,4683078.68915011,8.275027533450382,0.09433004566690173,ok,False,True,False,0
4365,4879569.436588118,11.98455261136056,0.07340854601755831,ok,False,True,False,0
4366,3507468.282093733,6.110404918541554,0.0875951443930898,ok,False,True,False,0
4367,5006347.789054208,9.900709149612743,0.09476203224086088,ok,False,True,False,0
4368,5748006.456554209,15.692049830952383,0.06619405100638298,ok,False,True,False,0
4369,5003629.471664753,13.63177019136604,0.10124554181777767,ok,False,True,False,1
4370,4869987.120030799,10.795815848208553,0.07056331000231186,ok,False,True,False,0
4371,4200096.974268608,7.593093959115524,0.08295647873998607,ok,False,True,False,0
4372,4901834.261820603,10.68174434542059,0.0530016707450881,ok,False,True,False,0
4373,4870320.404248641,11.661536007344882,0.07586650972723075,ok,False,True,False,0
4374,5163477.690595374,8.595009712937491,0.08155434265389178,ok,False,True,False,0
4375,4171017.3460589824,7.584195190351104,0.07407241560524647,ok,False,True,False,0
4376,4872671.163542122,11.115444806363278,0.0805648846707609,ok,False,True,False,0
4377,3584129.286628449,5.885052502212703,0.0875912519960621,ok,False,True,False,0
4378,4750157.629142718,9.658032637282798,0.0629516971488856,ok,False,True,False,0
4379,4793893.81516227,10.001705351490449,0.07494421008504412,ok,False,True,False,0
4380,4866583.561053161,11.398730388403727,0.07748217550322478,ok,False,True,False,0
4381,4885583.998503172,12.171198586871066,0.06424230433877853,ok,False,True,False,0
4382,5155742.677432064,16.31513283365287,0.06381779644891289,ok,False,True,False,0
4383,4705765.05441471,8.569509452343182,0.06065506198486881,ok,False,True,False,0
4384,4862301.35260416,10.720630689255886,0.051530205131290197,ok,False,True,False,0
4385,3452709.942445366,6.16053918744212,0.08189451894818212,ok,False,True,False,0
4386,4855262.495802383,12.806974440341682,0.05295199473111967,ok,False,True,False,0
4387,5097422.770252146,11.386800056988925,0.06549485644018926,ok,False,True,False,0
4388,5489868.745398402,13.242954348867928,0.0687049934308479,ok,False,True,False,0
4389,4892543.156866659,10.915077692763253,0.05429390373590759,ok,False,True,False,0
4390,5049471.708769597,14.543948466438083,0.04590788758224629,ok,False,True,False,0
4391,4882633.1777446885,11.315513852186491,0.053846827827362165,ok,False,True,False,0
4392,5091170.403809592,10.99253148099603,0.0526191693819964,ok,False,True,False,0
4393,4863609.863306078,13.002761753677884,0.06553741574371297,ok,False,True,False,0
4394,4880836.026200322,13.184561707360578,0.06704193985673834,ok,False,True,False,0
4395,4864132.360778651,11.418726085618884,0.10916547763638229,ok,False,True,False,1
4396,4976062.5245572105,13.140978568300996,0.11824847366819302,ok,False,True,False,1
4397,4882286.156521066,11.324707181922102,0.08165094538761253,ok,False,True,False,0
4398,4854372.234111378,10.317204517713545,0.05794248520077705,ok,False,True,False,0
4399,4856880.491758944,12.349853612064216,0.08668891258795108,ok,False,True,False,0
4400,5280925.656113571,11.184462948743137,0.06965134886033456,ok,False,True,False,0
4401,4866736.08259307,10.770877938780576,0.0862776495524481,ok,False,True,False,0
4402,3454558.3295920724,5.582885673460749,0.0941438934599218,ok,False,True,False,0
4403,4884243.9614415085,8.387824556669653,0.07228715615323533,ok,False,True,False,0
4404,4936026.466433112,13.951635838244032,0.08542423039688618,ok,False,True,False,0
4405,4747180.003045261,9.27613010713437,0.08436835218754468,ok,False,True,False,0
4406,4171017.3460589824,6.833025859416674,0.08677011446650973,ok,False,True,False,0
4407,4856539.968442505,11.024014970303897,0.09168136045020098,ok,False,True,False,0
4408,3336995.657221681,5.228862169571045,0.10273249433179049,ok,False,True,False,1
4409,3336995.657221681,5.0976642004821136,0.09173879157845277,ok,False,True,False,0
4410,4886830.886333445,7.8982910381760165,0.06411991155516794,ok,False,True,False,0
4411,4863094.971157857,8.09380328457322,0.0454920973338353,ok,False,True,False,0
4412,4747180.003045261,11.187409131263324,0.06541675383954315,ok,False,True,False,0
4413,5051739.177243178,9.9555648641152,0.04476696355995473,ok,False,True,False,0
4414,5738058.675540297,18.896583082562387,0.10022790580784458,ok,False,True,False,1
4415,4705765.05441471,9.293182803019741,0.09367866139837577,ok,False,True,False,0
4416,4750157.629142718,10.71381578200786,0.09257570260291675,ok,False,True,False,0
4417,4683078.68915011,8.0743712455144,0.07554423313931868,ok,False,True,False,0
4418,4866912.972066256,11.947968077650508,0.05976265157216509,ok,False,True,False,0
4419,4318219.689267186,8.040854566867246,0.07056390676951796,ok,False,True,False,0
4420,4901778.399489094,9.694469925750289,0.08289324876690507,ok,False,True,False,0
4421,3369318.12164703,5.259768202377097,0.1068090450239868,ok,False,True,False,1
4422,5072380.738224904,10.37860374420138,0.08172016721631958,ok,False,True,False,0
4423,3342512.705544631,5.45546216895825,0.10107138386968018,ok,False,True,False,1
4424,5006147.381281435,14.461826440146575,0.11539556766186465,ok,False,True,False,1
4425,4750157.629142718,13.146760156106478,0.10116966622388068,ok,False,True,False,1
4426,4897823.168681843,13.612951238576468,0.08080255233174892,ok,False,True,False,0
4427,4860277.752222239,9.59017147839928,0.06180035776676174,ok,False,True,False,0
4428,4932583.711809565,10.473011127116315,0.08360399502582616,ok,False,True,False,0
4429,4936850.275824941,13.064358271444714,0.06568449959372613,ok,False,True,False,0
4430,4882473.261075026,10.079437320112696,0.09759748530531492,ok,False,True,False,0
4431,5608753.786577592,13.153758518059256,0.07153726526512222,ok,False,True,False,0
4432,4750157.629142718,8.424587405281748,0.0711067080684793,ok,False,True,False,0
4433,5539010.4887234075,17.945836168086622,0.07486557236063784,ok,False,True,False,0
4434,5027377.617438593,8.646645138572703,0.07699086257306109,ok,False,True,False,0
4435,4875954.8578263,11.780626222957341,0.060604818871440425,ok,False,True,False,0
4436,4996227.282747939,11.270361860834175,0.09431610240913624,ok,False,True,False,0
4437,5055519.836624882,11.7371020250029,0.07687175405225233,ok,False,True,False,0
4438,4980451.173293935,12.474307568925136,0.08791125159199198,ok,False,True,False,0
4439,3432351.156454028,5.8901013219647735,0.0686870108789176,ok,False,True,False,0
4440,4875415.775229719,10.779802833710573,0.08404965074436233,ok,False,True,False,0
4441,4750157.629142718,8.43923097991834,0.057973316316972334,ok,False,True,False,0
4442,4793893.81516227,9.163088328761306,0.08752415600140279,ok,False,True,False,0
4443,5269103.968679508,10.299098357000853,0.056800774315513225,ok,False,True,False,0
4444,4948206.879879697,12.477217170840047,0.0728953322208033,ok,False,True,False,0
4445,4854328.364930048,9.854135722502676,0.05157334205892661,ok,False,True,False,0
4446,5534605.513175843,12.75882662912699,0.06469201815951398,ok,False,True,False,0
4447,4893907.617937714,10.992344222263412,0.060625217785614804,ok,False,True,False,0
4448,4705765.05441471,8.38201202222743,0.05660788956255999,ok,False,True,False,0
4449,5104630.992270336,9.640276748610294,0.0832918704654812,ok,False,True,False,0
4450,5015273.008328367,9.46232521267684,0.05967173956996785,ok,False,True,False,0
4451,4793893.81516227,10.114468980016483,0.05958932456693514,ok,False,True,False,0
4452,4871642.25004844,12.491123245890527,0.08370769034975989,ok,False,True,False,0
4453,4747180.003045261,9.08247672569368,0.07498201215567424,ok,False,True,False,0
4454,4856173.633974695,14.13143207392657,0.08512953520417366,ok,False,True,False,0
4455,4857982.955804811,10.622819234020717,0.08216516736240176,ok,False,True,False,0
4456,3600022.3611444896,5.817765122529382,0.08786948062484773,ok,False,True,False,0
4457,4747180.003045261,10.159602250989353,0.10424566745405428,ok,False,True,False,1
4458,5087668.480427888,12.997252086872845,0.05960380198272164,ok,False,True,False,0
4459,4640733.87978854,9.104440179469176,0.052875078204470016,ok,False,True,False,0
4460,5142467.530325368,11.951662904951046,0.04718455529370125,ok,False,True,False,0
4461,5098295.485535694,15.540406443199238,0.04444720401529101,ok,False,True,False,0
4462,4683078.68915011,9.028869563481543,0.07227373693549533,ok,False,True,False,0
4463,4895606.838622055,11.878385093205596,0.11460992785621749,ok,False,True,False,1
4464,4891355.010111661,9.938181483478628,0.07265521592765589,ok,False,True,False,0
4465,4901344.043575967,10.376653969993146,0.07634214179851667,ok,False,True,False,0
4466,3578778.14702384,6.454435022750355,0.10477842896837197,ok,False,True,False,1
4467,5102557.500193823,13.13588195474424,0.054177761368370825,ok,False,True,False,0
4468,4860043.896611307,11.013146661325067,0.09950637713373278,ok,False,True,False,1
4469,5017064.839620186,9.261563809111182,0.06496536028618882,ok,False,True,False,0
4470,4747180.003045261,12.105496207273886,0.08410266772399144,ok,False,True,False,0
4471,5154098.624063624,9.836824156021057,0.09028675631278271,ok,False,True,False,0
4472,4917525.280151986,10.632976221393397,0.0403424008366271,ok,False,True,False,0
4473,5668951.803017404,14.688035018090083,0.09382317263597362,ok,False,True,False,0
4474,4858281.797103495,10.930337820228933,0.05784706782563853,ok,False,True,False,0
4475,4874574.905273201,11.334854622722146,0.06347929884839698,ok,False,True,False,0
4476,4747180.003045261,8.852114197787609,0.07645513424406436,ok,False,True,False,0
4477,5079009.077757602,11.242869743204286,0.08611715640231288,ok,False,True,False,0
4478,4854226.356291267,12.838103641668862,0.07929306573151851,ok,False,True,False,0
4479,5636801.310579394,13.035188158898377,0.08950554255547899,ok,False,True,False,0
4480,4936196.248527069,14.36100656651248,0.04334248971177057,ok,False,True,False,0
4481,4869886.014964375,9.909339460231681,0.07613407985313236,ok,False,True,False,0
4482,4311809.855181465,9.0482871452997,0.06199938931895255,ok,False,True,False,0
4483,5014710.046521672,16.073427377899364,0.053991059645339345,ok,False,True,False,0
4484,4861932.121865549,13.458085410810888,0.07560927596572997,ok,False,True,False,0
4485,4854618.233605371,9.71106338218437,0.05700230237282605,ok,False,True,False,0
4486,3432351.156454028,5.658317366677412,0.07928704588700553,ok,False,True,False,0
4487,4747180.003045261,12.436951851682926,0.07402917476404086,ok,False,True,False,0
4488,4856978.848871841,11.040859439748612,0.08919620157416919,ok,False,True,False,0
4489,4858913.805121483,9.396056885267695,0.0595702924428384,ok,False,True,False,0
4490,4866715.442715786,13.472177590068762,0.07582077963900935,ok,False,True,False,0
4491,4102292.53716956,6.730862624694821,0.06310004183204054,ok,False,True,False,0
4492,4993991.91876188,13.873855689675615,0.0720197437883533,ok,False,True,False,0
4493,4881872.64369318,12.189203912175557,0.0856417959225367,ok,False,True,False,0
4494,4861914.381331789,10.425131271132521,0.05413865135435747,ok,False,True,False,0
4495,5107784.537709225,10.174188460488196,0.04675738270996016,ok,False,True,False,0
4496,4952546.060711583,10.387624838320919,0.05782356195885474,ok,False,True,False,0
4497,4747180.003045261,9.297339211575418,0.0685641112829195,ok,False,True,False,0
4498,4882704.275572846,8.956624808569867,0.04937026769591513,ok,False,True,False,0
4499,3205254.594743669,5.0759184649250715,0.0967306525554778,ok,False,True,False,0
4500,4879802.49820204,10.893530820965694,0.0841690073203209,ok,False,True,False,0
4501,4944212.273642075,14.302671523314944,0.08568961092036231,ok,False,True,False,0
4502,5092297.977272529,11.840591753295012,0.057687769447418324,ok,False,True,False,0
4503,4857796.873035204,12.885523867471921,0.06800135373712657,ok,False,True,False,0
4504,4855233.822026539,10.281481476836069,0.08728986497549707,ok,False,True,False,0
4505,4856171.571834924,11.424381275693507,0.05291088835887425,ok,False,True,False,0
4506,3446045.452357808,5.908068747834575,0.08844383203997797,ok,False,True,False,0
4507,4858247.506279779,11.25512927368801,0.07228416392116799,ok,False,True,False,0
4508,5079271.284190428,15.28709808936262,0.06267178425971431,ok,False,True,False,0
4509,4747180.003045261,10.13792265360106,0.0982820350330374,ok,False,True,False,1
4510,4882212.396138767,12.183832381893165,0.08626351604895766,ok,False,True,False,0
4511,4974723.493161861,10.010597950100163,0.07622608650626689,ok,False,True,False,0
4512,4900632.307886213,11.519651875425636,0.07660054715177456,ok,False,True,False,0
4513,4960049.418568861,11.922870893075453,0.054092510744044975,ok,False,True,False,0
4514,4271679.485731879,8.493651043736588,0.06390827212975438,ok,False,True,False,0
4515,5250554.539157444,10.887271611564023,0.07121883977189902,ok,False,True,False,0
4516,4861570.474508545,10.980100376681657,0.0997817549721377,ok,False,True,False,1
4517,4318219.689267186,7.898682530561796,0.07061304976347338,ok,False,True,False,0
4518,5349833.442761308,8.26596792591953,0.08076059517757772,ok,False,True,False,0
4519,4867840.893958029,9.62374405088572,0.06863178150337956,ok,False,True,False,0
4520,5126081.26345659,13.966371985508085,0.08548470053220081,ok,False,True,False,0
4521,4683078.68915011,10.269818420954731,0.08242365850347605,ok,False,True,False,0
4522,4888978.475431316,9.36987594834842,0.0806987791099476,ok,False,True,False,0
4523,5213795.313687869,8.157708106644261,0.0686531005095637,ok,False,True,False,0
4524,4865643.877490856,10.254588862097295,0.08558148319295034,ok,False,True,False,0
4525,4747180.003045261,9.654479992020121,0.06907334533881665,ok,False,True,False,0
4526,4857897.8462826265,7.985835176949589,0.0540756630460304,ok,False,True,False,0
4527,4961964.565006073,13.7051043963959,0.05925187601945803,ok,False,True,False,0
4528,3336995.657221681,5.281809585523195,0.09474658902998934,ok,False,True,False,0
4529,4171017.3460589824,7.4428491475017715,0.08043041818609087,ok,False,True,False,0
4530,4990389.9440862285,12.385254413357284,0.10817695899357649,ok,False,True,False,1
4531,4747180.003045261,9.506472747594707,0.05029292312853839,ok,False,True,False,0
4532,4102292.53716956,7.673284325876054,0.10877022103331069,ok,False,True,False,1
4533,4992052.487660563,11.810410820402277,0.06610869075884152,ok,False,True,False,0
4534,4969744.412328777,10.617828565772115,0.05554542063455237,ok,False,True,False,0
4535,4996229.2025235165,12.559873122197725,0.10287383038366227,ok,False,True,False,1
4536,5055544.6749194,12.532678999087146,0.053847884046841876,ok,False,True,False,0
4537,4747180.003045261,10.00991428314374,0.08026182488395744,ok,False,True,False,0
4538,5021385.079454646,11.484477342935191,0.09144232701250382,ok,False,True,False,0
4539,5588351.0498447325,16.255562313432712,0.07938196798804631,ok,False,True,False,0
4540,4747180.003045261,9.53162610611999,0.06823322727985631,ok,False,True,False,0
4541,4865700.986797087,10.730330788306903,0.08501763452536015,ok,False,True,False,0
4542,4875659.398261046,13.677084805073903,0.05070328315214978,ok,False,True,False,0
4543,4860859.6485284865,9.909957461141527,0.07581067735244906,ok,False,True,False,0
4544,4944945.705073105,10.649443081406579,0.059760763327498356,ok,False,True,False,0
4545,4860182.03133558,12.54110142969226,0.06017396830524535,ok,False,True,False,0
4546,4200096.974268608,7.242323462533828,0.08289748233492411,ok,False,True,False,0
4547,5142713.663195641,12.397396237339967,0.08321415221941159,ok,False,True,False,0
4548,4747180.003045261,10.527192153250825,0.07601536125065551,ok,False,True,False,0
4549,5127275.157255194,10.158729849558657,0.07371450951437941,ok,False,True,False,0
4550,4311809.855181465,9.08482229647568,0.0783165335019616,ok,False,True,False,0
4551,4856507.709877994,11.267033796694754,0.07033379557173103,ok,False,True,False,0
4552,4318219.689267186,8.222321417933454,0.08974041862977433,ok,False,True,False,0
4553,5169995.22243266,9.803682292214017,0.07465981335104843,ok,False,True,False,0
4554,5006652.184126966,12.620649654334288,0.06795917234816862,ok,False,True,False,0
4555,4858897.400016924,9.590209227264962,0.06828260429786348,ok,False,True,False,0
4556,4867610.203218411,9.922844868971772,0.08972279608168887,ok,False,True,False,0
4557,4883809.002000765,12.657125101637257,0.07323712172023311,ok,False,True,False,0
4558,4747180.003045261,7.909827702811276,0.08672457047397819,ok,False,True,False,0
4559,4890855.087677672,12.448023272269769,0.10549375428014596,ok,False,True,False,1
4560,4869932.492168997,11.658194825430162,0.06697024382777844,ok,False,True,False,0
4561,4949863.62178382,12.471602202704553,0.05506085549567896,ok,False,True,False,0
4562,5136390.351362389,9.866777515007861,0.06039018812952035,ok,False,True,False,0
4563,5304683.38075634,18.440954229188044,0.09651006730899458,ok,False,True,False,0
4564,5263058.634914959,10.958061902657533,0.08201147081223767,ok,False,True,False,0
4565,5206453.420200831,10.443210204940476,0.07281823950408828,ok,False,True,False,0
4566,5239465.941307167,12.094422206793812,0.09701013890182653,ok,False,True,False,0
4567,5203261.929268698,17.237946209515375,0.10430888550738626,ok,False,True,False,1
4568,5482319.855986215,12.013018763231031,0.09573487780523271,ok,False,True,False,0
4569,4858468.050387734,10.930206992743226,0.08058010843608665,ok,False,True,False,0
4570,4877407.070904577,12.232382579246861,0.08242857822712124,ok,False,True,False,0
4571,4750157.629142718,8.23372678356683,0.0832191016787519,ok,False,True,False,0
4572,4108700.127581739,7.424757649364018,0.09201705224890577,ok,False,True,False,0
4573,4271679.485731879,8.850016173671428,0.09603565367929401,ok,False,True,False,0
4574,3454558.3295920724,5.643401087871267,0.0979167930572138,ok,False,True,False,1
4575,3336995.657221681,5.165573918575955,0.11434505135929035,ok,False,True,False,1
4576,4893478.677535902,10.761081171545737,0.07502468007263174,ok,False,True,False,0
4577,4268339.192541627,8.411532651129258,0.07256463349279813,ok,False,True,False,0
4578,3492245.189242847,5.599167277453905,0.097807741932743,ok,False,True,False,1
4579,4978972.577644144,15.59450536822223,0.08751998006557127,ok,False,True,False,0
4580,4906485.542671976,12.519652568008894,0.06202395774415892,ok,False,True,False,0
4581,4991392.60656765,12.938500566448553,0.08202226237848387,ok,False,True,False,0
4582,5288256.01300174,10.104960958932589,0.08315595083970007,ok,False,True,False,0
4583,5280606.3860934,11.960868312145584,0.08480202786238689,ok,False,True,False,0
4584,5066329.672419078,11.984554653538622,0.08627740672637185,ok,False,True,False,0
4585,5033521.105730741,8.056051873932308,0.09963897283640977,ok,False,True,False,1
4586,4880478.084671772,12.126053698505274,0.0745996691018932,ok,False,True,False,0
4587,4981246.985992622,11.645280556767409,0.059709567941742425,ok,False,True,False,0
4588,4683078.68915011,8.128614348391345,0.06932752144569138,ok,False,True,False,0
4589,3137987.848810427,4.879371542122648,0.08781878869299209,ok,False,True,False,0
4590,4897023.541955839,9.819493996246887,0.08560149206326362,ok,False,True,False,0
4591,4877375.796613982,9.421834694636447,0.07015426359051136,ok,False,True,False,0
4592,5174095.633000349,11.894126229737294,0.07307091724269288,ok,False,True,False,0
4593,4864910.118531291,10.456039991849563,0.10141986498659872,ok,False,True,False,1
4594,5287606.284472702,13.278584895790905,0.09721322625196038,ok,False,True,False,0
4595,4928918.087449546,10.73353566233656,0.07957217027534336,ok,False,True,False,0
4596,5235692.878299405,13.393727121795687,0.08583349880157701,ok,False,True,False,0
4597,4855266.318253352,10.964547962840669,0.051838130994497744,ok,False,True,False,0
4598,4930110.178263798,14.062604808236102,0.04567365755964492,ok,False,True,False,0
4599,4877088.19192259,8.931017281000038,0.07154386050890943,ok,False,True,False,0
4600,4747180.003045261,11.255769577913258,0.07881811887710555,ok,False,True,False,0
4601,4757018.460019675,8.175836880016544,0.09213635012430377,ok,False,True,False,0
4602,5274802.402638115,15.802235866540595,0.09999701645952253,ok,False,True,False,1
4603,4750157.629142718,9.666647932503796,0.07235783158167086,ok,False,True,False,0
4604,4867673.01932009,10.231794720015587,0.06107388690889498,ok,False,True,False,0
4605,4747180.003045261,11.460037635099019,0.08664228956148609,ok,False,True,False,0
4606,5742007.116640558,12.09434847215445,0.0770053211618012,ok,False,True,False,0
4607,4747180.003045261,9.57737118588391,0.10188695645627893,ok,False,True,False,1
4608,5091515.058543707,10.280063091366026,0.06571881299958471,ok,False,True,False,0
4609,4757018.460019675,9.505657168755347,0.08034329137322446,ok,False,True,False,0
4610,5025807.974380464,15.035522398372807,0.06718269365993856,ok,False,True,False,0
4611,4683078.68915011,7.780854313390426,0.07042047594686496,ok,False,True,False,0
4612,4856396.262865567,11.644572300078568,0.07866736181973336,ok,False,True,False,0
4613,4750157.629142718,9.104210073682875,0.08080221095367379,ok,False,True,False,0
4614,4855153.508043703,12.238882920011967,0.08924957869476391,ok,False,True,False,0
4615,5043309.599534373,12.003007973874968,0.08430692593283517,ok,False,True,False,0
4616,4894576.14707459,13.376842249784113,0.07304931829129169,ok,False,True,False,0
4617,4750157.629142718,13.288690007871399,0.0969331729415289,ok,False,True,False,0
4618,4889591.136397728,8.291733392075862,0.05681674083578972,ok,False,True,False,0
4619,4959111.172135129,11.512280452928866,0.04951491265514979,ok,False,True,False,0
4620,4750157.629142718,9.728752533893935,0.06453570311669121,ok,False,True,False,0
4621,4271679.485731879,7.490883425030927,0.08898751422904516,ok,False,True,False,0
4622,4945516.025793113,11.901988407821959,0.05235194265657889,ok,False,True,False,0
4623,4750157.629142718,9.41638186021613,0.043442769288177974,ok,False,True,False,0
4624,5468341.177995802,16.21784000367996,0.09213702856059991,ok,False,True,False,0
4625,4865196.791841182,9.412264842202932,0.051198970217900874,ok,False,True,False,0
4626,4683078.68915011,8.380333596533514,0.0888477835383445,ok,False,True,False,0
4627,4874542.933268092,11.362270814928864,0.07667336943286329,ok,False,True,False,0
4628,3578778.14702384,6.39225136944904,0.08432483129629265,ok,False,True,False,0
4629,4860746.808103279,9.856968141001925,0.07183294867866363,ok,False,True,False,0
4630,4856388.939574404,9.688780397128417,0.0529324839963243,ok,False,True,False,0
4631,3617358.704666448,6.21442588648569,0.09858628842236622,ok,False,True,False,1
4632,4891176.670841266,11.213779619226404,0.05276579836154699,ok,False,True,False,0
4633,4921612.138977097,9.540762143210314,0.06519854462300737,ok,False,True,False,0
4634,5122179.47003051,15.510889669364891,0.06301414908996616,ok,False,True,False,0
4635,3492347.88912923,5.940648564304642,0.0724057992579894,ok,False,True,False,0
4636,4857807.696694639,8.620067546401089,0.06256106203734779,ok,False,True,False,0
4637,4876036.53589207,14.735719436960565,0.06416717490473911,ok,False,True,False,0
4638,4705765.05441471,8.3438806894564,0.07920412395701665,ok,False,True,False,0
4639,5429242.459079804,21.39398148113486,0.0999762802605213,ok,False,True,False,1
4640,4200096.974268608,7.946081469029983,0.0706936775278525,ok,False,True,False,0
4641,4870444.563690817,10.108784914391519,0.04525676282054636,ok,False,True,False,0
4642,4855054.534298327,13.233729387885656,0.08749083703157845,ok,False,True,False,0
4643,4863204.00264185,11.351084994183813,0.08156435644129634,ok,False,True,False,0
4644,4747180.003045261,12.73647148257658,0.06247023865171361,ok,False,True,False,0
4645,4855248.564156108,9.589940735372759,0.08491365514570004,ok,False,True,False,0
4646,4899819.672357711,10.186413074523667,0.07052017722408357,ok,False,True,False,0
4647,5074422.413868708,13.961200477820716,0.07687516861373012,ok,False,True,False,0
4648,4874668.735746753,11.649977841263823,0.05724633600413076,ok,False,True,False,0
4649,4536155.3769555455,8.706415091747996,0.06842258497348974,ok,False,True,False,0
4650,4640733.87978854,10.170590234215958,0.10414349060704031,ok,False,True,False,1
4651,4916572.791946073,9.772631250593644,0.09287864747927876,ok,False,True,False,0
4652,5202290.794919693,12.830025025962883,0.0808418666581574,ok,False,True,False,0
4653,4953331.41304213,11.56198856612285,0.07842620792549093,ok,False,True,False,0
4654,5215715.35093888,9.281041341695522,0.0678452115143996,ok,False,True,False,0
4655,5067516.161446363,10.050583881425023,0.06601828289493716,ok,False,True,False,0
4656,3369318.12164703,5.703610647942669,0.08952760067828275,ok,False,True,False,0
4657,5025412.509825542,10.891533817213297,0.07658810573687375,ok,False,True,False,0
4658,4854552.011525975,10.37415335717624,0.10248444856812122,ok,False,True,False,1
4659,5291656.187792852,13.828223244530141,0.055945059955918114,ok,False,True,False,0
4660,4895401.195583521,13.56482174000625,0.06744156033893811,ok,False,True,False,0
4661,4705765.05441471,14.696196440557374,0.08388850301349993,ok,False,True,False,0
4662,5027045.83836376,12.122192149565826,0.0894270507121821,ok,False,True,False,0
4663,4866972.638063423,10.819020386162189,0.09708327150196694,ok,False,True,False,0
4664,5213992.252005342,12.234751516132192,0.047304971958097686,ok,False,True,False,0
4665,3585652.395054665,5.549156155244313,0.09104302700676736,ok,False,True,False,0
4666,4683078.68915011,9.694823987284115,0.07691267855705175,ok,False,True,False,0
4667,3336995.657221681,5.780822670490436,0.07526140471226839,ok,False,True,False,0
4668,5239923.150890295,11.865263117696019,0.07410104972862352,ok,False,True,False,0
4669,4865411.475811264,10.822121056348326,0.11713424540266415,ok,False,True,False,1
4670,3617358.704666448,6.393446426818456,0.09166762222745778,ok,False,True,False,0
4671,5490996.986185614,10.456602094493354,0.10097750690234952,ok,False,True,False,1
4672,4750157.629142718,8.340842836398831,0.07831668016554894,ok,False,True,False,0
4673,4858303.339469537,9.784729574870553,0.08207238464657673,ok,False,True,False,0
4674,4311809.855181465,8.882625909281185,0.058051172309613874,ok,False,True,False,0
4675,5206469.379931894,9.350141389579354,0.06846758565419586,ok,False,True,False,0
4676,4747180.003045261,9.067648924847184,0.0602495034973726,ok,False,True,False,0
4677,4961604.963658954,12.991137148725043,0.06279708234802017,ok,False,True,False,0
4678,4884310.187259806,11.428908839572593,0.05724717132976043,ok,False,True,False,0
4679,5488239.491690049,24.094276187910605,0.10305093386531416,ok,False,True,False,1
4680,5091484.423101299,13.573038810426556,0.07471666306704594,ok,False,True,False,0
4681,4747180.003045261,11.018555128017004,0.09759634210118959,ok,False,True,False,0
4682,4856180.914613265,10.37410323376646,0.06643426723635226,ok,False,True,False,0
4683,5229321.254908909,13.811235049794194,0.07242936857447413,ok,False,True,False,0
4684,3617358.704666448,6.211810653086638,0.09756011969458561,ok,False,True,False,0
4685,4876067.266266983,8.373413242541305,0.07963491654662802,ok,False,True,False,0
4686,3966314.741221472,7.081357460802914,0.09034220667932003,ok,False,True,False,0
4687,4997686.3835726725,11.865349485476443,0.06090146438506783,ok,False,True,False,0
4688,5392396.293561337,7.510131931191497,0.0885720609196019,ok,False,True,False,0
4689,4865269.497287233,10.693061261968205,0.07493010432383779,ok,False,True,False,0
4690,4881886.569908612,8.974092204559529,0.06718612785015848,ok,False,True,False,0
4691,4747180.003045261,9.449637696585247,0.07037780150205807,ok,False,True,False,0
4692,4854274.079974744,13.071493329374519,0.10085341589320618,ok,False,True,False,1
4693,4914341.498356942,8.115489076025295,0.08606742457178129,ok,False,True,False,0
4694,5340764.049018013,16.368737299156567,0.10824004729541448,ok,False,True,False,1
4695,5413679.363624891,9.933302408433308,0.07317068269099558,ok,False,True,False,0
4696,5309824.630962704,12.040425191743639,0.10102126867475947,ok,False,True,False,1
4697,5355543.352184609,13.481123432222335,0.09273770825637029,ok,False,True,False,0
4698,4600821.321673834,9.225814287513682,0.07999456766508328,ok,False,True,False,0
4699,4863797.377218232,11.115173634333368,0.06748213988412977,ok,False,True,False,0
4700,4860654.36936508,9.853822440307733,0.07383316335130113,ok,False,True,False,0
4701,4944642.874870344,10.120853441935026,0.08924628767486997,ok,False,True,False,0
4702,5001422.044812156,10.942348457847965,0.0746016061500292,ok,False,True,False,0
4703,5162546.858528176,11.878924267875071,0.08953009287420843,ok,False,True,False,0
4704,4897436.043511542,12.15142980619428,0.08133075768665954,ok,False,True,False,0
4705,5340852.288841977,19.41975811407154,0.08549884891131443,ok,False,True,False,0
4706,4885256.670993037,10.723230723956506,0.05878461040488847,ok,False,True,False,0
4707,3519824.2810661173,5.864246370974023,0.06581019071894523,ok,False,True,False,0
4708,5063797.306103255,13.863763575801629,0.08368842455125514,ok,False,True,False,0
4709,4747180.003045261,9.956670520044428,0.08587123574623007,ok,False,True,False,0
4710,4747180.003045261,8.442021221725296,0.05734757378671822,ok,False,True,False,0
4711,4937612.158408537,9.960161733851644,0.06163666864690609,ok,False,True,False,0
4712,4860145.299684069,12.04071485924699,0.06967248233435319,ok,False,True,False,0
4713,4747180.003045261,11.510690137074132,0.08858692820974523,ok,False,True,False,0
4714,4902922.612856594,11.487894673279898,0.0906604281988419,ok,False,True,False,0
4715,5437441.075294036,12.682507999575256,0.08737565240310369,ok,False,True,False,0
4716,4311809.855181465,7.807802970816624,0.10752770471747108,ok,False,True,False,1
4717,4854883.931315065,12.98113227568982,0.07968689669994578,ok,False,True,False,0
4718,5297280.983777885,9.993796993962347,0.07764521871109442,ok,False,True,False,0
4719,4931440.920583053,11.347046862687092,0.058190807012193035,ok,False,True,False,0
4720,4857101.758012005,8.462427286891636,0.05593587766436647,ok,False,True,False,0
4721,4324739.151746342,8.507033027308267,0.07285985020803531,ok,False,True,False,0
4722,4970939.740274957,13.197341097135803,0.09252473107234793,ok,False,True,False,0
4723,4747180.003045261,9.814383546282704,0.07070808824029562,ok,False,True,False,0
4724,3336995.657221681,5.256270018378214,0.10073566513881782,ok,False,True,False,1
4725,4348933.658157175,9.051572427832799,0.08359304011108049,ok,False,True,False,0
4726,4876197.072844163,12.434569325940231,0.08653852287879549,ok,False,True,False,0
4727,4863450.711286398,9.845479640749545,0.050149474990421994,ok,False,True,False,0
4728,5223151.22822431,8.530266781625475,0.1045278953333697,ok,False,True,False,1
4729,5144237.290701806,11.090978982991848,0.04753425547251078,ok,False,True,False,0
4730,4204450.88888185,8.015628467480893,0.10415897665633708,ok,False,True,False,1
4731,5242444.076346953,7.684643533955522,0.0501000126928986,ok,False,True,False,0
4732,4867924.944821063,9.550361590715926,0.08511404410538292,ok,False,True,False,0
4733,4757018.460019675,9.941561559383233,0.06268136475381214,ok,False,True,False,0
4734,5298690.397086771,17.47505434723845,0.09825220886718788,ok,False,True,False,1
4735,5486500.785288971,16.267020985613662,0.0899821353533371,ok,False,True,False,0
4736,4873374.18788696,10.632744962070326,0.04923804325605341,ok,False,True,False,0
4737,4860841.626048076,10.504224101858865,0.08135562445562106,ok,False,True,False,0
4738,4946776.568729882,9.977189867657978,0.057202733765926106,ok,False,True,False,0
4739,4969973.7929140935,13.927072879535523,0.08267925447201208,ok,False,True,False,0
4740,4855569.584558239,10.535636270765819,0.04182438317116455,ok,False,True,False,0
4741,5313168.122676105,13.068940557687062,0.08356397200580301,ok,False,True,False,0
4742,4757018.460019675,10.821968562152076,0.04696404294727252,ok,False,True,False,0
4743,4885934.175085837,9.638230006961576,0.05175281184874991,ok,False,True,False,0
4744,4857541.892534685,11.80309069447984,0.06294297437181251,ok,False,True,False,0
4745,5250994.735033561,11.666743629451176,0.10027831815157347,ok,False,True,False,1
4746,5178096.137266262,10.063458797110677,0.07187778963545666,ok,False,True,False,0
4747,4881738.715754111,11.445019988944567,0.08697246638111833,ok,False,True,False,0
4748,3369318.12164703,5.015090612976893,0.12273455003208522,ok,False,True,False,1
4749,4946424.8274011295,11.758781295296643,0.07114176255072163,ok,False,True,False,0
4750,5599839.775266534,7.434400841403418,0.08050121028080914,ok,False,True,False,0
4751,4885495.924656591,13.730324920100525,0.0678439278920866,ok,False,True,False,0
4752,4348933.658157175,8.018284885882638,0.09601814961397748,ok,False,True,False,0
4753,4750157.629142718,7.7031232873237565,0.08109687842232816,ok,False,True,False,0
4754,4972763.321077883,10.900601251013969,0.04054177447696594,ok,False,True,False,0
4755,5110785.609170385,11.868569000031052,0.06270383528281809,ok,False,True,False,0
4756,4945195.942907243,19.77949589926419,0.06483559209536394,ok,False,True,False,0
4757,4889422.0980592705,10.46773212439068,0.07840883337984983,ok,False,True,False,0
4758,4960543.404438852,16.873110456082138,0.09021078390827308,ok,False,True,False,0
4759,4989464.2064292915,10.980674077018179,0.07206909798480787,ok,False,True,False,0
4760,4857177.497825954,13.29252076146607,0.10075677464864474,ok,False,True,False,1
4761,5153882.25507106,10.01207174858926,0.07708831675969219,ok,False,True,False,0
4762,5523361.857359149,12.751609828114981,0.07494640368424466,ok,False,True,False,0
4763,4747180.003045261,11.119374571442979,0.09755329208117758,ok,False,True,False,0
4764,4470522.31189062,8.947381187514933,0.08345202710579114,ok,False,True,False,0
4765,4865124.357700792,11.32951788952297,0.05613139219075769,ok,False,True,False,0
4766,4863809.270504294,12.458048874366076,0.06583070664363072,ok,False,True,False,0
4767,4948864.367212742,8.63937940502111,0.07803622407288346,ok,False,True,False,0
4768,5058594.483166001,7.908366963401996,0.08207289062528245,ok,False,True,False,0
4769,4874315.625816351,11.544758580419126,0.07519864180107472,ok,False,True,False,0
4770,4747180.003045261,10.050224676995313,0.08126376191007267,ok,False,True,False,0
4771,4683078.68915011,9.031202121034065,0.08154085839910086,ok,False,True,False,0
4772,5060236.918661615,10.170834964119233,0.08327031002046281,ok,False,True,False,0
4773,4867721.159988899,10.66278739420041,0.06351873730820334,ok,False,True,False,0
4774,4861867.345755625,11.350067151235393,0.06553080495278063,ok,False,True,False,0
4775,5182555.02918636,11.584729656278382,0.060594257210400015,ok,False,True,False,0
4776,3342512.705544631,5.147555390708873,0.08786491178055855,ok,False,True,False,0
4777,5092930.787166384,9.53448644496861,0.08583751319613686,ok,False,True,False,0
4778,4906394.96016172,10.776912738407066,0.05307997640306816,ok,False,True,False,0
4779,4757018.460019675,10.114656722234287,0.07666998491229593,ok,False,True,False,0
4780,5195149.528076868,13.83513882738529,0.06206046275152377,ok,False,True,False,0
4781,5024932.712265665,12.606619799085605,0.06308560590218149,ok,False,True,False,0
4782,4913169.770030628,12.325872740483856,0.06837813860932762,ok,False,True,False,0
4783,4856083.888416996,9.515096995529168,0.09082266229281644,ok,False,True,False,0
4784,4876222.2963555595,13.021778379472531,0.04579444445987002,ok,False,True,False,0
4785,4877800.297672962,8.243270182643268,0.05936723234063268,ok,False,True,False,0
4786,4870416.883086693,9.288941713731214,0.04855363271315605,ok,False,True,False,0
4787,5224276.077991129,9.904964841994346,0.06073887249039056,ok,False,True,False,0
4788,4861718.10529993,12.236449254089907,0.06141279961689583,ok,False,True,False,0
4789,4871920.400231809,10.964051464952185,0.07365034901979842,ok,False,True,False,0
4790,4578101.280900404,8.903604815602199,0.06403196258673827,ok,False,True,False,0
4791,5018337.700888708,10.039430485251998,0.07532542208097559,ok,False,True,False,0
4792,2614297.659348182,4.039966729219742,0.11044455693054828,ok,False,True,False,1
4793,4956774.979486862,9.07553440238024,0.07147742190351913,ok,False,True,False,0
4794,4867652.891153502,15.573228926813401,0.0963118469444183,ok,False,True,False,0
4795,4217613.824174907,6.570732181295862,0.055873996800972825,ok,False,True,False,0
4796,4904079.921313531,10.101378609673835,0.03662430635564007,ok,False,True,False,0
4797,5278277.806258088,12.59281982094424,0.07525138828338218,ok,False,True,False,0
4798,4793893.81516227,10.050393224807985,0.06191238893980067,ok,False,True,False,0
4799,5157463.038200911,14.31808107042196,0.09664735250078482,ok,False,True,False,0
4800,4901093.325597659,10.824453585183294,0.04519306204305529,ok,False,True,False,0
4801,5111020.375446409,12.693974794201477,0.056307488061195954,ok,False,True,False,0
4802,4855165.650144754,9.352524291289747,0.06416297191887721,ok,False,True,False,0
4803,4981167.357447625,11.418131386504436,0.08451743525798927,ok,False,True,False,0
4804,5172655.301956298,10.487555476791782,0.0773873264439221,ok,False,True,False,0
4805,4907292.57700753,11.407756193230208,0.06644432580510362,ok,False,True,False,0
4806,4855990.878332716,10.652614278295005,0.08398664959030705,ok,False,True,False,0
4807,4879203.705023978,10.551800080778726,0.07377216820604843,ok,False,True,False,0
4808,5030876.660130978,7.746088982432211,0.07435762365315979,ok,False,True,False,0
4809,4887536.924255872,12.243412668541527,0.06947066753951592,ok,False,True,False,0
4810,4683078.68915011,8.363327811286617,0.07799439925572305,ok,False,True,False,0
4811,4959164.667205981,11.387119388595341,0.07435692030221663,ok,False,True,False,0
4812,4865411.031238928,10.5826713714498,0.08421600655390193,ok,False,True,False,0
4813,4705765.05441471,9.095712931232363,0.08661489845430465,ok,False,True,False,0
4814,5514402.57241457,17.17117168906675,0.08380096927043068,ok,False,True,False,0
4815,4683078.68915011,8.079195002182672,0.04921805952511016,ok,False,True,False,0
4816,5070266.997016882,12.97123098958742,0.07166163844670415,ok,False,True,False,0
4817,4750157.629142718,12.503356274852482,0.08623511573371512,ok,False,True,False,0
4818,4747180.003045261,9.88766591393388,0.06859293597764804,ok,False,True,False,0
4819,4882940.6291294545,13.655425755502954,0.0514629678769164,ok,False,True,False,0
4820,5152954.1752002705,7.476002006962514,0.06970142571368318,ok,False,True,False,0
4821,3260157.169210259,5.062485475858241,0.10956969057789223,ok,False,True,False,1
4822,4881973.243543284,10.165368982585484,0.07274356430130224,ok,False,True,False,0
4823,3158053.491710955,5.235032946322403,0.10031669500842683,ok,False,True,False,1
4824,4757018.460019675,7.411022550880881,0.05627659686459663,ok,False,True,False,0
4825,5015353.896942954,12.722470821824277,0.0678758148166323,ok,False,True,False,0
4826,4855718.7323023705,10.525829532795449,0.07322512552532928,ok,False,True,False,0
4827,5105629.245255768,14.549886265580419,0.08216544229914002,ok,False,True,False,0
4828,5207899.814034022,14.916347561330237,0.0954758170666119,ok,False,True,False,0
4829,4915637.553146419,11.486253315936159,0.05839186103726057,ok,False,True,False,0
4830,4915428.807833476,9.791661744869398,0.07274002701431015,ok,False,True,False,0
4831,5633844.221139463,16.73149134932399,0.09047249707908678,ok,False,True,False,0
4832,4858173.642390873,12.220023954610564,0.09949886092090321,ok,False,True,False,1
4833,4877610.946046001,12.504678037686155,0.08665537470918849,ok,False,True,False,0
4834,5081591.6972520575,10.818996143594326,0.0647410517598509,ok,False,True,False,0
4835,4860776.89692775,10.834700967387093,0.07438099331770442,ok,False,True,False,0
4836,4683078.68915011,9.761124429519269,0.06420654766734124,ok,False,True,False,0
4837,4886221.140453473,12.014674317556349,0.06375890579234023,ok,False,True,False,0
4838,4884569.619190407,10.240361317215381,0.05459887685378313,ok,False,True,False,0
4839,5581901.293482686,12.751437141355108,0.07127825013608213,ok,False,True,False,0
4840,5126436.288063788,11.559597519863718,0.09692517737507045,ok,False,True,False,0
4841,4878282.9263896365,11.397792529741094,0.09733371522199563,ok,False,True,False,0
4842,4747180.003045261,10.494888377259871,0.10750140512027534,ok,False,True,False,1
4843,5245508.278950664,13.58025509393474,0.10335597223546039,ok,False,True,False,1
4844,4886212.211880654,11.801424417850068,0.07873122234648222,ok,False,True,False,0
4845,4747180.003045261,9.66347707288858,0.057379771922372313,ok,False,True,False,0
4846,3446045.452357808,5.479757819040769,0.09291230649247151,ok,False,True,False,0
4847,4919012.506207883,12.063156825173156,0.09243502090918632,ok,False,True,False,0
4848,5258549.371192861,14.697705214534716,0.08689629828197121,ok,False,True,False,0
4849,3492245.189242847,5.843281051642067,0.0775024917491226,ok,False,True,False,0
4850,5035424.202557037,8.742137445778699,0.08200205567646024,ok,False,True,False,0
4851,4976134.806817609,10.35244116582071,0.09628900573169136,ok,False,True,False,0
4852,4869573.923435814,12.061664099718739,0.06975106917494411,ok,False,True,False,0
4853,5129518.706561115,18.323384029883155,0.08117896343623388,ok,False,True,False,0
4854,3847425.68411164,6.02988991775701,0.08389142416117412,ok,False,True,False,0
4855,4863182.376549865,15.725983119702402,0.062006900372803764,ok,False,True,False,0
4856,5186632.696298911,12.046662893419063,0.06936335259378157,ok,False,True,False,0
4857,4867955.802428754,9.833397776722672,0.07125763502977589,ok,False,True,False,0
4858,4920126.587656688,11.779202450523629,0.053311366628351675,ok,False,True,False,0
4859,4536155.3769555455,8.244513558727647,0.07446751235645177,ok,False,True,False,0
4860,3302496.386343417,5.232544229750515,0.11162147974239167,ok,False,True,False,1
4861,4705765.05441471,8.47593629281783,0.07648269293974497,ok,False,True,False,0
4862,5252932.887550179,15.697987338624161,0.0631752834470437,ok,False,True,False,0
4863,4912751.803141824,13.617371121596737,0.06947253186548263,ok,False,True,False,0
4864,4858700.366793572,10.161847698553466,0.0683524863974041,ok,False,True,False,0
4865,4967557.4409890035,13.549440678076724,0.08652390623136763,ok,False,True,False,0
4866,5137669.903791124,12.332337080550023,0.09234789128973969,ok,False,True,False,0
4867,5139293.188675421,11.310778935615266,0.05742903167206037,ok,False,True,False,0
4868,4578101.280900404,8.473811022040632,0.0885506143777498,ok,False,True,False,0
4869,5107085.718204138,10.324416784262189,0.10262173064800051,ok,False,True,False,1
4870,4862305.258517981,10.55930329001479,0.09491548328781674,ok,False,True,False,0
4871,4861013.486601043,9.33226578697053,0.08051620536835069,ok,False,True,False,0
4872,5138097.610416271,13.575232550791087,0.06429331636028285,ok,False,True,False,0
4873,4683078.68915011,8.552921925254285,0.06978746274915248,ok,False,True,False,0
4874,4931633.534417909,8.845244645492642,0.06876399978566766,ok,False,True,False,0
4875,4857610.867350182,10.61905536523989,0.0660723221721834,ok,False,True,False,0
4876,2948587.7523981933,4.757299498411025,0.0838886113839088,ok,False,True,False,0
4877,5038765.4322554665,11.806836696077628,0.08443864325153427,ok,False,True,False,0
4878,4750157.629142718,10.350987730223759,0.09737581467201917,ok,False,True,False,0
4879,4945859.304895911,17.616868761142385,0.10744585631132703,ok,False,True,False,1
4880,3452709.942445366,6.3757824983905245,0.08973417590480326,ok,False,True,False,0
4881,4892475.653293658,12.560270666192666,0.0895321747959561,ok,False,True,False,0
4882,4747180.003045261,11.085346105324026,0.08928285000024283,ok,False,True,False,0
4883,4872935.821604017,10.14582876576537,0.10348315172016986,ok,False,True,False,1
4884,4855535.498176196,11.336245235232344,0.07960530966965185,ok,False,True,False,0
4885,5034204.336825591,10.684349618542099,0.07135508986596631,ok,False,True,False,0
4886,4902780.488273294,10.097332798165027,0.06936296144452003,ok,False,True,False,0
4887,4860903.6015491355,10.91404732709091,0.07880524355537721,ok,False,True,False,0
4888,5205865.493926777,14.09189705203123,0.05916379415979556,ok,False,True,False,0
4889,5142907.423091267,12.41916661795404,0.0777391285955803,ok,False,True,False,0
4890,4947243.948880068,12.318160555019041,0.07529414517301479,ok,False,True,False,0
4891,4747180.003045261,8.466783623464377,0.06343168855583164,ok,False,True,False,0
4892,4149819.2257139417,8.360052071620547,0.05867779973152476,ok,False,True,False,0
4893,3223934.413738825,4.990205733905617,0.08288881551790844,ok,False,True,False,0
4894,4966914.729790027,8.988277183234251,0.059941687649640696,ok,False,True,False,0
4895,4887529.577246622,11.186536019729173,0.0651398107712271,ok,False,True,False,0
4896,4980176.132589117,10.090933176608164,0.05519924139225185,ok,False,True,False,0
4897,5126447.961414611,14.171385674028828,0.09391792300225862,ok,False,True,False,0
4898,4747180.003045261,11.046691175873212,0.08625093673652873,ok,False,True,False,0
4899,5186141.897412286,10.628354130478916,0.07854576701375948,ok,False,True,False,0
4900,5349285.13151342,13.323835463032866,0.07106067696029084,ok,False,True,False,0
4901,5126033.337067062,20.40427054795213,0.07696261149248729,ok,False,True,False,0
4902,5199616.568220833,12.60793484868376,0.07528557174336037,ok,False,True,False,0
4903,5173444.103265598,14.173488787568212,0.0562008941985791,ok,False,True,False,0
4904,4757018.460019675,11.402595520689454,0.07469323637854436,ok,False,True,False,0
4905,5015578.073537901,13.576654619570455,0.06604420549271661,ok,False,True,False,0
4906,4907210.22427682,10.486060190375362,0.07121256644333374,ok,False,True,False,0
4907,5026883.493951689,9.11474701401227,0.07890545979429951,ok,False,True,False,0
4908,4793893.81516227,10.60231046712757,0.07459724389543493,ok,False,True,False,0
4909,5451103.736456784,15.14702232141459,0.09391875568496733,ok,False,True,False,0
4910,4895906.223977306,13.801385150389066,0.07249240059649337,ok,False,True,False,0
4911,4705765.05441471,8.488444567904658,0.06565463826414511,ok,False,True,False,0
4912,4886424.48533601,13.431272376180706,0.08360957567678651,ok,False,True,False,0
4913,5253095.60122692,13.42492096344174,0.07091399837842999,ok,False,True,False,0
4914,4705765.05441471,8.557560262667897,0.06055903071290811,ok,False,True,False,0
4915,5274107.525742997,12.618479562407982,0.05672547793799851,ok,False,True,False,0
4916,3883479.682496268,6.775516584205657,0.06984568325432333,ok,False,True,False,0
4917,5459664.945454933,20.265179727375894,0.09631009176348893,ok,False,True,False,0
4918,4200096.974268608,8.244040741831128,0.09140127774515508,ok,False,True,False,0
4919,5066870.730848694,10.469759125926938,0.0974903044965742,ok,False,True,False,0
4920,4856536.462669448,9.759731507133111,0.07348136885879053,ok,False,True,False,0
4921,4862744.575631879,13.102369279628435,0.07166178167311565,ok,False,True,False,0
4922,4902904.0783043215,9.489528336821103,0.06197861941074867,ok,False,True,False,0
4923,5117919.454635199,12.521138438551239,0.06460478501217581,ok,False,True,False,0
4924,5553925.867568113,12.74210378831393,0.08963951249852509,ok,False,True,False,0
4925,4862266.079008952,10.629015198223946,0.09935030013328483,ok,False,True,False,1
4926,4683078.68915011,8.824724113905027,0.06980451103751129,ok,False,True,False,0
4927,4855506.483784044,12.813774125045262,0.0443293234286638,ok,False,True,False,0
4928,4856833.946992023,11.842286572375293,0.056819489861891184,ok,False,True,False,0
4929,5041468.201735455,13.232773798399402,0.08327543588868558,ok,False,True,False,0
4930,4855563.990782971,12.968627827982468,0.08098779141870277,ok,False,True,False,0
4931,4705765.05441471,9.954156150012219,0.09232339537681844,ok,False,True,False,0
4932,5173980.780262659,15.329114444756017,0.08300794232367378,ok,False,True,False,0
4933,4856637.705178167,8.316443060856791,0.05823898375154435,ok,False,True,False,0
4934,5548945.151208203,17.625300107735097,0.10019600093367198,ok,False,True,False,1
4935,5015861.89723573,12.839444440154535,0.0485931237064301,ok,False,True,False,0
4936,4884463.607278956,10.832488550740484,0.06814575241970502,ok,False,True,False,0
4937,4882920.394160247,11.211449452117224,0.06950337531153611,ok,False,True,False,0
4938,4859666.5552916275,17.05100003702455,0.0716696091460357,ok,False,True,False,0
4939,4409061.7513648765,8.445999495345276,0.08981856998593057,ok,False,True,False,0
4940,5213598.259785991,8.986293715181349,0.07640228879487998,ok,False,True,False,0
4941,4683078.68915011,8.304249820207499,0.045523339580673006,ok,False,True,False,0
4942,5432481.328793468,18.703924715800465,0.06818158169133315,ok,False,True,False,0
4943,4857726.207235543,11.690104780772188,0.07196728366502425,ok,False,True,False,0
4944,5526700.870078262,15.611935757178859,0.08500586847211988,ok,False,True,False,0
4945,4886757.24017515,10.264963456586884,0.051196447520784116,ok,False,True,False,0
4946,4705765.05441471,8.696957703994752,0.08371603584595616,ok,False,True,False,0
4947,4927418.243998128,12.095765023664592,0.07408538398259648,ok,False,True,False,0
4948,5000933.647899949,15.430788867942356,0.06325237199876818,ok,False,True,False,0
4949,4957419.084615646,10.96267667301965,0.10175984397937204,ok,False,True,False,1
4950,4859584.26339886,12.286010196805561,0.08331144844340443,ok,False,True,False,0
4951,4750157.629142718,10.522125005253958,0.09055403641406762,ok,False,True,False,0
4952,4747180.003045261,10.911405792058089,0.09120587786481205,ok,False,True,False,0
4953,4859910.501290094,12.330502241885137,0.07459144191515821,ok,False,True,False,0
4954,5518322.196250806,15.77515754904859,0.09843322193192755,ok,False,True,False,1
4955,4857360.59711669,10.770203151247422,0.0616775646627159,ok,False,True,False,0
4956,4683078.68915011,6.793511908114042,0.062123196339820774,ok,False,True,False,0
4957,5310857.816239942,19.596193706613356,0.0995174745340901,ok,False,True,False,1
4958,5293762.313296473,12.42872834797274,0.05568107455065796,ok,False,True,False,0
4959,4705765.05441471,11.750998166993696,0.06899091774876931,ok,False,True,False,0
4960,4747180.003045261,10.286334156724298,0.08508793845895801,ok,False,True,False,0
4961,3528115.202946391,5.7024837232094425,0.10001682665908285,ok,False,True,False,1
4962,4899033.261235777,9.176097712962136,0.06280008333769382,ok,False,True,False,0
4963,4868268.506529278,11.685092688466233,0.048070502367986656,ok,False,True,False,0
4964,4895191.490440843,9.894070309653213,0.0671876585533,ok,False,True,False,0
4965,5452331.3439526325,15.469503130871463,0.0668030190042499,ok,False,True,False,0
4966,4941853.58682646,12.545076999262244,0.056203627616935314,ok,False,True,False,0
4967,4858199.867193153,9.819947421028482,0.0681837483462468,ok,False,True,False,0
4968,4866492.618405953,10.097283965784692,0.07430453119906011,ok,False,True,False,0
4969,4793893.81516227,10.210065717413803,0.08200872791584068,ok,False,True,False,0
4970,5390125.503608388,14.341342261373816,0.06230500270566164,ok,False,True,False,0
4971,4892835.198488851,9.434054014579347,0.07220351901349126,ok,False,True,False,0
4972,4863619.684561269,9.182888910590671,0.07320595116091777,ok,False,True,False,0
4973,5557090.325331847,11.172415610826768,0.08793178445133132,ok,False,True,False,0
4974,4705765.05441471,9.5735084321775,0.077626825167051,ok,False,True,False,0
4975,4873516.919522117,13.78790686555904,0.09228099722257155,ok,False,True,False,0
4976,4750157.629142718,8.795241884492121,0.05899212947855226,ok,False,True,False,0
4977,4879269.814833523,10.4252241352442,0.08426267293277961,ok,False,True,False,0
4978,5040579.639750719,9.898891308642321,0.05593836735233043,ok,False,True,False,0
4979,5134872.965067329,11.46595321801932,0.05816414180734575,ok,False,True,False,0
4980,5195899.372138683,12.003728411901372,0.054647370655310445,ok,False,True,False,0
4981,5131742.473651532,11.805365986760988,0.07657055414298464,ok,False,True,False,0
4982,4860124.572227853,9.155582237723223,0.05944188495577851,ok,False,True,False,0
4983,5289766.701734284,9.50758918959613,0.07703835303686923,ok,False,True,False,0
4984,5191642.35115267,13.617309862792213,0.06525422711251519,ok,False,True,False,0
4985,5219416.955898452,12.653811052430093,0.045668043115084433,ok,False,True,False,0
4986,5246965.332175497,14.136786149718363,0.08534999170581137,ok,False,True,False,0
4987,4747180.003045261,9.765621420642873,0.09705760877201633,ok,False,True,False,0
4988,4932183.895347161,10.918380368364799,0.06365915948689338,ok,False,True,False,0
4989,4984444.972702739,9.811066785387458,0.05401275728081256,ok,False,True,False,0
4990,4856482.604960456,10.45454760549665,0.0626142332471436,ok,False,True,False,0
4991,4750157.629142718,9.397014051255619,0.08951166470179905,ok,False,True,False,0
4992,5019218.461772185,11.263340182154968,0.06163717476327413,ok,False,True,False,0
4993,4859115.308258616,9.39185008950105,0.0755191971907625,ok,False,True,False,0
4994,5478729.050794617,14.579003599872102,0.09367281893559187,ok,False,True,False,0
4995,4747180.003045261,9.784730492445203,0.09034896125573177,ok,False,True,False,0
4996,4858898.491419849,11.886796669051812,0.09388539115911221,ok,False,True,False,0
4997,5054300.852633692,13.522706740291655,0.06703360059232699,ok,False,True,False,0
4998,4979150.894878139,8.672586788945814,0.0915071593584727,ok,False,True,False,0
4999,4961799.129105345,11.477330981973505,0.07512961154384828,ok,False,True,False,0
5000,4747180.003045261,10.731651248208976,0.08142276652177141,ok,False,True,False,0
