replicate,alpha,xmin,n_tail,distance,status,exceeds_observed
1,20.683909879411512,5903652.2077106517,10,0.077809360203578898,ok,0
2,13.845265577347405,5454236.9147882434,19,0.086790500537289705,ok,0
3,8.1661693681485339,4757018.4600196751,44,0.070238695812994079,ok,0
4,10.569460752778781,4932378.3378084488,41,0.075862586277099853,ok,0
5,7.3818356257047579,4171017.3460589824,89,0.070996182509385219,ok,0
6,14.348385389582376,4894243.7121148296,41,0.073782737266982396,ok,0
7,14.118178355003799,5322840.680489284,22,0.085118779066562317,ok,0
8,9.6655601560462401,4928116.700502879,46,0.060828317346216687,ok,0
9,8.3485918554710477,4966644.9803315541,33,0.082561366665681701,ok,0
10,16.883695096870362,5594967.9227984827,14,0.098421912261184685,ok,1
11,10.345538160919896,4747180.0030452609,47,0.072419746156399845,ok,0
12,15.55991379217431,5467666.0183683066,20,0.07593543994914298,ok,0
13,7.1815288619698041,4757018.4600196751,44,0.072288481557947593,ok,0
14,9.3544105288882324,5096739.498123683,20,0.091006037736847178,ok,0
15,23.961862573170812,5406069.5133760711,12,0.096513293093435371,ok,0
16,13.715648181117817,4902030.0033871075,37,0.063281369532088516,ok,0
17,12.047733039449822,5077014.9168452723,43,0.10455518354912674,ok,1
18,9.2912079433336423,4750157.6291427184,64,0.069302184018157797,ok,0
19,10.191349340871698,4862060.6539460318,49,0.07583817808119131,ok,0
20,18.383993392319816,5223110.0456622029,20,0.0781352420706104,ok,0
21,9.808525529833533,4856054.5639845999,53,0.064415902423639926,ok,0
22,9.6805841872338281,4793893.8151622703,54,0.092006865247165059,ok,0
23,10.886298029725776,4857023.4657391477,34,0.095684806981321535,ok,0
24,12.508872969841413,4867002.0639640931,41,0.070793138668341915,ok,0
25,8.6896610087164401,4683078.6891501099,54,0.098377794625665427,ok,1
26,10.229526064219858,4683078.6891501099,46,0.11083377773314929,ok,1
27,11.49764488023053,4887305.0364236413,37,0.091841234335959532,ok,0
28,13.293244100452119,5015609.7321177283,42,0.062183345785127409,ok,0
29,8.8587173123946865,4348933.6581571754,77,0.085407128981353608,ok,0
30,10.240843777795767,4869951.5180692608,48,0.048572871237726412,ok,0
31,9.2216208080594999,4954402.4513217937,52,0.059877678958585479,ok,0
32,12.210804517892333,5040293.2636277266,24,0.096156146633491368,ok,0
33,10.626087287680924,4860962.3030647999,39,0.07356543474224797,ok,0
34,13.132491925832664,5258844.3518925132,19,0.072047885073037832,ok,0
35,9.5896094181404923,4705765.05441471,54,0.064098784338520509,ok,0
36,11.271280316161604,4861690.3958256748,40,0.088718643662861585,ok,0
37,12.522433528959942,4879932.3240885139,44,0.094248874207231714,ok,0
38,11.523934916752617,5144350.6121470947,32,0.063727770149462737,ok,0
39,11.18784806554379,4747180.0030452609,49,0.084816930014382619,ok,0
40,15.889399458810896,4953298.6126895854,36,0.046232418165511269,ok,0
41,11.404681181144099,4888796.2576354295,33,0.06045412695380703,ok,0
42,10.778912830227002,4940384.8418351701,38,0.077150354899410023,ok,0
43,7.4854895111158211,4102292.5371695599,79,0.10573395596160751,ok,1
44,11.174974567913958,4747180.0030452609,47,0.079115720354849262,ok,0
45,7.6379354919136864,4348933.6581571754,67,0.083228475459720785,ok,0
46,10.077035579520341,4906387.9449819475,30,0.061688501764202597,ok,0
47,13.625406981112086,4854897.6924639847,45,0.07333215083661182,ok,0
48,12.76641727397214,4992210.9805299193,30,0.058187862382569344,ok,0
49,11.581222925998121,4864898.5420722049,49,0.071219311472176416,ok,0
50,10.623948005530368,4918028.6925913431,38,0.075037660288564956,ok,0
51,11.968460162636054,4877348.2988290647,41,0.056679786297653578,ok,0
52,13.02858778127772,5012366.314803645,30,0.089421570030202652,ok,0
53,11.840596000221197,4870559.9022965869,45,0.073135229116902123,ok,0
54,15.367811339675272,5422372.3425769489,26,0.054062304164301578,ok,0
55,12.192259812965432,4863197.9112077933,59,0.05620023554956266,ok,0
56,13.057521674206049,4857149.4341473319,40,0.088081428767226244,ok,0
57,13.756722891004205,4864061.4284784561,50,0.050485031980207706,ok,0
58,10.334960478754358,5356149.549921358,10,0.088664466224536942,ok,0
59,12.551588837389872,5044932.9982214766,37,0.060463333962365973,ok,0
60,13.865212957801571,4891917.2785764355,46,0.06600842107670124,ok,0
61,10.299172360128976,4867594.3947348632,43,0.046070101681879305,ok,0
62,14.445613399995528,4858498.6142693497,40,0.09392895135846091,ok,0
63,9.3320171887068621,4747180.0030452609,58,0.080892620946406368,ok,0
64,10.80852309428071,4991136.6348937089,35,0.077070008456599837,ok,0
65,8.1600235315682461,4268339.1925416272,75,0.077362556444013353,ok,0
66,5.4145185503200555,3452709.9424453662,146,0.084211524372488689,ok,0
67,9.625937278460075,4868535.0340449717,38,0.082355153781758728,ok,0
68,12.315805328752594,5237325.2161690686,13,0.073759447050865845,ok,0
69,12.890419949544263,4980013.059649935,44,0.076885286485099485,ok,0
70,9.8277846348039795,4747180.0030452609,45,0.084599296864292517,ok,0
71,10.491712237106313,5396892.6281490512,25,0.06554054432809911,ok,0
72,12.846924607534607,5221119.1869509779,25,0.085987548431873728,ok,0
73,16.977635528534186,5042468.8370981691,25,0.086644780801107713,ok,0
74,10.944427584940341,4883121.7187355105,43,0.090427970045700801,ok,0
75,10.725270152546708,4918739.7829261534,40,0.089821699698956037,ok,0
76,11.162624054442128,5001753.6092739291,29,0.063680922055493694,ok,0
77,26.430673189753058,5506152.2597415764,11,0.092628751779811114,ok,0
78,11.533916273511451,4952126.2998785228,37,0.073107295493705593,ok,0
79,10.697944757929104,5406570.9936726233,12,0.076707114234375484,ok,0
80,12.038778272277868,5247945.943767135,21,0.080130895447983075,ok,0
81,11.28420774569109,5291467.693251187,28,0.074771763741568353,ok,0
82,10.735661567832459,4683078.6891501099,54,0.087705762648481511,ok,0
83,11.245372493469647,5423389.2842312921,20,0.077364071769752796,ok,0
84,9.0481567501936855,5105980.5282007577,27,0.047865248766541746,ok,0
85,6.2876254406228016,4013669.7743149698,92,0.093439873869532897,ok,0
86,8.3362000627167028,4324739.151746342,79,0.087216304449329318,ok,0
87,11.80841180509211,4976852.2395521216,44,0.07047817951821217,ok,0
88,10.037432579771131,4855121.816467707,47,0.097786352761832784,ok,1
89,7.4969960355405227,4271679.4857318792,79,0.051618799305633734,ok,0
90,10.698680585177428,5343118.8346883226,27,0.069356634487042657,ok,0
91,10.806780350344049,4862909.229998827,41,0.082145040568240457,ok,0
92,11.811689001704258,5330347.729926453,19,0.067931256607890123,ok,0
93,9.073101439056714,4409061.7513648765,70,0.065765797679531501,ok,0
94,10.040841099345744,4907761.3680022825,43,0.071575293284729669,ok,0
95,13.274614919267901,4896285.1657325905,34,0.093719520937132317,ok,0
96,14.243776605113803,5306312.6802817332,15,0.079534276865926262,ok,0
97,12.664092570556425,4882353.5432553142,38,0.079973510919380542,ok,0
98,9.8667741629644237,5583331.4701942354,10,0.10380135245542887,ok,1
99,10.013412773365873,4747180.0030452609,47,0.089864321560807925,ok,0
100,10.55019051568973,4705765.05441471,55,0.091113416264483438,ok,0
101,3.5208390847346722,2300101.3989870241,296,0.12219209601604386,ok,1
102,10.87230579939629,5156083.8136375686,38,0.073370796707973807,ok,0
103,8.3424497851584789,4683078.6891501099,51,0.07454250338381152,ok,0
104,8.8155017719611131,4863646.5360057279,44,0.072287691517909924,ok,0
105,9.2869478878740441,4862618.4803953888,47,0.052291756132247347,ok,0
106,9.4678266174431549,4750157.6291427184,51,0.085892020064113242,ok,0
107,7.7176759378593323,4983821.1607756261,33,0.044471778450146604,ok,0
108,10.323450490984532,4747180.0030452609,43,0.064090088012713209,ok,0
109,11.492246326833206,4954964.5547208097,37,0.10050231469588744,ok,1
110,10.334869254764333,4793893.8151622703,59,0.094496669309634518,ok,0
111,10.065661381124757,4861748.4965399401,54,0.10196319293459594,ok,1
112,10.782804933700987,4868731.6515154066,52,0.070894194727391779,ok,0
113,7.8517926086419667,4268339.1925416272,85,0.074388748293464313,ok,0
114,5.9390404586263301,3492347.8891292298,142,0.090584623005474207,ok,0
115,11.755724666080766,4858731.7235103631,52,0.053885440899659409,ok,0
116,7.5391445579619125,4171017.3460589824,82,0.061656363226866517,ok,0
117,12.463467265866017,4856183.4630283695,41,0.081905313004356842,ok,0
118,6.8077422456471055,4311809.8551814649,73,0.071863066751435389,ok,0
119,9.932846185067115,5169923.5428729467,21,0.092753447965790548,ok,0
120,7.7069910386745066,4873635.1838496486,43,0.060164059435247053,ok,0
121,8.549669741602095,4874847.8042012136,40,0.071464755670447466,ok,0
122,20.025675359620831,5631695.7012977684,17,0.096665862586153062,ok,0
123,9.8493573742932021,4747180.0030452609,44,0.080214378544232079,ok,0
124,12.465168840001363,4856582.807535544,38,0.094840936209279858,ok,0
125,9.5032866250722599,4747180.0030452609,50,0.062096898615974949,ok,0
126,12.254112783941288,4856994.806884205,53,0.056435266800161754,ok,0
127,11.903362193663384,5353717.3569260314,25,0.083048347226996944,ok,0
128,13.671051534798607,5024008.1467022272,32,0.086298901417193763,ok,0
129,12.286964066807002,4917621.473991761,34,0.12538383996596247,ok,1
130,13.599575475470319,4859636.7108911909,47,0.043520551062493862,ok,0
131,9.334527346851262,5157093.6992165092,27,0.070887869103567369,ok,0
132,11.083608569933741,4750157.6291427184,45,0.081811905336384272,ok,0
133,11.399098111410481,4980675.7124869023,36,0.062565081690445834,ok,0
134,9.535937051015555,4901439.2657069126,42,0.072126047411130156,ok,0
135,17.292317567053644,5244804.9113230603,28,0.077975867107809349,ok,0
136,11.193432336938148,4989389.1341611007,26,0.080662898018194484,ok,0
137,8.6726511210732191,4874264.3610878754,42,0.064542508296064449,ok,0
138,8.3317958327117356,4762962.8190767989,50,0.056945711452353831,ok,0
139,9.9790362582270635,4750157.6291427184,57,0.075350337156408986,ok,0
140,15.026837432258095,5322790.2091361331,20,0.05282403590942375,ok,0
141,5.1642988568704959,3336995.657221681,161,0.098435767460636203,ok,1
142,12.546998184512912,4859204.319935903,47,0.095074052996164116,ok,0
143,10.995791727696121,4857278.2562715588,36,0.08405187937386327,ok,0
144,8.3937854629145114,4536155.3769555455,59,0.068487329828381099,ok,0
145,9.1637807746617561,4683078.6891501099,41,0.096114118075440791,ok,0
146,15.169574456919616,5052614.0887705199,37,0.077788828176947322,ok,0
147,5.4533602056129382,3432351.1564540281,142,0.10007076307806706,ok,1
148,10.052092419383399,4865246.4123155857,43,0.10980577985093609,ok,1
149,14.098626671950559,4908974.6090237787,40,0.10022141640561227,ok,1
150,8.5548328334317709,4747180.0030452609,55,0.078326301105100138,ok,0
151,9.1530475948309551,4793893.8151622703,44,0.074175362929667726,ok,0
152,10.690835310149064,4883983.2982049556,49,0.046388862879579496,ok,0
153,10.455326418554739,4954748.31663376,38,0.072825533569510825,ok,0
154,16.948307905427729,5064330.0279528359,33,0.084214719433764906,ok,0
155,11.71628562817377,4905420.2782870494,38,0.080926278112454897,ok,0
156,10.881570018571708,5060925.0519719599,34,0.078976941806176315,ok,0
157,11.225823243043925,4878231.6778579075,42,0.054358383779318592,ok,0
158,11.129444253510803,5047337.4109904906,37,0.053667592032024147,ok,0
159,9.6488686461208371,4902460.7337843385,46,0.095542757650110555,ok,0
160,9.4935212531970841,4705765.05441471,54,0.053203069267897168,ok,0
161,11.768951277160868,4861466.1601890419,46,0.077965330189833093,ok,0
162,11.295289865229538,4705765.05441471,37,0.063496675922055545,ok,0
163,11.431650518726759,5009744.5626252238,30,0.070030325444917149,ok,0
164,8.8080653571973411,4683078.6891501099,53,0.080820430831131107,ok,0
165,8.6162300440108552,4271679.4857318792,72,0.076034522613309452,ok,0
166,5.0771997311905421,3336995.657221681,164,0.1056015578929338,ok,1
167,9.4585725684434312,4683078.6891501099,53,0.074048572089651987,ok,0
168,9.2947976835958759,4536155.3769555455,60,0.080868719649451359,ok,0
169,14.662276081728937,5157669.8305877093,22,0.069560027105110583,ok,0
170,11.352088851565512,4882864.0337054068,47,0.057305333620128462,ok,0
171,9.0979123815354139,4542200.0232369462,62,0.10445495147979345,ok,1
172,10.082168594637151,4920373.1992220879,30,0.088181807442116705,ok,0
173,10.726896855818305,4882930.4633052042,48,0.083822017805075089,ok,0
174,13.515526313251286,4948460.7417216683,37,0.048457046556492078,ok,0
175,12.369662559142901,4750157.6291427184,44,0.083212950671884278,ok,0
176,18.620412677589997,5361447.0444237497,17,0.086589423648492481,ok,0
177,8.4429543777473413,5332137.4713481264,21,0.056498797681819146,ok,0
178,13.846321797440979,5048221.5948200654,32,0.060994159210620902,ok,0
179,9.431008646609234,4750157.6291427184,56,0.075643059158494563,ok,0
180,7.4284338433304944,4102292.5371695599,87,0.091576522560324114,ok,0
181,12.499983281110303,4887123.6001659241,38,0.090148188302282217,ok,0
182,7.9850744164510967,4268339.1925416272,79,0.10108340274679883,ok,1
183,19.338943161613862,5276881.4617000688,23,0.10156941716659856,ok,1
184,8.7778148658859649,5005944.1618224001,37,0.073227880552814928,ok,0
185,11.085945545303503,5000023.7977779796,34,0.0782021118537789,ok,0
186,12.019730438151294,5187310.1280510025,30,0.073102334460317081,ok,0
187,10.789287034281225,4862788.3300442537,41,0.062122931558084349,ok,0
188,9.8565306811032745,4747180.0030452609,57,0.062470966859114019,ok,0
189,5.2151233553463321,3369318.1216470301,163,0.099586055712951371,ok,1
190,4.7673076349641548,3078689.2430445333,183,0.10811623152174049,ok,1
191,8.8987165946825897,4683078.6891501099,52,0.075477040317527722,ok,0
192,9.5558576964101061,4869534.0062571345,39,0.0362135889400238,ok,0
193,10.560285382554767,4932604.392718697,47,0.094770378350270801,ok,0
194,15.995529582937218,5675361.0324487966,9,0.096423088971210547,ok,0
195,9.8853812415238203,4950196.3264653776,37,0.064839805525314875,ok,0
196,14.736511426710905,4994194.5025235303,36,0.075870985539596925,ok,0
197,11.133383071254402,5117114.6446219357,34,0.071673863800156723,ok,0
198,12.156456492340364,5107037.280052226,30,0.082853882568907022,ok,0
199,10.6419010355305,4897495.9518561112,41,0.084063566813983637,ok,0
200,12.995417358111114,4883904.3776425645,29,0.074298649666522332,ok,0
201,7.3803402552454545,4200096.9742686078,83,0.090654447952267292,ok,0
202,8.8782923810812466,4747180.0030452609,49,0.062183754318032469,ok,0
203,10.269036017321101,4868478.983603958,62,0.041234901657422607,ok,0
204,12.218105912607903,4959197.3234558888,37,0.082730461759209506,ok,0
205,13.199782071077152,4857307.3557157991,55,0.062986989094157564,ok,0
206,7.7816201676816679,4324739.151746342,82,0.066771582836019416,ok,0
207,10.229547162414045,4750157.6291427184,41,0.078496019833384501,ok,0
208,11.114236309653846,4858073.9549522279,36,0.060101791519811543,ok,0
209,14.102031900610839,4854503.8550769771,46,0.049328841287428871,ok,0
210,9.5325448460133302,4747180.0030452609,39,0.088974054269875091,ok,0
211,10.265179516994829,4996132.2895293636,26,0.068913304464233271,ok,0
212,4.9935099346281016,3257319.3827456608,156,0.10052502886663828,ok,1
213,10.906424652878878,4902456.1801289674,38,0.051844713161453226,ok,0
214,12.487681902343256,4858559.0753204916,51,0.063953299461871393,ok,0
215,10.403382839676345,5432804.9479404176,18,0.080006196815851915,ok,0
216,18.256394782789343,5628324.6228722064,11,0.08077527154011277,ok,0
217,11.153961194274082,4859178.3944153339,43,0.070740521401352674,ok,0
218,13.202074734231218,4951543.4834541157,30,0.073766961902882233,ok,0
219,10.524220747799868,5226712.7638201509,26,0.07080616709721721,ok,0
220,12.018817182571826,4875284.0954011185,37,0.050300876645195947,ok,0
221,9.217125883936875,4750157.6291427184,54,0.089232564188687802,ok,0
222,8.5637229453279158,4705765.05441471,57,0.061067353974622152,ok,0
223,10.414238955994454,4683078.6891501099,37,0.093107991701619597,ok,0
224,12.095167902917794,4864405.1483619781,43,0.05363317249537633,ok,0
225,9.5008671015600843,4793893.8151622703,45,0.057620868096024132,ok,0
226,4.0534503418618542,2499972.7596646738,244,0.11383755154137221,ok,1
227,7.2212753116733088,4149819.2257139417,81,0.092078449098165427,ok,0
228,14.995545703581296,5685098.3194987886,15,0.066021051361594085,ok,0
229,9.2066414501256109,4864480.7954294579,34,0.062672682600219631,ok,0
230,9.2714348735554797,4683078.6891501099,59,0.071031001034281616,ok,0
231,10.586763531596603,4793893.8151622703,52,0.057692307692307696,ok,0
232,10.724453193401878,4861275.4120795829,43,0.084662063955947664,ok,0
233,10.634309169204894,4750157.6291427184,42,0.082137659042487821,ok,0
234,21.719613096988962,5275586.4279871983,16,0.088750115172915534,ok,0
235,9.3205102331440823,4873346.174172339,54,0.10340185526172929,ok,1
236,10.99749368469088,5128312.8988600811,29,0.059805084126797581,ok,0
237,11.191421260079695,4856502.4611300305,52,0.093431426801052653,ok,0
238,4.876361469072874,3137987.8488104269,195,0.11294556651399973,ok,1
239,9.0060139493147489,5160951.1508326931,21,0.048712210695409319,ok,0
240,23.160665084518762,5325491.9998318031,17,0.091817701314971356,ok,0
241,10.036508945284959,4705765.05441471,47,0.06836421983309543,ok,0
242,12.36133463863079,4865793.2524470184,34,0.069222763615160998,ok,0
243,12.37599891222748,5174257.6300234692,26,0.088420724518507604,ok,0
244,9.6451447322283421,4747180.0030452609,48,0.084086295275309378,ok,0
245,11.671573570934761,4855702.8568787128,46,0.069181169009747398,ok,0
246,9.9916228060759096,4855400.6577087874,44,0.082028610121338219,ok,0
247,7.5001147739038228,4409061.7513648765,63,0.069144742497600775,ok,0
248,12.547434142838448,4895236.535674857,38,0.10589537799321846,ok,1
249,8.1235436663358342,4900325.2911402816,43,0.048831279553633478,ok,0
250,14.875521953399126,4884476.4655764522,42,0.063377115539904882,ok,0
251,5.8594417684787681,3528115.202946391,117,0.080741881690807676,ok,0
252,9.1240221663316472,4864185.5249084709,51,0.077284734375823949,ok,0
253,9.7799592328638436,4705765.05441471,59,0.055106084524012333,ok,0
254,11.046238984010586,4971963.9220428402,37,0.10035972343304123,ok,1
255,8.0133375360434389,4978091.2613995401,35,0.065958083885409136,ok,0
256,8.3149033284474712,4762962.8190767989,48,0.05656856988758463,ok,0
257,10.106267516255398,4902227.7159571843,50,0.082072569273130558,ok,0
258,11.010945570141374,4887918.1564596863,43,0.073066738112641305,ok,0
259,14.788822149029839,5013290.3044954445,33,0.092113094453551758,ok,0
260,6.656920095269629,5421497.1194960903,14,0.064759757409107332,ok,0
261,11.079940173965742,4854942.9725964302,66,0.071064653925678345,ok,0
262,5.9905882748389239,3507468.2820937331,157,0.089340366354993747,ok,0
263,11.071307717737547,4952674.3705275683,47,0.076538362680469263,ok,0
264,11.758843723975895,4859834.1261529559,50,0.074010824292905786,ok,0
265,9.9530563627971507,4885540.7030205838,49,0.087698799828592605,ok,0
266,10.411114818603085,5455281.3075907165,21,0.06459714473948619,ok,0
267,19.696764284254151,5565048.5520155365,15,0.10113299240844714,ok,1
268,10.555355722158604,4640733.8797885403,52,0.079852370957597452,ok,0
269,7.6926110183000835,5134671.9241067879,25,0.067471303943455796,ok,0
270,13.044050666140048,5006102.5827747891,25,0.064231614659063463,ok,0
271,13.909419794654925,4889913.983374021,35,0.11604112248936194,ok,1
272,10.221492116663132,4875741.2805381836,39,0.062881813822626559,ok,0
273,9.3979006516224519,4705765.05441471,54,0.087232038840264536,ok,0
274,12.798702906303911,4793893.8151622703,48,0.064183771202541193,ok,0
275,10.878062416324973,5537750.0526084714,19,0.071071568041432442,ok,0
276,10.667797038879144,4857726.9483920597,36,0.068739913633313332,ok,0
277,11.196095473967613,4908993.434381037,51,0.076465879387157654,ok,0
278,9.8933291907076875,4860706.6353165675,42,0.065944939880547726,ok,0
279,10.858182352712117,4855424.6082031354,39,0.075153364601661277,ok,0
280,8.4295038927399126,4434572.5008024909,61,0.078504334290065869,ok,0
281,12.209958817360373,5085188.4689417798,32,0.062436530540285973,ok,0
282,5.6308683387131069,3492347.8891292298,146,0.084713351493641897,ok,0
283,10.976751225553734,4863540.4750499725,47,0.079440399572346276,ok,0
284,15.010465815260385,4854973.4649446318,43,0.088314547306562852,ok,0
285,10.782010091252607,4866449.4387544943,38,0.067233622186746111,ok,0
286,12.193713664876134,5156532.9443589579,28,0.069182482781692811,ok,0
287,9.988376575221821,5302390.324274431,19,0.07171247322435309,ok,0
288,9.6023072877093636,4865987.4176446414,47,0.070445361558197139,ok,0
289,7.9357107818948593,4439583.066321508,47,0.052480538174418778,ok,0
290,6.7226361875057901,4013669.7743149698,97,0.094569035636696164,ok,0
291,7.6644971233363277,4200096.9742686078,73,0.059215413443596487,ok,0
292,13.143806807724085,4905764.0973138632,47,0.06655639747475095,ok,0
293,11.245362143209318,4941964.6323354142,33,0.062074642121291879,ok,0
294,3.4509722754187027,2210035.4663676862,319,0.11510565037160331,ok,1
295,11.432418349357201,5040312.3456935389,44,0.11635007736425074,ok,1
296,20.071216443889394,5892759.9863717575,11,0.095047064065731157,ok,0
297,12.220355751727809,4856125.0495927548,42,0.055954180001339449,ok,0
298,13.377425548343897,4949048.8409218136,35,0.072795090653229352,ok,0
299,9.73185829483843,4268339.1925416272,82,0.078126815879190126,ok,0
300,10.036047943156605,4967151.0945109958,29,0.083762747202100307,ok,0
301,10.103702244273206,5551962.4830603888,15,0.074029809027511995,ok,0
302,11.994560574462993,5000123.512251066,41,0.068661244475243521,ok,0
303,14.436604287232539,5037572.750136842,34,0.086018783909231677,ok,0
304,10.929223975151075,4939902.041784293,40,0.067453928914064487,ok,0
305,12.600482506444642,4705765.05441471,50,0.080116933142964863,ok,0
306,11.935833823973317,5019154.5742198536,40,0.058739422937545083,ok,0
307,16.11619329622642,4855364.5174432872,45,0.094065985383482542,ok,0
308,9.0898118587400045,5018787.5154510373,37,0.068214292751320238,ok,0
309,6.1261631032749246,3560967.1325504999,117,0.052390131104478321,ok,0
310,9.1000693643245292,5014327.3419184042,31,0.08813361952299606,ok,0
311,11.248771387796841,4869433.9957646523,44,0.06767456065126054,ok,0
312,10.303742319506371,5006187.0973381167,32,0.066976758028545857,ok,0
313,8.7766152655457539,4747180.0030452609,49,0.080203261829891431,ok,0
314,15.993549387808699,5483715.5934621077,17,0.080184027692266235,ok,0
315,9.3573125507859967,4912765.3932721745,37,0.081864632659198744,ok,0
316,12.636681842102005,4855920.4746306939,44,0.11597219839708373,ok,1
317,5.0757686313613153,3257319.3827456608,169,0.10775253157516723,ok,1
318,9.8454150241737395,4750157.6291427184,53,0.088488864034476616,ok,0
319,20.956340361513476,5403705.2133892197,19,0.11322293259663613,ok,1
320,8.3840343218411935,4683078.6891501099,57,0.076345759145581615,ok,0
321,11.151676155291884,5035222.0909970663,29,0.066495264416559841,ok,0
322,9.7936888540054632,4908715.1879718006,44,0.077033181412202001,ok,0
323,10.788554574487094,4855755.6982405912,41,0.05531196205418798,ok,0
324,8.2136465360013471,4324739.151746342,82,0.097213663071665124,ok,0
325,10.452806451608918,4747180.0030452609,49,0.081929561094448905,ok,0
326,11.095822226013677,4871503.47369326,47,0.086991605687298024,ok,0
327,5.5831944895055079,3492347.8891292298,143,0.096005761845933124,ok,0
328,6.3627669407433256,4358084.2854661876,60,0.056699090230283661,ok,0
329,14.241214322784538,4908725.2618767265,36,0.095670997244925449,ok,0
330,23.447831766763169,5398674.4753094288,16,0.095138580441220144,ok,0
331,17.122781822699384,5520393.3592013996,13,0.092175795264860638,ok,0
332,12.207072123925002,4886954.6469487818,46,0.057419417197412836,ok,0
333,12.775795279997809,5047875.0929216221,38,0.070862383402945039,ok,0
334,15.45269572442983,4864574.8418689854,43,0.075787504670849437,ok,0
335,11.995528005566168,4896880.1197087988,32,0.065756040663294546,ok,0
336,14.342075437384201,4876401.883649257,41,0.055316032475470789,ok,0
337,11.045538294834715,5174640.3273656704,26,0.057867287527750833,ok,0
338,10.545558343846789,4855876.2679700097,45,0.073528450158979131,ok,0
339,9.3546856731367978,4890992.634629692,42,0.051628847457067972,ok,0
340,13.36339555686124,4858610.8819384929,49,0.069826919592031217,ok,0
341,9.9023109800129259,5210048.3357164701,27,0.088336269656008881,ok,0
342,10.696379861384386,4885791.4359095618,41,0.10731530788748656,ok,1
343,10.896868806280928,4750157.6291427184,46,0.074656193314741048,ok,0
344,10.523982447480346,4747180.0030452609,43,0.084239905303330476,ok,0
345,13.633588606856351,4898575.7738447813,39,0.06433549622285295,ok,0
346,14.927623216228532,5287676.8098751018,26,0.080182695406226578,ok,0
347,9.4767132799096245,5434566.2601950727,17,0.053170159649532922,ok,0
348,10.98884493104266,4854354.4042529278,52,0.061453388853035862,ok,0
349,9.1285091665385174,4750157.6291427184,43,0.065450778029037149,ok,0
350,11.510373351800704,4860957.8691319395,45,0.07941351546917319,ok,0
351,11.65152338533292,4747180.0030452609,56,0.10865643999151686,ok,1
352,8.9768013543216476,4971537.4374812935,36,0.068410014279667752,ok,0
353,8.5200786696508022,5126138.1519439481,18,0.085593658517510218,ok,0
354,14.113618797974734,4909464.4088013154,40,0.061445429993122858,ok,0
355,11.218533766943509,5455285.4819695111,17,0.087928256140407557,ok,0
356,10.078895983582308,4868793.7133051865,42,0.093534845891262153,ok,0
357,10.773911115002749,4867725.2979585323,47,0.048132298260614048,ok,0
358,8.367273805010031,4683078.6891501099,50,0.057409168363704521,ok,0
359,13.871890663982128,5371849.608902717,20,0.076774011146182264,ok,0
360,10.166259687165994,5428325.2264722856,27,0.060373095401197063,ok,0
361,9.8265358036182757,4866496.1722474489,42,0.059905989900154055,ok,0
362,10.947757050043169,4882645.9175374843,40,0.072127144788011077,ok,0
363,11.03351130696581,5071392.1575331967,27,0.071808675910223108,ok,0
364,4.4452422996058178,2948587.7523981933,204,0.11511258342366498,ok,1
365,8.0028050561484481,4894291.6024096357,41,0.051493569084831159,ok,0
366,9.6303163012336395,4200096.9742686078,69,0.082843920987574482,ok,0
367,11.105387237959386,4864259.2907978864,46,0.079392287287354701,ok,0
368,8.1968641504122388,4993622.4077273253,29,0.072952085437842262,ok,0
369,14.131621443878911,5428011.2005385887,28,0.081764763671019369,ok,0
370,11.316177219981006,4947084.6413583448,37,0.075823372914023857,ok,0
371,14.029213062505123,4938032.7654809561,43,0.077787745535375596,ok,0
372,12.755329868290218,4858378.8332790257,43,0.068219646371405041,ok,0
373,10.132587272967582,4750157.6291427184,38,0.081586310108006904,ok,0
374,6.7714608992329399,4079770.612327572,98,0.10153232702703663,ok,1
375,8.5542775525284398,4894588.470459953,48,0.095426680774304384,ok,0
376,5.9134039437238695,3556875.6913997256,131,0.087951832923580886,ok,0
377,8.5063889440832554,4944388.7856027614,34,0.074289176377821398,ok,0
378,9.8382781180422185,4863403.0363425314,47,0.073585489604264864,ok,0
379,10.683272028916198,4964675.4174846495,30,0.088668971527260942,ok,0
380,8.9228613599176576,5089178.4188037543,22,0.088909533198473445,ok,0
381,11.720193446527853,4944059.8455863856,33,0.082476813759536749,ok,0
382,11.647313857284713,5079789.4324934436,30,0.048358856353741708,ok,0
383,10.515223649068107,4747180.0030452609,50,0.072709270708883333,ok,0
384,16.38173933378091,5001919.6934724133,32,0.056082620410651374,ok,0
385,9.6481381838788423,4705765.05441471,56,0.073110203682999475,ok,0
386,11.092426455286748,4854485.2712638574,48,0.06906167758387563,ok,0
387,16.716399876815633,5344299.3464375194,18,0.075459551137834535,ok,0
388,14.610652154300755,4856647.7251672307,46,0.076917318949762531,ok,0
389,16.582487796151803,5397227.9714568071,18,0.10151800919920517,ok,1
390,13.973101229482797,5183617.0895742271,13,0.079171257834652009,ok,0
391,12.03948315328595,5165350.8305139523,30,0.058271999216472081,ok,0
392,10.106688223663399,4793893.8151622703,48,0.086326598598603116,ok,0
393,4.8625433263224602,3302496.3863434172,164,0.066358762168872487,ok,0
394,8.5690298319325713,4640733.8797885403,47,0.082123335916547607,ok,0
395,12.467544016160252,4882681.8972852575,43,0.056446867316278015,ok,0
396,10.343820955068786,4318219.6892671864,76,0.087257096142816293,ok,0
397,11.254349329682366,4872163.1641880814,52,0.082451005544038114,ok,0
398,7.3343073883703349,5452380.5180229126,9,0.093417436251412966,ok,0
399,11.958901618750794,4870824.4175293092,35,0.079956400181777298,ok,0
400,10.02247684139409,4747180.0030452609,42,0.08047578650624887,ok,0
401,14.749992481024467,5015830.42258198,42,0.086113964022510481,ok,0
402,9.7041422780281081,4854789.5953268409,45,0.073427072443952301,ok,0
403,10.70218575368043,5128735.9627856994,26,0.068058060334764137,ok,0
404,11.363156989409958,4858440.7420749692,41,0.085180206605450226,ok,0
405,9.7176429643353988,4857866.0699402671,55,0.075633676638828917,ok,0
406,9.5012666586224039,5015815.8495002352,27,0.080556531098987527,ok,0
407,6.7533437328805856,3909494.1767529249,110,0.11262677221430711,ok,1
408,8.3428651782855781,4683078.6891501099,56,0.076219331376424448,ok,0
409,10.539775457140514,4747180.0030452609,52,0.078679401714656483,ok,0
410,9.3665307602215169,4869986.695616493,42,0.065360086374542187,ok,0
411,10.308580540297358,4950658.3590043206,38,0.084785531867145214,ok,0
412,12.836160086237136,4867172.2633435084,41,0.071885304732738464,ok,0
413,12.356945781817553,5070977.0527165094,25,0.078809976577230878,ok,0
414,9.3676206869300511,4683078.6891501099,57,0.090928948457685177,ok,0
415,8.7768290279035792,4750157.6291427184,59,0.065228220446697974,ok,0
416,7.9048097977194089,4268339.1925416272,69,0.073776852730318532,ok,0
417,7.1645259611852277,4213116.0050765891,83,0.078404026437061902,ok,0
418,7.9191973903669961,4311809.8551814649,75,0.081372310697467032,ok,0
419,13.010596550628833,4878963.7911202572,35,0.088214813739779713,ok,0
420,9.117139439890801,4859520.1129764598,53,0.085083451110814057,ok,0
421,9.9072106934327966,4938194.3590756729,35,0.07581557026994612,ok,0
422,8.485271642701921,4747180.0030452609,51,0.068513226109753245,ok,0
423,5.6956999787946812,3432351.1564540281,148,0.069546728840447991,ok,0
424,15.344808319577469,4855073.0591436336,39,0.067162070789092643,ok,0
425,9.4283362928647119,4747180.0030452609,57,0.090390292723367793,ok,0
426,10.761559786486369,4996198.7630055426,39,0.070049305089610658,ok,0
427,12.156112529094992,5176842.0383662395,30,0.042058808339722975,ok,0
428,10.734921003772895,4869558.5959197367,42,0.059849654012179565,ok,0
429,10.564217665747119,4992282.795081825,49,0.090539419554239609,ok,0
430,14.78162527194961,5085106.7525304509,34,0.11095108943176912,ok,1
431,17.110501439655383,5350058.7150915274,19,0.10332224076773322,ok,1
432,7.6315428651183606,4640733.8797885403,48,0.077129118632392912,ok,0
433,12.370791010733603,4958867.8749155309,41,0.063700837059889603,ok,0
434,12.624340566497676,4854410.6217359444,41,0.065475878217433559,ok,0
435,12.335050989574652,5009285.3915537186,23,0.076381293825074525,ok,0
436,13.427839718459257,4878486.8141364623,41,0.09624642660579219,ok,0
437,12.124890722901633,4903510.1078807013,40,0.071255839230201845,ok,0
438,10.401373215222398,4872852.9174422063,47,0.054186866898693564,ok,0
439,11.749629902260439,4927132.4669412943,39,0.057703103055364857,ok,0
440,23.48411067713738,5772869.5869302843,15,0.098516031379839109,ok,1
441,14.265878875637563,5265301.7918691821,22,0.074926508134027597,ok,0
442,13.296714377366795,4936130.5369172785,54,0.090406656813050768,ok,0
443,9.2950222303223757,4872435.7406586939,37,0.04667235704043754,ok,0
444,11.462302298677361,4952569.826098077,51,0.065317783844103305,ok,0
445,14.156252096207966,5790423.1855402887,11,0.075823924129587938,ok,0
446,8.5050895108951217,4793893.8151622703,55,0.078676006185038672,ok,0
447,13.108957777532469,5046849.2504585152,28,0.087816538404196676,ok,0
448,25.691533886577687,5550726.3957579471,8,0.10459120829343105,ok,1
449,10.590802853183387,4864777.2271191515,50,0.08215800587957961,ok,0
450,10.640557979005829,4867186.7931758231,45,0.077460364072462595,ok,0
451,3.6676986159281806,2300101.3989870241,289,0.10717438227175546,ok,1
452,11.181497010629165,4747180.0030452609,56,0.083690852094099211,ok,0
453,12.526918176251792,4885831.3189187506,38,0.10814998383329735,ok,1
454,9.5785831098396059,4872786.2364594704,51,0.046355028965728406,ok,0
455,6.6247632536127314,4001176.0880990252,84,0.095981134708804261,ok,0
456,10.96521890223255,5258530.9001312908,28,0.09361588441151758,ok,0
457,11.815088551114464,4865840.0705304677,30,0.081552973437764187,ok,0
458,7.3721245715221011,5037789.0620437227,31,0.072566217148571588,ok,0
459,13.221622303569957,4885961.6473886939,37,0.092645479824696619,ok,0
460,12.717572960242196,4855809.5273220921,45,0.082222135079113468,ok,0
461,11.160134131071056,4870795.6654403042,50,0.057242467072781578,ok,0
462,13.878852715515544,5078306.3975896537,30,0.061971288586576273,ok,0
463,18.46842435346889,5128387.1112429826,31,0.067863622577981508,ok,0
464,7.7412550318025337,4995688.0423886208,33,0.055774683660807178,ok,0
465,11.958641136566555,5343708.2538668951,25,0.057360171283020622,ok,0
466,11.712085630729872,4750157.6291427184,40,0.072751825126146641,ok,0
467,9.5016005669223684,5436756.5740100117,21,0.045987021795123206,ok,0
468,10.118741148662913,4869151.7030979581,51,0.060204903402420906,ok,0
469,12.778869081538661,4887060.0608177725,43,0.061756992559983348,ok,0
470,7.4562905465968132,4311809.8551814649,70,0.093685029465278458,ok,0
471,8.0020338925232615,4536155.3769555455,65,0.086600556718183619,ok,0
472,18.378599698168284,5217038.0963707762,26,0.099609625193410323,ok,1
473,10.249683263262375,5177055.612908625,28,0.064577825034511982,ok,0
474,14.280556292923295,5110966.2281453274,38,0.048163922718255647,ok,0
475,16.946777311941993,5111887.8428497147,28,0.1054728526055046,ok,1
476,10.426120713025364,4904849.4493102171,36,0.070110948604681256,ok,0
477,12.176989733340754,4893386.6443383023,38,0.062944615306414486,ok,0
478,10.510974705499388,4893283.3199982056,44,0.071361920336404427,ok,0
479,12.927311511598916,4939939.8485925188,33,0.053858056536350563,ok,0
480,14.760970634551168,4855233.7727104481,35,0.1015810144975362,ok,1
481,9.8799444732829063,4873506.2345734099,39,0.073201509138884124,ok,0
482,15.162843635724061,5110377.0191423306,32,0.081395873036344102,ok,0
483,11.653265194939632,4900759.9789532889,41,0.049966537840978209,ok,0
484,10.591634638143191,4868487.2657973757,41,0.075972597322563978,ok,0
485,8.319875730602023,4546139.8779072883,55,0.092032010993143731,ok,0
486,8.0595171457084405,5090872.2723203348,24,0.059938651987083924,ok,0
487,10.990704721876858,4866602.0347141158,39,0.089347006057690415,ok,0
488,11.92323772715941,4856802.2921954468,44,0.10945245310319518,ok,1
489,10.335782457029104,4970013.0877830153,43,0.057570655457671371,ok,0
490,12.776937697657008,4953495.9397713384,41,0.092812056882958571,ok,0
491,10.723198762348616,4871342.882881891,45,0.094641256140211683,ok,0
492,8.4673675056543214,4858616.204224295,44,0.071736299202807052,ok,0
493,11.537177620473518,5006550.0688014757,36,0.074616843204014488,ok,0
494,9.7506861890401844,5009620.1564506441,47,0.078031793167257391,ok,0
495,9.970111985374734,4900023.8943707766,40,0.07310260497766119,ok,0
496,9.2193262590366469,4747180.0030452609,59,0.086356046644548046,ok,0
497,9.0976237605806602,5381904.0406737933,20,0.083827786348885436,ok,0
498,10.998958325743875,4854170.1490796767,47,0.059800004821500941,ok,0
499,11.326512884776683,4640733.8797885403,40,0.078928017616803903,ok,0
500,11.144719756206349,4856016.7225554911,43,0.07631853730683924,ok,0
501,10.707172567997697,4873203.3588384558,46,0.057364258337824187,ok,0
502,10.015658759201616,5132723.430968618,31,0.060847067230378971,ok,0
503,14.621965629262112,5526215.507538151,19,0.073572282211260998,ok,0
504,10.837524459750657,4855717.9918408496,52,0.052357157980276292,ok,0
505,17.470894146228801,4985968.1470849849,36,0.068709681918402599,ok,0
506,10.220483515033511,4858073.4253089046,57,0.10942000004141272,ok,1
507,21.566216377269804,5453780.9567052945,18,0.083285529754728138,ok,0
508,5.9874831013999765,3446045.4523578081,146,0.11497124242496237,ok,1
509,10.085907676253912,5177021.1211092034,19,0.08457222897615474,ok,0
510,10.765699425210036,4878019.8402404422,36,0.065166237629216361,ok,0
511,16.174954933221571,5037631.9743743595,44,0.085837993215554409,ok,0
512,13.023357153034505,4927173.4499023743,37,0.066199418015491174,ok,0
513,11.446972709755421,4683078.6891501099,53,0.068122227648627132,ok,0
514,11.326875230429986,4909064.1029798966,37,0.097360037321805537,ok,0
515,7.2634774489356611,4268339.1925416272,65,0.057469839230733899,ok,0
516,8.5281298787639326,4705765.05441471,58,0.057456237737839699,ok,0
517,31.030033416558624,5495946.8697076151,9,0.09395757008926886,ok,0
518,12.3124492084018,5078574.3098605964,33,0.092847941669985223,ok,0
519,10.17305187968849,4747180.0030452609,43,0.11271944890154584,ok,1
520,8.7231165797436994,4747180.0030452609,50,0.087021970903430779,ok,0
521,12.794666961998264,5686228.9235590771,16,0.083531082494773923,ok,0
522,12.111561499682903,5786011.4993709503,12,0.077188874679509079,ok,0
523,15.70510569967877,5070570.5498823496,37,0.081709418682252843,ok,0
524,10.747898642936224,4863234.0123983752,52,0.061881980960463601,ok,0
525,12.490154079982149,4856473.7681468856,35,0.068670734479659656,ok,0
526,9.8666447681033009,4874090.5163929779,33,0.077187731204144683,ok,0
527,14.02505256479515,4870154.1994059058,46,0.068155472593546373,ok,0
528,9.5431279874252368,4938573.6978150178,45,0.06739186719774326,ok,0
529,20.317532558148429,5395461.7759319451,18,0.11602334781868762,ok,1
530,14.371773123206431,5124700.9270725157,26,0.10754565576993735,ok,1
531,11.312379070073593,4856407.132991109,47,0.080865248997489259,ok,0
532,14.374405878245952,5003592.7027555276,27,0.076467703823504984,ok,0
533,5.2595709803494639,3432351.1564540281,157,0.099252831257043317,ok,1
534,13.433238228069547,4937907.7687069029,31,0.082650668646170489,ok,0
535,13.573810258461812,5178348.7424201118,33,0.081003997938530886,ok,0
536,7.301848516840832,4102292.5371695599,84,0.090841006811410857,ok,0
537,10.539321092069571,4747180.0030452609,45,0.063300015308271451,ok,0
538,6.3313224708532481,3600022.3611444896,144,0.083098255328412196,ok,0
539,9.7566128746203749,4747180.0030452609,54,0.053733743103791504,ok,0
540,15.087841578659852,5026557.7879832815,32,0.040120590108487342,ok,0
541,10.086656552775557,4906832.6015466601,37,0.045824088041485078,ok,0
542,9.5119752009908254,4683078.6891501099,51,0.05163527492047823,ok,0
543,12.924166509802314,5338401.4217395131,26,0.081528246294946149,ok,0
544,11.299685035707078,4909092.3306818334,47,0.048276317482202069,ok,0
545,5.9459696084891673,3446045.4523578081,142,0.092495464363920976,ok,0
546,7.3404930659648677,5167624.1224538963,19,0.093120063471893055,ok,0
547,12.006466168884414,4878233.6896872912,55,0.051152437755150659,ok,0
548,12.408882596998225,4900174.974319783,42,0.077687452840322746,ok,0
549,11.749429491364525,4747180.0030452609,44,0.093027078573494126,ok,0
550,9.8137010118817596,4747180.0030452609,51,0.081713895725180175,ok,0
551,8.6491580342953895,4705765.05441471,61,0.080778049200878166,ok,0
552,32.416827587785377,5691628.9694932075,8,0.11200726691368112,ok,1
553,13.860258462179036,4859041.6022792431,47,0.088764034472805675,ok,0
554,9.7258946951912186,5129468.4622316547,24,0.069615131986507955,ok,0
555,11.456556142925612,4876623.3712420436,48,0.051015907230110069,ok,0
556,13.162884056103135,4872925.6941764196,45,0.089358584413480879,ok,0
557,14.34435065164724,4750157.6291427184,45,0.085514454640985949,ok,0
558,20.846990058923861,5220127.7201682748,18,0.10301884343792611,ok,1
559,9.9498621360626842,4683078.6891501099,39,0.088921645559369683,ok,0
560,12.034235733573805,5774066.9924858073,12,0.068309074183901697,ok,0
561,11.450601493821987,4859117.4669442493,40,0.051277615778521468,ok,0
562,12.520798247275925,4894011.9314322546,46,0.089306380279328079,ok,0
563,11.765274148281703,4886161.3289596001,49,0.054843888208200353,ok,0
564,12.176101949072315,5007757.0182320764,33,0.062683302736282531,ok,0
565,4.7555670065577047,3139636.724009933,181,0.10506114497826891,ok,1
566,10.29496789924443,4870036.6309326906,55,0.081491400442471607,ok,0
567,14.00190832636348,4896049.5311892368,35,0.051341364367301634,ok,0
568,8.4285911445086725,4864223.8933347818,47,0.089104448471493569,ok,0
569,11.018511259865097,4918864.659480256,28,0.090251839846230975,ok,0
570,10.582921407827737,4860622.22789614,46,0.0803626464003937,ok,0
571,7.5776716994844655,4149819.2257139417,81,0.0882332896139294,ok,0
572,7.3258516289202129,4112021.5210533305,90,0.07469768737318494,ok,0
573,11.998407591723097,4750157.6291427184,41,0.077757552545601821,ok,0
574,8.0723585673857983,4542200.0232369462,48,0.04692958260013641,ok,0
575,13.029732318629607,4971413.5779268658,42,0.074595451161959869,ok,0
576,8.1071627187720008,5111665.2049033977,20,0.077894971974374172,ok,0
577,13.726360312684422,4867239.7485006973,38,0.088316539737150479,ok,0
578,12.529368857114527,4870450.314390569,42,0.080521950832903921,ok,0
579,11.487907134053613,4931993.3009874942,47,0.074241247365028351,ok,0
580,6.677944115162501,4079770.612327572,90,0.11028349161018647,ok,1
581,13.23520248223808,4873669.2114207717,45,0.084458858900424538,ok,0
582,5.475142063843915,3349576.7450299347,149,0.09309984626876544,ok,0
583,9.9809252201934058,4860214.4357842831,47,0.090472328839856342,ok,0
584,8.500378427640424,4858536.4384544818,46,0.073588615513120126,ok,0
585,12.477538648191034,4866579.4861884648,44,0.053296328594849229,ok,0
586,7.7612885690623008,4200096.9742686078,76,0.078178356310256603,ok,0
587,11.99726437052542,4997405.2381782616,28,0.079267205426020615,ok,0
588,12.409015841169044,5390186.7264999449,20,0.059552213587322655,ok,0
589,12.426804629063451,4860048.4281389462,38,0.069726628361263199,ok,0
590,8.6543399961240262,4747180.0030452609,45,0.060918299909306861,ok,0
591,13.961945000760721,5046206.9877119288,40,0.065173589491349659,ok,0
592,9.2355514633140956,4862993.6675651921,51,0.068186041411200438,ok,0
593,11.416723721132655,5255000.9078542516,24,0.081069330912135057,ok,0
594,9.5751504639877929,4311809.8551814649,67,0.11821979226980117,ok,1
595,9.7766858384283051,4965065.6734891701,29,0.062429474025985032,ok,0
596,17.431844623407848,5840508.3963626986,14,0.10835031406488255,ok,1
597,4.9099959568564771,3159651.4884486543,183,0.085982246510650229,ok,0
598,13.291151542052859,5307614.1134293582,18,0.06395911565858009,ok,0
599,8.4693691576761729,4318219.6892671864,65,0.10077619626826417,ok,1
600,10.400315389873597,4859773.9414873505,40,0.063296708377293009,ok,0
601,6.720936056028898,4171017.3460589824,80,0.079795778553152563,ok,0
602,13.222867142387102,5198476.7722809408,21,0.11245202709705276,ok,1
603,12.000388469057626,5113825.9963254193,42,0.08120359973918978,ok,0
604,8.8579491095603942,4268339.1925416272,78,0.066344109896081749,ok,0
605,9.8376113265633407,4865447.6930772122,53,0.079328043718359442,ok,0
606,12.839728468404754,4875416.8288226081,50,0.077647457887545568,ok,0
607,14.048617857717321,5166345.2581757205,16,0.063315873677767143,ok,0
608,12.166107799398036,4865779.9181637941,42,0.087542379949025473,ok,0
609,11.314286141911918,4864092.7815560065,46,0.053548671981537788,ok,0
610,12.083379887356449,4932993.0094496431,39,0.10370348828061166,ok,1
611,10.486796359385616,4907922.3232589057,46,0.063051938375427996,ok,0
612,7.9269363190803581,4311809.8551814649,90,0.080134181404569349,ok,0
613,11.587415145711381,4936395.6680992655,39,0.088132361102503221,ok,0
614,11.477064908782006,4859145.1665801201,47,0.084097546033246762,ok,0
615,12.284547503928795,5207469.7142559933,23,0.071672299906866632,ok,0
616,10.808214977442406,5120716.8363400176,30,0.055003182068019074,ok,0
617,14.567768908394527,4892980.8337427238,36,0.083944329675241722,ok,0
618,9.4240314696326752,4705765.05441471,55,0.09139501010078685,ok,0
619,9.5697264513259999,4905164.4946453096,54,0.064394978177018114,ok,0
620,13.820194187299309,4869093.3433761597,57,0.051451842425871475,ok,0
621,11.187430375887354,4747180.0030452609,45,0.091417414506969497,ok,0
622,12.740566001159385,5332481.603887097,20,0.092323863739079678,ok,0
623,10.268923124186658,5295970.697401138,17,0.051497700921627754,ok,0
624,10.174635540213183,4863338.6286534378,54,0.077222422415010428,ok,0
625,35.756256321943134,5918651.9433320435,8,0.10408179214390523,ok,1
626,11.732448739438615,4864422.4944797438,47,0.085100614100481253,ok,0
627,9.1445228878306821,5121539.9741506819,37,0.10082968191648911,ok,1
628,13.964644580448647,4863769.970102746,34,0.10227629922983839,ok,1
629,13.805776732235435,5150245.382033892,29,0.057442668110295858,ok,0
630,10.647641607516491,5163527.8354101693,22,0.07709809917848201,ok,0
631,6.1920829523635472,3578778.1470238399,145,0.087098800571345281,ok,0
632,8.8980907912593814,4705765.05441471,48,0.081269062866850317,ok,0
633,12.209975379349043,4868843.5817088904,51,0.069911942932106952,ok,0
634,11.722248845684398,4959907.6684096837,34,0.060989083846865244,ok,0
635,12.001805756732363,4874355.6935547004,46,0.052202847667808028,ok,0
636,9.9519722347349493,4889762.5412742794,40,0.077231906937028638,ok,0
637,11.60762512984234,4951556.7010904569,46,0.059506793059742269,ok,0
638,12.294514146940534,5208454.270286236,32,0.082780896621141187,ok,0
639,11.040336765771332,4880162.2787780883,53,0.061605831218453977,ok,0
640,10.494858059132984,4873544.628981824,48,0.090546624935295583,ok,0
641,5.1224942484434539,3342512.705544631,159,0.11939746210733559,ok,1
642,9.9049143008014013,5179837.0665009441,37,0.086024870652177232,ok,0
643,9.4132489643141053,5566635.2350309966,15,0.060658689715996861,ok,0
644,11.129463959197059,5148508.7662466178,16,0.073150333131174361,ok,0
645,10.903376457070472,5132324.0161765991,31,0.078094562414867758,ok,0
646,11.854265672931691,5123453.5047015911,28,0.072770595524364531,ok,0
647,10.861367290415236,4747180.0030452609,42,0.075719556034970381,ok,0
648,12.619969591223196,4855044.9958105758,44,0.091297859359307787,ok,0
649,11.441540155915996,4968170.13746469,36,0.11611719123306985,ok,1
650,10.278206837061477,4865134.2906606868,42,0.05219825509447884,ok,0
651,7.4810925552484324,4324739.151746342,83,0.045787197566204973,ok,0
652,11.707859317592511,4864060.6325050946,43,0.089053245268814751,ok,0
653,10.54217361522516,4980406.7387656998,34,0.054910882065000499,ok,0
654,9.3928030662444097,4860649.1887884811,38,0.075739207733507341,ok,0
655,10.061512369765845,4880531.3586086845,41,0.061316273066610028,ok,0
656,10.18648995803651,4862819.6647475604,45,0.065542527126501104,ok,0
657,15.718622963423909,5132635.6671382459,28,0.071709860066754394,ok,0
658,7.3261454606784486,4171017.3460589824,70,0.088522272944548619,ok,0
659,8.7919321815800551,4705765.05441471,53,0.088644055901494018,ok,0
660,9.5180522645833605,4683078.6891501099,47,0.053372283477610194,ok,0
661,11.888861920184183,4901413.034022931,46,0.045182029061827889,ok,0
662,12.627217442775212,4854803.7103719227,46,0.059811283181287422,ok,0
663,20.343998977131317,5536195.7987601375,14,0.11198569520730239,ok,1
664,9.077198865023858,5088855.1762084411,21,0.064606974907978176,ok,0
665,6.0759097441115859,3519824.2810661173,149,0.079284259409671765,ok,0
666,13.024171712676443,5089032.7128254576,27,0.069746204920731802,ok,0
667,10.539477080266005,4893150.5688116103,43,0.069960778795822742,ok,0
668,11.543016885458648,4879653.1537149074,56,0.058384118288283549,ok,0
669,11.100369298495581,5058332.6546102297,32,0.066695525149785162,ok,0
670,5.5758596703013081,3451998.5597333424,146,0.092604714916752484,ok,0
671,10.392193112518143,4857822.5244645374,50,0.088325810224004431,ok,0
672,8.3860175170967679,4268339.1925416272,70,0.060883440063671079,ok,0
673,9.7880912090208501,4358084.2854661876,66,0.059935661572835031,ok,0
674,9.1477540773479937,5137713.6430460485,31,0.052428009867766467,ok,0
675,9.928914674871244,4934843.5798587827,34,0.057326929660800441,ok,0
676,7.9889313293046618,4536155.3769555455,64,0.080334876685732137,ok,0
677,10.445467738726167,4750157.6291427184,43,0.078648214778637579,ok,0
678,12.083192395757637,4989567.2332926216,45,0.056280634688474329,ok,0
679,10.434704213704274,4863411.4053227473,45,0.06948554515579719,ok,0
680,12.738059195473687,5160668.8127876725,24,0.066063953749556092,ok,0
681,11.711127731227711,5052804.9848464699,19,0.092794327097173945,ok,0
682,10.330049185544594,4863658.8506435119,36,0.071241003280851811,ok,0
683,6.0165542932855089,3492245.1892428468,149,0.084804497902868703,ok,0
684,9.1250126169690517,4873253.4519940307,40,0.058780527684548722,ok,0
685,9.7850235268493897,5014820.5507643763,39,0.092132254142414383,ok,0
686,7.960732049986003,4200096.9742686078,80,0.087723786546560767,ok,0
687,7.3927929236112835,3989874.0629928033,107,0.067493271780081354,ok,0
688,10.666250364944828,4793893.8151622703,56,0.065535670296612697,ok,0
689,11.218002550894752,4891390.3708992982,45,0.068162105306424747,ok,0
690,12.255623939565476,4860575.0258955052,38,0.062550383833660739,ok,0
691,9.9003218268890922,4705765.05441471,46,0.077206219698345735,ok,0
692,13.284829149057554,4861622.6096706511,43,0.073618048259084023,ok,0
693,13.752680049580428,5145218.6082758829,30,0.064742293583439303,ok,0
694,5.6248040808371522,3446045.4523578081,140,0.088497457341764299,ok,0
695,10.666186511040063,4793893.8151622703,41,0.05081500351411028,ok,0
696,11.119967667270727,4877586.972723878,43,0.054408308735670402,ok,0
697,11.706775553297373,4876207.6977492627,37,0.080296597369349243,ok,0
698,12.971116780948956,4993246.93107141,40,0.085768891140421522,ok,0
699,6.4775103124213746,4963289.1203214787,29,0.072331002719491555,ok,0
700,13.174666837663981,4879479.7264747526,34,0.064799519058430288,ok,0
701,9.7661435957464953,4909466.0746206278,38,0.067144584113264183,ok,0
702,12.628170078121746,4854410.4959541475,57,0.072587968364860034,ok,0
703,9.173617874636987,4705765.05441471,47,0.1024596345358042,ok,1
704,13.717698204782787,5022051.8530860627,37,0.078902136253118538,ok,0
705,16.501736134493946,5229917.1582079018,27,0.071636876254226489,ok,0
706,17.172564997774789,4855272.1299827667,39,0.067125062293908022,ok,0
707,9.6183710196915086,4932741.3238910781,34,0.069820517037555208,ok,0
708,8.2046579141826506,4747180.0030452609,45,0.068476751883460141,ok,0
709,11.616064411621847,4856135.1700862851,45,0.098995443273785066,ok,1
710,10.641511946317662,4750157.6291427184,40,0.08547236563695404,ok,0
711,8.9192290125876266,4757018.4600196751,40,0.058746764646643745,ok,0
712,5.2217207472274367,3369318.1216470301,145,0.087130010162180138,ok,0
713,9.2729425001566437,5026522.4963391209,20,0.085025039208409425,ok,0
714,11.159732680619904,4858338.6758032283,43,0.078286794223061951,ok,0
715,13.219117819783204,4867311.946382679,46,0.088307774352483159,ok,0
716,13.654705856410844,4923312.4124491625,36,0.069110398701034026,ok,0
717,11.939135654000529,4926100.3758849446,36,0.06940365663778969,ok,0
718,10.501377552833693,4963257.3255568203,46,0.065444174348102457,ok,0
719,15.854744340289015,5273035.3220985793,26,0.071625386596746776,ok,0
720,12.521490539008385,4873970.425838693,43,0.059042475054112531,ok,0
721,13.601817615449576,4863201.0121812373,41,0.093486649297657376,ok,0
722,11.008812986892726,4900724.2264170833,39,0.079555025471713003,ok,0
723,8.6045402828383395,4705765.05441471,54,0.065331931519494124,ok,0
724,7.0520884793557013,4102292.5371695599,77,0.056715839437622317,ok,0
725,10.908268804639652,4871788.6141202822,39,0.082608055962133498,ok,0
726,14.442034175099137,5212144.8850604724,21,0.055254100548610352,ok,0
727,11.277423190704598,4953800.1238056887,36,0.083442563164208741,ok,0
728,9.8374919216650625,4866708.9329791199,41,0.085806522325016954,ok,0
729,7.775547761157787,4311809.8551814649,72,0.064415115959717106,ok,0
730,8.4867636777621556,5164107.5260311766,18,0.080361390592184168,ok,0
731,5.2321456300174534,3342512.705544631,155,0.091864231555595643,ok,0
732,13.17433973702871,4747180.0030452609,43,0.076676058585861698,ok,0
733,10.311691615505261,4856021.8855799343,41,0.061454786369032399,ok,0
734,9.4114890730388918,4937311.6051458614,43,0.068687449665697509,ok,0
735,10.322060804195823,4858141.8674662067,51,0.072767515696226304,ok,0
736,11.458494332496148,4881106.020007614,43,0.084357677696645594,ok,0
737,11.734166078449915,5232446.9756491771,27,0.089019913298762909,ok,0
738,10.765825385269869,4864457.8777759569,42,0.077900729804676772,ok,0
739,9.1637798659353216,4888190.4305954175,38,0.049144237132215496,ok,0
740,14.361957038104848,4874589.8791888217,48,0.077590029697855153,ok,0
741,10.67637380359097,4883711.4940362806,48,0.053235454830585671,ok,0
742,7.8706135829559392,4149819.2257139417,87,0.097325214915838898,ok,0
743,9.3733470597153996,4705765.05441471,51,0.066241832426566116,ok,0
744,14.147041540610269,4969672.2199067324,38,0.061197141356502477,ok,0
745,14.48172163889577,4967468.5555897243,39,0.053642048414790144,ok,0
746,10.461862915941371,4879472.5272368677,33,0.064747553634259158,ok,0
747,11.912303738204184,4858959.431288342,40,0.09917255726869878,ok,1
748,9.3948221006497601,4861504.8197574057,45,0.092801827286926708,ok,0
749,9.7515474989378355,4860743.3707373207,43,0.086639807214283659,ok,0
750,7.609055449123951,4705765.05441471,57,0.10634728973976371,ok,1
751,11.196570400747005,4862477.3763209842,43,0.064446232196352676,ok,0
752,12.759292308340822,4883428.279723146,44,0.081294608840812188,ok,0
753,11.971483556403268,4885321.1885180706,46,0.070505936589574936,ok,0
754,6.0005437340775467,3519824.2810661173,147,0.08240022099017108,ok,0
755,4.0198478821089241,2558170.4143043365,266,0.0965574299953883,ok,0
756,13.719177987348994,4857259.686140486,45,0.091505504920261216,ok,0
757,18.420767766779822,5811648.5276008993,14,0.10091110715406426,ok,1
758,10.480995510370413,4750157.6291427184,36,0.072303385772005901,ok,0
759,10.484786458953254,5121276.4012322817,28,0.060099579326690522,ok,0
760,10.151284040908699,4884455.6413327847,46,0.094518063614165038,ok,0
761,10.559538931183633,4869049.0788925868,50,0.08791864518425363,ok,0
762,8.9675762158523007,4978692.6810198734,40,0.053993471879251992,ok,0
763,9.3480212670540883,4757018.4600196751,52,0.0833290403052762,ok,0
764,11.926486172685747,4893220.963621364,46,0.0830847908237069,ok,0
765,16.849356721033011,5152805.4324902864,21,0.071646793882693682,ok,0
766,12.666549435084191,5073316.7978218934,35,0.060011351336322738,ok,0
767,14.170462588809242,5064214.053793503,35,0.079090800545337903,ok,0
768,9.9021372419758791,4861217.7804034464,46,0.054259839256841302,ok,0
769,14.480682531142437,5211271.2198947771,32,0.058441029800793798,ok,0
770,10.250610422694889,5277007.2184751099,22,0.061257882823307241,ok,0
771,10.138875464012136,4865305.3412574185,46,0.054770128051297218,ok,0
772,6.0360046158400928,3560967.1325504999,138,0.075589611957956104,ok,0
773,11.153023520464073,5121818.6756873755,21,0.10720540954969193,ok,1
774,9.2548827232732389,5183854.5583225563,25,0.0607330875850568,ok,0
775,10.877350613076553,4879800.4390017213,46,0.072091452574685078,ok,0
776,4.6312908989319261,2764312.3841539626,221,0.10158672165044141,ok,1
777,10.165120992606166,4898604.7047007121,46,0.079979437900132622,ok,0
778,12.654327584049398,4973844.6215770347,34,0.083213365082785207,ok,0
779,8.5896143570308343,4536155.3769555455,66,0.094885643708718048,ok,0
780,8.9649828815804895,5031838.0048884638,34,0.067067986116306599,ok,0
781,11.901977952769556,4859289.1403646404,44,0.067927434386737762,ok,0
782,12.972051592464139,5747151.1459695669,15,0.06124034370522774,ok,0
783,8.6802203636023822,5249018.6386680687,25,0.066574302955979214,ok,0
784,9.7628588469116409,5127810.8664742997,22,0.078412843087184658,ok,0
785,8.8761019046771032,4793893.8151622703,33,0.091727302222991719,ok,0
786,5.5146733796705707,3336995.657221681,162,0.11490008790573436,ok,1
787,10.828115849398763,4930712.3567577088,46,0.099683433677768274,ok,1
788,9.8832771846610186,4865411.1320560984,51,0.079378448993676187,ok,0
789,11.733474689950198,4931057.771695544,34,0.10467696725576625,ok,1
790,5.1844322735251378,3336995.657221681,157,0.095227460280614129,ok,0
791,12.149814744184692,5839631.3250911785,13,0.067998504651911484,ok,0
792,10.775691951917777,4948187.32550517,33,0.054087695728548379,ok,0
793,10.234908624431093,4757018.4600196751,37,0.071327278925224891,ok,0
794,8.8953919086543678,4747180.0030452609,48,0.099228140193646383,ok,1
795,11.479497441828093,4870516.2106696703,38,0.07732315904381637,ok,0
796,8.7799998323813249,4880120.6520869024,42,0.047472691316351345,ok,0
797,10.21552832598335,4854916.1264284467,40,0.069028427881562382,ok,0
798,10.07838908943763,5426027.9820473231,14,0.067945048229185345,ok,0
799,11.82771711426437,4956648.002063687,37,0.073567639137115837,ok,0
800,11.237774280075444,4705765.05441471,43,0.099118899045471998,ok,1
801,12.336924962670029,4750157.6291427184,51,0.087587817189867828,ok,0
802,12.114563042910552,5517237.2322455347,19,0.058112424064860724,ok,0
803,10.684797180017846,4949113.7247358225,31,0.071691650534479678,ok,0
804,9.857884708439185,4855682.2037946191,44,0.061549134479503165,ok,0
805,11.289253397348519,4762962.8190767989,40,0.089566025060632992,ok,0
806,13.066960733980231,5160148.1225210838,33,0.091908828885916255,ok,0
807,10.534502115128921,4854315.5584125826,49,0.068256301312743406,ok,0
808,7.6176539935881245,4683078.6891501099,56,0.036938616056658824,ok,0
809,12.425344603221358,5348225.6191520412,17,0.093012761931717591,ok,0
810,12.594257905551382,5096310.1020618323,21,0.072426860737777932,ok,0
811,9.7939486114200651,4996991.0137492027,39,0.06907528764969062,ok,0
812,5.8707627898029298,3617358.7046664478,151,0.11129893915804584,ok,1
813,10.209393548886677,5071891.2684705369,27,0.050754954614272429,ok,0
814,13.052139659281343,4757018.4600196751,43,0.10929771761817353,ok,1
815,19.502018136870397,5505949.376232883,16,0.08569271143419821,ok,0
816,12.617025303638449,4861270.4345860938,40,0.097209462713484074,ok,0
817,10.649809789519413,5215518.5730403829,21,0.071243862545723902,ok,0
818,13.084659122119726,5342348.2105136095,26,0.078088599740314568,ok,0
819,10.891614664962134,5168119.2346189562,28,0.074112240908045607,ok,0
820,10.439653237907576,4747180.0030452609,45,0.092782189479443333,ok,0
821,13.217506323039624,4903345.3411061149,39,0.081467781474871548,ok,0
822,9.8948181765245664,4873697.5800209129,50,0.069625267576576,ok,0
823,7.8007215872374749,4318219.6892671864,58,0.063295913023321104,ok,0
824,14.136274455454231,5098561.206133089,35,0.075073470490193639,ok,0
825,12.193879769129055,4856324.2301127566,39,0.060620978873606013,ok,0
826,8.5576612904101363,4683078.6891501099,63,0.047619047619047616,ok,0
827,10.137194808933389,4854251.7017517956,39,0.090673142600776746,ok,0
828,10.015008589254478,4747180.0030452609,51,0.071780044634430107,ok,0
829,10.091874830860744,4887080.236408582,45,0.084961771225150529,ok,0
830,13.767238299806836,4940439.59378176,31,0.061902253107035121,ok,0
831,13.012079551816754,5292150.1791732851,20,0.084925875756317604,ok,0
832,16.087445236337093,4997453.0980218183,37,0.053179266759633692,ok,0
833,9.9797665550189674,4865067.902759742,35,0.077495899661872203,ok,0
834,10.468937467471255,4896480.6094905753,40,0.064010526664467882,ok,0
835,10.174892048429054,4894468.932412453,45,0.084290016397415846,ok,0
836,11.812302453655841,5153398.6872930443,22,0.065295958647796914,ok,0
837,11.153107092830885,4855381.5878334921,45,0.09519254166613933,ok,0
838,10.740137246899579,4871714.8681178605,49,0.063164953785427747,ok,0
839,10.226232935453588,4856089.9328160165,48,0.038486471064267003,ok,0
840,11.727706330198254,5395358.7380351331,16,0.072649136808647707,ok,0
841,10.000630550499254,4985057.3761666054,39,0.037900029692089277,ok,0
842,13.077825409305362,4872498.1209488222,37,0.056975979553623324,ok,0
843,8.3232471771269161,5316644.6178946737,16,0.067705233487570737,ok,0
844,5.9876176277318072,3752155.3754809918,115,0.082385056233965526,ok,0
845,11.996415054881851,4747180.0030452609,51,0.085000320530952217,ok,0
846,10.982619242183642,4858375.8306316128,36,0.07887493397048434,ok,0
847,12.052575548624329,5150160.8111382043,32,0.07809753990955115,ok,0
848,11.380906025139403,5008263.3499720655,40,0.059908900120047487,ok,0
849,17.139412047722093,5421238.275468328,18,0.07023412355404629,ok,0
850,6.2375772487589085,3560967.1325504999,131,0.063039318852895043,ok,0
851,11.345569806302395,5158999.2870396394,28,0.080448353322920954,ok,0
852,12.986040637328747,5086187.2883155234,27,0.066790540276994603,ok,0
853,12.177339988779645,4996239.1803521011,36,0.081540694374481082,ok,0
854,11.241836234436581,5468123.6391432844,18,0.063272395988156649,ok,0
855,15.858118310978064,5472839.5902087279,20,0.10092387909222889,ok,1
856,10.863212587913337,4877258.8701540604,43,0.081831282252916138,ok,0
857,10.906215303947457,4867430.1421780381,44,0.061840056762563045,ok,0
858,8.6599973834029313,4318219.6892671864,66,0.10680705857070477,ok,1
859,12.292380317194681,5480673.1743567679,22,0.07743507982146175,ok,0
860,14.971505582566756,5160934.1608220348,27,0.065669324265943074,ok,0
861,14.387304305764191,5305304.3839509115,26,0.061789077261615033,ok,0
862,10.527642848514402,4858334.9501351016,50,0.09119147908513503,ok,0
863,10.946851639345763,4877341.1409696145,45,0.065348635007371092,ok,0
864,13.113706702233641,5134517.7491759015,32,0.056450030914856564,ok,0
865,12.992198197534469,4903829.5083073415,27,0.074198233366958188,ok,0
866,13.547178341400476,5219019.8577506924,27,0.077021277245309161,ok,0
867,9.052898397236893,4902832.1204886595,42,0.06388755950285202,ok,0
868,9.0152090218321383,4856641.0826008338,52,0.075443277338935855,ok,0
869,9.9959971978546047,5176411.0841191774,22,0.079218813435615987,ok,0
870,11.118498833770142,4854972.4459279515,47,0.076364465394119452,ok,0
871,8.0504419182617681,4268339.1925416272,79,0.076678343426533346,ok,0
872,13.786431086013373,4874476.582510002,44,0.073918867235397867,ok,0
873,5.5753841104371169,3446045.4523578081,140,0.08940474819000678,ok,0
874,10.785528694524418,5021253.7836341634,34,0.075296136266605362,ok,0
875,12.281192878580537,5107868.8383162096,30,0.080240891889543309,ok,0
876,10.630851823513817,4750157.6291427184,56,0.10863395689019995,ok,1
877,10.359468944734555,4890084.4443570552,53,0.047882655870313595,ok,0
878,10.518524807081372,5039433.6330640242,33,0.061864309550752616,ok,0
879,11.292588757723571,4972927.9928087899,32,0.060294152472588181,ok,0
880,13.324201254169216,5210939.8799653193,27,0.0881929611283222,ok,0
881,5.2378050455805729,3379957.4426155151,164,0.10173585774968186,ok,1
882,10.543716265892915,5214761.1782475216,27,0.063055790946083989,ok,0
883,11.999995846749592,4905219.0254981611,45,0.066620226989586834,ok,0
884,8.9749343222917304,4747180.0030452609,44,0.099977367323985045,ok,1
885,17.03449473669189,5327776.6453603012,18,0.073611467916062878,ok,0
886,13.887769926369605,4873215.3513885997,37,0.098721134272057642,ok,1
887,13.774906307027836,4860452.6394367311,40,0.094446776033136337,ok,0
888,5.5377347807796538,3452709.9424453662,149,0.099066662734923761,ok,1
889,10.571323275397914,4949611.5526517723,42,0.065994223595610801,ok,0
890,9.6528700648180141,4938232.6197895026,25,0.067739289716217982,ok,0
891,11.515705031144956,4902885.609994607,40,0.083083790779578615,ok,0
892,9.7017348441412707,4793893.8151622703,50,0.062624018001447457,ok,0
893,11.856615467939074,4907448.0433243103,39,0.090111064694840648,ok,0
894,13.821724579254552,5002119.715260176,34,0.048859589540140025,ok,0
895,12.153194193397955,5354870.2586165117,27,0.069859349448258112,ok,0
896,10.672068814466506,4889466.535235648,50,0.093104267690379938,ok,0
897,8.9176076680309908,5000115.0571229067,31,0.046794830529997666,ok,0
898,7.9962475972657936,4409061.7513648765,71,0.065558243592922102,ok,0
899,10.975538168266757,4683078.6891501099,52,0.086789462220827396,ok,0
900,11.857601150395519,5026795.3588192575,46,0.1042076854700037,ok,1
901,14.535419426566635,5026739.9815301858,32,0.082209288812972403,ok,0
902,16.792326250753348,5208288.6163026066,22,0.063924012347449155,ok,0
903,10.711656895831704,4998184.6575121097,32,0.04886569791665607,ok,0
904,10.901944362132635,5144552.3800217146,30,0.079821296069150033,ok,0
905,15.246977967607906,5017987.3699340411,34,0.054570884561364719,ok,0
906,15.493732839318849,4940329.0340298964,31,0.070943813614263995,ok,0
907,16.380917881202272,5034351.0705698058,26,0.093030466091783226,ok,0
908,8.3897623508019787,4757018.4600196751,50,0.082232117010361983,ok,0
909,10.849330613478022,4865113.0961365532,35,0.073648280002545308,ok,0
910,9.2300748799866366,4889156.1312743369,49,0.093114233741329877,ok,0
911,9.9276139521833571,4683078.6891501099,54,0.073188588039608565,ok,0
912,9.8436664926776096,5049158.508817751,31,0.062690203770322361,ok,0
913,6.6171145524027475,3519824.2810661173,140,0.10160145195483328,ok,1
914,9.5651841376428841,4919994.7424340397,44,0.082541214424621756,ok,0
915,9.4623670371696278,4757018.4600196751,56,0.065914287138317873,ok,0
916,4.6936096497329727,2976563.3445416004,205,0.10356977644108228,ok,1
917,12.276049484636907,4896989.4348199777,38,0.087796006996294307,ok,0
918,11.515181081619676,4856437.7521730373,32,0.049866977979127647,ok,0
919,9.2139323782796776,4928601.5231893146,38,0.065258537511632686,ok,0
920,14.080860328149591,5189345.4857678069,31,0.091641934804065461,ok,0
921,8.8854777070039646,4747180.0030452609,52,0.085102854720001064,ok,0
922,6.9967044785964427,4149819.2257139417,71,0.064828875738179526,ok,0
923,10.200483672847062,5191436.313332879,25,0.09997234404019506,ok,1
924,10.157498909262285,4866449.893722658,42,0.057682509110968283,ok,0
925,9.1140074956654615,4968860.929611179,29,0.056736594608745305,ok,0
926,9.6786056724887644,5145110.0484213596,24,0.068416380479265571,ok,0
927,10.092817746397197,4878388.3061539251,53,0.065830782146230171,ok,0
928,9.9069621802337586,4861214.3618337372,44,0.085678162559083337,ok,0
929,9.6485136955326034,5156352.8072179146,20,0.085539920656614782,ok,0
930,9.9457711439175895,4955255.8527167402,36,0.063253367639117042,ok,0
931,9.6961048603268996,4750157.6291427184,54,0.068234473626666237,ok,0
932,12.982013939533536,4899570.4982235702,48,0.081632731750459486,ok,0
933,9.9911935690635332,4974020.3337508813,37,0.067454848118321697,ok,0
934,8.8814849804956992,4750157.6291427184,46,0.079219917192398015,ok,0
935,11.538985809761794,4987148.7874121638,32,0.096086094193952087,ok,0
936,21.830119507087673,5375352.9785734611,14,0.10480214870909188,ok,1
937,13.911994289685174,5009034.032263183,40,0.077502841819808044,ok,0
938,13.610610247910047,4938096.8429603418,39,0.075103654341040271,ok,0
939,14.349673632664157,4857750.8483319031,44,0.075328743261147579,ok,0
940,5.4434316436636188,3446045.4523578081,139,0.081537135869263144,ok,0
941,9.7964792948577131,4875311.2899484141,41,0.061374681330227498,ok,0
942,10.797823101981781,4705765.05441471,45,0.095151126612236125,ok,0
943,11.79281868523929,4870465.8732474763,42,0.079529452362317343,ok,0
944,13.103028039419073,5338642.9834803781,24,0.070386055296925487,ok,0
945,15.847587881523861,5663258.1771017555,14,0.064253843559669455,ok,0
946,11.964018221342116,4855326.0927487081,51,0.066353601260005113,ok,0
947,9.3461553058829399,4886168.30132725,57,0.067948046567568143,ok,0
948,10.129149353818153,4936957.5109900627,45,0.066331417498149581,ok,0
949,13.413220453678216,5086375.6794333272,29,0.086850804189494313,ok,0
950,16.083634106601124,5119911.3113677558,27,0.086918164719360314,ok,0
951,6.6185017306323042,3556875.6913997256,138,0.079587526024010313,ok,0
952,12.749182119196655,4870385.8429047,42,0.084004174806516119,ok,0
953,8.4117315680775295,4747180.0030452609,49,0.057332080417431999,ok,0
954,8.4226855540626069,4762962.8190767989,38,0.094736146172151758,ok,0
955,9.5061480971935044,4578101.2809004039,62,0.064289730402851908,ok,0
956,10.762137952944121,5073795.6334366715,52,0.065557291105748455,ok,0
957,14.737821574479414,5532626.9972888753,14,0.082088883102799048,ok,0
958,13.687693769146,4891242.629860729,42,0.074029222267348427,ok,0
959,14.354512115849307,5468498.2905848678,21,0.068064954384269183,ok,0
960,10.575781827767656,4747180.0030452609,53,0.07989544933576706,ok,0
961,19.306547387450959,5389041.4081329517,19,0.073494654021844796,ok,0
962,9.7819839077514725,4793893.8151622703,53,0.085759304264003688,ok,0
963,12.42125335515663,4866751.3531429376,42,0.060671371357726378,ok,0
964,18.486084516946701,5398002.4860688709,19,0.078809688334895156,ok,0
965,11.473819472221724,4750157.6291427184,45,0.088200289055885062,ok,0
966,12.375627988335223,5008533.6693873741,37,0.056171237391415052,ok,0
967,10.37430911835377,5017712.7414940819,42,0.070026804096696482,ok,0
968,11.837971249239562,4873326.7772280164,43,0.063622359725660854,ok,0
969,10.513393614053252,4873569.4132454274,37,0.072915071988943647,ok,0
970,9.3290726118848042,4757018.4600196751,39,0.083612466102039651,ok,0
971,4.6200325365386874,2984284.971762225,196,0.09582134396405767,ok,0
972,11.859338661898274,4957917.1226145588,24,0.094329182681994417,ok,0
973,9.6224078870377916,4862557.1788529288,43,0.088643749351680734,ok,0
974,12.970710829909514,4892052.1216216674,35,0.077191932876488206,ok,0
975,5.3996571087713967,3446045.4523578081,150,0.10030352339309045,ok,1
976,11.867569273765508,4911568.89992637,35,0.070260743888132304,ok,0
977,10.084779166156213,4683078.6891501099,53,0.059461005656184562,ok,0
978,12.637250408190912,4864474.7679868145,45,0.075477803028818902,ok,0
979,11.901156214517355,4858734.7862606086,46,0.076667915820731736,ok,0
980,20.891950624436284,5469485.5136474445,13,0.082472553050171205,ok,0
981,15.606875935120177,4881375.6520125512,29,0.10583252500350415,ok,1
982,9.9835872074821737,4747180.0030452609,50,0.062495030334360768,ok,0
983,11.002327719248557,4747180.0030452609,46,0.084691503651337152,ok,0
984,10.482772933694951,4863488.9267789833,50,0.069235599195368092,ok,0
985,12.666386227670179,4867737.1397747109,34,0.087855243149419726,ok,0
986,5.5700187835634987,3446045.4523578081,146,0.10227851831918189,ok,1
987,14.87202041735598,5187124.8156783702,25,0.09283854482954132,ok,0
988,10.989788668608629,4859115.2553888112,51,0.099823729377303771,ok,1
989,14.82073306197878,5141267.9008645006,24,0.064207396230567149,ok,0
990,11.121809898451687,4857979.7825693721,39,0.085641416155129879,ok,0
991,11.376942119249852,4864192.47495287,51,0.091883455392536506,ok,0
992,4.7432832088494514,3156683.1156534008,179,0.097779568915976833,ok,1
993,9.5477849824253216,4747180.0030452609,52,0.072744202095405164,ok,0
994,7.9635380658265511,4268339.1925416272,64,0.090566539405761093,ok,0
995,9.4477016066675539,4896025.4456702601,41,0.079426473182595603,ok,0
996,10.455536314414056,4705765.05441471,57,0.067484624976923979,ok,0
997,8.570970279274384,4705765.05441471,55,0.072727272727272724,ok,0
998,10.956197963213082,4683078.6891501099,51,0.097577661185321685,ok,0
999,10.763739066914408,4876737.3618187206,50,0.078564392987222509,ok,0
1000,14.050572843809054,5160943.0957163377,28,0.053925572425750246,ok,0
1001,13.222309125423267,5159961.2021704316,31,0.081599365988984207,ok,0
1002,3.9057310738631701,2558170.4143043365,272,0.11361447437534733,ok,1
1003,10.664460699688309,4854312.4638065109,49,0.068455507053618025,ok,0
1004,12.229421887804898,5094709.1924173273,32,0.074051944962025607,ok,0
1005,7.4972616916907091,4358084.2854661876,78,0.1100692309059233,ok,1
1006,12.041356849261861,4890620.891808318,36,0.082192651657641003,ok,0
1007,5.8885065556273082,3492245.1892428468,159,0.08600243479240921,ok,0
1008,12.581252938836935,4864400.2739571175,51,0.068406419702082721,ok,0
1009,10.190809677029605,5479807.6154519683,15,0.1108781637615318,ok,1
1010,12.959846101753074,5344529.619827251,25,0.084342695970825055,ok,0
1011,9.6916544511543794,4871227.8413964985,36,0.063217867298788921,ok,0
1012,3.9762915545243152,2608960.2637560768,250,0.10737315752370913,ok,1
1013,17.723272093562919,5676896.4131428991,14,0.076197359940556431,ok,0
1014,9.1559651578644967,4953644.4126386298,38,0.061403296781382677,ok,0
1015,9.491823386015426,4750157.6291427184,46,0.076722913065964543,ok,0
1016,7.2192701147210618,4171017.3460589824,87,0.093015073734001641,ok,0
1017,9.6363926832013469,4747180.0030452609,46,0.082591945752027662,ok,0
1018,12.117849717673147,5293288.1793821612,21,0.099431299925724859,ok,1
1019,11.251378717657616,5275143.7493705563,19,0.054894307870645531,ok,0
1020,10.955810557984915,5245423.6095927833,33,0.061662215485636607,ok,0
1021,10.087273501206779,4683078.6891501099,58,0.065281712095315525,ok,0
1022,8.5681630024951598,4536155.3769555455,64,0.07028614850731274,ok,0
1023,9.2987275248574033,5000422.5783089017,26,0.068685547776527356,ok,0
1024,14.527123313454421,5348158.2906209417,25,0.083766280191484355,ok,0
1025,9.6627301957876135,5012500.1566163916,22,0.062975544840022657,ok,0
1026,11.441489334347182,4958101.3066986306,35,0.068414402474153369,ok,0
1027,14.08815046648404,5100736.0350298155,38,0.0830041975967728,ok,0
1028,11.401487224383626,4922513.2387848888,49,0.06520906445355179,ok,0
1029,13.940065890897079,5011408.0918468228,28,0.066643240791537606,ok,0
1030,19.527272356467748,5216041.1057107216,25,0.10636961600559258,ok,1
1031,9.2553364995751473,4856486.8939354056,51,0.064123271393070502,ok,0
1032,12.675268072821572,5193837.8148786509,28,0.054353047452879832,ok,0
1033,9.5169128166926296,4854670.4053186094,39,0.081004509327669338,ok,0
1034,15.731219651159179,5503998.3080246123,17,0.055849106939364429,ok,0
1035,12.14165931592442,4992185.3398812097,30,0.087455919977191487,ok,0
1036,10.255873580434058,4881791.3855422204,37,0.080052524670909175,ok,0
1037,12.049236616910294,4930116.1097272942,44,0.094860744656787899,ok,0
1038,8.5532059018614426,5387820.0483340183,18,0.073813729216673896,ok,0
1039,11.455030078366921,4966724.6406513462,39,0.07682428430247068,ok,0
1040,10.556464326258782,4884637.1934725866,46,0.088045263213372249,ok,0
1041,9.059438409518739,4865271.3658709368,50,0.071374984946434017,ok,0
1042,5.1932960292332551,3399077.9483101242,164,0.094573874821525905,ok,0
1043,8.174486118497672,4348933.6581571754,70,0.083465845219228785,ok,0
1044,15.64506154593753,4911156.902809999,39,0.080672391444298219,ok,0
1045,12.331517520201382,5136450.9368715985,29,0.083815017806597836,ok,0
1046,10.619704581904353,4892980.6556029636,43,0.093998877460358482,ok,0
1047,8.5241316929045006,4747180.0030452609,48,0.061245983232539825,ok,0
1048,8.4070492866103521,4318219.6892671864,75,0.083064205848574879,ok,0
1049,11.633651789941041,4868047.1309723025,33,0.053968013565791284,ok,0
1050,8.8478408084354641,4705765.05441471,43,0.069504074243966318,ok,0
1051,10.92157998045227,4863138.2894267347,55,0.070136926275085998,ok,0
1052,15.716970000850578,5023658.2135298224,36,0.072384394119980877,ok,0
1053,8.5157558456594238,4949600.02090404,35,0.055547161006102408,ok,0
1054,4.7071070789850911,3064117.217544022,190,0.1060661418410842,ok,1
1055,11.949606253522989,4933938.8794054566,36,0.077801334199770755,ok,0
1056,11.587925374697521,4898757.3336993149,38,0.071276167992136152,ok,0
1057,13.961744477721677,4964677.9161955994,39,0.070990259844162185,ok,0
1058,11.197393170941742,4894883.6360579608,48,0.094162081705076145,ok,0
1059,5.8669478949863096,3492347.8891292298,136,0.10133518475126724,ok,1
1060,12.491366012851939,4915226.3046217505,37,0.062852971796282464,ok,0
1061,10.877494637177179,4859060.3783441754,43,0.090362136339338983,ok,0
1062,10.686785348776027,4863787.342465152,45,0.056883558564781334,ok,0
1063,8.8410344285519535,4536155.3769555455,63,0.068041041630751198,ok,0
1064,10.839534980360051,4938250.0692782262,31,0.089995076594558743,ok,0
1065,10.512079764772546,5219952.7621540157,27,0.06772997396366176,ok,0
1066,10.207016723929449,4856481.3997567594,51,0.065404905604008134,ok,0
1067,9.8939240026711222,4867350.9984313939,44,0.094453950515546392,ok,0
1068,9.9843293567185061,4747180.0030452609,43,0.070882674565955525,ok,0
1069,12.724368066760706,4946808.8962337654,39,0.061492446060525952,ok,0
1070,18.071497520171384,5331598.6310070204,19,0.076053834052559277,ok,0
1071,10.66403721000172,4683078.6891501099,46,0.088331505842986602,ok,0
1072,11.236297785749819,4762962.8190767989,45,0.07171352839670575,ok,0
1073,20.742617581225563,5678862.9872078728,15,0.075998629133334217,ok,0
1074,10.053087732235563,5154313.364415695,35,0.073245492808247659,ok,0
1075,9.5306443289665417,4750157.6291427184,50,0.07831119891764049,ok,0
1076,11.457227004096323,5185573.1857283479,23,0.084837780468364044,ok,0
1077,19.320005513388097,5400443.1514098495,18,0.099403125730517461,ok,1
1078,10.297493485508753,4896097.3341673668,44,0.049591437490641432,ok,0
1079,10.645961749485108,4990323.9193450902,32,0.065316647803143724,ok,0
1080,12.35817335271804,4885099.2608627193,54,0.06011096704102542,ok,0
1081,10.339752325847996,4867528.8340812484,39,0.074439931217426647,ok,0
1082,15.652768280076508,5221446.1289034197,25,0.080853850028101026,ok,0
1083,11.402450932070852,5193147.9294344466,21,0.080915839513459153,ok,0
1084,12.041257573346277,4892203.5304488838,42,0.078674931965683315,ok,0
1085,4.3504048694858275,2764312.3841539626,235,0.089659772339626354,ok,0
1086,10.268328064362732,4878462.5076901829,39,0.065901837722398882,ok,0
1087,12.2040408625725,4860554.9675376164,40,0.070319545287586993,ok,0
1088,14.146526794014962,4874640.2375298329,43,0.057045661553286053,ok,0
1089,9.9367655736327727,4981570.4179266896,26,0.089863100190742257,ok,0
1090,9.5927942568040603,4879634.3856050661,46,0.087446737177337253,ok,0
1091,9.1404158378467262,4944111.2018946977,39,0.05926682974279629,ok,0
1092,9.8240333684383856,4861921.0230035763,37,0.09135381146001964,ok,0
1093,12.517803389216807,5018030.1450247588,38,0.052777585798101379,ok,0
1094,9.9036794157692487,4948058.2410631822,35,0.081373243907214454,ok,0
1095,11.011656646995892,4990943.8923245594,40,0.056086938951290376,ok,0
1096,12.202533472570448,5030791.8670207597,23,0.069235217631924084,ok,0
1097,11.658342211443919,4865128.5855860906,44,0.057103476849458601,ok,0
1098,5.288723310743487,3336995.657221681,149,0.072243179486676468,ok,0
1099,9.6005493475862007,4890331.084869355,44,0.075585720891594432,ok,0
1100,10.943608513266451,4864275.7274732953,38,0.041880555740746783,ok,0
1101,9.5497424721731452,4439583.066321508,61,0.056980372445461058,ok,0
1102,10.284830329502219,4705765.05441471,50,0.082364121443055494,ok,0
1103,13.22631395113517,5128485.8141417997,30,0.081682401541330552,ok,0
1104,9.1053607704794697,4875961.9609280173,50,0.067732242633775808,ok,0
1105,7.6948173822120589,5411780.9382368475,12,0.07649034606859724,ok,0
1106,13.213448116447243,5178746.9848980531,25,0.076817314907756118,ok,0
1107,12.97401055658545,4886353.2251260197,37,0.069229990158971133,ok,0
1108,10.549123208370087,5060569.9952956587,20,0.088245358792400808,ok,0
1109,15.867728467592361,4975664.3172077984,38,0.051708574754496028,ok,0
1110,17.462833209315686,5019955.0632901648,37,0.084659304643715683,ok,0
1111,12.481838705640813,4903247.28740195,48,0.065954069324798192,ok,0
1112,11.194895647224232,4793893.8151622703,46,0.10060942152556096,ok,1
1113,10.501529121758514,4857735.0448223026,43,0.075476103204229372,ok,0
1114,11.870331491780558,5013766.9040685603,36,0.066467242620561362,ok,0
1115,10.903175253628579,4757018.4600196751,49,0.052715636933973187,ok,0
1116,9.6655423242125487,5142318.1896763043,32,0.07660515669075818,ok,0
1117,9.2825036653146658,4268339.1925416272,69,0.062758926282937902,ok,0
1118,16.430175643535222,5433704.2629656903,21,0.075156226086141587,ok,0
1119,9.0751919470352309,4793893.8151622703,56,0.08163702557653206,ok,0
1120,9.5531763137172767,4747180.0030452609,49,0.053642505263487697,ok,0
1121,16.0813767590388,5409600.3372072615,19,0.070503637716370804,ok,0
1122,13.388100033049588,4876540.3227646435,44,0.060337131016685586,ok,0
1123,10.886327917458155,4890204.6680906257,39,0.068022248542567887,ok,0
1124,11.127154386261253,5074419.528917511,34,0.076991218771573777,ok,0
1125,9.5833593171149989,5020402.2944568302,31,0.049538171609629256,ok,0
1126,9.8469824219497184,4793893.8151622703,56,0.081203339681673911,ok,0
1127,12.060938419609078,4863528.8563780142,39,0.068438588966622915,ok,0
1128,11.358242504355717,4855125.5965905795,26,0.074631664114716112,ok,0
1129,10.902516827467657,4705765.05441471,61,0.065682656232359748,ok,0
1130,21.759501148532621,5234525.981469606,13,0.078284144308478631,ok,0
1131,11.613398790269889,4894539.9187033158,46,0.068781111624094282,ok,0
1132,12.523569654628901,4907336.4405413298,45,0.10472030559000212,ok,1
1133,10.078980437770397,4891490.4073024988,45,0.074747125118378499,ok,0
1134,13.681550039916351,4865837.7404954769,49,0.077039864934379865,ok,0
1135,10.026254111958526,4857320.0218668319,62,0.077505213510177251,ok,0
1136,8.460114493028561,5380828.6741511989,8,0.082776097740252408,ok,0
1137,4.982493514910316,2976563.3445416004,207,0.069947589087483886,ok,0
1138,11.521907753720411,4966502.813884628,36,0.065198361239631741,ok,0
1139,11.077868840137043,4938925.8015796309,44,0.074914371915429046,ok,0
1140,9.1368913875785989,4683078.6891501099,50,0.057409534601278844,ok,0
1141,14.294455967902493,5251948.2369486792,33,0.063523557879011761,ok,0
1142,4.1813416696035386,2732506.691710141,251,0.12431685262179287,ok,1
1143,12.144556013132371,5211488.4813067792,20,0.090290018656537185,ok,0
1144,5.6883042643731896,3452709.9424453662,134,0.11730669960279461,ok,1
1145,12.41714068169413,5613165.6413252931,12,0.094149985488824112,ok,0
1146,21.749754327076282,5331533.9378324794,25,0.10971911974976878,ok,1
1147,11.536723725631628,4892235.1173427068,42,0.053953811598603796,ok,0
1148,10.903880054389992,4870250.589050658,45,0.079251767304718723,ok,0
1149,9.438597291822969,4750157.6291427184,38,0.078935286203950961,ok,0
1150,11.409287926807036,5351320.9864549106,15,0.074281377020251727,ok,0
1151,16.650485864599574,5616836.5842370298,16,0.058321602601076994,ok,0
1152,12.168654403585991,4886767.9402136924,41,0.067412311084078053,ok,0
1153,9.2809969424271994,4640733.8797885403,49,0.071244726706034101,ok,0
1154,8.3276605684860456,4937699.5751179103,47,0.051485350885738246,ok,0
1155,13.19734440977504,4868715.8448176989,45,0.075847003697949722,ok,0
1156,9.6781163847009886,4865037.5524217598,46,0.084659837065810706,ok,0
1157,18.792264673389791,5160628.3458174095,26,0.078470188056659562,ok,0
1158,10.342198457645027,5040162.148552564,28,0.081637757486359486,ok,0
1159,9.6687876360131924,4747180.0030452609,62,0.082520036196724433,ok,0
1160,12.221778629606355,5355268.9857630571,19,0.068548853360604345,ok,0
1161,9.8159748821150199,4683078.6891501099,58,0.06307344738305054,ok,0
1162,16.098971699937486,5476756.9029984968,18,0.084619992119565279,ok,0
1163,10.38140120097334,4967904.6094010631,42,0.11509922043584131,ok,1
1164,10.340040871411782,4864724.518482131,44,0.075824653219580651,ok,0
1165,10.573000657821455,4747180.0030452609,40,0.077862826831866072,ok,0
1166,10.93646688971824,4860289.7242823308,54,0.067375590780118788,ok,0
1167,9.9717735280560067,4793893.8151622703,40,0.088480182346785397,ok,0
1168,12.547749236550775,4952802.9226913275,45,0.068086596733647531,ok,0
1169,11.402257942072543,4911694.749526971,35,0.05236374001316059,ok,0
1170,13.305054103725002,4855093.2600953709,49,0.096447830437382198,ok,0
1171,11.28297123330872,4856057.5074693449,45,0.063589641508176808,ok,0
1172,11.265102417779095,5331424.6332305511,19,0.087986013116318151,ok,0
1173,18.617509303173232,4863689.0967968404,37,0.12202584739309341,ok,1
1174,13.587090410479284,4926347.7894039517,44,0.074943778617417967,ok,0
1175,7.9505389292789141,4888000.0731809009,39,0.048364268536528685,ok,0
1176,8.8374697897586376,4864057.9586122325,46,0.062527806314256917,ok,0
1177,12.001493052468396,4891342.8157202667,43,0.073521578303615109,ok,0
1178,10.014274971634936,4856188.6896807756,35,0.053662827263931234,ok,0
1179,14.774510855740674,5514639.579246494,12,0.087698480658248257,ok,0
1180,8.4096284990525731,4327078.1959230807,69,0.069576427370711624,ok,0
1181,8.1111735083641232,4204450.8888818501,75,0.1008112053568424,ok,1
1182,10.073473209303737,4747180.0030452609,61,0.11744532082615372,ok,1
1183,9.56515689975841,4873972.3399550272,49,0.064975549202827665,ok,0
1184,5.3741219093725174,3399077.9483101242,145,0.1042019495919842,ok,1
1185,13.037690051581569,4855444.3418399626,46,0.073337187244591817,ok,0
1186,5.3783808391971251,3369318.1216470301,153,0.098585837451606123,ok,1
1187,9.7858138330740161,4750157.6291427184,56,0.048535226052061953,ok,0
1188,13.169719137965833,4954396.4938076083,43,0.077484540799501733,ok,0
1189,11.296684931389759,4865242.9751301315,35,0.081896010176157552,ok,0
1190,7.4825854873412094,4546139.8779072883,61,0.07167165495978467,ok,0
1191,10.169278775675147,4938117.0166735724,48,0.067129204989654717,ok,0
1192,9.6038601803117238,4945177.0711932462,43,0.054286930945622758,ok,0
1193,10.701339418751273,4747180.0030452609,48,0.088157475878332114,ok,0
1194,10.386883548102057,4747180.0030452609,57,0.10175537690266545,ok,1
1195,9.0061907513955486,4907168.3862199513,36,0.062560214981892681,ok,0
1196,8.5247031288472783,4171017.3460589824,77,0.0911758848768775,ok,0
1197,11.666493083403783,4989232.6455839304,33,0.067361234768249956,ok,0
1198,9.5765489183435335,4747180.0030452609,62,0.093713686362420279,ok,0
1199,14.637014820730313,5319268.8030974511,21,0.078765346897811783,ok,0
1200,12.189745220950343,5266852.1225986741,22,0.089071185779481227,ok,0
1201,11.886011071472591,4883474.1818815619,50,0.066700345122535309,ok,0
1202,12.23713354239989,4881942.5527764643,42,0.097743996868000449,ok,0
1203,13.017677190127738,4858009.8056057049,47,0.062422537240314213,ok,0
1204,11.774298408141108,4942028.5615018494,33,0.073829157246357774,ok,0
1205,8.7029454160162736,4358084.2854661876,66,0.08292269037892025,ok,0
1206,5.8952875701694154,3519824.2810661173,133,0.10382944311450187,ok,1
1207,9.2564470291819863,4793893.8151622703,46,0.088940268562059707,ok,0
1208,10.9694784363574,4862738.5898729181,47,0.060564549455876276,ok,0
1209,12.715256901284476,5189867.0819923803,25,0.060877909352128223,ok,0
1210,15.549917857742072,5572279.8614230836,18,0.08200903796716319,ok,0
1211,14.085189447719591,4887608.0383170154,38,0.060441123372041494,ok,0
1212,11.056408061659473,4866825.7600634489,35,0.071777867652362937,ok,0
1213,10.644299289110924,4932097.0298196916,36,0.060229830814280683,ok,0
1214,9.1572192434084698,4866228.9520658255,39,0.076792734306918187,ok,0
1215,9.9268363214126172,4705765.05441471,56,0.11633255873653991,ok,1
1216,8.6007922795053879,4200096.9742686078,80,0.055877573489472643,ok,0
1217,3.5067080803929191,2262960.3740760442,300,0.11338245429956104,ok,1
1218,12.33216466527268,4955434.5645559765,43,0.082214161981907063,ok,0
1219,9.71993471381146,4884837.2142725764,50,0.072996461784145816,ok,0
1220,11.329043774984859,4919566.8915823521,31,0.06033065921094527,ok,0
1221,10.498321628785718,4757018.4600196751,46,0.059714976426792549,ok,0
1222,11.527630590089565,4998274.3033212516,30,0.062069397528931147,ok,0
1223,13.472981736525499,5086807.3121895157,35,0.070969388389927057,ok,0
1224,13.001351367665679,4951812.9215145819,39,0.065818466488315686,ok,0
1225,10.762803054873277,4996777.7474659858,37,0.078687449475900506,ok,0
1226,18.682512985620182,5192335.9407901894,19,0.081656985630450984,ok,0
1227,10.733292477613322,4933931.9059372284,30,0.07228272058221652,ok,0
1228,12.235846921936343,5000918.0612782137,30,0.061726128698284963,ok,0
1229,12.149997592269544,4683078.6891501099,48,0.10646207042296096,ok,1
1230,5.4419636365396453,3384464.3852396221,142,0.090956776057167399,ok,0
1231,10.712808576747388,4890793.5465498343,49,0.06665883469310252,ok,0
1232,12.988367005026248,4856301.2687975755,37,0.070875667456388847,ok,0
1233,10.642639798347261,4705765.05441471,56,0.080567465979334091,ok,0
1234,13.531276178053304,4931186.5115059977,40,0.057369312905006575,ok,0
1235,9.6205126716426079,4750157.6291427184,55,0.10574232371802805,ok,1
1236,16.233294248605613,5353974.0089254444,20,0.092207321231710049,ok,0
1237,9.5987093707740243,4757018.4600196751,45,0.074557079534466442,ok,0
1238,11.22021779136886,5281038.6661366951,19,0.08221850732646363,ok,0
1239,5.5698306228635497,3336995.657221681,156,0.10562020525806304,ok,1
1240,10.411387528925419,4884398.4231033316,42,0.08641595587221651,ok,0
1241,9.4762316570284941,5213089.3952067439,30,0.069264661297332719,ok,0
1242,9.5176329960327095,4874667.2449064841,46,0.078860176938279458,ok,0
1243,7.6225984070855883,4268339.1925416272,75,0.057110804633316817,ok,0
1244,11.819656638323091,4885190.233064088,51,0.071375871232652988,ok,0
1245,15.606267141081682,4900277.6470202683,38,0.077211882589648284,ok,0
1246,10.010058090186838,4640733.8797885403,41,0.0852948089618496,ok,0
1247,15.909949759214491,5901473.9699268071,13,0.069491041819795152,ok,0
1248,13.005335996766783,4857973.527532069,51,0.099925839674789185,ok,1
1249,9.4117691808641712,4757018.4600196751,43,0.09898463697434734,ok,1
1250,5.9686512034545363,3432351.1564540281,140,0.08321611098087589,ok,0
1251,8.4818933720649721,4747180.0030452609,54,0.057962406001349553,ok,0
1252,11.707521376953883,4861798.9962089965,43,0.09945252195975296,ok,1
1253,12.787981972078304,5055723.6549817016,37,0.071153494792595251,ok,0
1254,7.1347936258455089,4311809.8551814649,75,0.0922708037391895,ok,0
1255,9.3252293850625865,4885840.7521759681,43,0.076617018316195495,ok,0
1256,5.3252250660250793,3446045.4523578081,149,0.086922850705136945,ok,0
1257,8.5064672328088378,4271679.4857318792,66,0.072059821625262921,ok,0
1258,12.282966573767318,4750157.6291427184,47,0.081586450282584877,ok,0
1259,11.602983563891931,5073236.8177971216,30,0.057104775948834785,ok,0
1260,8.2803502348376625,4453792.3628604989,63,0.077269646632569577,ok,0
1261,10.168794191423592,4866252.7248766636,49,0.073485715992345768,ok,0
1262,7.6570017856301886,4906799.1024198039,26,0.064193542400270809,ok,0
1263,7.8799032770087223,5236338.1476922631,21,0.081083059147410541,ok,0
1264,11.670391225829885,4856697.9720406383,40,0.072114601024300784,ok,0
1265,25.507407192281693,5677353.2884528348,12,0.085800166334609629,ok,0
1266,10.945045101852875,4705765.05441471,63,0.063492063492063489,ok,0
1267,9.9622517300522411,5006022.6457436122,41,0.061293069414800061,ok,0
1268,11.930485707207415,4867237.9462807933,46,0.084468264935132709,ok,0
1269,6.9123279080370237,5482590.7269432908,10,0.094922287808817118,ok,0
1270,8.8805795345286889,4864192.2104831394,37,0.057785279023244041,ok,0
1271,12.144222066105902,4856473.1392838052,39,0.053093518194702094,ok,0
1272,15.647090914957484,5519089.6086636521,16,0.071793934535960613,ok,0
1273,7.2638916573377843,4324739.151746342,79,0.085238265737545837,ok,0
1274,10.625629346673554,4871528.2555793189,53,0.07190815821536034,ok,0
1275,10.438962044951522,4885187.2212772137,42,0.091015227364665496,ok,0
1276,9.2628103888886439,4793893.8151622703,47,0.067213144963888749,ok,0
1277,8.9247619072009741,4640733.8797885403,49,0.081143415982563416,ok,0
1278,8.664721507375333,4995863.2922425028,22,0.10121349539196389,ok,1
1279,10.950848094018664,4940196.0529337656,39,0.059767302459164284,ok,0
1280,11.109927452287163,4932179.5793753061,43,0.065429326982601732,ok,0
1281,11.146087202718407,4995187.0791160893,32,0.065807426781132827,ok,0
1282,11.792457179686869,4866378.4025261002,45,0.094678485788850297,ok,0
1283,11.985891302412369,4872948.8095421018,47,0.064378672657229408,ok,0
1284,15.001013458572203,5234104.0002017496,29,0.084800553889077979,ok,0
1285,11.840503480404331,4858801.5735575035,44,0.091193665865638818,ok,0
1286,10.847010843078143,4793893.8151622703,45,0.089049401208835754,ok,0
1287,13.081449798088428,4859269.8883171482,41,0.082251298011997265,ok,0
1288,10.361841444052168,5053863.3685093597,29,0.08386048780042972,ok,0
1289,10.696310168756629,5014141.4501627376,30,0.10752791525960759,ok,1
1290,10.065882640091077,4867894.4031643346,40,0.076657819821316364,ok,0
1291,5.1167927269593934,3336995.657221681,147,0.097446041330245703,ok,0
1292,9.2960505033757048,4747180.0030452609,46,0.08441393545217446,ok,0
1293,11.761227897629931,4874413.5290532652,34,0.084069099094443933,ok,0
1294,7.7699346808572907,4869414.6449649148,51,0.0758452576241401,ok,0
1295,12.067369182595538,4857624.9116614554,47,0.060169150986982833,ok,0
1296,14.910024829088462,5614707.6919960827,19,0.070181000778760438,ok,0
1297,9.5788209713894332,4877104.0824309634,45,0.050633051400001183,ok,0
1298,9.3354963075824173,5136511.7570829364,22,0.1059008581355193,ok,1
1299,11.856805144449961,4965619.5487476792,29,0.091991318041021897,ok,0
1300,14.087946175751405,4942664.15585972,33,0.065115168545103685,ok,0
1301,17.343210870860236,5428471.309360397,16,0.094146170907957849,ok,0
1302,8.851357553855344,4793893.8151622703,34,0.078849252251230073,ok,0
1303,9.4859508166425837,5111628.6171112414,34,0.078905161602923657,ok,0
1304,9.7769189665081502,4747180.0030452609,51,0.068680014567233744,ok,0
1305,7.4639723243298963,4268339.1925416272,65,0.084781402659029781,ok,0
1306,5.3498080387418439,3432351.1564540281,150,0.11254987592407095,ok,1
1307,10.467804254610206,4975204.8742963476,42,0.069932063385998777,ok,0
1308,9.5645522370559899,4868199.5882264879,44,0.089529765414428031,ok,0
1309,6.1950946515837355,3578778.1470238399,141,0.090578790379050533,ok,0
1310,10.673082273761672,4895277.2535996642,44,0.049533966373848881,ok,0
1311,12.070541458636383,4855612.8958776155,47,0.055367276340856003,ok,0
1312,5.7331537573300126,3432351.1564540281,126,0.10392744008788191,ok,1
1313,13.215596718248822,5077199.709250397,30,0.078167859782596327,ok,0
1314,11.019268123242718,5018085.6126969215,46,0.097385302364283277,ok,0
1315,10.71253994423328,4859949.5834987033,51,0.058708733421966697,ok,0
1316,14.418831425995268,4955978.7221028423,27,0.067385942742475669,ok,0
1317,9.0111118458057344,4871886.194183561,45,0.06525889852894684,ok,0
1318,10.260973654530387,4864264.3417154672,42,0.058242405331484726,ok,0
1319,13.083348737306563,4885023.1416767733,44,0.097501810520033594,ok,0
1320,10.004178182907713,4793893.8151622703,48,0.11196530623785639,ok,1
1321,9.1523826861431861,4750157.6291427184,61,0.074697453374858003,ok,0
1322,11.167782853555488,4917306.9250295656,26,0.063295672245222701,ok,0
1323,9.4314543665030754,4793893.8151622703,45,0.070549272027631615,ok,0
1324,8.3539001458028412,4757018.4600196751,55,0.057756150996605249,ok,0
1325,9.6069006935760477,4750157.6291427184,49,0.069287190600519813,ok,0
1326,9.4252048242309048,4861040.0926493127,46,0.066898823275068242,ok,0
1327,10.015524930665308,4793893.8151622703,46,0.10124179846819681,ok,1
1328,9.1254473160422656,4868148.1186086545,43,0.053113900374475831,ok,0
1329,9.3673080059904841,4885085.7668527188,49,0.050373742191970772,ok,0
1330,12.472900121124491,4993176.351546661,44,0.066225179544811219,ok,0
1331,9.7440762470705771,4987357.0894352039,25,0.068431883437885421,ok,0
1332,14.347536911089794,4908250.0827822471,36,0.06963807615126727,ok,0
1333,12.511601236953251,5271244.4929598225,24,0.059077794005745143,ok,0
1334,9.7645894674677098,4920458.9814137928,33,0.056953710237343858,ok,0
1335,9.7522384769441661,4878686.2535533309,50,0.049216973212545367,ok,0
1336,12.211895108190113,4864076.5445916858,38,0.092861216879351366,ok,0
1337,12.674562626212815,4881402.1616463084,42,0.076360185253054991,ok,0
1338,11.20742752705204,5357580.001826942,26,0.085280286889945378,ok,0
1339,17.734416685768547,5323556.3802924538,21,0.10397207609024151,ok,1
1340,9.4223089882841222,4536155.3769555455,64,0.12114848373478337,ok,1
1341,11.566708727158076,5160038.0339217521,35,0.051726037824761595,ok,0
1342,7.1181848609159042,4747180.0030452609,51,0.071171464100025728,ok,0
1343,11.140757892319249,5197857.4132349472,37,0.098978790286396778,ok,1
1344,4.7447842711269956,2976563.3445416004,200,0.10526812042520406,ok,1
1345,8.8669477960170404,4793893.8151622703,49,0.073706518595769294,ok,0
1346,14.966207804554291,5254525.9988155011,19,0.073397172483339657,ok,0
1347,11.926552408256292,4887959.0480795568,36,0.077720878611677924,ok,0
1348,13.905232408965498,4862752.3599119969,49,0.068420620550053102,ok,0
1349,10.200102800616046,4757018.4600196751,50,0.09367880588479105,ok,0
1350,8.0701484964469969,4204450.8888818501,83,0.10047562122364195,ok,1
1351,11.027845905655933,4871468.8262385884,56,0.06331578929530432,ok,0
1352,21.412340060245157,5375174.7106464487,15,0.07328065574163245,ok,0
1353,9.0024900930112786,5368535.1732515022,26,0.069915429225152814,ok,0
1354,4.0786094349445712,2701702.846704314,228,0.10561102633958397,ok,1
1355,10.030582462565084,4877072.5539445644,38,0.085329502902939031,ok,0
1356,6.0570718024621923,3357000.8765196907,147,0.065408872550906674,ok,0
1357,11.046418521826855,4867077.4552337835,51,0.071107150371334638,ok,0
1358,9.4970508900293407,4757018.4600196751,45,0.10780185203374748,ok,1
1359,11.66297143492389,4978773.010178444,46,0.061416277528101637,ok,0
1360,14.070532789615694,4858302.461000382,45,0.074162382816839845,ok,0
1361,12.879439119158862,4980543.9102460854,33,0.063794896717113886,ok,0
1362,9.9576737238695259,4705765.05441471,45,0.07175130362019902,ok,0
1363,12.014307815102571,5175581.0257336088,26,0.073055504973570162,ok,0
1364,8.9239707022261214,4747180.0030452609,52,0.063250255355191159,ok,0
1365,17.20677824227144,5377684.9597364394,18,0.1053362198927594,ok,1
1366,17.080779449986007,5367768.2311731419,17,0.085703366445676693,ok,0
1367,8.8485339473638867,5069702.2068551658,26,0.069235118920989436,ok,0
1368,5.9330749712759276,3446045.4523578081,132,0.093247456299985543,ok,0
1369,10.335636784537158,4876767.0879098242,30,0.080453424429548059,ok,0
1370,8.2694276240115556,4864300.5470334757,43,0.065275942425130656,ok,0
1371,14.684026005528297,4875497.8056212589,49,0.065270530636263313,ok,0
1372,8.4486315578262818,5050349.8414390823,26,0.071348950147564261,ok,0
1373,9.6470975342328984,4683078.6891501099,42,0.081570084067204451,ok,0
1374,6.4380653384492694,4079770.612327572,97,0.087411538409349676,ok,0
1375,9.4914203646621651,4894929.5469881063,42,0.086715208622512474,ok,0
1376,11.56454620774843,4862272.0891886121,41,0.063714986361801479,ok,0
1377,9.4322175230588439,4757018.4600196751,42,0.085911222946239207,ok,0
1378,9.4084362064433851,4793893.8151622703,41,0.10440317677714883,ok,1
1379,9.8221992132815252,4892700.664754332,37,0.05644580481618422,ok,0
1380,7.7614609462888815,4311809.8551814649,81,0.063077900532579667,ok,0
1381,8.467260528684017,4747180.0030452609,61,0.065366774893307888,ok,0
1382,12.938748117271723,5254766.4471798828,22,0.091017572654108217,ok,0
1383,11.224158032479853,4640733.8797885403,52,0.079930615935212779,ok,0
1384,13.137112332104465,4949582.6282388708,44,0.063430930647428663,ok,0
1385,7.2904751201583,4318219.6892671864,72,0.084288846100382397,ok,0
1386,9.7487475061097477,4793893.8151622703,45,0.10893973550073276,ok,1
1387,12.602150026306683,4856579.0858659567,48,0.091131635025247681,ok,0
1388,9.4670385810423685,5050651.4015438119,32,0.067909207074062339,ok,0
1389,8.6521901651105857,4921099.9523859415,36,0.04044941303444112,ok,0
1390,11.041619383717126,4859554.9725183947,41,0.088672191413685542,ok,0
1391,5.1917342811172134,3369318.1216470301,147,0.094979399699551575,ok,0
1392,8.3818009160945657,4854360.9956992064,36,0.071851296996771397,ok,0
1393,10.542586916766481,4750157.6291427184,45,0.084807863672793971,ok,0
1394,10.974030404717213,4889652.6664192909,54,0.061003552991037879,ok,0
1395,16.685559874219784,5478256.8225927502,19,0.072783667301970278,ok,0
1396,6.7822416043381395,4318219.6892671864,79,0.083003134798614542,ok,0
1397,10.764917356246057,4928820.3917324953,39,0.081987118020295568,ok,0
1398,6.9352260858722889,5124687.3330010911,23,0.073623916358189101,ok,0
1399,16.742356082735526,5243095.7352023814,25,0.10800867926861535,ok,1
1400,12.467169616227826,4885106.1845573951,50,0.091050292406259947,ok,0
1401,10.273839447485646,4757018.4600196751,48,0.090121789865506841,ok,0
1402,11.269825365637205,4857070.7158721546,45,0.068955508645623831,ok,0
1403,11.419928351196425,4869969.0215643151,33,0.085678798538485812,ok,0
1404,16.003222544746659,4890132.3890420869,30,0.067544001768182399,ok,0
1405,15.279620023142581,5371392.288968577,26,0.10272693451953541,ok,1
1406,9.7890661399570043,4762962.8190767989,60,0.060029692399833995,ok,0
1407,25.794760349229527,5392847.3601322994,9,0.099142687856904888,ok,1
1408,9.2149196411801562,4890634.007215037,43,0.063421780551375928,ok,0
1409,9.4812257278214638,5342768.2288643336,22,0.088915522603261521,ok,0
1410,5.1610910005205808,3137987.8488104269,188,0.099057064443867637,ok,1
1411,13.674912375637041,5109791.1789667886,33,0.083921691975063939,ok,0
1412,11.564232390025824,4981770.8301803665,37,0.068044994616577981,ok,0
1413,13.56612168890617,4896852.7890845789,42,0.05128271854251254,ok,0
1414,9.9131615766119499,5265572.1267607529,26,0.072750863724231979,ok,0
1415,13.63770215894251,4942450.4260356324,33,0.075577201432505181,ok,0
1416,9.4299274446919643,4906142.8376278682,46,0.07388280343396425,ok,0
1417,13.622885237640903,4988101.9917376572,36,0.067088447014182165,ok,0
1418,6.6461754622932476,4171017.3460589824,86,0.073467570160942186,ok,0
1419,12.448374706677036,4995437.0300160721,34,0.063597037338186002,ok,0
1420,17.899492027286968,5034021.0645520911,39,0.10583393540561647,ok,1
1421,14.57401995870805,5029974.3522910299,31,0.076827797527427966,ok,0
1422,10.951164894679405,5190938.6644475618,27,0.082475267360098248,ok,0
1423,10.150684851750711,4861440.2263363507,32,0.064912829750530809,ok,0
1424,8.9717523527336347,4311809.8551814649,68,0.079633082310155812,ok,0
1425,11.877693450553805,4750157.6291427184,40,0.063720328098714862,ok,0
1426,8.268602608616618,5081609.2233381718,30,0.071553514742124291,ok,0
1427,10.920714811102849,4793893.8151622703,49,0.079571169577550782,ok,0
1428,7.8238897298753711,4705765.05441471,46,0.096938136833174871,ok,0
1429,15.538176249220067,4865413.4196808478,40,0.074341652623390375,ok,0
1430,10.762057858725425,5011695.6108138841,29,0.070532337691514346,ok,0
1431,10.794024162025275,4866638.5105960425,43,0.085234582424040917,ok,0
1432,10.241349499002389,4856368.6084014317,39,0.08448149049781073,ok,0
1433,8.9818882438925094,4856260.9119174695,54,0.064168304353218519,ok,0
1434,21.304902049556468,5106258.2886667931,20,0.088780847247430184,ok,0
1435,10.37327686706166,4872954.8753052242,46,0.092872331896177829,ok,0
1436,3.9547630330826413,2581618.0750895645,238,0.10785716947999013,ok,1
1437,17.368920673403206,5375748.6744363597,12,0.088435541334517087,ok,0
1438,9.3060699751617513,5043642.6577891894,32,0.053280216986185236,ok,0
1439,15.602194120513756,5474385.1126467818,19,0.11231802101028399,ok,1
1440,10.378005472314367,4881178.458550944,44,0.057165960257095638,ok,0
1441,11.078487537293665,5103842.1120987609,36,0.061420334493751061,ok,0
1442,9.7541759692763019,5039780.731654197,26,0.068325565458703108,ok,0
1443,10.642803005396427,4858441.1173377736,45,0.046159730098278229,ok,0
1444,10.383894036094157,4973689.518159518,40,0.075816661368180993,ok,0
1445,10.221218020402848,4881902.9814136345,41,0.070618784286957947,ok,0
1446,9.7883433675195715,4869241.2042460237,31,0.072700135372951946,ok,0
1447,11.313069520593176,4890621.1401983555,34,0.096196563382245026,ok,0
1448,18.632207240671676,4998745.5838478087,27,0.081718390870637259,ok,0
1449,10.381970891876962,4862232.6772869267,47,0.058691824202661946,ok,0
1450,9.5837590550723757,4793893.8151622703,48,0.06977263856649521,ok,0
1451,13.844672598730535,4858420.2586041102,40,0.07594406034598733,ok,0
1452,11.677582310533039,4865021.2330259075,38,0.070646955431382913,ok,0
1453,10.38898003998675,4867075.9126894316,40,0.080046268649339614,ok,0
1454,12.509032150066449,4855417.7181276493,38,0.091991621249690986,ok,0
1455,16.954359830186615,5533667.0322903879,16,0.081789448269831255,ok,0
1456,9.0600713124206784,5352747.8188014096,21,0.05237077423330283,ok,0
1457,11.543394515792606,5346262.747060732,23,0.082892023454037789,ok,0
1458,11.118339647930465,4750157.6291427184,40,0.063574523532533234,ok,0
1459,12.850152337943992,4868166.0697899843,43,0.061053713979251412,ok,0
1460,13.548255294129726,5096685.4529048493,27,0.083762534335802441,ok,0
1461,12.853126020356267,4919047.1576391822,39,0.068644702584253481,ok,0
1462,9.5188071324549028,5128908.1377835907,34,0.07172570852588056,ok,0
1463,10.22091184557812,4858123.3383608907,41,0.071263065209240473,ok,0
1464,16.244686938924431,4928663.5196936242,36,0.063655158293719039,ok,0
1465,11.443576308852961,4908015.8666440463,35,0.087393957701444092,ok,0
1466,15.081534829287619,5403697.749738805,22,0.079159431899271993,ok,0
1467,12.757364528490948,5129191.3581032548,22,0.072123561469164654,ok,0
1468,11.292195796449608,4993776.9968189336,42,0.056784888706776948,ok,0
1469,29.165238554118368,5662113.8983887201,8,0.093910590168475028,ok,0
1470,8.2819192569418476,4855083.8261500141,48,0.048792971017849185,ok,0
1471,9.5040685400770446,4747180.0030452609,54,0.05405662599599334,ok,0
1472,14.997340879810064,5629269.6891565137,10,0.085104071316977059,ok,0
1473,6.3085417273992039,3492245.1892428468,138,0.07922646245380105,ok,0
1474,9.3552252611901032,5126971.6536780465,24,0.066228758130442711,ok,0
1475,9.8295820004954564,4750157.6291427184,42,0.065120240586282241,ok,0
1476,12.899172310990121,5013804.4341509212,33,0.060755067617311198,ok,0
1477,11.888187048476679,5466009.7934782673,14,0.072646242682460338,ok,0
1478,12.195598471533602,4855897.367762519,50,0.08881818704541089,ok,0
1479,11.208298708795697,4905188.5470827781,49,0.059971744092063073,ok,0
1480,11.700928263397023,5077537.3495829673,24,0.065212785035680843,ok,0
1481,10.477473556943917,4747180.0030452609,50,0.066228258940828788,ok,0
1482,11.818269656796931,4929114.033042036,44,0.084809523568445067,ok,0
1483,13.970063282972722,4922485.7102965033,45,0.0810684915876273,ok,0
1484,12.56774435376575,4856477.4492381439,33,0.07382816134296008,ok,0
1485,10.086984996017582,5303169.168607004,26,0.059308715032430515,ok,0
1486,15.292337586294968,4860346.5214434126,44,0.066478512916082977,ok,0
1487,9.012968003286467,4747180.0030452609,49,0.062070678945753799,ok,0
1488,5.0451419475028869,3342512.705544631,157,0.082141636971036935,ok,0
1489,11.384089403862557,4988743.5002183318,33,0.087460158353943829,ok,0
1490,15.038600391029329,4881376.848458929,30,0.062274978198427963,ok,0
1491,8.5008413232411435,4985345.0123436879,37,0.065073990172606178,ok,0
1492,12.478229613542434,4898967.9178078184,33,0.063235934108419767,ok,0
1493,13.435160993539847,4913084.2964403238,43,0.068583532420221638,ok,0
1494,8.6150287175229057,4536155.3769555455,55,0.061451717366255154,ok,0
1495,13.719668229244258,5175153.5179627715,32,0.072579951440665869,ok,0
1496,9.3453181624856363,5389030.9015093138,19,0.072421361994231326,ok,0
1497,5.9365843947731953,3633496.0735299778,129,0.097556321755961128,ok,0
1498,10.972910478405467,4858036.7299523465,42,0.04620047506708036,ok,0
1499,13.138643784056345,4858804.6936084144,46,0.068834469409444377,ok,0
1500,9.5144544701876956,4946757.1777439388,35,0.091124747014188323,ok,0
1501,12.406863527155934,4921559.2384124482,47,0.062826029344277001,ok,0
1502,11.56639634132272,4858204.5777496388,48,0.079514132462289666,ok,0
1503,5.6806361830434353,3446045.4523578081,148,0.080009001764345777,ok,0
1504,14.289244695888003,4948298.9026587782,37,0.074142487245081434,ok,0
1505,13.607625876462301,5496674.6494444804,10,0.088491264939654535,ok,0
1506,9.6716077708817707,4855900.1704724422,43,0.041637105007693742,ok,0
1507,10.519127535305856,4883748.6764249532,38,0.071843742512707087,ok,0
1508,9.336145634500955,4988214.8825604571,28,0.069538262749444968,ok,0
1509,11.038416002690521,4960270.4715759521,37,0.091497390818737312,ok,0
1510,10.0786404891091,4901120.951101562,41,0.073282520923382277,ok,0
1511,11.702746470066517,5144152.103423994,37,0.081619518513510569,ok,0
1512,8.0161110668101436,4747180.0030452609,49,0.049920832792981151,ok,0
1513,11.326406385397005,4747180.0030452609,51,0.079852657116273817,ok,0
1514,8.8779687972411558,4934610.8783557182,48,0.06997536830815454,ok,0
1515,6.8860786043148288,5013446.0163941355,24,0.068133595084774123,ok,0
1516,16.779450552070266,5315393.7364488225,26,0.095495967999675413,ok,0
1517,22.615951694506368,5430144.9894692078,11,0.093454215413449782,ok,0
1518,12.435513662523842,5147838.2359296381,33,0.072192466652653664,ok,0
1519,12.667695381243265,4937045.7898203265,39,0.11283347735286997,ok,1
1520,14.092428302480627,5217685.0916116768,29,0.093195128737980748,ok,0
1521,9.2294163576026573,4747180.0030452609,59,0.10105775446400848,ok,1
1522,14.430360324594178,5368203.0489548491,22,0.074983347942440215,ok,0
1523,10.404193940804328,4921444.871527045,34,0.056449127409434974,ok,0
1524,13.147036106116468,4936043.6306064036,32,0.077367148066508573,ok,0
1525,8.8440255238657812,4793893.8151622703,44,0.099329690351104949,ok,1
1526,10.263487107708489,4705765.05441471,41,0.09310868175681386,ok,0
1527,11.10489218341454,4864504.8250130499,52,0.082003039809929512,ok,0
1528,6.8009818678858815,4268339.1925416272,92,0.099407096325789313,ok,1
1529,12.383151145220173,4858458.79828873,39,0.055059193431226894,ok,0
1530,12.916647322873787,4897858.067700414,40,0.078517120146900932,ok,0
1531,8.4274094802541661,4757018.4600196751,55,0.060974464618233637,ok,0
1532,10.130347337255381,4747180.0030452609,59,0.086249356800791266,ok,0
1533,13.458094044297562,4860733.8310015453,41,0.10615773538561479,ok,1
1534,10.87000782862235,4856076.068042729,48,0.074816754220836224,ok,0
1535,11.633422641827778,4984693.1851666691,44,0.048804352820757235,ok,0
1536,12.594841452142294,4858302.3521205671,43,0.085875647391972176,ok,0
1537,11.173600454506424,4858154.8556448491,42,0.079089960611982812,ok,0
1538,12.802196120288601,5135622.1620726781,24,0.069809296952188182,ok,0
1539,9.7176294573119151,4865427.8768503442,44,0.09484480238444859,ok,0
1540,12.146710091514853,5326363.9053730769,27,0.094990770702839955,ok,0
1541,9.5407258001025621,4747180.0030452609,44,0.10197242326494715,ok,1
1542,10.889628141499717,4856329.1345441109,43,0.10224600658463245,ok,1
1543,9.5804819036968212,4854304.2246081037,48,0.052801446565860388,ok,0
1544,9.6514918196642654,4683078.6891501099,42,0.066301077862962687,ok,0
1545,8.3038576248405054,4311809.8551814649,71,0.082552099790997091,ok,0
1546,13.770993629315182,4856460.7672838373,46,0.078105995274354023,ok,0
1547,11.154782080355897,4864038.7155779703,37,0.073674262965817472,ok,0
1548,13.904775028697383,5059288.1741655963,33,0.072927107179861284,ok,0
1549,11.109726693553563,4877711.8501989767,40,0.10758014038568048,ok,1
1550,11.13724094506232,5226057.1012896225,22,0.056435507749085789,ok,0
1551,13.28741002254605,4865581.5943138255,46,0.094756891315278424,ok,0
1552,15.994150070304137,5187416.3552787155,16,0.076618694918199837,ok,0
1553,5.815888598922518,3492347.8891292298,142,0.083882358329834816,ok,0
1554,12.520288878109605,4872537.3291569883,42,0.079455737777240798,ok,0
1555,10.191267192675337,4858640.1351317652,61,0.052312295450181123,ok,0
1556,9.0753327165700224,5116110.2582371943,31,0.054331780310425293,ok,0
1557,12.53984996098446,4747180.0030452609,41,0.076649119236789243,ok,0
1558,12.687363875603957,4854700.512179899,34,0.059723224073314651,ok,0
1559,24.621717606927859,5530421.0602538744,14,0.090356738901015421,ok,0
1560,9.5735025606873929,4868634.577417546,37,0.071813277941009335,ok,0
1561,11.024903481756644,5378554.5911386684,25,0.076799002932454563,ok,0
1562,14.608042680572693,5064348.3609348452,30,0.09535409036916187,ok,0
1563,10.739534752931558,4859672.3715277258,41,0.062210424409101739,ok,0
1564,8.1627286299706832,5344349.447234964,24,0.073175628274519219,ok,0
1565,5.0944649220485365,3369318.1216470301,159,0.074936821959950994,ok,0
1566,7.6890587861309143,4149819.2257139417,89,0.089122273582092126,ok,0
1567,13.288527398304844,5258070.677967025,24,0.044452600592733038,ok,0
1568,5.2796633035402936,3446045.4523578081,128,0.083053788574910303,ok,0
1569,9.5407099134046032,4864326.8997460585,45,0.06263724437884155,ok,0
1570,11.102898494762391,5553195.6352290763,10,0.09829578144054707,ok,1
1571,11.090857083418626,4884518.583712928,46,0.068404890756287973,ok,0
1572,5.5120801245484152,3507468.2820937331,140,0.073346316772518017,ok,0
1573,10.111463371905984,5047176.1918210471,33,0.069059992212833654,ok,0
1574,10.680460133229845,4750157.6291427184,53,0.094774558611854964,ok,0
1575,10.823934067360753,4747180.0030452609,49,0.086923359526654309,ok,0
1576,10.547676793583067,5249599.7605933202,37,0.050171735913764004,ok,0
1577,8.9744408645174918,4793893.8151622703,40,0.078211725766907075,ok,0
1578,8.9013053597360283,4979971.7877205191,29,0.076468233253212725,ok,0
1579,11.677974811059228,4864899.3708368717,44,0.07031770543245297,ok,0
1580,11.653571138242556,4876263.880479374,40,0.06977936737229784,ok,0
1581,14.95413149572247,5313617.9719390636,24,0.086428951626365547,ok,0
1582,16.207833920703262,5130379.0641274462,25,0.074542781442485162,ok,0
1583,9.4574038245294272,4683078.6891501099,53,0.073816109612409864,ok,0
1584,9.826608695337324,4925138.3335377201,39,0.074398218907387847,ok,0
1585,10.666146440156774,4866479.6245215358,46,0.076800832882444436,ok,0
1586,11.731464409375944,4858195.7490605423,52,0.057829223566120191,ok,0
1587,13.534658791001005,4855454.7021704242,32,0.067738001217215293,ok,0
1588,12.786185276946124,5125262.291613725,33,0.088948517820983564,ok,0
1589,12.151105488360557,5185036.5057308106,30,0.049118212443699183,ok,0
1590,9.2887164509422764,4705765.05441471,58,0.06753002705129818,ok,0
1591,8.8630138167684862,4859102.7707564365,45,0.062053127832944033,ok,0
1592,7.8182204338756964,4750157.6291427184,46,0.079988553047817545,ok,0
1593,13.97337778013013,4891543.6959468098,35,0.08413804011030869,ok,0
1594,10.052040433145214,4757018.4600196751,53,0.099065525207693073,ok,1
1595,11.661442550286019,4880170.811914416,49,0.063417094135563179,ok,0
1596,10.927478594996119,4683078.6891501099,37,0.10380218489566073,ok,1
1597,11.513119386022716,4945335.5044577308,38,0.074564247605869771,ok,0
1598,12.678215943788668,5380281.1645068536,25,0.064930380045610164,ok,0
1599,8.5758545161604474,4640733.8797885403,47,0.072751970159401838,ok,0
1600,14.593998708484328,4902911.8966255505,48,0.073533486117127955,ok,0
1601,13.606404651476991,5270832.3545242893,14,0.076793241786483946,ok,0
1602,13.943728256033085,5192997.727379146,30,0.083713863185941206,ok,0
1603,14.118053676959679,5140099.357862913,26,0.058582585692870448,ok,0
1604,12.570996500754687,4915872.073332822,32,0.063848702727348883,ok,0
1605,10.656893312067799,5006111.1131831445,22,0.076777103427354526,ok,0
1606,14.261506208817028,5209101.8162694788,28,0.04565907098293065,ok,0
1607,9.7026352262477964,4705765.05441471,45,0.093582121709168908,ok,0
1608,12.288623114049988,5084028.3801208092,29,0.057152890680088442,ok,0
1609,12.596683811024546,5208491.7521795807,36,0.072119091287172754,ok,0
1610,9.2607008266495008,4683078.6891501099,58,0.08400110709731784,ok,0
1611,8.5860304139360242,4683078.6891501099,62,0.073733775666747325,ok,0
1612,15.102999693438765,5500339.4181809165,20,0.093629382124536975,ok,0
1613,9.6254601400682525,4757018.4600196751,46,0.078506437569803078,ok,0
1614,10.278496737362946,4897503.8739344282,46,0.062862261945605957,ok,0
1615,19.28167388778915,5382815.8556089401,18,0.083116711844374414,ok,0
1616,11.594820052432706,5095350.1891136421,35,0.086659197182415715,ok,0
1617,10.633538361298944,4750157.6291427184,53,0.062309077084381465,ok,0
1618,10.568863674733805,5324846.6035413556,19,0.072429036836029193,ok,0
1619,5.0127635092865326,3205254.594743669,172,0.095832341812485344,ok,0
1620,10.148651398505438,4750157.6291427184,43,0.071481792805972555,ok,0
1621,12.052666010682213,4951520.304000237,40,0.061551187686490816,ok,0
1622,14.798249469955618,5254099.5080232359,22,0.07463415292704445,ok,0
1623,11.116512878388136,4855553.1725722542,47,0.046965018237386302,ok,0
1624,9.1977073279551576,4871723.6888152324,39,0.042997865908149024,ok,0
1625,8.384444297732653,4311809.8551814649,80,0.073884037552728987,ok,0
1626,5.4117489660970159,3492245.1892428468,154,0.10015698367566694,ok,1
1627,10.554312636914045,5010589.9781436389,38,0.066729972550550687,ok,0
1628,9.5872209070391374,4200096.9742686078,82,0.095102335865572485,ok,0
1629,10.826228778583845,5035363.6553281406,14,0.087268028243085882,ok,0
1630,10.971478895345253,5161191.429868577,29,0.057815446176207708,ok,0
1631,8.2003705123086643,4640733.8797885403,50,0.092281616840438896,ok,0
1632,11.188978066733927,4859982.1638245992,43,0.075059043651827251,ok,0
1633,10.009880968418685,4898000.4645180237,42,0.060090931180190821,ok,0
1634,14.302085664672905,4946660.5579383876,34,0.092933841555811525,ok,0
1635,12.284583074583121,5151631.651535253,27,0.09082992914370297,ok,0
1636,10.117415481472358,4860420.7120376546,39,0.072781945001181736,ok,0
1637,9.686812044797529,4864657.0716615506,44,0.062166032241194213,ok,0
1638,8.8452869780388887,5071513.3529175343,32,0.079445322809666763,ok,0
1639,9.8767919783127809,5187333.4254307384,25,0.055365957251831244,ok,0
1640,14.3803123616441,5173474.6170120537,26,0.078840580943728256,ok,0
1641,19.597634845626416,5669145.5254606223,11,0.10854337166523348,ok,1
1642,10.244723522624225,4892413.9311861489,40,0.072496143418055436,ok,0
1643,9.4699980612971704,5022747.2213529581,28,0.072852453972424291,ok,0
1644,9.5924055280798957,4793893.8151622703,40,0.098371395942065426,ok,1
1645,10.239618667256687,4757018.4600196751,52,0.066651205678155745,ok,0
1646,10.656539815261793,5131935.7694158424,32,0.055095642501164388,ok,0
1647,11.042452328016582,4793893.8151622703,43,0.070907610781855146,ok,0
1648,8.5498770866061093,4873651.1616171394,33,0.066787442685137782,ok,0
1649,5.3907591011069771,3451998.5597333424,135,0.097699524187134457,ok,0
1650,12.208851959405427,4863371.5710011963,46,0.082824286868647068,ok,0
1651,12.17075545551384,5138201.4819537979,26,0.047672083326507464,ok,0
1652,10.337251517474058,4876168.5966381477,48,0.045662054064826485,ok,0
1653,11.650749485987081,4747180.0030452609,42,0.092172280440486309,ok,0
1654,10.037681655699773,5092574.3596160347,25,0.07595045284016505,ok,0
1655,10.961866168933234,4857661.7165238848,58,0.088748128012607008,ok,0
1656,8.951388712037005,4705765.05441471,42,0.075071534576137716,ok,0
1657,11.693897480407591,4869764.1705954596,43,0.06827361005328425,ok,0
1658,16.40666127693834,4854218.6367983138,41,0.10624379994096544,ok,1
1659,9.84681645243184,5071001.0212672688,25,0.10328837390906731,ok,1
1660,10.854740871887326,4856509.3630028544,40,0.064148565823583636,ok,0
1661,10.681216760502689,4877038.692901968,41,0.08717719632594445,ok,0
1662,11.278325042343466,4861832.9681518599,41,0.070819926975554726,ok,0
1663,9.068951312605666,4875516.7924096789,45,0.091789008486729273,ok,0
1664,11.559724261086668,4881903.7858333299,56,0.0720645922334886,ok,0
1665,10.222998933141978,4858619.6895612534,32,0.051791832693016793,ok,0
1666,9.9429220876155142,4930821.9855847955,41,0.093333355310998956,ok,0
1667,10.582709130480112,4750157.6291427184,42,0.091565879670546413,ok,0
1668,10.878111297658943,4747180.0030452609,46,0.10526576956346145,ok,1
1669,13.188101517036433,5127797.4910111362,32,0.085533042536612425,ok,0
1670,9.1462910165950291,4705765.05441471,47,0.10357755075955019,ok,1
1671,11.881487977813915,5298585.2978281034,18,0.087508332784744125,ok,0
1672,10.094701291433575,4861408.647132799,32,0.096367002852937977,ok,0
1673,7.3404475126358877,4102292.5371695599,74,0.099786000839719335,ok,1
1674,5.3966352302230112,3432351.1564540281,157,0.090906541014928566,ok,0
1675,9.6977879275612366,4879203.3466071095,38,0.08819177711330034,ok,0
1676,14.066780725010279,4747180.0030452609,40,0.082556356111604723,ok,0
1677,12.935103923805924,4859161.0251414608,48,0.065094585579663522,ok,0
1678,10.111568505765515,4921097.0596781941,36,0.08813238466482004,ok,0
1679,11.305428922272256,4860796.3561304901,52,0.063572444692377328,ok,0
1680,15.603376199317143,5364768.9439916844,24,0.092048682356161371,ok,0
1681,6.3294184758160261,3578778.1470238399,140,0.085284682724634964,ok,0
1682,18.757146661626791,4958757.6857037498,42,0.06181444938445313,ok,0
1683,11.502582470118792,4884359.1906120842,43,0.062675613847524625,ok,0
1684,10.780227211397616,5054267.226879729,30,0.048416044784235557,ok,0
1685,11.29014100275301,5265662.2631188333,19,0.068119630274567022,ok,0
1686,11.258846225521582,5232460.0275072558,32,0.065078880121086979,ok,0
1687,11.459878804998242,4933955.0639556982,33,0.05039248567342669,ok,0
1688,8.6165718636450297,4536155.3769555455,50,0.075606139879212553,ok,0
1689,9.7375555514966461,4854892.5535338819,44,0.089810577949794412,ok,0
1690,15.519137658429127,4886346.7352134669,43,0.064422562164052816,ok,0
1691,14.710767427721468,5465389.8926989073,21,0.081170780936974607,ok,0
1692,14.533581749352587,4864774.36505308,38,0.079840125866737721,ok,0
1693,14.721321911889708,5152961.2785268174,17,0.084529121869401952,ok,0
1694,11.787605392384576,4874242.7806835137,53,0.068670860717287008,ok,0
1695,10.943283269493394,4747180.0030452609,50,0.094527430925181344,ok,0
1696,10.407698115125781,4857382.8311348371,43,0.09826702572552104,ok,1
1697,17.738762236604806,5625646.5781517737,16,0.10516695126004116,ok,1
1698,9.4220378202818615,4705765.05441471,48,0.090754179938714041,ok,0
1699,15.450990282204874,5308881.1286500599,21,0.095010781634408015,ok,0
1700,10.354065351059765,4933821.6272911606,44,0.064345854513087164,ok,0
1701,10.934345310668684,4880781.5832439307,42,0.082339673039623529,ok,0
1702,10.890218402345292,5017474.0482128616,23,0.0742978429429067,ok,0
1703,5.7883402769109651,3528115.202946391,164,0.057441706267765957,ok,0
1704,11.447634745884296,4858323.6464584358,62,0.066341199304273346,ok,0
1705,9.7815376267805281,4877534.9005998373,45,0.069616040429570925,ok,0
1706,8.4187482434713274,4348933.6581571754,77,0.075373164873414056,ok,0
1707,13.506738430030889,4923031.1035448452,32,0.062561386221416826,ok,0
1708,10.866795632954274,4875086.6994582666,55,0.069080409033437151,ok,0
1709,8.2378308441230494,4271679.4857318792,73,0.11286235008208279,ok,1
1710,10.155585858610069,4900641.977978819,46,0.052254473872464513,ok,0
1711,11.639321423378158,5276318.5682849698,30,0.085299603067385821,ok,0
1712,10.132084350743835,4866170.9307055362,35,0.063853081112106191,ok,0
1713,9.6589763177313284,5226658.5816822145,29,0.06573301294291567,ok,0
1714,9.7041530989754783,4747180.0030452609,39,0.083676348236584874,ok,0
1715,10.339819116668407,5201282.7458921205,17,0.076493848959303501,ok,0
1716,11.291640227211213,4750157.6291427184,48,0.076840706179783044,ok,0
1717,12.991932334808897,4864776.4068333162,46,0.093520532376462684,ok,0
1718,14.291529225161719,5143125.1964924363,34,0.086568078187632264,ok,0
1719,14.732416562452842,5215737.8888129517,27,0.055586246223905511,ok,0
1720,11.614469819458382,5165147.3126251167,30,0.051969487470478914,ok,0
1721,11.611262980865559,4856571.6407074919,49,0.065808148396477306,ok,0
1722,11.522427350034334,4986858.0384518299,46,0.079253589201738583,ok,0
1723,9.1511863402595246,4858302.2391682668,48,0.080063612079621205,ok,0
1724,4.9951604615221452,3336995.657221681,163,0.099070632079538645,ok,1
1725,12.144204393713817,4903252.4188888781,38,0.050948259098865023,ok,0
1726,10.00654814047037,5194403.0486727692,16,0.085077628133801597,ok,0
1727,8.7236025224690152,5045065.8638197295,17,0.074892467487097103,ok,0
1728,3.7968697866708707,2516037.688016199,273,0.12337053883429888,ok,1
1729,11.462676727563194,4930964.9439740609,37,0.06101527479030916,ok,0
1730,9.0305106585147019,4864863.3806604603,44,0.062976392290075123,ok,0
1731,12.024893167649434,4747180.0030452609,50,0.071046471643497672,ok,0
1732,10.822677219338617,4948603.3744590692,41,0.054720241653445689,ok,0
1733,9.7112103024071619,4890679.9597166451,47,0.070591915009481865,ok,0
1734,10.505340131015194,4864371.9435657663,46,0.054461310848374356,ok,0
1735,12.296360578740368,5101895.3448955333,34,0.047748047555007722,ok,0
1736,9.6494318058307691,5107274.473187401,22,0.077172112447200014,ok,0
1737,10.25376726863302,4854584.8623245806,44,0.075959622346131794,ok,0
1738,12.151657341086237,4901652.7601914639,48,0.11985736223942622,ok,1
1739,13.401321193891752,5095535.110050695,20,0.075351390182690769,ok,0
1740,11.80676745238546,4884802.1137247952,50,0.067492287101437565,ok,0
1741,9.9027325624129432,4877805.6274905261,51,0.10047170982611731,ok,1
1742,10.059383790617238,4868467.8984630788,46,0.078380247359035815,ok,0
1743,22.811033365755399,5455333.8177715009,13,0.083093077263048376,ok,0
1744,10.624294089579077,4705765.05441471,54,0.081688926408614748,ok,0
1745,18.333983773458257,5299770.2779607074,20,0.075967417511236701,ok,0
1746,11.917479654280305,5338254.8772346945,27,0.10176426390950044,ok,1
1747,11.224298138403615,4859392.8588835252,46,0.094290765402983534,ok,0
1748,9.9927152441864582,4859412.0980472621,48,0.072322803750588527,ok,0
1749,4.9441970903465666,3260157.1692102589,162,0.10561725062555388,ok,1
1750,10.495591474451841,4873162.164259213,44,0.069002522331802152,ok,0
1751,5.8282099675934411,3432351.1564540281,149,0.092467734864672302,ok,0
1752,11.498429655630158,4871652.41175861,41,0.058309990547482204,ok,0
1753,9.7510815010585095,4750157.6291427184,56,0.076164261034760927,ok,0
1754,9.5008841830942927,4878739.8901805794,37,0.084103352632171169,ok,0
1755,16.036274781476354,4856666.686773303,38,0.11498772231911625,ok,1
1756,12.312597079362765,4858129.4893427351,43,0.094137517485996858,ok,0
1757,9.1311691055869666,4855882.2715997994,57,0.087339598535868146,ok,0
1758,11.38852385327278,4858605.9249228146,44,0.070639412960015413,ok,0
1759,9.0988921833748915,4705765.05441471,61,0.085866951177145712,ok,0
1760,9.0959096212826012,4877138.5243768562,42,0.083267124158285966,ok,0
1761,11.370857297097944,4891785.1938001737,46,0.068623329739551764,ok,0
1762,9.3592294232490207,4951379.820783251,35,0.055876061482449113,ok,0
1763,8.8160447481086415,4750157.6291427184,58,0.061980781219605707,ok,0
1764,13.220129842372588,5002437.6282752519,33,0.082071952143598859,ok,0
1765,9.7037492291294924,4683078.6891501099,62,0.049958808269205901,ok,0
1766,8.5028322509527534,4888840.5208560107,44,0.051410172649603403,ok,0
1767,12.186168976825407,4860802.2644988131,47,0.079082143823143825,ok,0
1768,11.863269959926859,5349741.6270442037,16,0.08463740020443522,ok,0
1769,9.1103530573516949,4750157.6291427184,51,0.081604233822159644,ok,0
1770,6.1298865869001835,3767458.3179058591,109,0.10888708806031827,ok,1
1771,11.170050377245561,4889803.394368873,39,0.091434157409147732,ok,0
1772,10.427137143981225,4896629.2234263448,49,0.070888532216195177,ok,0
1773,12.302141477026147,4855513.2347695688,49,0.053401654960497424,ok,0
1774,9.2926222358756441,4640733.8797885403,41,0.092783808544458557,ok,0
1775,11.242913601701531,4867092.9296699688,42,0.081516401263045546,ok,0
1776,12.38663338982499,4871848.1621014113,38,0.10606231257004661,ok,1
1777,9.1964250516418993,4683078.6891501099,53,0.074097402311823102,ok,0
1778,9.8594999407142083,4747180.0030452609,43,0.11282658418383573,ok,1
1779,10.46401935142077,4865047.0959547563,41,0.063175322292761904,ok,0
1780,13.972366559443882,5179974.7651709719,36,0.10120697836279097,ok,1
1781,10.829506545008297,4859372.7927224878,52,0.0520468774545646,ok,0
1782,11.403687227443564,5174401.9506134083,23,0.086212500062973096,ok,0
1783,9.6177028220820269,4747180.0030452609,60,0.089250259612718291,ok,0
1784,8.6107736897367175,4372633.0624181386,64,0.074378178350834045,ok,0
1785,10.264743515571844,4683078.6891501099,35,0.089773539204407574,ok,0
1786,9.3485340544525055,5013716.0086914934,31,0.07058903743740319,ok,0
1787,10.481509617332723,4757018.4600196751,47,0.0992506185100476,ok,1
1788,14.201187487277227,4875963.648717639,47,0.046518674474719912,ok,0
1789,13.691015551256038,5162838.2020722888,30,0.07475921971958277,ok,0
1790,10.053659110840002,4747180.0030452609,52,0.10208252236841106,ok,1
1791,8.4968217535412069,4683078.6891501099,48,0.094729524666142151,ok,0
1792,12.716009022637767,4865316.1322144857,44,0.066629547486826257,ok,0
1793,9.4661233993660918,4793893.8151622703,45,0.088938990393347628,ok,0
1794,8.2602211792130262,4866851.7161684716,52,0.078285986447374167,ok,0
1795,5.6005487898734341,3454558.3295920724,135,0.085420536534198899,ok,0
1796,15.946252643353601,5066339.9128002385,31,0.07770526273788303,ok,0
1797,15.375339636289768,4855802.1449591089,50,0.080376672067371424,ok,0
1798,10.621554173022783,4705765.05441471,53,0.10386924587112412,ok,1
1799,3.7745357607701386,2499972.7596646738,273,0.093470220686229788,ok,0
1800,6.0156223177298269,3507468.2820937331,146,0.10870379592683549,ok,1
1801,8.2500911782745447,5242979.6162167517,27,0.067071544563316488,ok,0
1802,14.57062814492582,5035029.6325505804,25,0.099085927305834209,ok,1
1803,12.281661525066571,4878048.4874124024,42,0.056063549302436733,ok,0
1804,7.9686959858129942,4705765.05441471,53,0.075717599797730295,ok,0
1805,7.7539646362158843,4108700.1275817389,91,0.12892493551309703,ok,1
1806,13.480279570497791,5146437.7228631498,31,0.064130897312992374,ok,0
1807,11.590606869402935,4860178.4451178992,61,0.062075765102460267,ok,0
1808,10.62825051232633,4705765.05441471,49,0.072971203309339483,ok,0
1809,12.556326674681545,5015720.5031639356,35,0.10461116528721739,ok,1
1810,11.678641023089629,4762962.8190767989,48,0.080419272445457879,ok,0
1811,31.544361992808081,5521793.131963837,11,0.11966262486775137,ok,1
1812,10.701954948331283,5064906.3644522028,32,0.088588222663585903,ok,0
1813,8.2860110391833253,5157509.9401931157,28,0.07133703639496014,ok,0
1814,10.185864033092868,4881065.3454125524,33,0.088415886777911679,ok,0
1815,16.368634216504002,5124721.8565049656,34,0.0949119983158353,ok,0
1816,16.321775134216246,4913387.7965627639,43,0.061952476219557129,ok,0
1817,10.111887455985048,5127808.5167527534,36,0.074556279528360525,ok,0
1818,9.8130979133357332,4750157.6291427184,47,0.10769396135341591,ok,1
1819,11.938208961449137,4938053.7480333904,39,0.067047418448258123,ok,0
1820,5.3682078796609654,3432351.1564540281,148,0.083511900609104406,ok,0
1821,11.001159712032512,4857322.3215374593,40,0.046921056659286697,ok,0
1822,11.679944427857253,4854890.0081670545,45,0.081564051577266539,ok,0
1823,12.159912832100535,4897632.7775581349,32,0.074762311175761598,ok,0
1824,11.555372636022284,5502155.9452138133,26,0.081364253863401403,ok,0
1825,16.375720680372289,5287427.717189963,25,0.070658948848445591,ok,0
1826,11.253487390416947,4854879.5133141987,50,0.074876560421014426,ok,0
1827,8.0199143002089279,5034216.813856123,25,0.070738588790602797,ok,0
1828,13.323755827428508,5661634.6977585051,12,0.07495130016507201,ok,0
1829,9.0058004974560362,4750157.6291427184,55,0.10731738344710534,ok,1
1830,14.586800574207828,4941706.2552755624,38,0.058665380983711768,ok,0
1831,5.1093579814710512,3336995.657221681,154,0.079742747208802922,ok,0
1832,10.455303013985528,4864997.0206714245,50,0.056426760632219575,ok,0
1833,17.260658316453799,5522671.3986635823,17,0.10151927000355288,ok,1
1834,8.9703243630311249,4860024.7016399978,42,0.094458616327964207,ok,0
1835,12.908416834587745,4857592.8516838644,40,0.089517848458203986,ok,0
1836,12.807101821139891,4855865.0917704673,46,0.11384737284309254,ok,1
1837,12.312880093174854,4873094.5609142212,34,0.068223678322066217,ok,0
1838,9.3067303972123714,4750157.6291427184,53,0.055704308419805781,ok,0
1839,9.1506126092469291,4960950.4991029073,40,0.07733652588092832,ok,0
1840,11.516384778050639,4902996.8795908168,44,0.068023827694652317,ok,0
1841,11.570167352452854,4872474.7200375693,46,0.067212879286040472,ok,0
1842,11.63431248995215,4960495.3346674731,41,0.071792763068067228,ok,0
1843,8.4702806366989964,5130277.0028673531,30,0.059209790655985306,ok,0
1844,13.539672166853505,4916421.6415619934,45,0.043699088183958512,ok,0
1845,9.5467861762280428,4881047.0813306505,46,0.069115185726430495,ok,0
1846,10.392172703784961,4705765.05441471,48,0.078157517425972212,ok,0
1847,13.381215816105955,4889884.6830439018,39,0.093721847263466662,ok,0
1848,12.237757747814918,5007532.5791396657,41,0.052995285885116761,ok,0
1849,9.0055708190633954,4892475.6717786705,43,0.066438206584046089,ok,0
1850,9.8819789514467562,4861340.2897968832,38,0.092729565505781097,ok,0
1851,12.440520426703227,4856810.7666632393,42,0.075632757136161799,ok,0
1852,10.550845821067588,4855990.764804963,50,0.043523318296453506,ok,0
1853,10.866435768653997,5032298.6628652802,37,0.068984558139987384,ok,0
1854,12.542366117156709,4870804.0553992828,40,0.061817290902533961,ok,0
1855,9.6638216071292415,4861755.5494208727,44,0.083083024818286111,ok,0
1856,8.095944674635799,4536155.3769555455,62,0.066101998468044459,ok,0
1857,11.593288841138254,4856869.8632681193,46,0.070089554529266129,ok,0
1858,9.3990566661532835,5280687.1711509479,14,0.082204600514126702,ok,0
1859,11.022859770107869,4858257.2861068211,46,0.049129062036498694,ok,0
1860,15.500260506133827,5123615.6124241762,29,0.080592397950497885,ok,0
1861,11.91779181342352,4854237.6649656799,48,0.045846326696145745,ok,0
1862,14.310496470307859,4897943.3049884476,41,0.068225719128226087,ok,0
1863,8.3420634582271127,4536155.3769555455,68,0.091018804612307963,ok,0
1864,9.2979888294799125,4747180.0030452609,50,0.054389443757111078,ok,0
1865,12.008125822677512,5025276.6327846386,37,0.067880959282989317,ok,0
1866,12.835270704815343,4946139.4319926137,37,0.087239982381139947,ok,0
1867,14.288795188079431,5515327.7072127936,14,0.082190208712727586,ok,0
1868,4.9390803318839067,3302496.3863434172,147,0.074203690854940496,ok,0
1869,11.952317033096275,5641253.1607575826,16,0.058278390981050032,ok,0
1870,13.289846927519402,4925446.0053810952,33,0.097603077207816968,ok,0
1871,9.4137173053899268,4894897.0802753353,41,0.055837433927661162,ok,0
1872,9.0715243511599262,4793893.8151622703,39,0.066584852556820118,ok,0
1873,16.067042350398708,5194976.9140903847,23,0.089087630682082253,ok,0
1874,9.0865673273519274,4705765.05441471,41,0.066801779465327282,ok,0
1875,11.30435275136216,4890836.6733246101,39,0.099302946301508044,ok,1
1876,10.23087182719193,4542200.0232369462,44,0.073646014323493936,ok,0
1877,9.8242176888030848,5253159.6338591659,20,0.075444211946841699,ok,0
1878,9.3966695797727144,4896094.9786189897,46,0.080400006259963019,ok,0
1879,10.915286080425902,4856184.7634858787,46,0.075620033508096873,ok,0
1880,9.5334062589231401,4882156.4186460739,49,0.10255927376397844,ok,1
1881,7.7949570072763636,5017160.3799633905,29,0.072833915879274957,ok,0
1882,7.3040699890437963,4311809.8551814649,73,0.083124331935668871,ok,0
1883,10.052509510362883,4955852.9171663448,46,0.062753319754953463,ok,0
1884,7.9660867635746726,4102292.5371695599,86,0.09233296336133523,ok,0
1885,9.5936976080970862,4757018.4600196751,56,0.088770694937242212,ok,0
1886,10.30341450859637,4860734.350940669,43,0.078775768939013613,ok,0
1887,7.2182643464063574,4578101.2809004039,56,0.076894229652591628,ok,0
1888,13.35934519162466,4867928.5360532897,42,0.097933097860362528,ok,1
1889,9.4329482199477379,4683078.6891501099,43,0.095550955799485582,ok,0
1890,17.172444924015476,5479785.7125094626,20,0.074807536424084331,ok,0
1891,10.96898098233865,5047577.2276790058,35,0.088087682942010082,ok,0
1892,12.805026609999722,4870488.5936225494,36,0.096955399583746771,ok,0
1893,11.253852999093521,4933015.4694111506,35,0.043546259528278196,ok,0
1894,11.986030346095365,4887147.3585621603,39,0.069639993767288244,ok,0
1895,10.671013387029671,4866886.570868561,43,0.079552173715980556,ok,0
1896,11.121568488525821,5090142.1472656578,27,0.063485336562545847,ok,0
1897,7.7888999512223958,5717264.5326402886,11,0.081976577093248904,ok,0
1898,9.4132534373544328,4949277.8784224531,20,0.083266865234396081,ok,0
1899,8.6017138936848561,4919429.0513432035,36,0.053043735385828739,ok,0
1900,11.376719897631919,5320357.6667017695,27,0.076346484224879219,ok,0
1901,12.005208629772275,4869075.0430592466,44,0.064001097516563021,ok,0
1902,6.7670107913784516,4102292.5371695599,89,0.10429434733758217,ok,1
1903,22.656660300607072,5533263.4135626806,11,0.084333964709523812,ok,0
1904,9.7459179193444267,4867862.5644914461,41,0.084398706945385982,ok,0
1905,14.886086138653832,4903713.0242898623,34,0.080117117274679295,ok,0
1906,10.644669007767156,4934281.6930221878,31,0.056550697247060855,ok,0
1907,10.512278040348487,4867356.9409587551,45,0.059386714218160885,ok,0
1908,10.802606604247423,4862303.6727209054,39,0.062543232280616201,ok,0
1909,11.409916842987903,4869999.0284815338,51,0.05983469018091786,ok,0
1910,9.3617333311787512,5202117.4897169946,19,0.099667260867465246,ok,1
1911,17.064583064872764,5269294.2103620507,18,0.051698739858282883,ok,0
1912,8.7735180384640756,4311809.8551814649,75,0.062725932665918943,ok,0
1913,5.1363481959935164,3336995.657221681,146,0.10090345521665434,ok,1
1914,11.23579052414839,4757018.4600196751,36,0.083688603630674985,ok,0
1915,13.779239586234654,5171731.6101959068,18,0.062336434205467861,ok,0
1916,12.472362392201552,5288305.8456280781,20,0.095258516056327736,ok,0
1917,9.7776255311116707,4884884.7267403835,45,0.10705449277301249,ok,1
1918,12.241457270214999,5121318.8991633086,33,0.062972659444129775,ok,0
1919,9.7647494973034767,4873816.83213735,38,0.070470879511054657,ok,0
1920,9.8591098957300396,4896938.0432299124,54,0.096444538112116229,ok,0
1921,10.206202406778111,4919006.8697078852,41,0.061671402730727132,ok,0
1922,11.379672933584679,4891002.2212026855,40,0.053298541906458885,ok,0
1923,9.2356398432219446,5088195.7009790652,24,0.060196341534649173,ok,0
1924,9.8449584334342966,4683078.6891501099,43,0.081334104058097073,ok,0
1925,9.6283442490850941,4757018.4600196751,52,0.084277829914727431,ok,0
1926,16.388770732048194,5023242.1954159038,28,0.09802158694273222,ok,1
1927,11.041499299310287,4705765.05441471,41,0.081873679364676433,ok,0
1928,8.6966753524361806,4877640.2171856938,49,0.058602128926287578,ok,0
1929,4.3913815769129121,2948587.7523981933,194,0.1119248602375586,ok,1
1930,12.896070043930244,5186861.2736615967,32,0.060446555943408864,ok,0
1931,9.9284716116792566,4861232.552709898,48,0.06189609497926038,ok,0
1932,9.5003277638533437,4869413.8535910733,46,0.069509493453645765,ok,0
1933,9.3958708076199535,4908163.2987231649,37,0.073966190450674207,ok,0
1934,8.8246960574623294,4747180.0030452609,48,0.070515797940726294,ok,0
1935,9.4666121257490659,4971834.9071320612,35,0.069749466908934021,ok,0
1936,14.802061857858584,4864490.553393581,44,0.061565622436833167,ok,0
1937,9.6622617082586828,4705765.05441471,57,0.10322145532280269,ok,1
1938,12.346500507571522,4860947.3101460468,38,0.066718248548877312,ok,0
1939,11.291421748415583,5338465.3430312136,21,0.065027496003336904,ok,0
1940,9.6770675292998618,4865189.3854323281,48,0.04685856068395966,ok,0
1941,10.310115829431311,4705765.05441471,42,0.091999775096059333,ok,0
1942,12.781211520902213,4873404.9567281688,48,0.12383697180644337,ok,1
1943,16.22938297851336,5209001.6415747218,17,0.055521353462930856,ok,0
1944,8.3894277035761284,4311809.8551814649,75,0.099239712321050888,ok,1
1945,12.565254256747163,4918670.9132484887,43,0.0609605610186289,ok,0
1946,13.814988165584799,5591817.8746850491,8,0.097264346059951268,ok,0
1947,9.9035026854172443,5105821.9400338735,33,0.0582501011729884,ok,0
1948,21.403791717290375,5397553.1667484073,15,0.093704017172458465,ok,0
1949,14.83201954421177,4898664.246770042,43,0.065602719965079381,ok,0
1950,13.458589800202573,4882617.0918415328,32,0.088921799549845582,ok,0
1951,11.873127908725174,5186994.495788346,28,0.098460649697185931,ok,1
1952,11.112693226148176,4864650.0815993361,45,0.058722094002119696,ok,0
1953,10.804899627281218,4858614.4402304674,57,0.099883537507050146,ok,1
1954,10.073435690739817,4941033.7373530967,38,0.041504025291896118,ok,0
1955,13.190523346113034,4870014.286176254,43,0.078618932100466665,ok,0
1956,14.778608957715814,5018321.0940394504,17,0.061530744960777928,ok,0
1957,11.903698694699466,5162555.1857270133,30,0.051780080962167685,ok,0
1958,9.9414192611418297,5099191.5546820974,32,0.084491077274307047,ok,0
1959,5.4841853975925394,3451998.5597333424,145,0.098089739128826459,ok,1
1960,14.933597234665671,5009597.6260228036,31,0.064786395963899179,ok,0
1961,12.717193851615635,4883606.9732606169,40,0.092152849917681134,ok,0
1962,11.301709085213249,4883405.0028312048,43,0.098715107958526893,ok,1
1963,12.070483598755677,4997682.7107997276,22,0.089188026313106739,ok,0
1964,8.2854486162575576,4536155.3769555455,62,0.088444772887134537,ok,0
1965,11.5312835329969,4869793.2055808343,47,0.059201637006533692,ok,0
1966,8.5801488654372982,4536155.3769555455,71,0.095441835522346891,ok,0
1967,9.1113294166240788,4683078.6891501099,51,0.10455076501095256,ok,1
1968,14.279352287329733,4880260.7033678247,29,0.10952937697351542,ok,1
1969,10.579643650386332,4961848.6712460462,31,0.05948064319092794,ok,0
1970,9.4648331835242203,4931752.1848962558,25,0.054978079031153537,ok,0
1971,9.8359421637871929,4926804.9279959993,25,0.088107561785062405,ok,0
1972,9.4721232585347082,4858353.3107993556,55,0.080845376549395165,ok,0
1973,10.270587676088013,4856977.1046288498,50,0.076008642380375302,ok,0
1974,11.357760290656607,4885108.8686226141,44,0.055074375082396321,ok,0
1975,13.625120065508948,5168918.2996710883,25,0.065406139607357305,ok,0
1976,8.9009135721139323,5165694.0416739089,20,0.091734557956510088,ok,0
1977,19.659131334760332,5794732.8534368584,10,0.087283740766413154,ok,0
1978,5.1561246315813412,3156683.1156534008,171,0.08547710633335831,ok,0
1979,13.37382630201764,5129483.0215846747,33,0.090158466656457215,ok,0
1980,8.860245750393771,4793893.8151622703,54,0.06884695418559561,ok,0
1981,9.5491530431628515,4793893.8151622703,33,0.073107183400257236,ok,0
1982,9.3275135997622733,5283801.2780885426,14,0.078694544747480055,ok,0
1983,11.946180497463422,4854654.1275934018,44,0.10437181927344263,ok,1
1984,13.024135442561638,5297531.3402612014,25,0.067803128167821081,ok,0
1985,12.556602447427174,4916517.2255791361,48,0.044067153645679258,ok,0
1986,14.320439901668625,4994149.8256639009,41,0.065568026676116609,ok,0
1987,10.144213172547596,4750157.6291427184,40,0.10513851731042867,ok,1
1988,11.577689460152151,4856834.8022607043,47,0.078405095305273176,ok,0
1989,16.310785841222749,4907328.5777005022,39,0.087038129518183682,ok,0
1990,9.1420213049150245,4750157.6291427184,47,0.076178098915846704,ok,0
1991,14.586427875639073,4924847.1794306533,48,0.039473501565149727,ok,0
1992,12.008446946872535,4874025.2649098365,46,0.11213541315351216,ok,1
1993,5.0844318640345358,3446045.4523578081,148,0.096258670256342826,ok,0
1994,8.5098969578355881,4311809.8551814649,72,0.095813195088910508,ok,0
1995,12.120474543777595,4989568.8644131264,38,0.06549611961888091,ok,0
1996,10.159789485896301,5127877.776145759,39,0.059335882444646604,ok,0
1997,9.5834348441400614,4705765.05441471,46,0.061138216793554467,ok,0
1998,8.0349768780990569,4311809.8551814649,70,0.079956748107717523,ok,0
1999,12.967242708022757,5173169.6009006323,28,0.086143260243308095,ok,0
2000,11.446587031688923,4947218.3623638973,39,0.099088335608604639,ok,1
2001,10.536051839895286,5060246.079094884,26,0.065753629320525087,ok,0
2002,14.591383966541704,4900770.1709336825,44,0.06927358556271479,ok,0
2003,10.325438484221561,4927442.3895836463,43,0.10667024599567865,ok,1
2004,5.8152078004365837,3492245.1892428468,139,0.081520737538232968,ok,0
2005,7.8136913828535937,4268339.1925416272,81,0.096479919690124927,ok,0
2006,17.103470861778938,5349684.1391912932,18,0.088576805266148195,ok,0
2007,9.5858791765486391,5082505.0977636026,26,0.065989776939908318,ok,0
2008,5.2845946520949223,3302496.3863434172,166,0.081972588298496407,ok,0
2009,9.3995247973292866,5146968.6232124483,17,0.073401682356192044,ok,0
2010,9.239104783287706,4683078.6891501099,37,0.062334624165351737,ok,0
2011,11.317823018305802,4906298.812832172,44,0.06104119005827946,ok,0
2012,10.414786982695059,4887111.4040943598,38,0.059879936957469404,ok,0
2013,8.4254513991694644,4747180.0030452609,58,0.10595754318288053,ok,1
2014,8.4269573201968484,4705765.05441471,56,0.073949010615810662,ok,0
2015,8.3451813078318899,4386582.6121621309,59,0.050423059795878855,ok,0
2016,10.62942004324492,5047991.9145635637,36,0.075724428636854579,ok,0
2017,8.2023479401564856,5179094.0557468105,19,0.081730327471224717,ok,0
2018,16.924790740817457,5209494.6188581875,29,0.060236032656417582,ok,0
2019,10.670097105597577,4870441.1190168932,35,0.06146957599547076,ok,0
2020,11.864639108665573,5095160.1533529088,35,0.071548922352046684,ok,0
2021,11.383364488750283,4908885.2893078988,40,0.091132718939346713,ok,0
2022,10.21030107983916,4865916.330563792,50,0.087284882415020082,ok,0
2023,9.7771931932378173,5013221.0011216821,47,0.069447589497716677,ok,0
2024,17.910672717730929,5314673.702242176,21,0.098413282481778608,ok,1
2025,16.821383083317237,5415010.3346769344,21,0.069800333797782943,ok,0
2026,9.8609850958294132,4757018.4600196751,44,0.083003961194050971,ok,0
2027,5.9075762082135324,3507468.2820937331,148,0.067374944457520181,ok,0
2028,9.5940808372128501,4747180.0030452609,62,0.11220671368399754,ok,1
2029,20.820461784842635,5920344.7302431278,10,0.096496078542994579,ok,0
2030,17.724965554399922,4950549.9801670536,37,0.072882522719425524,ok,0
2031,11.157993361208863,4865888.7252631932,48,0.048371042536855979,ok,0
2032,12.777188011631672,4855853.4129257435,50,0.063128875451439914,ok,0
2033,33.645048424251328,5643048.933306139,10,0.10094683993668141,ok,1
2034,14.690107331371092,5297639.5934165204,30,0.056071496836296197,ok,0
2035,12.509928526095354,4927825.2282574531,38,0.082923998956193012,ok,0
2036,3.4991253754176812,2222739.4064256954,322,0.13692749727438935,ok,1
2037,9.0244197589116446,4875327.8788740952,49,0.077164966995894868,ok,0
2038,15.999866662198476,4855400.5323710172,41,0.080766343562070353,ok,0
2039,8.0823767225930681,4747180.0030452609,49,0.093169095541828312,ok,0
2040,10.43346748027078,4855273.2593760621,45,0.070536009480984041,ok,0
2041,9.196387791376619,4883753.1491316892,60,0.082605831859163731,ok,0
2042,9.3040468022261376,4917808.6612108657,48,0.087557827160841317,ok,0
2043,7.4358863796893626,4271679.4857318792,75,0.074460175326205746,ok,0
2044,12.190556565449727,4870502.7913640533,40,0.068468354670784576,ok,0
2045,16.346574099966418,5491837.083835857,17,0.10365679523561014,ok,1
2046,15.081822540410647,4885437.5523649883,38,0.092664446232855302,ok,0
2047,9.1469760439835603,4747180.0030452609,53,0.094862279909654901,ok,0
2048,10.56746978702858,4922728.9864197206,41,0.063752112796216343,ok,0
2049,7.6144229625292255,4318219.6892671864,62,0.080256076869933704,ok,0
2050,12.192074551521118,5047416.4259064542,33,0.068802325486756355,ok,0
2051,13.533751404255261,5178152.8523887172,29,0.072473451649358034,ok,0
2052,9.5260190527610309,5172231.9721258264,19,0.098864609582341001,ok,1
2053,8.4894557496235592,4946010.6528021134,38,0.084981234437695674,ok,0
2054,8.6715619048004662,4683078.6891501099,44,0.087359098179263239,ok,0
2055,10.565270799805591,4868675.5808085585,48,0.063571426920347673,ok,0
2056,11.011007578107206,4891608.9581940984,35,0.083662056968169002,ok,0
2057,12.337283475956514,4939071.4650484351,34,0.075158441661007269,ok,0
2058,12.365653559248086,4894888.228761754,39,0.091947695721972922,ok,0
2059,16.778030668183362,5324872.8167261733,16,0.090270373308966034,ok,0
2060,15.207342634290228,5159457.1744529,25,0.070340630330444132,ok,0
2061,12.032426671789933,4863996.1503594099,48,0.086630273120643642,ok,0
2062,9.554963034096069,4860223.8850557702,51,0.05553376687518552,ok,0
2063,5.5136044282899714,3584129.2866284489,137,0.10887095196330021,ok,1
2064,14.092947119415927,5549834.0982655538,16,0.094696981550218662,ok,0
2065,10.262754901933992,4750157.6291427184,56,0.071545325986184155,ok,0
2066,12.92539658320741,4855760.8850293355,44,0.05876636718873296,ok,0
2067,9.5105834414494357,5130735.9236096395,31,0.086116957673589734,ok,0
2068,8.9163132589360199,5533370.1002484402,16,0.051823290354559126,ok,0
2069,12.820633649774537,5225171.3761890307,25,0.066522985324473899,ok,0
2070,7.419712864847436,4171017.3460589824,83,0.092978260076320263,ok,0
2071,11.611946419744502,4854459.277989896,44,0.067191024249504183,ok,0
2072,11.615021864764472,5085472.641280896,29,0.046657323488423441,ok,0
2073,11.997936544587617,4747180.0030452609,51,0.12855568395713779,ok,1
2074,10.891983972760885,5483911.6003035493,18,0.081084453468852624,ok,0
2075,14.853016609730153,4863631.5303964699,39,0.068098507541764719,ok,0
2076,14.721123425198432,5142113.1031480525,25,0.072100226706808157,ok,0
2077,6.992120140095575,3923706.1262872848,94,0.084010637258271625,ok,0
2078,9.3516608646814614,4750157.6291427184,45,0.044444444444444446,ok,0
2079,10.026055737293394,4757018.4600196751,54,0.08909855657694643,ok,0
2080,11.742778139548946,4940962.5824837359,51,0.055154762865717577,ok,0
2081,10.837359994761751,4793893.8151622703,50,0.086352049338083409,ok,0
2082,13.608008352113474,5055963.4823771017,35,0.10634518373533253,ok,1
2083,14.56228422051865,4863140.6539510544,36,0.080326695975944218,ok,0
2084,9.8797180598132552,5360956.0479392335,21,0.067602701346121674,ok,0
2085,13.7575162781577,4916238.7961723991,35,0.053907019194639361,ok,0
2086,10.790887494632884,4858345.211307697,38,0.063723749167866828,ok,0
2087,8.5936028703855047,4872037.9022677317,50,0.054468466121215475,ok,0
2088,8.8431444309990273,4867983.046447766,39,0.063483444129113886,ok,0
2089,5.8398673112633865,3507468.2820937331,137,0.089864129923757974,ok,0
2090,22.444623303153588,5470362.2815893069,16,0.074612667422199852,ok,0
2091,9.1608616819805118,4683078.6891501099,49,0.087266996220566412,ok,0
2092,6.3552223708156177,3584129.2866284489,135,0.055969528619649656,ok,0
2093,5.4512389072367036,3336995.657221681,161,0.083308338591701725,ok,0
2094,8.7738758956743172,4536155.3769555455,67,0.084638676256334144,ok,0
2095,9.6085856462932071,4705765.05441471,43,0.064011427323712511,ok,0
2096,14.235024946300758,5040543.5339177111,33,0.10001441896035124,ok,1
2097,11.700850859891155,4859697.4442680078,41,0.092205539508308121,ok,0
2098,12.766050112063979,4866233.2195811216,49,0.081147498071764357,ok,0
2099,11.199226247456835,4865536.8064039955,52,0.081919238416527818,ok,0
2100,8.6235206172210734,4311809.8551814649,74,0.072521308347534341,ok,0
2101,5.4789441325374879,3492245.1892428468,138,0.081389259231519628,ok,0
2102,10.558489379944005,4881237.7438114025,40,0.064143790488234487,ok,0
2103,11.930771069657471,4881344.5627370076,34,0.082638232306178949,ok,0
2104,10.171493287787362,4857233.7560377847,50,0.070116720937800248,ok,0
2105,5.4696410847583454,3452709.9424453662,156,0.089889144193482817,ok,0
2106,9.733997773237256,4881075.4126932565,34,0.055939269172175399,ok,0
2107,5.1088826305868231,3205254.594743669,172,0.084049202282120428,ok,0
2108,7.4898201418317027,5435395.5395888733,15,0.084698708747061646,ok,0
2109,11.411158750461796,4873299.0065346491,47,0.086135763694086709,ok,0
2110,12.992346025428388,5035475.8019422665,33,0.10099699473692231,ok,1
2111,14.962175029375345,5191650.3967897231,30,0.085052640679309371,ok,0
2112,9.1802036547545036,4874989.6313251192,44,0.07230733690248814,ok,0
2113,10.923956086525612,4867955.3604758158,39,0.088064367539305688,ok,0
2114,9.3936163840160276,4862886.1818022327,43,0.064889897942728703,ok,0
2115,7.1964174093120326,4200096.9742686078,92,0.10732262004841847,ok,1
2116,18.68510238230602,5535869.0732306931,9,0.081281616012876867,ok,0
2117,11.783522619645007,4863204.225758818,46,0.095531320601044523,ok,0
2118,16.385909591944532,4987967.5809408622,33,0.058173216527472316,ok,0
2119,13.239767003210973,4861129.2230055882,32,0.069517082103884631,ok,0
2120,7.3990588028712816,4079770.612327572,86,0.095724512733788347,ok,0
2121,11.538887028190942,4861564.4973985134,40,0.06418934636049789,ok,0
2122,9.5635004353698498,4865784.1240791539,37,0.078667627486381564,ok,0
2123,8.5948343407200518,4683078.6891501099,43,0.058944289743463663,ok,0
2124,9.7846045534819304,4757018.4600196751,56,0.083485865324474995,ok,0
2125,9.5224827503265654,4757018.4600196751,44,0.083425851885680635,ok,0
2126,11.15256361861478,4872793.7749203509,34,0.080213541198509097,ok,0
2127,5.6395520808815709,3451998.5597333424,124,0.08223778544682038,ok,0
2128,9.2806408165140866,4854788.2573085893,44,0.065567192006942054,ok,0
2129,9.748566913660202,4994326.197901668,39,0.091290702055065953,ok,0
2130,7.7019552679713499,4324739.151746342,67,0.09139816469810097,ok,0
2131,13.710565573776655,5012543.3544099014,38,0.062855429713214284,ok,0
2132,10.008806359948361,4870916.4815131547,50,0.084146821816134865,ok,0
2133,9.612366177093433,4854598.8049943261,44,0.073982909891983861,ok,0
2134,6.1894350631006798,3492245.1892428468,130,0.077814540973944024,ok,0
2135,10.692788084512546,4865418.2772870651,52,0.082098419243302967,ok,0
2136,12.88917681555388,5055281.0943735456,32,0.042997935562478551,ok,0
2137,9.8240229562599843,4869088.0741799725,44,0.053015269628823858,ok,0
2138,13.072292817481086,4885756.3120914837,48,0.062610828261150497,ok,0
2139,11.966128987407602,5101600.1865642397,27,0.089981689175501256,ok,0
2140,11.751138852382802,5327132.0674916049,24,0.072629441726483279,ok,0
2141,11.135808777453608,4929024.5303693656,48,0.06789778303261465,ok,0
2142,9.9620112199340642,4867496.8716088617,43,0.079790904026508125,ok,0
2143,8.7756133954237772,4171017.3460589824,85,0.10494336457128417,ok,1
2144,9.9688907276299989,5012284.348793651,38,0.052982947233971456,ok,0
2145,11.543142705346398,4983062.6284287311,28,0.083449571321040528,ok,0
2146,7.9686740449793625,4932689.9950316688,45,0.046498278360452783,ok,0
2147,12.555854874143453,5364182.4426296037,20,0.059569050402735052,ok,0
2148,13.868127907592433,4857468.0240026005,36,0.087157470250143754,ok,0
2149,22.116418090260431,5404034.5176859675,18,0.10447402841630582,ok,1
2150,6.6401903827106175,4204450.8888818501,86,0.08881148758429841,ok,0
2151,10.371708622738231,4859610.6128624724,36,0.080229353944381798,ok,0
2152,14.269173006292137,4894401.5763391871,49,0.060673337156770812,ok,0
2153,5.3625650563813627,3492347.8891292298,130,0.078679344583331368,ok,0
2154,7.3562885704450816,4079770.612327572,83,0.076310673161476994,ok,0
2155,11.303408694292154,4995119.0521916514,36,0.078207249145512858,ok,0
2156,9.7826216087942317,4866884.9882042911,47,0.067406664572210673,ok,0
2157,10.179270992158985,4948672.1012298744,40,0.072272508699520455,ok,0
2158,11.247408450712232,4875241.5630079107,38,0.079723394105005951,ok,0
2159,14.058304653960558,5591986.0896329749,13,0.066405783565017584,ok,0
2160,12.236797495386366,5246218.9550190596,33,0.069659806191266771,ok,0
2161,10.504069091198842,4918500.8048583921,32,0.058314950820304468,ok,0
2162,13.845222458845443,4899641.1721518459,47,0.060288443525872148,ok,0
2163,12.730370350882994,4904503.6248904383,33,0.05585892316208485,ok,0
2164,11.318383914831559,5361636.9509509355,26,0.060108754199686087,ok,0
2165,8.8580287125427422,4311809.8551814649,73,0.082160882569105587,ok,0
2166,10.928514223316604,5130469.1126939161,23,0.084380386004513697,ok,0
2167,8.8810517735813796,4979287.7390385773,37,0.058286645530871595,ok,0
2168,10.551408470655876,4875128.5105957463,51,0.069517979480018061,ok,0
2169,10.749251479713402,4901950.0123652583,54,0.063488797547743669,ok,0
2170,13.047714114127711,4875473.3127975538,52,0.059658785311663576,ok,0
2171,10.027052988033679,5270844.3261823989,28,0.069470259980399462,ok,0
2172,8.7870490822105296,5171014.1650211979,27,0.058344660046700247,ok,0
2173,12.813360715435163,5140584.4927849034,24,0.068663303155575228,ok,0
2174,5.2205173104726086,3379957.4426155151,163,0.10841907440881515,ok,1
2175,9.1571988018421973,4640733.8797885403,55,0.061922351996356539,ok,0
2176,12.187831387976265,4864133.7474607751,43,0.06856579761536119,ok,0
2177,11.490400457452566,4311809.8551814649,77,0.089999742153549889,ok,0
2178,8.723106788658626,4364450.7290373119,63,0.060593451644119611,ok,0
2179,11.982428577575797,4915736.1097989427,47,0.056957271463074943,ok,0
2180,7.8685255834682231,4271679.4857318792,70,0.083162876955383491,ok,0
2181,14.055475241546327,5351327.6681918949,20,0.086274735618460552,ok,0
2182,15.077317065090927,5665377.0786034819,11,0.081002247008233663,ok,0
2183,14.76736177713129,5233341.1927696262,21,0.051920317402549099,ok,0
2184,10.563629984588005,4879106.1155888671,39,0.084962679861558144,ok,0
2185,8.8656116157968867,4871316.4979931442,50,0.072034298174260505,ok,0
2186,8.5878434771068566,4793893.8151622703,47,0.072195988305211595,ok,0
2187,15.379903830792296,4905278.5094088409,40,0.083270093333224549,ok,0
2188,13.710848733036253,4862562.8543383451,41,0.063732825834228568,ok,0
2189,11.064223381342989,4871373.1914028134,43,0.057950428392174902,ok,0
2190,11.06067230618207,4873018.6527197501,39,0.085543558874204617,ok,0
2191,9.038625613674272,4867864.7075043414,38,0.057322273801806767,ok,0
2192,11.456069485158443,4923711.31746874,39,0.06333524040422861,ok,0
2193,8.6508447701824007,5132824.2542258082,29,0.063804446186169761,ok,0
2194,7.0299144454864688,5621395.1845274204,11,0.086706269250124091,ok,0
2195,11.739620996924009,4750157.6291427184,48,0.077880540131092357,ok,0
2196,5.3877332512200935,3432351.1564540281,140,0.10387847985060816,ok,1
2197,11.877323264373356,4877924.2903000154,39,0.087719357082580607,ok,0
2198,12.224637675250683,4934415.5378551055,38,0.063305437277511478,ok,0
2199,12.213072255606161,4857097.5141882934,42,0.077668708311024792,ok,0
2200,7.1522400838997546,4324739.151746342,74,0.055169324919484453,ok,0
2201,13.960891689908435,4985741.2606946351,32,0.054781095990004691,ok,0
2202,10.007085415276922,4947045.2779035037,37,0.046960042578966132,ok,0
2203,11.253764920157661,5040704.4435291383,34,0.095001685152245718,ok,0
2204,9.4000380820612826,4750157.6291427184,53,0.084892988980701717,ok,0
2205,14.000987781744662,5114021.0674371477,33,0.067129514452199168,ok,0
2206,11.993857386164533,4705765.05441471,46,0.088390241459422481,ok,0
2207,16.832988660910672,5307772.6793969041,24,0.094646908427739151,ok,0
2208,13.704889278526684,4994595.0282024732,33,0.083584942339754553,ok,0
2209,12.079008769767986,4921379.0407445496,45,0.084293463819275494,ok,0
2210,11.196093931544763,4870907.1556321783,46,0.072305302835331209,ok,0
2211,11.689244270680124,4900763.219176854,39,0.055669627795334131,ok,0
2212,10.017790478621654,4860297.5158166336,55,0.053060476252343891,ok,0
2213,9.5930465787364838,4434572.5008024909,69,0.080772686125547721,ok,0
2214,10.061447088772557,4969111.2350425804,50,0.066333556278125649,ok,0
2215,9.9688863245232753,4864645.0273162229,48,0.069312952549608675,ok,0
2216,7.1826232393139016,4149819.2257139417,82,0.074333763730795366,ok,0
2217,9.0867136135024094,4542200.0232369462,55,0.066098117667523049,ok,0
2218,16.689120802395209,5418975.9762459071,17,0.084578908647242268,ok,0
2219,10.311386654183503,4683078.6891501099,51,0.072791302906902389,ok,0
2220,11.076602741991008,4958464.3968113987,30,0.087447613684882797,ok,0
2221,5.5595027222036766,3543508.9322967106,122,0.094052357784973006,ok,0
2222,11.733572832434474,5008825.6480441745,39,0.053195879123824841,ok,0
2223,9.9017664585565743,4747180.0030452609,50,0.061739106113332373,ok,0
2224,10.518026480245005,4892275.5419176882,54,0.070807154675479156,ok,0
2225,12.59274640933574,4894836.6107952343,39,0.11715324552158235,ok,1
2226,10.530059856972992,4858849.836101044,40,0.1044292457642545,ok,1
2227,15.61682679832615,5267120.9705119496,26,0.075257006090466816,ok,0
2228,12.557680698836178,4866376.664969868,40,0.10050483181834458,ok,1
2229,8.4150270140210068,4747180.0030452609,53,0.061625596832478896,ok,0
2230,7.2398055459680712,4079770.612327572,84,0.10246309927990516,ok,1
2231,9.8924430034112341,4889205.6178218005,46,0.069363042437853295,ok,0
2232,10.024735444076725,4856018.9151473017,51,0.053912396449306843,ok,0
2233,11.538950358714693,4894605.7067951318,41,0.089451534256137499,ok,0
2234,9.6587895510240998,4865206.3562458074,45,0.06537546388425225,ok,0
2235,7.8942851489147809,4705765.05441471,47,0.091431551630844821,ok,0
2236,13.43067623528124,5317692.8873729818,22,0.067884248848323503,ok,0
2237,12.481636455216224,4877096.429858204,36,0.058096775125089151,ok,0
2238,12.134592677734398,4876442.608402323,33,0.070160061167703569,ok,0
2239,10.055107480897409,4869192.5329403225,50,0.066354244293372888,ok,0
2240,19.630498168801566,5129639.9710650332,26,0.067991693280384236,ok,0
2241,14.185155101230603,5162961.1144334497,23,0.070113459559676572,ok,0
2242,5.8634238722772114,3543508.9322967106,132,0.064809734583282985,ok,0
2243,10.548257982672625,4865015.0371393319,41,0.075634860532259984,ok,0
2244,11.092525736894975,5018228.9737767391,31,0.078064377818829245,ok,0
2245,12.100384923353326,4860824.3618470496,48,0.10888045528177315,ok,1
2246,9.920219616442882,4910214.3876147969,48,0.095461200743426788,ok,0
2247,5.8315802575484321,3578778.1470238399,132,0.088309226566873456,ok,0
2248,7.8645510485847048,4200096.9742686078,90,0.088446150538158852,ok,0
2249,12.878900782546895,4918932.4057225967,32,0.1099158606054127,ok,1
2250,12.403389991229345,4881823.770423729,45,0.063472900404350496,ok,0
2251,9.2396910912472698,5028955.1902393308,38,0.041716532456994693,ok,0
2252,9.7365016987862401,4705765.05441471,46,0.10414699029203134,ok,1
2253,14.230001326374865,4987177.0786612956,39,0.092471639544851936,ok,0
2254,10.014241551524572,4952219.1426977552,44,0.08768488788522269,ok,0
2255,12.114515424933046,4887423.0846690312,54,0.074414161849633675,ok,0
2256,11.765417661270313,4989289.0304038087,27,0.073840640299740468,ok,0
2257,11.916738706048589,4856712.675564358,48,0.10081001522642885,ok,1
2258,11.847721772471367,5148838.655264467,38,0.067408161098993946,ok,0
2259,8.1254449887791083,4705765.05441471,52,0.094280617739725181,ok,0
2260,11.050794248356869,4872023.6790926885,49,0.052040282870730037,ok,0
2261,9.0507072505398227,4705765.05441471,45,0.079615740371185462,ok,0
2262,10.47700085662135,4875718.9516542712,46,0.079231686444661831,ok,0
2263,14.217343829314142,4859639.5479233759,52,0.070096244492605764,ok,0
2264,9.4669179632228442,4747180.0030452609,50,0.065934015904653087,ok,0
2265,10.21374142704722,4962852.3042020462,29,0.052574346804003025,ok,0
2266,12.592659831787863,4862373.7107703537,46,0.069998880171306344,ok,0
2267,13.081749948646278,5418365.8418265153,19,0.07650914394632935,ok,0
2268,8.9390141254629079,4546139.8779072883,49,0.07548888356828698,ok,0
2269,13.556589136492036,4854589.6237829356,44,0.065807284207431094,ok,0
2270,9.3046627817109417,4683078.6891501099,48,0.09811557702661966,ok,1
2271,12.332806454542167,5157475.5047741383,23,0.053443512512473479,ok,0
2272,9.018958931039915,4864741.2643026467,36,0.061938160314799595,ok,0
2273,12.065986959906793,5005532.0758410133,37,0.064901652768134532,ok,0
2274,32.571881186823674,5446666.1759203291,10,0.09216239464231657,ok,0
2275,10.585775717417793,5008536.5276761558,31,0.076885234131786495,ok,0
2276,18.334570327969658,5392774.5126878014,17,0.057498178505411446,ok,0
2277,12.153508479954624,4854317.7742867805,44,0.084769117463640464,ok,0
2278,16.262635805277334,5112022.5787268579,27,0.072988626818098812,ok,0
2279,10.449853012427234,4871585.2996180551,36,0.06133616147069354,ok,0
2280,10.092119613550601,4876468.3780884072,44,0.091536320210434452,ok,0
2281,11.006018592861452,4859379.2480305033,52,0.076808565793496042,ok,0
2282,10.896256862275035,4747180.0030452609,33,0.082636779274687044,ok,0
2283,16.977523346075621,5173844.7152664596,24,0.070269994891426824,ok,0
2284,4.8692902362399328,3241308.4014278771,165,0.1109551143458769,ok,1
2285,11.5268979469096,4937429.8994216193,40,0.087909971399742215,ok,0
2286,4.8488988313815984,3137987.8488104269,184,0.10158320159143119,ok,1
2287,10.163540487935448,4747180.0030452609,51,0.068081871548665754,ok,0
2288,10.188417165946191,4963489.8222222272,46,0.071199892677154208,ok,0
2289,23.867793766489438,5611446.4774381854,15,0.092443796008531476,ok,0
2290,15.103734888845182,4903322.8784599099,37,0.048038400320000951,ok,0
2291,10.330104040992802,5241064.4362716721,23,0.070913242613658611,ok,0
2292,14.238004660267784,5012104.3596616471,36,0.066881727130512991,ok,0
2293,5.3675047520002215,3369651.9972953447,165,0.082759718996674586,ok,0
2294,9.3199826595711226,5056928.6238473365,35,0.087241302564266099,ok,0
2295,12.482939641762286,4896138.9188497588,35,0.086808927103921574,ok,0
2296,12.136156008145099,4858764.872213508,46,0.059725745557192678,ok,0
2297,10.591298996326698,4757018.4600196751,34,0.078221459760678347,ok,0
2298,11.208835535786511,4866685.8004834214,49,0.088682975283520538,ok,0
2299,10.868476904597578,4683078.6891501099,65,0.080044138297333089,ok,0
2300,9.9888164679956919,4898409.3298121616,38,0.087734915698543858,ok,0
2301,14.862032527328015,5415903.882392277,23,0.092033474915227953,ok,0
2302,7.7464175312844556,4364450.7290373119,61,0.060374151845421054,ok,0
2303,14.185762077644814,4868889.2397148898,43,0.078337877427100966,ok,0
2304,9.9414068575964549,4864485.305046564,39,0.071667592840699568,ok,0
2305,10.888266011014974,4984352.0129737966,42,0.044502359302506456,ok,0
2306,12.026675416700689,4879179.3317575585,36,0.07847887725076419,ok,0
2307,11.376421818301315,4890152.4360964689,41,0.063115363531886404,ok,0
2308,10.310881814059888,4885022.1071022153,45,0.069520748234005558,ok,0
2309,9.914406879626922,4886851.3452610616,46,0.05944034304011192,ok,0
2310,7.8562683735068859,4318219.6892671864,69,0.075837223579417135,ok,0
2311,14.700181876060114,5483106.420951183,17,0.082567527542824537,ok,0
2312,11.902718773812634,4869279.6296653431,42,0.079216420394704223,ok,0
2313,11.503154666988619,4861012.2715687891,46,0.10161013353385595,ok,1
2314,8.6158977249734257,4747180.0030452609,55,0.097868444934855026,ok,1
2315,10.165858917220351,4762962.8190767989,55,0.097071274743838976,ok,0
2316,9.1359490230825031,4866978.4836520581,42,0.055040819565771448,ok,0
2317,8.2091245569899449,4757018.4600196751,44,0.066863912602777575,ok,0
2318,10.159338942373527,4747180.0030452609,65,0.10041655023795032,ok,1
2319,15.450230119703116,5160564.7585732108,25,0.068510348990447612,ok,0
2320,14.030390576902107,5252562.8218220081,25,0.076203748572098329,ok,0
2321,13.783294886818748,4862496.9641029071,40,0.071784009110207325,ok,0
2322,14.657459170316757,4985975.6676268065,31,0.070268099992823463,ok,0
2323,8.0964113115580414,4318219.6892671864,76,0.095817028450826958,ok,0
2324,13.193121850682299,4881143.0777752101,46,0.077069884750630091,ok,0
2325,12.085570554582203,5019965.1863720408,32,0.075097077135626966,ok,0
2326,10.584857997207386,4793893.8151622703,55,0.11438070485266866,ok,1
2327,11.912965179435748,5131695.9250416523,30,0.080252219463808228,ok,0
2328,10.174939442495154,5061273.7942755111,34,0.071203487201682292,ok,0
2329,8.9710297249323041,4311809.8551814649,76,0.11674646609867845,ok,1
2330,10.990834755200678,4957266.8565692911,45,0.06825547233002377,ok,0
2331,12.826010292729308,4932566.2835232941,41,0.080811773016726818,ok,0
2332,11.394391030213233,4871098.214158386,50,0.053268067163299571,ok,0
2333,6.9647717111440297,4171017.3460589824,89,0.074112937225154996,ok,0
2334,14.026156250413294,4857361.5438011894,42,0.063577395408337178,ok,0
2335,10.123023147556124,4876709.0469502192,42,0.059583858570733006,ok,0
2336,11.559421537369891,4860423.9525460294,37,0.0790479880885957,ok,0
2337,11.905428459950254,4705765.05441471,46,0.10768373989713831,ok,1
2338,15.151943454397792,4915562.0360742174,39,0.11865097692035209,ok,1
2339,11.14466029890627,4871052.6564134369,35,0.089193076140207772,ok,0
2340,17.734772676700235,5141017.979074833,23,0.084822094543180238,ok,0
2341,10.199768753299448,4856801.5421803044,43,0.070377675628059633,ok,0
2342,14.125849255174959,5242296.1129491925,24,0.073338647074754432,ok,0
2343,9.1879259370817401,4793893.8151622703,49,0.054114487444900439,ok,0
2344,12.98721212402436,4747180.0030452609,52,0.10122834712148451,ok,1
2345,8.3273373707841429,4705765.05441471,50,0.055279677675504679,ok,0
2346,10.676421873322628,4902094.8110918626,46,0.088347071512521858,ok,0
2347,10.4861192885093,4886167.6084235748,41,0.04764115388571255,ok,0
2348,9.4198490420011716,4857860.5157660954,52,0.048072629392734045,ok,0
2349,10.038839893322647,4793893.8151622703,46,0.10185021294061654,ok,1
2350,10.66342365993942,4872367.9471508367,32,0.07672915780907863,ok,0
2351,11.51834680815624,5049338.9475319562,41,0.071776306130571732,ok,0
2352,10.845887824824798,4705765.05441471,46,0.088028997727295,ok,0
2353,10.535162021395992,4887787.0456256308,59,0.055831216876952694,ok,0
2354,10.679325756331218,4793893.8151622703,44,0.074384035344105495,ok,0
2355,5.9066884252562959,3492245.1892428468,134,0.087437800323296733,ok,0
2356,11.113609500749371,4861631.0888357358,60,0.088884926715093293,ok,0
2357,7.1707044139241214,4318219.6892671864,80,0.099096389186943523,ok,1
2358,17.80076526718825,5131918.9450383587,21,0.077964440526439138,ok,0
2359,9.7388939900354998,5367590.9371493906,11,0.084419584008327608,ok,0
2360,11.93558483632278,4856056.9574866034,47,0.093714462542311638,ok,0
2361,8.9131565275713669,4874550.1772893528,35,0.054094782681028741,ok,0
2362,12.234330721750128,4859668.4497176548,33,0.078441084661662108,ok,0
2363,11.417618088891938,5191568.0046012206,28,0.085838132570923764,ok,0
2364,8.0096851449617681,5288691.9817832252,13,0.072512784929099239,ok,0
2365,12.343506319797763,4862032.2245944906,51,0.093051677040161596,ok,0
2366,14.517771630661223,5331630.0215651523,22,0.075725086536753583,ok,0
2367,10.921737132688389,5033589.184652295,32,0.067574475843002468,ok,0
2368,10.338019879984738,4858452.83151366,41,0.063052180057974083,ok,0
2369,10.745331156411213,4747180.0030452609,50,0.063577842041226074,ok,0
2370,13.132645621864967,4877831.3118826887,37,0.076919612449154129,ok,0
2371,10.506138920334784,4878793.8242344428,35,0.060105685465650788,ok,0
2372,12.272225237123822,4987792.845642644,47,0.058011560526731232,ok,0
2373,10.318667994031768,4750157.6291427184,39,0.09002241282140741,ok,0
2374,9.5273634907780202,4903438.4764497578,40,0.046039235795490407,ok,0
2375,7.4742557023875582,4961305.721015038,38,0.07147369356472133,ok,0
2376,13.013815910560238,4854228.7263736231,50,0.095103734811413543,ok,0
2377,9.444669909060309,4940969.2892893944,36,0.062217105162274244,ok,0
2378,8.3571524369657872,4980965.5857575154,36,0.077076142231936817,ok,0
2379,5.4409716519073283,3452709.9424453662,154,0.087992130570862637,ok,0
2380,11.058437703442399,4705765.05441471,61,0.071751700143516062,ok,0
2381,10.097886455657269,5360489.556652938,24,0.062001233936693434,ok,0
2382,26.664188825673328,5851074.715518726,10,0.082233341725192366,ok,0
2383,14.176937264191062,4864684.9915541764,40,0.064924695119489284,ok,0
2384,14.006201615870774,4863121.5381441144,51,0.056838408223428893,ok,0
2385,8.7636549532548322,4987279.4643668765,34,0.067237426464201944,ok,0
2386,8.471226229146005,4747180.0030452609,56,0.059588372670978718,ok,0
2387,6.0205590165139036,3492245.1892428468,137,0.083666134166606509,ok,0
2388,9.3029068422541989,5013576.4519612063,41,0.062007901015491945,ok,0
2389,16.718485446251499,5018349.955188904,31,0.078432932743727757,ok,0
2390,9.4197996080885265,4985981.3722775895,28,0.075337162429262916,ok,0
2391,10.349423745455812,4747180.0030452609,42,0.077337286278326839,ok,0
2392,10.311908706655815,4747180.0030452609,47,0.059925933537838011,ok,0
2393,9.4562102688086291,4887522.8758922713,42,0.076627204235017121,ok,0
2394,9.3978352831455663,5039319.2088976484,37,0.059657195310185096,ok,0
2395,5.4762462018567879,3492245.1892428468,152,0.075452157346898141,ok,0
2396,11.681476875127034,4883413.4384989431,37,0.074809645152241477,ok,0
2397,10.899043659277714,4892580.2892050631,34,0.082972790789542228,ok,0
2398,10.733842196561689,4860119.962476803,39,0.059693533212374028,ok,0
2399,14.436047775576828,5179796.9982476998,22,0.11014454620171021,ok,1
2400,11.988961577520827,4879887.2924078424,41,0.10844625690452647,ok,1
2401,5.4700141631137571,3446045.4523578081,139,0.078808399960634823,ok,0
2402,13.471986492095155,5308668.5749591766,26,0.062383206399337143,ok,0
2403,15.311592401237379,5147870.2341916934,32,0.067203522033834728,ok,0
2404,7.9095976235196401,4324739.151746342,63,0.081308341074880941,ok,0
2405,11.13723479205354,4855616.6999122156,43,0.056361596597496399,ok,0
2406,8.6136090931083764,4683078.6891501099,50,0.046909747629458737,ok,0
2407,16.630633840983258,5356727.2115817778,22,0.071446656293860378,ok,0
2408,5.8801356312869402,3446045.4523578081,150,0.10080695780306692,ok,1
2409,8.8143431548169922,5308443.3890178706,18,0.068974213181296151,ok,0
2410,16.026822700024443,5206074.3615791798,21,0.09813771225553225,ok,1
2411,10.435943562548248,4762962.8190767989,44,0.096578885406705256,ok,0
2412,11.920197076586728,4919354.753952615,36,0.087464626572148929,ok,0
2413,14.271645941254768,5482692.2593183788,20,0.088568776235790514,ok,0
2414,11.046001482139753,5153435.9509655274,25,0.077036291656109923,ok,0
2415,9.8509179007210861,4904808.6210462544,51,0.042726593023980297,ok,0
2416,9.7701987604086078,5065869.3207218656,30,0.063441005071168122,ok,0
2417,7.8308328008650108,4906999.529984124,29,0.083396169893539707,ok,0
2418,12.252622165005379,4894238.5734640686,37,0.064455779555455173,ok,0
2419,8.266727719560599,4217613.8241749071,85,0.090764942606301496,ok,0
2420,9.3414378457515763,4862208.3046825966,50,0.092393039786928588,ok,0
2421,15.436042719803233,5321350.1772423228,25,0.086982123874431383,ok,0
2422,9.7210305840204914,5074630.9306897828,21,0.068662269780293439,ok,0
2423,43.573126675238846,5469061.4128106413,13,0.11629230301826443,ok,1
2424,15.342817488645325,5326244.3035361283,24,0.077057565793621663,ok,0
2425,17.27719602711618,5374635.0466165403,22,0.11647395088017776,ok,1
2426,8.6449102408594349,4705765.05441471,51,0.070485937872586613,ok,0
2427,12.216797771785142,4892319.8430244317,39,0.077492825649114638,ok,0
2428,8.6109806858284124,4268339.1925416272,72,0.082980246115825884,ok,0
2429,12.185160585773462,4978996.3977245959,42,0.055514667556123415,ok,0
2430,10.448210378476649,4874456.574306462,51,0.058919742437454625,ok,0
2431,9.87984375038622,4705765.05441471,53,0.068634256027957974,ok,0
2432,9.371109215645129,4893661.2712082593,50,0.075846257904954362,ok,0
2433,11.008397500492398,5061331.7159633534,34,0.054686847492257051,ok,0
2434,13.391198318696684,5229486.3670435706,22,0.089030560680619875,ok,0
2435,14.766064146008111,5117609.4179802686,33,0.084637325676663544,ok,0
2436,10.559454613969974,4793893.8151622703,40,0.097845250096031428,ok,1
2437,9.0225041107283666,4762962.8190767989,44,0.090909090909090912,ok,0
2438,13.668564610021596,4956436.5713174734,39,0.087094394151515819,ok,0
2439,10.253726630479647,4915723.0790092899,42,0.040587250925893215,ok,0
2440,13.453181431637219,4858129.7043867186,53,0.12053587929618459,ok,1
2441,10.380640202558679,4928749.102123104,35,0.059146208679464518,ok,0
2442,9.7723453974320265,4705765.05441471,59,0.068839218561586119,ok,0
2443,12.216124726429817,5016227.5362411058,40,0.068280101492435352,ok,0
2444,13.322505252697585,5032469.6030265484,26,0.087262605991169806,ok,0
2445,10.105921954211707,4640733.8797885403,58,0.056850577431540927,ok,0
2446,11.828201334870142,4902278.3055538526,45,0.059609050719398482,ok,0
2447,9.3284643103599585,4926509.5592640312,38,0.039029469591296495,ok,0
2448,10.645545934474118,4871465.0306050545,57,0.042341915387410944,ok,0
2449,13.303211515895931,4988900.7454802273,34,0.044673687936003126,ok,0
2450,9.7905574441134853,4929279.678752576,34,0.072959962958775604,ok,0
2451,9.8526487461555892,4705765.05441471,44,0.080385431221349946,ok,0
2452,11.079886373676855,4899996.1703531025,43,0.057345362998653865,ok,0
2453,10.356715607985228,5197244.691959748,25,0.071803788202337931,ok,0
2454,11.706886801193683,5091935.2948109778,33,0.067578212690127315,ok,0
2455,9.8244737596470078,4683078.6891501099,63,0.1164929379968781,ok,1
2456,12.868367793112689,4750157.6291427184,43,0.071145702081075735,ok,0
2457,9.888836614331467,4705765.05441471,56,0.076745905224024885,ok,0
2458,7.9356315255844727,4593663.5931173814,58,0.097621861921163289,ok,0
2459,9.7657686067868603,4683078.6891501099,46,0.067344317918214852,ok,0
2460,9.8462700585275229,4855905.8645980833,43,0.054728297581000063,ok,0
2461,8.282101357390566,4900995.2893402847,41,0.047372278549140057,ok,0
2462,10.166014126201183,4918646.8032994503,48,0.063420563341202663,ok,0
2463,10.48310328828952,4750157.6291427184,55,0.10451502955252923,ok,1
2464,8.8951121474601003,4750157.6291427184,43,0.070643173673072934,ok,0
2465,9.9757260610302119,4854817.3704235433,48,0.061436704945379284,ok,0
2466,19.298324111040809,5284514.4512595506,24,0.056694097921794473,ok,0
2467,9.4885041843937774,4866083.7612000508,45,0.088417408779293494,ok,0
2468,8.6277773865726601,4470522.3118906198,69,0.066688721589708067,ok,0
2469,12.288717263751025,5072975.3042929666,29,0.079392081312390061,ok,0
2470,11.011933636695243,4705765.05441471,53,0.062253365975778963,ok,0
2471,9.2641584659254619,4889695.7104095686,41,0.056562021805680263,ok,0
2472,14.474929870246902,5090381.6971894037,38,0.089885111536797346,ok,0
2473,18.140319317127673,5160015.4568524444,19,0.085823359020681389,ok,0
2474,13.486667629977177,5340104.3074071473,19,0.06677749763344587,ok,0
2475,12.115628337887063,4747180.0030452609,52,0.098393173698482023,ok,1
2476,11.819735791946998,4855774.3496055538,35,0.084599762924148392,ok,0
2477,10.639882302681158,4750157.6291427184,48,0.072836382938590516,ok,0
2478,11.950441279130077,4856782.555932546,53,0.049187795337685136,ok,0
2479,11.759014003718352,5632766.4873557035,20,0.056530783662604889,ok,0
2480,8.9896472215418761,4747180.0030452609,51,0.083021036509149715,ok,0
2481,14.905266548307312,4865720.1995103071,39,0.083958025008591397,ok,0
2482,9.0687345004930027,4757018.4600196751,52,0.096901246661678125,ok,0
2483,10.522159678319628,4908139.4737835303,46,0.05165524361963536,ok,0
2484,10.823665905616355,4854689.8742667567,47,0.078907186461469991,ok,0
2485,26.437579020133771,5197003.2521128133,21,0.10065394296005781,ok,1
2486,13.432978441954585,4895691.8738962691,50,0.085772967957468804,ok,0
2487,10.327060854965019,4867689.3199727498,65,0.052639182281477015,ok,0
2488,10.823638044166566,4890451.8135567019,47,0.085707191478748612,ok,0
2489,13.582750273843335,5343471.5901864087,22,0.074866859744500802,ok,0
2490,4.8623343019843546,2948587.7523981933,205,0.088776146583747162,ok,0
2491,11.119078011819969,5126597.5998161389,27,0.088370266073005299,ok,0
2492,10.573055352886522,4855799.8194921669,46,0.074667506734764855,ok,0
2493,11.027814418664335,4750157.6291427184,49,0.11574664125003642,ok,1
2494,11.727318737364035,4747180.0030452609,57,0.083505904563018873,ok,0
2495,10.085636463130561,4793893.8151622703,42,0.070335104844412688,ok,0
2496,16.744455250738124,5404716.0832837913,17,0.058133860621281397,ok,0
2497,4.2936956736399168,2614297.6593481819,244,0.08521143417833027,ok,0
2498,8.4644358018416028,5337820.2929981574,21,0.057542151761582394,ok,0
2499,12.29887245802359,4860691.3819571035,39,0.1032628221865084,ok,1
2500,7.9621078976279431,4640733.8797885403,48,0.075212377363159111,ok,0
2501,15.307779993485758,4912411.5896544689,44,0.079324562555236122,ok,0
2502,10.75223716074092,4981872.5771809621,31,0.075403463199116283,ok,0
2503,12.875998512269586,4890124.0698645981,53,0.067432208187266696,ok,0
2504,8.6296811241457814,5043218.7586053666,36,0.067068198899854353,ok,0
2505,10.579104374786999,4683078.6891501099,46,0.098197301797676384,ok,1
2506,10.942841512063461,4861975.0453921538,42,0.069858284041742685,ok,0
2507,8.7270685225016624,4705765.05441471,57,0.084785140114131796,ok,0
2508,10.539206994809058,4869253.2654606579,53,0.10505318037103561,ok,1
2509,8.6520639814101266,4860050.9715642193,46,0.087549521967791089,ok,0
2510,5.1057777431393214,3336995.657221681,167,0.087976846229097072,ok,0
2511,10.998066976164878,5116059.349571418,27,0.08491343050991651,ok,0
2512,10.12045756977288,4874960.6902923621,45,0.063870143387714351,ok,0
2513,11.216723539310344,5778699.171290243,18,0.056468376102052575,ok,0
2514,12.744474063209953,5052132.0346626053,31,0.099839018163829674,ok,1
2515,12.995996381525307,5367279.1314514996,14,0.068321237949555386,ok,0
2516,11.272251228639597,5272512.1256141998,27,0.090775976211870169,ok,0
2517,10.553458163679972,4898478.445087133,44,0.070355414911410286,ok,0
2518,9.9245128488819212,4747180.0030452609,54,0.077853168666508266,ok,0
2519,8.5724286486466923,5234115.3992192997,20,0.093774229485417582,ok,0
2520,8.5566957785995559,4536155.3769555455,65,0.066076716836749039,ok,0
2521,11.200309834205905,5280600.2648622561,15,0.082622203327926913,ok,0
2522,10.914038286791437,4854435.0621817457,45,0.090870886882159274,ok,0
2523,18.39254311442707,5362137.3562930124,23,0.072149121528632398,ok,0
2524,13.095086033606862,4856970.7680906206,43,0.07134003752909801,ok,0
2525,9.2442239739882055,4859297.6135412101,43,0.086535384785627167,ok,0
2526,13.014967707024754,4870545.1027167113,43,0.055888447308108935,ok,0
2527,10.757642129620132,5028568.6477464139,35,0.06045999100977173,ok,0
2528,9.6826916477564282,4871081.2473970307,48,0.053235688787824476,ok,0
2529,9.3192035127886044,4865231.9226387693,42,0.090517643166572626,ok,0
2530,9.8808571073702556,4894101.4030858604,40,0.059280752874280807,ok,0
2531,14.168645038734903,5466563.304633691,17,0.086764162591669969,ok,0
2532,7.832576854394202,4683078.6891501099,58,0.086526450002857969,ok,0
2533,5.6596299550134548,3492245.1892428468,146,0.080123775354076054,ok,0
2534,9.3262215956561256,5133881.3468265049,26,0.069697148523090419,ok,0
2535,9.5028725972099259,5612172.2052710121,12,0.080441594927646576,ok,0
2536,24.227958136619232,5645461.6560105318,11,0.099055857755472709,ok,1
2537,8.3315923391466384,4318219.6892671864,85,0.097867558109253239,ok,1
2538,10.095940769918897,5003693.8375658495,44,0.053420772643359371,ok,0
2539,11.875570038916843,4871148.1552308528,34,0.083113111144781371,ok,0
2540,11.208692598142393,4705765.05441471,42,0.068779574130461457,ok,0
2541,11.914740755044129,5115748.8391343383,31,0.061874862526483193,ok,0
2542,9.673388362924646,5136877.8257737122,26,0.068780658302099618,ok,0
2543,9.2913812597387828,4856907.66328575,45,0.066870844266833651,ok,0
2544,11.552106799816938,5195894.8808954628,28,0.065207769923587872,ok,0
2545,10.415705044048719,4967767.8248018045,31,0.075824133837068874,ok,0
2546,13.578097337119578,4968855.0088164108,37,0.068229205436155516,ok,0
2547,11.547644171508392,5020732.9337586025,46,0.067977151411341863,ok,0
2548,8.2107203259315966,5083259.6998368213,21,0.049653211312097545,ok,0
2549,9.1189753023881401,4866026.2278255941,43,0.055123269253271823,ok,0
2550,11.260976243618661,4999691.1826301953,51,0.063029102217136534,ok,0
2551,11.34999057200684,4857294.068774268,50,0.073267859503265642,ok,0
2552,10.685729021155726,4864126.9686032245,53,0.047524923276238862,ok,0
2553,12.184815268021119,4867823.5846663043,39,0.08689938918263107,ok,0
2554,11.337079771011952,4750157.6291427184,48,0.0739493203432664,ok,0
2555,29.336875840525575,5656077.097561433,16,0.089817804844571469,ok,0
2556,10.529421480834744,4873404.5758084292,36,0.065138488850733811,ok,0
2557,12.030318402091961,4864426.0355398944,46,0.11019561026407543,ok,1
2558,11.689841998334149,4762962.8190767989,39,0.080711860026510429,ok,0
2559,9.8193344591667575,4683078.6891501099,54,0.089125238820800479,ok,0
2560,13.99242795191862,5073582.1192460023,31,0.066409178100707789,ok,0
2561,10.741547807427608,4856914.0547270756,38,0.062477688009197729,ok,0
2562,9.3278104405298308,4705765.05441471,47,0.064192746538720619,ok,0
2563,12.203075717375446,4750157.6291427184,44,0.087349558233639657,ok,0
2564,12.720525004093734,5067407.0126512945,32,0.069482650778094235,ok,0
2565,10.764826672476024,4874548.4318649629,45,0.088454797096018667,ok,0
2566,11.147120608670662,4747180.0030452609,57,0.0954417128738827,ok,0
2567,14.386637475421875,5303760.0635944027,20,0.075997199506552426,ok,0
2568,5.3928984343905633,3432351.1564540281,148,0.092342175630135914,ok,0
2569,12.412576214384261,4916826.6261986187,37,0.075128905271356516,ok,0
2570,5.4289243898163555,3432351.1564540281,137,0.07301559581411235,ok,0
2571,34.956709550361019,5650827.3742639124,9,0.10289635282241155,ok,1
2572,10.954878407448716,4906223.037494312,36,0.074935777077851928,ok,0
2573,10.077177240657024,5005763.1878370726,36,0.085018647947265324,ok,0
2574,4.767836982682943,3342512.705544631,149,0.090982421959870052,ok,0
2575,7.7090150796596983,4268339.1925416272,81,0.092831514395940729,ok,0
2576,5.4256787341181694,3369651.9972953447,155,0.085540680145268111,ok,0
2577,16.715577470107021,5298516.6271650037,23,0.082892894786648297,ok,0
2578,12.075791669925717,4747180.0030452609,47,0.10673424125671493,ok,1
2579,5.5331569412947594,3454558.3295920724,138,0.07017479623552203,ok,0
2580,9.9342653351759935,4705765.05441471,42,0.10337297676006185,ok,1
2581,22.332434588600933,5411930.8124467023,20,0.078969500946422078,ok,0
2582,11.723801831104366,4858523.1424630275,40,0.07126524821458502,ok,0
2583,10.226052495134537,4881456.4664785583,37,0.049452026359854795,ok,0
2584,11.591245131059869,4757018.4600196751,44,0.11234671696483636,ok,1
2585,9.7610826213270947,5132769.0543703604,23,0.094686633212431065,ok,0
2586,12.845334545003841,4863343.7872255305,43,0.11307971955120066,ok,1
2587,12.265741689467024,5005684.977657048,39,0.073606714475772106,ok,0
2588,7.095942487741886,4200096.9742686078,77,0.081487279406176505,ok,0
2589,10.633807911302815,4972679.8990279045,40,0.07360440875818175,ok,0
2590,5.5457327579394784,3492347.8891292298,144,0.095586772447583568,ok,0
2591,10.913458571745924,4870910.6648168927,43,0.08829898197358288,ok,0
2592,11.396045095533964,4793893.8151622703,41,0.073170731707317069,ok,0
2593,11.020585287598475,5437915.1202990972,21,0.087297493088962785,ok,0
2594,12.448721396399989,4874395.8131116368,39,0.099230440655924013,ok,1
2595,19.578761709874872,5619426.629301711,11,0.09785324464629408,ok,1
2596,9.3096029790080692,4877613.31151402,41,0.042739462684644791,ok,0
2597,8.3223461353539285,4887434.0675806059,43,0.048860836252400341,ok,0
2598,9.747969461569161,4793893.8151622703,52,0.069142378881647815,ok,0
2599,12.677383717883822,4858449.3059787946,41,0.066382783777836574,ok,0
2600,9.8482649323008307,4883024.9353620205,35,0.060583571786187229,ok,0
2601,13.794305563686246,5354961.9594674176,16,0.088476900125428193,ok,0
2602,12.594029707237558,5186609.9132621819,25,0.064815276713044434,ok,0
2603,12.23142023491407,5060588.1822661543,28,0.058640082489405887,ok,0
2604,11.349309432551138,4863345.8882097704,56,0.073318447420313348,ok,0
2605,6.1316274614755164,3543508.9322967106,126,0.067620759383881013,ok,0
2606,10.094806216517576,4859747.7532777218,38,0.076003473664944143,ok,0
2607,14.712580017101855,5213918.914289291,27,0.052262196819581164,ok,0
2608,10.451303217214782,4705765.05441471,44,0.087823502866164305,ok,0
2609,9.3331796332396717,5004112.7590407161,43,0.074126511090708613,ok,0
2610,10.954979631085747,5108676.7292426256,24,0.065460697466529827,ok,0
2611,8.9062781501436703,5268138.1443028059,21,0.067410886534846171,ok,0
2612,11.678897974529303,4935976.4145529754,46,0.067822117882037958,ok,0
2613,13.391866461391402,5157099.6117195189,27,0.09173462953737227,ok,0
2614,13.053966438942494,5032857.4332532892,34,0.11695493983109825,ok,1
2615,10.24951930282289,4857446.6478545414,44,0.052776838742868176,ok,0
2616,11.249725807054798,4854684.6382963192,37,0.093444640141996327,ok,0
2617,10.604455303543718,4857673.5019722078,46,0.056045491499371991,ok,0
2618,7.2019344133571934,4102292.5371695599,79,0.073729383863987974,ok,0
2619,8.3385691313670911,5061669.5087229032,27,0.060324854743063927,ok,0
2620,9.9229844675474421,4911356.164870237,37,0.084764246636952478,ok,0
2621,12.306011765808567,4886797.518125806,52,0.091507036240552453,ok,0
2622,21.657019230148919,5421538.7413935084,18,0.079719370334154438,ok,0
2623,9.0021459276792122,4908274.8044526111,39,0.068948251388888104,ok,0
2624,5.2481636526221811,3336995.657221681,168,0.10311211433555045,ok,1
2625,5.0791784030542315,3399077.9483101242,150,0.096122467532996192,ok,0
2626,12.083059910222671,4945696.0444058208,42,0.070209904523405697,ok,0
2627,16.030249658607801,4928827.8277546437,42,0.071791136369375119,ok,0
2628,10.943500862013996,4872102.4752579536,43,0.073439047086154424,ok,0
2629,12.720240792939787,4863591.8462408539,52,0.046268302055906374,ok,0
2630,10.798732039656544,5112385.4198257336,20,0.092625449053611253,ok,0
2631,11.261296470007871,4861140.4773196811,42,0.060289839380561427,ok,0
2632,14.784962730946546,4904551.5018070005,40,0.093565584979115934,ok,0
2633,9.3065002991153882,4928189.0566733982,42,0.066040969492828144,ok,0
2634,10.786089849967802,4866302.0549414456,29,0.081431545582238155,ok,0
2635,9.5876030856198291,4705765.05441471,45,0.061143544816775031,ok,0
2636,15.510701096813547,5468759.0780864283,18,0.083921924037212325,ok,0
2637,12.364516071233993,4884647.0570520461,46,0.075023121517741487,ok,0
2638,11.219679110032892,5430468.3662190987,20,0.067118454959979701,ok,0
2639,18.096867306202203,5185832.0504213991,19,0.087883062422508207,ok,0
2640,10.058753908780998,5070604.2711555222,28,0.088274802317946599,ok,0
2641,10.985545714641496,4856451.2054908415,39,0.06973504377336226,ok,0
2642,11.315420568096691,4747180.0030452609,48,0.0995951294606221,ok,1
2643,10.495716653696197,4857049.1722391583,35,0.071092725031525361,ok,0
2644,12.095143353946575,4870443.0649595922,41,0.053680483073296204,ok,0
2645,9.4354118455851008,4909458.6750367889,39,0.073241250722503648,ok,0
2646,13.976967177218834,4872515.6894846419,41,0.073880855022427805,ok,0
2647,10.835133554939967,4864797.502112777,38,0.087989063320336736,ok,0
2648,7.1835029252392086,4200096.9742686078,81,0.11279190506282516,ok,1
2649,11.767450827809496,4922915.0831991294,36,0.065620327166965808,ok,0
2650,9.3763513311422226,4857862.1325654937,46,0.053617976148212287,ok,0
2651,14.044490095976,4988992.3971070657,36,0.068275132129807958,ok,0
2652,10.669201783471005,4949565.0532351257,31,0.072814875390512068,ok,0
2653,9.9044879632375817,5008436.1273883339,30,0.10701113958428421,ok,1
2654,8.7908173763312405,4793893.8151622703,49,0.079629808022332993,ok,0
2655,9.5761813492643633,5122830.3037994644,32,0.068557366909317241,ok,0
2656,9.21832311921019,4859710.4969329461,44,0.057539519947537698,ok,0
2657,11.036850407071904,4855349.0465416638,52,0.067063814425860624,ok,0
2658,9.290683253474004,4883354.0884621711,56,0.083862830176487324,ok,0
2659,10.076392399962543,4884600.1331934938,43,0.058440469307977527,ok,0
2660,11.655321536308884,5037914.1526162643,19,0.075608771832821109,ok,0
2661,7.0305510787110839,4200096.9742686078,90,0.074944257485111687,ok,0
2662,10.21624804861654,4866445.2682338478,40,0.066818642689322028,ok,0
2663,9.5915362324958782,4882302.8173918473,44,0.066329375944314317,ok,0
2664,9.1220763706102392,5057364.7812162358,36,0.054393082166681317,ok,0
2665,10.686182626661125,4909827.0215741806,34,0.053279323182006233,ok,0
2666,12.473622210047912,4793893.8151622703,44,0.068181818181818177,ok,0
2667,10.4797408476052,4972387.5083740586,23,0.089526484937790141,ok,0
2668,9.6171835436205377,4793893.8151622703,42,0.079651122048671197,ok,0
2669,10.359972828361631,4889391.060022085,48,0.076794680919133176,ok,0
2670,8.1910616387651203,4939363.9951154701,37,0.053763159148335515,ok,0
2671,11.181364225793747,5683125.6650253292,13,0.069597256298175425,ok,0
2672,14.475394458424464,4863684.7229087939,32,0.081138038929335465,ok,0
2673,11.194958865569948,5095943.0349387769,24,0.082907692351520568,ok,0
2674,5.9604693104647444,3556875.6913997256,130,0.079462531035779271,ok,0
2675,11.350089035917794,4859264.5328066517,46,0.06223355151345894,ok,0
2676,12.190322982015619,4921387.6908166409,38,0.062374116693663634,ok,0
2677,13.500444386481222,4861297.3883621367,38,0.0723538174576695,ok,0
2678,12.356427763714116,5028356.2948674988,37,0.059850154329962491,ok,0
2679,11.139821274333118,4871798.0642032949,43,0.079476949667050434,ok,0
2680,10.306645980500685,4762962.8190767989,54,0.075773312816112326,ok,0
2681,9.0223098624513725,4705765.05441471,48,0.060008324620945075,ok,0
2682,11.314544163513878,4870206.4262642357,56,0.07165757938191808,ok,0
2683,12.13859249997364,4864209.9403591547,44,0.06894517957443802,ok,0
2684,8.4143492175367012,4640733.8797885403,51,0.077658728007707456,ok,0
2685,10.050610096872418,4747180.0030452609,53,0.084966145554511707,ok,0
2686,15.082350266664806,5055751.855636646,26,0.063719452203472193,ok,0
2687,12.333853626424649,5033626.7669975609,32,0.080919953133501643,ok,0
2688,10.258218398321123,4887097.9245312354,42,0.076531452427830104,ok,0
2689,12.21862808719025,5267583.3532690713,20,0.080874499568801439,ok,0
2690,10.649094598486359,4917095.3171752943,40,0.061985458850104647,ok,0
2691,7.9648856583695755,4933309.5872947602,33,0.069583786121325431,ok,0
2692,11.249988650794425,5167620.3057413753,13,0.064826311716753127,ok,0
2693,9.5900039812405069,4762962.8190767989,40,0.0802055884273426,ok,0
2694,11.128816560107035,4757018.4600196751,50,0.085884270476939029,ok,0
2695,7.1739102493463704,4348933.6581571754,74,0.084517444118506979,ok,0
2696,15.35167402384474,5401680.7570824865,18,0.075937730188183811,ok,0
2697,10.078284438067431,4891033.0391156031,56,0.08691654701247914,ok,0
2698,14.625502269153948,5123313.4181752438,35,0.072820157740604061,ok,0
2699,13.773678672706886,4888714.3892287761,42,0.06826228058601258,ok,0
2700,6.1510688405784082,3519824.2810661173,129,0.068267528217577311,ok,0
2701,11.002609180808321,4855146.3642055904,40,0.075288984197166342,ok,0
2702,5.5991000350885782,3369318.1216470301,145,0.097510094156726845,ok,0
2703,9.7740905188697056,4762962.8190767989,43,0.055554233250696416,ok,0
2704,9.4209038772472748,4870893.2220593924,40,0.069434512263698678,ok,0
2705,9.4351124073131647,4873534.8870725315,41,0.075312373917174102,ok,0
2706,6.0875292208473839,3446045.4523578081,154,0.077029636632961362,ok,0
2707,11.624102842093862,4876195.8526011938,44,0.056588139366119339,ok,0
2708,10.867473791373657,6041324.8610038748,10,0.086939871412649417,ok,0
2709,13.119486218502136,4973053.6770764384,37,0.05451500157724154,ok,0
2710,8.0483417365145158,5176934.316336588,26,0.092385391583230891,ok,0
2711,14.458846324846732,4936550.487153409,40,0.060778109988015805,ok,0
2712,10.202067963792677,4893921.9298408143,28,0.065156634761351695,ok,0
2713,10.457676505399418,4750157.6291427184,44,0.069818574051435101,ok,0
2714,10.5942674996914,4757018.4600196751,38,0.073345779586991955,ok,0
2715,11.267646029048668,4874556.0419833148,56,0.093159378630237266,ok,0
2716,12.123303596697848,5048079.0755197816,32,0.053090961753954447,ok,0
2717,21.086788834541633,5351918.9798064232,23,0.075507954078244177,ok,0
2718,8.1634676795723351,4705765.05441471,57,0.053940081048633681,ok,0
2719,10.488829279846071,5190298.96984162,19,0.089595430858993574,ok,0
2720,7.6390730447613722,4757018.4600196751,46,0.067818527063262482,ok,0
2721,5.6162820177948332,3432351.1564540281,164,0.086209008503695006,ok,0
2722,12.356875593737584,5378100.3194684787,19,0.077572441903979716,ok,0
2723,16.303822022239366,5136654.2225755677,33,0.067132303303812646,ok,0
2724,9.4058685277962617,4868627.4016893189,43,0.084064101315657724,ok,0
2725,10.846378129229715,4762962.8190767989,34,0.069823786373259589,ok,0
2726,11.78196054703073,4884367.0258968556,52,0.059855418872284794,ok,0
2727,10.411571585530643,4854255.8238320444,47,0.067020122219837885,ok,0
2728,10.531892301809947,4885689.2462946689,45,0.065256282868107807,ok,0
2729,9.2120706685908189,4793893.8151622703,38,0.071424298341662085,ok,0
2730,10.353048003931399,5109573.4027655842,23,0.067926732352626862,ok,0
2731,9.5802629373583041,4793893.8151622703,46,0.066446379993935073,ok,0
2732,9.6563701470450933,4683078.6891501099,42,0.078602621312825166,ok,0
2733,12.164949545052195,4892025.6954962853,41,0.071886467316004454,ok,0
2734,11.443868686047491,4861205.7791788103,47,0.08898553912381757,ok,0
2735,9.8764566426935438,4893703.4871001989,46,0.086377314348878076,ok,0
2736,7.0275442614012489,5332020.8777961945,13,0.11451682780113187,ok,1
2737,10.416304162877612,5137592.6294116313,12,0.067821590674520427,ok,0
2738,12.143782315836971,4958589.8586781723,31,0.087116581570859997,ok,0
2739,5.3429271465400561,3432351.1564540281,162,0.084088404762376445,ok,0
2740,5.1984283315402022,3349576.7450299347,170,0.11695804418669938,ok,1
2741,13.587516963422328,4895437.5367172612,45,0.058685367491601637,ok,0
2742,13.064319181827694,4898924.7644714508,29,0.078407537534240179,ok,0
2743,12.029907509036621,4864120.9887108169,41,0.082920547841319414,ok,0
2744,11.589459823661791,5131218.2067355858,25,0.090308343520906512,ok,0
2745,15.224091898405758,5129985.5680594509,31,0.069762595967503005,ok,0
2746,5.3438211503729516,3492245.1892428468,157,0.095623493789458058,ok,0
2747,9.2946787023665287,4894546.9129763581,40,0.057250863309003641,ok,0
2748,9.9226792139713673,4868983.3684584619,39,0.061314041036159117,ok,0
2749,10.792610025108306,5080699.0517513091,46,0.078376670299375784,ok,0
2750,13.568698115718755,4946233.0148530565,48,0.077382086864004426,ok,0
2751,9.4869928698415507,4854622.9753304515,39,0.044298266877628251,ok,0
2752,9.797810392755272,4869260.1886679744,46,0.07294389337518048,ok,0
2753,9.7434439962082848,4854396.1514717881,50,0.067117005362425153,ok,0
2754,5.6817029380452473,3492245.1892428468,144,0.09970807475947796,ok,1
2755,10.679530734693767,4997770.1959955432,35,0.073322448298625775,ok,0
2756,11.505138982745763,4898314.2178693293,52,0.075254744846673494,ok,0
2757,12.640930522005469,5148368.2223485801,36,0.083917164754485407,ok,0
2758,22.559142218841522,5748482.1658917544,14,0.067037876912958594,ok,0
2759,21.24626029964282,5074193.260822868,24,0.085911498425730565,ok,0
2760,10.395987603566443,4889670.9964452013,36,0.054201508655936315,ok,0
2761,9.2825488207341742,4683078.6891501099,52,0.061585479866795773,ok,0
2762,12.614323591005036,5059310.4791119909,32,0.085405358944748988,ok,0
2763,8.346551281089349,4705765.05441471,65,0.068913388792576247,ok,0
2764,12.651396774672135,5068847.4998467369,31,0.063883370918482618,ok,0
2765,11.910315014563121,4974373.3510123296,26,0.06251254260862224,ok,0
2766,11.386394661968609,5264546.6874381974,23,0.078451964410662545,ok,0
2767,11.974644657631991,4922366.4733088855,44,0.060466659389364352,ok,0
2768,35.399208864135787,6310600.2869149707,7,0.11614803210179947,ok,1
2769,16.028097773023823,5003443.3454573816,38,0.063141374806241213,ok,0
2770,11.642219923543864,4857212.3025442436,36,0.08446780621480432,ok,0
2771,10.623178303007759,4871838.1563460194,44,0.093430786500097507,ok,0
2772,12.713115471100791,5058872.2407177044,37,0.06217954330413844,ok,0
2773,12.130274102240721,4705765.05441471,40,0.093013609312901258,ok,0
2774,24.222878074628582,5605190.3516469598,14,0.11303085493867504,ok,1
2775,16.275221920194021,5242287.1017779997,26,0.11796876477771576,ok,1
2776,12.05589695032252,4949218.8394794157,34,0.065837161286359636,ok,0
2777,8.5032894311061291,4793893.8151622703,51,0.080512700930075232,ok,0
2778,16.318198411089327,5334509.6641906509,23,0.089149514269140973,ok,0
2779,9.3301250126446611,4975191.5965061504,28,0.077899050734462572,ok,0
2780,14.049022048754848,5513545.3073429251,14,0.099502710375458103,ok,1
2781,15.437154170902753,5223719.4714513971,17,0.083472002039159499,ok,0
2782,9.28737504020987,5166069.9626020649,30,0.073102406964924815,ok,0
2783,13.52618795592581,4860580.0924411518,51,0.065781628305645046,ok,0
2784,7.6852762418680234,5305408.112814921,22,0.059947026375296364,ok,0
2785,10.302375504339546,4747180.0030452609,42,0.074900229971240156,ok,0
2786,13.851228988393673,4866467.994918528,51,0.064328282069425757,ok,0
2787,9.8355542140460788,4750157.6291427184,49,0.074668347580814642,ok,0
2788,8.0940053211771996,4204450.8888818501,97,0.081309925395293955,ok,0
2789,7.857006881620455,4747180.0030452609,46,0.086925903291905485,ok,0
2790,13.969855893590406,4863642.028988705,38,0.066007997354714742,ok,0
2791,8.0888401005582224,4102292.5371695599,87,0.11603961279872799,ok,1
2792,9.7353004408502066,4862925.6948407749,45,0.04849452330400264,ok,0
2793,11.193608831155547,4877814.3976108022,38,0.06859881185025718,ok,0
2794,12.049030969897007,4867477.0389992306,54,0.067821849925103206,ok,0
2795,12.454852480623169,5186863.4733047131,27,0.063915220218382029,ok,0
2796,20.066815575017266,5211780.4268617732,28,0.086673769746117069,ok,0
2797,10.769288153653298,4957979.514277745,29,0.054982955355393992,ok,0
2798,16.453635319689838,5213907.7945726365,24,0.049623767769299082,ok,0
2799,13.109997616253105,4890292.4322574222,36,0.0779573647455859,ok,0
2800,8.6810813402285802,4750157.6291427184,38,0.067649830818417134,ok,0
2801,9.0389397505553344,4536155.3769555455,55,0.064482555017523424,ok,0
2802,15.406093825652823,5353015.9264335893,29,0.083023970722969964,ok,0
2803,5.5291906879902761,3446045.4523578081,149,0.083714242856144261,ok,0
2804,10.436623134915886,4871474.5032945713,45,0.059554515363210103,ok,0
2805,9.6276787745499472,5119196.4534853455,25,0.068402238259149262,ok,0
2806,9.9433584899235168,4705765.05441471,59,0.060804897678955805,ok,0
2807,9.1043171660343543,4870397.873120049,36,0.094397998938949679,ok,0
2808,15.188606709411131,4876090.6210217709,50,0.059617668016550551,ok,0
2809,11.567554011774398,4932076.336452269,42,0.060156967588505528,ok,0
2810,15.778171119414463,4870858.9401163785,43,0.068189609140287266,ok,0
2811,11.209426727964999,4750157.6291427184,53,0.094043476709890106,ok,0
2812,11.894955806150367,4888610.9958184958,36,0.070187748657128179,ok,0
2813,12.53836686948231,4958518.6422433658,46,0.074339630384047672,ok,0
2814,18.284469955642695,5784221.8501740396,20,0.09326637363706769,ok,0
2815,9.3329218944059136,4750157.6291427184,54,0.070957244685227683,ok,0
2816,8.42428389246456,4200096.9742686078,81,0.092782556872358535,ok,0
2817,7.5881542432412914,4640733.8797885403,53,0.10104626724448207,ok,1
2818,16.108427442256687,5536534.5892134001,16,0.06476661560996988,ok,0
2819,12.664916544866188,4747180.0030452609,43,0.09454239275119275,ok,0
2820,10.394273322054921,5069785.0845654691,24,0.076081094228664936,ok,0
2821,10.740739983799378,5356622.8665477624,17,0.087769159949549841,ok,0
2822,12.704658910193883,4861194.4053937001,38,0.085306698769749861,ok,0
2823,15.08566959974234,4876107.3375760568,32,0.067427586749455148,ok,0
2824,9.3685352935056851,4683078.6891501099,54,0.10096432294384683,ok,1
2825,13.35202777274889,4985969.3205340626,39,0.084122497730961532,ok,0
2826,9.2680946678452347,5484365.6891252687,21,0.074134587350240588,ok,0
2827,12.588427300923478,4937219.943862116,40,0.054421912649340265,ok,0
2828,5.5076920312112332,3451998.5597333424,147,0.090358117298029561,ok,0
2829,8.8369159864929241,4683078.6891501099,41,0.073309993909504545,ok,0
2830,11.655897672739634,4947010.1704423698,42,0.047437438537402482,ok,0
2831,10.742926144977867,4911793.1508733043,43,0.057138119415356736,ok,0
2832,8.4024818998478317,5281544.3923258521,10,0.1089417824567539,ok,1
2833,10.824512120022778,4877863.9628529446,49,0.053424686371263963,ok,0
2834,9.9024961969675722,4977085.0693644229,37,0.10508992791873861,ok,1
2835,7.1596639022543824,3828961.7858536202,112,0.081671322210024599,ok,0
2836,10.36417031808665,5031218.6422390258,35,0.058034335484662442,ok,0
2837,11.084891638734724,5540266.2384610977,24,0.090300978989554942,ok,0
2838,9.2424750305468599,4747180.0030452609,38,0.083945162607030749,ok,0
2839,14.155982921655273,4901927.162358785,47,0.10389884124684196,ok,1
2840,18.682887649991645,5278562.458642019,18,0.094067834730120814,ok,0
2841,12.061243383305287,5015546.0083682127,28,0.061674249426742711,ok,0
2842,11.057891690247153,4863112.8097363282,30,0.055270556640247603,ok,0
2843,9.5980758797239751,5325017.6556942128,15,0.055768832471403351,ok,0
2844,9.5128653585577112,4902480.6553805545,51,0.05764682857163278,ok,0
2845,8.8244946568452072,5032883.1490163133,30,0.070176093442389953,ok,0
2846,10.088335279742504,4987979.0091217533,35,0.062897565574221437,ok,0
2847,9.720637468082872,4536155.3769555455,58,0.056287793022366417,ok,0
2848,14.358310415193586,4947940.5243582968,30,0.089488262258569151,ok,0
2849,17.335769441212939,5167404.7363471305,23,0.084500676487788362,ok,0
2850,10.134799984248112,4750157.6291427184,41,0.073268979286255226,ok,0
2851,14.195608889907337,5157807.3314592764,23,0.098343073164874006,ok,1
2852,7.8453395239984225,4747180.0030452609,47,0.056653866785223217,ok,0
2853,4.3817080171774592,2887861.3452772601,207,0.094846129587558448,ok,0
2854,11.662783961313577,4859809.8865907425,53,0.07715117717849948,ok,0
2855,5.4566468100445142,3369318.1216470301,161,0.095440645782989719,ok,0
2856,10.693925990938196,5240218.56993517,22,0.064704965925371338,ok,0
2857,15.055875263087579,5296469.8667295082,20,0.091660095854970591,ok,0
2858,11.591581279619433,4897336.7634343877,55,0.10342539675541595,ok,1
2859,10.111696112856231,4747180.0030452609,53,0.07673124414670171,ok,0
2860,10.407805036569881,5184410.4594137892,23,0.068140526603367113,ok,0
2861,12.145572988767656,4854277.1357061062,57,0.065164274727932681,ok,0
2862,11.670153959300496,4750157.6291427184,46,0.081818946884156918,ok,0
2863,11.409150128302645,4867943.3173865182,41,0.054880080338753134,ok,0
2864,8.6302404036510687,5059867.5899854992,34,0.07477359034505851,ok,0
2865,5.5008109729541577,3369318.1216470301,143,0.092736457417467333,ok,0
2866,12.84825074265208,4886014.9504540646,40,0.090341314834010089,ok,0
2867,10.333123599204175,4890153.5946822641,59,0.070968309114725181,ok,0
2868,9.5914068121914138,4887113.053902179,55,0.066659010209878633,ok,0
2869,13.010949604293787,4860858.880086557,43,0.069333154954152321,ok,0
2870,10.274946374512174,4858380.6671749447,50,0.07092558666514559,ok,0
2871,13.094778388308582,4865751.585290405,38,0.068132360087278077,ok,0
2872,10.627151176228068,4793893.8151622703,47,0.061310948442988136,ok,0
2873,9.1900379632146514,4961779.3486067168,45,0.075405042241409981,ok,0
2874,7.605096306471161,4311809.8551814649,85,0.11526333500816582,ok,1
2875,8.7742603085209776,4683078.6891501099,53,0.065462679234283339,ok,0
2876,15.242831564275194,5292671.366697087,16,0.084811568135691795,ok,0
2877,11.044445577764215,5694985.3027926367,17,0.063901198451502245,ok,0
2878,10.779856317641046,4873229.3404091895,42,0.056977402074526395,ok,0
2879,11.346638699545407,4640733.8797885403,45,0.075265305258342963,ok,0
2880,13.746108623046025,5400959.3177100793,21,0.086168640962007659,ok,0
2881,9.3407193933011357,4861447.6184594426,50,0.072876150186880762,ok,0
2882,4.9924821346387613,3205254.594743669,165,0.1060799379475299,ok,1
2883,8.9665593239843844,4878771.2756020064,57,0.095188454497504571,ok,0
2884,11.439377452530289,4918108.6122289384,44,0.078248576823851779,ok,0
2885,10.818379965613151,4888481.2514711292,43,0.078009392074467665,ok,0
2886,11.640757602121209,4891701.0077957893,53,0.062202228205874066,ok,0
2887,12.0167663832648,4747180.0030452609,41,0.084974679815313481,ok,0
2888,13.173859473539913,4923550.8714188617,46,0.094995920290006919,ok,0
2889,10.131118023261534,4991845.248556261,43,0.098270424801879086,ok,1
2890,10.12402401192484,4969550.4989822675,49,0.067634997773221794,ok,0
2891,13.806279915369734,4945070.0022937516,41,0.075238216560987281,ok,0
2892,19.485528180580253,5064128.308541853,37,0.10349549386541262,ok,1
2893,8.9067063123630099,4865352.8694951972,37,0.075113742869413636,ok,0
2894,5.2293389407894884,3451998.5597333424,151,0.087092782877995822,ok,0
2895,9.4902836366765388,4883277.6258010985,43,0.066854117292998616,ok,0
2896,9.280985664070192,4995821.422652768,37,0.098503873055428404,ok,1
2897,8.1863732669670792,4683078.6891501099,61,0.057664468275988479,ok,0
2898,11.224393430267334,5052639.1691526966,33,0.061283345109011678,ok,0
2899,11.782473011741454,4859963.7111269776,46,0.059818582055645719,ok,0
2900,8.9578034663272454,4536155.3769555455,47,0.083971250684648224,ok,0
2901,11.378518090938591,4876698.3799013132,46,0.073174487146921652,ok,0
2902,7.6557304161396482,5285145.8632276151,20,0.069133814255018772,ok,0
2903,11.031670924132975,4884705.2490056101,39,0.048933275620353545,ok,0
2904,12.049151482720871,4875447.7470448073,51,0.057554144295950072,ok,0
2905,4.75743688785162,3260157.1692102589,166,0.11209401465349533,ok,1
2906,14.838063481662598,5464295.4897618536,13,0.063593864718309634,ok,0
2907,4.693985341268875,3141401.7858711057,186,0.087433812071147976,ok,0
2908,10.467876433272222,5180786.1195184784,18,0.06051503464191843,ok,0
2909,8.6385516343072677,4757018.4600196751,50,0.099175838335208932,ok,1
2910,13.186436058411076,5099910.8187243212,27,0.086766673245545989,ok,0
2911,9.0043811820530983,4932836.2920713536,43,0.084311510462280914,ok,0
2912,14.909577936898806,4859439.0575654432,37,0.077389913173398828,ok,0
2913,10.24351462545455,4747180.0030452609,45,0.10982891885939185,ok,1
2914,11.514449135853901,4990235.281014693,38,0.073547197906899009,ok,0
2915,11.16177422414259,4889314.0987391807,54,0.090128873026966261,ok,0
2916,14.29018474741353,5217865.1552700978,22,0.066471137185048657,ok,0
2917,10.177891148060215,4747180.0030452609,51,0.074740247597447573,ok,0
2918,10.990830902408879,5149335.4117988264,29,0.087107414941619582,ok,0
2919,9.7456563008532164,4924828.533346341,39,0.046423859429338576,ok,0
2920,14.493257916385856,5659666.7955186171,14,0.10117742415063843,ok,1
2921,17.310363890307137,5204441.4472642392,30,0.07694988904613187,ok,0
2922,11.843896416268054,4980632.0699155238,35,0.079068719023640072,ok,0
2923,10.261764749467432,4881922.5461482024,46,0.065113566931817246,ok,0
2924,5.5499868668945513,3446045.4523578081,155,0.092718329786754372,ok,0
2925,6.0396904784172865,3778092.6117174588,122,0.084568728999626086,ok,0
2926,11.938042342771563,4920316.9674938498,51,0.046490074839899975,ok,0
2927,6.1952296986673128,3452709.9424453662,156,0.10360119445026783,ok,1
2928,9.0248321623350698,4747180.0030452609,45,0.077278339370946664,ok,0
2929,9.7993382848211521,4906949.9469199739,46,0.059460391118267092,ok,0
2930,9.9974943342409848,5314204.0573633416,30,0.077779416330456916,ok,0
2931,11.412315925901735,4857967.3162673982,42,0.068718531550182038,ok,0
2932,5.4172305292155434,3357000.8765196907,162,0.11437370578366132,ok,1
2933,20.050461800900887,5407937.9008020665,14,0.10160617593501775,ok,1
2934,10.701438003606059,4863146.1332546193,50,0.061154439249869519,ok,0
2935,15.787878412100486,5456470.904227389,20,0.091708958411046093,ok,0
2936,11.94753560010931,4750157.6291427184,41,0.091028310474827651,ok,0
2937,9.3119056581842585,4920697.4077464351,38,0.068232520060033608,ok,0
2938,8.8807549014827867,4951856.6566491267,34,0.080445008184883704,ok,0
2939,8.5428236929091454,4640733.8797885403,36,0.079796747036008142,ok,0
2940,16.136578501169321,5472065.3862671647,15,0.0947291520651624,ok,0
2941,19.664987232802513,5534323.6297362754,12,0.075510140732741426,ok,0
2942,9.0355096541940796,4683078.6891501099,53,0.076879796487025809,ok,0
2943,9.759802585000088,4888205.0008301931,40,0.046516715793137542,ok,0
2944,12.401182412324037,5007655.7921058368,30,0.073018964357144445,ok,0
2945,10.215689831821217,4747180.0030452609,50,0.068340014859473941,ok,0
2946,9.7518569093344105,4793893.8151622703,48,0.084792597526320956,ok,0
2947,9.0032330164625147,4750157.6291427184,53,0.070031483092665159,ok,0
2948,7.5466293127295163,4747180.0030452609,52,0.055428164094641963,ok,0
2949,14.092262344242576,4884806.7192425393,40,0.069056673386009182,ok,0
2950,10.902002799431788,4867664.001811441,38,0.066755564829656666,ok,0
2951,12.22308755902457,5036615.3920888351,25,0.055252687566197611,ok,0
2952,9.5582901847587767,4854228.6768643307,40,0.062553225885696007,ok,0
2953,11.703103176125673,4988364.1157296114,36,0.089648660849419803,ok,0
2954,7.5782741281263082,4200096.9742686078,76,0.082898494812681814,ok,0
2955,10.693281344321727,4858264.0536512854,34,0.084436540981032815,ok,0
2956,10.664824871527781,4863650.7117759166,49,0.078510544556029571,ok,0
2957,8.9493862527241266,4894509.7963878484,40,0.057256079090891754,ok,0
2958,11.9616118442655,5120150.4121254748,26,0.078745647537406316,ok,0
2959,8.9453233345723273,4683078.6891501099,60,0.066301271849392912,ok,0
2960,13.135615295436507,5198555.8040614445,32,0.055786944193577881,ok,0
2961,11.640811664447924,4866181.8376437817,45,0.068632510099316257,ok,0
2962,10.893024207809491,4879907.8202777365,37,0.064420357456398847,ok,0
2963,12.991925758667692,4865991.9047104502,52,0.071864971272036268,ok,0
2964,10.498951099542669,4750157.6291427184,60,0.091418617408170449,ok,0
2965,14.094180316673885,4935752.581509063,35,0.071500622150682758,ok,0
2966,5.438338590272271,3432351.1564540281,140,0.091933244601467567,ok,0
2967,9.858626129354878,4999567.1185778007,33,0.073089333789369992,ok,0
2968,11.411846709692485,5492275.4820229579,12,0.084285366804331519,ok,0
2969,8.7682603117595619,4311809.8551814649,80,0.12357307122540884,ok,1
2970,8.0951200597955832,4409061.7513648765,66,0.063696905621024036,ok,0
2971,8.6724777259817341,4747180.0030452609,50,0.091020690251438552,ok,0
2972,11.620543928364359,4855185.167502664,57,0.064896057702818144,ok,0
2973,10.989364109603112,5054908.0212943237,23,0.070810941812904482,ok,0
2974,10.740259957513921,4869541.7866200041,38,0.057708726027163981,ok,0
2975,10.189278172254546,5145625.5079611046,32,0.066150119727862,ok,0
2976,12.360031352055854,4861379.3349414608,48,0.050987576507017907,ok,0
2977,10.104022580506951,4916887.7840110054,43,0.044558642962358563,ok,0
2978,11.697042782759263,4747180.0030452609,42,0.10535925806257537,ok,1
2979,13.53386702668187,5361461.2963003637,21,0.061598413413117781,ok,0
2980,14.012575186502648,5266776.777229527,25,0.088664473517120146,ok,0
2981,12.087467273882767,4904806.5643610591,45,0.060377601739634579,ok,0
2982,10.487260855345991,4904699.2176726526,35,0.071664057755284727,ok,0
2983,9.1149967456942473,4865489.7197321346,60,0.076704515799577155,ok,0
2984,10.318483395727029,4857537.6271761432,41,0.067228217522954048,ok,0
2985,9.0944340085596576,4857449.4885610892,46,0.073955769188459863,ok,0
2986,12.031510418158136,4900584.8796070758,35,0.076370653789678333,ok,0
2987,11.37200147666311,5045082.6527225757,41,0.075370624422607141,ok,0
2988,5.5405398884353314,3432351.1564540281,140,0.087318318103181913,ok,0
2989,10.89334704265034,4854158.1341314968,49,0.086368750566466479,ok,0
2990,9.630533387671468,4861157.1855115741,47,0.09490043472333598,ok,0
2991,14.601954151977168,5000036.4860342024,28,0.054819025626848261,ok,0
2992,7.8095986215777815,4757018.4600196751,40,0.058936606012225168,ok,0
2993,7.4788747344300175,4683078.6891501099,47,0.063971378147606728,ok,0
2994,13.851187262873927,5608040.5782171981,18,0.079484746855062571,ok,0
2995,16.534440543953458,5720003.859866742,16,0.082586107752779636,ok,0
2996,11.161995062884856,4896551.6287573697,35,0.084126981081241947,ok,0
2997,8.7086244281898022,4757018.4600196751,47,0.082163193751539687,ok,0
2998,9.9672028829060171,4747180.0030452609,37,0.088549395771565509,ok,0
2999,11.925018791107631,4862843.9005069695,38,0.058620256490043932,ok,0
3000,7.2330942278567818,4311809.8551814649,74,0.087848091068755241,ok,0
3001,11.425283285086794,4863216.510702176,42,0.089058350337401948,ok,0
3002,11.542895935713394,4865533.9101890596,43,0.045180886653359287,ok,0
3003,19.592456223103941,5643572.5506758196,16,0.078505328923893614,ok,0
3004,12.911358178435945,4860152.4195287526,40,0.092621580662076486,ok,0
3005,9.8433188935390543,4867711.259001404,46,0.094491318228197896,ok,0
3006,9.6048518112667853,4867417.9403764084,41,0.064113650001713429,ok,0
3007,8.6575832591968833,4895993.5676229736,36,0.052844076982848542,ok,0
3008,13.431042483121166,4858911.2292538667,45,0.079443012920207612,ok,0
3009,14.160114291530325,5570840.5785109047,11,0.084922743182967442,ok,0
3010,10.960170140472904,4885363.1949030356,41,0.1004843925919629,ok,1
3011,16.688123185829603,5230517.353596095,26,0.047960479922486837,ok,0
3012,20.062764938623488,5532315.4996042755,14,0.09980677236942409,ok,1
3013,9.6405702687202623,4914617.4227462346,45,0.096302776011457869,ok,0
3014,9.5280345696623794,4683078.6891501099,48,0.08813416948975028,ok,0
3015,12.410838230381168,4867984.6016824488,40,0.1008662391845534,ok,1
3016,13.892015704430708,4894496.2578080501,40,0.067006338152658662,ok,0
3017,10.961274926223011,5218096.0317845652,14,0.082211190669739753,ok,0
3018,9.1903457266481254,4870060.4005253995,43,0.064856066182775174,ok,0
3019,13.992016078648167,4872462.5657152394,33,0.10408645115899962,ok,1
3020,7.9488591858140811,5454981.0833159052,12,0.06948607146773278,ok,0
3021,11.722182428860419,4957362.3671573559,42,0.046129064438306777,ok,0
3022,13.780237550006106,5271571.8557664417,17,0.088846635609878682,ok,0
3023,5.3752370814283275,3369318.1216470301,136,0.10128898170345746,ok,1
3024,7.3556399422837737,4204450.8888818501,75,0.090482146538039432,ok,0
3025,9.1531341214179029,5275750.7013542354,23,0.067309447992744409,ok,0
3026,12.772098773543773,5338665.1879437584,21,0.084143075515796473,ok,0
3027,11.611741417289958,4875145.2501193099,35,0.067633370969558404,ok,0
3028,8.8448259081564924,4683078.6891501099,58,0.068696264984436262,ok,0
3029,24.77369975724946,5446524.0782956025,19,0.098650906764656154,ok,1
3030,12.418283698690333,4857374.4900849769,40,0.06880068305440179,ok,0
3031,10.616726198351582,4705765.05441471,54,0.076906516062726304,ok,0
3032,8.7678623976209593,4705765.05441471,52,0.078304234142815288,ok,0
3033,5.0174137031664241,3137987.8488104269,176,0.11357888178739572,ok,1
3034,12.609535511393355,4886782.1314101266,44,0.07894211834653353,ok,0
3035,8.5995837875256278,4793893.8151622703,46,0.084106983911155966,ok,0
3036,9.4290730631990485,4542200.0232369462,63,0.10433321676304558,ok,1
3037,8.4795588306586041,5020710.2350601833,26,0.076074958143875104,ok,0
3038,11.942162391541551,4747180.0030452609,48,0.081386788892025552,ok,0
3039,11.468646919604451,4705765.05441471,38,0.078498523637574924,ok,0
3040,10.654993185544996,4861996.8231497537,42,0.069834823198167251,ok,0
3041,10.147009735499717,4856450.2836570404,37,0.069790523619333134,ok,0
3042,10.154740268425163,4928881.0181227131,38,0.089333853688658871,ok,0
3043,11.919558989112023,4856986.1204971764,49,0.075616911960469269,ok,0
3044,11.365064320986468,4893462.8473995496,35,0.077970331475535448,ok,0
3045,5.5268065440661918,3446045.4523578081,136,0.079534050705823561,ok,0
3046,11.805082909842175,4937868.0888352226,51,0.060773018196287776,ok,0
3047,13.217208709980746,5101690.8934913352,27,0.054935304507110039,ok,0
3048,10.66020006943514,5341221.3956396999,26,0.063762226322882865,ok,0
3049,8.4879226334745432,4271679.4857318792,73,0.078693184349005185,ok,0
3050,12.710015160432913,4860830.7624388793,44,0.081756818468096903,ok,0
3051,10.841663148017403,4882607.4891863987,44,0.053435680867792212,ok,0
3052,21.192236463780496,5517086.8449569168,15,0.088731283893126234,ok,0
3053,18.750803539951495,4972059.3859603014,30,0.064905021170815591,ok,0
3054,13.411002809669125,4931381.0409964677,35,0.096108940093989903,ok,0
3055,10.280810334982737,4861931.7974227201,47,0.046300574626758406,ok,0
3056,8.3388405905780925,4870048.8206425756,37,0.070370137333313543,ok,0
3057,8.0431645266669491,4268339.1925416272,75,0.057575119508056549,ok,0
3058,16.65608362635572,5451876.0101365699,14,0.087202915149583338,ok,0
3059,10.710682934873811,5027376.9038936151,41,0.075214455037823008,ok,0
3060,13.174587404411858,4856329.8804525612,46,0.045699499757710815,ok,0
3061,8.7234220424189033,4705765.05441471,50,0.055693554148664726,ok,0
3062,12.071161534233795,4868369.4854634656,51,0.040913178348756074,ok,0
3063,5.3520771064015884,3369318.1216470301,138,0.10230245540908856,ok,1
3064,8.4502830515289791,5024786.4182921462,29,0.092523840375086208,ok,0
3065,10.236839118710229,5013165.1264069602,35,0.052135254259349617,ok,0
3066,10.248330707068384,5022176.7731336048,48,0.077800397051484893,ok,0
3067,9.8805259712917266,4873626.9992353013,51,0.062020746384070014,ok,0
3068,9.4867322550898763,4857211.0300190523,45,0.066301159010068722,ok,0
3069,13.535572622680602,5179131.6326589342,26,0.080858913247846775,ok,0
3070,9.8505298839086226,4910542.4080413021,33,0.05375894850017543,ok,0
3071,5.1097297106863389,3342512.705544631,166,0.094720681314570121,ok,0
3072,11.195137291340325,4863201.9796659667,40,0.057443456627393585,ok,0
3073,8.6349856393974065,4750157.6291427184,57,0.10509490865638438,ok,1
3074,14.608099905416418,4933472.8818863602,35,0.095430824600011177,ok,0
3075,9.1636261068816651,4872819.4115491342,62,0.062092823326236446,ok,0
3076,11.809573280986323,4904166.4081120398,41,0.073855192298491246,ok,0
3077,13.405360638441671,4996909.5268998444,36,0.075364785615238961,ok,0
3078,8.7239523762081248,4865815.8388864156,55,0.069818173789719329,ok,0
3079,9.9019829319910357,4578101.2809004039,57,0.045456023703707271,ok,0
3080,4.0816139397760933,2571080.2569182776,254,0.11317039690060526,ok,1
3081,10.148690321438147,4858593.5777419247,37,0.081914477329977808,ok,0
3082,12.937146026761578,5092083.3230542699,42,0.066620254524830114,ok,0
3083,15.263812672620837,4863454.7999615557,39,0.066839046771570931,ok,0
3084,8.515959034155232,4747180.0030452609,55,0.079196065224973286,ok,0
3085,8.843627199459295,4705765.05441471,44,0.072084395900960163,ok,0
3086,13.176178801882317,4911270.5540116057,38,0.061994236728247554,ok,0
3087,10.892182886251737,4905915.9474485395,36,0.081007680567884932,ok,0
3088,11.790418163628891,4683078.6891501099,46,0.069392288294481963,ok,0
3089,11.086284776296758,4875364.2640530113,39,0.095556886869663682,ok,0
3090,15.417706677002977,5299584.3186975615,22,0.078841815835618334,ok,0
3091,9.4302008312171743,4750157.6291427184,45,0.10660716912830602,ok,1
3092,11.61212011788864,5436653.6691760328,20,0.09363885268394527,ok,0
3093,5.9555981697952545,3560967.1325504999,147,0.088726578845017223,ok,0
3094,10.338797463406918,4997982.6367838057,38,0.085898042658057783,ok,0
3095,9.0613918828403062,4705765.05441471,52,0.067488659182124489,ok,0
3096,14.68055695206179,5311098.8681380711,20,0.078483981191619007,ok,0
3097,7.59204755579007,4327078.1959230807,62,0.075196949389228718,ok,0
3098,12.004653372172767,4855697.82605612,42,0.06206536395267559,ok,0
3099,14.556935797090317,4943930.0436017271,39,0.077950640997140996,ok,0
3100,12.611799267438712,5066334.6541659804,25,0.070882936757982962,ok,0
3101,6.097041760163382,3492245.1892428468,138,0.052411629598308473,ok,0
3102,10.152525263617138,4865427.3988015372,43,0.07493942351595774,ok,0
3103,11.244134199891805,4865030.9653330464,44,0.093863397999935816,ok,0
3104,11.816828212970284,4865317.0325059751,48,0.091115295653435568,ok,0
3105,11.428868051621171,4855585.7580299713,33,0.061018990129978912,ok,0
3106,10.342721549248724,5018694.8548144773,29,0.051816021779154509,ok,0
3107,11.544106460880368,5123181.6159172226,32,0.075248040761250357,ok,0
3108,18.114284026053628,4868519.0144970585,38,0.098330901427400974,ok,1
3109,9.4689970939120851,4876092.8663082225,48,0.066500491903379588,ok,0
3110,20.502719739098005,5553908.2950771302,11,0.073051972557137024,ok,0
3111,11.046554578904043,4855189.4128596997,48,0.079121517364107941,ok,0
3112,9.4821045039442602,5282002.1099654855,14,0.083311831365681543,ok,0
3113,9.8020017241366517,4861352.9259582208,51,0.074364226803432465,ok,0
3114,11.613696301140353,4895416.9798656134,39,0.078024849038596855,ok,0
3115,10.02032442860178,4864496.8545478256,43,0.082426115451021409,ok,0
3116,7.24698707481092,4079770.612327572,87,0.094735969417220789,ok,0
3117,10.487437836921094,4747180.0030452609,45,0.081393614910732048,ok,0
3118,9.6189534793544329,4937067.3531929739,50,0.072984233501631746,ok,0
3119,7.616445545040949,5079279.9377096938,33,0.068764033672648772,ok,0
3120,13.189072207347932,5515747.6235466413,22,0.10026909719839738,ok,1
3121,11.022259216037513,4872631.5287870718,53,0.061423256813367022,ok,0
3122,10.561729529962806,5228360.6750078127,34,0.054939745370642334,ok,0
3123,12.194122374684618,4860157.267014944,46,0.073930233219316355,ok,0
3124,13.598008032076404,4859074.3270259462,47,0.064401164871387584,ok,0
3125,12.168653850668347,4867708.7894564411,52,0.10370945553041921,ok,1
3126,11.121322546646359,4931309.9028199399,37,0.073401984685060984,ok,0
3127,10.653383537849196,5304799.1611315273,29,0.064952198341432898,ok,0
3128,14.329549709441533,4906283.9314133404,37,0.06448492315917298,ok,0
3129,13.309817473270183,4892471.2392582465,47,0.077066930360849661,ok,0
3130,10.229007940021164,4757018.4600196751,49,0.094231248959781078,ok,0
3131,12.667076236720922,5495691.5307250246,22,0.10316676590764806,ok,1
3132,7.4479394339180169,4470522.3118906198,58,0.062403514876474719,ok,0
3133,10.018472923757988,4877483.1154849119,40,0.063084422582921185,ok,0
3134,9.317309741811048,5238643.2949134521,18,0.084088957161460809,ok,0
3135,11.51821397222144,5264096.257243813,18,0.055082148909655126,ok,0
3136,8.8293075119435009,4922997.3830251722,33,0.095934566536241328,ok,0
3137,11.451242706648435,4854355.8424347714,39,0.082766420158050608,ok,0
3138,11.839790361204829,4893749.1469728313,47,0.046795611350039623,ok,0
3139,13.300311828262545,5017019.8117296668,38,0.056174585883767336,ok,0
3140,11.441502515209129,5083866.5414668722,26,0.051558873869212429,ok,0
3141,10.493127339534579,5053208.9198195245,33,0.077445211086902166,ok,0
3142,13.595069886333569,4860581.4855071912,47,0.055560759997631437,ok,0
3143,9.4008512144551819,5082830.0414870232,27,0.066837490768427488,ok,0
3144,10.384962767443756,4904917.8372703325,43,0.080188382855654994,ok,0
3145,12.888248792026204,5433927.7829636149,23,0.066350115813739285,ok,0
3146,10.5544020983205,4856875.8477134174,43,0.069906676346585317,ok,0
3147,14.684418639899373,4911169.0884391852,39,0.075315780743917093,ok,0
3148,11.096566587546112,4858191.2786160922,39,0.087878343138323212,ok,0
3149,5.8288002647432986,3432351.1564540281,159,0.084925682912852074,ok,0
3150,10.801682220145068,5423268.2428357098,12,0.073643021896085986,ok,0
3151,5.9600663932635278,3519824.2810661173,132,0.089096601439883516,ok,0
3152,9.4021142549239265,4750157.6291427184,51,0.065596275242890079,ok,0
3153,15.470461863674672,5375285.7941261102,21,0.055191840072119136,ok,0
3154,13.601113532045776,4898333.7992846193,32,0.048462938384763787,ok,0
3155,11.689781463704538,4882958.1104650442,39,0.075937301226804976,ok,0
3156,9.6783418569341908,4863004.4660514537,50,0.062602757161157374,ok,0
3157,8.1377315662583598,4640733.8797885403,59,0.07522433429703812,ok,0
3158,12.322304280485046,4874245.2595397132,51,0.080838450155787056,ok,0
3159,11.248311519970695,4954478.3746835012,34,0.065849091209100707,ok,0
3160,11.544609300058129,4861005.5519535979,40,0.085767007250700855,ok,0
3161,9.2126910867560738,5001719.6180187473,37,0.067997051848807333,ok,0
3162,13.317720479865022,4982646.8058539126,44,0.088054945913126126,ok,0
3163,13.21122289442372,5170049.6810451886,28,0.076387140224377759,ok,0
3164,12.469437505000215,4903948.0657436671,29,0.076447629115571458,ok,0
3165,9.5202894684732033,5080474.2791485805,26,0.074972012759310536,ok,0
3166,8.767263102475658,5071697.4151885426,28,0.054475242403353275,ok,0
3167,9.1615826657526576,4857996.8221047679,33,0.067297758466417001,ok,0
3168,7.0850214090062522,4200096.9742686078,70,0.085015106526358186,ok,0
3169,10.971109507064382,5264841.721831372,22,0.076011515972250421,ok,0
3170,10.896857910379326,4953076.9182436448,43,0.065354907371482404,ok,0
3171,13.466686662242724,4894647.4528445527,37,0.07447055126973412,ok,0
3172,10.989479560989338,4855613.8790360717,41,0.072947158367292597,ok,0
3173,10.380127010377706,4872074.0287098736,47,0.065378173770895276,ok,0
3174,9.2712320932032828,5663148.2686732598,13,0.084520874156942594,ok,0
3175,8.3288580809163495,4750157.6291427184,40,0.075634223205686191,ok,0
3176,11.168607600648224,4887729.4477999248,41,0.075743566170744403,ok,0
3177,11.545871426517053,4952429.8497150121,42,0.075233053559344426,ok,0
3178,10.537674949950173,4880312.674489053,37,0.078630644179916831,ok,0
3179,8.6557106124159677,4593663.5931173814,52,0.072395173959066236,ok,0
3180,11.105950915602696,4859190.6518722223,45,0.083900501541135819,ok,0
3181,6.8937914181503341,4171017.3460589824,82,0.083798788186073336,ok,0
3182,7.8707797901412011,4268339.1925416272,70,0.061209382246979305,ok,0
3183,8.3328524780472115,4311809.8551814649,71,0.083538626072774291,ok,0
3184,13.238990370122584,4859554.9971399363,42,0.081882527295533802,ok,0
3185,17.912203688785887,5192515.045316102,32,0.074761925628799686,ok,0
3186,10.255886803024293,4960995.3448934937,35,0.084189746025593148,ok,0
3187,13.008601306173832,5138729.1704412298,31,0.068708025964166808,ok,0
3188,9.8300873637721278,4941923.2708207564,39,0.064528874971804928,ok,0
3189,10.645223353028387,4949547.1452797325,37,0.056349278611061759,ok,0
3190,15.18243447222795,4884944.7948802942,31,0.083524763506526267,ok,0
3191,12.349570100507442,4940144.1569898752,33,0.089596806775940618,ok,0
3192,12.123890655013071,4954061.8586349068,34,0.060150380245496571,ok,0
3193,14.694540843582974,5212731.7985372739,21,0.09618337186153908,ok,0
3194,11.458289491012605,4859965.2268749569,39,0.05478796304085673,ok,0
3195,9.1012280922236268,4750157.6291427184,46,0.068455786253370454,ok,0
3196,12.146341898519955,4858611.7925143884,52,0.10222950456294322,ok,1
3197,8.9915131938830868,4859098.316360455,43,0.06464168049013308,ok,0
3198,9.1521614167500935,4959832.1594190523,33,0.069465274406449562,ok,0
3199,10.387180468431245,5111058.6934418445,30,0.07449859544125681,ok,0
3200,10.892386034755447,4859106.3436392564,63,0.071152058041864363,ok,0
3201,11.750716578172526,4860204.5721210968,47,0.078770460511652207,ok,0
3202,9.8278653961098748,4919708.2133584591,46,0.060615868343356638,ok,0
3203,11.29036544480242,5042616.2610816089,41,0.066826976918813341,ok,0
3204,5.54707679055889,3336995.657221681,153,0.10228062986466069,ok,1
3205,9.3597240699360853,4931617.4280070271,42,0.083951732035705939,ok,0
3206,8.4493365425540841,4880827.595554118,44,0.078402548510459524,ok,0
3207,5.0303332964784397,3257319.3827456608,163,0.08424596053802913,ok,0
3208,12.773633873597021,4859227.9708455708,46,0.072658293255423945,ok,0
3209,10.066868358875343,4921507.458023522,40,0.085628172421820192,ok,0
3210,8.1251212627566449,5148192.3328775447,32,0.073997792419866038,ok,0
3211,12.791836142654491,5151108.947876608,31,0.077038638054861552,ok,0
3212,9.7410773680606546,4861240.7532549007,40,0.081378845439276037,ok,0
3213,14.596281009246423,4868061.7006617188,47,0.057355878007593897,ok,0
3214,11.298793888256505,4873435.3220387744,50,0.054819416903662987,ok,0
3215,10.929489543292103,4747180.0030452609,52,0.10329074188988416,ok,1
3216,9.5640945331973555,4858574.6816186309,45,0.080918131039709462,ok,0
3217,8.0840433233587632,4318219.6892671864,65,0.11223359360764013,ok,1
3218,11.3609241792402,4965111.8266491024,44,0.053704757137184478,ok,0
3219,12.392178887228098,4972690.236474446,33,0.051792531369790007,ok,0
3220,11.742103845613652,4950570.3563097632,27,0.078970649961419559,ok,0
3221,11.134060384966334,4908755.6702404954,38,0.092291557540014224,ok,0
3222,9.8203394548853957,5024960.430558661,33,0.04120471232009526,ok,0
3223,10.010443785055665,4857123.0571895661,56,0.061682675249582153,ok,0
3224,3.4935474499806496,2240514.6922152857,306,0.11692018797574907,ok,1
3225,12.025164128405088,4757018.4600196751,44,0.10738585238303372,ok,1
3226,14.159418622377332,4857943.3361811442,40,0.079093620344741211,ok,0
3227,10.972773723400163,5237821.0221056333,21,0.086344230738196359,ok,0
3228,8.6231858782985071,5016747.5069265142,26,0.072816706429934236,ok,0
3229,11.278120240318566,5069726.6682311557,28,0.081029237067442139,ok,0
3230,11.068458955471264,4924566.1539011225,42,0.046039315442364059,ok,0
3231,10.207053055977415,4747180.0030452609,42,0.097969243641581244,ok,1
3232,13.741691964345852,4854459.4872920485,47,0.10078890371495941,ok,1
3233,8.7710221530042283,4318219.6892671864,67,0.075527256875782767,ok,0
3234,10.235759963584309,5341648.8848907296,24,0.070392057193330942,ok,0
3235,26.836689809643037,5448656.544923435,12,0.080417154120318746,ok,0
3236,13.710821743673229,5191137.8776943162,28,0.054560908225597962,ok,0
3237,13.093263266383889,5221573.6144571807,29,0.094621226885704957,ok,0
3238,10.611255876883195,4883522.637257915,53,0.059628159903577616,ok,0
3239,12.900577221175711,5061448.6610626383,26,0.090031846646137281,ok,0
3240,9.9748604091028898,4863145.3962295568,49,0.076696395476070878,ok,0
3241,22.191509001419536,5617655.5727424985,9,0.099179461787595513,ok,1
3242,12.275006093227562,4862092.0740057901,46,0.079901971662716398,ok,0
3243,12.180829593189458,4881962.5694698151,33,0.060072225858715189,ok,0
3244,8.8216599235610715,4918610.8300034078,44,0.070329248209283879,ok,0
3245,14.249961335662382,5181279.5003160704,23,0.057521941403652688,ok,0
3246,10.964078657535762,4793893.8151622703,48,0.084223760646311541,ok,0
3247,12.589827415617014,4855572.3359863209,51,0.086780863534801911,ok,0
3248,11.296446643847876,4925557.679306238,33,0.078908477004365429,ok,0
3249,8.7804230617303318,4683078.6891501099,50,0.080123254198038563,ok,0
3250,15.052969508218341,5536466.4953128602,17,0.086118014590765124,ok,0
3251,14.193593441569178,5010978.3615642423,27,0.084482876404421758,ok,0
3252,5.7684067550624105,3492245.1892428468,134,0.10100201331213765,ok,1
3253,12.791836097352499,4983296.1666507274,42,0.06723933633651713,ok,0
3254,5.428137383206967,3342512.705544631,165,0.099290641339741526,ok,1
3255,14.309384730591349,5447705.0864741178,18,0.072286426828992556,ok,0
3256,14.993909322999317,5122333.3506941516,31,0.055579711446158503,ok,0
3257,21.719868925475257,5306704.1721946253,13,0.11186288787915122,ok,1
3258,12.272487892383886,4854513.7383566583,35,0.098235842677696361,ok,1
3259,11.934781740096783,4937141.1418215102,36,0.096324580984121111,ok,0
3260,9.2886601354829725,4683078.6891501099,49,0.082682608064497676,ok,0
3261,11.1187624718207,4858584.6997840097,48,0.042040694850731586,ok,0
3262,7.3292552195539855,4171017.3460589824,83,0.10665985432438085,ok,1
3263,16.615983287602035,5469136.4207139574,21,0.093154741060466173,ok,0
3264,6.1850792781070574,3584129.2866284489,144,0.11650216217938936,ok,1
3265,11.800329648676726,5262998.4125250159,17,0.089539331355117213,ok,0
3266,12.635788483671437,4908854.4899757151,36,0.096207475425296063,ok,0
3267,5.2855910115381075,3384464.3852396221,141,0.10757267128013004,ok,1
3268,10.956517896479124,4948479.0508104498,39,0.066674787850070638,ok,0
3269,10.214464686531803,4866359.7030827925,56,0.098268461709760613,ok,1
3270,14.608825643870496,5070895.2413532054,35,0.10915725093233664,ok,1
3271,4.9041698999912349,3257319.3827456608,150,0.098772570267941839,ok,1
3272,10.471945027221105,5223686.3354375074,15,0.084464626981842095,ok,0
3273,11.770642364102201,4863113.1607333925,43,0.069818610364970307,ok,0
3274,11.467159638468251,4793893.8151622703,42,0.089163610982538916,ok,0
3275,8.2787024828330082,5010993.9908591313,37,0.044292357101925695,ok,0
3276,12.808216449042202,4871247.0145117706,57,0.079838714374757425,ok,0
3277,8.3257138849038572,4200096.9742686078,71,0.084318871334752937,ok,0
3278,5.3847902525844811,3336995.657221681,154,0.10011624891291454,ok,1
3279,8.5489840076833872,4861425.0595644359,43,0.062614835384879219,ok,0
3280,11.230335992597306,5565693.3051364832,8,0.098415194878972656,ok,1
3281,13.727583145252211,5093549.6958521958,31,0.066502452763464781,ok,0
3282,9.4732900755440141,4938914.8614901658,36,0.064959946669207125,ok,0
3283,8.8273838952714421,4861043.3271425189,47,0.086022426947764186,ok,0
3284,6.2942046692247908,3847425.6841116399,113,0.10251832157119117,ok,1
3285,9.2192836130207798,4861210.2172993813,43,0.085971909980581906,ok,0
3286,12.659314247754235,4854417.796581219,41,0.067453979878452586,ok,0
3287,10.589360588471012,4866848.0958454125,52,0.051053746896881247,ok,0
3288,14.852645976539794,4865394.3209704403,39,0.068923277811088202,ok,0
3289,8.8223549804655796,4311809.8551814649,72,0.093746358455024548,ok,0
3290,9.0261697586594085,5146922.3722939929,27,0.040406432777535639,ok,0
3291,11.294542387299735,4932071.970422416,53,0.048972620936476807,ok,0
3292,12.996010588742312,4854940.5663147159,51,0.074091217068695592,ok,0
3293,10.850580077819759,4865734.3788884059,55,0.052355057447611375,ok,0
3294,10.717198430556493,4921015.4244988309,45,0.077671335721443358,ok,0
3295,8.5403559503760249,4705765.05441471,43,0.081004692360051034,ok,0
3296,11.112925120723958,5029410.3816120634,45,0.070014088971996236,ok,0
3297,4.5307118438493301,2919249.336743521,203,0.10842033002381118,ok,1
3298,11.523155693163654,5079040.1313967863,34,0.06445761580903353,ok,0
3299,8.2720916835548053,5012303.2492768373,26,0.0598783030974393,ok,0
3300,8.838153525441637,4990962.0140155405,29,0.054448372437368109,ok,0
3301,6.5513667050625877,3883479.6824962678,99,0.062520153833205028,ok,0
3302,13.165404548797614,4862959.298401189,50,0.06888069525892504,ok,0
3303,10.583416997128749,4793893.8151622703,38,0.10035142984776652,ok,1
3304,10.998461923383445,4878545.9569278993,42,0.042449465384347462,ok,0
3305,12.786431559692584,4897740.3522360977,45,0.079796235003322558,ok,0
3306,9.0148410100113985,5479693.1913050199,21,0.054199784861200695,ok,0
3307,5.5330339592184989,3492347.8891292298,133,0.079207445056712844,ok,0
3308,8.533504301608076,4593663.5931173814,61,0.1004127982456216,ok,1
3309,9.2192108946540223,4892264.6740692239,37,0.057611486892938268,ok,0
3310,10.212264162938023,4860381.2208150737,48,0.071990648400082513,ok,0
3311,23.944890564249569,5722606.9642525185,9,0.093181804561024983,ok,0
3312,9.844404208394673,4891389.7676784024,38,0.073877603597079455,ok,0
3313,8.3278615689349191,4171017.3460589824,78,0.095480882100742015,ok,0
3314,8.9062475711026572,4757018.4600196751,55,0.065329649949969038,ok,0
3315,13.021087789927106,4876339.4922980284,49,0.062108953185301297,ok,0
3316,10.507731015096574,4793893.8151622703,45,0.10195655592363996,ok,1
3317,16.216458165160663,5107880.2495042644,25,0.10442163275227051,ok,1
3318,16.976716741473641,4955560.1066994974,37,0.046103321754324522,ok,0
3319,5.5723484857855148,3451998.5597333424,149,0.0756426734985991,ok,0
3320,9.7767951260632113,4884442.0575288935,35,0.065087166915620442,ok,0
3321,9.9478769961804829,4872793.3600206412,50,0.080836344280562855,ok,0
3322,10.722918015086089,4793893.8151622703,44,0.093547200200819303,ok,0
3323,15.833384974675218,4854310.5092041623,51,0.096850292747804101,ok,0
3324,14.505305965117861,5348199.9626324493,20,0.057330310435101395,ok,0
3325,7.4743841185330293,4311809.8551814649,84,0.094372590597883443,ok,0
3326,14.834391616174647,5471680.9839696977,18,0.075531196902683062,ok,0
3327,12.156401244407467,4922965.2262306632,53,0.068757782394750944,ok,0
3328,7.3596861809856922,5539565.5492063565,13,0.067412206442113098,ok,0
3329,14.705052674813334,5273084.7753826855,27,0.071675055508545915,ok,0
3330,13.958270842313436,4870358.3146536881,57,0.058978998017175488,ok,0
3331,13.905938013675707,4877378.5496785631,43,0.06478162830757328,ok,0
3332,13.01177205312964,4991923.7133612493,24,0.073346707172973757,ok,0
3333,14.507611402642075,5161211.4841794772,23,0.069817240924959778,ok,0
3334,14.092377533556077,5181806.3231556024,26,0.06712967280980231,ok,0
3335,9.9257619111791335,4747180.0030452609,49,0.11591082914629425,ok,1
3336,9.9265969363175586,4757018.4600196751,44,0.058830070028807135,ok,0
3337,7.786272365440877,4894237.6653396497,45,0.079644119812148251,ok,0
3338,12.516837728447893,4793893.8151622703,50,0.083527242955838132,ok,0
3339,9.5664310969108328,4683078.6891501099,51,0.096445201047883233,ok,0
3340,11.17272224196242,5053793.0267897118,32,0.069483103543515945,ok,0
3341,8.623381914608732,4683078.6891501099,48,0.077693243793138134,ok,0
3342,11.444999633092349,5474564.4535064837,12,0.076282659542686718,ok,0
3343,7.8698279387944954,4578101.2809004039,36,0.061346134763683682,ok,0
3344,11.400062758636578,4879621.2422215948,38,0.06290387311194745,ok,0
3345,9.0153461450023755,4705765.05441471,55,0.08288922232546625,ok,0
3346,9.9782947911890805,4940381.602598832,36,0.064285704417495149,ok,0
3347,11.73085990766749,4747180.0030452609,50,0.093064525584057534,ok,0
3348,13.607548138602592,4860573.1487202058,48,0.066482556469160126,ok,0
3349,9.8195172186225008,4914843.6477418263,47,0.049571325349491824,ok,0
3350,11.458866081713486,5369279.2182008205,19,0.064473366937887466,ok,0
3351,12.715529541744994,5024784.5241090134,26,0.066241151593822711,ok,0
3352,8.1265596986464637,5035862.5656230496,19,0.089093881863536173,ok,0
3353,10.812509175032083,4747180.0030452609,41,0.080494424159981648,ok,0
3354,14.988608712355969,5519525.8896351336,12,0.070183394175005742,ok,0
3355,12.327819968583524,4956148.3308757031,41,0.082145146871036467,ok,0
3356,9.7690996856561512,4995117.9567967039,34,0.053461179375078882,ok,0
3357,14.05778464769471,4948631.3923640586,45,0.084171598796091429,ok,0
3358,10.826407070212886,4747180.0030452609,62,0.070366984963787432,ok,0
3359,9.3422996289770435,4866167.3588366378,43,0.074613737668956959,ok,0
3360,9.0393699355167065,4705765.05441471,45,0.084357270746957314,ok,0
3361,9.6285714746648363,4747180.0030452609,43,0.087174067727124868,ok,0
3362,9.0345887443521011,4747180.0030452609,50,0.053774519115834474,ok,0
3363,16.798211171676854,5008896.9489828767,40,0.084423542003493335,ok,0
3364,10.035161819692208,4871013.1440257272,29,0.063447166847758418,ok,0
3365,10.20746787593588,4871376.1906855227,40,0.081361238706883082,ok,0
3366,13.544607083616979,4863982.509712371,51,0.077502520044068879,ok,0
3367,13.024885510785991,5136781.8005591882,20,0.1066631242084769,ok,1
3368,12.54725119975992,4984646.9773413371,40,0.07180391208744985,ok,0
3369,11.857404098103469,4955153.9423410045,41,0.077435965081139924,ok,0
3370,11.683528365711934,5256248.1253193095,21,0.079003999055373586,ok,0
3371,10.432688147713057,4705765.05441471,59,0.084979793224543576,ok,0
3372,9.1870061005143047,4747180.0030452609,55,0.093101311271318099,ok,0
3373,12.34788413825207,5082901.8544104565,26,0.09080173751321563,ok,0
3374,11.09891588416081,4932222.0906656282,34,0.072159935283196253,ok,0
3375,12.921711861879784,5027119.3815228688,36,0.086154016712267412,ok,0
3376,15.977111006687011,5527548.094416284,17,0.07012888226231595,ok,0
3377,14.453673230593706,5029237.4151527835,35,0.067008697042723608,ok,0
3378,16.990090792048434,5089519.0064179311,27,0.068204467253084045,ok,0
3379,10.658643488598525,4857585.9339527218,44,0.061409767689828865,ok,0
3380,7.4801952249837322,3966314.7412214722,82,0.092032798623919304,ok,0
3381,13.004536602373703,4874933.7790448787,48,0.099264899153468089,ok,1
3382,12.782940044149537,4887369.3821694385,43,0.053085144700310338,ok,0
3383,8.1635057853605346,4940372.3754766537,53,0.06536313644930114,ok,0
3384,10.536342517840586,4873272.3699160321,49,0.069940716308858453,ok,0
3385,12.410630267404246,4862257.2757616453,41,0.10380010280882312,ok,1
3386,9.9160629308732844,4864963.7191488426,48,0.095470788528594919,ok,0
3387,15.774138755902165,5101357.5009186659,26,0.10080495696929914,ok,1
3388,11.617587800098974,4871339.2741967589,39,0.079556253916568842,ok,0
3389,10.05389837559976,4901846.9746632874,53,0.057069695971419976,ok,0
3390,11.054555722164018,5409692.7127374383,14,0.06288523803478574,ok,0
3391,10.10811030770361,5130210.5896693207,26,0.066836425327579885,ok,0
3392,11.566840061419953,5260024.7162657464,21,0.050430065758896192,ok,0
3393,7.2891118663795647,4102292.5371695599,81,0.078215811612181496,ok,0
3394,14.128828908069853,5510024.2165372698,9,0.096960241455159024,ok,0
3395,11.37221091897743,4871968.8768618302,46,0.065739413093395371,ok,0
3396,15.992624875778137,4873996.9267936461,44,0.067146701929823305,ok,0
3397,11.285106667841564,4889126.5012768665,50,0.096752155396981787,ok,0
3398,10.319814843013887,5034516.1109581348,31,0.075968057839364,ok,0
3399,11.069569889618073,4862598.7480664998,43,0.060886611815742508,ok,0
3400,7.6024555583368061,4762962.8190767989,43,0.061251162289960512,ok,0
3401,12.799734623520786,4984580.1483841678,32,0.050970877135701032,ok,0
3402,10.917822251649838,4916080.3192300294,37,0.05456658665398495,ok,0
3403,12.655172982742549,4882227.4010638399,40,0.081231709605976921,ok,0
3404,12.471725996819389,5024619.3834309503,31,0.085458442965185455,ok,0
3405,9.4539911983438039,4747180.0030452609,50,0.085760603019730652,ok,0
3406,13.376033281243464,5049264.4244350838,30,0.054234572822354665,ok,0
3407,11.948062912128659,4855403.9391184738,49,0.07533577623875698,ok,0
3408,8.0342676351280673,4171017.3460589824,84,0.061986431823595645,ok,0
3409,11.246363571064133,4914426.8078294648,46,0.056202254969351551,ok,0
3410,17.376308469426814,5181169.4547162252,25,0.1020227177462564,ok,1
3411,9.5825895361508042,4705765.05441471,37,0.088598386884487845,ok,0
3412,10.149587783493381,4855259.0582091417,44,0.067041030082172881,ok,0
3413,10.18227062208844,4858792.1536977086,39,0.061549412958526228,ok,0
3414,5.4011770465059028,3492245.1892428468,137,0.093638230845856096,ok,0
3415,12.496819107287571,4864081.382958442,50,0.066508337046773447,ok,0
3416,11.548231329987994,5174835.6122498345,31,0.069512819210694299,ok,0
3417,14.49391535829564,4926803.6958191684,31,0.07644697017667329,ok,0
3418,5.244191041995955,3280705.556872033,151,0.099059523612528899,ok,1
3419,7.2260650934165733,4102292.5371695599,89,0.080834087685311751,ok,0
3420,12.026791167099885,4892593.8621583162,43,0.055092446226995717,ok,0
3421,10.627921677770036,4983084.3569255052,41,0.065712190758485167,ok,0
3422,9.2734973828749041,4747180.0030452609,55,0.091452927390476391,ok,0
3423,10.892275567415634,5055820.1429956835,34,0.053029742267698632,ok,0
3424,8.4818499299334107,4200096.9742686078,77,0.093430685045404416,ok,0
3425,8.9510921082840902,4885834.0071785962,49,0.060991850246843615,ok,0
3426,11.473362865727333,4890590.7828842392,39,0.060378795827993659,ok,0
3427,9.6671388180028384,4747180.0030452609,51,0.10293930849951283,ok,1
3428,9.6953157479104206,4871646.7008363158,44,0.078273650495718217,ok,0
3429,22.57920946934706,5822935.6291657751,10,0.082353617622305419,ok,0
3430,7.110824088732322,4200096.9742686078,97,0.10444826129925316,ok,1
3431,10.364556588498688,5000496.687011091,33,0.091145144106249631,ok,0
3432,8.3476191771306887,4757018.4600196751,51,0.051040531048419435,ok,0
3433,11.728620098873927,4953734.6182046728,36,0.052715355475207892,ok,0
3434,12.087044094821128,5225798.511922569,27,0.069926824915760633,ok,0
3435,13.551489234044276,5235356.4083682382,27,0.065163257946982966,ok,0
3436,11.521997469948895,4864794.2966343341,37,0.068380500011129608,ok,0
3437,15.906801284543491,5177763.7362774592,31,0.08201343377165049,ok,0
3438,15.291672756392924,4858922.8492129082,41,0.090494963367205805,ok,0
3439,7.7384886706837541,4204450.8888818501,69,0.073245298336022335,ok,0
3440,13.262657920671581,4945627.9497041162,41,0.06027672616095503,ok,0
3441,7.585134288252763,4867873.2300071726,42,0.06509676892802585,ok,0
3442,5.2857976089300678,3336995.657221681,159,0.10444184064917061,ok,1
3443,9.2709910947441543,5028970.071829861,27,0.050717798619888066,ok,0
3444,10.606264524954412,4862026.09170302,44,0.06392553773913856,ok,0
3445,15.122263206865833,4858483.4864932103,48,0.061871736133733868,ok,0
3446,31.502120093893158,5428213.7598268474,13,0.095565968173354277,ok,0
3447,8.8790303806906579,4922500.8717433214,34,0.076773155091010015,ok,0
3448,12.112836614867406,4880525.9691581642,42,0.059291417006725355,ok,0
3449,16.993842150009797,5203875.1277706288,17,0.094852359977580486,ok,0
3450,11.120595678392235,4869929.6840957319,45,0.075735650965560675,ok,0
3451,14.711571716546128,5013601.9488091916,41,0.097409254545848478,ok,0
3452,14.04051939312499,5164032.6018409161,24,0.065937953616251987,ok,0
3453,5.8905699554584032,3629074.5724596358,131,0.066246858538642484,ok,0
3454,10.795652281438999,4989397.7670256561,18,0.075143304481022466,ok,0
3455,11.026117559067256,5041351.2703433856,41,0.05995382835019758,ok,0
3456,10.920315066246662,4910193.7037381874,44,0.070977885903734439,ok,0
3457,7.5771464325247004,4931800.769874135,34,0.075194257321233415,ok,0
3458,6.8170459613280459,3629074.5724596358,125,0.10512816872441944,ok,1
3459,9.5079233859546548,4942500.21852032,43,0.061207808247210505,ok,0
3460,11.728096238405069,4959565.6174427271,38,0.066606767972327452,ok,0
3461,10.490311546765492,4705765.05441471,49,0.056609911453512352,ok,0
3462,10.324350544731612,4938712.8133416781,37,0.086263647319249293,ok,0
3463,13.640398414380206,4901404.8958444539,39,0.075474349613935954,ok,0
3464,16.220606933385284,5508650.2397945905,10,0.074387111875601208,ok,0
3465,5.4482401632843471,3336995.657221681,171,0.080648908761401961,ok,0
3466,11.769615538448159,4895110.4791684309,51,0.082978826455588128,ok,0
3467,16.052329628094967,4903722.6278353184,43,0.071363103284379781,ok,0
3468,12.751402190076272,4861953.7320233304,41,0.075974257252818589,ok,0
3469,8.2512438315960317,4268339.1925416272,78,0.069281499582516726,ok,0
3470,6.103076442530563,3847425.6841116399,111,0.080055753939625829,ok,0
3471,12.223241011151664,4750157.6291427184,58,0.088539314332549302,ok,0
3472,9.1996798288265751,4858612.9082929352,45,0.062423964227729334,ok,0
3473,13.348584249379462,4861054.9032567982,34,0.067005317143688181,ok,0
3474,11.912349485359201,4757018.4600196751,44,0.11017205197433191,ok,1
3475,10.051968177767739,4856981.0908377664,45,0.078841478818831856,ok,0
3476,10.030007237813841,4861192.2411253126,52,0.090340758444667046,ok,0
3477,11.386977457676213,4886320.4087172123,46,0.08574194662590201,ok,0
3478,11.84221160788832,4793893.8151622703,44,0.088949005068499953,ok,0
3479,9.7978958385376274,4683078.6891501099,54,0.071700532763428027,ok,0
3480,4.7094565069836793,3137987.8488104269,191,0.10752439517106294,ok,1
3481,10.250629109831118,4855585.3403080925,44,0.084383958130999637,ok,0
3482,10.972119461028894,5374374.4227068089,18,0.057000768592694678,ok,0
3483,12.005694335352226,4873680.8550750362,29,0.084747345584786471,ok,0
3484,10.075619042145455,5309225.3047279501,17,0.078343513574455403,ok,0
3485,4.6944919782697756,3137987.8488104269,166,0.10873705464448358,ok,1
3486,13.640327965095036,4863229.6791332802,48,0.073988676791905017,ok,0
3487,14.118812746228507,4855932.5568825258,35,0.089201584146199164,ok,0
3488,9.8096782153456132,4868048.2350171534,39,0.065379494208341438,ok,0
3489,12.232859706246945,4860052.5610618331,54,0.053267829060034577,ok,0
3490,8.4172090762261185,4200096.9742686078,70,0.089589906940434449,ok,0
3491,7.7762312314854984,4750157.6291427184,38,0.051831131336492087,ok,0
3492,4.8458289918947219,3302496.3863434172,172,0.11072061324732274,ok,1
3493,10.349442991765576,4861740.8401515689,49,0.061627833974077895,ok,0
3494,12.156585555258831,4904415.6111775432,40,0.10549850334991689,ok,1
3495,14.185553074608388,4981637.7530395659,41,0.076808546710959158,ok,0
3496,10.883048631068203,4860598.0263959868,45,0.083283503653365565,ok,0
3497,8.9559007124254482,4856637.8279500538,47,0.079428292983286131,ok,0
3498,12.713495525790961,4991880.6163737187,42,0.058759571233911068,ok,0
3499,9.122249248492329,4750157.6291427184,46,0.07200972449294285,ok,0
3500,9.3382112669772397,4891749.7564044837,43,0.068212323884024484,ok,0
3501,11.619734604990464,4870684.0265257796,43,0.076448666245039543,ok,0
3502,17.207094952524915,4948079.1437660195,38,0.066996134349244951,ok,0
3503,12.174972271497106,4859700.2139126724,41,0.060717462060201122,ok,0
3504,10.065441400110915,4857467.3098502243,37,0.061146614195210613,ok,0
3505,9.6631958669593754,4877614.6962366616,46,0.063580064335986841,ok,0
3506,12.7631357982366,5174529.4955510981,24,0.065872764773600712,ok,0
3507,9.5730453993556637,5041518.0466464497,29,0.074057112351081589,ok,0
3508,12.004590614800398,4877873.5630257232,38,0.060211194888936281,ok,0
3509,9.0094016166236575,5422349.5332506513,21,0.084613629427489512,ok,0
3510,8.10913995394022,4950430.6718581384,37,0.072398796680494593,ok,0
3511,9.7080128039505524,4861513.1878457917,51,0.072697946152436521,ok,0
3512,5.8954729284472958,3528115.202946391,136,0.074935447588895476,ok,0
3513,10.856920517268888,4925431.1559059862,35,0.057294574125914502,ok,0
3514,9.7240781549269659,4856028.8843247145,50,0.066483157316025276,ok,0
3515,11.807576157055012,5151991.6355220415,37,0.05292204285452129,ok,0
3516,13.169831345271193,4872527.5218220195,41,0.066718752324394032,ok,0
3517,11.792681862992755,4981344.6784886122,41,0.070510314060003965,ok,0
3518,10.83550646885015,5024160.7616172377,28,0.082977368237736215,ok,0
3519,11.642701131817841,4932565.9801684562,46,0.086733923666899027,ok,0
3520,9.7569316415076717,4705765.05441471,54,0.088854758057039324,ok,0
3521,12.858776257433561,4884584.6034669224,40,0.037671718480030814,ok,0
3522,10.549520504112213,4961058.7457554722,31,0.09604637207477007,ok,0
3523,4.5207818603646075,2980790.4908226882,193,0.094837867707141199,ok,0
3524,11.484855699877988,4867587.0607255902,51,0.10047070875093278,ok,1
3525,8.5118939825558151,4311809.8551814649,78,0.092230627311957525,ok,0
3526,13.154794735310704,4854674.8352580871,43,0.070008456200099101,ok,0
3527,10.23054823824125,4750157.6291427184,50,0.065531524346520098,ok,0
3528,11.608079295443485,4889024.1109898333,42,0.081396194769547348,ok,0
3529,10.186414624638445,4874564.0571768451,55,0.046064757584033111,ok,0
3530,9.3829820383294109,4971952.6016598968,37,0.05905189818868567,ok,0
3531,10.385111903083967,4980416.9755334593,36,0.086373770287803686,ok,0
3532,9.0775790700130852,4750157.6291427184,45,0.059532712454704595,ok,0
3533,10.234682876194734,4854894.3990762895,46,0.067815719941782371,ok,0
3534,14.541347856322009,4857824.4066471588,46,0.053036729171333286,ok,0
3535,10.640727902140171,4747180.0030452609,50,0.094074110793584187,ok,0
3536,11.407712895648155,4919407.7589825979,44,0.073593915412762778,ok,0
3537,9.1345969392077428,4875919.8890057001,48,0.062849728528500681,ok,0
3538,8.4062115410761464,5008002.5425056936,24,0.073563416090709211,ok,0
3539,15.304065221752351,4885734.8092834922,31,0.069376712080830377,ok,0
3540,12.356475555440888,5928166.6953357039,16,0.077255495968909682,ok,0
3541,7.7877309335591329,4750157.6291427184,51,0.0810244279726684,ok,0
3542,4.8698829901876248,3156683.1156534008,186,0.088535461314061537,ok,0
3543,14.457227538669922,4868049.8841775879,37,0.085986097467194655,ok,0
3544,10.918527170704138,4747180.0030452609,38,0.074804721927696716,ok,0
3545,13.153083823176498,5207259.183275573,31,0.094953683606366579,ok,0
3546,11.35462431183254,5035167.3902045293,36,0.1047206508261187,ok,1
3547,13.699369338400368,5603040.9062490398,14,0.07402285525792851,ok,0
3548,7.4779773845299156,4793893.8151622703,43,0.079157231286626231,ok,0
3549,10.47830335765085,4870661.8009586865,50,0.098681612778956151,ok,1
3550,13.095375322166815,4857836.1598725608,42,0.08990521876555968,ok,0
3551,8.2656641992529352,4204450.8888818501,67,0.099126573684169994,ok,1
3552,8.1446970744590317,4683078.6891501099,53,0.072732507452923034,ok,0
3553,9.6732640457980494,4857128.2280628039,43,0.098750913997324496,ok,1
3554,10.325765918730047,4872869.0387100894,43,0.084752465010981881,ok,0
3555,10.258270636107495,4762962.8190767989,39,0.065428693098761981,ok,0
3556,9.8307024809623709,4923115.9420437431,34,0.06507483183176499,ok,0
3557,9.7867461657523531,4894929.3658968229,34,0.051777864199616386,ok,0
3558,11.462713517646398,4747180.0030452609,56,0.083328467415316576,ok,0
3559,7.1396487534418043,4079770.612327572,92,0.11317936489804004,ok,1
3560,15.164686047027695,4980665.5378131457,33,0.057382678758333694,ok,0
3561,9.9547490003586034,5131540.7553259442,18,0.10071064608317448,ok,1
3562,14.600468364363934,4880286.449485275,41,0.055725234591042838,ok,0
3563,14.144728473703829,4976457.9122931091,41,0.058416937960320325,ok,0
3564,5.4366395172981257,3336995.657221681,168,0.10390345646980204,ok,1
3565,10.970662764594826,4925319.6301665828,44,0.080048305586058799,ok,0
3566,13.732165056795717,5028611.4024437293,40,0.084268023072077591,ok,0
3567,10.284923641481981,5027164.2221693117,32,0.050883965495441608,ok,0
3568,7.6761319040084786,4079770.612327572,91,0.099384892984042295,ok,1
3569,9.3756715349371547,4750157.6291427184,49,0.076762331549184548,ok,0
3570,13.535479856993224,4883381.1808547834,46,0.069468707807339991,ok,0
3571,8.034068246798066,5078947.4193362044,23,0.079555567654937542,ok,0
3572,12.880766805236517,5050731.0802841447,38,0.037096375981448881,ok,0
3573,10.571233453373667,4757018.4600196751,43,0.087125320191050626,ok,0
3574,10.82600946757403,4864210.5724420343,44,0.078140653305682872,ok,0
3575,15.429481901196786,5059599.1910473946,29,0.068396084859585926,ok,0
3576,14.500162166941964,5222437.1010959856,24,0.085044304580512708,ok,0
3577,10.614359922204766,5078497.8765040915,31,0.074007684938568019,ok,0
3578,10.675653191488902,4867207.8730317075,38,0.067223510931714303,ok,0
3579,9.7880940381253492,4886346.3724030778,38,0.070197324965116215,ok,0
3580,10.685011967450899,5485471.9328697119,14,0.075041348747599157,ok,0
3581,15.319289527470135,5342765.6868203487,25,0.078557955748400299,ok,0
3582,9.6098460299156372,4882222.8322924078,44,0.061534878736629328,ok,0
3583,11.543949352911376,5034659.8011824153,36,0.08503359615506989,ok,0
3584,13.756099540139374,4994928.5184391933,39,0.099857226225436246,ok,1
3585,5.3037687985162218,3451998.5597333424,141,0.10245521508208461,ok,1
3586,11.962265909021669,5131910.6169485338,35,0.081969427885038471,ok,0
3587,11.00771643305789,4747180.0030452609,45,0.086615179826244393,ok,0
3588,11.941723330384718,4886002.3294865331,38,0.064598649736717806,ok,0
3589,4.9080060901876532,3261364.380769941,159,0.094822371162550545,ok,0
3590,5.6931559439864321,3257319.3827456608,163,0.090914662069241758,ok,0
3591,6.4403648689792909,3617358.7046664478,134,0.078616879732013367,ok,0
3592,10.290194378967691,4705765.05441471,53,0.054886375762783046,ok,0
3593,10.063965620881616,4750157.6291427184,52,0.1114088538334379,ok,1
3594,10.344365596436798,4683078.6891501099,48,0.079226933353832574,ok,0
3595,13.18737597022464,4953159.8734116945,43,0.069334243897368975,ok,0
3596,12.736732109602588,4862607.2064719712,43,0.090643143957295669,ok,0
3597,9.3780191207360932,4991860.5863214973,39,0.071261769235570899,ok,0
3598,12.187903990186911,5096178.5740519948,28,0.066885577513099537,ok,0
3599,10.300667264964661,4915859.7699349374,34,0.081082921985019318,ok,0
3600,8.5644055587562242,4915571.6529918127,37,0.067625360794971501,ok,0
3601,10.14032103301599,4793893.8151622703,42,0.072657084029990826,ok,0
3602,12.532794932628317,4900624.6396500105,36,0.075624752895916414,ok,0
3603,7.3317546531366755,4271679.4857318792,71,0.065750960328874064,ok,0
3604,9.8477484464773539,4902349.7277805815,53,0.056218762572170955,ok,0
3605,11.020312769817547,4855732.2113057673,37,0.060877042150651317,ok,0
3606,24.516025024857573,5672317.1284188209,16,0.105641387236309,ok,1
3607,8.5195405153332295,5186047.1642391402,19,0.077638227409132954,ok,0
3608,12.937284418364696,4876782.2774715154,53,0.075196804815061635,ok,0
3609,10.703989791238772,5609048.0087281689,16,0.087087595172281707,ok,0
3610,11.665979610658781,4877450.117051783,42,0.069360214823569299,ok,0
3611,11.52642631929398,4921525.1068468867,42,0.054137349745664864,ok,0
3612,7.534248917915761,4204450.8888818501,73,0.068205599478339707,ok,0
3613,16.228646719749669,5161844.5282306476,25,0.10493373063916189,ok,1
3614,12.344318217403698,4946215.5219047898,36,0.050143852032824676,ok,0
3615,12.021490889985056,4883268.0300758723,42,0.059626312947348603,ok,0
3616,7.8146071936372525,4705765.05441471,50,0.05997243815574671,ok,0
3617,11.372572545871815,4854365.1637669476,43,0.070923440425270212,ok,0
3618,9.9667124933448203,4867211.7975413473,38,0.089079750545057623,ok,0
3619,7.4036074876878333,4171017.3460589824,93,0.098290722154874111,ok,1
3620,13.063260844106289,4858379.0922858333,41,0.089819873967240893,ok,0
3621,10.237779894321207,4886661.3530474035,31,0.068009920154071812,ok,0
3622,18.161616124156076,5287712.1709886407,23,0.090045316015872734,ok,0
3623,12.378954062328333,4942564.7722160965,38,0.041765985387646642,ok,0
3624,10.733691743896536,4750157.6291427184,43,0.093045790646525128,ok,0
3625,11.065124451931032,4895776.7917318,43,0.072011033994812179,ok,0
3626,10.804465817306841,4911084.036336449,37,0.083969549277450928,ok,0
3627,11.616344002663643,4880433.5794465942,56,0.083904394721562636,ok,0
3628,12.688642232708936,4874363.3906645812,43,0.12646193731945499,ok,1
3629,8.2785495059236389,4683078.6891501099,41,0.07088756975145083,ok,0
3630,10.399595908832042,4909262.4851033632,40,0.083433816987941611,ok,0
3631,20.916120844627766,5036528.3086153092,30,0.10002415358594074,ok,1
3632,11.666396747060443,4878473.2429323262,43,0.088495231638303695,ok,0
3633,9.1168682073446234,4963348.6575563625,36,0.077387382564711449,ok,0
3634,14.012156465668077,5557640.149485901,17,0.072130378680453355,ok,0
3635,10.187044737987476,4858003.4752280703,56,0.05602475115875305,ok,0
3636,13.249907560841336,4894311.2147922507,38,0.10512166671143464,ok,1
3637,10.595596802331295,4750157.6291427184,54,0.086152330675865363,ok,0
3638,11.5300500417921,5094526.9841571003,31,0.057419995015343561,ok,0
3639,9.2929986147468444,4934281.1263957564,35,0.054001825112234614,ok,0
3640,19.246241437737218,5734737.1407375485,12,0.071251108641163907,ok,0
3641,8.7534150053170521,4747180.0030452609,62,0.075647221626813699,ok,0
3642,12.776881936978,4933978.8623806462,41,0.09840665986775704,ok,1
3643,12.933983261954154,5091973.1908082562,30,0.080247916579620049,ok,0
3644,13.881354679062314,5424103.2681687819,18,0.061988054945621873,ok,0
3645,13.819121840046385,4944068.1669933898,45,0.091440849528547363,ok,0
3646,10.679021465202046,4683078.6891501099,43,0.066382620285944272,ok,0
3647,9.2602100709442432,5563739.2045879215,11,0.087002815913745563,ok,0
3648,8.7972726074669332,4268339.1925416272,67,0.089665406614495846,ok,0
3649,11.611789773601309,4683078.6891501099,51,0.087663472455760227,ok,0
3650,18.289569581529143,5529006.9119599685,16,0.092194984527653956,ok,0
3651,5.0550706813279334,3336995.657221681,151,0.098484649954644121,ok,1
3652,8.6460993872613745,4409061.7513648765,74,0.075976917073760197,ok,0
3653,15.560645551107591,5126213.3763913279,29,0.10494125400473797,ok,1
3654,10.83917179804779,5097065.0961686568,37,0.061443285431428074,ok,0
3655,11.316574411470445,4865431.8140207259,42,0.055230113347076504,ok,0
3656,16.835048676181685,5364457.0036128648,23,0.066148366076157039,ok,0
3657,13.318516700584674,5159352.3050683429,35,0.086561109995516361,ok,0
3658,9.4063216790537716,5026405.2503394177,26,0.070690052665477898,ok,0
3659,10.656372575593251,4934768.8838355793,33,0.080336439748096289,ok,0
3660,13.036360735357951,4987099.0167891914,35,0.072948783338813494,ok,0
3661,10.038787618544676,4750157.6291427184,51,0.072628476938843445,ok,0
3662,11.338749714657178,4981640.8816280756,40,0.070250687297505388,ok,0
3663,10.067509409901197,4886051.7640454732,47,0.07466633425718805,ok,0
3664,9.5734103211309076,4747180.0030452609,53,0.082461113193515873,ok,0
3665,14.135950773532416,5077167.6611547982,35,0.053512800150479101,ok,0
3666,11.348728796731885,4963196.2306324942,41,0.074020065612504959,ok,0
3667,12.166174690215138,4924100.1151333936,33,0.070819949999088083,ok,0
3668,14.867074673313134,5086943.4688088419,37,0.061255523815029411,ok,0
3669,11.402672844549542,5061148.7908426896,32,0.06477269481548531,ok,0
3670,9.2539756054081206,4864937.723817003,27,0.050001791304462917,ok,0
3671,12.677265128506029,4942501.3603108469,37,0.080134493574199217,ok,0
3672,9.8800330786392614,4683078.6891501099,46,0.068918772359361335,ok,0
3673,10.609704843664774,4902355.7338438453,49,0.060765351656528355,ok,0
3674,10.582844238960682,4747180.0030452609,49,0.10655369832089123,ok,1
3675,10.645975280246004,4683078.6891501099,50,0.10055908784126955,ok,1
3676,6.7963779564291489,3883479.6824962678,87,0.087460566605448431,ok,0
3677,17.052160410744303,4905141.756943102,45,0.11143230485856725,ok,1
3678,10.515303035197192,4747180.0030452609,48,0.077384580155498497,ok,0
3679,5.9685790967725207,3432351.1564540281,128,0.084311167821712552,ok,0
3680,8.0547877371515195,4876846.466466452,42,0.08355227713393254,ok,0
3681,11.598482851020282,4982620.7726044068,35,0.083785120970873095,ok,0
3682,9.9239581828189856,4937523.8397830958,43,0.055177738446714863,ok,0
3683,15.003070394215957,5155405.228925081,31,0.08071172839485441,ok,0
3684,10.224379489173149,4750157.6291427184,42,0.085646501573401368,ok,0
3685,14.598649722879779,4958665.6035082955,46,0.051421048566717031,ok,0
3686,8.5175395069292392,5167622.4210379831,13,0.083748951759297197,ok,0
3687,11.249491493590279,4747180.0030452609,40,0.064416073099471616,ok,0
3688,15.521655408053078,5563414.8557848809,11,0.09023892856826915,ok,0
3689,10.073329061528478,4705765.05441471,51,0.058823529411764705,ok,0
3690,10.94357780911244,5262525.9849821022,25,0.045369180517720611,ok,0
3691,5.773383783174058,3432351.1564540281,134,0.10542671403230464,ok,1
3692,11.816769162008036,5571548.2119357632,20,0.097660417572695113,ok,0
3693,9.8938839915455823,4793893.8151622703,47,0.10973857340319751,ok,1
3694,8.977546681816218,4862347.1716766711,44,0.066336060609138658,ok,0
3695,13.066540838342041,5255517.4211583845,30,0.0569773566548335,ok,0
3696,11.018564589684109,4855645.7775671063,40,0.073274079326915653,ok,0
3697,13.980598594785883,5463740.9277011836,20,0.08208422103970836,ok,0
3698,13.85851385568761,4901532.7920843232,31,0.069383342493076317,ok,0
3699,10.395062462479201,4890180.6420018654,46,0.096135598256138932,ok,0
3700,9.6268505948812901,4747180.0030452609,60,0.070058420326824189,ok,0
3701,11.78659020102134,5213160.0362399034,25,0.094839558553635572,ok,0
3702,12.273674553049238,5046173.7526892778,35,0.086899600627799667,ok,0
3703,14.238416405474345,5087737.1857589725,26,0.060218176318380778,ok,0
3704,13.212587714608881,4854725.8924413491,40,0.065561263966504857,ok,0
3705,8.1102449655675315,4978278.582032281,43,0.086272945445810434,ok,0
3706,10.835606623443518,4908058.6204091357,50,0.04720302644896468,ok,0
3707,15.133890706698102,5360093.2595743081,27,0.062229295475699331,ok,0
3708,8.7318402387943337,4929306.7311178939,40,0.056136389530691,ok,0
3709,12.439661066081781,4870566.6979671782,34,0.1009286274447051,ok,1
3710,15.045615428610414,5092039.8877287945,24,0.06929570073042797,ok,0
3711,10.507232852615717,4942173.8615863863,35,0.09220151019683015,ok,0
3712,8.0875685320467117,4372633.0624181386,66,0.086698824067228009,ok,0
3713,9.8458337718859728,4868208.574457298,47,0.082131098452030815,ok,0
3714,8.6733609954463162,4854399.791324297,50,0.069953339034033113,ok,0
3715,13.566127892356494,5524674.8676213147,16,0.09820908801288053,ok,1
3716,5.2824492314153408,3451998.5597333424,146,0.099074453865833689,ok,1
3717,10.566719212733425,4871630.1119200652,54,0.041757482397506318,ok,0
3718,11.914788969005491,5035046.8323829444,27,0.052213353076879354,ok,0
3719,9.8493671950019177,4959287.480388022,44,0.072112069161458847,ok,0
3720,18.510663100127584,5520367.2932498073,18,0.058541129473868858,ok,0
3721,9.5881979310262917,4936514.9658346875,37,0.065534361445663936,ok,0
3722,9.3540472292463104,4931177.8977534706,40,0.063032042014339124,ok,0
3723,11.700846747840654,4857582.3839362375,50,0.090724162651747653,ok,0
3724,5.6018936523581324,3585652.3950546649,126,0.091268430516688037,ok,0
3725,9.9673285442089128,4747180.0030452609,60,0.065859370856399063,ok,0
3726,11.458051023310587,5140747.5968156094,38,0.07123749005990565,ok,0
3727,9.4683358057700264,4995477.9920181967,36,0.09184704695185697,ok,0
3728,11.100100704042351,4868227.6654996211,54,0.068426764349023089,ok,0
3729,9.2287873444667401,4856814.7576446356,44,0.055146232082378788,ok,0
3730,9.1495666749949205,4757018.4600196751,43,0.071546626557048243,ok,0
3731,9.0441754747790757,4683078.6891501099,55,0.078907088383232959,ok,0
3732,12.053802599922351,5138841.6603713091,26,0.076577702668792436,ok,0
3733,12.124778744707282,4995310.4929811396,33,0.10059266667402061,ok,1
3734,9.0041240089640109,4976819.1052282909,40,0.062304993909441442,ok,0
3735,13.090948027818374,4868279.5840924615,44,0.05897427590693749,ok,0
3736,9.9702845146446588,4870655.884736957,41,0.062308458469544137,ok,0
3737,13.332648913302915,4865924.0158673907,45,0.084715389824283033,ok,0
3738,11.383338934789519,5081376.3579523172,29,0.073116109484364422,ok,0
3739,13.084110839582584,4900721.9747889126,43,0.051083565601007963,ok,0
3740,10.210764093660456,4936096.502700448,31,0.075827073328358252,ok,0
3741,12.002230384052048,4856596.7867081342,49,0.067858227563647122,ok,0
3742,10.616962780452456,5217737.938260586,28,0.091478904541916095,ok,0
3743,9.6687217985003446,4932122.467601533,44,0.097240177711857834,ok,0
3744,9.9659166316146237,4883564.0780733107,40,0.094653976805196938,ok,0
3745,10.688990692548701,4862537.5627708742,46,0.068540000648358523,ok,0
3746,14.662738600349035,4872575.4192398451,41,0.055863841630261202,ok,0
3747,8.2080991263526819,4311809.8551814649,71,0.095807696879946669,ok,0
3748,13.387537147455628,4856497.3324584309,40,0.08259032970815805,ok,0
3749,8.952531300580457,4747180.0030452609,51,0.10379623450956109,ok,1
3750,10.056330959462443,4918323.3021633811,41,0.048339510055880219,ok,0
3751,12.665618565058384,4925895.5596489422,34,0.098504228558735446,ok,1
3752,9.8446762472864133,4865930.4201207655,42,0.066268810364912056,ok,0
3753,13.599469121459027,4870210.6480283104,44,0.054641201289973407,ok,0
3754,8.4592569836651244,4941825.6220180076,36,0.05946000639231841,ok,0
3755,8.7237799171184509,5001901.1177223353,25,0.069050415050395442,ok,0
3756,9.6123024844785458,4921781.2024369705,40,0.077855256441882514,ok,0
3757,14.784024965682322,4877157.1528093647,50,0.059805238757960399,ok,0
3758,5.8505645605749814,3451998.5597333424,147,0.085040065080178362,ok,0
3759,11.572064675017804,4904430.3013124764,40,0.076750764086304546,ok,0
3760,16.252778545985237,4936386.2416353729,36,0.077240090378713155,ok,0
3761,10.660565483256955,5084057.0946747251,38,0.072148367996245161,ok,0
3762,11.724513105875101,4881465.172045745,43,0.073284456611587112,ok,0
3763,11.895016302438309,4856478.0438658688,38,0.072122114959353389,ok,0
3764,12.97593131368528,5292044.4885992212,25,0.074775394805648765,ok,0
3765,8.8918121881847973,4750157.6291427184,53,0.084986071032963045,ok,0
3766,11.239212755330104,4863494.2910170909,46,0.078630915242505317,ok,0
3767,5.668147205293514,3492347.8891292298,152,0.075239389420771796,ok,0
3768,11.662721665793171,5047284.7566411234,38,0.072583149988009854,ok,0
3769,4.680092940603533,2976563.3445416004,212,0.11032611006890763,ok,1
3770,6.3480724767157746,3492245.1892428468,140,0.09210048990356845,ok,0
3771,9.4058268453052047,5074489.8537008744,37,0.054704854451547158,ok,0
3772,13.534808105248059,4929679.5150732091,51,0.074279289375937058,ok,0
3773,12.745431816180099,5291392.5774510633,23,0.060333391242892775,ok,0
3774,15.271235415908077,5677837.4019910842,14,0.083536907759713119,ok,0
3775,9.6345054781207242,4750157.6291427184,52,0.087568204947986117,ok,0
3776,7.923183398171016,4593663.5931173814,58,0.09891490767899358,ok,1
3777,15.309213870545156,5255546.8654963821,23,0.087096052250940637,ok,0
3778,10.511961179155911,4876368.69443483,42,0.091274125372606818,ok,0
3779,16.047468996128025,5078228.5234148279,31,0.091207520518229779,ok,0
3780,5.5862177027269446,3432351.1564540281,140,0.10343895805121683,ok,1
3781,10.228556248738936,5160157.1555768158,37,0.071111269693519663,ok,0
3782,12.723987010693346,4912245.8726974148,59,0.059816479411058499,ok,0
3783,5.7367204002532848,3617358.7046664478,149,0.077500219293633182,ok,0
3784,10.520337579148819,4875856.9965486079,48,0.052312272782052499,ok,0
3785,5.6190054553375353,3342512.705544631,150,0.08689144499598947,ok,0
3786,5.9001531847069071,3543508.9322967106,149,0.10324712037164208,ok,1
3787,12.318244551684398,4864189.1922633965,39,0.056635561264020473,ok,0
3788,11.516763513624417,4909349.9866245305,45,0.11916390387556131,ok,1
3789,12.889100333131045,5294778.8808384379,24,0.092129907091535124,ok,0
3790,10.451465617065084,4876427.1268994417,49,0.053064250522359135,ok,0
3791,8.1584258262656064,5048076.5839114971,35,0.072916035397595724,ok,0
3792,7.7822856619974328,4640733.8797885403,67,0.091851621777956693,ok,0
3793,12.555793527307763,5093529.6354769664,34,0.059674296727457388,ok,0
3794,10.586304481851844,5085352.362145721,30,0.050486892836208441,ok,0
3795,13.043438784634811,4918567.9578294707,32,0.081575842232470497,ok,0
3796,15.594699083898961,5283752.3835589271,22,0.077326990798070885,ok,0
3797,11.961014963935424,4867807.750145847,50,0.065478281509263159,ok,0
3798,10.131141960178512,4946760.0851342101,38,0.07945213834849485,ok,0
3799,10.717911477149961,4857571.2593965642,46,0.080087674904921635,ok,0
3800,11.335186816512364,4891708.6487476788,34,0.081288200150505113,ok,0
3801,11.479068676883447,4747180.0030452609,48,0.11164365754387473,ok,1
3802,13.017702969947743,4856662.9108369248,42,0.061965237353157621,ok,0
3803,8.1943227889245378,4318219.6892671864,63,0.081428111041037587,ok,0
3804,9.033672259244474,4987787.0284761209,39,0.079233143115399918,ok,0
3805,8.3250425124944858,5036933.5997669911,32,0.055262345262139911,ok,0
3806,9.6550252260640139,5031239.3393404437,39,0.043215968765853562,ok,0
3807,12.530368524367564,4865896.7728440119,41,0.06434226058439485,ok,0
3808,15.769002489249749,5252824.3342716899,27,0.068908384021082514,ok,0
3809,9.663100082871642,4747180.0030452609,51,0.092526062298733724,ok,0
3810,11.850814953586038,5172001.6818058342,35,0.07528505578206196,ok,0
3811,11.542098958322612,5002336.2567781555,37,0.093955694798094291,ok,0
3812,8.2707482278598796,4536155.3769555455,59,0.07177114007972879,ok,0
3813,10.74790114992866,4869498.6828258289,38,0.082922233809138102,ok,0
3814,9.0363495257345825,4793893.8151622703,47,0.099122002145643484,ok,1
3815,15.796785264764754,5606586.0605655955,17,0.07614909656930624,ok,0
3816,8.9943808923728046,4793893.8151622703,44,0.10140934448736028,ok,1
3817,10.185325874700069,4857508.2927209567,40,0.091957811290456215,ok,0
3818,15.715863597228207,5109400.1720955344,25,0.085276232488860737,ok,0
3819,10.589726056366281,5020911.0623979205,25,0.052635452187861059,ok,0
3820,17.863750049028834,5111072.0201828098,30,0.07873660078502287,ok,0
3821,11.264708033123702,5011582.3361153835,27,0.096033691721241543,ok,0
3822,11.463443936345033,4857335.3667673543,46,0.066623964032893335,ok,0
3823,8.9254094621172335,4747180.0030452609,45,0.059180283051143839,ok,0
3824,8.7944322949715552,4747180.0030452609,56,0.05220722337709216,ok,0
3825,8.8730320431673366,4750157.6291427184,61,0.080884279934491876,ok,0
3826,15.082967044142787,4861435.7279998232,49,0.10889705639197422,ok,1
3827,12.130251387353645,4969252.217911033,39,0.067331221702978783,ok,0
3828,9.8845185535004418,4793893.8151622703,41,0.089004937356824063,ok,0
3829,8.2301808047236076,4268339.1925416272,85,0.078666838173848008,ok,0
3830,13.589593201963234,5178611.4529813081,31,0.059065169238954551,ok,0
3831,10.282212676947726,4957731.6621432165,42,0.071540161713651407,ok,0
3832,12.911845673127887,5006865.6399036292,40,0.05272362985417578,ok,0
3833,9.0987989632556125,5370195.0204530163,17,0.060634299100943423,ok,0
3834,8.379627164067557,5244863.4641582211,29,0.077644626990975962,ok,0
3835,8.860501138519016,4683078.6891501099,51,0.069486788149963702,ok,0
3836,12.352078335430379,4923125.9498216966,40,0.077765374350489802,ok,0
3837,11.034373238314249,5410956.9809368355,19,0.051686846610390413,ok,0
3838,10.657010287375975,4863263.6978033017,41,0.062229239139313053,ok,0
3839,7.2704874707696296,4200096.9742686078,81,0.066217242011876509,ok,0
3840,11.221864822090751,4750157.6291427184,38,0.078119924847425137,ok,0
3841,9.583375816839057,4747180.0030452609,54,0.073426558066904568,ok,0
3842,5.5334000175779439,3626167.2368099568,123,0.096771905814241221,ok,0
3843,10.657380057020355,4747180.0030452609,51,0.09159403012354056,ok,0
3844,11.264107435768022,4750157.6291427184,51,0.079945373616765458,ok,0
3845,12.699523226410411,4863023.3575051725,42,0.078278480326608668,ok,0
3846,9.3102386003044089,4793893.8151622703,42,0.07481006877098198,ok,0
3847,8.5274319980424949,4874362.2037477111,47,0.072914077582311498,ok,0
3848,10.099051921469403,4880057.5453180382,48,0.071848569547011909,ok,0
3849,8.9959120418826402,4747180.0030452609,45,0.072335689242804313,ok,0
3850,12.27733183441868,5180340.925146264,31,0.077017497072539132,ok,0
3851,7.5460204621969185,5221053.4299441734,19,0.093359595663512485,ok,0
3852,9.86297770477778,4936428.7259653946,37,0.057027773539106319,ok,0
3853,10.568871010666973,4705765.05441471,55,0.081492570634215528,ok,0
3854,11.067225110163143,5099140.2473111684,32,0.083272594744149164,ok,0
3855,10.327334070909506,4859436.3566077631,54,0.080659873958438766,ok,0
3856,10.965045526351316,5009531.2755780993,40,0.088052760819672948,ok,0
3857,10.693685979099804,4868969.4698742498,50,0.059901925194939643,ok,0
3858,10.502005042677574,4854186.0812514694,45,0.091176252380065881,ok,0
3859,10.316595218830555,4880504.0540867439,41,0.066552710681423766,ok,0
3860,10.535133336497982,5420102.3831909411,24,0.091145047000055213,ok,0
3861,9.7057183822488149,4930632.2337813377,44,0.077995802553396221,ok,0
3862,10.682078101294799,4865558.461186029,50,0.069051114297621452,ok,0
3863,11.553362227359756,4747180.0030452609,44,0.1032715291227735,ok,1
3864,12.628954986925688,5055280.8631002,35,0.041582628420574808,ok,0
3865,9.8822304486285191,5258145.2503075581,16,0.069794923127242003,ok,0
3866,12.476610879629611,4971955.0204714369,39,0.056066319749874749,ok,0
3867,10.588108073781672,4962933.6258005099,26,0.081212565877464282,ok,0
3868,12.423822331903798,4865331.3693034276,41,0.083510209935676594,ok,0
3869,13.317717312408513,5129146.1143574622,36,0.074498860518515397,ok,0
3870,10.479855882057285,4928372.5483479435,37,0.089319326302766067,ok,0
3871,11.634438783973593,4880574.2105186051,37,0.092798503123179832,ok,0
3872,9.7249025002896143,4949633.3279230809,34,0.055582708792107693,ok,0
3873,18.43804624048391,5240564.5059730187,21,0.10320917760875126,ok,1
3874,12.00935775301274,4981478.9475722909,38,0.053117331806762924,ok,0
3875,13.082746510089303,4857417.0559291076,42,0.077011805382388943,ok,0
3876,12.400601866374339,5010417.7641235078,41,0.082726868638382439,ok,0
3877,7.6649455848566523,4705765.05441471,46,0.069912857838000941,ok,0
3878,17.600016489128073,5086134.0170526356,36,0.097517078895718423,ok,0
3879,9.2818794130626703,4888318.0641777059,38,0.072222474889968691,ok,0
3880,15.725436162979717,4864846.9219887117,44,0.074417762249820885,ok,0
3881,10.240905899286828,5024088.9820684437,39,0.066804202010796843,ok,0
3882,15.053630718738301,5000068.8514800919,30,0.099035685375451266,ok,1
3883,10.776323535581112,4976904.5707396101,39,0.072486247863978281,ok,0
3884,10.180731901790622,4866012.4126764741,41,0.10372598045704695,ok,1
3885,10.213840552669875,4855238.7162566809,36,0.047332521132399719,ok,0
3886,12.184757211093414,4962695.1681565279,34,0.049212591256242499,ok,0
3887,12.072785617669112,4903520.9782854784,49,0.051088070127366159,ok,0
3888,10.422089071537709,5069278.359147164,34,0.051793930573765246,ok,0
3889,13.499960997385038,5414111.4405920617,20,0.074822042703257541,ok,0
3890,9.802672003807734,4987336.4492281498,38,0.079493763426121855,ok,0
3891,16.605705253951008,4854679.4635896217,43,0.1143140622875779,ok,1
3892,12.864022883232808,5022865.1191189652,31,0.084836715179031796,ok,0
3893,10.391760429336703,4999439.2445254084,40,0.052246675714359814,ok,0
3894,10.259610136112817,4683078.6891501099,65,0.11076317170771388,ok,1
3895,13.078802553013464,4864526.473284075,38,0.099158844208350416,ok,1
3896,7.6459990960210176,4079770.612327572,77,0.093653741846416366,ok,0
3897,10.234105838123385,4683078.6891501099,49,0.081188161199077902,ok,0
3898,11.379814387897648,5489435.4676531339,15,0.053962111873265606,ok,0
3899,12.703474655092036,4857006.0932444949,42,0.09216940644922117,ok,0
3900,8.4270794536198341,4268339.1925416272,76,0.058888821165345551,ok,0
3901,9.0324774596255484,4705765.05441471,56,0.078856911579830546,ok,0
3902,8.1078139944754675,4542200.0232369462,60,0.09343812583463007,ok,0
3903,10.332754637998571,4880752.8333995836,39,0.10259195660221415,ok,1
3904,13.337100996726138,4757018.4600196751,38,0.089974447088415399,ok,0
3905,9.809810379758547,5214670.7067981968,17,0.069790004792222748,ok,0
3906,7.9879317681564066,4311809.8551814649,77,0.098779495113447247,ok,1
3907,10.851665988826706,4854784.5749255121,46,0.082190581799274964,ok,0
3908,16.666431610686971,5480848.3460914157,18,0.07845795153517432,ok,0
3909,9.2707762433430574,4900671.2280375883,37,0.05774125991736101,ok,0
3910,16.965644928852601,5493229.473370159,19,0.10659041831325722,ok,1
3911,8.0954342248840021,4960714.7807358876,37,0.046486596714134354,ok,0
3912,9.2421288156218289,4873991.6603590501,47,0.091634040085375013,ok,0
3913,10.065626402181667,4865510.3618997764,40,0.05454128564961036,ok,0
3914,9.830710697258203,4896184.2881843466,49,0.084005563197515842,ok,0
3915,13.457962225146026,4856855.4054874498,47,0.040931059433933215,ok,0
3916,32.663473442857274,5519908.3642514432,8,0.1008728774337968,ok,1
3917,12.593650359190114,4866740.802631326,40,0.089202089157174758,ok,0
3918,11.903416983534827,5170482.3963961853,22,0.078876723134331306,ok,0
3919,11.652293624233474,4883585.8618586808,44,0.073796168284464114,ok,0
3920,10.07074120831588,4750157.6291427184,46,0.075244090887445547,ok,0
3921,9.8942881506536633,4912366.6188549958,47,0.068342357532700126,ok,0
3922,10.750555462826654,4870416.1104771141,46,0.083003111355109849,ok,0
3923,6.4634620395071867,4200096.9742686078,77,0.087297804100503418,ok,0
3924,9.2376793191418614,4865435.2110081483,45,0.057679028887049344,ok,0
3925,12.271842346444236,4900074.483085962,34,0.092884882860751028,ok,0
3926,10.163051040299576,5291326.3666448779,24,0.071274547940633037,ok,0
3927,10.374357077126437,4910123.2157038683,48,0.064845877636194593,ok,0
3928,10.963623125847539,4747180.0030452609,42,0.085490821928087546,ok,0
3929,10.278704518895989,4854459.3910748158,39,0.097823723065466217,ok,1
3930,12.511345830632933,4855931.5363418022,48,0.070278564616098604,ok,0
3931,11.902265245595869,4862835.5554637583,40,0.096849920586991156,ok,0
3932,12.033308881880169,5165111.7809844334,25,0.094000805739309912,ok,0
3933,13.055994140679806,5214732.0181783242,23,0.054611144671245282,ok,0
3934,12.553081961479453,4880826.4656633083,41,0.084275185194016389,ok,0
3935,9.5807894859895413,4864595.7477636579,42,0.067071073905156542,ok,0
3936,5.8241249301221689,3507468.2820937331,135,0.089907012378198981,ok,0
3937,12.590388413561781,5431729.7293040231,17,0.057408746654296572,ok,0
3938,15.291101267189262,4928572.3503174176,44,0.071099496369315174,ok,0
3939,10.699851072163705,4870042.2578956326,54,0.066384423759109912,ok,0
3940,10.770718121945183,4858001.317480199,39,0.058834725499992135,ok,0
3941,10.370324012223785,5129325.983937135,20,0.062547554199419153,ok,0
3942,12.799673940839304,5063213.9179241369,24,0.088672380371216941,ok,0
3943,7.067755383947242,4311809.8551814649,81,0.075805883960099907,ok,0
3944,13.623892730207618,4856772.6159501346,39,0.083959338590269161,ok,0
3945,11.575334013358944,4683078.6891501099,45,0.10479080208521852,ok,1
3946,10.033772924622118,4757018.4600196751,52,0.072149316537988617,ok,0
3947,18.022263909165375,5160010.2365215952,31,0.093715793692046134,ok,0
3948,16.34129593964893,5207595.6464469712,22,0.088346554320559267,ok,0
3949,12.641313929307348,4856309.3180800145,48,0.054648638651772385,ok,0
3950,11.050086003496924,4920096.7676468361,46,0.079805358707089658,ok,0
3951,10.389111002367938,5094350.4291567625,28,0.095631513310910021,ok,0
3952,15.337040251165369,4937378.3200019496,39,0.10536415938150079,ok,1
3953,12.380044031775356,4869661.0250501875,47,0.10470117298981951,ok,1
3954,13.24172165656843,4886334.7859077714,35,0.089324172316183614,ok,0
3955,8.1167560845323887,4864458.5508622769,41,0.070913244595119385,ok,0
3956,11.953915412628733,4855060.280370025,48,0.079681752437043674,ok,0
3957,9.5139953484847428,4866513.0731773162,50,0.073827532732526097,ok,0
3958,9.9271047824089234,4683078.6891501099,59,0.063441228577904102,ok,0
3959,10.025579221990878,4859985.8513509762,46,0.0751966859450518,ok,0
3960,12.971154408340912,5116542.4854484135,26,0.10249252196114345,ok,1
3961,11.389775349914553,4877826.3937638076,54,0.068355258795698259,ok,0
3962,10.588604187211869,5010326.7977585196,34,0.080837695690505029,ok,0
3963,12.787007972771212,5135265.875542881,33,0.060182140576433368,ok,0
3964,13.563780839596463,4757018.4600196751,39,0.076986373702050415,ok,0
3965,10.676419370320893,4942661.5362720089,52,0.073790837262554421,ok,0
3966,11.467654271015563,5326783.7521135053,30,0.066787145490708077,ok,0
3967,12.051029870580628,4866063.2194964057,48,0.082259395317369977,ok,0
3968,11.79502476084488,4864161.3947296292,47,0.050361392623284984,ok,0
3969,12.304078635752955,5035226.7137235384,31,0.071717077786414812,ok,0
3970,5.2778677154531284,3432351.1564540281,140,0.082802527273862392,ok,0
3971,6.644937320500885,4079770.612327572,93,0.090755539208912925,ok,0
3972,20.577202020546125,5262447.8486687792,27,0.092646630036120947,ok,0
3973,10.744289422852104,4876935.3782803025,40,0.091119902344874548,ok,0
3974,5.4087287198606635,3492245.1892428468,153,0.085187027926733383,ok,0
3975,5.7510720859329716,3446045.4523578081,133,0.089790544649854309,ok,0
3976,5.3613759417248845,3336995.657221681,164,0.086207120564510298,ok,0
3977,10.837650869979305,4747180.0030452609,55,0.083708107572326718,ok,0
3978,13.15194467589175,4893084.6424795557,38,0.052132105315751132,ok,0
3979,8.0471476060322189,4271679.4857318792,62,0.06047660757564477,ok,0
3980,10.371863058314764,4965346.336117506,28,0.076084074722661765,ok,0
3981,14.281172152621208,4860392.1029327931,43,0.067270816845003023,ok,0
3982,10.050837156056289,4762962.8190767989,46,0.051750861031016046,ok,0
3983,8.8158051600087752,4747180.0030452609,51,0.055885431241815386,ok,0
3984,11.567791358512023,4896462.2980996184,52,0.061234825737107368,ok,0
3985,11.002511036751544,4855464.4016723381,36,0.054875491332895654,ok,0
3986,5.3543942700135236,3336995.657221681,167,0.098002675901137704,ok,1
3987,12.055298867697022,5306729.6582282213,24,0.081269811730912966,ok,0
3988,15.564427834653644,5380638.1446545329,16,0.078811944282873414,ok,0
3989,15.393292171946369,5705733.301848961,11,0.086017826549547594,ok,0
3990,10.933942901121945,4863009.5726141222,48,0.071076784720201736,ok,0
3991,5.3833665070187173,3446045.4523578081,144,0.097827909136730229,ok,1
3992,9.3002784101390272,4683078.6891501099,64,0.092707445491882035,ok,0
3993,8.1633371131669943,4204450.8888818501,65,0.080525036383469861,ok,0
3994,8.5280325883073687,4536155.3769555455,55,0.089869628722870465,ok,0
3995,9.3839942818644531,4876873.2097145915,45,0.076092138026129463,ok,0
3996,9.0908059031516988,4705765.05441471,42,0.081953713696872932,ok,0
3997,12.443360031763627,4922205.3861210421,45,0.051141956472604277,ok,0
3998,10.309783181456776,4857061.1796637755,36,0.076029960819162135,ok,0
3999,13.959666621367296,5006804.7825658778,33,0.085832419868079796,ok,0
4000,8.865358617355394,4536155.3769555455,57,0.082828041940136488,ok,0
4001,7.7688965678636253,4311809.8551814649,74,0.10016053102284606,ok,1
4002,8.6373046304096199,4866937.2205708427,39,0.045840972689027648,ok,0
4003,5.7473267551926153,3492245.1892428468,160,0.11991388217372323,ok,1
4004,15.84890509601979,5195496.8077268852,25,0.085102752799182668,ok,0
4005,9.5925601021971438,4757018.4600196751,48,0.066734071496919234,ok,0
4006,9.2179712410151708,4793893.8151622703,56,0.081568545429889838,ok,0
4007,8.1984777061175649,4268339.1925416272,77,0.10100296418093135,ok,1
4008,10.732718622107052,4993196.1679878607,34,0.06140121128394227,ok,0
4009,5.4977533018257114,3519824.2810661173,137,0.10364252501475918,ok,1
4010,13.531719568226096,5095153.1080052136,32,0.088156064638273079,ok,0
4011,4.6582049160858938,3137987.8488104269,180,0.10732431433656686,ok,1
4012,13.00253135206513,4956580.2497550221,36,0.067743023377807243,ok,0
4013,9.2553408392699374,4881497.7516559977,46,0.061276550239490302,ok,0
4014,11.498333009659065,5012687.6015723152,35,0.075328022932896199,ok,0
4015,8.6263774240123361,4600821.3216738338,47,0.071000507799004464,ok,0
4016,10.531032236030072,4881273.4530377546,44,0.051284426257244053,ok,0
4017,9.6890745344120912,4919746.6242742753,48,0.040565382680720075,ok,0
4018,11.36664776574221,4881525.2986008069,41,0.10252300580517615,ok,1
4019,10.341354200459381,4747180.0030452609,43,0.096500116895604032,ok,0
4020,10.616264616920679,5326445.5776766036,17,0.096370056450764463,ok,0
4021,12.291016875055098,4951231.5920764087,40,0.054009587375277501,ok,0
4022,9.4883229114524195,4924625.7830033991,46,0.095024906601867548,ok,0
4023,6.2573921308178004,3578778.1470238399,132,0.079100331924103595,ok,0
4024,10.230271062701883,4855926.4022124894,37,0.084607282824920582,ok,0
4025,12.858147508473685,4885325.8593747765,41,0.067066517816562587,ok,0
4026,5.8529952804996057,3446045.4523578081,147,0.084906478034613264,ok,0
4027,7.3359099557855405,4413233.824277808,51,0.046838593870848433,ok,0
4028,11.330347053124788,5250765.6874901131,22,0.053243885473632846,ok,0
4029,11.091600128210885,4871428.4221282536,49,0.070632207322215784,ok,0
4030,5.3331639474230901,3446045.4523578081,152,0.081895558411744562,ok,0
4031,9.90967318579162,4762962.8190767989,42,0.078058670624719828,ok,0
4032,10.94309307559179,5625739.2370694075,11,0.092862392368827873,ok,0
4033,9.6763291116635788,4855831.7348089172,43,0.077013192093040139,ok,0
4034,12.418158716806134,5256199.6114558624,20,0.065724610276575252,ok,0
4035,9.6627763537920011,4863686.9219054366,38,0.090317200861623648,ok,0
4036,12.897031842949456,4864875.7476773271,34,0.088560375319010953,ok,0
4037,10.807908684541864,4747180.0030452609,56,0.084738219933602088,ok,0
4038,11.620671272588744,4870806.8617260205,38,0.053766809264412352,ok,0
4039,5.7357790113940172,3336995.657221681,161,0.076907691367567615,ok,0
4040,12.050822814538776,5116373.6017044382,18,0.099970200418894706,ok,1
4041,10.186537421784744,4793893.8151622703,53,0.066461292112334702,ok,0
4042,11.95643728779419,4747180.0030452609,43,0.084298215118847275,ok,0
4043,8.2263991114589494,4747180.0030452609,56,0.065585525443615497,ok,0
4044,11.218564395852978,4858440.8786648437,46,0.055176552008818311,ok,0
4045,12.585547726278735,4935904.8168825358,42,0.068847957270414317,ok,0
4046,9.3316966201039389,5136113.5310238041,33,0.065063837165179605,ok,0
4047,10.74326816894297,4887913.9003656479,42,0.092283178840477986,ok,0
4048,9.2783318322417152,4705765.05441471,51,0.10193120584287707,ok,1
4049,9.5941890287266069,4980158.5216833604,36,0.050350266451549941,ok,0
4050,10.132051487404445,4874493.4792335499,36,0.04900784313565093,ok,0
4051,8.1356125480421895,4878206.075565353,53,0.053919127462658034,ok,0
4052,12.933555129910786,4904657.1678628372,29,0.085155746570395402,ok,0
4053,9.5948156161047713,4868786.9100427451,49,0.070025514784803677,ok,0
4054,16.372974316230476,5383878.3646360738,16,0.10687374059773747,ok,1
4055,16.740587679965461,4884254.2441999326,44,0.10820805138882195,ok,1
4056,13.344426530670605,4947410.670084686,31,0.071185212164917799,ok,0
4057,12.259289724717343,5168836.1721650325,27,0.062398907739888543,ok,0
4058,7.0032790164827707,4372633.0624181386,65,0.070053408345084722,ok,0
4059,11.078436447996461,4882188.3378928639,37,0.1039067475020149,ok,1
4060,7.734733226378788,4311809.8551814649,69,0.071025324498343978,ok,0
4061,11.526407916750406,4858480.6596689448,44,0.073182699345264113,ok,0
4062,13.46236636965971,5498770.3820892274,17,0.072210648753178952,ok,0
4063,10.595824827091061,4858791.579104349,43,0.068125031412069159,ok,0
4064,10.736125115483794,4793893.8151622703,44,0.11480512156814682,ok,1
4065,8.8442530090261933,5145352.0438517425,20,0.10045937547214179,ok,1
4066,10.889012524589722,4855615.1514529502,53,0.060672281280966411,ok,0
4067,16.750514332689711,5189284.67683437,19,0.095836216145199438,ok,0
4068,9.0868035625722658,4268339.1925416272,91,0.074020295457043583,ok,0
4069,12.47589472139525,4871231.2017523265,38,0.075194103629504627,ok,0
4070,11.115758205769666,4862697.6100438377,45,0.085178973579888573,ok,0
4071,14.244887436408412,5225767.1095864801,26,0.090166576462991588,ok,0
4072,8.5908852134352678,4919853.891419339,44,0.060863730728967336,ok,0
4073,10.896415037922145,4870260.7025259845,46,0.049669119680894269,ok,0
4074,9.7150780037275037,4793893.8151622703,40,0.087863446818933544,ok,0
4075,32.896428663539623,5663273.5737897931,16,0.067624978515720913,ok,0
4076,11.044041285177022,4895523.8173226407,50,0.077314432651175213,ok,0
4077,13.80204219545303,5004450.2098618187,41,0.06584189778376176,ok,0
4078,10.399668409175543,5096158.1418675454,27,0.075580015073857809,ok,0
4079,10.231043620700456,4871467.8972612135,34,0.060049529763743781,ok,0
4080,10.938800265492223,4984228.2673195992,44,0.085046375969119459,ok,0
4081,9.6739646130392831,4311809.8551814649,81,0.075128520092512585,ok,0
4082,15.419025067603505,4990302.9110690542,33,0.093095947438124216,ok,0
4083,10.207244595153696,4757018.4600196751,53,0.070795387805704602,ok,0
4084,10.418424808991041,4867153.3597497772,44,0.083989156245980523,ok,0
4085,14.631032706209218,4913346.2674832419,36,0.052826448052177954,ok,0
4086,25.636116974313623,5700784.9584855512,12,0.079216219223433179,ok,0
4087,11.127516222920699,5098403.5706302132,26,0.09337040000625596,ok,0
4088,9.5102482712807515,4941758.1337039098,36,0.063479069714151959,ok,0
4089,11.903778067087508,4901055.5732550882,57,0.042157808167043398,ok,0
4090,9.9604464758442486,4860206.2480233135,44,0.056573126802186957,ok,0
4091,6.9833488729361015,4102292.5371695599,86,0.094938512645501183,ok,0
4092,12.6860724610926,4869840.9400786497,34,0.066202734887615744,ok,0
4093,11.765033023259198,4878765.7505711764,44,0.10038157170571216,ok,1
4094,10.715996191585347,4860963.1138388114,42,0.073906411464382149,ok,0
4095,10.823615613960154,4855798.0388261965,41,0.065918286783739899,ok,0
4096,11.522429913515806,5088159.9478164893,38,0.091207518502048557,ok,0
4097,11.247977369012251,5054334.2137462692,32,0.07192085125101455,ok,0
4098,13.120317099036367,4868408.684172594,42,0.084571673748831566,ok,0
4099,5.1920312075168003,3257319.3827456608,164,0.11903596677729289,ok,1
4100,10.003587981482017,4903593.5868538506,40,0.080517746192624751,ok,0
4101,9.8743866832508758,4747180.0030452609,50,0.073098753582428788,ok,0
4102,12.53866698945505,4913174.3590267906,39,0.064793767282537162,ok,0
4103,11.9736399177855,4894846.3287758566,41,0.074140005772835679,ok,0
4104,8.9156224313402923,4978743.4534359341,44,0.06719983429335491,ok,0
4105,13.598943500449741,4908405.3146066796,51,0.079354271969567125,ok,0
4106,13.930042111202464,4970499.197213063,39,0.064350613987819411,ok,0
4107,9.5665989893779191,4793893.8151622703,46,0.067689257361979505,ok,0
4108,10.915037567629643,4925824.7616101913,42,0.063203400004465227,ok,0
4109,7.5092650940696419,4536155.3769555455,53,0.066841021821806859,ok,0
4110,5.0028805334104751,3137987.8488104269,180,0.098005893179045511,ok,1
4111,7.4912446932192669,4750157.6291427184,54,0.062685979546959147,ok,0
4112,9.4083460894038602,5794351.7439138731,10,0.086468172485817868,ok,0
4113,5.260346748375694,3446045.4523578081,140,0.077293006091582489,ok,0
4114,11.504846778558548,4855692.2638439201,44,0.075127983392365594,ok,0
4115,9.0845267110654682,4962994.7989965994,27,0.085045400159625972,ok,0
4116,11.845683735135697,4927944.8064244045,35,0.10136848713568197,ok,1
4117,7.2176044459654944,4318219.6892671864,64,0.056556963958534823,ok,0
4118,11.959495265451928,5329023.6062696287,19,0.081793441325836658,ok,0
4119,8.7530837898906064,4996574.7340430832,22,0.095049621632095516,ok,0
4120,14.616028602681084,5164579.9358094884,33,0.053156847503222748,ok,0
4121,5.6725486000680059,3507468.2820937331,154,0.099425608360391937,ok,1
4122,8.0638893418786388,4409061.7513648765,61,0.081466859673697434,ok,0
4123,13.482064636790355,5026853.0827094866,22,0.069552945106058722,ok,0
4124,14.282066051379989,5127905.4382176502,19,0.05274387882349818,ok,0
4125,12.224332000643269,4893962.4861675464,36,0.10999115910304047,ok,1
4126,9.6440469730854357,4793893.8151622703,48,0.082428776159153047,ok,0
4127,10.296535532327541,4862650.5829865411,46,0.065042781900159663,ok,0
4128,12.868922132018469,4968496.5571093336,28,0.096764740967183904,ok,0
4129,12.628311713693066,4857640.6420291085,40,0.089079645466676322,ok,0
4130,10.450105121935739,4793893.8151622703,46,0.070242568955650564,ok,0
4131,11.228331825713656,4863994.7697603619,41,0.060603894261410884,ok,0
4132,20.915222724103042,5555363.5642407853,17,0.080327482026790187,ok,0
4133,10.362054647851327,4916226.1765986141,38,0.08810500857104675,ok,0
4134,11.178293253957149,4932581.2115215492,42,0.058395736092450079,ok,0
4135,11.597566786652653,4683078.6891501099,41,0.078056397626764473,ok,0
4136,12.691843721762165,4747180.0030452609,45,0.077820421790857686,ok,0
4137,9.0059747940817285,4683078.6891501099,57,0.076866673496290783,ok,0
4138,10.944930655023422,4860107.0070618764,41,0.074979572090789287,ok,0
4139,12.504571377055527,4967875.8683229433,42,0.063699081500766308,ok,0
4140,9.7599658832491532,4871822.0593296811,50,0.093509743859291894,ok,0
4141,11.228773818401898,4891087.8451030189,38,0.071034641886237093,ok,0
4142,8.8632256284679105,4640733.8797885403,67,0.090195486335749697,ok,0
4143,10.014270748457006,4880887.6573928623,44,0.065010171558250673,ok,0
4144,10.922244854855172,4958914.4624946406,34,0.044832922368366224,ok,0
4145,10.126818155780482,5025534.9808013346,25,0.05028186643688104,ok,0
4146,5.5623065095677147,3336995.657221681,171,0.11840146469374158,ok,1
4147,9.4568592176899653,4913284.7788077518,36,0.066254618384117503,ok,0
4148,6.8157734344872649,4204450.8888818501,80,0.080698532764657105,ok,0
4149,13.024282802611568,4890787.3063982818,40,0.072444369914321183,ok,0
4150,9.7841817365494119,4747180.0030452609,57,0.064198427997931518,ok,0
4151,11.329354207582909,4861711.7016376648,44,0.060982410619795036,ok,0
4152,9.2753451277139973,4757018.4600196751,44,0.08626741167202262,ok,0
4153,9.7495294676690847,4747180.0030452609,48,0.079529768358533648,ok,0
4154,8.3782658967551811,4872447.0600339621,44,0.078261418242052017,ok,0
4155,11.7336761731859,4915354.5899506146,37,0.093248734057495064,ok,0
4156,13.841460337089549,5856761.0892029162,16,0.088242366764987645,ok,0
4157,8.5317260869908012,4683078.6891501099,59,0.071656889867032225,ok,0
4158,8.8665442116231787,4762962.8190767989,51,0.065511652730929737,ok,0
4159,10.822220319402522,5024901.4222915657,31,0.057138575765001587,ok,0
4160,10.183431611723289,4683078.6891501099,44,0.06990785119791415,ok,0
4161,8.6684269944904955,4640733.8797885403,68,0.080448473473680115,ok,0
4162,5.3278869790911312,3342512.705544631,156,0.082829644113664835,ok,0
4163,15.181187837103751,5148796.0952410232,20,0.049914383371300011,ok,0
4164,12.988013626357196,4858259.4995458536,47,0.058268407715331261,ok,0
4165,11.493514834712174,4916557.0400099913,38,0.06972967041333189,ok,0
4166,15.950247165579356,5184318.9351850916,24,0.10116557351047784,ok,1
4167,13.368316072896855,5273945.102233544,29,0.079421600258635872,ok,0
4168,9.5652470272430641,4959520.6462917719,45,0.047605945660289306,ok,0
4169,8.2675505009571992,4593663.5931173814,60,0.10588046507883753,ok,1
4170,10.532103169924181,4858414.3063446116,47,0.078841084606606937,ok,0
4171,7.1941586193011009,4937563.573778457,33,0.042504759084532828,ok,0
4172,8.7247425233172926,5148544.6302771261,18,0.10150409671055471,ok,1
4173,5.0505815331216111,3432351.1564540281,162,0.080263145362552413,ok,0
4174,9.3989220475123592,4747180.0030452609,55,0.088343699264089581,ok,0
4175,9.8472325676528101,4683078.6891501099,46,0.091482261169232415,ok,0
4176,11.874388616413862,5238882.1149503263,26,0.077147927268783056,ok,0
4177,10.485661982264899,4912146.5034867218,44,0.099635147986515238,ok,1
4178,10.062293793562267,4866797.1680980064,41,0.083070453268898239,ok,0
4179,10.128458188030354,4863209.5443235897,50,0.07964726216270468,ok,0
4180,3.489798528207408,2257796.2952232705,303,0.12628182098011642,ok,1
4181,10.169772426375772,4875620.3913758425,49,0.10094724497209795,ok,1
4182,5.8146171676748892,3519824.2810661173,134,0.074174542363531382,ok,0
4183,15.235080968122938,5100916.6543196663,36,0.10248483477748939,ok,1
4184,13.366780927291135,4868372.6666011354,46,0.086215464784390072,ok,0
4185,11.342473092612913,4930885.1849400345,31,0.05783950313039754,ok,0
4186,10.894633291968688,4886830.518710074,45,0.062331226509392601,ok,0
4187,4.1927824743642743,2764312.3841539626,223,0.092476816594139477,ok,0
4188,10.8429449967692,4860839.77580762,46,0.084202883121252348,ok,0
4189,11.801845165724881,4683078.6891501099,52,0.084710074233602217,ok,0
4190,7.5876081350386331,4268339.1925416272,81,0.083876943402812598,ok,0
4191,5.1799734406506595,3302496.3863434172,175,0.1025918938357524,ok,1
4192,11.680605925167068,5469909.1575565385,22,0.083538849908272428,ok,0
4193,14.118084758510522,4927261.208623983,43,0.058358177507043751,ok,0
4194,11.036911110219153,4902720.9569188012,45,0.045021701096375433,ok,0
4195,17.294613155927347,5487838.2404379239,17,0.086177347551916139,ok,0
4196,10.325384219282505,5064551.930612552,36,0.090833410535752557,ok,0
4197,5.2783790294328794,3336995.657221681,156,0.1010427413894126,ok,1
4198,8.7408711391923752,4750157.6291427184,55,0.053873017985236693,ok,0
4199,10.676876984938827,4922390.1408619955,28,0.065798948529812051,ok,0
4200,10.624524635998593,4874190.9864834407,43,0.063735156604139087,ok,0
4201,5.6200524870905184,3451998.5597333424,150,0.10267139112241364,ok,1
4202,10.24290992062503,5096204.736642492,25,0.061326166944866589,ok,0
4203,14.585380745498734,4976789.0716023846,41,0.092374006242928935,ok,0
4204,8.0211979363009025,4884785.6981798792,43,0.059396559518782199,ok,0
4205,9.2347830959315615,4683078.6891501099,57,0.080163637811611954,ok,0
4206,11.532537337416253,4875478.9973752573,34,0.045438048966657263,ok,0
4207,11.852536423229058,4747180.0030452609,47,0.092279343793806673,ok,0
4208,11.615813203330525,4938962.3524764655,33,0.05985181172529308,ok,0
4209,12.634055483496242,4896841.6854437198,35,0.077072184822202017,ok,0
4210,7.7535705343393406,4213116.0050765891,74,0.044006367602639318,ok,0
4211,14.900204729635098,4858281.6693740729,48,0.058157696211599941,ok,0
4212,5.4611934195192546,3357000.8765196907,140,0.1033921481443989,ok,1
4213,12.221100647109806,5096485.0429586712,41,0.085137199113676454,ok,0
4214,10.982947873664065,4863401.375450667,44,0.061214848172997827,ok,0
4215,8.400310939185001,4882736.8318011109,53,0.047953438101497325,ok,0
4216,11.356169819605357,4908009.6092413235,37,0.045913356554297513,ok,0
4217,8.336881087608198,4200096.9742686078,75,0.1011661974250696,ok,1
4218,11.084459254725017,4982041.038062742,34,0.077999259405425792,ok,0
4219,9.9922438531317042,5029414.5880192388,35,0.086200243670593979,ok,0
4220,13.50741956831836,4858506.2561745662,43,0.061576552339674961,ok,0
4221,10.712640615871351,4900482.8141109031,48,0.071798049908149641,ok,0
4222,9.2377467217580751,4943693.5243199645,43,0.07235099421397817,ok,0
4223,13.373724484067859,5002975.9319382738,37,0.056184134840387645,ok,0
4224,13.837795837405427,4861050.7649722947,46,0.062595646316807363,ok,0
4225,9.2656503465246711,4909740.2968857745,29,0.068776158742469007,ok,0
4226,15.141253597397027,5782236.707585603,11,0.087919823866043856,ok,0
4227,15.74766548982292,5110521.561349432,27,0.060011519389157941,ok,0
4228,11.439132851220569,4919742.9351046896,41,0.10774653953697078,ok,1
4229,11.717572844104016,4875738.8172982009,44,0.074704460257955185,ok,0
4230,8.3694067222463584,4859460.6986975726,44,0.080094992110590457,ok,0
4231,9.5470312482828188,4757018.4600196751,44,0.059804340586055688,ok,0
4232,12.769120327247849,5006136.5119109498,32,0.072195395096664394,ok,0
4233,11.404499828470609,4881715.1407139041,32,0.057760413924248133,ok,0
4234,11.435674875067702,4884268.5029557683,51,0.074430327834033305,ok,0
4235,10.187879025458534,4873023.2176209679,51,0.098916999441174047,ok,1
4236,10.981458606414099,4683078.6891501099,45,0.082449441039370297,ok,0
4237,8.7066960987937918,4683078.6891501099,43,0.060098134582676876,ok,0
4238,18.220661233714299,5599264.7209595609,20,0.065674579313405923,ok,0
4239,15.668249626296733,5474646.1619219063,18,0.08807756040679815,ok,0
4240,12.137190156113348,5531464.749978302,18,0.060947789743794112,ok,0
4241,13.932853247022948,5474009.6863041632,25,0.10397443233714154,ok,1
4242,13.33068742103571,4950994.4941624366,35,0.075050681542792375,ok,0
4243,10.079134160121324,4893953.1679761913,37,0.075522636552666556,ok,0
4244,12.34536686674395,4747180.0030452609,48,0.095988436963639373,ok,0
4245,9.083882576329005,4990580.1733843153,34,0.079827422276240845,ok,0
4246,12.524388420642929,4959080.2877972377,25,0.079127934197812499,ok,0
4247,9.3322309803413681,4855674.4363931613,46,0.075300525729024848,ok,0
4248,10.826085263166283,4862921.8412605012,50,0.050515021879747046,ok,0
4249,6.6117655626145702,5278801.9836762547,11,0.096077444296327141,ok,0
4250,9.4521508733186366,4600821.3216738338,50,0.070006879946625911,ok,0
4251,11.099311329346115,4983119.9826123929,34,0.096569520990028912,ok,0
4252,10.348400811898982,5149375.7434422374,21,0.054832004640002707,ok,0
4253,12.8030654556367,5008749.2208879478,33,0.1071864824759714,ok,1
4254,12.285891325399275,4871839.128248089,39,0.040744022997183493,ok,0
4255,9.7875710871265689,4750157.6291427184,48,0.067176821125922936,ok,0
4256,9.3414385470698047,4946836.683733603,37,0.077576550375581865,ok,0
4257,20.652290876854046,5437913.6136124702,23,0.075484085474354645,ok,0
4258,10.544476454183677,4857053.9112862814,52,0.059760770517678141,ok,0
4259,9.5023374915631429,5267287.4530353416,23,0.068240783507968583,ok,0
4260,9.1610318116856089,5086839.8067643428,21,0.1139438551239097,ok,1
4261,16.202685193070312,5357000.5556925433,13,0.089174165474198486,ok,0
4262,11.528096662257143,4859394.0679187635,47,0.093686786821279788,ok,0
4263,11.777759893939917,5009142.9128296776,38,0.058041208946268186,ok,0
4264,12.402720926483436,4857940.5212789467,42,0.081216673121175587,ok,0
4265,10.865527415211005,4897194.0042576259,36,0.042569493841055128,ok,0
4266,13.358617777591382,4862896.4189856015,50,0.059632726681228543,ok,0
4267,4.329324318884197,2701702.846704314,237,0.10184014486497883,ok,1
4268,8.1842531913965537,4865649.0993305547,43,0.057976560236187025,ok,0
4269,15.377214130121054,5218508.3793493174,27,0.093242922116767379,ok,0
4270,11.273045274315383,4972762.9810840506,35,0.076268034746769575,ok,0
4271,10.366597759308455,4683078.6891501099,44,0.10373430493153474,ok,1
4272,9.1740770031703569,5221639.0492933113,23,0.069173999426000665,ok,0
4273,8.9035948478147606,4640733.8797885403,42,0.063364565740657408,ok,0
4274,10.844601865934404,4895099.3734500483,37,0.081487902615661856,ok,0
4275,12.863638133781338,5077386.8330225237,35,0.10401502431505893,ok,1
4276,11.077966875227439,4859731.0133170597,52,0.076167110575712127,ok,0
4277,7.9807968611347144,4912918.6049535135,44,0.077431449000358837,ok,0
4278,7.9727110093039562,4793893.8151622703,45,0.06996191939016938,ok,0
4279,14.326569969022115,5087917.4888382684,28,0.085957617282123144,ok,0
4280,14.350961235324109,4860766.8773183478,57,0.0804447625716046,ok,0
4281,11.341164790751682,4891880.3989294553,40,0.043831564220667918,ok,0
4282,13.367743032097829,5192457.8487830432,29,0.082840397205885985,ok,0
4283,9.8850462124675698,4747180.0030452609,56,0.087817772978467601,ok,0
4284,12.192121922727713,4859871.9503808906,43,0.058107770281169868,ok,0
4285,9.3484137542638628,4862640.7958320146,45,0.060606599650587678,ok,0
4286,19.274646058704576,4996778.0134189706,28,0.070263805296931492,ok,0
4287,5.7091762982631833,3432351.1564540281,148,0.07970883298154352,ok,0
4288,13.198364510589993,5231344.2415600847,24,0.075265693568969547,ok,0
4289,9.0732769193846714,5034927.6176313562,29,0.097527398709252422,ok,0
4290,7.699832316489033,5016844.2781555969,36,0.07320176134721651,ok,0
4291,9.7591254450244467,4867714.3341546236,46,0.061394148723987074,ok,0
4292,9.4545250054637489,4883794.9652792187,41,0.046541104695117297,ok,0
4293,8.8690651684446387,5543299.0596451387,14,0.065093845227247371,ok,0
4294,11.012172093828385,4869381.3153107539,44,0.083950691211667455,ok,0
4295,11.442364471232398,4886357.109852544,42,0.078703220698591148,ok,0
4296,13.018259354154774,5168790.6920896303,24,0.074973840439209072,ok,0
4297,7.7482067792568756,4683078.6891501099,53,0.089456983770125009,ok,0
4298,13.798382706279945,4854705.2780407285,42,0.075643916852424109,ok,0
4299,10.337369798749453,4862629.765717254,41,0.07670108842468093,ok,0
4300,14.869581406340455,5118324.787057722,28,0.072112119189363222,ok,0
4301,8.4124497029329284,4683078.6891501099,55,0.058088125225438214,ok,0
4302,7.9584520697567811,5134394.6911113709,20,0.056248107078007759,ok,0
4303,5.4792994164705684,3357000.8765196907,156,0.1190429712963737,ok,1
4304,11.695853941032366,4893557.2400032757,40,0.10570392598511591,ok,1
4305,10.828556090136615,5118508.1058495725,38,0.065747399643321547,ok,0
4306,10.239878426728952,4865757.5135137727,43,0.059061917301715811,ok,0
4307,8.8269094527045731,4872907.940965266,46,0.071443854291107001,ok,0
4308,7.3111721889048926,4171017.3460589824,89,0.086161539802237785,ok,0
4309,4.7878540940403669,3137987.8488104269,188,0.095215615838303957,ok,0
4310,11.735370063627007,4872478.2891667215,39,0.062425646387585465,ok,0
4311,9.7985163761141649,4861823.3536326233,37,0.063832884394980194,ok,0
4312,15.45071001416963,5123014.6621467639,28,0.079757847932506842,ok,0
4313,11.053024649786408,5093658.6544892397,33,0.059303488698733031,ok,0
4314,5.8067215617907291,5563226.1735582538,10,0.082136724252512727,ok,0
4315,10.961255131639216,4871982.1985712163,36,0.081772966555466176,ok,0
4316,10.151390059724143,4747180.0030452609,63,0.064088729243280462,ok,0
4317,11.53468194525677,5307706.781947081,28,0.06227736067759182,ok,0
4318,9.8677807318919513,4705765.05441471,53,0.093887436685022641,ok,0
4319,15.576006588676693,5157715.5693652472,28,0.07501980121715357,ok,0
4320,10.382851869901497,4854720.9218197567,41,0.074324954586399816,ok,0
4321,9.4034752895840992,5084274.6318078311,21,0.0766994976428923,ok,0
4322,13.759396214667724,4873744.1206065193,44,0.095702153951685798,ok,0
4323,8.3874885932203895,4311809.8551814649,75,0.10195434969348455,ok,1
4324,11.472162751190501,4910739.5241681775,45,0.069143339666835668,ok,0
4325,11.72292367653702,4855528.2479051901,44,0.077238286345940654,ok,0
4326,8.5196460172392108,4762962.8190767989,40,0.059276657051249515,ok,0
4327,17.463168682650789,5038886.9386160681,25,0.079389951513117119,ok,0
4328,10.876955371580392,4862431.1309974408,45,0.050041250710370688,ok,0
4329,10.518703151222693,4985261.0020004045,46,0.052097179459286269,ok,0
4330,5.5673313605181116,3336995.657221681,151,0.095873720021220188,ok,0
4331,24.357280904122497,5427746.2544314619,16,0.10509574309120762,ok,1
4332,11.408413986214171,4896901.872680502,41,0.051465024316993013,ok,0
4333,17.573657310677969,5359741.5014369804,14,0.066740344246989269,ok,0
4334,11.500795453533946,5345076.2935320409,26,0.078493381510242877,ok,0
4335,12.669687700749021,4861367.4242937565,51,0.085112386745062885,ok,0
4336,11.551741512754964,4856868.1855787393,44,0.08788941340716494,ok,0
4337,6.0281631415594346,3560967.1325504999,142,0.096751540168693584,ok,0
4338,9.8054772079415748,4861128.0565419327,48,0.05239325183092558,ok,0
4339,10.159364572969537,4947949.4361049207,47,0.090858034207778327,ok,0
4340,13.611872951632856,4871867.0209800284,38,0.06765909543709267,ok,0
4341,11.423827445461566,4925067.3130680388,49,0.043273255339187744,ok,0
4342,21.286339176695972,5277496.2015187228,20,0.072094615941878215,ok,0
4343,13.065191667596586,5059996.3951555276,39,0.093478563072994125,ok,0
4344,11.604959490888401,4896425.6098549338,47,0.093781127706993872,ok,0
4345,15.436055889038121,5168973.9652868966,30,0.081362029503761313,ok,0
4346,10.823698819312426,5026138.9476300078,31,0.08041505802550486,ok,0
4347,8.7864829992404694,4271679.4857318792,80,0.082165740771939388,ok,0
4348,9.7147673060931936,4943380.9506482957,36,0.076837426142731952,ok,0
4349,9.8453846068998914,4578101.2809004039,53,0.090553872669014213,ok,0
4350,18.020393253536319,5064286.6742073949,36,0.051671652992857586,ok,0
4351,13.434843274416149,5278145.7664050171,24,0.072493080581816915,ok,0
4352,13.526650863648868,4984180.2792327544,36,0.060161210667846632,ok,0
4353,7.5268353689307048,4079770.612327572,83,0.12495974396802889,ok,1
4354,15.685763829621806,5676200.8033075128,21,0.088978373286551116,ok,0
4355,11.441328480265463,4856506.3156950399,45,0.10817417919270877,ok,1
4356,6.0388032101912454,3626167.2368099568,135,0.081560052085743684,ok,0
4357,11.752731980653142,4998248.9666579599,28,0.081610629194511342,ok,0
4358,10.806667467772186,4980502.64692102,41,0.081285888206231616,ok,0
4359,8.7450266463624722,4854261.4612522693,46,0.08686649875227459,ok,0
4360,9.8241429289922877,4953718.8028809736,39,0.069934553315969761,ok,0
4361,11.889119235103802,4903988.0017296728,38,0.053821152054489452,ok,0
4362,8.1697721335343765,4542200.0232369462,51,0.058162138228695759,ok,0
4363,10.933520154860595,4867990.5927179148,49,0.076893535309297212,ok,0
4364,12.987802655581499,4901825.9248841275,40,0.041735611701068279,ok,0
4365,9.5533001706123279,4859182.3025859762,56,0.061267921628017086,ok,0
4366,9.2098608568558564,4683078.6891501099,51,0.061574418783655965,ok,0
4367,12.976970074252275,4888724.4354496384,34,0.086395685698698155,ok,0
4368,12.394315584587693,4866848.4287026199,44,0.077730694897408803,ok,0
4369,15.477056960597075,4901814.1685554851,36,0.081625604749452463,ok,0
4370,5.1227725256355505,3260157.1692102589,162,0.10201770382151998,ok,1
4371,7.430888255593068,4213116.0050765891,66,0.058216504474671638,ok,0
4372,11.085247349905154,4892777.3700648667,32,0.053816193780854782,ok,0
4373,10.619748588967486,4986029.7077503903,46,0.061890320679171607,ok,0
4374,10.936824549227287,5252983.6543252403,17,0.067249327475796483,ok,0
4375,7.6959139949207831,4593663.5931173814,61,0.070742107286222711,ok,0
4376,5.7135629107941268,3451998.5597333424,139,0.097961760473380233,ok,1
4377,9.8425229996303916,4793893.8151622703,43,0.091314562837837787,ok,0
4378,10.65731399945391,4863601.7066219617,35,0.051781469675744596,ok,0
4379,9.8030694026248266,4864824.7832274036,41,0.07534133014362604,ok,0
4380,11.516649766272808,4878313.9864133336,48,0.069923745540571569,ok,0
4381,10.232307374264359,4925892.1764287362,40,0.098396184656907137,ok,1
4382,9.7539775864743223,4757018.4600196751,47,0.06760555611821728,ok,0
4383,14.875133936790142,5092000.0190013023,28,0.096158500629333676,ok,0
4384,16.710770101471205,5057722.4392989948,37,0.05641113861069702,ok,0
4385,12.208160085369585,4683078.6891501099,37,0.097023939515133883,ok,0
4386,11.237067894784678,4859204.4487108616,48,0.07887476697435658,ok,0
4387,10.551310437173433,4750157.6291427184,49,0.076655378392828544,ok,0
4388,8.4030268764426115,4640733.8797885403,63,0.086813975051905024,ok,0
4389,14.806570892989953,4864730.7722991658,46,0.0844004909079209,ok,0
4390,11.154178286346511,4858625.5117795458,42,0.064133577582629164,ok,0
4391,7.4965464116389775,4386582.6121621309,63,0.06023071043445738,ok,0
4392,10.175788910297062,4747180.0030452609,53,0.06565998493986458,ok,0
4393,5.593873071839317,3342512.705544631,166,0.099740137245793226,ok,1
4394,5.4297216841705138,3336995.657221681,153,0.090432365100731493,ok,0
4395,10.488171381263683,4793893.8151622703,37,0.080009695047965068,ok,0
4396,15.291494520695721,5144019.4126412384,28,0.081860376829586079,ok,0
4397,10.190377281222071,4863430.3885074463,49,0.094938929391556126,ok,0
4398,11.28231333160428,4877656.8641956104,51,0.080661541160365446,ok,0
4399,8.0420904535898927,4683078.6891501099,55,0.10262538680510691,ok,1
4400,7.6631083907017779,4747180.0030452609,41,0.08198228294404053,ok,0
4401,14.356204581864594,5345679.3106384501,19,0.10127948713097684,ok,1
4402,12.766606412928622,4864050.2044467703,33,0.068153939900000848,ok,0
4403,12.852811626778468,4880966.3515951121,49,0.087395484723003181,ok,0
4404,17.598261631187039,6005567.8271480715,7,0.10709236175582093,ok,1
4405,13.989129440719992,5266203.2081359811,30,0.093592264473590703,ok,0
4406,11.258139227895391,5080462.2074876158,24,0.087064065295298976,ok,0
4407,5.3410314913686374,3379957.4426155151,157,0.085630467001711397,ok,0
4408,9.2715999635149089,4971137.5122295041,34,0.073950730469889092,ok,0
4409,10.086905257532752,5035916.3380803457,29,0.091394557316052616,ok,0
4410,10.440000775252866,5039666.4251714721,26,0.060401833696519303,ok,0
4411,11.682069113195441,4747180.0030452609,47,0.09610867197642603,ok,0
4412,11.355557428994091,4921553.5086786319,46,0.05608811267185132,ok,0
4413,11.706578028700415,4891283.9233412566,39,0.079818217239210454,ok,0
4414,8.029637178294287,4200096.9742686078,74,0.077308968110286924,ok,0
4415,10.128619036846137,4863002.3966275798,49,0.053668067425066024,ok,0
4416,13.917680716682593,5023245.6109415451,38,0.11458111070839438,ok,1
4417,10.075747146694928,4861577.8458724702,38,0.076583773724991866,ok,0
4418,10.654961344594581,4857316.0629700422,40,0.06600469160646294,ok,0
4419,10.723106197776369,4896642.9979007244,47,0.081144778986653454,ok,0
4420,10.159398557118545,4906595.8187075211,50,0.063290400901407584,ok,0
4421,6.3343821776087896,3600022.3611444896,132,0.084152432653826104,ok,0
4422,19.507673474164076,5104501.8894163761,22,0.10058255955591067,ok,1
4423,10.482537118613779,4870889.326396076,43,0.096886448989828122,ok,0
4424,10.279804696666169,4875859.7596301278,42,0.058933261034255446,ok,0
4425,13.857188813535197,4873123.0209906483,45,0.078004446143916883,ok,0
4426,8.7274819352092585,4683078.6891501099,56,0.093058123011098615,ok,0
4427,12.943649208033856,5736308.4607257796,17,0.084957948406776507,ok,0
4428,8.0917664025742209,4983076.5472768955,30,0.077344542243958814,ok,0
4429,10.561846566959767,4855939.9220264396,41,0.09215986760709638,ok,0
4430,8.7838914649007993,4860664.1868443526,36,0.077358023966367762,ok,0
4431,10.457020524455217,4916731.4951867294,48,0.070012516517231282,ok,0
4432,10.293858341966724,4874432.4941611569,47,0.084848385848914826,ok,0
4433,9.0038252271002577,4917219.5654514767,50,0.066023822762933948,ok,0
4434,12.034289343329306,5054957.367739358,37,0.046486111505896099,ok,0
4435,10.391335827102678,4757018.4600196751,38,0.094586822049956942,ok,0
4436,14.904578901974041,4905294.9273205865,35,0.074296507017283409,ok,0
4437,11.939745842025353,4856192.2937398497,52,0.087369833949754949,ok,0
4438,12.552280165937935,4911437.7471577292,38,0.072145071094851715,ok,0
4439,8.1250198150862278,4204450.8888818501,76,0.079865722289964913,ok,0
4440,9.0086388857169162,4268339.1925416272,67,0.10337617123867349,ok,1
4441,8.7381615639896566,4271679.4857318792,66,0.068742016071450529,ok,0
4442,12.235817944696405,4884121.9314549211,42,0.05737380758264865,ok,0
4443,11.022348296922866,4871921.8176956177,49,0.060061967780055459,ok,0
4444,8.3224020391850111,4348933.6581571754,67,0.056594480119112778,ok,0
4445,5.6061088133397092,3336995.657221681,164,0.079110900379263382,ok,0
4446,10.604023461043257,4683078.6891501099,58,0.070678116373357192,ok,0
4447,13.194282815089535,5157997.5704957191,30,0.090600714627783352,ok,0
4448,11.71673911556536,5227903.9525074782,20,0.10636579267552901,ok,1
4449,16.405212865670983,5115079.8803480882,26,0.11806369391222704,ok,1
4450,9.4660587577267972,4683078.6891501099,56,0.071620797205227071,ok,0
4451,17.827925061882453,5837473.9500204287,12,0.070404454983310272,ok,0
4452,8.9699192779930605,4757018.4600196751,51,0.064131415479157683,ok,0
4453,29.500986653336419,5596821.6127990941,8,0.10732758336340387,ok,1
4454,9.8062091977135495,4536155.3769555455,48,0.079965847388579148,ok,0
4455,9.4808809807118593,4757018.4600196751,51,0.067896187509371597,ok,0
4456,22.789916457195012,5889770.2869417435,9,0.090702692838901422,ok,0
4457,11.657831009533581,4881954.7406337531,41,0.060927455913029505,ok,0
4458,10.90710903482249,4879168.2146452516,43,0.097614113811758552,ok,0
4459,7.1890144570337995,4102292.5371695599,90,0.1049456079013481,ok,1
4460,11.351038716722888,5013371.0457845172,34,0.049047262151704074,ok,0
4461,9.987393092204087,5150560.570575621,16,0.08593149498995134,ok,0
4462,12.62914789654101,4747180.0030452609,54,0.080660513817986224,ok,0
4463,9.9109571636557021,4747180.0030452609,56,0.093237067171901611,ok,0
4464,11.586553015358843,4856668.3325784774,57,0.067455057015073816,ok,0
4465,10.33120106336067,4872937.846812075,42,0.065686774922078084,ok,0
4466,5.787848007847856,3543508.9322967106,137,0.063130286001428448,ok,0
4467,8.4311339497034972,5182241.3401238099,24,0.0853883719916263,ok,0
4468,15.677145709709668,5062712.0683244057,30,0.088682150785311831,ok,0
4469,10.053718816967612,4900556.0683396179,40,0.054467374167214588,ok,0
4470,15.771314956492503,5334694.7960290173,16,0.071230491414930208,ok,0
4471,10.74057998932483,4933772.0868444517,32,0.038362381064627415,ok,0
4472,9.4229271287407386,4793893.8151622703,46,0.079492605010786088,ok,0
4473,11.264720197395539,4855588.9221544992,42,0.061685519137240186,ok,0
4474,11.274362158330682,4898597.9583097575,38,0.081333413194170201,ok,0
4475,13.171164276540216,4865056.8123978768,41,0.083479757505981911,ok,0
4476,8.9508661363550992,4683078.6891501099,62,0.078574574854155921,ok,0
4477,10.659950149676906,5183270.1911664372,24,0.072091761726883918,ok,0
4478,10.785890341290669,4980875.543294481,32,0.064107450208000571,ok,0
4479,9.8394529856263144,4859319.3188728178,43,0.075473946980387785,ok,0
4480,11.559114212081287,4911349.7379084863,34,0.078618633047200626,ok,0
4481,10.203981472257219,4858493.9787626741,57,0.091160058784250708,ok,0
4482,10.048143110134086,4747180.0030452609,56,0.083549180187759808,ok,0
4483,9.9040292817055384,5289546.7211135561,23,0.07656963861466104,ok,0
4484,7.586023616525317,4268339.1925416272,83,0.105956035181135,ok,1
4485,13.252189699968362,4887739.8912763745,38,0.080214807168498714,ok,0
4486,11.692071855477483,4857462.3265967034,37,0.059377472985861324,ok,0
4487,13.254416939355417,5015022.8342806473,38,0.082151358834943955,ok,0
4488,12.357761542900787,4793893.8151622703,41,0.10150618117509935,ok,1
4489,14.306397946700509,5051065.5051021576,24,0.078990556335040374,ok,0
4490,5.2405604553466016,3349576.7450299347,165,0.094040912017688605,ok,0
4491,11.107780622162879,4935808.8428232875,37,0.06585130813396689,ok,0
4492,14.924948464069038,4887894.7797070621,35,0.081117777702048172,ok,0
4493,9.1827403366512144,4705765.05441471,53,0.048535571469111083,ok,0
4494,14.836697807323819,5281775.7932932219,23,0.071950684909547036,ok,0
4495,10.697990463302235,4865777.046598576,51,0.079178054720293212,ok,0
4496,10.434478595722853,4870572.6588056507,39,0.066129939571431318,ok,0
4497,12.597533289631379,5096155.8569562929,19,0.10810646595528262,ok,1
4498,10.136791982382274,4640733.8797885403,48,0.10453043852044364,ok,1
4499,5.2471213553779119,3342512.705544631,152,0.10702634277832446,ok,1
4500,5.5881887424883239,3492245.1892428468,143,0.081411248011412085,ok,0
4501,10.238035955628991,4865742.1506359745,48,0.096730782017702688,ok,0
4502,10.244550613327151,4793893.8151622703,51,0.087535533007918498,ok,0
4503,8.9962660639087524,5124571.6327185044,28,0.063832899443355462,ok,0
4504,11.225153734250277,4892641.9784927089,32,0.06558498348304731,ok,0
4505,10.289708745659238,4905999.4234953551,41,0.059691135443051213,ok,0
4506,12.723031437205917,4913329.9412798472,48,0.071874869091748089,ok,0
4507,21.088812716758287,5153981.4090470076,25,0.10372635200460273,ok,1
4508,13.409389489543132,5325405.6972584054,21,0.081954294331045952,ok,0
4509,10.528898494766267,4877120.5928082606,48,0.055728240943405116,ok,0
4510,11.897242064684761,4858947.9866114715,45,0.090663818622367609,ok,0
4511,11.092775343785954,5348149.5479126833,25,0.060282229497456818,ok,0
4512,15.540654155138428,5134913.6743983598,29,0.054436240521816393,ok,0
4513,11.068930722710684,4872432.9186383653,39,0.08283287648520915,ok,0
4514,12.775026608509103,6044472.9767819233,14,0.086514254339689789,ok,0
4515,10.587876456137941,4880715.1425959589,48,0.093319136418567428,ok,0
4516,9.6987885296309173,5015787.7764899321,32,0.072698760321287414,ok,0
4517,5.9589253254208492,3556875.6913997256,141,0.085555968825577033,ok,0
4518,9.3709977185401367,4750157.6291427184,50,0.071708357320588723,ok,0
4519,12.420127344406493,5202187.3491838332,30,0.086171256045621702,ok,0
4520,10.753922906436211,4870695.2071933951,54,0.065841563783894302,ok,0
4521,8.2508376345113241,4453792.3628604989,71,0.074559377207936317,ok,0
4522,9.8715659470746058,4873023.3503014101,49,0.095940015390687083,ok,0
4523,10.099547376195249,5161458.7645488493,25,0.049685690768250357,ok,0
4524,7.1339231827874459,5108113.3486653334,20,0.077157060803436373,ok,0
4525,12.83673740921825,4965398.5295617282,30,0.063924285447478524,ok,0
4526,12.576352265021413,5480905.3018991174,15,0.087002100302093432,ok,0
4527,12.235669981541928,5067179.5674656518,36,0.088743282839763071,ok,0
4528,11.055979844315104,4793893.8151622703,46,0.088990375355394558,ok,0
4529,5.8238736969455722,3432351.1564540281,148,0.10882513041764519,ok,1
4530,10.228138829870593,4909259.3935378753,45,0.047723519842208906,ok,0
4531,8.8305683903996162,4747180.0030452609,46,0.075467813492015812,ok,0
4532,8.8117880497474488,4750157.6291427184,47,0.05618830714213767,ok,0
4533,7.7585020423307141,5069752.6833020374,28,0.065187763275503158,ok,0
4534,13.939584712782205,4935325.766891052,35,0.055719698407075913,ok,0
4535,13.822694499256871,4897870.2171680648,33,0.066909260050819763,ok,0
4536,12.02375557240889,4857880.3814549167,47,0.087961760809610601,ok,0
4537,10.759112716348016,4793893.8151622703,44,0.069382260725866909,ok,0
4538,9.7864652942089982,4747180.0030452609,54,0.074501853380651517,ok,0
4539,10.28907327375876,4965513.8471248616,38,0.08351317950510595,ok,0
4540,11.346467643365489,4793893.8151622703,42,0.087738492518159961,ok,0
4541,6.1894472901002722,3556875.6913997256,144,0.090974792878568467,ok,0
4542,15.778493031218819,5484074.3647309206,10,0.089078116285624204,ok,0
4543,8.6620404103800261,4954083.4667237271,38,0.050417490855953262,ok,0
4544,9.2103094677857431,4762962.8190767989,37,0.083665022232709219,ok,0
4545,11.222522997117553,4887164.6998137757,46,0.072773162047095274,ok,0
4546,9.0353945283352921,5011333.6367525551,30,0.055805291865977283,ok,0
4547,11.263513189208124,4863722.8896973757,41,0.072176915743655923,ok,0
4548,13.321013834315018,4969361.4452935113,42,0.060702104819862379,ok,0
4549,10.256324348902224,5028417.2011527922,36,0.06435745228594536,ok,0
4550,7.1792854632043204,5344101.0839923378,15,0.11060018337745564,ok,1
4551,14.211381505575694,5460963.4246944189,15,0.10311257518105788,ok,1
4552,13.930978359103532,4988856.9023432657,25,0.067629599478831404,ok,0
4553,9.4140944001300326,4683078.6891501099,47,0.081301701353986733,ok,0
4554,10.86341712583496,4950608.0632897587,39,0.080282287440002653,ok,0
4555,8.1535165770609446,4762962.8190767989,35,0.0627474019417779,ok,0
4556,9.3819852945603799,4747180.0030452609,40,0.085365479288316393,ok,0
4557,8.4983650004780955,5143510.0866386006,19,0.064764688762365297,ok,0
4558,9.7719744001799871,4747180.0030452609,54,0.063896802916040635,ok,0
4559,15.53914165440316,5226814.5183399068,27,0.080330495451744643,ok,0
4560,12.259364496435548,4963912.7128361957,38,0.067182185212942974,ok,0
4561,11.761270245308609,4863815.1092743278,42,0.062036280611916295,ok,0
4562,13.428740677768333,4878166.6731304796,53,0.083376595793182129,ok,0
4563,10.138107403638392,4640733.8797885403,61,0.067232568614092436,ok,0
4564,7.7036982675939241,4793893.8151622703,57,0.087845128518829085,ok,0
4565,4.5946634285272214,3137987.8488104269,177,0.095667354413082828,ok,0
4566,11.801955914096144,5072137.4978321437,50,0.054981526951940252,ok,0
4567,9.8068144281144498,4999313.9331295127,34,0.055271388416923417,ok,0
4568,9.2539916200410062,4923206.3756385799,36,0.073289390699641521,ok,0
4569,18.139830862075026,5571526.2293149615,16,0.10356379638037716,ok,1
4570,10.372573115853319,4364450.7290373119,71,0.073732794822631065,ok,0
4571,10.563683954233209,4938652.0519731408,42,0.067064980327800061,ok,0
4572,9.4323247685671632,4864804.9051182419,54,0.040636083411049406,ok,0
4573,14.641977026185215,5161057.4878254151,25,0.075055672515477623,ok,0
4574,11.643136130249866,4854597.0857534688,39,0.087181422852619872,ok,0
4575,10.210842039702356,4885289.5078012263,35,0.067187023565470905,ok,0
4576,13.997709399509946,4931492.3850797713,46,0.075637769530693288,ok,0
4577,11.561714275982531,4863483.6294671837,46,0.063507174456036042,ok,0
4578,10.595076682209129,4879080.3765254831,47,0.081264600701854484,ok,0
4579,5.3449088296527867,3357000.8765196907,143,0.095933148983878558,ok,0
4580,10.182482410337457,4750157.6291427184,47,0.074594232843810504,ok,0
4581,9.9049220092367918,4705765.05441471,50,0.055061873027752908,ok,0
4582,13.968843887951557,5147014.8030915027,30,0.093039530273310245,ok,0
4583,8.5827269805326587,4318219.6892671864,74,0.052882811115749939,ok,0
4584,16.336841047894517,5290194.4728329647,15,0.077040857552193143,ok,0
4585,8.8732809594827025,4895508.9642796619,47,0.063930682199505706,ok,0
4586,12.580082108761239,4890323.0837824885,41,0.06525928527658309,ok,0
4587,11.912690058132698,4886704.7589680562,45,0.080716751454722568,ok,0
4588,12.329322064279536,4874707.5351636214,41,0.092398509152139985,ok,0
4589,10.091089480783182,4750157.6291427184,49,0.064386602353775246,ok,0
4590,12.626893751448019,5054474.1071326192,35,0.054070315894058973,ok,0
4591,18.625823821859747,5267131.7988971658,24,0.089586136283694828,ok,0
4592,15.594355852338932,5058207.2739460701,24,0.06047081300917867,ok,0
4593,10.817444255347946,5098652.2047514068,33,0.053162022844581769,ok,0
4594,9.8879642965434371,4866071.9215560248,40,0.095249237567775369,ok,0
4595,12.504294254147869,4877003.7063590055,48,0.092665094724254604,ok,0
4596,10.172547612016826,4793893.8151622703,36,0.07258938430719486,ok,0
4597,6.364438671680321,3617358.7046664478,145,0.079685668638780682,ok,0
4598,13.809754768618145,5114313.6418852834,26,0.066709370245616517,ok,0
4599,10.290090289738623,4747180.0030452609,48,0.093910471071315782,ok,0
4600,10.974723218349107,4872328.1864361325,45,0.065874544203814334,ok,0
4601,9.9734511655914595,4881112.7192994766,56,0.088913247571243081,ok,0
4602,21.457030938823248,5397202.6041626902,18,0.09797728967481667,ok,1
4603,9.0258104499850713,4857963.768464217,53,0.098812092866788492,ok,1
4604,10.702267688015327,4855146.8617119174,55,0.054358453610752311,ok,0
4605,13.94886206231469,5096477.3163857739,22,0.076857653316817043,ok,0
4606,11.089712526863817,4877310.3237084616,36,0.07163198638210988,ok,0
4607,11.025687165216915,5164923.9259249922,26,0.086043902504567837,ok,0
4608,9.5886918618263017,4884855.7387288092,43,0.074881857099073135,ok,0
4609,10.603220558942805,5034765.3699595807,32,0.068507121096075374,ok,0
4610,10.887631076574703,5803375.0311105661,9,0.081699473059600958,ok,0
4611,11.226408144702679,5086871.592043655,31,0.05555375644705679,ok,0
4612,10.534947219500019,4901087.7438216582,30,0.091518927176447828,ok,0
4613,9.2346123274962437,4911292.3076554267,41,0.073819683404988901,ok,0
4614,10.223271331049395,5228310.172620195,29,0.089853660071960384,ok,0
4615,5.8398338649763737,3432351.1564540281,141,0.093998060692954799,ok,0
4616,10.985546221683455,5188514.3557246476,32,0.071784772069785618,ok,0
4617,15.29082444922596,4867472.5149012292,36,0.060631782227170916,ok,0
4618,12.361537781543205,5126926.4905813243,26,0.073206141071990222,ok,0
4619,19.888125588156534,5757631.2940159403,15,0.11226759501879702,ok,1
4620,7.687965783215442,4268339.1925416272,78,0.093836291334872091,ok,0
4621,12.805170052258331,5122935.8819641983,27,0.068215962082495529,ok,0
4622,9.5817933145993024,4950010.0991657171,36,0.070152991521694408,ok,0
4623,11.454193368535272,4946734.8240526281,35,0.056178996802538794,ok,0
4624,11.668239327610086,4948257.7206441127,36,0.079297937622602177,ok,0
4625,5.0976662554964012,3342512.705544631,143,0.097261009445364449,ok,0
4626,10.391729913804463,5236914.9412844703,15,0.07862427012093498,ok,0
4627,10.298884734896465,4859200.2860454665,37,0.064546710622737313,ok,0
4628,11.255703524094217,4882665.147867213,39,0.071981357317195738,ok,0
4629,9.6544498195420214,5165886.3214247087,27,0.07244303009907771,ok,0
4630,16.339768650447496,4857540.912690918,40,0.0732999193092988,ok,0
4631,10.510594916443202,4793893.8151622703,47,0.10329314993158881,ok,1
4632,10.810223992308655,5326928.034979309,24,0.061963540502371184,ok,0
4633,11.999845806736948,4876283.3893144606,42,0.067747314890928556,ok,0
4634,9.5330323604075637,4747180.0030452609,47,0.06657753081392434,ok,0
4635,11.333899488583933,4861582.2644065181,39,0.060624411951985091,ok,0
4636,8.7190886488239592,4683078.6891501099,56,0.06668617546893163,ok,0
4637,10.187957836186607,4871813.2157920245,53,0.070437697160692148,ok,0
4638,11.354405328587703,4793893.8151622703,49,0.080775627695556296,ok,0
4639,10.017391864030079,4969061.5828100657,38,0.10223953754786316,ok,1
4640,9.4609069649935442,4855796.5090576988,55,0.058657491736007428,ok,0
4641,12.819408104608879,4857818.138159248,35,0.065764189073906021,ok,0
4642,8.2407656178543718,4874094.8581180479,44,0.076990959268805059,ok,0
4643,9.9709572710899597,5191646.9292378938,14,0.10980736122723012,ok,1
4644,10.944777237785583,4901489.4622577364,46,0.08820141415048588,ok,0
4645,10.416890146845338,4884586.1202090597,44,0.071939968250255837,ok,0
4646,9.0749386668366991,5264432.8488280252,15,0.09388956383001873,ok,0
4647,9.8896229946960954,4895798.1881261691,38,0.050896673479667087,ok,0
4648,9.4829963976367644,4750157.6291427184,48,0.071164509429452474,ok,0
4649,9.7504044944632344,5021484.3288479401,30,0.057597221793432074,ok,0
4650,13.810941880799446,5702601.2043420505,20,0.073560389963772899,ok,0
4651,11.407527030765401,4859980.1908405712,41,0.072729865560576146,ok,0
4652,24.281026920286642,5450791.281223068,13,0.071652973945526388,ok,0
4653,8.40457283356481,4869567.0917445216,48,0.075209542291065135,ok,0
4654,10.36358875336831,4858918.2992808241,43,0.07959108867058351,ok,0
4655,10.002822402151416,4872607.918276866,38,0.091818282930971606,ok,0
4656,12.851334943199111,5265785.5297979377,21,0.071272625350491947,ok,0
4657,12.411080720000012,4913499.4126396868,35,0.067310351842544303,ok,0
4658,7.8891347059490053,4762962.8190767989,47,0.053696896892801216,ok,0
4659,11.247060215328775,4869214.6977592483,46,0.078443177203478931,ok,0
4660,11.957669599931586,5172010.5010840138,29,0.079357284146804541,ok,0
4661,15.34686097368269,5049174.696144023,25,0.080979867320886023,ok,0
4662,7.3217666768388714,4149819.2257139417,85,0.088605661015020543,ok,0
4663,9.078727578666431,4879407.519603434,35,0.058315160589136328,ok,0
4664,8.8256366233834989,4409061.7513648765,77,0.10144586151182289,ok,1
4665,8.7591048680318941,4956189.6653622994,29,0.062027547929507376,ok,0
4666,12.364006427108869,5174924.8549282141,25,0.059596644207907334,ok,0
4667,12.247862920954496,4904906.5624958472,43,0.050636450362595786,ok,0
4668,5.620181979904288,3719143.4633247466,127,0.081125806003166434,ok,0
4669,7.9577883427144851,4705765.05441471,52,0.088239646646902536,ok,0
4670,9.7651591621434495,4683078.6891501099,45,0.1000641329173062,ok,1
4671,13.896503920669238,5062196.6103905151,28,0.071153011970463406,ok,0
4672,11.459707705747078,4900763.5393281793,41,0.069238522733341634,ok,0
4673,9.7040706672107557,5338657.5121331671,20,0.082304066407698384,ok,0
4674,15.413382877724759,5219431.5702769477,32,0.070364680873733709,ok,0
4675,8.4929786348751577,4863606.2829144271,36,0.046516590508410949,ok,0
4676,10.682266405569216,4990791.7351204809,43,0.064295861232246065,ok,0
4677,21.983260348217428,5708365.4571813149,16,0.093121510810536545,ok,0
4678,5.4087453575073479,3342512.705544631,151,0.10503766355106259,ok,1
4679,10.724874885783988,4858837.349767358,47,0.07958850580884913,ok,0
4680,10.91059969455018,4868218.9519213447,46,0.07606363717721018,ok,0
4681,10.497522364583213,4936017.5471170982,35,0.061982537606565358,ok,0
4682,14.365930956409949,5178847.8261596365,28,0.093784321610195232,ok,0
4683,16.742903333326577,5375942.7636652207,16,0.09601366612024298,ok,0
4684,12.753232305290522,4958530.9104787353,41,0.056050685901628094,ok,0
4685,8.4710265230383222,4750157.6291427184,49,0.087791626816485141,ok,0
4686,11.133388496007909,4883169.8468857678,39,0.050180624582386701,ok,0
4687,11.961843380108574,5335465.954975958,24,0.063883778481577669,ok,0
4688,9.6644664911814804,5029091.7401505737,34,0.047411586667489347,ok,0
4689,11.634340266315583,5260138.3496213788,17,0.07989182762109992,ok,0
4690,10.43547082136562,4757018.4600196751,41,0.073170731707317069,ok,0
4691,10.52230964580413,4750157.6291427184,53,0.087589926065549939,ok,0
4692,7.8379988803322158,4268339.1925416272,78,0.057470340873489012,ok,0
4693,11.964582143178815,4947078.6041896623,41,0.079386122481713839,ok,0
4694,7.0761915331016487,4268339.1925416272,93,0.07804219975595339,ok,0
4695,14.065872190141153,5018794.4304259457,36,0.056715648830587218,ok,0
4696,14.147348199392027,5073787.8219221961,28,0.087958014518351613,ok,0
4697,11.61670662886204,4860609.8100880859,37,0.080712119404907301,ok,0
4698,10.023998803857184,5160254.7481635688,22,0.074382747544547934,ok,0
4699,8.1801401897665169,5289506.347823089,21,0.081299611405646122,ok,0
4700,12.753960815038296,5282113.962117888,26,0.058555843866707757,ok,0
4701,12.631452323808688,4865898.9951708922,37,0.058782056096794655,ok,0
4702,10.292269854692574,4901270.7376688644,55,0.077128192865382417,ok,0
4703,12.761854752025306,4872937.5660463572,44,0.065557672866982331,ok,0
4704,12.866593455402231,4982710.383974961,30,0.062083066628920491,ok,0
4705,13.78947635455382,4906347.8618884655,35,0.061704548647327495,ok,0
4706,9.8526280365079817,5146192.519241577,36,0.07022296910539727,ok,0
4707,9.7319336953400732,4969289.1191579942,30,0.062689818951471188,ok,0
4708,12.927831098258864,5049681.805955912,40,0.062826876781263419,ok,0
4709,9.4811559370290777,5459738.9086184874,14,0.069306548017396108,ok,0
4710,14.106240982122834,5103369.8470585272,30,0.073726648485037516,ok,0
4711,11.179973998736727,4882566.2746828748,42,0.067324221766608572,ok,0
4712,10.77292541525728,4885492.1944645811,48,0.050544071902556609,ok,0
4713,13.187884149059096,5105134.6775410343,39,0.072475434032716057,ok,0
4714,5.5657965881525611,3432351.1564540281,145,0.084558295639459158,ok,0
4715,10.476788239136706,5306194.9216904342,24,0.071889405403092896,ok,0
4716,9.6373304751951068,4907443.8288510349,43,0.10409985812173955,ok,1
4717,11.266373377019347,4877601.0820999499,43,0.064738655588056027,ok,0
4718,11.495088009439241,4873885.002324569,43,0.061293616752622126,ok,0
4719,9.6704079662388924,5009119.8237230442,34,0.080528498568031293,ok,0
4720,12.93184281923773,5310820.5793420486,23,0.094025528004460401,ok,0
4721,9.6428545915797983,4904242.7224742202,38,0.073594018279685924,ok,0
4722,8.7991793952758499,4793893.8151622703,56,0.083785210261191401,ok,0
4723,9.9380326070385578,4854897.1845252616,45,0.10337023793911781,ok,1
4724,11.821373749868092,4856931.4582722373,41,0.072272780183368579,ok,0
4725,13.110539409077685,5296243.9038032619,20,0.042126779886474619,ok,0
4726,7.2742096272097347,4271679.4857318792,75,0.081579277722938048,ok,0
4727,13.945265322086247,4864861.6301986407,35,0.06843220799599925,ok,0
4728,5.1133602693204319,3336995.657221681,177,0.1282279765761194,ok,1
4729,11.750410193429918,4854778.6905198079,44,0.069560192679633204,ok,0
4730,11.178554401235504,4977296.2063255785,28,0.066821119192530753,ok,0
4731,13.957411852514612,4861298.2814634405,42,0.068199388786970183,ok,0
4732,7.6463271551751015,4213116.0050765891,78,0.10435475073097056,ok,1
4733,14.975688484821953,4928737.6472399989,33,0.10281960440451032,ok,1
4734,10.574899172805566,5424468.3817883413,22,0.085077045579711297,ok,0
4735,9.6552477441317777,4885011.4983095219,43,0.056046562485547985,ok,0
4736,9.5512928086815485,4871320.5487882048,41,0.062394981521621817,ok,0
4737,10.353545477989705,4705765.05441471,46,0.092132699337446555,ok,0
4738,9.743699743678544,4683078.6891501099,44,0.053811736533411925,ok,0
4739,5.9252232082310039,3492245.1892428468,147,0.083608228402387907,ok,0
4740,10.672816379974124,4705765.05441471,49,0.080048309784508831,ok,0
4741,11.321734295808861,4857144.8063111296,46,0.078161644345691061,ok,0
4742,11.023749585362411,4747180.0030452609,32,0.096085930521235041,ok,0
4743,9.9531115708459605,4747180.0030452609,54,0.098625228532897374,ok,1
4744,14.406713207682667,5421563.7019399293,27,0.064047439892421343,ok,0
4745,9.5974499672803688,4683078.6891501099,50,0.078474063730826105,ok,0
4746,12.206110596516977,4869340.5301485779,55,0.071711221156008698,ok,0
4747,11.685947839053958,4872300.6904964875,38,0.089740086025476007,ok,0
4748,12.508012140944663,4869216.295893359,38,0.087411298185365305,ok,0
4749,6.7943468602309967,4311809.8551814649,77,0.089627626611491484,ok,0
4750,12.878945343676927,5003215.4508828623,37,0.066351136941301958,ok,0
4751,10.972637213476203,4959495.4985190956,38,0.080561366169036863,ok,0
4752,15.942406959368025,5521245.9034178546,16,0.093150589156321018,ok,0
4753,6.1121306971761618,3451998.5597333424,134,0.087766536723961841,ok,0
4754,5.0616486808411425,3336995.657221681,151,0.10929517465409133,ok,1
4755,8.0039360311841818,4793893.8151622703,49,0.074418772944143008,ok,0
4756,13.720881379499543,4854499.1997576663,36,0.079188299272098861,ok,0
4757,16.157036750372768,5041462.0930298865,23,0.1051912742066142,ok,1
4758,9.6618414827786356,4876337.4124528123,43,0.084007617840818394,ok,0
4759,12.919774579719595,4885373.9079932906,48,0.077102379095011858,ok,0
4760,10.737182512708582,5128052.4402807793,22,0.084535083059870286,ok,0
4761,17.567515813490001,5484693.9350554952,16,0.080197054918974886,ok,0
4762,11.336806686828099,5008699.8474547481,38,0.061007230677393387,ok,0
4763,10.135633607369229,4536155.3769555455,62,0.09473899237487593,ok,0
4764,9.2061466606751505,4906465.9097261215,35,0.075391715894043032,ok,0
4765,11.101480523524101,4858264.9200670235,41,0.068001197746672348,ok,0
4766,8.317523815855143,4311809.8551814649,77,0.063786559340205107,ok,0
4767,5.7972598554482966,3519824.2810661173,127,0.099444229073721857,ok,1
4768,5.4141899872739119,3205254.594743669,168,0.10057134954421615,ok,1
4769,4.7640022087525509,3137987.8488104269,199,0.088762541182339172,ok,0
4770,10.798169953651517,4871715.4101663548,49,0.089250588975984035,ok,0
4771,10.471055928745947,4856818.5920136748,44,0.09631716477168617,ok,0
4772,15.962168146889718,5135745.0541482195,24,0.085202945971751487,ok,0
4773,13.600690199408991,4856608.9502847921,35,0.054499008991847453,ok,0
4774,7.9986473482328737,4149819.2257139417,70,0.10809584300850689,ok,1
4775,22.660008566811371,5357781.1607894991,18,0.077178845710001331,ok,0
4776,5.5858790229736339,3342512.705544631,156,0.10084461954069984,ok,1
4777,10.010702494357462,4859110.4999385336,36,0.10340693580795618,ok,1
4778,11.269316549421811,4989040.9225798594,26,0.094101158406745378,ok,0
4779,10.73021435812255,4968179.4479744406,40,0.047804101544421981,ok,0
4780,11.08930984698994,4930334.001309799,28,0.061874533548002597,ok,0
4781,11.74647404515318,4941039.4721729066,42,0.080290501265553149,ok,0
4782,12.804719706935236,4876394.216877115,32,0.086945966496040694,ok,0
4783,10.239096205940445,4859480.308629632,42,0.071297046918235629,ok,0
4784,11.923938587097899,5192848.9011225644,28,0.066766844130781711,ok,0
4785,8.8849318291918618,4750157.6291427184,44,0.073483164886930546,ok,0
4786,7.9982544607325083,4311809.8551814649,81,0.067164699108981651,ok,0
4787,12.948024281364814,4876915.6314970851,38,0.076570850887346165,ok,0
4788,11.348440685690592,5421929.2262369497,17,0.053860330137555201,ok,0
4789,10.96180890617752,4868920.4888623469,49,0.086787649258088462,ok,0
4790,9.2074548882034257,5440326.7715563076,17,0.072337063255634937,ok,0
4791,11.253805421907918,4855979.1617952688,41,0.090872773553071329,ok,0
4792,13.240628492890714,4864171.7107786322,36,0.062237402288853119,ok,0
4793,7.8991674128908178,4348933.6581571754,76,0.058918682585627047,ok,0
4794,12.428794421963955,4860494.1885993509,40,0.10255412497166971,ok,1
4795,5.7235333111201285,3451998.5597333424,143,0.098561438732097092,ok,1
4796,11.029652482967437,4866735.6953176614,40,0.059786214901999868,ok,0
4797,9.926859567859843,5666838.4853969496,16,0.074216023838897582,ok,0
4798,9.7484477738538065,4793893.8151622703,50,0.087329231842504754,ok,0
4799,13.527593782213303,5043528.95352103,47,0.065314030107536669,ok,0
4800,9.2110044003895002,4793893.8151622703,53,0.070897395017096451,ok,0
4801,10.538748438490986,4873042.510473338,47,0.067433273287986983,ok,0
4802,8.1602505577833035,4318219.6892671864,80,0.080696676706882992,ok,0
4803,5.5584029138536302,3369318.1216470301,157,0.080759369628793543,ok,0
4804,5.4138790437410824,3451998.5597333424,141,0.10584705942239603,ok,1
4805,10.621104698931843,4883519.5479834322,41,0.097234995774889643,ok,0
4806,7.5555384241521972,4311809.8551814649,58,0.078752699520798053,ok,0
4807,10.570547253459281,4705765.05441471,57,0.057225330321140966,ok,0
4808,9.5186579312420463,4705765.05441471,62,0.13901611369760913,ok,1
4809,10.512063507039031,4854215.4526120471,48,0.060230342073737342,ok,0
4810,11.574063224812148,4885425.9955068436,50,0.078348543260368664,ok,0
4811,9.5086771277849582,4747180.0030452609,48,0.0942829174089473,ok,0
4812,10.596574648818351,4861829.4965073941,39,0.059556286014971205,ok,0
4813,10.803039456422717,4747180.0030452609,50,0.0802878214729702,ok,0
4814,13.294713423650117,4858755.8257433558,38,0.08815878663008192,ok,0
4815,9.8902943394670153,4856740.0990425302,52,0.053508900829508543,ok,0
4816,10.26176252880845,4867288.2597715072,48,0.057610596851585871,ok,0
4817,19.298811718339838,5558452.3706358699,12,0.095204725214492303,ok,0
4818,13.126432952620201,5646097.5920517789,15,0.091850827509917687,ok,0
4819,12.566333059874736,4747180.0030452609,50,0.096635376074561546,ok,0
4820,8.7730731359838536,4750157.6291427184,44,0.075435388524669467,ok,0
4821,15.403636757390956,5764317.1045736689,18,0.11532776414601226,ok,1
4822,11.604953645741851,4747180.0030452609,49,0.11625798330901671,ok,1
4823,10.687436593587599,4868043.4152843626,50,0.05289198495653713,ok,0
4824,8.5999118976319906,4705765.05441471,50,0.05478219651004046,ok,0
4825,16.92274382887609,4988560.5733324382,32,0.070994983758512098,ok,0
4826,5.16687908399431,3241308.4014278771,168,0.10675344200113313,ok,1
4827,14.051220230188596,4898205.6284331866,48,0.1017607701713541,ok,1
4828,11.761493727883048,4757018.4600196751,37,0.075053669790812017,ok,0
4829,10.037974223282852,4857767.2032093676,43,0.04751587801945123,ok,0
4830,9.6156503760877055,4860391.1721155914,41,0.072020494492906595,ok,0
4831,10.541550827119572,4793893.8151622703,41,0.069415612506397051,ok,0
4832,9.2205082871970081,4750157.6291427184,51,0.078813062561933656,ok,0
4833,8.4941704806143967,4864960.0989920245,35,0.05330689599745736,ok,0
4834,10.902189220188468,5036337.3244908536,33,0.06345953881040034,ok,0
4835,11.872541984282552,5056048.5332296155,35,0.068573460297317146,ok,0
4836,10.765260110496181,4878370.0986477379,41,0.074663836489967661,ok,0
4837,14.086383440413394,4865017.1967757447,43,0.086193488110692634,ok,0
4838,15.935867297148709,5199337.400018245,23,0.077209412664444282,ok,0
4839,11.15565717260861,4939507.6969557693,36,0.080042875688295601,ok,0
4840,13.80594237336746,4945984.4991168324,39,0.073512082925496047,ok,0
4841,10.497006694263799,4869854.9294556556,38,0.06538918155672413,ok,0
4842,10.916742458297044,4919810.0379727287,46,0.073335429024188326,ok,0
4843,9.6469444312666308,4998620.9239118714,29,0.076619093501066271,ok,0
4844,12.101566708091022,4858781.2642439613,41,0.089964167723381783,ok,0
4845,11.231374975531967,5126549.6645028787,27,0.098527696258063124,ok,1
4846,10.561163059668171,4883782.0271198647,39,0.052433917613155634,ok,0
4847,8.017637794235144,4200096.9742686078,76,0.093354867852001089,ok,0
4848,11.993031659211006,4863679.9989671428,34,0.087578583869617976,ok,0
4849,13.385261275481739,5477340.3280101307,14,0.071895768209318645,ok,0
4850,14.70719344636445,5153351.1019057725,23,0.060378315729105236,ok,0
4851,3.4781136585213064,2300101.3989870241,299,0.11604592232085825,ok,1
4852,10.16162390442412,4893016.1093413327,41,0.078654724278354293,ok,0
4853,12.171644060011939,4880737.5280603012,41,0.049700777989848677,ok,0
4854,7.2831723304397631,4952825.7563979132,29,0.086547342853265818,ok,0
4855,9.2915809938838088,4747180.0030452609,44,0.064107550840528771,ok,0
4856,10.474013738292594,4926259.1474066954,26,0.095236718586510616,ok,0
4857,9.1167082359230598,4762962.8190767989,48,0.087310845433558493,ok,0
4858,8.7795068777629428,4857876.8326442577,41,0.072085386974580612,ok,0
4859,7.9180951428920947,4311809.8551814649,77,0.080931464734196212,ok,0
4860,12.417214289950497,4923421.9289333755,37,0.088910885831792963,ok,0
4861,13.156181536058652,4985024.9871582557,38,0.083929391292242139,ok,0
4862,7.5572106555430976,4318219.6892671864,82,0.073808947875933117,ok,0
4863,10.14436760219761,4793893.8151622703,50,0.093338607907210769,ok,0
4864,5.8429073630555299,3432351.1564540281,148,0.073254409711854596,ok,0
4865,13.969988926274747,4856421.5089804297,44,0.08788005494126061,ok,0
4866,13.050410955612675,4857710.5856095189,48,0.053493085424171277,ok,0
4867,10.686440969399355,4855955.1254232107,45,0.069986383797749796,ok,0
4868,16.007619382666977,4886376.6816005185,37,0.089131088492480304,ok,0
4869,9.8270396871358443,4875156.7975108335,50,0.078061667776976096,ok,0
4870,10.309635705315896,4750157.6291427184,41,0.090035024361279081,ok,0
4871,15.543592658026919,4973310.6654023491,33,0.093655819312091049,ok,0
4872,9.6711958396117108,4909458.8353843801,36,0.081449665037324204,ok,0
4873,11.166961109844692,4902426.5125694405,40,0.081832201116693259,ok,0
4874,12.772764593832832,4870657.3434249032,45,0.077777027452981984,ok,0
4875,11.547848705225244,5165649.0098853912,26,0.057350769493534237,ok,0
4876,10.990948182452378,4871081.7018931285,44,0.06454682361412345,ok,0
4877,13.407992817513062,4860586.0469160471,37,0.085088791578015854,ok,0
4878,10.633937120152813,4793893.8151622703,41,0.099692399663652426,ok,1
4879,14.751551318048051,5267940.9838028699,22,0.076692523360079368,ok,0
4880,10.723651923684278,4867827.5156249739,49,0.085044708037303518,ok,0
4881,13.993654219105299,5302636.0834619794,19,0.087739110045964519,ok,0
4882,10.2401245255852,4861291.1016191654,37,0.057948697790183246,ok,0
4883,10.521607595393142,4793893.8151622703,53,0.091841768039025995,ok,0
4884,4.6546884760291665,3113266.6232896391,183,0.094294974345824067,ok,0
4885,5.6755292827339021,3507468.2820937331,152,0.074346620864539026,ok,0
4886,11.083985691435119,5078450.7185520073,22,0.07562396841822594,ok,0
4887,11.602526620828874,4936734.8352522142,32,0.08760613695136954,ok,0
4888,10.457212374060274,4750157.6291427184,49,0.05188364006949242,ok,0
4889,11.228106179609171,4978216.1257378887,41,0.073400164579922822,ok,0
4890,9.0679676946364118,4747180.0030452609,40,0.073316452637541274,ok,0
4891,9.772575210139669,4880073.9323148374,47,0.080708842135359338,ok,0
4892,13.349597750781749,5042145.0261429651,39,0.074049541861553547,ok,0
4893,10.276808741042473,4747180.0030452609,52,0.075945072695330573,ok,0
4894,14.19050651332712,4867676.8261623699,44,0.060842328686160241,ok,0
4895,10.048170603647526,5091266.8586724224,23,0.045620813823138207,ok,0
4896,10.348197586847125,5000463.6935817199,32,0.056715140952554699,ok,0
4897,15.981642327604956,4928236.13343006,30,0.080120718652445522,ok,0
4898,16.726785171018705,5122455.7585668387,31,0.06077732717536044,ok,0
4899,11.283405801475341,4905663.647023024,38,0.077141029531768268,ok,0
4900,12.157201781241325,4705765.05441471,50,0.082689807613502614,ok,0
4901,8.1858259556342219,4200096.9742686078,74,0.09695218908388481,ok,0
4902,10.257729897081413,4793893.8151622703,41,0.10137286372394912,ok,1
4903,12.637557803318282,5258240.4819066757,28,0.085762866401226767,ok,0
4904,10.912577029874022,4705765.05441471,51,0.083497108582506252,ok,0
4905,11.124078254131152,5020515.6173870834,37,0.087417772907649738,ok,0
4906,8.3204772582832227,5392083.3786497973,21,0.064824653771022644,ok,0
4907,15.392512180162079,5497350.9441731507,11,0.069147680058144312,ok,0
4908,8.6771202757834835,4937698.2697929312,37,0.063123854066900131,ok,0
4909,12.720274101012546,4880703.8991009463,44,0.12121262152995493,ok,1
4910,12.934082048039727,5324543.3281739494,20,0.077939273672448572,ok,0
4911,9.413286520767933,4793893.8151622703,36,0.087927023630683554,ok,0
4912,12.345242923797983,5090066.2212298354,35,0.069842056265527808,ok,0
4913,9.8924633570356537,4857847.6957321279,58,0.063003379923664116,ok,0
4914,11.571268053505825,4980860.2088389071,35,0.074775639131292537,ok,0
4915,9.4304540688229466,4860111.2219179859,47,0.06119825147402469,ok,0
4916,11.930857408917603,4861249.9104811577,44,0.067589077562654754,ok,0
4917,9.0233603772832094,4866890.417973361,40,0.080744662784921539,ok,0
4918,11.039845285597091,4925863.1291703321,46,0.052802138875954641,ok,0
4919,13.483294298268724,5411068.6455223989,20,0.066744722333018758,ok,0
4920,11.517172032490633,4941904.3293863218,35,0.091089995807525415,ok,0
4921,10.124862833881892,4876711.3662803033,42,0.083939977154549011,ok,0
4922,14.357171978172719,5091232.5548040597,28,0.069783643523461225,ok,0
4923,12.753674086991815,5146648.0907737389,26,0.049973533788929658,ok,0
4924,9.8482024596947397,4854477.4986799369,44,0.056015297453246515,ok,0
4925,15.350592150446024,5434180.5897461856,25,0.10318779394530231,ok,1
4926,8.6573832200007352,5051952.990553556,25,0.08513400387649428,ok,0
4927,9.4320280618141918,4855160.9974445906,40,0.067138333141705697,ok,0
4928,14.600591397906351,4854285.5170298479,41,0.093912099753595379,ok,0
4929,11.919893067288598,4936049.1768187638,37,0.058109822211958984,ok,0
4930,13.605301834713286,5226517.3127216473,21,0.050611443244350296,ok,0
4931,11.899742931590936,5422751.8186545987,25,0.1134719694690427,ok,1
4932,9.0272531271739709,4793893.8151622703,35,0.079829887807230021,ok,0
4933,8.8189947357476548,4865180.5796024567,43,0.072562640674437073,ok,0
4934,12.433316367867581,5549903.8093787143,15,0.060310606530130872,ok,0
4935,11.678246409120259,5006241.9450146733,31,0.091382102789101527,ok,0
4936,10.926928341374843,4862634.9241224071,44,0.064548025272813336,ok,0
4937,9.4490379126581292,4903626.8811454903,49,0.057496145399158261,ok,0
4938,6.1959242122493965,3492245.1892428468,143,0.07523541057177463,ok,0
4939,13.319795168997999,4892524.2848905213,50,0.071295969469242104,ok,0
4940,11.777297339744386,4855708.6898334827,43,0.06265499182282197,ok,0
4941,9.6071120230011964,4946818.6072098706,42,0.055711438968932103,ok,0
4942,15.933812089489592,4871353.0142093524,35,0.1089544061659739,ok,1
4943,14.943265309635681,4932167.1544886157,37,0.071460455141663992,ok,0
4944,9.9532049394449071,4864766.9203874078,49,0.091073239488573821,ok,0
4945,6.1822898729881954,3556875.6913997256,137,0.068664721208841151,ok,0
4946,9.3334089679196275,4747180.0030452609,49,0.084529552969555777,ok,0
4947,13.593373809600994,5491891.731349675,21,0.098631567849722601,ok,1
4948,9.6817872637361724,4955270.3169333739,47,0.070545944545539363,ok,0
4949,12.139799098953766,5081980.6731172893,28,0.039286982452774621,ok,0
4950,13.048661907572429,4958540.0454529868,48,0.059119717961354956,ok,0
4951,11.874701883845123,5329380.5910175946,26,0.092081837495662788,ok,0
4952,12.022737619190551,4879411.6651909072,39,0.061518563932104642,ok,0
4953,11.894632480630815,4867006.0851059062,43,0.074899171445981183,ok,0
4954,8.2746547844514726,4318219.6892671864,75,0.069337019126435973,ok,0
4955,12.18909349874375,4980631.957261811,43,0.080856184689597432,ok,0
4956,22.456824133926947,5461434.8149273498,16,0.099713205517715342,ok,1
4957,10.141106136015889,4898318.8531687707,37,0.074191741363031416,ok,0
4958,16.256469864716184,4891103.7116398653,39,0.090245487776454636,ok,0
4959,12.628738681896664,5376892.6302569574,13,0.079264952110029263,ok,0
4960,12.932277310828207,5031836.8340535276,38,0.077224793397450253,ok,0
4961,9.0837786432508256,4705765.05441471,59,0.064952404823296728,ok,0
4962,10.278617835270111,4705765.05441471,50,0.087799070497432241,ok,0
4963,8.5240154650035773,4683078.6891501099,47,0.045730222039077173,ok,0
4964,5.555866890168824,3617358.7046664478,134,0.11302921070485616,ok,1
4965,11.260151768679009,5611076.1639934387,14,0.082391642491854156,ok,0
4966,6.2016437045867354,3492245.1892428468,148,0.083310240164543248,ok,0
4967,10.759633144921478,4898808.7074500807,33,0.065191450341967716,ok,0
4968,12.245989319841184,4893432.2934034271,34,0.086791009579543388,ok,0
4969,11.767999472720268,4857652.8832567902,43,0.079661324634187958,ok,0
4970,8.337236663221514,5065356.9325791048,26,0.06865304996865651,ok,0
4971,15.450454582050885,5277069.0714142015,18,0.052000520677180639,ok,0
4972,6.281628255522012,3629074.5724596358,131,0.072172601480987031,ok,0
4973,11.747771651995945,4873456.7787169274,39,0.063872604415762591,ok,0
4974,11.316391269396737,4873005.1879019551,37,0.054549280007054057,ok,0
4975,10.983746420526385,4880499.4722198769,34,0.059290243863159175,ok,0
4976,13.889196706951648,4855213.654604895,46,0.058432890778079782,ok,0
4977,18.665344132902074,5267936.4537486769,22,0.079035364257751817,ok,0
4978,7.8334717326687429,4268339.1925416272,80,0.056005415318076013,ok,0
4979,10.180308811000209,4870990.973073924,36,0.06932041379879611,ok,0
4980,13.099159983155873,4917181.7172788987,46,0.069960807333996455,ok,0
4981,9.2403521432975158,4640733.8797885403,59,0.069462459520826303,ok,0
4982,9.4687888200059103,4859525.9761007708,56,0.053595417249987898,ok,0
4983,10.234229694794495,5049519.5943471668,31,0.055713089226537393,ok,0
4984,10.563518810377804,5043518.2123095179,30,0.066725847317673059,ok,0
4985,9.7795534313542589,4878887.9999541715,36,0.075872245645775882,ok,0
4986,8.4987533624728151,5084035.2434745254,30,0.066870724661961312,ok,0
4987,15.035257441730188,4941441.8271151204,35,0.082021954821889523,ok,0
4988,10.506856843492542,4861709.2420875598,53,0.057795114955197291,ok,0
4989,11.391234969049009,4940068.5446376149,31,0.071325727328065303,ok,0
4990,11.126431683890095,4908473.2309958469,50,0.057356591715494454,ok,0
4991,14.800057959569395,5330256.8498591287,26,0.086398585561621721,ok,0
4992,9.6228645011381051,5232456.121038164,20,0.074942468658235284,ok,0
4993,9.2017501920177125,4861098.1121298168,50,0.072653924363207056,ok,0
4994,10.662515214739843,4912522.1785211964,40,0.098712036286390026,ok,1
4995,20.057630343101181,5511158.3624570882,11,0.083808709496892453,ok,0
4996,10.369831820761982,4750157.6291427184,53,0.085523771303103485,ok,0
4997,8.8354981263775692,4875760.4162442442,42,0.07635986049168797,ok,0
4998,10.487811150156555,5670385.4505118662,11,0.075878355216239091,ok,0
4999,11.349246463667829,4876569.0081164464,35,0.085924264234252368,ok,0
5000,12.218031859220787,4870796.360608534,45,0.086673846837984792,ok,0
