replicate,xmin,alpha,distance,status,fit_noise_flag,pl_in_range,pl_noise_flag,exceeds_observed
1,2175459.3999789557,2.909478761940931,0.03274451395399587,ok,False,True,False,0
2,1929608.8976257143,2.8491388690753885,0.04059587101194295,ok,False,True,False,0
3,3054788.370722424,2.992847005776082,0.042220097521930566,ok,False,True,False,0
4,1967134.0114109828,2.984155351112353,0.046743508814143825,ok,False,True,False,0
5,1991060.4302385985,2.987312749429816,0.03379609667121808,ok,False,True,False,0
6,1967134.0114109828,2.9550686464368736,0.02243067383196673,ok,False,True,False,0
7,2005319.0580146264,2.9099191841542917,0.03217767293586671,ok,False,True,False,0
8,2464416.45484389,2.995081862647476,0.04959521437728076,ok,False,True,False,0
9,1929608.8976257143,2.9789547305676836,0.05763252622649885,ok,False,True,False,0
10,3020505.9174955185,2.9946237070275004,0.031406408602368874,ok,False,True,False,0
11,2010459.668394656,2.9907031614234016,0.042477684831090545,ok,False,True,False,0
12,1967134.0114109828,2.9778666166510277,0.03183052075231174,ok,False,True,False,0
13,1930402.9693967383,2.9993383653024623,0.05690029085798043,ok,False,True,False,0
14,1993081.0259731761,2.9087330465031167,0.04678441456846871,ok,False,True,False,0
15,1967134.0114109828,2.988558260699142,0.0345422588901092,ok,False,True,False,0
16,2305986.382726759,2.727056330618084,0.024952968817740867,ok,False,True,False,0
17,2213617.6152332937,2.991147708739544,0.033365938884604596,ok,False,True,False,0
18,2265229.391704159,2.9969403440729474,0.03246016747184843,ok,False,True,False,0
19,1994848.513678962,2.9772294654944473,0.03851665400495974,ok,False,True,False,0
20,1996492.9529010286,2.9898731464180086,0.030019376256512742,ok,False,True,False,0
21,1931638.1737178247,2.9546503965224957,0.06672029244202318,ok,False,True,False,0
22,3237592.4480415448,2.964956121073045,0.05418918841335302,ok,False,True,False,0
23,2450496.9523619134,2.999686000914283,0.03455988177201422,ok,False,True,False,0
24,4328900.006398087,2.9587382175753105,0.06068499996425175,ok,False,True,False,0
25,2348062.1428336515,2.9754253183921886,0.029738211272465898,ok,False,True,False,0
26,1967134.0114109828,2.9673511520837534,0.037478718966949875,ok,False,True,False,0
27,2095635.2431860673,2.843079564226411,0.02225213873958032,ok,False,True,False,0
28,1991229.516146266,2.98888682403621,0.02281615629898348,ok,False,True,False,0
29,2015508.5048514018,2.9982231575689995,0.021772586266259553,ok,False,True,False,0
30,3239066.4698796305,2.9977037874023518,0.057985357615685684,ok,False,True,False,0
31,2017450.568031653,2.9449134773118955,0.026390985344469597,ok,False,True,False,0
32,2119690.358226412,2.9515558648886673,0.030158192033834075,ok,False,True,False,0
33,4266039.261835955,2.8204232803438627,0.08077836872660876,ok,False,True,False,0
34,4564619.79410659,2.764748613551311,0.05624494903579702,ok,False,True,False,0
35,2148201.878866014,2.9964469098505675,0.03477696334800856,ok,False,True,False,0
36,2276272.8424904104,2.769536564180741,0.03496661747914287,ok,False,True,False,0
37,1998803.0016671706,2.9792448817383033,0.031292342897921044,ok,False,True,False,0
38,1993134.2027822952,2.9466069024687087,0.030057429294923943,ok,False,True,False,0
39,1967134.0114109828,2.9998262369389503,0.05147966852003613,ok,False,True,False,0
40,2448637.957006678,2.8518528718606575,0.024373705485246477,ok,False,True,False,0
41,2001701.8160053205,2.919803500571793,0.02956188640358237,ok,False,True,False,0
42,2041672.0576841624,2.894155455882234,0.028510250162924522,ok,False,True,False,0
43,1992918.6832864424,2.7537651154238336,0.03724599743080331,ok,False,True,False,0
44,5631903.689743389,2.976188851846505,0.07003937675256933,ok,False,True,False,0
45,2038536.1244606958,2.927312647520486,0.034941090854676005,ok,False,True,False,0
46,4032886.2288464145,2.9996805506228403,0.05306441664648187,ok,False,True,False,0
47,2833041.194580221,2.68706585122915,0.05162639472333114,ok,False,True,False,0
48,3184233.064637479,2.9998001544895545,0.07154823006525163,ok,False,True,False,0
49,1882190.241073924,2.937259893793441,0.08991865474550409,ok,False,True,False,0
50,2046014.0174461321,2.964225920784404,0.02714519623544165,ok,False,True,False,0
51,2351482.215396119,2.999143520324349,0.039264707683730006,ok,False,True,False,0
52,2004163.1322523362,2.9712846840878013,0.025157580122788292,ok,False,True,False,0
53,3205353.72701855,2.635858189276492,0.03974303629144349,ok,False,True,False,0
54,2784269.4099165094,2.997405002905665,0.043889231530203854,ok,False,True,False,0
55,2038569.7176116533,2.9982493395804894,0.03963603433302881,ok,False,True,False,0
56,1930402.9693967383,2.9986160690906636,0.04547531360017193,ok,False,True,False,0
57,1967134.0114109828,2.9916357307422947,0.03801188628609509,ok,False,True,False,0
58,1967134.0114109828,2.995311663729406,0.03438191617149,ok,False,True,False,0
59,2283569.2353631738,2.99928496271361,0.026973919627808485,ok,False,True,False,0
60,2889381.7611855706,2.7254780828081944,0.032688847339245375,ok,False,True,False,0
61,1930402.9693967383,2.9782002652293214,0.06648753318106465,ok,False,True,False,0
62,2020038.1986995258,2.9813161872543428,0.02886008968433551,ok,False,True,False,0
63,1930402.9693967383,2.999468135313397,0.07773218210569137,ok,False,True,False,0
64,1993147.5370862498,2.8521153686462855,0.03922619485189127,ok,False,True,False,0
65,2602575.8595500165,2.9961683730073743,0.05355287415159049,ok,False,True,False,0
66,1994084.540739332,2.9448216040080464,0.025839758236346655,ok,False,True,False,0
67,2044466.028861867,2.977224955577091,0.0155970257814117,ok,False,True,False,0
68,2999576.711232561,2.9916578918288703,0.02955272255849649,ok,False,True,False,0
69,4475886.116730093,2.6479182671831003,0.07160351804175602,ok,False,True,False,0
70,1991161.3739935039,2.972773744542953,0.03030352705688566,ok,False,True,False,0
71,1845431.27670268,2.9472349094093104,0.11713943272961207,ok,False,True,False,0
72,2167318.6967584984,2.8652305494187624,0.026302773727439943,ok,False,True,False,0
73,1995557.4853784128,2.8477962978588804,0.023073869564201044,ok,False,True,False,0
74,1772628.0364931144,2.9981529053661724,0.14016748861241962,ok,False,True,False,0
75,1929608.8976257143,2.9838255042266635,0.06076674713146249,ok,False,True,False,0
76,2148716.3811054346,2.9930513596195674,0.038531314286934015,ok,False,True,False,0
77,1929608.8976257143,2.9644051228379036,0.05391103053758767,ok,False,True,False,0
78,1845431.27670268,2.980410052317222,0.12111288328309076,ok,False,True,False,0
79,1858025.9090895548,2.891082032935283,0.10448430645026588,ok,False,True,False,0
80,2337183.1488049137,2.9594277353358596,0.053194602478646213,ok,False,True,False,0
81,3194993.0710452916,2.989020365041475,0.034306826886945696,ok,False,True,False,0
82,3040257.680454752,2.906988071667839,0.04604480674048261,ok,False,True,False,0
83,1930402.9693967383,2.933218144367789,0.057544349821748386,ok,False,True,False,0
84,4312995.751651246,2.996260736017911,0.07663549005478754,ok,False,True,False,0
85,3384687.1846835627,2.8410733557775796,0.03423366084253565,ok,False,True,False,0
86,3730699.8645441765,2.9765139644134995,0.03994608395068616,ok,False,True,False,0
87,1992524.2601941891,2.9443139282030604,0.03406785046772409,ok,False,True,False,0
88,1997363.5708309496,2.9358250948678224,0.02792020583466215,ok,False,True,False,0
89,2006567.7047367678,2.9691626320659026,0.02723972755751336,ok,False,True,False,0
90,1916035.0780503256,2.988691448714614,0.07008888678757785,ok,False,True,False,0
91,2008519.3678299,2.94701020925928,0.018645303949552883,ok,False,True,False,0
92,2015484.6223519593,2.983674125027708,0.035679913793684515,ok,False,True,False,0
93,1931638.1737178247,2.9783860595565264,0.06665635132361636,ok,False,True,False,0
94,1992430.1167088205,2.95449976918376,0.03180351243816304,ok,False,True,False,0
95,2196352.156151527,2.9994201817022934,0.05846691123527009,ok,False,True,False,0
96,1967134.0114109828,2.9909792144571923,0.04816029731298835,ok,False,True,False,0
97,1990941.1678716156,2.996854291789367,0.04064635592103963,ok,False,True,False,0
98,1991264.7481225561,2.8888941031176647,0.03972345747226835,ok,False,True,False,0
99,2204610.2698859684,2.9993824894933,0.04346030798141576,ok,False,True,False,0
100,2024128.1838858118,2.945041628668377,0.050168994311747594,ok,False,True,False,0
101,2003069.888258779,2.9969698286294917,0.039441172156906845,ok,False,True,False,0
102,1967134.0114109828,2.981445936332369,0.04082713262884158,ok,False,True,False,0
103,2312171.1695838096,2.998254215615079,0.04657175662640023,ok,False,True,False,0
104,2612021.4417099603,2.929249097121538,0.04100013236701216,ok,False,True,False,0
105,4057849.052042924,2.9779373936315423,0.04997408950867013,ok,False,True,False,0
106,3242531.5757513153,2.7372863958973292,0.05129416695791539,ok,False,True,False,0
107,3116205.9385648677,2.7704858065615903,0.044914340035852374,ok,False,True,False,0
108,4360279.1864902815,2.9855663631109817,0.05239266692846556,ok,False,True,False,0
109,1929608.8976257143,2.947332728322749,0.06670117643085316,ok,False,True,False,0
110,1990897.9509558917,2.9400298948500474,0.031399399071784906,ok,False,True,False,0
111,1845431.27670268,2.9938101961390426,0.13485931725316772,ok,False,True,False,0
112,1992514.5549307694,2.8896775290688677,0.035233675423982425,ok,False,True,False,0
113,1993552.5899769356,2.9982461220195953,0.04367501896772419,ok,False,True,False,0
114,1998848.4684110838,2.9927529196080953,0.030066844926669,ok,False,True,False,0
115,2147385.950049663,2.836835019114499,0.028403846835507784,ok,False,True,False,0
116,1845431.27670268,2.9386363258829995,0.12033041612953745,ok,False,True,False,0
117,4695354.259910078,2.9995332051120025,0.10221126908263156,ok,False,True,False,0
118,7077651.581882132,2.952446238871245,0.10354671275883098,ok,False,True,False,0
119,3912455.9918546146,2.628545753151627,0.038907840271559135,ok,False,True,False,0
120,1831470.096201781,2.91974987016294,0.13131602020771832,ok,False,True,False,0
121,2022453.7056122054,2.9956571628945707,0.05008927367097499,ok,False,True,False,0
122,3221645.659215484,2.7723407144685233,0.029995282440734183,ok,False,True,False,0
123,1998942.5398409124,2.9707734178994807,0.03335546225109998,ok,False,True,False,0
124,2090190.220292251,2.995006448784528,0.03164400052841915,ok,False,True,False,0
125,1967134.0114109828,2.962725951026966,0.034578397053212306,ok,False,True,False,0
126,2148010.9480418367,2.9976689602848454,0.038534147071019764,ok,False,True,False,0
127,3428820.4521916527,2.9855086122473766,0.03372747385662055,ok,False,True,False,0
128,2411660.835965501,2.69723006721257,0.026469336068639715,ok,False,True,False,0
129,1967134.0114109828,2.752795803296243,0.03032799157653243,ok,False,True,False,0
130,3548436.1916110674,2.9866427279738748,0.04538278988601163,ok,False,True,False,0
131,2439914.8762224014,2.9930151824925204,0.028781512523189223,ok,False,True,False,0
132,2300115.5560037405,2.9382731468300847,0.03143581380592464,ok,False,True,False,0
133,2123491.8053330434,2.7190031143543547,0.025016213201446647,ok,False,True,False,0
134,1967134.0114109828,2.9825959190374984,0.04643688409522116,ok,False,True,False,0
135,1967134.0114109828,2.8853371582864007,0.03742526924918377,ok,False,True,False,0
136,2387922.475323663,2.9999324890049026,0.0362258038948777,ok,False,True,False,0
137,2281616.067084618,2.998048889370793,0.04172448556821151,ok,False,True,False,0
138,1930402.9693967383,2.9921903949859865,0.0742851328486398,ok,False,True,False,0
139,1831470.096201781,2.8914136136280906,0.13589216606343507,ok,False,True,False,0
140,3759863.7756914827,2.9955007119531625,0.08165411245166587,ok,False,True,False,0
141,1931638.1737178247,2.952330327144261,0.06281722058311498,ok,False,True,False,0
142,2033629.3732571506,2.8768598325781434,0.027585429296634704,ok,False,True,False,0
143,1930402.9693967383,2.9736556038874356,0.07218981488982122,ok,False,True,False,0
144,1967134.0114109828,2.971563602862355,0.03089986528191857,ok,False,True,False,0
145,1916035.0780503256,2.9968581304220216,0.049574927897929756,ok,False,True,False,0
146,1967134.0114109828,2.9192996390620056,0.04238526605087234,ok,False,True,False,0
147,1991935.3979242642,2.999923895969842,0.03408588409185209,ok,False,True,False,0
148,1995439.7045851694,2.9835800876604512,0.02683165853502434,ok,False,True,False,0
149,1967134.0114109828,2.995912773932374,0.03992532418940914,ok,False,True,False,0
150,2222535.1396555426,2.9648188364602723,0.031192551699785576,ok,False,True,False,0
151,1916035.0780503256,2.9880149795043778,0.06616178823733221,ok,False,True,False,0
152,1931638.1737178247,2.8945796637717027,0.07349451044704848,ok,False,True,False,0
153,5555796.8896589875,2.6098990856526574,0.04492501759381201,ok,False,True,False,0
154,2519089.836909796,2.997551547984532,0.04610380260933489,ok,False,True,False,0
155,2003224.178876251,2.836100553629485,0.02730750536230797,ok,False,True,False,0
156,1991839.6567496527,2.8737320145516856,0.03294263397390207,ok,False,True,False,0
157,2050838.5475878203,2.924447822444029,0.03834618535961365,ok,False,True,False,0
158,2053835.9714002423,2.9556208142746465,0.032266504131110096,ok,False,True,False,0
159,2222693.0470560417,2.964249121613756,0.023969692919747043,ok,False,True,False,0
160,2426963.2801180407,2.945023760737608,0.02812832877170135,ok,False,True,False,0
161,1967134.0114109828,2.945927834572263,0.02381870252728646,ok,False,True,False,0
162,2001198.3686478897,2.9089302079051436,0.030350244744411392,ok,False,True,False,0
163,1967134.0114109828,2.7855813966743117,0.0289601998504736,ok,False,True,False,0
164,1967134.0114109828,2.9412557018766217,0.030583094573898073,ok,False,True,False,0
165,4040466.101852293,2.9887026880442846,0.09534593464011026,ok,False,True,False,0
166,2266122.794989033,2.9998167812612113,0.037925940760524635,ok,False,True,False,0
167,2057652.0448713952,2.9970065678834352,0.04803633096456161,ok,False,True,False,0
168,1929608.8976257143,2.9509476788256297,0.0847692981469009,ok,False,True,False,0
169,3089661.3598405533,2.6971995902023105,0.03962281597571837,ok,False,True,False,0
170,4498008.438079326,2.8542635617314334,0.054155909893065624,ok,False,True,False,0
171,1967134.0114109828,2.8643696766190003,0.03279697455245767,ok,False,True,False,0
172,2717435.246802315,2.6914949823391727,0.035717299615519504,ok,False,True,False,0
173,2424352.626179465,2.841745080371795,0.03497478569850532,ok,False,True,False,0
174,2203667.243723916,2.919607747470749,0.023054888714806765,ok,False,True,False,0
175,1993860.4618617648,2.9557750386464683,0.019849423557938062,ok,False,True,False,0
176,1993569.062694821,2.993824773837475,0.05159038428376922,ok,False,True,False,0
177,2002120.5022037462,2.9994806246956207,0.02782308599419528,ok,False,True,False,0
178,2198803.384259272,2.9959034994416243,0.027162915585485115,ok,False,True,False,0
179,2249645.457428366,2.99789253578905,0.030200997787787606,ok,False,True,False,0
180,4412455.857938081,2.7896202604145808,0.04392339738180917,ok,False,True,False,0
181,2781463.505600891,2.9904465243021954,0.03129215937238905,ok,False,True,False,0
182,2660825.1424319563,2.9983287093836415,0.04483766025484831,ok,False,True,False,0
183,2077592.7392756266,2.8935223324238772,0.025947977120169385,ok,False,True,False,0
184,1967134.0114109828,2.9929735614321107,0.06286023017346862,ok,False,True,False,0
185,2686137.0107033085,2.9560435504081957,0.045684251251692454,ok,False,True,False,0
186,2030487.848482943,2.996247580111218,0.04541505042346572,ok,False,True,False,0
187,1967134.0114109828,2.8322777044355405,0.0446652155484516,ok,False,True,False,0
188,2157523.658020058,2.842884549617842,0.03311405938196976,ok,False,True,False,0
189,2892384.677116997,2.9855020005961763,0.03766190005025405,ok,False,True,False,0
190,1967134.0114109828,2.86979486441414,0.031570082693096246,ok,False,True,False,0
191,1996893.1247644296,2.9669768558322076,0.027664944711783934,ok,False,True,False,0
192,2548194.375670379,2.9968370640386226,0.040727986693095936,ok,False,True,False,0
193,1916035.0780503256,2.9970023675373687,0.060620075767472754,ok,False,True,False,0
194,1997084.2667312976,2.9678056856869364,0.03343028517574853,ok,False,True,False,0
195,1991844.9127692876,2.9947537591830424,0.04729095419207319,ok,False,True,False,0
196,2214825.847027741,2.994925219727831,0.0375962472005541,ok,False,True,False,0
197,2328813.818382762,2.9993584581069905,0.05511988276390167,ok,False,True,False,0
198,1929608.8976257143,2.953852443583229,0.05609791252229762,ok,False,True,False,0
199,2135102.8360744766,2.994806150992515,0.037620432024668415,ok,False,True,False,0
200,2322302.3174424223,2.9535772849203106,0.03150108650318589,ok,False,True,False,0
201,3251523.1741417437,2.746443238428143,0.03323294871252419,ok,False,True,False,0
202,2124032.0964098144,2.9034683022191317,0.035155683695604845,ok,False,True,False,0
203,3440414.3827749714,2.92096361846483,0.05175466064411083,ok,False,True,False,0
204,1882190.241073924,2.9255181601006557,0.09602455953929204,ok,False,True,False,0
205,1967134.0114109828,2.7470324969973507,0.04345704162852548,ok,False,True,False,0
206,1991257.8482693098,2.9449432704397154,0.026295136184223078,ok,False,True,False,0
207,3485566.8929675445,2.8072161898714105,0.045320118480309146,ok,False,True,False,0
208,1991775.3422926322,2.8866894091097164,0.03164464860785321,ok,False,True,False,0
209,2790824.5108164577,2.9938019575932087,0.05673239635477251,ok,False,True,False,0
210,4083586.673454008,2.981617319996898,0.0733535554362108,ok,False,True,False,0
211,1930402.9693967383,2.9978745865114904,0.06270381579059618,ok,False,True,False,0
212,4487193.774416371,2.9916407194457886,0.08986791582006148,ok,False,True,False,0
213,1967134.0114109828,2.858287230627698,0.028880197145596753,ok,False,True,False,0
214,2000678.0474465706,2.9996011914469207,0.077089948831743,ok,False,True,False,0
215,2023889.5402727795,2.8793022991241077,0.023271839350543055,ok,False,True,False,0
216,1967134.0114109828,2.989110509660853,0.031720697722012345,ok,False,True,False,0
217,1967134.0114109828,2.844001761248225,0.031090742711106123,ok,False,True,False,0
218,2369649.673415933,2.997824482344675,0.043056916322574024,ok,False,True,False,0
219,1967134.0114109828,2.9241202436999245,0.028652605339359205,ok,False,True,False,0
220,1929608.8976257143,2.9638668902069436,0.05732640236916943,ok,False,True,False,0
221,2087180.375342653,2.9993288016202886,0.047549522567256364,ok,False,True,False,0
222,1882190.241073924,2.980033237586344,0.10812149752155421,ok,False,True,False,0
223,1991793.2495138766,2.984140264869268,0.020942430314422,ok,False,True,False,0
224,2071602.9121281016,2.9997277571567604,0.033592084076543904,ok,False,True,False,0
225,2925749.103159446,2.9968256389396037,0.0573222474788212,ok,False,True,False,0
226,2001173.5785145648,2.928821064109916,0.026777408872310726,ok,False,True,False,0
227,1992934.0170322163,2.9353899763397315,0.024255776379907612,ok,False,True,False,0
228,1967134.0114109828,2.964687790337309,0.03390489625533333,ok,False,True,False,0
229,2234735.6018161434,2.9949402767961795,0.05422592504969903,ok,False,True,False,0
230,4991036.600382267,2.8393954579077088,0.08547315492297983,ok,False,True,False,0
231,2110422.514626358,2.9992213386207025,0.023238969734035275,ok,False,True,False,0
232,5265197.307397305,2.3766859871062396,0.03451184822710296,ok,False,True,False,0
233,2039673.6122661564,2.9930124244949203,0.022528071069255806,ok,False,True,False,0
234,1999902.820793843,2.968987516675033,0.030152412176993604,ok,False,True,False,0
235,2527412.823455961,2.964504998160769,0.03260928116549039,ok,False,True,False,0
236,2867270.172634156,2.9463217436857145,0.038954285495013286,ok,False,True,False,0
237,2521723.5167057663,2.995031712514014,0.03210493641014722,ok,False,True,False,0
238,2111912.5296745636,2.9998699209094335,0.028881192106199827,ok,False,True,False,0
239,2329004.2799460283,2.996725486310053,0.03340329374594031,ok,False,True,False,0
240,1929608.8976257143,2.8659935690980802,0.04368227797781527,ok,False,True,False,0
241,2042410.9127097079,2.9972966884645027,0.03315137184252015,ok,False,True,False,0
242,2281364.26555435,2.9967064608633023,0.03287730648386844,ok,False,True,False,0
243,1967134.0114109828,2.862440941172001,0.04012310201999347,ok,False,True,False,0
244,1930402.9693967383,2.972975762409156,0.05644158846926823,ok,False,True,False,0
245,1993346.2080506566,2.9754279897193108,0.06123816839805285,ok,False,True,False,0
246,1929608.8976257143,2.978407306946754,0.05241959720974234,ok,False,True,False,0
247,2244414.972575315,2.9703478027334635,0.03899620992273489,ok,False,True,False,0
248,1991113.0281129896,2.9713478431831084,0.03580048852570239,ok,False,True,False,0
249,2332761.5968995593,2.759325312164247,0.03699732128215849,ok,False,True,False,0
250,2010032.9868200012,2.99965851144177,0.030239535992073324,ok,False,True,False,0
251,4046385.2955807582,2.9828009119404855,0.08417053835624366,ok,False,True,False,0
252,2112831.053228009,2.996074664616928,0.031035375836438894,ok,False,True,False,0
253,3824699.6324100117,2.99689943521852,0.06586143355070473,ok,False,True,False,0
254,1992490.4894934618,2.9974233661730585,0.05347272459664065,ok,False,True,False,0
255,2184406.196441252,2.997420294919629,0.04342149585962357,ok,False,True,False,0
256,1929608.8976257143,2.974616692314643,0.052302957161237215,ok,False,True,False,0
257,1931638.1737178247,2.963760665495209,0.04644412664548769,ok,False,True,False,0
258,1967134.0114109828,2.931740529018527,0.03545689896203619,ok,False,True,False,0
259,1992998.6386595997,2.8269004251239696,0.03493087382252058,ok,False,True,False,0
260,1858025.9090895548,2.9084008712692047,0.10175666495136272,ok,False,True,False,0
261,1916035.0780503256,2.9204875100610863,0.0806566973610025,ok,False,True,False,0
262,2827272.3912952333,2.954690852775334,0.028813924512873956,ok,False,True,False,0
263,1858025.9090895548,2.891329142369103,0.11824444829141861,ok,False,True,False,0
264,1996634.8442994198,2.9231535640487705,0.03978026440648308,ok,False,True,False,0
265,2074405.4628334108,2.9252550630640046,0.01779766487440193,ok,False,True,False,0
266,2036508.8416821433,2.9967307110187167,0.04920664051336887,ok,False,True,False,0
267,2276455.0915926183,2.9944187813465684,0.04693406721267146,ok,False,True,False,0
268,2937671.888234864,2.964799177117486,0.03675913461736385,ok,False,True,False,0
269,1990880.7251817281,2.7471837343850956,0.02524834615043625,ok,False,True,False,0
270,2005023.1118713648,2.91631197182341,0.021939162496860787,ok,False,True,False,0
271,3660407.680536671,2.9986230748344824,0.052632275040710996,ok,False,True,False,0
272,2463818.514352861,2.923114922278594,0.027369409876950135,ok,False,True,False,0
273,4180711.48121927,2.9821407115428347,0.041968936225434406,ok,False,True,False,0
274,2015626.2622065146,2.864893541783287,0.025424092930313003,ok,False,True,False,0
275,1929608.8976257143,2.999450928334282,0.06975473868273009,ok,False,True,False,0
276,1994601.3528430057,2.8903655564084367,0.031780179470013104,ok,False,True,False,0
277,3142357.261809556,2.6438648708652854,0.029820291699877655,ok,False,True,False,0
278,2036950.9190396122,2.9968009791765056,0.02857994189394078,ok,False,True,False,0
279,1929608.8976257143,2.9561187612423216,0.06790362221570656,ok,False,True,False,0
280,1992413.8323422424,2.8942458727436087,0.01759514608723578,ok,False,True,False,0
281,2229424.794111109,2.997230017391331,0.02686761437067875,ok,False,True,False,0
282,2004527.006646204,2.9968887154421644,0.024485772284541407,ok,False,True,False,0
283,2027383.754321773,2.8519827822798636,0.022746384732488245,ok,False,True,False,0
284,2384009.3738875277,2.9989879395023284,0.03492851534127284,ok,False,True,False,0
285,1967134.0114109828,2.8513066894726298,0.037178899164713175,ok,False,True,False,0
286,1929608.8976257143,2.9478484870654524,0.0879038135006441,ok,False,True,False,0
287,2030152.0979797714,2.994514305485465,0.02362978951111991,ok,False,True,False,0
288,1967134.0114109828,2.950721846269577,0.04410964861554756,ok,False,True,False,0
289,2011543.9750570466,2.9681543066864826,0.027475619281852937,ok,False,True,False,0
290,1992331.548761707,2.9882034372221975,0.058030638831563064,ok,False,True,False,0
291,1929608.8976257143,2.922297196778591,0.05031209249542555,ok,False,True,False,0
292,3451309.44500271,2.982403873477022,0.03892394161805979,ok,False,True,False,0
293,2180665.6721487767,2.9811596834919727,0.028877575084113927,ok,False,True,False,0
294,2034778.992112206,2.887945755994554,0.02399917671653462,ok,False,True,False,0
295,2008726.857993506,2.9845115512589278,0.03175401610338499,ok,False,True,False,0
296,2666874.8581530554,2.7539089132519106,0.03870918033299853,ok,False,True,False,0
297,2860083.44128831,2.9421516896606468,0.023265638998890004,ok,False,True,False,0
298,1967134.0114109828,2.9906800970329774,0.03634126095893793,ok,False,True,False,0
299,2343982.781493295,2.8854418870675484,0.031224907193801776,ok,False,True,False,0
300,2039288.5718344753,2.935903165137301,0.036971531718929695,ok,False,True,False,0
301,3839461.357487849,2.6040804124454935,0.04326904006179244,ok,False,True,False,0
302,2064892.2254578522,2.8275985721054195,0.021331745742860786,ok,False,True,False,0
303,3335674.380225376,2.8839580794970017,0.03251738967595463,ok,False,True,False,0
304,1991083.5195032752,2.7869914901900428,0.044555867426084195,ok,False,True,False,0
305,2452052.531478646,2.9661607328486266,0.03295460395902078,ok,False,True,False,0
306,1997406.3795199438,2.8527132027647073,0.039743345575234734,ok,False,True,False,0
307,3645359.256263356,2.9958605666031426,0.04522878726614238,ok,False,True,False,0
308,2381815.556681908,2.9411208758238647,0.05028594686661747,ok,False,True,False,0
309,1882190.241073924,2.9581154828157485,0.09136274228639375,ok,False,True,False,0
310,2195564.6046711137,2.9417189390494984,0.02814586459776497,ok,False,True,False,0
311,2119872.188005532,2.997486885075591,0.04827193927860779,ok,False,True,False,0
312,1991976.4887544713,2.862553340017863,0.0465610393585969,ok,False,True,False,0
313,4818918.985838811,2.7392374083089246,0.04164152166578594,ok,False,True,False,0
314,2099198.6054661805,2.9710842638630286,0.03245471027548466,ok,False,True,False,0
315,2383026.997724955,2.9841477863471146,0.04728083915513592,ok,False,True,False,0
316,1995181.656257002,2.9130642040149333,0.0473065461472324,ok,False,True,False,0
317,1930402.9693967383,2.9804028180635225,0.06925886066148221,ok,False,True,False,0
318,1967134.0114109828,2.9762947756587828,0.04638038451934445,ok,False,True,False,0
319,1992911.2442614636,2.9848505322384877,0.026352016784310206,ok,False,True,False,0
320,1995251.6384814898,2.9764716711849726,0.04179652209478302,ok,False,True,False,0
321,1929608.8976257143,2.973503063764839,0.046701742137050875,ok,False,True,False,0
322,1994542.7176510775,2.9452496048387946,0.04921726907338697,ok,False,True,False,0
323,1930402.9693967383,2.9513065484790055,0.05852025678668607,ok,False,True,False,0
324,2005610.218422487,2.9753117638505766,0.02829397312957549,ok,False,True,False,0
325,2033784.2040285333,2.959274076032473,0.04705800659121234,ok,False,True,False,0
326,1967134.0114109828,2.96979713278836,0.04468954545386927,ok,False,True,False,0
327,2215967.0209816825,2.9957257861864717,0.03200378181559693,ok,False,True,False,0
328,1916035.0780503256,2.985854227953637,0.06120815475453063,ok,False,True,False,0
329,1929608.8976257143,2.744254740902052,0.048252960103954745,ok,False,True,False,0
330,2308442.851182826,2.990521286979951,0.024705147499263558,ok,False,True,False,0
331,2540029.906786777,2.9969616261605996,0.04054799472713261,ok,False,True,False,0
332,2953246.326409709,2.679280825213378,0.03310706983021916,ok,False,True,False,0
333,1930402.9693967383,2.9756821357115086,0.05441096488303184,ok,False,True,False,0
334,1995967.1088663957,2.936752114651346,0.0317113262587021,ok,False,True,False,0
335,1967134.0114109828,2.982367492224429,0.04450177722347737,ok,False,True,False,0
336,2030484.7665050987,2.998655496125499,0.03873735312137305,ok,False,True,False,0
337,1997337.3526476088,2.999186237743764,0.027364653777254833,ok,False,True,False,0
338,2014752.1872620208,2.9223901053497787,0.026575207532334166,ok,False,True,False,0
339,2007893.9372451282,2.998235691632363,0.02832936759314808,ok,False,True,False,0
340,1929608.8976257143,2.96470705699315,0.08271420237130245,ok,False,True,False,0
341,2013451.8474655338,2.862050165753318,0.03321678703052389,ok,False,True,False,0
342,2040317.095970542,2.8862954316515532,0.032761168954489106,ok,False,True,False,0
343,1991656.5259336852,2.817617136812016,0.021802181198834925,ok,False,True,False,0
344,2093208.2536185642,2.9639702315194176,0.025624096452348866,ok,False,True,False,0
345,1991639.2234460406,2.8885783687221567,0.029948037340194245,ok,False,True,False,0
346,3311417.498522956,2.9952256752821578,0.048513031644907945,ok,False,True,False,0
347,3331252.106066242,2.9930109512241247,0.053722799792279785,ok,False,True,False,0
348,1967134.0114109828,2.8788942155127906,0.03733402537545505,ok,False,True,False,0
349,1930402.9693967383,2.997077442263773,0.05264826852458281,ok,False,True,False,0
350,3678514.827592772,2.5673971798458055,0.031430718218971365,ok,False,True,False,0
351,1882190.241073924,2.948784520275092,0.10716161653471624,ok,False,True,False,0
352,1992669.9582755386,2.955402275826478,0.023676522386291143,ok,False,True,False,0
353,5178181.03458428,2.9423515184032434,0.07259308749403492,ok,False,True,False,0
354,2131841.218839659,2.993242822883847,0.03396078024087662,ok,False,True,False,0
355,1967134.0114109828,2.8628517231825095,0.03305356326594949,ok,False,True,False,0
356,1967134.0114109828,2.902592926467099,0.031512907285315195,ok,False,True,False,0
357,2045318.6642635474,2.8049312436501532,0.02683936861503977,ok,False,True,False,0
358,1929608.8976257143,2.96600878286847,0.053704839177987435,ok,False,True,False,0
359,2015410.3124931674,2.9458142775810963,0.027317833584774853,ok,False,True,False,0
360,2013211.1987031505,2.9805599779573537,0.02299789203902025,ok,False,True,False,0
361,1997421.145851156,2.851244018588373,0.04318154341103564,ok,False,True,False,0
362,2862779.2440782925,2.998086257009434,0.02703698237574642,ok,False,True,False,0
363,4268366.775463131,2.850979146631375,0.10936023577585824,ok,False,True,False,0
364,1995131.6291227196,2.932564595414422,0.04087074875037877,ok,False,True,False,0
365,2011759.228723475,2.8393762185123403,0.03433574985416976,ok,False,True,False,0
366,3361972.502436741,2.8550304797342,0.04286133162824904,ok,False,True,False,0
367,1858025.9090895548,2.9770568142962244,0.08192183162346156,ok,False,True,False,0
368,2015073.249046072,2.9954091729870447,0.03107980697958934,ok,False,True,False,0
369,1967134.0114109828,2.982454871640999,0.041661321787840766,ok,False,True,False,0
370,5909956.793948525,2.8919129683225524,0.0784375187544614,ok,False,True,False,0
371,3301076.9651037473,2.9692834411439737,0.027276899288662615,ok,False,True,False,0
372,4555771.841434577,2.984232777711642,0.0780806664551259,ok,False,True,False,0
373,1916035.0780503256,2.945668110487878,0.09731871370284657,ok,False,True,False,0
374,2153840.728259286,2.9370897552823774,0.02508495198974353,ok,False,True,False,0
375,3796174.405088272,2.99886591593538,0.08322076938973333,ok,False,True,False,0
376,1929608.8976257143,2.973049154214405,0.051288097456678526,ok,False,True,False,0
377,7262145.505454677,2.996841288789141,0.09195398888744755,ok,False,True,False,0
378,1967134.0114109828,2.858152673100097,0.039042887361506406,ok,False,True,False,0
379,1967134.0114109828,2.9044263961294585,0.02928700802997386,ok,False,True,False,0
380,2024488.618271095,2.9953154787385676,0.038431822827979883,ok,False,True,False,0
381,2177379.6177084623,2.9641492179864395,0.030765067883248898,ok,False,True,False,0
382,1967134.0114109828,2.961782073915958,0.046966339793705444,ok,False,True,False,0
383,1930402.9693967383,2.969946566202936,0.05261118774792092,ok,False,True,False,0
384,2207713.2580792345,2.955219311089433,0.027430471819729907,ok,False,True,False,0
385,2217075.734898238,2.728852802611175,0.02251431108858193,ok,False,True,False,0
386,2052493.0893321435,2.9921755790808,0.02769920523968905,ok,False,True,False,0
387,1993231.4934563125,2.90044379732275,0.037209430115043185,ok,False,True,False,0
388,2895426.603424548,2.7627892029365397,0.04148763279362144,ok,False,True,False,0
389,3263410.721545094,2.991113138995542,0.0438084761003219,ok,False,True,False,0
390,3000025.5930529,2.9145519253809784,0.026421243934961536,ok,False,True,False,0
391,2019684.0313217868,2.9662597444112775,0.030648158081509225,ok,False,True,False,0
392,4561204.758748313,2.935932540549296,0.06447374057613287,ok,False,True,False,0
393,1929608.8976257143,2.925764678599796,0.07895237238981434,ok,False,True,False,0
394,2022285.5808811288,2.9548229137321895,0.030014326035768174,ok,False,True,False,0
395,2037089.621114546,2.990671972374961,0.03484250225451585,ok,False,True,False,0
396,2026401.4929751907,2.9590698463512934,0.03953955067926873,ok,False,True,False,0
397,2261843.730975395,2.959463684213002,0.04454926212472998,ok,False,True,False,0
398,2474296.5807392327,2.99775328409137,0.03234672965205748,ok,False,True,False,0
399,2161868.866383823,2.9951604567036845,0.03427390030113711,ok,False,True,False,0
400,1882190.241073924,2.8794525722825175,0.09330510180021498,ok,False,True,False,0
401,1996065.143823327,2.999260750296412,0.031145765610763876,ok,False,True,False,0
402,1993753.9978563348,2.9866385791331163,0.022875072232473648,ok,False,True,False,0
403,2170113.333907957,2.999119765400393,0.03156337227077688,ok,False,True,False,0
404,1991463.769769271,2.9469145509661248,0.04034356285681906,ok,False,True,False,0
405,1967134.0114109828,2.9031771874252192,0.031539055961394724,ok,False,True,False,0
406,2599801.3410529573,2.998866141960372,0.039222421732577284,ok,False,True,False,0
407,1991906.3712225354,2.9852762869318674,0.029418626453659003,ok,False,True,False,0
408,1929608.8976257143,2.997705259350102,0.055364617654037114,ok,False,True,False,0
409,2036064.6748711537,2.812753711743321,0.03565046259544258,ok,False,True,False,0
410,2878383.663431335,2.996258611956349,0.04314465492973374,ok,False,True,False,0
411,1998791.8784743296,2.997438311000014,0.028971930532283086,ok,False,True,False,0
412,2009764.0182462588,2.782050083542259,0.02623169642180523,ok,False,True,False,0
413,1967134.0114109828,2.86960389501418,0.02861352872574363,ok,False,True,False,0
414,3184359.9333581086,2.9934375460511946,0.05549571315224028,ok,False,True,False,0
415,2016872.951201659,2.9209485898757697,0.030910930701424477,ok,False,True,False,0
416,1967134.0114109828,2.9351496670182122,0.028428986449594018,ok,False,True,False,0
417,2159341.2619633195,2.7631166674986387,0.02170492434969251,ok,False,True,False,0
418,2679337.656550999,2.936225928402071,0.03108775321463142,ok,False,True,False,0
419,1916035.0780503256,2.9944745731098186,0.08833734782354842,ok,False,True,False,0
420,1858025.9090895548,2.969814697731532,0.132941709545535,ok,False,True,False,0
421,2050973.2484414265,2.9951352458630542,0.040260686838411,ok,False,True,False,0
422,1967134.0114109828,2.9648706235938174,0.0231867478077874,ok,False,True,False,0
423,1929608.8976257143,2.959278077353982,0.05568889324272455,ok,False,True,False,0
424,2006650.6392648832,2.848961477617551,0.022349925364311546,ok,False,True,False,0
425,1991732.67585559,2.830723559998545,0.030481914661485865,ok,False,True,False,0
426,2091397.7588814164,2.955238056122651,0.02364141948829318,ok,False,True,False,0
427,1991256.1550922308,2.9125625637023296,0.03657926502056852,ok,False,True,False,0
428,1967134.0114109828,2.916348930270473,0.03753584784346742,ok,False,True,False,0
429,2343785.136094633,2.997016151570567,0.02711423631732668,ok,False,True,False,0
430,2635141.5992185143,2.997539495292564,0.07070446749727577,ok,False,True,False,0
431,1858025.9090895548,2.9337915137340116,0.10440451630014211,ok,False,True,False,0
432,1929608.8976257143,2.961292270940044,0.06069870088352296,ok,False,True,False,0
433,7190325.424615396,2.8408204526658354,0.0708077978063717,ok,False,True,False,0
434,2019700.2226208576,2.9803936420997523,0.02418646243031977,ok,False,True,False,0
435,2035470.896382231,2.911849424713015,0.022012130592742596,ok,False,True,False,0
436,1858025.9090895548,2.9595410210388295,0.09778467958606313,ok,False,True,False,0
437,2541040.7373604216,2.895899244389261,0.024832301572511595,ok,False,True,False,0
438,1967134.0114109828,2.9352649875652075,0.03305326936552577,ok,False,True,False,0
439,1837981.451569313,2.991367622858382,0.12193589981637662,ok,False,True,False,0
440,3240851.6749924985,2.9596858889860176,0.03018277055702523,ok,False,True,False,0
441,2767838.816872649,2.9986865590422993,0.03780986255935603,ok,False,True,False,0
442,2250068.6569674984,2.945143286192036,0.039861166261356634,ok,False,True,False,0
443,1930402.9693967383,2.990033021309821,0.05092392128440233,ok,False,True,False,0
444,1995415.3810820272,2.910942793219961,0.030358291155922534,ok,False,True,False,0
445,1967134.0114109828,2.901321045513909,0.0328413216181834,ok,False,True,False,0
446,1929608.8976257143,2.915085982458507,0.04908546143771031,ok,False,True,False,0
447,1993776.7056593997,2.9992351035311593,0.027715381552783747,ok,False,True,False,0
448,2093442.5737602385,2.9175452171312024,0.026253272905926273,ok,False,True,False,0
449,2060600.122940695,2.9976665455669016,0.03814274389561029,ok,False,True,False,0
450,5298946.707134074,2.668731164806548,0.06779236446630765,ok,False,True,False,0
451,4811521.634112734,2.987925654294462,0.05199306983700119,ok,False,True,False,0
452,1916035.0780503256,2.9751794712526487,0.07249268779965605,ok,False,True,False,0
453,1994767.8282536985,2.9162676888352097,0.03411300926425864,ok,False,True,False,0
454,2844073.9007851826,2.9768724081197275,0.043803630267860716,ok,False,True,False,0
455,2927792.2060746676,2.6142807996014876,0.04683089805538898,ok,False,True,False,0
456,2273449.5405976702,2.990473432815401,0.028389950578790124,ok,False,True,False,0
457,2130016.381405301,2.9963893414652114,0.04174992709847325,ok,False,True,False,0
458,2819623.5016440726,2.7442828645761277,0.028317110559893388,ok,False,True,False,0
459,2707539.854673496,2.9907818348900745,0.07553285658433137,ok,False,True,False,0
460,2327781.445841249,2.9953904930747877,0.03104355950204507,ok,False,True,False,0
461,1998522.4482324284,2.9955552578647713,0.03915773751025359,ok,False,True,False,0
462,1996305.4351286069,2.7914860516856104,0.030544975203470992,ok,False,True,False,0
463,1916035.0780503256,2.8585490947954857,0.04881845843764809,ok,False,True,False,0
464,1837981.451569313,2.9172501398313564,0.12028448706338096,ok,False,True,False,0
465,1967134.0114109828,2.981417065222742,0.046244231795197654,ok,False,True,False,0
466,3092099.470678574,2.984683004958526,0.03160745068716114,ok,False,True,False,0
467,1929608.8976257143,2.9874586468710955,0.07273882274092638,ok,False,True,False,0
468,1994287.916443282,2.999247643744162,0.04248143824277939,ok,False,True,False,0
469,2313373.304648478,2.9358654447223866,0.02837698057685828,ok,False,True,False,0
470,4516262.554687884,2.973618518952966,0.041228458091992604,ok,False,True,False,0
471,2059294.2059845591,2.735334782592965,0.03839896122052905,ok,False,True,False,0
472,2866847.8450865475,2.9952986548928577,0.054563384411779214,ok,False,True,False,0
473,2376423.325852259,2.9711350069972093,0.03291973133108367,ok,False,True,False,0
474,2977129.7072577365,2.9006537966323807,0.027521216867175124,ok,False,True,False,0
475,1993191.6162734968,2.81353909050591,0.035856184412103254,ok,False,True,False,0
476,2790566.744346166,2.8311460839403955,0.03467621307369828,ok,False,True,False,0
477,2035126.8789596418,2.9387720073307917,0.030725818819966944,ok,False,True,False,0
478,2007771.8411733357,2.8511075648184443,0.025362585930692183,ok,False,True,False,0
479,1996585.6564330736,2.9998345246057556,0.0416656470984296,ok,False,True,False,0
480,2708621.036675398,2.8154819654618617,0.042803263752917764,ok,False,True,False,0
481,2313286.7100599688,2.991011510296105,0.024176825073181085,ok,False,True,False,0
482,2016231.5665217927,2.8933004658534953,0.030719111268957433,ok,False,True,False,0
483,1996361.0227838994,2.9614877227060403,0.04830773322211879,ok,False,True,False,0
484,3708435.320734593,2.488443727268846,0.030988785795737717,ok,False,True,False,0
485,1882190.241073924,2.946796379547287,0.0772178780057509,ok,False,True,False,0
486,1997245.3625884992,2.961827686156384,0.043241589770442124,ok,False,True,False,0
487,2131746.252183,2.814331802846969,0.02915698775336517,ok,False,True,False,0
488,1991073.2993243276,2.9735888380419597,0.041864103433246425,ok,False,True,False,0
489,1858025.9090895548,2.882558623748533,0.1079501876433074,ok,False,True,False,0
490,2007882.7685676208,2.9422229303464134,0.050358388587833536,ok,False,True,False,0
491,2464429.6846352825,2.809148818338561,0.0325237929850411,ok,False,True,False,0
492,1967134.0114109828,2.994802132922551,0.033066759624255315,ok,False,True,False,0
493,2023889.5327651317,2.999028625942026,0.03586159817499235,ok,False,True,False,0
494,4082798.3272380615,2.972876889324429,0.08575260232881718,ok,False,True,False,0
495,2003340.536104525,2.99944926495541,0.04929010959980129,ok,False,True,False,0
496,2882763.699379123,2.8033897400357137,0.029951940517701225,ok,False,True,False,0
497,1992661.496124537,2.9116375967165062,0.026084895511344297,ok,False,True,False,0
498,2014916.401320852,2.9549725883811577,0.01983158570825938,ok,False,True,False,0
499,3497858.1851602243,2.91966817878066,0.029084404773720318,ok,False,True,False,0
500,1916035.0780503256,2.9950349130072227,0.0663514643585249,ok,False,True,False,0
501,1999958.834717786,2.8486488666397083,0.024874983927103855,ok,False,True,False,0
502,1929608.8976257143,2.9940898969073046,0.04872158345153393,ok,False,True,False,0
503,2159220.19495471,2.9971645699122633,0.02910769936698193,ok,False,True,False,0
504,2518258.2283513034,2.9666500012689188,0.03540595505121305,ok,False,True,False,0
505,1845431.27670268,2.9981014451506116,0.12445083625288378,ok,False,True,False,0
506,2994768.480865575,2.9932950014845736,0.05644062088610313,ok,False,True,False,0
507,2067994.3667588863,2.984853355245074,0.03469302043305578,ok,False,True,False,0
508,2263632.6472375854,2.7509982044952546,0.02203636545059054,ok,False,True,False,0
509,1967134.0114109828,2.911121673301369,0.030616361191504227,ok,False,True,False,0
510,2645830.6774454312,2.9040736688708444,0.03559239464691824,ok,False,True,False,0
511,1967134.0114109828,2.857446709100584,0.03135925196050751,ok,False,True,False,0
512,2185432.879734258,2.940936119420723,0.03083376966547846,ok,False,True,False,0
513,1831470.096201781,2.951932342822994,0.1399176036475256,ok,False,True,False,0
514,2053609.3403720402,2.9883352568251036,0.027448235776785457,ok,False,True,False,0
515,1930402.9693967383,2.986469550837902,0.05536574520825864,ok,False,True,False,0
516,2067231.41184321,2.9950268506186823,0.04820324173424673,ok,False,True,False,0
517,2000251.0775093618,2.9983397321034286,0.028867809860645743,ok,False,True,False,0
518,3025916.8105177195,2.995247032429999,0.0705197311022896,ok,False,True,False,0
519,2079083.6897964983,2.9990409504339106,0.026959504536906986,ok,False,True,False,0
520,1993082.0967212517,2.9906645089404327,0.04480917275238705,ok,False,True,False,0
521,1999585.2751530227,2.9951895361990664,0.03493914400051712,ok,False,True,False,0
522,2239599.2542481143,2.827274877104995,0.03430647610464366,ok,False,True,False,0
523,1996538.8258718338,2.99682849183493,0.03934009534089955,ok,False,True,False,0
524,2312650.2709537107,2.865654900400203,0.02062038103680841,ok,False,True,False,0
525,2181526.229086337,2.994995766161547,0.04093436693775443,ok,False,True,False,0
526,1967134.0114109828,2.655188009025569,0.03458275336409705,ok,False,True,False,0
527,2343762.4135142607,2.9913963785888713,0.031011317636171154,ok,False,True,False,0
528,1992573.7048157912,2.7454611031345646,0.047279750285116384,ok,False,True,False,0
529,2273789.1122996532,2.9947925451671766,0.02722860551487094,ok,False,True,False,0
530,2143948.660040172,2.9972747109476474,0.030606038100695843,ok,False,True,False,0
531,2303886.1495800284,2.8543132050755537,0.03733886588773616,ok,False,True,False,0
532,1784304.5492869555,2.9527165050349087,0.16178763821641237,ok,False,True,False,0
533,1967134.0114109828,2.843004446442994,0.028342997152971172,ok,False,True,False,0
534,1967134.0114109828,2.993880209821368,0.041565253784400624,ok,False,True,False,0
535,2024530.6196811527,2.997600020508202,0.027803576479190517,ok,False,True,False,0
536,1929608.8976257143,2.9279569868810293,0.06796645909319393,ok,False,True,False,0
537,1991758.1071266436,2.930163178383201,0.030390946292015553,ok,False,True,False,0
538,2694014.365248542,2.8118157259448084,0.026736773505939282,ok,False,True,False,0
539,1967134.0114109828,2.9102006506124267,0.031667190634769304,ok,False,True,False,0
540,2162709.6493231156,2.900494998101723,0.02623635099362087,ok,False,True,False,0
541,1882190.241073924,2.9728541629658407,0.10966184536973289,ok,False,True,False,0
542,1930402.9693967383,2.9550299040079793,0.048779148440497244,ok,False,True,False,0
543,2012414.850609085,2.958400536339652,0.02432364871982795,ok,False,True,False,0
544,1992498.5618783107,2.993764244971171,0.025910246808801163,ok,False,True,False,0
545,2048357.1838888726,2.9139033251478796,0.028209992250960547,ok,False,True,False,0
546,1993335.4294031537,2.9985215752902596,0.04553667624132046,ok,False,True,False,0
547,1967134.0114109828,2.9984839550899824,0.031300637583266316,ok,False,True,False,0
548,1929608.8976257143,2.925048700129654,0.062146491147102446,ok,False,True,False,0
549,1997457.9401573162,2.831335288620819,0.031078853516031235,ok,False,True,False,0
550,2052672.5605031163,2.9919984737739824,0.042369835234873476,ok,False,True,False,0
551,2004430.363388792,2.9993750857470847,0.03662055436497097,ok,False,True,False,0
552,2616246.90199133,2.9984560687966706,0.05398270988661938,ok,False,True,False,0
553,2020833.2753859973,2.917069811769279,0.018448712033385717,ok,False,True,False,0
554,1991295.305137053,2.994243535031435,0.02605850647101904,ok,False,True,False,0
555,2412735.783801183,2.9530345657610004,0.030372512984246085,ok,False,True,False,0
556,2786186.321243623,2.6750046704357118,0.024502926357265142,ok,False,True,False,0
557,2034741.8451209036,2.938100479470827,0.026018269716758025,ok,False,True,False,0
558,3597437.299348539,2.991447058009615,0.03934092954758037,ok,False,True,False,0
559,1929608.8976257143,2.7087866970590353,0.07394079429517353,ok,False,True,False,0
560,1995465.4187888002,2.957738591234728,0.04956112251646605,ok,False,True,False,0
561,2862588.3422343275,2.7657396072193774,0.03483445349311237,ok,False,True,False,0
562,1991555.613056774,2.9088419258646914,0.023885809217171206,ok,False,True,False,0
563,3013517.164625929,2.9399619167297626,0.052587707888704927,ok,False,True,False,0
564,1967134.0114109828,2.987033649417529,0.03464245114769199,ok,False,True,False,0
565,1994252.9135701212,2.848521039869514,0.023850903993628936,ok,False,True,False,0
566,2198163.368112909,2.998914426930831,0.03914760296973391,ok,False,True,False,0
567,2153734.7286889595,2.968671785087282,0.029474011041205173,ok,False,True,False,0
568,4264249.704891917,2.847513966885139,0.05300328636447832,ok,False,True,False,0
569,7209435.530135403,2.486804590867754,0.11270641162225131,ok,False,True,False,0
570,2874821.443550891,2.99342962557946,0.035832828913231474,ok,False,True,False,0
571,1995980.6736158512,2.9621808775552347,0.020195948554712406,ok,False,True,False,0
572,1931638.1737178247,2.851813805461222,0.04681806180139769,ok,False,True,False,0
573,1967134.0114109828,2.8592117014075633,0.03392108476579209,ok,False,True,False,0
574,1929608.8976257143,2.9622490826673467,0.06469995217701156,ok,False,True,False,0
575,7438223.631024615,2.9502940644668993,0.08487414775784896,ok,False,True,False,0
576,2191145.651594158,2.8634375081264842,0.02876431213455455,ok,False,True,False,0
577,1929608.8976257143,2.973220755341784,0.054003646440161604,ok,False,True,False,0
578,1967134.0114109828,2.992743632200803,0.0322403142025168,ok,False,True,False,0
579,3255569.3884012313,2.995837061447837,0.042845857471224935,ok,False,True,False,0
580,2736667.906673122,2.9567580811928753,0.02383025402304695,ok,False,True,False,0
581,1967134.0114109828,2.989935503259253,0.05283692250981456,ok,False,True,False,0
582,2026219.535215803,2.9788582410012827,0.032711298092249264,ok,False,True,False,0
583,1930402.9693967383,2.988976177423525,0.05127562572160562,ok,False,True,False,0
584,2358102.7976359213,2.9965115379715774,0.021725835071959465,ok,False,True,False,0
585,1998498.0152300335,2.9998537621218206,0.023044945785603232,ok,False,True,False,0
586,2022159.4940131935,2.997560471948608,0.033867071159349504,ok,False,True,False,0
587,1967134.0114109828,2.975021141179961,0.04882883759553763,ok,False,True,False,0
588,1916035.0780503256,2.942923759304847,0.09261867624855503,ok,False,True,False,0
589,2841815.05312774,2.7273191997499704,0.03834545755555263,ok,False,True,False,0
590,2026572.1467665818,2.9915426704439816,0.02618398612218209,ok,False,True,False,0
591,2149341.6157663525,2.969068911349998,0.03785539467655252,ok,False,True,False,0
592,1967134.0114109828,2.904872423267643,0.032900060701080314,ok,False,True,False,0
593,3056902.0955531523,2.998439884031405,0.046251579269704024,ok,False,True,False,0
594,1916035.0780503256,2.678020842283396,0.037123274598724665,ok,False,True,False,0
595,1967134.0114109828,2.981335652046659,0.04473211627973095,ok,False,True,False,0
596,2786285.1798691466,2.9920953087668964,0.06727976324341012,ok,False,True,False,0
597,2048893.8271202033,2.926780865874811,0.020838644412334295,ok,False,True,False,0
598,1882190.241073924,2.9427147894764376,0.08672178321992646,ok,False,True,False,0
599,2233568.270300269,2.9528826314069625,0.024671231260199322,ok,False,True,False,0
600,2130237.779192656,2.954027382437603,0.04859885241845313,ok,False,True,False,0
601,2402582.820303752,2.956268036116466,0.03150314092858808,ok,False,True,False,0
602,2414922.0759992693,2.997328687730568,0.04216639330560454,ok,False,True,False,0
603,2002743.2132612804,2.975756218367111,0.02883661550836142,ok,False,True,False,0
604,1929608.8976257143,2.969552078284954,0.07972475519427608,ok,False,True,False,0
605,1992024.541290619,2.991250339069845,0.048480402811290235,ok,False,True,False,0
606,1929608.8976257143,2.9489594736566422,0.07886999418186111,ok,False,True,False,0
607,1993398.478288994,2.7839716728530215,0.03912772266904185,ok,False,True,False,0
608,1882190.241073924,2.99122759253722,0.08361245817245747,ok,False,True,False,0
609,2293718.817104533,2.9730907338902988,0.028736210565725062,ok,False,True,False,0
610,1967134.0114109828,2.9406937359522054,0.03376397704673095,ok,False,True,False,0
611,1930402.9693967383,2.9336994664933034,0.06780828171099312,ok,False,True,False,0
612,1991636.825169354,2.9977613154774474,0.04027806555700575,ok,False,True,False,0
613,3179582.976040854,2.9955914271104787,0.046333402953659064,ok,False,True,False,0
614,1916035.0780503256,2.99407450050649,0.08562577346355787,ok,False,True,False,0
615,2210603.2077525677,2.99466580805701,0.04657098019653583,ok,False,True,False,0
616,1858025.9090895548,2.9148217254258215,0.1112708482042731,ok,False,True,False,0
617,2019265.734008937,2.737612258403758,0.031336700952512286,ok,False,True,False,0
618,2046958.1890966743,2.968923767868616,0.03175208157131268,ok,False,True,False,0
619,2013819.7447592283,2.8685125954041797,0.0347094666889009,ok,False,True,False,0
620,1777954.6855010367,2.9155841070324406,0.16673092494659764,ok,False,True,False,0
621,3533638.3681983473,2.9993750278411957,0.07830367994073345,ok,False,True,False,0
622,1967134.0114109828,2.994053465659241,0.03254327766532797,ok,False,True,False,0
623,2194777.0587219177,2.9960277547628165,0.05629306573039616,ok,False,True,False,0
624,1930402.9693967383,2.887492206629736,0.04848717033096106,ok,False,True,False,0
625,2009900.8549639832,2.9978404533333816,0.034245564376584936,ok,False,True,False,0
626,1990971.901306433,2.9294219843714857,0.030793080038284626,ok,False,True,False,0
627,3665568.214091032,2.739974828631504,0.04007142470206407,ok,False,True,False,0
628,1931638.1737178247,2.9874686523598886,0.0700135404654161,ok,False,True,False,0
629,2029282.207683071,2.9662167816803056,0.083479777902254,ok,False,True,False,0
630,1991574.87095805,2.9977985004711236,0.04203532953163469,ok,False,True,False,0
631,2007949.2411080599,2.991306178239734,0.01790074960220145,ok,False,True,False,0
632,2006727.2301978474,2.962257696411996,0.022799052736274805,ok,False,True,False,0
633,2022290.6606331035,2.973606371337265,0.050624136387571295,ok,False,True,False,0
634,3776233.6151923435,2.691396744182217,0.061426230509807944,ok,False,True,False,0
635,2004837.8065832409,2.997528769444041,0.04293327844375827,ok,False,True,False,0
636,1931638.1737178247,2.9406048009446604,0.05574223649212757,ok,False,True,False,0
637,1991773.8226385294,2.9432930685313607,0.03065473621706377,ok,False,True,False,0
638,2935797.2633254337,2.9407774457150886,0.035831966949677274,ok,False,True,False,0
639,1967134.0114109828,2.978253329475299,0.031902665805865746,ok,False,True,False,0
640,3164184.9876691545,2.969440011874944,0.03043253341505403,ok,False,True,False,0
641,1993436.7289096655,2.996157203772199,0.04869894119972207,ok,False,True,False,0
642,1882190.241073924,2.9558354516479,0.08176572966006937,ok,False,True,False,0
643,3245480.223805932,2.888418826274111,0.03241751872272303,ok,False,True,False,0
644,6338604.039469764,2.575678486548269,0.08029717460383337,ok,False,True,False,0
645,2044495.185281532,2.944218289328888,0.03884073824498485,ok,False,True,False,0
646,4057950.2921568626,2.9918716002329644,0.05405417461729689,ok,False,True,False,0
647,2020192.592244656,2.984520111564019,0.0372685246583431,ok,False,True,False,0
648,2016315.9567149654,2.844580475294875,0.033974620033910885,ok,False,True,False,0
649,2002180.3874749695,2.9421030318425654,0.030231573232257336,ok,False,True,False,0
650,1997656.9029874362,2.986126982963301,0.0458427820814476,ok,False,True,False,0
651,2023620.5848784319,2.9365963265254864,0.032670936787780436,ok,False,True,False,0
652,1999905.2742518005,2.983722408162196,0.029162984660427826,ok,False,True,False,0
653,2753472.1942251343,2.707847149309665,0.03862562497643629,ok,False,True,False,0
654,2207467.9361486984,2.771485312978843,0.04566568372367091,ok,False,True,False,0
655,1967134.0114109828,2.844121670080688,0.03428224297329174,ok,False,True,False,0
656,2447041.1755242334,2.894148752543943,0.02821401517040778,ok,False,True,False,0
657,2103914.601121613,2.8853355711604953,0.023542735541404458,ok,False,True,False,0
658,1967134.0114109828,2.9945200226129947,0.032161110647265456,ok,False,True,False,0
659,1967134.0114109828,2.9651943948919506,0.04104565213215916,ok,False,True,False,0
660,1967134.0114109828,2.972200754387865,0.048433948698598184,ok,False,True,False,0
661,1967134.0114109828,2.964868690962743,0.04867652126509896,ok,False,True,False,0
662,2191678.83353709,2.901101760371607,0.03073323226061475,ok,False,True,False,0
663,1929608.8976257143,2.9922172993178737,0.05527247133317874,ok,False,True,False,0
664,1990908.1959401187,2.9789689130375203,0.035307170719685144,ok,False,True,False,0
665,2819650.462339205,2.992449727976797,0.03960920782527888,ok,False,True,False,0
666,2976809.084187732,2.9990550594383425,0.06235957718094498,ok,False,True,False,0
667,1993662.1553863434,2.849183169991763,0.030099666216842347,ok,False,True,False,0
668,1858025.9090895548,2.892113570883109,0.1197178846626826,ok,False,True,False,0
669,2763416.0610453933,2.885816506311195,0.03369997299823779,ok,False,True,False,0
670,1992325.3458749186,2.881200342509457,0.028103557001580515,ok,False,True,False,0
671,2396303.168844568,2.8497012240779576,0.02665562887200279,ok,False,True,False,0
672,1967134.0114109828,2.9909585114692767,0.032488562618361416,ok,False,True,False,0
673,1967134.0114109828,2.8945421686960104,0.04378716517333159,ok,False,True,False,0
674,3005081.890867903,2.895237879748154,0.044445848669488974,ok,False,True,False,0
675,4894295.999178383,2.9206038378559542,0.07817432933239232,ok,False,True,False,0
676,2341741.459200032,2.9932386895440715,0.03702180679615685,ok,False,True,False,0
677,2236652.9790538233,2.9994276142310605,0.03857394746907439,ok,False,True,False,0
678,1967134.0114109828,2.9704018160973464,0.03237056293396923,ok,False,True,False,0
679,6434416.006212158,2.9657655610650053,0.0971172269823142,ok,False,True,False,0
680,1929608.8976257143,2.9575626869223344,0.0535214350363208,ok,False,True,False,0
681,2392829.0232512653,2.9922511018219735,0.03181275596300015,ok,False,True,False,0
682,3636865.3410741864,2.8894720370824594,0.03694875728877528,ok,False,True,False,0
683,1992048.8849769263,2.9602611332223483,0.049178315097527014,ok,False,True,False,0
684,2027828.194109595,2.880512689103117,0.025971065361348633,ok,False,True,False,0
685,1967134.0114109828,2.9731383752533547,0.04801344906276289,ok,False,True,False,0
686,1997586.2102785574,2.913738165421112,0.025118560089438857,ok,False,True,False,0
687,5507684.1397798015,2.9538335732232612,0.10700476158535055,ok,False,True,False,0
688,6613328.125366547,2.979633215463952,0.06993401319066439,ok,False,True,False,0
689,2204049.40614692,2.998163113666217,0.03718563736618244,ok,False,True,False,0
690,2259439.6752691874,2.93160502148259,0.023800725410432932,ok,False,True,False,0
691,1845431.27670268,2.9298421977103786,0.11314211290034318,ok,False,True,False,0
692,2634631.9177418146,2.692831946578667,0.033313786398437295,ok,False,True,False,0
693,2044287.1726689476,2.9528084810888817,0.03197541804304438,ok,False,True,False,0
694,1967134.0114109828,2.9211555184532694,0.02225943238829554,ok,False,True,False,0
695,3343505.132394395,2.9537322099783903,0.03853687761933655,ok,False,True,False,0
696,1995570.8701506208,2.983058201738512,0.03212832182979908,ok,False,True,False,0
697,2612223.745497159,2.9709902233741223,0.025727389817948143,ok,False,True,False,0
698,2106730.3530083033,2.9639562117994185,0.038068199455283835,ok,False,True,False,0
699,1991166.3157133684,2.9984814262515425,0.03347071178278854,ok,False,True,False,0
700,2039883.3316452904,2.8532644788311217,0.019603874817354316,ok,False,True,False,0
701,2024317.6527223904,2.923005256199194,0.029618479338164416,ok,False,True,False,0
702,2278744.9372830223,2.993788914311283,0.03470421998294537,ok,False,True,False,0
703,2003283.1951839067,2.9145998408998133,0.02418011553402255,ok,False,True,False,0
704,1882190.241073924,2.9657252230106415,0.09680148644861311,ok,False,True,False,0
705,1967134.0114109828,2.8087792384561956,0.02406228187055004,ok,False,True,False,0
706,2106097.222710263,2.9061706419118143,0.036666341002778324,ok,False,True,False,0
707,1967134.0114109828,2.8612557530220064,0.036895029774413585,ok,False,True,False,0
708,3237223.661139092,2.9905195827898643,0.04016789790686548,ok,False,True,False,0
709,2041343.6049615077,2.9966918002981693,0.023180722603063475,ok,False,True,False,0
710,1837981.451569313,2.9681397171601245,0.14560848106808366,ok,False,True,False,0
711,1845431.27670268,2.916101489213069,0.11413526117378994,ok,False,True,False,0
712,1994631.1136057598,2.913778663881348,0.04942102200850529,ok,False,True,False,0
713,3403316.169473376,2.9966935569003006,0.06798789363343807,ok,False,True,False,0
714,2016396.245296642,2.973964427332731,0.029551151355579508,ok,False,True,False,0
715,2127486.30965479,2.996413810200097,0.03919264593578635,ok,False,True,False,0
716,1967134.0114109828,2.8570555686250967,0.02989446352330838,ok,False,True,False,0
717,1994543.2304799464,2.9969617710298637,0.03430536115614724,ok,False,True,False,0
718,2007466.6685841235,2.917751639454933,0.0330422231841746,ok,False,True,False,0
719,1967134.0114109828,2.920468785004389,0.029946312289727772,ok,False,True,False,0
720,1858025.9090895548,2.969228433182479,0.1057278812829413,ok,False,True,False,0
721,2403777.059424085,2.9838174539455133,0.042236083946417535,ok,False,True,False,0
722,1929608.8976257143,2.988346397411788,0.0631218806393852,ok,False,True,False,0
723,2032933.2331317777,2.999022514571814,0.03177121586189337,ok,False,True,False,0
724,1882190.241073924,2.9860701943272843,0.1054256970704899,ok,False,True,False,0
725,2213476.5223224307,2.8556972921199737,0.02319352525304119,ok,False,True,False,0
726,1929608.8976257143,2.928753369785565,0.0739951750805369,ok,False,True,False,0
727,1929608.8976257143,2.950041732028097,0.057622466709348494,ok,False,True,False,0
728,2000521.3982277138,2.9991683832641156,0.025922848238505103,ok,False,True,False,0
729,2226399.100893756,2.7887472092255443,0.029623581106561936,ok,False,True,False,0
730,2115896.804161138,2.9083345675030925,0.029504660902049562,ok,False,True,False,0
731,2301999.0322778844,2.996441850599092,0.04086855131230588,ok,False,True,False,0
732,1929608.8976257143,2.984089117288235,0.0725119952600944,ok,False,True,False,0
733,1992310.4866430059,2.997693558616821,0.06265947710126485,ok,False,True,False,0
734,1992563.331700432,2.9837730458633303,0.027853254055002274,ok,False,True,False,0
735,1837981.451569313,2.8670008161760334,0.12310948559457828,ok,False,True,False,0
736,1882190.241073924,2.9170616655789483,0.09801139259898306,ok,False,True,False,0
737,2802421.9396011336,2.999220230085286,0.04283244271736664,ok,False,True,False,0
738,3717803.215340242,2.6245349637565965,0.03896898056171599,ok,False,True,False,0
739,2013386.9975713857,2.751687656621397,0.026914590253706905,ok,False,True,False,0
740,3600963.3645386687,2.956764411892178,0.030385614367116953,ok,False,True,False,0
741,2293382.689573164,2.994885066144151,0.060525362434817764,ok,False,True,False,0
742,1929608.8976257143,2.9936664499884964,0.06047658942648712,ok,False,True,False,0
743,2331472.3979515247,2.998123629160668,0.01909324468869611,ok,False,True,False,0
744,2078767.9004123441,2.998842124231663,0.024686769387342558,ok,False,True,False,0
745,1882190.241073924,2.965368777210287,0.09200516128649215,ok,False,True,False,0
746,2002569.3990342661,2.7361440626645535,0.034588715819164007,ok,False,True,False,0
747,1845431.27670268,2.934753494726685,0.11555957041086162,ok,False,True,False,0
748,2048305.284620725,2.9768292690343525,0.0398328307690996,ok,False,True,False,0
749,1994127.4177929799,2.9014964752336896,0.025241752898228276,ok,False,True,False,0
750,1882190.241073924,2.9563192988056994,0.09417255313325291,ok,False,True,False,0
751,2789123.258294699,2.8416881468243385,0.022360301429553364,ok,False,True,False,0
752,3287483.44940135,2.9589371193084446,0.04629583052498226,ok,False,True,False,0
753,1967134.0114109828,2.918983033024077,0.03740920465765307,ok,False,True,False,0
754,1929608.8976257143,2.9490520237993905,0.04579027501643726,ok,False,True,False,0
755,1967134.0114109828,2.9417326218253086,0.03344851873832455,ok,False,True,False,0
756,1929608.8976257143,2.962038629817197,0.07446740975242483,ok,False,True,False,0
757,1998527.3011251413,2.9638467805135074,0.02350902834949692,ok,False,True,False,0
758,2473075.7342238324,2.940007884775742,0.03190648482176875,ok,False,True,False,0
759,2711328.5546383965,2.9986609598489258,0.030595342132718972,ok,False,True,False,0
760,1858025.9090895548,2.9891410747258913,0.10631636317887275,ok,False,True,False,0
761,2205013.9064942664,2.990701448621409,0.035233841004878586,ok,False,True,False,0
762,2010026.0496822335,2.9989063204806623,0.03490025832059629,ok,False,True,False,0
763,2006466.7807863085,2.998749535918612,0.031781226577879296,ok,False,True,False,0
764,2506537.294804731,2.896928479478892,0.03122101376081199,ok,False,True,False,0
765,3032715.193276878,2.8560544521955267,0.03135737010666595,ok,False,True,False,0
766,1930402.9693967383,2.9521918230272743,0.056680165541420205,ok,False,True,False,0
767,2016606.0210437658,2.995886508058628,0.027091252042708347,ok,False,True,False,0
768,2963566.692276436,2.8253582149451715,0.025072340349780675,ok,False,True,False,0
769,2003254.8437895626,2.8157888175990737,0.02873099464677442,ok,False,True,False,0
770,2030693.569812598,2.997706449194526,0.029744265872925668,ok,False,True,False,0
771,2222176.989394416,2.910367098814037,0.025360370671217436,ok,False,True,False,0
772,2734534.9366099467,2.806635149732836,0.028632419958690813,ok,False,True,False,0
773,2810637.4552614824,2.988309684865247,0.03519570472208153,ok,False,True,False,0
774,2058484.4892030056,2.8793110775667587,0.025529327144941383,ok,False,True,False,0
775,2011049.691159319,2.8927625677291777,0.030100850610698338,ok,False,True,False,0
776,4599245.168302764,2.992608665275884,0.08378100889011608,ok,False,True,False,0
777,2479281.426230761,2.9975961674837768,0.04849289904408716,ok,False,True,False,0
778,1995080.163717049,2.9091663473272824,0.027359934568061406,ok,False,True,False,0
779,1967134.0114109828,2.987911218230451,0.028024908718473518,ok,False,True,False,0
780,1784304.5492869555,2.9202448286203437,0.16263489170109685,ok,False,True,False,0
781,1996964.400943616,2.9401920456717496,0.025311356503265436,ok,False,True,False,0
782,2322514.1391505073,2.999508186966466,0.023637498332305662,ok,False,True,False,0
783,1845431.27670268,2.8629459830092614,0.13172841764971382,ok,False,True,False,0
784,2099731.478627018,2.890824704407691,0.030081279434470698,ok,False,True,False,0
785,2013260.1555526366,2.8503020455514805,0.032010152280232185,ok,False,True,False,0
786,1992444.8215432519,2.9321894400504,0.040253052162037894,ok,False,True,False,0
787,2017294.0681355922,2.9674736000424673,0.02766652911221401,ok,False,True,False,0
788,2135756.2104288046,2.915996927625275,0.02670050973080329,ok,False,True,False,0
789,1930402.9693967383,2.958096481093004,0.05478005471550956,ok,False,True,False,0
790,1967134.0114109828,2.8853637688002682,0.03919794880135863,ok,False,True,False,0
791,2029512.3745766245,2.9986745933430816,0.028505744493057594,ok,False,True,False,0
792,2000955.2349618853,2.874840909202033,0.0347370458374775,ok,False,True,False,0
793,3272937.2145622517,2.99462036334642,0.08041427164139503,ok,False,True,False,0
794,2015200.1118135185,2.715510299962164,0.024972209524120312,ok,False,True,False,0
795,1967134.0114109828,2.8362292903073074,0.03243366517602425,ok,False,True,False,0
796,1858025.9090895548,2.9132408527186513,0.1128079702673433,ok,False,True,False,0
797,1929608.8976257143,2.96798515847619,0.06243960845300502,ok,False,True,False,0
798,1967134.0114109828,2.9054911968042454,0.03652099965094424,ok,False,True,False,0
799,2915592.09321698,2.9943429195911913,0.04444804089773213,ok,False,True,False,0
800,1929608.8976257143,2.7949125696519346,0.049764456730916826,ok,False,True,False,0
801,2002013.5834535118,2.9779340671450956,0.029765411414902132,ok,False,True,False,0
802,1784304.5492869555,2.765362209663638,0.1725069502038547,ok,False,True,False,1
803,1930402.9693967383,2.8904673581009233,0.08573091927963553,ok,False,True,False,0
804,2310647.980809246,2.998725838764796,0.04656843206430139,ok,False,True,False,0
805,2077104.3828281518,2.9861935233239985,0.038123766990684316,ok,False,True,False,0
806,2115001.2985855658,2.9863813674139967,0.021827656834641107,ok,False,True,False,0
807,4463606.24995925,2.979076639855175,0.041705895917370395,ok,False,True,False,0
808,3124847.7417861763,2.958954524879278,0.06021202167993811,ok,False,True,False,0
809,2115616.8934911215,2.999896664990028,0.030268580303721787,ok,False,True,False,0
810,1996352.1130190657,2.7672122254100566,0.03270607785917323,ok,False,True,False,0
811,1995736.573813971,2.8103988217425773,0.02848037910211021,ok,False,True,False,0
812,1929608.8976257143,2.9569535316880176,0.05302928438584492,ok,False,True,False,0
813,2964109.639441122,2.66652268384394,0.04452677808121164,ok,False,True,False,0
814,1993238.404396271,2.99320177616904,0.05312940478090156,ok,False,True,False,0
815,1993276.5947556316,2.871592097559067,0.0324244776011281,ok,False,True,False,0
816,2031742.0524787134,2.995482643776927,0.03649560124500956,ok,False,True,False,0
817,1929608.8976257143,2.9783340226897583,0.05859567998520315,ok,False,True,False,0
818,2697313.7325048726,2.99473768166289,0.044688439048116924,ok,False,True,False,0
819,1993257.4158907398,2.80227210354963,0.028044710483908886,ok,False,True,False,0
820,2456137.623199362,2.9977767260616486,0.05220783687743169,ok,False,True,False,0
821,1967134.0114109828,2.90093461773455,0.036683566720712824,ok,False,True,False,0
822,2037919.1279577329,2.839886885229094,0.02070718414013689,ok,False,True,False,0
823,2001006.682353884,2.8415523023387106,0.03595676168406381,ok,False,True,False,0
824,2798085.436767538,2.76117841427074,0.03802868706124385,ok,False,True,False,0
825,1930402.9693967383,2.9591471779732776,0.054310894038848444,ok,False,True,False,0
826,6853712.379910702,2.7815889137284047,0.07329111209550676,ok,False,True,False,0
827,2181700.3339226106,2.8806215286843004,0.028770669897962342,ok,False,True,False,0
828,2099269.4924338013,2.800813513391315,0.02376985784401498,ok,False,True,False,0
829,1992500.3473236202,2.890814809785777,0.04700046272675912,ok,False,True,False,0
830,2265139.3046657536,2.978580095754993,0.03373590424650125,ok,False,True,False,0
831,2028587.280706697,2.896266228209348,0.029120804276171364,ok,False,True,False,0
832,2815853.0044062575,2.9562450863915273,0.03268625241559153,ok,False,True,False,0
833,2015579.9320854917,2.8931875783418435,0.034110555629250916,ok,False,True,False,0
834,1930402.9693967383,2.9313530256464837,0.06708047417395104,ok,False,True,False,0
835,1995653.9290481643,2.957356231766041,0.04130814229752233,ok,False,True,False,0
836,1930402.9693967383,2.9516991149902845,0.06267269244710869,ok,False,True,False,0
837,6145016.710575939,2.9399354924543095,0.08018970619398064,ok,False,True,False,0
838,2403152.6678167214,2.975994220847599,0.02497556774236187,ok,False,True,False,0
839,1931638.1737178247,2.798632688625184,0.04729965166219383,ok,False,True,False,0
840,2060254.759320899,2.9570739545711446,0.03163529763149975,ok,False,True,False,0
841,2055517.8773012059,2.9979385808617804,0.035100585096875886,ok,False,True,False,0
842,2015864.4216849308,2.941635157015826,0.03922724149312745,ok,False,True,False,0
843,2098274.3447583737,2.993824397375306,0.031281829469410494,ok,False,True,False,0
844,1858025.9090895548,2.923298631296433,0.11100606738954985,ok,False,True,False,0
845,1967134.0114109828,2.950500562838232,0.038871987484218384,ok,False,True,False,0
846,2181249.0485561346,2.988352435477584,0.02336451275515658,ok,False,True,False,0
847,2206274.1851269864,2.964983380762233,0.024535097454359223,ok,False,True,False,0
848,1931638.1737178247,2.9801013830260406,0.0642535967732294,ok,False,True,False,0
849,1784304.5492869555,2.8036024046739154,0.1655635621535584,ok,False,True,False,0
850,2034986.491792411,2.9986445145428995,0.03708436351292943,ok,False,True,False,0
851,2712626.0158590903,2.9786082552276616,0.04641588185090628,ok,False,True,False,0
852,1831470.096201781,2.995456928956513,0.13722017552921456,ok,False,True,False,0
853,2095774.0776554863,2.9372809963742066,0.021458403263623804,ok,False,True,False,0
854,2698101.702839726,2.9938732498953096,0.026398951099661505,ok,False,True,False,0
855,1858025.9090895548,2.9770394386099723,0.11357489598487273,ok,False,True,False,0
856,2433265.569412047,2.9972407501233826,0.03481836461349218,ok,False,True,False,0
857,1858025.9090895548,2.918045399781251,0.1178102776295735,ok,False,True,False,0
858,2089880.8633270573,2.9922758625278085,0.05292340935755377,ok,False,True,False,0
859,1993858.5564472233,2.999485429778605,0.039530381124149305,ok,False,True,False,0
860,2903949.6711604665,2.9752153269550066,0.049069561247113536,ok,False,True,False,0
861,3180774.5995535078,2.956898220864093,0.03366903014127831,ok,False,True,False,0
862,1929608.8976257143,2.943855969529175,0.0744311376937559,ok,False,True,False,0
863,2639249.147895352,2.9064317357048974,0.044802688124595536,ok,False,True,False,0
864,1930402.9693967383,2.9512695119862116,0.068584541665586,ok,False,True,False,0
865,1929608.8976257143,2.9893392884418537,0.06191460157417841,ok,False,True,False,0
866,3105668.4017477394,2.9975433000968614,0.03823416446680128,ok,False,True,False,0
867,1967134.0114109828,2.9496278902754915,0.04258148906470968,ok,False,True,False,0
868,1831470.096201781,2.9484599998907712,0.12343688786516771,ok,False,True,False,0
869,1995045.266761336,2.9050817124853268,0.037920509335641395,ok,False,True,False,0
870,2058917.8623537177,2.8386982380579653,0.042850008308482984,ok,False,True,False,0
871,1993535.5565753933,2.903147757338507,0.02250020214444337,ok,False,True,False,0
872,2482427.1922753947,2.8493588916566823,0.025514375501958036,ok,False,True,False,0
873,2015491.231964191,2.9358506649993723,0.03931205122996917,ok,False,True,False,0
874,2182690.805634644,2.9272466658243195,0.031918461405231885,ok,False,True,False,0
875,2551784.098496238,2.999180715568267,0.0719731850229024,ok,False,True,False,0
876,2083314.8788785134,2.9344483590931283,0.0249637345328948,ok,False,True,False,0
877,2195181.898954793,2.9870965118463007,0.03194325769465467,ok,False,True,False,0
878,1995410.3553658456,2.9106682917900324,0.026067419386636814,ok,False,True,False,0
879,2921087.486855384,2.9906517739100247,0.04365198707954865,ok,False,True,False,0
880,1858025.9090895548,2.951472516796124,0.10654416296572605,ok,False,True,False,0
881,2289296.4967412003,2.9993738059757202,0.04482290578787018,ok,False,True,False,0
882,2001124.8523865961,2.9133777709095714,0.03142975025441275,ok,False,True,False,0
883,2061874.9834846791,2.933819264225396,0.01958169456101222,ok,False,True,False,0
884,1991032.4310927757,2.963293863476708,0.0438512060768913,ok,False,True,False,0
885,1991355.7297197245,2.9805842679742716,0.020481948734890953,ok,False,True,False,0
886,2744397.818153452,2.9804098436175632,0.04324522201242792,ok,False,True,False,0
887,2775123.030324587,2.843270818003716,0.037829421906633076,ok,False,True,False,0
888,1929608.8976257143,2.99557159140812,0.04600485733216003,ok,False,True,False,0
889,1929608.8976257143,2.9802064076794146,0.05761542165943186,ok,False,True,False,0
890,2321545.33075087,2.999526748573375,0.04145156487947255,ok,False,True,False,0
891,2432869.228709322,2.7578482731970615,0.028881561471932105,ok,False,True,False,0
892,2148407.7898926977,2.8347476342355433,0.02733461590641345,ok,False,True,False,0
893,1882190.241073924,2.9879553977885225,0.09631301995454106,ok,False,True,False,0
894,1992592.360950033,2.9396752621767703,0.03857284536620342,ok,False,True,False,0
895,1930402.9693967383,2.984863870818665,0.06654882638351396,ok,False,True,False,0
896,2489643.801135447,2.9860258166097013,0.02535646703863398,ok,False,True,False,0
897,2130061.444506688,2.9992353021631906,0.02979749800835063,ok,False,True,False,0
898,1996235.8465627637,2.9967097369580395,0.02968326461996018,ok,False,True,False,0
899,2013578.2436770794,2.9982691024876766,0.038518043432036186,ok,False,True,False,0
900,2002487.9737036726,2.9402343404515827,0.02585261240537673,ok,False,True,False,0
901,2075434.2503304055,2.999883775653534,0.03699657634961351,ok,False,True,False,0
902,2015557.0112697578,2.9982653935992007,0.04156154205925744,ok,False,True,False,0
903,2066790.422985528,2.856109355924458,0.03248554492475342,ok,False,True,False,0
904,1999468.150970918,2.9898074541555815,0.02894221437896838,ok,False,True,False,0
905,2015990.955323579,2.8852897493171055,0.028693799548737742,ok,False,True,False,0
906,2013502.6829648574,2.9961438321345835,0.03301131289417275,ok,False,True,False,0
907,1845431.27670268,2.955528213270487,0.10747676757868352,ok,False,True,False,0
908,2176624.7110307207,2.8050793000651026,0.029197684034110494,ok,False,True,False,0
909,1999960.5456723452,2.936114887880618,0.030376237667831152,ok,False,True,False,0
910,2004130.370181123,2.8913085409536086,0.024081560754942277,ok,False,True,False,0
911,1845431.27670268,2.8784195522570584,0.1212646608107679,ok,False,True,False,0
912,1995679.4406668344,2.9420617989506725,0.024458300587599346,ok,False,True,False,0
913,3427677.5697336583,2.9116135153806635,0.04622036309369282,ok,False,True,False,0
914,3452975.787687306,2.9835475339925854,0.045671842616764824,ok,False,True,False,0
915,1930402.9693967383,2.9583641391665196,0.06696850069730081,ok,False,True,False,0
916,1916035.0780503256,2.8566025402428075,0.05574230235725597,ok,False,True,False,0
917,1929608.8976257143,2.968911357663788,0.07606637892598783,ok,False,True,False,0
918,1929608.8976257143,2.9410857448326815,0.05799938766551484,ok,False,True,False,0
919,1967134.0114109828,2.9650702599625536,0.03801747107848441,ok,False,True,False,0
920,1930402.9693967383,2.913924454646025,0.05805700444402716,ok,False,True,False,0
921,2049306.5007853988,2.9998449893463537,0.03073619709948988,ok,False,True,False,0
922,2365384.1146401986,2.9271542403680946,0.025321693180088145,ok,False,True,False,0
923,2121617.2474362473,2.9972110371207785,0.027274828905252402,ok,False,True,False,0
924,2121516.223593424,2.7295775238597733,0.03381984234125979,ok,False,True,False,0
925,2300681.086252071,2.887470657733526,0.02547507641367311,ok,False,True,False,0
926,3715254.954045797,2.7235895883652566,0.039454575919023016,ok,False,True,False,0
927,3482835.2722559464,2.992044521570627,0.08018163936788616,ok,False,True,False,0
928,1967134.0114109828,2.8746016405287524,0.03697216263272751,ok,False,True,False,0
929,1930402.9693967383,2.9539513723316775,0.05815223844733464,ok,False,True,False,0
930,3407335.252395478,2.9911023808870745,0.04887133006944255,ok,False,True,False,0
931,1991412.1306886978,2.9873588689693182,0.037064315588130725,ok,False,True,False,0
932,2628601.1201682854,2.976951503462912,0.04218407630067528,ok,False,True,False,0
933,2021667.9029324916,2.898828877752326,0.028302816935501074,ok,False,True,False,0
934,1991332.480196022,2.9865053210569013,0.03362857666497088,ok,False,True,False,0
935,1991849.9231902862,2.8819329351450875,0.03531373914819036,ok,False,True,False,0
936,1991804.589288243,2.986307539836802,0.033760558637595084,ok,False,True,False,0
937,1995082.8482433797,2.964726609440476,0.03974806009983878,ok,False,True,False,0
938,1931638.1737178247,2.950953977499098,0.06831520082426319,ok,False,True,False,0
939,8514730.11567752,2.9300579790366497,0.11427558472354504,ok,False,True,False,0
940,2044507.9757774814,2.9991457140402753,0.02191202330092379,ok,False,True,False,0
941,2083393.016465338,2.971545367488924,0.033870216836284966,ok,False,True,False,0
942,2423964.645697254,2.8369846354862935,0.02325068971937827,ok,False,True,False,0
943,1993684.614919503,2.9312973509838516,0.031325805394517015,ok,False,True,False,0
944,1991118.6029393917,2.978848094263237,0.03547583480886041,ok,False,True,False,0
945,1993175.5861166376,2.9999938919965503,0.033094816828284634,ok,False,True,False,0
946,2527457.216446095,2.8947535631655867,0.03274833879985459,ok,False,True,False,0
947,1967134.0114109828,2.999420601545992,0.028696847716782478,ok,False,True,False,0
948,2041551.8493678984,2.9999272951127995,0.033957859817739466,ok,False,True,False,0
949,2014140.8831025532,2.972438541818713,0.0323537916073971,ok,False,True,False,0
950,2005140.389975108,2.997332766322125,0.03682575560211432,ok,False,True,False,0
951,3052462.811372644,2.995544304093931,0.03630668149333033,ok,False,True,False,0
952,2001976.9365107557,2.886294944537532,0.023788564523012035,ok,False,True,False,0
953,2712416.797117206,2.7579764557836057,0.03170564220299299,ok,False,True,False,0
954,3029796.9375518635,2.99549838601029,0.04642784548815759,ok,False,True,False,0
955,3891532.2893202524,2.802154407638067,0.039828040540905496,ok,False,True,False,0
956,4669140.133713276,2.9946757087743934,0.0820729032857973,ok,False,True,False,0
957,3542091.630320607,2.9926437352932673,0.06305211157925195,ok,False,True,False,0
958,1967134.0114109828,2.993146990771216,0.04698948993619512,ok,False,True,False,0
959,2013368.1308163675,2.902786025567103,0.020950555139901295,ok,False,True,False,0
960,1967134.0114109828,2.9988547191611454,0.037236158990799406,ok,False,True,False,0
961,1929608.8976257143,2.9476061386788723,0.060006686938942004,ok,False,True,False,0
962,1991662.3871224073,2.9617153994691083,0.044450720994576365,ok,False,True,False,0
963,2028145.3756178285,2.9339372565891493,0.0487760812387209,ok,False,True,False,0
964,1929608.8976257143,2.941236625665835,0.0734832028699593,ok,False,True,False,0
965,2401715.4716937756,2.9977761685724396,0.03871572809158896,ok,False,True,False,0
966,2336126.252165491,2.94287910267564,0.019445743235818658,ok,False,True,False,0
967,1930402.9693967383,2.986253766207631,0.05601416983084735,ok,False,True,False,0
968,1929608.8976257143,2.9414655245558667,0.05993671325887426,ok,False,True,False,0
969,1967134.0114109828,2.991415485637681,0.03511998465039834,ok,False,True,False,0
970,1858025.9090895548,2.990955403604879,0.10346163629121191,ok,False,True,False,0
971,2018075.6167156987,2.995916314198978,0.049949678130809805,ok,False,True,False,0
972,1967134.0114109828,2.996042495906368,0.04814626208587838,ok,False,True,False,0
973,2074091.8236929735,2.934718534975556,0.03229682484663508,ok,False,True,False,0
974,5094822.220240128,2.980424812375924,0.0593515888877178,ok,False,True,False,0
975,1967134.0114109828,2.9961933921545727,0.04728691852729522,ok,False,True,False,0
976,1858025.9090895548,2.9498268840354793,0.1112783035984273,ok,False,True,False,0
977,2640411.251464934,2.995563104112855,0.058967443776244244,ok,False,True,False,0
978,1929608.8976257143,2.998218103528437,0.10470008134432497,ok,False,True,False,0
979,2154291.351019379,2.7759203970029844,0.02926943434520002,ok,False,True,False,0
980,1916035.0780503256,2.7221476697543006,0.046903378638325915,ok,False,True,False,0
981,2097120.8468438236,2.998597834274324,0.038348070756036634,ok,False,True,False,0
982,3065370.712413167,2.9743154676968824,0.039920362816603105,ok,False,True,False,0
983,1996446.750444842,2.9602822323217666,0.027480913492870185,ok,False,True,False,0
984,2227594.600093364,2.832893381277212,0.033714569692534724,ok,False,True,False,0
985,3564792.057535979,2.995601362136009,0.06305976223215404,ok,False,True,False,0
986,1967134.0114109828,2.9885894039372665,0.03490097393516437,ok,False,True,False,0
987,3487592.9252701146,2.9518711867689813,0.03244751143238922,ok,False,True,False,0
988,1967134.0114109828,2.9814392949927906,0.036184998278914526,ok,False,True,False,0
989,1967134.0114109828,2.9849786180138125,0.054068294553305585,ok,False,True,False,0
990,1930402.9693967383,2.947552763941604,0.04753964345406095,ok,False,True,False,0
991,2002732.7919346285,2.998044476618577,0.04016569462136693,ok,False,True,False,0
992,1967134.0114109828,2.9662578529076242,0.04415397482341166,ok,False,True,False,0
993,1967134.0114109828,2.9785765922831713,0.047603274446835875,ok,False,True,False,0
994,1967134.0114109828,2.995029416745015,0.02785633950629708,ok,False,True,False,0
995,2203984.357602289,2.9756942165858886,0.027915200665111856,ok,False,True,False,0
996,2354399.457315958,2.9354615139645577,0.03163947410412052,ok,False,True,False,0
997,1992804.9820767648,2.999456922479677,0.023151991340781608,ok,False,True,False,0
998,2621644.7752152537,2.9718031134310388,0.051114497576321805,ok,False,True,False,0
999,1999826.0141143014,2.9985602030820324,0.04633710390473911,ok,False,True,False,0
1000,5169721.199409866,2.995096518910866,0.11126030518313779,ok,False,True,False,0
1001,2239855.311439708,2.9986163922305735,0.04311051279678174,ok,False,True,False,0
1002,2046683.6712084224,2.8958359957997746,0.03397277298897767,ok,False,True,False,0
1003,2068766.6652693306,2.997770288988079,0.03128007282698886,ok,False,True,False,0
1004,1992440.4497121363,2.9832003443479342,0.022386174786883206,ok,False,True,False,0
1005,1994614.5505397455,2.972709172968293,0.036946802588385674,ok,False,True,False,0
1006,2653198.1645007418,2.8970270383084746,0.03350765343078882,ok,False,True,False,0
1007,2321590.55106423,2.999906775252837,0.01761156715715867,ok,False,True,False,0
1008,3399252.0586406714,2.991832859794708,0.039669729046442614,ok,False,True,False,0
1009,3422660.2427239832,2.859103470355298,0.02987368066316437,ok,False,True,False,0
1010,2069390.410456923,2.974157076137701,0.030921269367475412,ok,False,True,False,0
1011,2012417.0541835052,2.982002465946696,0.03483228690975909,ok,False,True,False,0
1012,1858025.9090895548,2.9923462756475665,0.10847980105890773,ok,False,True,False,0
1013,1995051.9516127382,2.8006502815344136,0.03153893505669203,ok,False,True,False,0
1014,3237152.84229613,2.9935798609018978,0.03749599657813241,ok,False,True,False,0
1015,1930402.9693967383,2.9844880278214525,0.07405217595739055,ok,False,True,False,0
1016,1967134.0114109828,2.929900059584617,0.03838929615209885,ok,False,True,False,0
1017,2069370.1873709525,2.974383390635721,0.05058858561192464,ok,False,True,False,0
1018,1858025.9090895548,2.9945365065493856,0.11146305167322311,ok,False,True,False,0
1019,2786868.738743917,2.9932158700800073,0.0410354003685488,ok,False,True,False,0
1020,3908464.9648449095,2.9943737697573294,0.08403979315889076,ok,False,True,False,0
1021,2540014.6273450865,2.7035206861408305,0.03799690325069782,ok,False,True,False,0
1022,1997030.1140213457,2.9224780450887082,0.042346694218446834,ok,False,True,False,0
1023,2157706.042198656,2.9991131176261847,0.041416517814338916,ok,False,True,False,0
1024,2510208.747785515,2.8376655217080753,0.03061707024990834,ok,False,True,False,0
1025,1967134.0114109828,2.805048306758346,0.04434697917517205,ok,False,True,False,0
1026,2411443.0921371565,2.837691847187961,0.03529312786213579,ok,False,True,False,0
1027,2273053.28491767,2.9109104908379266,0.043767673434703946,ok,False,True,False,0
1028,3852901.4727934343,2.8350017962173095,0.03600840263947935,ok,False,True,False,0
1029,1967134.0114109828,2.966056505347578,0.026450921499133417,ok,False,True,False,0
1030,1967134.0114109828,2.9872594644203616,0.0645003547362572,ok,False,True,False,0
1031,1930402.9693967383,2.995460624811454,0.07196155417777543,ok,False,True,False,0
1032,2013647.8694976706,2.8692507579919395,0.03364007657239765,ok,False,True,False,0
1033,1967134.0114109828,2.9989766897469963,0.02283194630191861,ok,False,True,False,0
1034,5290382.494679843,2.8997877455025947,0.042389482050295246,ok,False,True,False,0
1035,1991202.538839882,2.9961614937005248,0.061434103651301586,ok,False,True,False,0
1036,2128996.737696922,2.983038627166162,0.030461155708643384,ok,False,True,False,0
1037,1967134.0114109828,2.9950421747279776,0.031572679811349036,ok,False,True,False,0
1038,2662026.100682854,2.9988051551412003,0.05413832656917772,ok,False,True,False,0
1039,2123009.6544457497,2.8027868961998994,0.03655448209790957,ok,False,True,False,0
1040,1967134.0114109828,2.9270042989537473,0.03636840394417162,ok,False,True,False,0
1041,2013158.20671452,2.937624316926077,0.027400349052132067,ok,False,True,False,0
1042,2005060.4690151599,2.9926989025767483,0.05525334833837578,ok,False,True,False,0
1043,2008995.2045624552,2.9791969302436976,0.0299015065977411,ok,False,True,False,0
1044,1992109.3592315437,2.9931634295809637,0.04031008586907758,ok,False,True,False,0
1045,2740895.1267037774,2.7357987674625623,0.04506213318742147,ok,False,True,False,0
1046,1967134.0114109828,2.9817774388440066,0.038114679871645546,ok,False,True,False,0
1047,2662683.977493694,2.99601481506697,0.0356839730594824,ok,False,True,False,0
1048,2005093.2016048133,2.9766015937493564,0.034910695058961605,ok,False,True,False,0
1049,1995336.6324040433,2.9423262438318822,0.032387046328965385,ok,False,True,False,0
1050,2002708.030776998,2.9980561552802483,0.031467824623968355,ok,False,True,False,0
1051,2585258.329003965,2.999069090349437,0.04699552362536469,ok,False,True,False,0
1052,2312529.59509164,2.9262608835646153,0.02501927166815493,ok,False,True,False,0
1053,1931638.1737178247,2.989354513575167,0.0641371017130566,ok,False,True,False,0
1054,2312765.0971241468,2.9956597879693962,0.04474368144096087,ok,False,True,False,0
1055,1991128.4975232766,2.904877256470847,0.032243240177623256,ok,False,True,False,0
1056,1929608.8976257143,2.9400504560889233,0.06358453834834307,ok,False,True,False,0
1057,2644254.465954775,2.859449793328767,0.045172305941281354,ok,False,True,False,0
1058,1930402.9693967383,2.9991655692008714,0.06457704992149206,ok,False,True,False,0
1059,1992799.1463526406,2.9987021465239208,0.047987621666002955,ok,False,True,False,0
1060,2040329.589875668,2.997902382768686,0.04144360951641901,ok,False,True,False,0
1061,2075992.0232025988,2.989365411434706,0.03936027376194107,ok,False,True,False,0
1062,3911630.7524193926,2.9817114969225837,0.052745476222855636,ok,False,True,False,0
1063,2043772.6448942951,2.847994908989741,0.031112408114573498,ok,False,True,False,0
1064,1994274.1297184492,2.952760835173917,0.028829652003860118,ok,False,True,False,0
1065,1967134.0114109828,2.980565110499573,0.040957943145181835,ok,False,True,False,0
1066,2395298.0018386696,2.894944950534393,0.031226233827294725,ok,False,True,False,0
1067,2138378.2079468295,2.997238443090639,0.03165093610168062,ok,False,True,False,0
1068,5729773.313896569,2.9900695491437856,0.09661969163313289,ok,False,True,False,0
1069,2670983.8357257773,2.996240715922341,0.057536170925575,ok,False,True,False,0
1070,1998226.2922607039,2.9546947956868195,0.03632195984925446,ok,False,True,False,0
1071,2076327.0281642883,2.9985819549884134,0.027736871606095725,ok,False,True,False,0
1072,2139440.567243075,2.992444628341379,0.041647008820450804,ok,False,True,False,0
1073,1995152.380683225,2.899093246629829,0.02937280437300463,ok,False,True,False,0
1074,1858025.9090895548,2.9734752548979384,0.10500309059109024,ok,False,True,False,0
1075,1882190.241073924,2.9676735126178135,0.11457700968300208,ok,False,True,False,0
1076,5488107.505864875,2.9831275700129622,0.08978147786025348,ok,False,True,False,0
1077,1995700.0759337076,2.8405671089031155,0.0254081726209342,ok,False,True,False,0
1078,1992011.7952509506,2.9866976403672103,0.03340537353509887,ok,False,True,False,0
1079,3158380.2215456073,2.6644258217536603,0.0420831462806871,ok,False,True,False,0
1080,1967134.0114109828,2.968280723230434,0.056791271754237926,ok,False,True,False,0
1081,1967134.0114109828,2.956351773218911,0.038086932920269545,ok,False,True,False,0
1082,2031622.1191604026,2.997992885742926,0.03111790766649014,ok,False,True,False,0
1083,1929608.8976257143,2.9356098146711176,0.06581430089004603,ok,False,True,False,0
1084,1929608.8976257143,2.9444371900189896,0.06491922386752944,ok,False,True,False,0
1085,1930402.9693967383,2.945386573826772,0.08580826113239945,ok,False,True,False,0
1086,2109451.4902609186,2.978547860342294,0.028328950748789855,ok,False,True,False,0
1087,2112376.756186401,2.997383820109035,0.02959449236820455,ok,False,True,False,0
1088,1967134.0114109828,2.9530201136402,0.027532764358812578,ok,False,True,False,0
1089,3306331.277277289,2.9059800765331945,0.03088469251339826,ok,False,True,False,0
1090,1930402.9693967383,2.952584299205737,0.04243928274538761,ok,False,True,False,0
1091,1993356.8457330172,2.943563559923817,0.021888306971666854,ok,False,True,False,0
1092,1993279.3798902554,2.930158090134534,0.02916035415651197,ok,False,True,False,0
1093,2173747.837488734,2.9418865651079145,0.033267576189336734,ok,False,True,False,0
1094,1995469.147331306,2.981241015867721,0.03855934735634803,ok,False,True,False,0
1095,2068906.9720834328,2.999264706402718,0.037430700680485596,ok,False,True,False,0
1096,2107523.5349588227,2.998919083975179,0.033028436229538244,ok,False,True,False,0
1097,2388422.5201142887,2.998822377188822,0.04985069962355815,ok,False,True,False,0
1098,2001028.356354574,2.981744193638314,0.03110219193861652,ok,False,True,False,0
1099,2982697.71637687,2.9970847722837575,0.03926484231312713,ok,False,True,False,0
1100,1929608.8976257143,2.964199397188956,0.04805707380537473,ok,False,True,False,0
1101,2022936.468649506,2.9848854797989652,0.05554078959923653,ok,False,True,False,0
1102,2021419.8746915653,2.876812113938637,0.03357834605829674,ok,False,True,False,0
1103,3698797.640083182,2.907735565393712,0.044941834664410374,ok,False,True,False,0
1104,2031954.865297775,2.998013688200205,0.06368109212241357,ok,False,True,False,0
1105,1992918.2015655942,2.9776804454905617,0.044674810125568065,ok,False,True,False,0
1106,1845431.27670268,2.8495830429578874,0.1204407232177288,ok,False,True,False,0
1107,3219630.4078539265,2.82685560120501,0.028391735099862148,ok,False,True,False,0
1108,2680235.373594974,2.9994473085943314,0.04189098903617064,ok,False,True,False,0
1109,2764126.150618452,2.9898897289826145,0.06182519899096428,ok,False,True,False,0
1110,2915918.7982314625,2.9999058699771113,0.033014240719720034,ok,False,True,False,0
1111,1996424.3730004102,2.979952183419562,0.03554900223894891,ok,False,True,False,0
1112,1998792.7183628364,2.9847915876141418,0.023071416079859186,ok,False,True,False,0
1113,2212132.8176569743,2.9992415026549955,0.03695975129549339,ok,False,True,False,0
1114,1991681.7619374772,2.9281706841859085,0.02892939059670374,ok,False,True,False,0
1115,2238678.976375589,2.997345607062186,0.040838541774802395,ok,False,True,False,0
1116,3188812.337857277,2.9930377578630907,0.03981919259158964,ok,False,True,False,0
1117,1800304.500194651,2.9626220731865964,0.1605445337830885,ok,False,True,False,0
1118,1990882.031261038,2.989149983165409,0.03211789777281793,ok,False,True,False,0
1119,2004354.6408651911,2.808086289723198,0.046794925918733465,ok,False,True,False,0
1120,2583412.496588729,2.9379851213072667,0.025199003387806673,ok,False,True,False,0
1121,1858025.9090895548,2.8908419004779993,0.10949991394188673,ok,False,True,False,0
1122,5892336.405353575,2.9479973513129254,0.1076877281864872,ok,False,True,False,0
1123,2684550.453559061,2.923588674334498,0.026354749406978253,ok,False,True,False,0
1124,2145833.9922737614,2.913594459889465,0.028232873297980632,ok,False,True,False,0
1125,4299123.569635042,2.793586672357075,0.05373793094319945,ok,False,True,False,0
1126,2954356.334983857,2.9973488889355,0.0452870673393288,ok,False,True,False,0
1127,1991066.4294302359,2.92993693170838,0.02239147017217019,ok,False,True,False,0
1128,2098923.1021294803,2.8568040438242455,0.03309910973694291,ok,False,True,False,0
1129,2236120.3549340805,2.9397128703908386,0.03010923122625017,ok,False,True,False,0
1130,1967134.0114109828,2.903967618232235,0.03199901670503705,ok,False,True,False,0
1131,3550352.8694675504,2.979324543506337,0.060912091210422514,ok,False,True,False,0
1132,2509107.5745083485,2.878545848200787,0.03343913885287875,ok,False,True,False,0
1133,2029440.1004313019,2.926091893107426,0.01735283242814034,ok,False,True,False,0
1134,1929608.8976257143,2.975788209365751,0.054912755882906394,ok,False,True,False,0
1135,1967134.0114109828,2.990496691578235,0.02776202856703347,ok,False,True,False,0
1136,8535163.200702231,2.8279489435541807,0.10461503439178355,ok,False,True,False,0
1137,2464623.0074306875,2.7098186223574774,0.03639651669484256,ok,False,True,False,0
1138,1931638.1737178247,2.9872851286507145,0.056903550574569604,ok,False,True,False,0
1139,1930402.9693967383,2.978680659726888,0.06778029779067293,ok,False,True,False,0
1140,1967134.0114109828,2.9520847397793557,0.028055980471047848,ok,False,True,False,0
1141,1967134.0114109828,2.9271115404337067,0.024362554712455832,ok,False,True,False,0
1142,2080287.7650313075,2.9041463161401735,0.033715119815380556,ok,False,True,False,0
1143,2021724.6960303753,2.9593442372376133,0.02396906314101066,ok,False,True,False,0
1144,1882190.241073924,2.962695546640779,0.10688477229970107,ok,False,True,False,0
1145,2049869.9888222273,2.9971756848545903,0.04616800357660461,ok,False,True,False,0
1146,3318925.0090881176,2.961634249799525,0.048070360023613146,ok,False,True,False,0
1147,3589477.6564576183,2.9989666290617816,0.06304857103360723,ok,False,True,False,0
1148,2864608.8658193364,2.704572577928352,0.048500413833425404,ok,False,True,False,0
1149,3058280.0813938025,2.9906019381504922,0.039341454101917694,ok,False,True,False,0
1150,1999763.883708047,2.802539584278822,0.031153807210657858,ok,False,True,False,0
1151,1931638.1737178247,2.991628479681249,0.05515315081719925,ok,False,True,False,0
1152,2398119.7701262245,2.6783150694067155,0.025343673659000254,ok,False,True,False,0
1153,2057624.3009002085,2.998913535917237,0.06553764857863903,ok,False,True,False,0
1154,1993648.0113721509,2.961735305237184,0.030404734914054266,ok,False,True,False,0
1155,1929608.8976257143,2.9917140235549744,0.06940432248502963,ok,False,True,False,0
1156,1994378.5041658876,2.9314632815955743,0.025073031475411123,ok,False,True,False,0
1157,3008696.8271805714,2.86207062789887,0.04411478114239517,ok,False,True,False,0
1158,2000077.5740776942,2.9483404098637207,0.04632515474868759,ok,False,True,False,0
1159,2010255.5699635244,2.907630568697166,0.02937168742932117,ok,False,True,False,0
1160,2077651.5989447262,2.9163175804459196,0.053003255555563955,ok,False,True,False,0
1161,2201086.4154111,2.9894926435298323,0.03721889128154415,ok,False,True,False,0
1162,1845431.27670268,2.90621987925644,0.11372942448305107,ok,False,True,False,0
1163,2100550.0098161646,2.7904672787938782,0.027148472219812647,ok,False,True,False,0
1164,1967134.0114109828,2.867153494189688,0.041000280795293054,ok,False,True,False,0
1165,1967134.0114109828,2.7438070496737765,0.025270080081202462,ok,False,True,False,0
1166,1994250.5949473246,2.998018521328383,0.047559878264302524,ok,False,True,False,0
1167,2173831.433323025,2.912452228170313,0.028476798155979366,ok,False,True,False,0
1168,2795452.645190744,2.8292835894478565,0.024335454135192197,ok,False,True,False,0
1169,2872420.226666636,2.8744254164087994,0.04014739601678119,ok,False,True,False,0
1170,1993570.5682958022,2.995021442130027,0.027914826629829803,ok,False,True,False,0
1171,2015542.140820016,2.9981678512322016,0.052123332222547586,ok,False,True,False,0
1172,2002638.0856530175,2.9988914103378823,0.03535064589883469,ok,False,True,False,0
1173,2284573.7079224363,2.922509355423043,0.04619978526038715,ok,False,True,False,0
1174,2140295.9276904874,2.998111658772954,0.03313390316365028,ok,False,True,False,0
1175,3333473.283279388,2.9895373690462046,0.06141342216017276,ok,False,True,False,0
1176,2190267.957122041,2.896573460504458,0.03504136801633978,ok,False,True,False,0
1177,4840715.726489595,2.979398085568838,0.07320845928061082,ok,False,True,False,0
1178,1858025.9090895548,2.966085178734355,0.11003069330547158,ok,False,True,False,0
1179,1930402.9693967383,2.943292965036628,0.049912256445310166,ok,False,True,False,0
1180,2006135.660050046,2.7932961704047496,0.047776764991937004,ok,False,True,False,0
1181,1992826.1912995013,2.9972276563980067,0.03797600153742309,ok,False,True,False,0
1182,2445895.603330619,2.864721400131231,0.037096492918641755,ok,False,True,False,0
1183,1994167.0921351626,2.9147747658552374,0.02169953390213558,ok,False,True,False,0
1184,1967134.0114109828,2.970311370887033,0.04439170018375849,ok,False,True,False,0
1185,1993686.909690109,2.9975153483802623,0.037337371528116337,ok,False,True,False,0
1186,2285876.4188847784,2.863704740897882,0.023617274505987162,ok,False,True,False,0
1187,1991908.3985110451,2.987233799712871,0.030160035385622397,ok,False,True,False,0
1188,2079527.895488017,2.998479849137907,0.04385812244340159,ok,False,True,False,0
1189,2076432.705899423,2.956243567906669,0.021362699005519292,ok,False,True,False,0
1190,1995132.3250798222,2.998161937368825,0.025719337230439232,ok,False,True,False,0
1191,1992303.5032299778,2.9866200299734467,0.03913067595369074,ok,False,True,False,0
1192,3428708.4382471154,2.9954089653906673,0.06685128281976926,ok,False,True,False,0
1193,1882190.241073924,2.9684756324270323,0.1005082213280692,ok,False,True,False,0
1194,1993170.5884395854,2.812205754925441,0.02783653802776387,ok,False,True,False,0
1195,2135671.161737645,2.992070444696059,0.026835841338854582,ok,False,True,False,0
1196,2138511.2108450965,2.807222553896217,0.02989618595444221,ok,False,True,False,0
1197,2225313.3186256285,2.9020515527015682,0.03307301994393069,ok,False,True,False,0
1198,1967134.0114109828,2.90444930984098,0.02362453155252542,ok,False,True,False,0
1199,1967134.0114109828,2.9873719430621724,0.049294021284097767,ok,False,True,False,0
1200,1929608.8976257143,2.952295271767611,0.06917210313599337,ok,False,True,False,0
1201,1929608.8976257143,2.96243488969487,0.04801945162974643,ok,False,True,False,0
1202,1993908.3511735739,2.9514637801453,0.035843443830991806,ok,False,True,False,0
1203,2164427.319385819,2.9483598609142465,0.047561818298880065,ok,False,True,False,0
1204,2659270.564708894,2.9995291222266607,0.07039149111129561,ok,False,True,False,0
1205,2162724.9900409044,2.9978458929267964,0.032413434313177905,ok,False,True,False,0
1206,1967134.0114109828,2.987042254951188,0.04672499003808439,ok,False,True,False,0
1207,2517220.0666964697,2.809607618901281,0.030747945142816535,ok,False,True,False,0
1208,1967134.0114109828,2.967690375913559,0.05077117252700486,ok,False,True,False,0
1209,2207919.2279200777,2.9065972117995216,0.029987638343526024,ok,False,True,False,0
1210,2022931.8046200618,2.7899326956972423,0.022317208354688534,ok,False,True,False,0
1211,1930402.9693967383,2.93993698242178,0.06432981784351212,ok,False,True,False,0
1212,1967134.0114109828,2.7642510220895824,0.03953757125667923,ok,False,True,False,0
1213,1882190.241073924,2.847031080391914,0.09578835004643385,ok,False,True,False,0
1214,2424593.765071421,2.9972678193504847,0.039165081700335,ok,False,True,False,0
1215,2624611.2345164963,2.8813056201184706,0.024680569067177083,ok,False,True,False,0
1216,3571885.171985765,2.71648105167454,0.03603843841650223,ok,False,True,False,0
1217,1930402.9693967383,2.9888217950788682,0.05995966553028396,ok,False,True,False,0
1218,2139715.847374369,2.9273522274260895,0.03471479654675491,ok,False,True,False,0
1219,2367021.1505899695,2.829523416915409,0.03419801298321146,ok,False,True,False,0
1220,2150324.177351126,2.9115144429659217,0.026434685010556236,ok,False,True,False,0
1221,1997967.7786302618,2.995125483441064,0.038186010010192395,ok,False,True,False,0
1222,2014086.975492552,2.9997664276421174,0.03110868882563625,ok,False,True,False,0
1223,2024966.3841700638,2.840654741338522,0.03092064238089401,ok,False,True,False,0
1224,1929608.8976257143,2.9875399363227784,0.050160053841016815,ok,False,True,False,0
1225,2567428.6279576216,2.910441475541938,0.0441698249330158,ok,False,True,False,0
1226,2042697.4024897902,2.8687821199646466,0.029361162576735156,ok,False,True,False,0
1227,2124723.970697161,2.997771912191083,0.0438215075358533,ok,False,True,False,0
1228,1845431.27670268,2.884267701121976,0.11501294826367904,ok,False,True,False,0
1229,2421127.0116098365,2.875670104005998,0.02728060697035317,ok,False,True,False,0
1230,1995790.7039313563,2.9839153753851986,0.03860298565183068,ok,False,True,False,0
1231,1916035.0780503256,2.9743775532028285,0.05175075284310038,ok,False,True,False,0
1232,1845431.27670268,2.894583986519369,0.12379444928250843,ok,False,True,False,0
1233,1967134.0114109828,2.9002649498748765,0.028252480727901985,ok,False,True,False,0
1234,1929608.8976257143,2.9987471168993993,0.05661375617454554,ok,False,True,False,0
1235,2784675.1866155225,2.9994169260015093,0.02570012951818368,ok,False,True,False,0
1236,2033053.9451341627,2.879526501392938,0.028585633912711628,ok,False,True,False,0
1237,1930402.9693967383,2.9980181276272564,0.05259301554616552,ok,False,True,False,0
1238,3717691.3278952683,2.991265351944377,0.040566610852890705,ok,False,True,False,0
1239,2518836.529648171,2.94952980322359,0.03664269481929744,ok,False,True,False,0
1240,2560835.7837459343,2.7666564775037177,0.04226112396454085,ok,False,True,False,0
1241,2751588.8230810273,2.9687350387576252,0.03615461112064977,ok,False,True,False,0
1242,2743873.790737561,2.9582617345851245,0.03057259657126471,ok,False,True,False,0
1243,5724578.6087062685,2.9707274818620952,0.10158490051702235,ok,False,True,False,0
1244,1967134.0114109828,2.8879793469697472,0.033550873249199475,ok,False,True,False,0
1245,2383763.2605327237,2.9500864709091927,0.024097663399346825,ok,False,True,False,0
1246,1929608.8976257143,2.956067015201279,0.06304073092346896,ok,False,True,False,0
1247,1929608.8976257143,2.8531698150226292,0.059154319955784795,ok,False,True,False,0
1248,2455022.282050389,2.9993970113271886,0.03703322656021532,ok,False,True,False,0
1249,1929608.8976257143,2.952782067132114,0.07158476866153266,ok,False,True,False,0
1250,1997409.9794415603,2.9290753205222644,0.026927689433189572,ok,False,True,False,0
1251,2560741.6285744198,2.9989787276060973,0.04790929142110267,ok,False,True,False,0
1252,2020181.7002561179,2.9833316363380167,0.040600421944416265,ok,False,True,False,0
1253,2863340.009567455,2.8975127902818136,0.029494208873889316,ok,False,True,False,0
1254,1929608.8976257143,2.875628077845106,0.04157992917067188,ok,False,True,False,0
1255,2191996.1442933483,2.928575641509628,0.028747577829851823,ok,False,True,False,0
1256,1929608.8976257143,2.9251967330549364,0.05872752439290053,ok,False,True,False,0
1257,2035578.5917036443,2.9999980406905324,0.05188146463732113,ok,False,True,False,0
1258,1995494.3982749972,2.97439385837947,0.03907268098174821,ok,False,True,False,0
1259,1992047.0923961066,2.8992291199824365,0.029396005684097837,ok,False,True,False,0
1260,6663364.949679943,2.9968005816863883,0.04090920558171196,ok,False,True,False,0
1261,1999362.3159202512,2.938466880975558,0.029974232691075797,ok,False,True,False,0
1262,2163150.251367125,2.9051907135139103,0.024166823007843174,ok,False,True,False,0
1263,2687466.575822522,2.9509942623124066,0.035345834091701445,ok,False,True,False,0
1264,2010260.6733522387,2.9968942576474324,0.0207820919416144,ok,False,True,False,0
1265,2843131.7772356956,2.9951037064640653,0.0485966999247458,ok,False,True,False,0
1266,2013479.9044402472,2.993695801692864,0.03282705140771505,ok,False,True,False,0
1267,1997042.4306500664,2.794601497808097,0.036937957819357936,ok,False,True,False,0
1268,2813157.488651161,2.9915913055051266,0.044106889654509485,ok,False,True,False,0
1269,2369407.4863116224,2.750836035537023,0.03798392149871843,ok,False,True,False,0
1270,2165785.3898428134,2.9114883837907843,0.029734960979252933,ok,False,True,False,0
1271,2043657.798822713,2.994008885571545,0.04958093847059558,ok,False,True,False,0
1272,2846108.414756366,2.9901394360120426,0.03375230954095837,ok,False,True,False,0
1273,3600924.92613494,2.939807069856694,0.03551374009530428,ok,False,True,False,0
1274,2100921.467613161,2.971540304302545,0.036719703585887276,ok,False,True,False,0
1275,2125079.2447935278,2.999174128866791,0.04719265976253462,ok,False,True,False,0
1276,2897283.6217878326,2.9796223473772256,0.040556253209186544,ok,False,True,False,0
1277,2006409.2805753457,2.954061876766098,0.03500934415807955,ok,False,True,False,0
1278,3193080.4849744444,2.9694128035942304,0.046622738598484925,ok,False,True,False,0
1279,1994220.1925692915,2.9986145144477927,0.029535097688628054,ok,False,True,False,0
1280,1967134.0114109828,2.9818343728674512,0.04097632135827173,ok,False,True,False,0
1281,1882190.241073924,2.9631356698684357,0.09391584155771825,ok,False,True,False,0
1282,3134116.754786789,2.879924466424451,0.039639193442733034,ok,False,True,False,0
1283,1967134.0114109828,2.9779594449460194,0.042194617708011944,ok,False,True,False,0
1284,2224707.9050217257,2.905176262081916,0.0245073291660865,ok,False,True,False,0
1285,2933447.7968226173,2.909945111372447,0.0354452226914031,ok,False,True,False,0
1286,3162095.659859112,2.8320318319040036,0.03583674466381834,ok,False,True,False,0
1287,1931638.1737178247,2.992762195540025,0.06649483054994773,ok,False,True,False,0
1288,2338360.4716972085,2.825232617594768,0.04389470358350611,ok,False,True,False,0
1289,2208072.9035577006,2.956883227383802,0.024290646882238198,ok,False,True,False,0
1290,2145273.8133941167,2.8305639366929967,0.03862660144223784,ok,False,True,False,0
1291,2018542.4164641628,2.858155699604702,0.02363594567640681,ok,False,True,False,0
1292,2833907.2150501306,2.8881912575522035,0.036646276399359135,ok,False,True,False,0
1293,2261547.996225938,2.9574597667214833,0.020996234463964827,ok,False,True,False,0
1294,2490893.1310994523,2.9250866384916554,0.047610831063624015,ok,False,True,False,0
1295,2216183.2377933622,2.8747197206703907,0.031510734535980967,ok,False,True,False,0
1296,1929608.8976257143,2.985584122393691,0.050748650398263866,ok,False,True,False,0
1297,2043788.0386877155,2.999149532216543,0.0364704454680429,ok,False,True,False,0
1298,1931638.1737178247,2.978661287993555,0.056874097178270036,ok,False,True,False,0
1299,2191363.700991602,2.982425090792322,0.02390697523141555,ok,False,True,False,0
1300,3209845.590087921,2.9534494654996597,0.050503300718297006,ok,False,True,False,0
1301,2242490.5760239493,2.999396223374986,0.03549529862948825,ok,False,True,False,0
1302,2296801.5451660687,2.799878748406371,0.04456769697872487,ok,False,True,False,0
1303,2397258.8546727835,2.999724175556528,0.019328517299731077,ok,False,True,False,0
1304,1967134.0114109828,2.783930893071947,0.035818248344818504,ok,False,True,False,0
1305,1916035.0780503256,2.9891240157090984,0.06383789539609011,ok,False,True,False,0
1306,2548156.240377585,2.8773935703314946,0.028429250318563803,ok,False,True,False,0
1307,2228255.0959478496,2.8706578861662173,0.030814334399047683,ok,False,True,False,0
1308,2427005.3352076015,2.9996177285730488,0.04428824883567162,ok,False,True,False,0
1309,1993541.9210297884,2.9674964540402122,0.024551233959221985,ok,False,True,False,0
1310,3542416.0941968174,2.950859724298409,0.049215593537074664,ok,False,True,False,0
1311,1929608.8976257143,2.9982386737368723,0.06821451458216843,ok,False,True,False,0
1312,2059397.7289145263,2.9978100769644493,0.04497429261400632,ok,False,True,False,0
1313,1991885.746456296,2.9439414222504485,0.028441363652821683,ok,False,True,False,0
1314,1967134.0114109828,2.874943811241846,0.04786239071958831,ok,False,True,False,0
1315,1967134.0114109828,2.992420277267735,0.03776530711069259,ok,False,True,False,0
1316,2067427.4081521302,2.999754724370856,0.02971685424366316,ok,False,True,False,0
1317,2017129.6488719296,2.9992396297657002,0.02904838633254192,ok,False,True,False,0
1318,4753284.756159493,2.740559615055859,0.06720510022992121,ok,False,True,False,0
1319,2243802.423774213,2.999370949613393,0.029185009718698113,ok,False,True,False,0
1320,1967134.0114109828,2.9406200642121485,0.031810253870934946,ok,False,True,False,0
1321,2036729.8869278827,2.9276848473902035,0.030758293361169253,ok,False,True,False,0
1322,2910056.491017509,2.986963912608381,0.058679232006278226,ok,False,True,False,0
1323,2097576.8664402817,2.978703538338113,0.024400989463740697,ok,False,True,False,0
1324,1916035.0780503256,2.9952989214627204,0.04581161636970993,ok,False,True,False,0
1325,1967134.0114109828,2.9831983580320856,0.051947964292968773,ok,False,True,False,0
1326,3092506.233497033,2.9921543644764985,0.06920747221785173,ok,False,True,False,0
1327,1993584.6352388202,2.8152844824757706,0.03209080405832576,ok,False,True,False,0
1328,1858025.9090895548,2.9242452045382508,0.11919313429649879,ok,False,True,False,0
1329,1999222.1052704172,2.701636417133485,0.03562292184135296,ok,False,True,False,0
1330,2047799.9722397116,2.9997125133766485,0.03446988979452126,ok,False,True,False,0
1331,4718469.602971824,2.973151582982134,0.08966233275648805,ok,False,True,False,0
1332,2034660.7743299282,2.96419924345289,0.02905421514877271,ok,False,True,False,0
1333,2309257.2266935697,2.8567214413014987,0.027538745765104566,ok,False,True,False,0
1334,2073902.6718480096,2.999284913610577,0.028297287865330922,ok,False,True,False,0
1335,2293753.7374077556,2.99617122817764,0.032200706321684036,ok,False,True,False,0
1336,2019531.4241491605,2.9995493870251133,0.03562804921473195,ok,False,True,False,0
1337,1995246.782851778,2.921592925156763,0.02780720057354269,ok,False,True,False,0
1338,2559051.5533058983,2.9888576388109565,0.04804284250978441,ok,False,True,False,0
1339,2332426.2297435706,2.9332860356904336,0.02858489128902908,ok,False,True,False,0
1340,2008390.0621980308,2.8252198923296543,0.027937505561421272,ok,False,True,False,0
1341,4025618.7397451834,2.5572487803954305,0.03618428188429701,ok,False,True,False,0
1342,2067447.4689597744,2.9737994563926096,0.024830035385169258,ok,False,True,False,0
1343,1967134.0114109828,2.8750313817966022,0.03835845903263124,ok,False,True,False,0
1344,2682835.9694219823,2.866015747925347,0.03384156768210067,ok,False,True,False,0
1345,1882190.241073924,2.9557929389150264,0.08974588336089177,ok,False,True,False,0
1346,1967134.0114109828,2.9769337313085993,0.065988004460134,ok,False,True,False,0
1347,1931638.1737178247,2.950226530519279,0.0615517632396074,ok,False,True,False,0
1348,2148778.245697998,2.9796438951660678,0.030118107105298053,ok,False,True,False,0
1349,1882190.241073924,2.9961441842631618,0.11898104826716514,ok,False,True,False,0
1350,2146417.6964458018,2.999012000771857,0.04601524997791323,ok,False,True,False,0
1351,1929608.8976257143,2.986905801662873,0.05210635659370717,ok,False,True,False,0
1352,1882190.241073924,2.9662921237068494,0.09445258249463727,ok,False,True,False,0
1353,2448537.418793736,2.9967270311484264,0.028037101218352012,ok,False,True,False,0
1354,2619725.036390835,2.820970615429184,0.02936757800661849,ok,False,True,False,0
1355,1991959.015517449,2.8692996989004738,0.027339230753882893,ok,False,True,False,0
1356,4153934.1393618174,2.998824795816958,0.09029919514969331,ok,False,True,False,0
1357,1845431.27670268,2.9946900297993686,0.11200065190108341,ok,False,True,False,0
1358,2981400.951215952,2.867156723589918,0.027117493982357743,ok,False,True,False,0
1359,2013951.1699174843,2.844773741065058,0.02287950477233236,ok,False,True,False,0
1360,2650788.3147844723,2.9792919802336293,0.02775242889317181,ok,False,True,False,0
1361,2330902.283757443,2.9983506330058116,0.03714505942502966,ok,False,True,False,0
1362,2055114.2951910063,2.997004035780238,0.028234444538069448,ok,False,True,False,0
1363,1967134.0114109828,2.988124820007073,0.043305159767803136,ok,False,True,False,0
1364,3037623.679064235,2.8835284710187645,0.043235013592159366,ok,False,True,False,0
1365,1991924.2951387682,2.9995238363732195,0.045563715182999065,ok,False,True,False,0
1366,2682956.967933425,2.942105657856488,0.023760411661997022,ok,False,True,False,0
1367,1882190.241073924,2.8565260151293734,0.11000599361934163,ok,False,True,False,0
1368,2758443.041109358,2.8790083755656415,0.03437981415053293,ok,False,True,False,0
1369,1967134.0114109828,2.881486835730783,0.03727662486251404,ok,False,True,False,0
1370,2536444.455389088,2.774544264859351,0.042749455265532754,ok,False,True,False,0
1371,2411598.938325488,2.9922830170602737,0.028803334291915395,ok,False,True,False,0
1372,1916035.0780503256,2.99365704379109,0.059988564494411034,ok,False,True,False,0
1373,2092941.424169168,2.999276562936003,0.031198638186594074,ok,False,True,False,0
1374,2305080.7658086177,2.8055871434815027,0.02917549417513421,ok,False,True,False,0
1375,2436719.4537805985,2.9966862913959105,0.032678644394917966,ok,False,True,False,0
1376,6114247.611102332,2.9003838506363993,0.10474358218411907,ok,False,True,False,0
1377,1882190.241073924,2.968105422150199,0.09375475731783162,ok,False,True,False,0
1378,2150814.6293896036,2.757957864091963,0.042275262946193104,ok,False,True,False,0
1379,3632853.7641783166,2.989569614420306,0.04212669579099737,ok,False,True,False,0
1380,2185247.746232336,2.9941909669044287,0.03193988255769553,ok,False,True,False,0
1381,1967134.0114109828,2.7700775120733647,0.03270489374615815,ok,False,True,False,0
1382,1967134.0114109828,2.9209682023621637,0.03731853633036608,ok,False,True,False,0
1383,2160951.5774627365,2.8650309569813093,0.023759104077477167,ok,False,True,False,0
1384,2099353.7403286775,2.9989783747294316,0.03876322378520458,ok,False,True,False,0
1385,1967134.0114109828,2.9937351547177355,0.05731432295223275,ok,False,True,False,0
1386,1998735.080862939,2.9823828559934484,0.03649997839968655,ok,False,True,False,0
1387,2095095.6913892706,2.9434577503668837,0.02631252038733145,ok,False,True,False,0
1388,2157648.2320958492,2.9240669877039265,0.04279866553737077,ok,False,True,False,0
1389,1991215.006575223,2.87782478653742,0.03244762259762646,ok,False,True,False,0
1390,1967134.0114109828,2.9704844915384605,0.03762558816004219,ok,False,True,False,0
1391,2373091.204915811,2.8370314024595364,0.02598201950987089,ok,False,True,False,0
1392,3429159.3036717144,2.992114990888396,0.04868763935353804,ok,False,True,False,0
1393,2168257.292082647,2.9950889110335117,0.030252237603170917,ok,False,True,False,0
1394,1994658.9025354192,2.952075932384467,0.021893381757205788,ok,False,True,False,0
1395,1995460.7080463741,2.9549107535214807,0.03277792453783479,ok,False,True,False,0
1396,2753895.4461248037,2.990541864418208,0.035992100376999736,ok,False,True,False,0
1397,2289328.249260259,2.9171633521512152,0.031582593340377885,ok,False,True,False,0
1398,2731058.6190976324,2.7362895964079157,0.034748776368860645,ok,False,True,False,0
1399,2197582.593197109,2.9738244648123673,0.023754959823663102,ok,False,True,False,0
1400,1991569.031771244,2.8689142917742974,0.04705496230233952,ok,False,True,False,0
1401,1994716.5751264745,2.988543043489894,0.038477715490275066,ok,False,True,False,0
1402,2103920.489663891,2.955701273179479,0.027278316085339482,ok,False,True,False,0
1403,2356533.841097174,2.998857917928686,0.05093755195663674,ok,False,True,False,0
1404,1929608.8976257143,2.936738992164,0.08442572056940986,ok,False,True,False,0
1405,3364636.551151962,2.7706043511534664,0.033120972349873434,ok,False,True,False,0
1406,1999840.7692083465,2.947291053842316,0.024313634041230436,ok,False,True,False,0
1407,2044054.4011610565,2.997904179337781,0.02463067733245572,ok,False,True,False,0
1408,1967134.0114109828,2.9787115257854153,0.038306190683423,ok,False,True,False,0
1409,2137610.9552206155,2.997303692230151,0.058860570305062476,ok,False,True,False,0
1410,2089844.670497397,2.9822793023358387,0.030271420162003793,ok,False,True,False,0
1411,2781747.7928025182,2.8087335996945653,0.027808259361977394,ok,False,True,False,0
1412,2004051.3575890616,2.9984787312833294,0.044618313631038964,ok,False,True,False,0
1413,1882190.241073924,2.9621032402935503,0.09300913319003767,ok,False,True,False,0
1414,2501517.817665811,2.9662147539080053,0.02876602389537289,ok,False,True,False,0
1415,2102457.8113958347,2.999572398017524,0.033322376692222405,ok,False,True,False,0
1416,1967134.0114109828,2.971478669449965,0.03134809082864165,ok,False,True,False,0
1417,1967134.0114109828,2.982442725125701,0.05727329524007116,ok,False,True,False,0
1418,2386508.24496129,2.9762402825889978,0.028249399467107028,ok,False,True,False,0
1419,4581460.465816261,2.9970357853666862,0.08050315960776655,ok,False,True,False,0
1420,2348978.1016404466,2.922749915408222,0.024484961106385983,ok,False,True,False,0
1421,2433712.2231345754,2.8330066947900288,0.033020648739944036,ok,False,True,False,0
1422,1929608.8976257143,2.94285403813821,0.059858418802981324,ok,False,True,False,0
1423,1992282.4951603776,2.897401538864652,0.036746807314320895,ok,False,True,False,0
1424,3898018.580614845,2.815329017954859,0.05833789314005566,ok,False,True,False,0
1425,2193054.5110666524,2.7678271163581183,0.027935193644358924,ok,False,True,False,0
1426,1967134.0114109828,2.991748532471143,0.036712609970059096,ok,False,True,False,0
1427,5708314.257021282,2.9173867852106143,0.04564648529599524,ok,False,True,False,0
1428,1999849.5876099884,2.938455051941922,0.04485773212972993,ok,False,True,False,0
1429,1997630.7159158683,2.9699193668677073,0.02788160144805718,ok,False,True,False,0
1430,1997890.2283654665,2.973562803888548,0.04134612604213722,ok,False,True,False,0
1431,1831470.096201781,2.9602657131874963,0.11383477291460628,ok,False,True,False,0
1432,2043360.1387586372,2.8819259560133093,0.034743110523252296,ok,False,True,False,0
1433,1967134.0114109828,2.7708488624806566,0.041276377959092114,ok,False,True,False,0
1434,2063772.450124683,2.970485029106304,0.028300858080704983,ok,False,True,False,0
1435,1967134.0114109828,2.9449936370985683,0.026153370779750884,ok,False,True,False,0
1436,4655209.962215639,2.9442430380060225,0.04365184319494597,ok,False,True,False,0
1437,2007083.9084629507,2.9964848657984513,0.027024422521037983,ok,False,True,False,0
1438,2089164.245067708,2.987532594826134,0.03261304812502802,ok,False,True,False,0
1439,2855745.483118303,2.8690468337954678,0.02740048116864957,ok,False,True,False,0
1440,2609994.483504778,2.9943004313424804,0.03993790062824848,ok,False,True,False,0
1441,4049919.1392638134,2.966669518545996,0.03281163772272977,ok,False,True,False,0
1442,1929608.8976257143,2.9556894867539802,0.06833188070525492,ok,False,True,False,0
1443,2151532.2779668486,2.997601234417383,0.037280769354364585,ok,False,True,False,0
1444,1967134.0114109828,2.992417968822782,0.029099619753680472,ok,False,True,False,0
1445,1882190.241073924,2.9372753598798536,0.09199694929003747,ok,False,True,False,0
1446,2180189.7919247225,2.9961366029269545,0.04587183332225947,ok,False,True,False,0
1447,1993407.775960137,2.9004350219642516,0.020137670983000594,ok,False,True,False,0
1448,1994039.512901531,2.96345310696257,0.0256441528873515,ok,False,True,False,0
1449,1916035.0780503256,2.9991510014662524,0.06572262507662416,ok,False,True,False,0
1450,2020877.0037984243,2.8861610946073073,0.02463828631680942,ok,False,True,False,0
1451,2445094.6374954525,2.9656211532625054,0.027399631549835213,ok,False,True,False,0
1452,1916035.0780503256,2.8756420042329918,0.053402929753372685,ok,False,True,False,0
1453,1967134.0114109828,2.9777355337856597,0.04191512665259467,ok,False,True,False,0
1454,1993857.1876831234,2.9738689481020195,0.04663699712874214,ok,False,True,False,0
1455,2015722.7226402895,2.8330190868918437,0.022273557953367495,ok,False,True,False,0
1456,1992668.8085523024,2.9409913413960824,0.04092262257567414,ok,False,True,False,0
1457,4226144.202795046,2.4606608125530443,0.049257182954083434,ok,False,True,False,0
1458,2008106.8157424587,2.963462338473513,0.03995520284355608,ok,False,True,False,0
1459,2241595.9906411064,2.994815076600678,0.0448869447451728,ok,False,True,False,0
1460,2012150.3975395716,2.9996966785387484,0.05242035607191367,ok,False,True,False,0
1461,1997346.750221446,2.823065788212167,0.05542258459980287,ok,False,True,False,0
1462,1994938.3011231795,2.9681872069496897,0.03305914135321175,ok,False,True,False,0
1463,1995125.44449246,2.977331057567528,0.024915889615226616,ok,False,True,False,0
1464,1882190.241073924,2.9549646476748395,0.07818646216816705,ok,False,True,False,0
1465,2047210.8681639316,2.9914273231971977,0.04748439835363466,ok,False,True,False,0
1466,4380368.128573837,2.8252390299048233,0.07186971445182,ok,False,True,False,0
1467,2367807.9263599142,2.886003213864936,0.022252990075059764,ok,False,True,False,0
1468,2981735.5507098367,2.9952563895537567,0.058632746427562,ok,False,True,False,0
1469,2045741.1582808194,2.9957765172844755,0.03783962927806811,ok,False,True,False,0
1470,3020869.6079887548,2.7111227479763427,0.03536030357854558,ok,False,True,False,0
1471,1930402.9693967383,2.9715597333702686,0.04661456817995087,ok,False,True,False,0
1472,2065492.2298713925,2.961854378650988,0.03157974937067154,ok,False,True,False,0
1473,1929608.8976257143,2.987363450632764,0.06939605008470234,ok,False,True,False,0
1474,2011853.3979984603,2.8077603780924942,0.03668064282479355,ok,False,True,False,0
1475,1967134.0114109828,2.9883277104934347,0.035229829227125656,ok,False,True,False,0
1476,1967134.0114109828,2.9927424983873507,0.059731719764190616,ok,False,True,False,0
1477,2054768.199747567,2.975643897103765,0.018255662186353883,ok,False,True,False,0
1478,1991187.4892076,2.9676717450780705,0.03463843073066142,ok,False,True,False,0
1479,1845431.27670268,2.967252466401389,0.11903525197342735,ok,False,True,False,0
1480,2369312.587290749,2.702337844967106,0.026185957559651585,ok,False,True,False,0
1481,4662855.689485488,2.994325805729372,0.049213376336091144,ok,False,True,False,0
1482,2010078.6695290506,2.9248119750285095,0.02365779086181541,ok,False,True,False,0
1483,2270137.1757688746,2.9970364965999883,0.034032693274767156,ok,False,True,False,0
1484,1967134.0114109828,2.969180219275051,0.05593252293711347,ok,False,True,False,0
1485,1929608.8976257143,2.9499721652684765,0.04907878218090559,ok,False,True,False,0
1486,2000176.2857059252,2.992028491570727,0.05554382352055559,ok,False,True,False,0
1487,4955843.030718711,2.989513484935165,0.0770795481739508,ok,False,True,False,0
1488,1991944.9882728213,2.9950916975837183,0.04517570053139669,ok,False,True,False,0
1489,2055675.4268493927,2.9994797290954365,0.04010064404297614,ok,False,True,False,0
1490,1967134.0114109828,2.909391388040163,0.0310657880714702,ok,False,True,False,0
1491,1967134.0114109828,2.9939911212483565,0.05154569236311668,ok,False,True,False,0
1492,2071648.7861988163,2.8936561658486815,0.02178949593808399,ok,False,True,False,0
1493,2710950.333515055,2.937017998097612,0.033935827514868344,ok,False,True,False,0
1494,2382540.8483104627,2.997869963420741,0.04641082640794325,ok,False,True,False,0
1495,2391563.9156133807,2.927932771579205,0.04318488543068838,ok,False,True,False,0
1496,1967134.0114109828,2.931514879071927,0.028872987785519444,ok,False,True,False,0
1497,2217247.235561945,2.9712917813893647,0.029454543946262457,ok,False,True,False,0
1498,1967134.0114109828,2.877110837270523,0.03128932491683445,ok,False,True,False,0
1499,2114588.980203474,2.999025761483917,0.044718087945511686,ok,False,True,False,0
1500,1929608.8976257143,2.966274462430615,0.05355229832990202,ok,False,True,False,0
1501,1967134.0114109828,2.939899850970801,0.0406611446081554,ok,False,True,False,0
1502,1882190.241073924,2.968216764757458,0.10498030549503455,ok,False,True,False,0
1503,2008736.8050803556,2.948316013691262,0.028838701291993896,ok,False,True,False,0
1504,1858025.9090895548,2.9896721542590496,0.10941749083601646,ok,False,True,False,0
1505,1929608.8976257143,2.9661882656462133,0.054248489439911035,ok,False,True,False,0
1506,2538170.0388280023,2.998664458327766,0.03236154226619936,ok,False,True,False,0
1507,1993427.8803687193,2.8898890266817636,0.0392168711098243,ok,False,True,False,0
1508,3781082.2721072203,2.797492039805319,0.03268132439428806,ok,False,True,False,0
1509,1916035.0780503256,2.9265001217730315,0.09083303219082847,ok,False,True,False,0
1510,1837981.451569313,2.9079369488559896,0.1272565709160998,ok,False,True,False,0
1511,1967134.0114109828,2.942118534555078,0.0428160230929443,ok,False,True,False,0
1512,1930402.9693967383,2.9169895705409834,0.04569522515200486,ok,False,True,False,0
1513,1916035.0780503256,2.9899849207422338,0.06513416432554427,ok,False,True,False,0
1514,2060672.7680451698,2.998886141879196,0.04737840465108556,ok,False,True,False,0
1515,1930402.9693967383,2.973364137566495,0.05988756810669127,ok,False,True,False,0
1516,1967134.0114109828,2.965163192724787,0.03271548037778382,ok,False,True,False,0
1517,2915586.3774724347,2.9371997587977714,0.05103514040733259,ok,False,True,False,0
1518,3324966.1508124457,2.999184603202248,0.055868202688194035,ok,False,True,False,0
1519,1967134.0114109828,2.963831280242977,0.03312744466830175,ok,False,True,False,0
1520,1998678.2358499758,2.998092384480591,0.036316907199591464,ok,False,True,False,0
1521,1837981.451569313,2.9426718117871324,0.10801245462304405,ok,False,True,False,0
1522,1930402.9693967383,2.9808083029767793,0.06140576767279188,ok,False,True,False,0
1523,1929608.8976257143,2.9105332215784876,0.06528581267579367,ok,False,True,False,0
1524,2175350.7110681213,2.7609085605654933,0.02969788125204087,ok,False,True,False,0
1525,1930402.9693967383,2.846286584262274,0.039948118191313164,ok,False,True,False,0
1526,1967134.0114109828,2.8152764110619057,0.027485499782927525,ok,False,True,False,0
1527,1967134.0114109828,2.8506103854499028,0.040028282411648575,ok,False,True,False,0
1528,2081979.316065006,2.893002058669237,0.03810126782301887,ok,False,True,False,0
1529,2139031.30364507,2.961669716482093,0.04111685905094359,ok,False,True,False,0
1530,2343483.738559487,2.7564207605279947,0.029657987601821367,ok,False,True,False,0
1531,1929608.8976257143,2.989238400820673,0.0613686264391074,ok,False,True,False,0
1532,1991756.8777442032,2.94726371713625,0.025543232158807494,ok,False,True,False,0
1533,4022539.11146439,2.978271509849179,0.056713009818299076,ok,False,True,False,0
1534,1967134.0114109828,2.9908981991279937,0.04091226773505771,ok,False,True,False,0
1535,3837748.3092300505,2.9481978885190196,0.03682985784814741,ok,False,True,False,0
1536,2692325.4578470807,2.94669523195149,0.028477296695580412,ok,False,True,False,0
1537,2692778.6839638613,2.994764608973461,0.04624721962080336,ok,False,True,False,0
1538,2010237.520497873,2.9499697160426193,0.048494538508562224,ok,False,True,False,0
1539,1991753.7442641605,2.94234807984225,0.02073318616749975,ok,False,True,False,0
1540,3160758.615377378,2.7981881472027275,0.04326656529869877,ok,False,True,False,0
1541,2262192.496448282,2.99761618027159,0.027247255735258366,ok,False,True,False,0
1542,1882190.241073924,2.9919787286597423,0.10477919032129042,ok,False,True,False,0
1543,2397504.157235843,2.99889311705562,0.04188124705302942,ok,False,True,False,0
1544,1882190.241073924,2.9476814923621735,0.09019181227917787,ok,False,True,False,0
1545,2498660.6398400776,2.991734527179503,0.048808228643652085,ok,False,True,False,0
1546,1845431.27670268,2.885175610389845,0.10296709940563557,ok,False,True,False,0
1547,1991134.2236048344,2.842894182892458,0.022667304471470806,ok,False,True,False,0
1548,2646698.711444824,2.9980828521319483,0.03577947532641801,ok,False,True,False,0
1549,2004729.2795397893,2.9898554229300385,0.04461529318253754,ok,False,True,False,0
1550,1930402.9693967383,2.99849802899584,0.06326382607214773,ok,False,True,False,0
1551,2016557.3716925904,2.9870096901561007,0.04237930314524996,ok,False,True,False,0
1552,2290736.4493763507,2.9353309967470507,0.030756688223369244,ok,False,True,False,0
1553,2749532.3277571583,2.9117382720058433,0.023742325788476792,ok,False,True,False,0
1554,1882190.241073924,2.873092564825248,0.10467161345591391,ok,False,True,False,0
1555,4288371.627654146,2.679016619694775,0.04181298720890203,ok,False,True,False,0
1556,2282496.2332362602,2.9848504438335306,0.04359742279641572,ok,False,True,False,0
1557,1882190.241073924,2.9687068685647695,0.09003557574117355,ok,False,True,False,0
1558,2505854.9023055113,2.996925338458114,0.04559075513500743,ok,False,True,False,0
1559,2472293.4457254433,2.9971062391471808,0.04798350819947106,ok,False,True,False,0
1560,1967134.0114109828,2.966371757167903,0.0267804539325652,ok,False,True,False,0
1561,3258202.2153842305,2.981806431294115,0.031359958290387235,ok,False,True,False,0
1562,3334197.3673864705,2.993627356942071,0.03427452009531595,ok,False,True,False,0
1563,1967134.0114109828,2.9822203166027723,0.04309137100227611,ok,False,True,False,0
1564,1930402.9693967383,2.9994657662079334,0.0808133760555993,ok,False,True,False,0
1565,2198287.5974075347,2.8772466102136525,0.02962774587384026,ok,False,True,False,0
1566,1929608.8976257143,2.9905242470661575,0.06496235555191165,ok,False,True,False,0
1567,1929608.8976257143,2.9748007567511694,0.061638076878181194,ok,False,True,False,0
1568,1991482.4413648532,2.910412330107261,0.04638072727729592,ok,False,True,False,0
1569,1995734.2488792092,2.8155121532711256,0.028535226091814914,ok,False,True,False,0
1570,2658353.647489409,2.938955931363849,0.028555689866630707,ok,False,True,False,0
1571,2021470.214222863,2.797340181614369,0.02099813620802571,ok,False,True,False,0
1572,1930402.9693967383,2.9552801648202047,0.06962157337210428,ok,False,True,False,0
1573,1929608.8976257143,2.9636948191453816,0.05877009860897758,ok,False,True,False,0
1574,2351396.641460586,2.9959170062365867,0.03948825647933629,ok,False,True,False,0
1575,1967134.0114109828,2.803465372014503,0.02386753427543059,ok,False,True,False,0
1576,2186097.4128334196,2.9975958248001797,0.028884968103274233,ok,False,True,False,0
1577,4058414.019511419,2.8574579227111823,0.04964203583075738,ok,False,True,False,0
1578,1993632.297768777,2.9671001815291635,0.031041385781353514,ok,False,True,False,0
1579,3522197.9921734827,2.9284769573205782,0.02639594314394722,ok,False,True,False,0
1580,3643768.877368678,2.9161896278668253,0.03878825102292527,ok,False,True,False,0
1581,3059635.6806269586,2.9895422421356184,0.030701424722250792,ok,False,True,False,0
1582,1991666.9093041713,2.8458422437213478,0.04516537133510823,ok,False,True,False,0
1583,3057600.0619006604,2.855753633169756,0.03850535859430482,ok,False,True,False,0
1584,1998638.4654357685,2.9724431126635897,0.03185225920927093,ok,False,True,False,0
1585,1882190.241073924,2.9328886351874752,0.08508684266654959,ok,False,True,False,0
1586,2009194.8246820373,2.99674465604307,0.03974283606076795,ok,False,True,False,0
1587,1837981.451569313,2.9707654668738313,0.11189868015026225,ok,False,True,False,0
1588,1991441.5884698224,2.9527786595201206,0.022244439683532957,ok,False,True,False,0
1589,1929608.8976257143,2.9749934744601254,0.042773844082668766,ok,False,True,False,0
1590,3022518.8152353503,2.99443081326109,0.03635922090039445,ok,False,True,False,0
1591,1882190.241073924,2.989757492267659,0.07935222965191532,ok,False,True,False,0
1592,1967134.0114109828,2.9683667181730087,0.052367297251009526,ok,False,True,False,0
1593,1930402.9693967383,2.91045128258071,0.056121527873509776,ok,False,True,False,0
1594,2274169.7552936664,2.9892933266603796,0.031715106213096034,ok,False,True,False,0
1595,2170191.5415060646,2.9954081943104645,0.020801927876307913,ok,False,True,False,0
1596,2656155.85918175,2.9291805293569864,0.02589193710930443,ok,False,True,False,0
1597,1992094.8509482734,2.9408708243493704,0.02814642296915526,ok,False,True,False,0
1598,7233154.322212225,2.93083651917204,0.08305579915890449,ok,False,True,False,0
1599,1967134.0114109828,2.842117807337952,0.039944152712893755,ok,False,True,False,0
1600,2387927.3325722823,2.998107893705905,0.0315238131511868,ok,False,True,False,0
1601,1837981.451569313,2.858335675131994,0.1264669030239155,ok,False,True,False,0
1602,2009719.715971263,2.905419149035701,0.030928544698972105,ok,False,True,False,0
1603,2549060.1874893103,2.9031401759070046,0.03888753931017183,ok,False,True,False,0
1604,1991298.5551348971,2.7938841023076257,0.034906572131960356,ok,False,True,False,0
1605,2044393.1459227186,2.9951890845510674,0.024514862786628122,ok,False,True,False,0
1606,2207067.2476311247,2.9937608437618684,0.032937467974345214,ok,False,True,False,0
1607,1882190.241073924,2.9592723058170547,0.11546050962391578,ok,False,True,False,0
1608,1992315.1816627148,2.988069293779118,0.024964070143207673,ok,False,True,False,0
1609,1858025.9090895548,2.9057021237046676,0.10442211901337224,ok,False,True,False,0
1610,1929608.8976257143,2.959981177914808,0.08585443800234416,ok,False,True,False,0
1611,2057595.1665171045,2.9030291644807518,0.03204676691021158,ok,False,True,False,0
1612,1993692.1499428751,2.8731134942081074,0.024361510863789126,ok,False,True,False,0
1613,1967134.0114109828,2.9133949999528927,0.027381404337506576,ok,False,True,False,0
1614,2639020.5804004264,2.9811612535055745,0.025047301390183324,ok,False,True,False,0
1615,5747768.9872199735,2.991908424483835,0.05154212746077935,ok,False,True,False,0
1616,2222102.560393358,2.9984357763220038,0.05330980972282162,ok,False,True,False,0
1617,4188212.0629342743,2.9990998689046284,0.03998646286579802,ok,False,True,False,0
1618,6447285.408705151,2.961388803648175,0.07298718067366616,ok,False,True,False,0
1619,2063367.5985669564,2.999382640371607,0.0414365212670047,ok,False,True,False,0
1620,1929608.8976257143,2.9937531671516266,0.06739159492789965,ok,False,True,False,0
1621,1991684.6081643638,2.9888924626770494,0.03475111445205503,ok,False,True,False,0
1622,2060627.3365932861,2.859426568310222,0.031475678609967334,ok,False,True,False,0
1623,2002700.9762389965,2.9903933268478444,0.035514395899193474,ok,False,True,False,0
1624,1882190.241073924,2.9466726697423105,0.10986064782240387,ok,False,True,False,0
1625,1991322.1649850726,2.7804479025831146,0.048910282169713604,ok,False,True,False,0
1626,1858025.9090895548,2.92905456989071,0.09964241743519617,ok,False,True,False,0
1627,2010333.582014602,2.9960961922980447,0.034450471596034815,ok,False,True,False,0
1628,5410699.840124273,2.999418160402168,0.06498638092256048,ok,False,True,False,0
1629,2026405.5260503176,2.999658713018402,0.0511221994524626,ok,False,True,False,0
1630,2157922.4014925933,2.800419768381524,0.027903420232358256,ok,False,True,False,0
1631,1967134.0114109828,2.922538085951303,0.032379941331069695,ok,False,True,False,0
1632,2006967.5088347984,2.9305353213467296,0.024493330346671505,ok,False,True,False,0
1633,1993009.522119906,2.9886004705073725,0.04738476894328214,ok,False,True,False,0
1634,2028633.242895161,2.916202896777879,0.029242016361552325,ok,False,True,False,0
1635,2394552.6922082477,2.99651486317992,0.06681372811601638,ok,False,True,False,0
1636,1967134.0114109828,2.910400379152022,0.03305174134321198,ok,False,True,False,0
1637,1929608.8976257143,2.967963249607049,0.0505006435526168,ok,False,True,False,0
1638,2176326.542760472,2.9100391755067205,0.025925858717794403,ok,False,True,False,0
1639,1995179.0794458962,2.8456407820541805,0.027681851112432487,ok,False,True,False,0
1640,1992331.0838000346,2.8981030685566527,0.03526447140213407,ok,False,True,False,0
1641,1882190.241073924,2.965001794454083,0.10725814297466546,ok,False,True,False,0
1642,1967134.0114109828,2.988147267966469,0.053771742217153196,ok,False,True,False,0
1643,2010276.2831649987,2.932643192479972,0.02255099591330978,ok,False,True,False,0
1644,1991913.9581860541,2.923407793885455,0.021051110749501778,ok,False,True,False,0
1645,1993284.5848668683,2.9211424849892555,0.0338631995593508,ok,False,True,False,0
1646,1929608.8976257143,2.9919492404876493,0.04023229791371513,ok,False,True,False,0
1647,2257924.157818412,2.8557131011976082,0.028689053338989634,ok,False,True,False,0
1648,2735850.5388286267,2.989807127221371,0.029442571621616065,ok,False,True,False,0
1649,2125215.696883372,2.814243262750653,0.026051096721059264,ok,False,True,False,0
1650,1831470.096201781,2.99808103677576,0.128023240939668,ok,False,True,False,0
1651,2620151.485538251,2.922276349219379,0.04064441605469926,ok,False,True,False,0
1652,2130200.715176926,2.9202184693737037,0.031226405540879965,ok,False,True,False,0
1653,2672492.7862184066,2.9750442822549363,0.03893940156988379,ok,False,True,False,0
1654,1993073.574400218,2.8457585662054328,0.025913728758826915,ok,False,True,False,0
1655,2002524.5932851455,2.996110949661081,0.028916883796155535,ok,False,True,False,0
1656,1998177.2311903464,2.9598967931680034,0.028563004063172012,ok,False,True,False,0
1657,2020452.0366764395,2.872740884386929,0.023373011050760617,ok,False,True,False,0
1658,2011319.4585382885,2.9630916617485292,0.03633612206784906,ok,False,True,False,0
1659,2109491.648538782,2.8706738284883944,0.01714994486349508,ok,False,True,False,0
1660,2610194.050643603,2.992084656578439,0.03408166690369452,ok,False,True,False,0
1661,1967134.0114109828,2.9895645059018356,0.025239799510888783,ok,False,True,False,0
1662,1929608.8976257143,2.98860910046146,0.058754156395753473,ok,False,True,False,0
1663,2422310.1200325266,2.9977299771041155,0.029209427968330204,ok,False,True,False,0
1664,3058337.002697253,2.6293877915021486,0.04445387139323287,ok,False,True,False,0
1665,6264778.106869476,2.8276406274598,0.0460167949242416,ok,False,True,False,0
1666,2030600.3515498631,2.9596288740653582,0.04283103191465776,ok,False,True,False,0
1667,1999555.486743087,2.9034533566820415,0.02921856511444665,ok,False,True,False,0
1668,2046365.5961660715,2.999463907614513,0.028974960684856436,ok,False,True,False,0
1669,2007420.5061922502,2.980648364420066,0.028456902778621895,ok,False,True,False,0
1670,1929608.8976257143,2.9437490278434884,0.059908497642729736,ok,False,True,False,0
1671,1929608.8976257143,2.855403244819791,0.04082005414840717,ok,False,True,False,0
1672,1858025.9090895548,2.9218161934925293,0.11616153736869392,ok,False,True,False,0
1673,2104391.6624675356,2.9754322025121436,0.0252200097103783,ok,False,True,False,0
1674,1930402.9693967383,2.9769786237287046,0.036438817969916326,ok,False,True,False,0
1675,1967134.0114109828,2.9931676330337424,0.03592717634259303,ok,False,True,False,0
1676,2017912.2403411325,2.9072084236340374,0.02618441461963228,ok,False,True,False,0
1677,2460984.136783266,2.9979180988831002,0.029543267596184142,ok,False,True,False,0
1678,4295759.742464473,2.888294185911542,0.05709435383343575,ok,False,True,False,0
1679,1992102.831367777,2.9740777381276864,0.02064183978553158,ok,False,True,False,0
1680,2146520.4587927973,2.994883383926244,0.03985307830403831,ok,False,True,False,0
1681,2081390.2291251465,2.997504474220479,0.04249757339440763,ok,False,True,False,0
1682,1967134.0114109828,2.955772002822357,0.031248768938591298,ok,False,True,False,0
1683,1991566.3458626631,2.9376511402001015,0.019446297191822504,ok,False,True,False,0
1684,2059206.079737035,2.9447736773004594,0.022400038944538347,ok,False,True,False,0
1685,2675661.1675987574,2.936820834539124,0.02698522257626057,ok,False,True,False,0
1686,3101683.874779235,2.9684074420780115,0.03935257759108396,ok,False,True,False,0
1687,1992265.6979236782,2.9917607651444857,0.02634955769704611,ok,False,True,False,0
1688,1992420.4093054067,2.9445270949632083,0.04201407835634696,ok,False,True,False,0
1689,1882190.241073924,2.945408563355395,0.0898903843743616,ok,False,True,False,0
1690,2039772.5936165066,2.911250773135916,0.03289032985174145,ok,False,True,False,0
1691,2065189.6945061756,2.949571140113896,0.028256916826213785,ok,False,True,False,0
1692,1967134.0114109828,2.997843280495728,0.03310098670474748,ok,False,True,False,0
1693,2011033.1967952778,2.950803572769815,0.021133102298906747,ok,False,True,False,0
1694,1994342.1090120443,2.845952210059217,0.032246880497145525,ok,False,True,False,0
1695,1997791.865754471,2.9326701107753506,0.02493243970891701,ok,False,True,False,0
1696,2000809.5514695293,2.998341769597391,0.056720495138748134,ok,False,True,False,0
1697,1991223.3720148948,2.980582184829279,0.0238410145742452,ok,False,True,False,0
1698,2009448.0520801018,2.999150031633196,0.014989769187865654,ok,False,True,False,0
1699,1967134.0114109828,2.89647018656452,0.028476500610565503,ok,False,True,False,0
1700,2110277.0136420145,2.8953724759343356,0.02186445470299632,ok,False,True,False,0
1701,2118097.641306626,2.953081644703345,0.01686623629006967,ok,False,True,False,0
1702,2059897.327487955,2.9999461454970424,0.043174228088036004,ok,False,True,False,0
1703,1999018.3236621225,2.962320124280118,0.04642646477122658,ok,False,True,False,0
1704,1996993.7885824556,2.9485636962808996,0.03790456143944576,ok,False,True,False,0
1705,1882190.241073924,2.956472362182058,0.07475164310076929,ok,False,True,False,0
1706,2265317.719482304,2.999737242877332,0.043642670750845575,ok,False,True,False,0
1707,3274609.86925563,2.833891728555395,0.043192658683855745,ok,False,True,False,0
1708,1992005.2149274594,2.999645848846062,0.0351642792538015,ok,False,True,False,0
1709,1930402.9693967383,2.9448138875409864,0.04539529658017455,ok,False,True,False,0
1710,1999012.1064187184,2.971723252837993,0.03487396310537144,ok,False,True,False,0
1711,1967134.0114109828,2.9570645537381486,0.035400814546096004,ok,False,True,False,0
1712,2013550.6702489785,2.9882436666523944,0.040831996782327185,ok,False,True,False,0
1713,1967134.0114109828,2.8465378953456253,0.03976634977686189,ok,False,True,False,0
1714,5791695.759071595,2.899536975986696,0.09906724710583426,ok,False,True,False,0
1715,2082546.8073205606,2.749129708377069,0.02268262796192211,ok,False,True,False,0
1716,3270925.544294705,2.9978996231980335,0.04811534634436082,ok,False,True,False,0
1717,3410938.115941816,2.8331134616938773,0.0411043694191916,ok,False,True,False,0
1718,1967134.0114109828,2.9798495147477047,0.03951503608492096,ok,False,True,False,0
1719,2406292.7146604215,2.7379462894073976,0.027606364607429934,ok,False,True,False,0
1720,1858025.9090895548,2.9397090177287994,0.12182861428008442,ok,False,True,False,0
1721,3094541.5640198523,2.990553672324202,0.04668329925727177,ok,False,True,False,0
1722,1991720.482394298,2.8851419016506874,0.03940740517176744,ok,False,True,False,0
1723,2118127.5802554847,2.9758131994367085,0.02282385890867189,ok,False,True,False,0
1724,1930402.9693967383,2.9702810591342557,0.06813709010036673,ok,False,True,False,0
1725,2215818.269934213,2.8647260236294865,0.020696042204343623,ok,False,True,False,0
1726,2577394.059648537,2.9981632161987593,0.03526400074822787,ok,False,True,False,0
1727,4890545.608466562,2.998696953211988,0.1124418602569518,ok,False,True,False,0
1728,2006133.1038773828,2.905827984773375,0.02431493626857406,ok,False,True,False,0
1729,1998853.4870258262,2.833725934634451,0.03222411786625279,ok,False,True,False,0
1730,3112697.139408347,2.9870754499005026,0.09729782559575015,ok,False,True,False,0
1731,2226713.12616426,2.9981375548742735,0.0336040954516329,ok,False,True,False,0
1732,1929608.8976257143,2.9839562883469632,0.06885503118051567,ok,False,True,False,0
1733,1997479.5498081765,2.8817791231002454,0.03066381557092701,ok,False,True,False,0
1734,2556418.434251264,2.874584960599042,0.02252664174684238,ok,False,True,False,0
1735,2318375.861440443,2.943749873722025,0.029314066387665316,ok,False,True,False,0
1736,1929608.8976257143,2.995415174578381,0.053103438692077086,ok,False,True,False,0
1737,1992663.4047331312,2.8283680821453845,0.027546711915405808,ok,False,True,False,0
1738,1967134.0114109828,2.9974945668854063,0.04061696688558014,ok,False,True,False,0
1739,2378704.0967162424,2.9939903509032972,0.05079650039343242,ok,False,True,False,0
1740,1967134.0114109828,2.9768985961878585,0.028298963979674352,ok,False,True,False,0
1741,2399302.292519539,2.9289082557046235,0.027724849938615015,ok,False,True,False,0
1742,1930402.9693967383,2.941872133277185,0.07487458075816522,ok,False,True,False,0
1743,1967134.0114109828,2.9172353354297598,0.042620831316419805,ok,False,True,False,0
1744,1929608.8976257143,2.8140643079863654,0.04979856640025446,ok,False,True,False,0
1745,1916035.0780503256,2.999658024091166,0.07788352228160472,ok,False,True,False,0
1746,1993985.7710410417,2.8518184698322906,0.03531719428120683,ok,False,True,False,0
1747,3019943.4535122495,2.756191507449076,0.03547863171221066,ok,False,True,False,0
1748,1996210.2418697644,2.999633665027777,0.047031009886132846,ok,False,True,False,0
1749,1845431.27670268,2.9336680161231987,0.11239754141870752,ok,False,True,False,0
1750,1967134.0114109828,2.9808428802309166,0.03962909761674169,ok,False,True,False,0
1751,1967134.0114109828,2.976317000601206,0.039035825427305215,ok,False,True,False,0
1752,1967134.0114109828,2.9710372460827257,0.044178217277746235,ok,False,True,False,0
1753,2578741.5963304993,2.896227850317016,0.03730907482328119,ok,False,True,False,0
1754,2573207.783284386,2.9969187710978358,0.052896799979207154,ok,False,True,False,0
1755,1994833.3654155354,2.9724617107016083,0.030684322624885074,ok,False,True,False,0
1756,1967134.0114109828,2.938030156294313,0.026418781863085553,ok,False,True,False,0
1757,2353011.9180276254,2.919605277222895,0.033745384723354754,ok,False,True,False,0
1758,2631652.682092158,2.999682001111224,0.04392688554989477,ok,False,True,False,0
1759,1994880.3667270413,2.9230686617176382,0.061325384890282886,ok,False,True,False,0
1760,2078808.0451555217,2.993673323524181,0.023496539262863214,ok,False,True,False,0
1761,4175897.068133083,2.8698868526924812,0.03958036656911457,ok,False,True,False,0
1762,1929608.8976257143,2.983587804429007,0.05468112367331213,ok,False,True,False,0
1763,5252955.758155471,2.669981102515451,0.06318842570227179,ok,False,True,False,0
1764,1994839.811957711,2.9153316472986015,0.02700373944693174,ok,False,True,False,0
1765,1929608.8976257143,2.9472496711965706,0.06881141179219463,ok,False,True,False,0
1766,2427523.413033835,2.9723958169813067,0.018201307978768233,ok,False,True,False,0
1767,1991003.4769140657,2.8389052880768615,0.032936310077689934,ok,False,True,False,0
1768,1929608.8976257143,2.955596678956393,0.051159967669822365,ok,False,True,False,0
1769,2779648.201164486,2.934812580139794,0.0373492179329592,ok,False,True,False,0
1770,2722075.1842943807,2.622782505859382,0.04087746498886036,ok,False,True,False,0
1771,1967134.0114109828,2.9316684933858657,0.025753929922487484,ok,False,True,False,0
1772,1882190.241073924,2.9422056629694815,0.10892701271740002,ok,False,True,False,0
1773,3639244.42053124,2.9913443097452905,0.03640540428199196,ok,False,True,False,0
1774,3328093.879784632,2.9945797151143143,0.04463542685537297,ok,False,True,False,0
1775,2275280.6618286436,2.9996893122027712,0.03315266809357731,ok,False,True,False,0
1776,2023694.8656711257,2.9803912578418075,0.04046230112225002,ok,False,True,False,0
1777,2463621.552680184,2.9956837618722036,0.03882157442908396,ok,False,True,False,0
1778,1929608.8976257143,2.991639071423723,0.05671317919209292,ok,False,True,False,0
1779,1929608.8976257143,2.956997494664942,0.07489393638158037,ok,False,True,False,0
1780,3985110.837065543,2.982248039803057,0.10017773464666477,ok,False,True,False,0
1781,2016085.8021852386,2.9976787398405182,0.035774031112171256,ok,False,True,False,0
1782,2619889.638666379,2.9396322992788377,0.028933880709830842,ok,False,True,False,0
1783,2115631.6524178716,2.91838700847709,0.04010119112013155,ok,False,True,False,0
1784,2540220.060357104,2.799545221122148,0.023727719730318064,ok,False,True,False,0
1785,2939955.349463246,2.9944208299658603,0.030093252504972634,ok,False,True,False,0
1786,1831470.096201781,2.9164029000457172,0.1336486073604285,ok,False,True,False,0
1787,2309354.488345566,2.9975194974728416,0.04020392362629677,ok,False,True,False,0
1788,1967134.0114109828,2.98698400905695,0.04303739223047515,ok,False,True,False,0
1789,2446186.883089978,2.9261774483867105,0.030810218146389956,ok,False,True,False,0
1790,2711474.7705633636,2.797961998473862,0.033949413436444816,ok,False,True,False,0
1791,4499243.140360547,2.900774060357785,0.08617200732180497,ok,False,True,False,0
1792,4907467.096992214,2.9650543067129225,0.05423459598255942,ok,False,True,False,0
1793,2277865.019495313,2.9278124054553913,0.02551481075193396,ok,False,True,False,0
1794,1929608.8976257143,2.941520483666776,0.06194915665578008,ok,False,True,False,0
1795,2127254.002456246,2.9587059578021515,0.025600497043898496,ok,False,True,False,0
1796,1991339.2969201456,2.974428282167556,0.050052091003443766,ok,False,True,False,0
1797,2117535.8162336126,2.97968249560774,0.03309207610249526,ok,False,True,False,0
1798,2009945.742261803,2.999782602778819,0.030316448746771266,ok,False,True,False,0
1799,2114482.977311795,2.921106452826325,0.032313280258835286,ok,False,True,False,0
1800,1967134.0114109828,2.974251402517136,0.04992636904738923,ok,False,True,False,0
1801,1994319.7700113258,2.9768924777320978,0.023195571450519648,ok,False,True,False,0
1802,2000179.7403116073,2.8954499320274056,0.03298054604784917,ok,False,True,False,0
1803,1800304.500194651,2.942028884663407,0.1437090344168481,ok,False,True,False,0
1804,2246135.1786920982,2.901022809935677,0.035792690563865914,ok,False,True,False,0
1805,2007564.1358458304,2.95600898808061,0.02378758649132473,ok,False,True,False,0
1806,1967134.0114109828,2.9074598793141817,0.037317750088802115,ok,False,True,False,0
1807,2050466.2610355793,2.862230311377075,0.022645526422868545,ok,False,True,False,0
1808,2328956.6225820347,2.9798130524933217,0.027956038232331337,ok,False,True,False,0
1809,1930402.9693967383,2.9459752299299122,0.054681795696259916,ok,False,True,False,0
1810,3205412.4029435846,2.9963675471973557,0.0373969877686712,ok,False,True,False,0
1811,2892612.047141862,2.7233715795366265,0.03244198245385786,ok,False,True,False,0
1812,2000294.4863599169,2.888927039626847,0.03387828476813848,ok,False,True,False,0
1813,1845431.27670268,2.899211542751117,0.11636017107598116,ok,False,True,False,0
1814,1967134.0114109828,2.9645337384908093,0.036794681808458574,ok,False,True,False,0
1815,1997848.4666119888,2.987080306430361,0.03804827677034839,ok,False,True,False,0
1816,2874379.0620862828,2.7752511566031517,0.03582537004947278,ok,False,True,False,0
1817,3432146.628843829,2.9930079194494565,0.049472241655519666,ok,False,True,False,0
1818,1992857.1864561737,2.919212740637202,0.029321968370034646,ok,False,True,False,0
1819,1930402.9693967383,2.9948850603706845,0.04918313333648988,ok,False,True,False,0
1820,2220610.1712175133,2.971056395028506,0.024937213161627503,ok,False,True,False,0
1821,2849181.091971438,2.7387586619264663,0.029169639081108423,ok,False,True,False,0
1822,1994523.342961723,2.9522477944241317,0.023484988405617635,ok,False,True,False,0
1823,2075671.4572493054,2.9988456407478985,0.038586176988984144,ok,False,True,False,0
1824,1967134.0114109828,2.9813008578508757,0.04125899753367912,ok,False,True,False,0
1825,3423453.057045674,2.9971574292925207,0.02866565205805216,ok,False,True,False,0
1826,2000013.170024891,2.9802108436851773,0.02044309093932639,ok,False,True,False,0
1827,1991103.9092095098,2.9775970547602553,0.0231861279851564,ok,False,True,False,0
1828,1967134.0114109828,2.877616533431789,0.026539094057425328,ok,False,True,False,0
1829,2078290.9014069953,2.8943170114652927,0.0468661699916707,ok,False,True,False,0
1830,2000324.5176707227,2.9991361474260394,0.03230219938886442,ok,False,True,False,0
1831,2035634.9644836446,2.8945300391134645,0.03991526488748831,ok,False,True,False,0
1832,2055755.8684500707,2.972323024772275,0.03938508731162546,ok,False,True,False,0
1833,2292463.0404326147,2.9514507704840014,0.045608838682400676,ok,False,True,False,0
1834,1930402.9693967383,2.9564735571034735,0.04817030443615983,ok,False,True,False,0
1835,1929608.8976257143,2.9848643387017244,0.0723024792454805,ok,False,True,False,0
1836,2338632.770130997,2.99545081134564,0.04025768475706301,ok,False,True,False,0
1837,2001387.9147829623,2.8513299246239505,0.0310428919863191,ok,False,True,False,0
1838,1990925.1586564214,2.9266191354493563,0.027010122820658067,ok,False,True,False,0
1839,1967134.0114109828,2.978627899121062,0.03941019638660881,ok,False,True,False,0
1840,1997657.8848222692,2.85709110625263,0.047036842957319025,ok,False,True,False,0
1841,2848242.5049866815,2.9137793418908515,0.02447899913094309,ok,False,True,False,0
1842,4721267.398824937,2.9878562888624813,0.07427887108774517,ok,False,True,False,0
1843,4753933.9765450945,2.920625526898229,0.07965713150830023,ok,False,True,False,0
1844,2277085.880416833,2.921626801394509,0.02320249406807816,ok,False,True,False,0
1845,8896530.605263269,2.6671690006346793,0.07162199263161528,ok,False,True,False,0
1846,1967134.0114109828,2.9595770688575795,0.04719299625768106,ok,False,True,False,0
1847,1991380.0321432538,2.943971458654939,0.023783850934247897,ok,False,True,False,0
1848,1991805.4594659603,2.963105264776455,0.03706448671602314,ok,False,True,False,0
1849,1967134.0114109828,2.9271269949629164,0.027188473823518744,ok,False,True,False,0
1850,3840160.4452312733,2.9929520425074525,0.05821428832908082,ok,False,True,False,0
1851,1991893.8447479869,2.830124120402601,0.037694821465186656,ok,False,True,False,0
1852,4273791.891149116,2.9731917848624763,0.07749812895856029,ok,False,True,False,0
1853,2159733.8087854153,2.8764444583614077,0.024509520502463022,ok,False,True,False,0
1854,2682324.368589227,2.765227515913833,0.03713305365903574,ok,False,True,False,0
1855,1931638.1737178247,2.957874770559264,0.0616648547699203,ok,False,True,False,0
1856,4850418.118056402,2.98485622024074,0.07345086378822929,ok,False,True,False,0
1857,1967134.0114109828,2.979058223884996,0.04037709093603414,ok,False,True,False,0
1858,2118639.8530009505,2.972382783427631,0.019545066702476577,ok,False,True,False,0
1859,1967134.0114109828,2.802285998120948,0.03806330128326796,ok,False,True,False,0
1860,2096181.9066612537,2.9262522217687477,0.024781459237943837,ok,False,True,False,0
1861,1845431.27670268,2.9733032150157834,0.12048733256020244,ok,False,True,False,0
1862,4626458.35971599,2.986052246531599,0.060952911239166796,ok,False,True,False,0
1863,2271454.2533163736,2.9954356878363955,0.044332967279857693,ok,False,True,False,0
1864,2014360.5213448897,2.9539917571465857,0.021780872308233556,ok,False,True,False,0
1865,1916035.0780503256,2.98650390213895,0.0712739467335705,ok,False,True,False,0
1866,2124825.3760633417,2.9993109506658353,0.033536314708280224,ok,False,True,False,0
1867,2154354.052399469,2.9885209469908536,0.049349688873437436,ok,False,True,False,0
1868,1967134.0114109828,2.991664530092712,0.03876573389905014,ok,False,True,False,0
1869,1993495.0463648527,2.9016302965755054,0.031670322211098556,ok,False,True,False,0
1870,2011336.2320390106,2.90910791644901,0.022911738543055504,ok,False,True,False,0
1871,2349873.165954237,2.9414757074825513,0.03389534566921959,ok,False,True,False,0
1872,2014877.3001013664,2.9987630274268726,0.029381572901797548,ok,False,True,False,0
1873,1967134.0114109828,2.9147438423377334,0.035175003173851804,ok,False,True,False,0
1874,2204744.739560388,2.9949314479526166,0.05814959092765881,ok,False,True,False,0
1875,2308897.4495052653,2.9957419457464747,0.045492844520180875,ok,False,True,False,0
1876,2276383.6121178595,2.9394811416355147,0.028811126732570913,ok,False,True,False,0
1877,1992175.6793628922,2.8401459855606355,0.02762438285920782,ok,False,True,False,0
1878,2603956.336036432,2.992595952494547,0.04651923801521998,ok,False,True,False,0
1879,2829736.759519782,2.8529994509691274,0.04527430129550791,ok,False,True,False,0
1880,1930402.9693967383,2.976724793466306,0.0659743520649335,ok,False,True,False,0
1881,3340144.7625490827,2.6816337472512073,0.03949781755007575,ok,False,True,False,0
1882,1845431.27670268,2.8847857194934936,0.13541120115982452,ok,False,True,False,0
1883,4009850.4033995895,2.8217819281362524,0.04007560532045601,ok,False,True,False,0
1884,2478628.5879711276,2.999152679305304,0.0425995086197799,ok,False,True,False,0
1885,2417099.2552723233,2.9397608524271144,0.023882504156574336,ok,False,True,False,0
1886,2002965.075457199,2.868210098274972,0.035457554030671495,ok,False,True,False,0
1887,2056377.6678674002,2.992230705002953,0.030141061692061766,ok,False,True,False,0
1888,1837981.451569313,2.95239215619521,0.12139684366387471,ok,False,True,False,0
1889,1967134.0114109828,2.9667060659121796,0.05682573587941819,ok,False,True,False,0
1890,5094407.081888504,2.998957170866185,0.08589010138191977,ok,False,True,False,0
1891,1995192.4751073746,2.8870448628422567,0.028628955633867248,ok,False,True,False,0
1892,2365730.583141746,2.910680755077877,0.03132056940229522,ok,False,True,False,0
1893,2940829.4540306637,2.9868728157344235,0.03385681463404144,ok,False,True,False,0
1894,2569615.97206521,2.944047507065603,0.03959548583842787,ok,False,True,False,0
1895,3801366.947289925,2.992393543911972,0.09471899014660146,ok,False,True,False,0
1896,2008233.583059252,2.897320916458166,0.042426910614354885,ok,False,True,False,0
1897,2021761.7357108078,2.9530742602715336,0.03762983645618356,ok,False,True,False,0
1898,2023417.8786643406,2.8551741498976932,0.026526216285244986,ok,False,True,False,0
1899,3147431.27205899,2.9978811047999505,0.0598617812061764,ok,False,True,False,0
1900,1930402.9693967383,2.9354656385605677,0.05711073066651684,ok,False,True,False,0
1901,1993816.0774904331,2.9769589068103643,0.035650653968396284,ok,False,True,False,0
1902,3130267.5157722766,2.9281076647494864,0.032750896811947094,ok,False,True,False,0
1903,2025676.9443767741,2.929451440721451,0.03914758346182595,ok,False,True,False,0
1904,4408221.866111609,2.9905194055392696,0.05549989279236406,ok,False,True,False,0
1905,1996869.607496737,2.9942785871960496,0.03678177698290008,ok,False,True,False,0
1906,2581555.1387574715,2.992536618326787,0.02925395497225458,ok,False,True,False,0
1907,1930402.9693967383,2.956029675478484,0.06362096576745135,ok,False,True,False,0
1908,1991591.0218505482,2.8911253644724013,0.042237367778488855,ok,False,True,False,0
1909,2370354.6811103667,2.955562073837423,0.044502148815728004,ok,False,True,False,0
1910,2024546.4605854808,2.932954746869568,0.026356540123415484,ok,False,True,False,0
1911,1837981.451569313,2.8530475355955462,0.1318624189434996,ok,False,True,False,0
1912,1916035.0780503256,2.8894486777320196,0.07458222025824712,ok,False,True,False,0
1913,1967134.0114109828,2.9997471050539866,0.02912196704105341,ok,False,True,False,0
1914,2770427.002046116,2.8037378326753775,0.03318698731732772,ok,False,True,False,0
1915,2039054.7791304023,2.92170171228186,0.02495558856046476,ok,False,True,False,0
1916,1858025.9090895548,2.982831887545843,0.09878153865749237,ok,False,True,False,0
1917,1996862.5175173688,2.988491318698082,0.03326801246493449,ok,False,True,False,0
1918,4176605.9442464015,2.9954533221558073,0.07242630495237146,ok,False,True,False,0
1919,1882190.241073924,2.998364037120532,0.10650163661740578,ok,False,True,False,0
1920,2086850.6681721306,2.9419990451886564,0.018537792802982678,ok,False,True,False,0
1921,2004126.3365637842,2.803433929486172,0.04097550878604181,ok,False,True,False,0
1922,3164142.14812353,2.997166817071597,0.04271767353445277,ok,False,True,False,0
1923,2110748.4173621237,2.9122051192020804,0.028989298264537555,ok,False,True,False,0
1924,1993758.9062072006,2.7715109713691053,0.03068606101655086,ok,False,True,False,0
1925,1929608.8976257143,2.9594870581974795,0.05037684213483158,ok,False,True,False,0
1926,1993164.393124293,2.8741477003104934,0.03777919233791038,ok,False,True,False,0
1927,1931638.1737178247,2.997415071972708,0.08628598124562481,ok,False,True,False,0
1928,2028611.014473291,2.860176679661082,0.032375579176482594,ok,False,True,False,0
1929,2089947.3027768754,2.9428686475223502,0.021768850078436763,ok,False,True,False,0
1930,1997576.221516101,2.9800520940225548,0.041263199972027376,ok,False,True,False,0
1931,1858025.9090895548,2.985870794395668,0.10800653611299607,ok,False,True,False,0
1932,2147026.9723585686,2.9724064093284888,0.023131578390671037,ok,False,True,False,0
1933,1929608.8976257143,2.981392755287199,0.06161358401841156,ok,False,True,False,0
1934,2428514.750535009,2.9997389945636765,0.040900533879583756,ok,False,True,False,0
1935,1858025.9090895548,2.936522112292793,0.10294150316592933,ok,False,True,False,0
1936,2605905.869459915,2.996458750472403,0.05527627253701772,ok,False,True,False,0
1937,2453438.5142656164,2.9961132061675317,0.033670991693516616,ok,False,True,False,0
1938,2616136.224247601,2.9424267616197843,0.027422688685307228,ok,False,True,False,0
1939,1929608.8976257143,2.9761829098009303,0.06212778212909073,ok,False,True,False,0
1940,2015987.721123433,2.931935205912538,0.02471688167382524,ok,False,True,False,0
1941,3254273.569301626,2.7648358780184408,0.027806632585074487,ok,False,True,False,0
1942,2035622.2305185546,2.9991038384027093,0.04792565811137375,ok,False,True,False,0
1943,2168763.8953457456,2.9972843545889507,0.029807610139972407,ok,False,True,False,0
1944,2024906.462571973,2.9999210060613914,0.01756470521664749,ok,False,True,False,0
1945,2009128.815380524,2.897229853493079,0.02264583398583997,ok,False,True,False,0
1946,2359805.964882695,2.9881425578237835,0.04067652961311763,ok,False,True,False,0
1947,3153946.1701133703,2.995021333154545,0.053421668857514364,ok,False,True,False,0
1948,2016626.7972158964,2.7212940703670077,0.0240808542886215,ok,False,True,False,0
1949,2215248.9257550268,2.9987720098572064,0.028497788202519747,ok,False,True,False,0
1950,1929608.8976257143,2.9795743152841414,0.05575775929810514,ok,False,True,False,0
1951,2289021.1046807645,2.994692035699525,0.030412141218024824,ok,False,True,False,0
1952,1994594.0678915496,2.907355162233231,0.020125621427812213,ok,False,True,False,0
1953,2128443.321992424,2.919994054654474,0.031115060703469144,ok,False,True,False,0
1954,2214307.3210597415,2.8018356477650905,0.0278601551075377,ok,False,True,False,0
1955,2016333.6221871309,2.986471879683192,0.039619496338924864,ok,False,True,False,0
1956,3661921.6423370936,2.916036834614607,0.05150788298138498,ok,False,True,False,0
1957,1995143.628596284,2.936534256742707,0.03409399341474553,ok,False,True,False,0
1958,2599156.5995606454,2.965457544724263,0.020543342478625437,ok,False,True,False,0
1959,2021283.1065989214,2.999659242575601,0.04348973577437426,ok,False,True,False,0
1960,1967134.0114109828,2.8740617453325648,0.03187821653701717,ok,False,True,False,0
1961,2038082.3783293199,2.935973307867253,0.036825430802067294,ok,False,True,False,0
1962,3496739.49194568,2.9945493773850766,0.06615494831138824,ok,False,True,False,0
1963,1967134.0114109828,2.7428565179469917,0.024490660359329113,ok,False,True,False,0
1964,1967134.0114109828,2.9932028818280534,0.06900552707482399,ok,False,True,False,0
1965,1996580.9682150518,2.9078591410750225,0.04677747813023303,ok,False,True,False,0
1966,1931638.1737178247,2.8142985524513433,0.04961151212365522,ok,False,True,False,0
1967,2197735.390892191,2.927790811767376,0.029085970558929197,ok,False,True,False,0
1968,2161592.0323632597,2.9826020701838694,0.02183818840319085,ok,False,True,False,0
1969,2003024.345436459,2.972978490009267,0.030556716399883055,ok,False,True,False,0
1970,1991938.4195007312,2.9394835098025265,0.020338330707077523,ok,False,True,False,0
1971,1930402.9693967383,2.991189974822133,0.05008040740114869,ok,False,True,False,0
1972,2000273.0917340203,2.8980667127018362,0.02938772989928995,ok,False,True,False,0
1973,2051553.3345193614,2.9040992952506857,0.02290290026428432,ok,False,True,False,0
1974,1929608.8976257143,2.998929092582476,0.031527499108759814,ok,False,True,False,0
1975,2036722.4892770813,2.9925848889784175,0.056357374661251125,ok,False,True,False,0
1976,3184211.281580228,2.886672880857301,0.02573093756973177,ok,False,True,False,0
1977,2963250.6494641304,2.9991477688116315,0.04586369436638649,ok,False,True,False,0
1978,3326162.8821751773,2.73184534063639,0.0280528879217663,ok,False,True,False,0
1979,2024673.4884213516,2.8149111715519357,0.02369868263082231,ok,False,True,False,0
1980,1991197.9529286518,2.92928095798218,0.03392620188913886,ok,False,True,False,0
1981,2089123.064343412,2.835270372754155,0.01933713651572555,ok,False,True,False,0
1982,1930402.9693967383,2.9364617255840924,0.06917772617817183,ok,False,True,False,0
1983,1994209.6551962432,2.999242956635784,0.06661367385401173,ok,False,True,False,0
1984,3039148.5446323673,2.9931139377220517,0.04781503846845109,ok,False,True,False,0
1985,1994182.3175301072,2.773904025681952,0.03253065155619683,ok,False,True,False,0
1986,2009980.5612134528,2.995984268335281,0.021295551803814594,ok,False,True,False,0
1987,3129432.05292293,2.97609761724915,0.0366597489224644,ok,False,True,False,0
1988,2369494.7583160955,2.83410423099167,0.029084766783339766,ok,False,True,False,0
1989,2929936.774349762,2.963941189812906,0.029670428557590944,ok,False,True,False,0
1990,4168964.250382132,2.9904590650422094,0.047506962515480866,ok,False,True,False,0
1991,1858025.9090895548,2.9570908002421934,0.09754816817158218,ok,False,True,False,0
1992,2084966.7788947707,2.9020754036156617,0.030486294290594962,ok,False,True,False,0
1993,1967134.0114109828,2.975444179845856,0.043061106314980724,ok,False,True,False,0
1994,1997970.751158565,2.9540647736608054,0.06537094161574053,ok,False,True,False,0
1995,1784304.5492869555,2.9343262850035483,0.19238068463404343,ok,False,True,False,1
1996,2130151.0846909108,2.9061815939521067,0.027758640919489985,ok,False,True,False,0
1997,1994610.1838559438,2.9352960552353404,0.035967463325856985,ok,False,True,False,0
1998,2058720.1337878034,2.957514476771178,0.029603235189607842,ok,False,True,False,0
1999,1858025.9090895548,2.904029992339101,0.10725606419327773,ok,False,True,False,0
2000,8119041.225223444,2.7965059279354723,0.06982847401880365,ok,False,True,False,0
2001,3776298.555534978,2.692512674865152,0.03460042307358435,ok,False,True,False,0
2002,1967134.0114109828,2.989573488863658,0.02472790915475615,ok,False,True,False,0
2003,1992810.2647807167,2.9891480690910672,0.01871516788078942,ok,False,True,False,0
2004,2547066.5366712445,2.9750715312420133,0.03388723487449519,ok,False,True,False,0
2005,2029794.8773868533,2.8975576889945565,0.02196266104144251,ok,False,True,False,0
2006,2132019.7746463916,2.902716180236011,0.02090109123598438,ok,False,True,False,0
2007,1993582.7887104726,2.9651635771794975,0.027594850416493566,ok,False,True,False,0
2008,1929608.8976257143,2.967484343188736,0.07010452361409965,ok,False,True,False,0
2009,1994408.04543929,2.998553945576522,0.024328384313857088,ok,False,True,False,0
2010,1991911.9132335838,2.9476940295329954,0.03781638900047629,ok,False,True,False,0
2011,2484712.4741396387,2.7507157534915896,0.025007308900403813,ok,False,True,False,0
2012,1993012.2280754137,2.884926922872723,0.02411251125640923,ok,False,True,False,0
2013,2157977.4718854153,2.9545693854709176,0.017909648577483395,ok,False,True,False,0
2014,2082698.553886909,2.978052772005115,0.02416610139548314,ok,False,True,False,0
2015,8296606.310076256,2.991673976508981,0.056628807176755835,ok,False,True,False,0
2016,1882190.241073924,2.964283690148137,0.10412358025890642,ok,False,True,False,0
2017,1992733.5583632698,2.9987791549614906,0.03660064671604496,ok,False,True,False,0
2018,4772798.060968287,2.9936029078040423,0.09241155626198547,ok,False,True,False,0
2019,2239166.8492003493,2.947220264649306,0.02836746774753085,ok,False,True,False,0
2020,2672221.667802654,2.9109285646717713,0.021695448868203737,ok,False,True,False,0
2021,2086049.0941111462,2.875337567278525,0.034970610375800515,ok,False,True,False,0
2022,1858025.9090895548,2.9978700284237703,0.11213533687780523,ok,False,True,False,0
2023,2439376.1048035794,2.720520405752387,0.023859948029606226,ok,False,True,False,0
2024,3429978.5230084,2.8312168202564623,0.057799423518334336,ok,False,True,False,0
2025,2969047.3044796684,2.9705822915725184,0.04560804507286609,ok,False,True,False,0
2026,2017220.1839462237,2.9660659239242104,0.056078022283114204,ok,False,True,False,0
2027,2001365.2099860236,2.994627276732299,0.03958324896484949,ok,False,True,False,0
2028,2731720.548004418,2.993144396890787,0.04128028519680671,ok,False,True,False,0
2029,2015153.8759816391,2.9315861736388436,0.03458749636831948,ok,False,True,False,0
2030,1929608.8976257143,2.970371780843247,0.07175501656789786,ok,False,True,False,0
2031,2014913.4022468117,2.888411395703118,0.029901063304012987,ok,False,True,False,0
2032,1882190.241073924,2.954409531794167,0.09183216232755528,ok,False,True,False,0
2033,1995948.2361988206,2.9223136993650805,0.04681252943185921,ok,False,True,False,0
2034,3098246.859772917,2.9364541756869453,0.03487358674885521,ok,False,True,False,0
2035,2233373.420843529,2.9961339360893993,0.02948395593144726,ok,False,True,False,0
2036,2163190.310644748,2.9433299286812993,0.030552490486064787,ok,False,True,False,0
2037,1992406.805535582,2.828397525476121,0.025490865890788195,ok,False,True,False,0
2038,1995543.2488796806,2.965000205588983,0.05770284647938101,ok,False,True,False,0
2039,1929608.8976257143,2.9823334959178833,0.05113072476956876,ok,False,True,False,0
2040,1882190.241073924,2.967442490729657,0.08133971413146959,ok,False,True,False,0
2041,1931638.1737178247,2.9909409727239575,0.053351984198841094,ok,False,True,False,0
2042,1994953.4031473752,2.9172083549910184,0.05896397496657402,ok,False,True,False,0
2043,2121299.954921925,2.9920634905723724,0.029603995699638563,ok,False,True,False,0
2044,1967134.0114109828,2.992766186659301,0.026679609953033333,ok,False,True,False,0
2045,3270860.7061535413,2.994311599359115,0.06960369982385395,ok,False,True,False,0
2046,1882190.241073924,2.9190565351522135,0.10974415776575841,ok,False,True,False,0
2047,4288845.404001012,2.9994707389199076,0.05091406324486908,ok,False,True,False,0
2048,2489767.1152419485,2.997253603582002,0.04002375858050411,ok,False,True,False,0
2049,4583394.571633793,2.9358070380585626,0.04491565884788473,ok,False,True,False,0
2050,1929608.8976257143,2.979065133750706,0.06954341259124341,ok,False,True,False,0
2051,1931638.1737178247,2.9760885127219923,0.066013854842934,ok,False,True,False,0
2052,2015335.883275618,2.924048674870786,0.025221767409789597,ok,False,True,False,0
2053,2285134.720443361,2.7877611708602803,0.042199715365730195,ok,False,True,False,0
2054,2004050.7476985601,2.8976296999737516,0.028884460470432305,ok,False,True,False,0
2055,2158507.552039451,2.9929483292941303,0.020629980252455715,ok,False,True,False,0
2056,1882190.241073924,2.9598354977109342,0.08781516098386807,ok,False,True,False,0
2057,4096643.467149638,2.9828673993300034,0.08180638559377504,ok,False,True,False,0
2058,2827765.1989454245,2.9967932248651676,0.05579007638511446,ok,False,True,False,0
2059,1882190.241073924,2.9719832119138125,0.10191408191990901,ok,False,True,False,0
2060,1991352.7604314582,2.984534670030318,0.037928056763770646,ok,False,True,False,0
2061,2239958.783379493,2.9670717287382145,0.02735216857612932,ok,False,True,False,0
2062,1991671.7307480013,2.9843712453637883,0.023478088681798792,ok,False,True,False,0
2063,1931638.1737178247,2.9820773165493457,0.06899766067518165,ok,False,True,False,0
2064,2093398.1057883366,2.7967034215651214,0.02361204234064762,ok,False,True,False,0
2065,1967134.0114109828,2.8678018565546024,0.032102033348816006,ok,False,True,False,0
2066,1882190.241073924,2.945471753919239,0.08906268886012284,ok,False,True,False,0
2067,2246452.1929624206,2.999293682260486,0.05226332931551747,ok,False,True,False,0
2068,2221238.8548050267,2.981862751739678,0.041660916936161585,ok,False,True,False,0
2069,2712911.0388652757,2.997919261974248,0.04518405045148621,ok,False,True,False,0
2070,2439418.7918791743,2.7325095552052048,0.02577495793395057,ok,False,True,False,0
2071,2686635.5181198916,2.9960655541384353,0.05298463105734841,ok,False,True,False,0
2072,1967134.0114109828,2.9848316128728474,0.02760299398559446,ok,False,True,False,0
2073,1916035.0780503256,2.99496371996295,0.07672833076752633,ok,False,True,False,0
2074,2113009.181125238,2.994217293951659,0.0341978328855162,ok,False,True,False,0
2075,1967134.0114109828,2.795876332562152,0.03513505001611511,ok,False,True,False,0
2076,1929608.8976257143,2.985266300636737,0.058365101044050544,ok,False,True,False,0
2077,2949885.505634724,2.7729755322872265,0.027117832633827943,ok,False,True,False,0
2078,1967134.0114109828,2.8604139189821134,0.025668578333379002,ok,False,True,False,0
2079,2778348.0286783045,2.986390922321774,0.02930262689521046,ok,False,True,False,0
2080,1858025.9090895548,2.8934852328363885,0.1077208006750367,ok,False,True,False,0
2081,2347807.5702292137,2.997164465949438,0.0488368249876098,ok,False,True,False,0
2082,3041253.9541394613,2.911156825791872,0.04589255307145479,ok,False,True,False,0
2083,4534967.451413558,2.981588866865035,0.047180325325767436,ok,False,True,False,0
2084,1997100.6187059376,2.8767502505943914,0.0496885196087381,ok,False,True,False,0
2085,2347210.960658726,2.9976058705834765,0.02229683418250039,ok,False,True,False,0
2086,1929608.8976257143,2.9320547781561688,0.06318831777963749,ok,False,True,False,0
2087,1882190.241073924,2.9897379496122856,0.08116022632950093,ok,False,True,False,0
2088,2495708.3353287755,2.744697972325889,0.02387728514768711,ok,False,True,False,0
2089,6242794.539499357,2.421973360680803,0.05415044690404547,ok,False,True,False,0
2090,1996075.4010127597,2.9808100337595747,0.03075263184475563,ok,False,True,False,0
2091,2032695.6240845183,2.999549760678085,0.04567414977343942,ok,False,True,False,0
2092,3677270.5341308624,2.9932552854032615,0.08360590663337364,ok,False,True,False,0
2093,2007276.8673142605,2.986775492177202,0.02712638849837845,ok,False,True,False,0
2094,2045818.6506675584,2.9787953731988313,0.030396764635441886,ok,False,True,False,0
2095,2945765.541470896,2.9967040427079445,0.04353346925989404,ok,False,True,False,0
2096,1991896.9936767549,2.9717803912213663,0.036841011866991624,ok,False,True,False,0
2097,1992099.2699767386,2.9997123067888287,0.02612983443204922,ok,False,True,False,0
2098,1998533.4041501775,2.965214164581604,0.03286975249842794,ok,False,True,False,0
2099,2009609.1702411438,2.998089125364311,0.04620089398718319,ok,False,True,False,0
2100,7009610.201831715,2.9634862244373026,0.06149845948495769,ok,False,True,False,0
2101,2490322.9687116574,2.9177472842744483,0.03528890723760619,ok,False,True,False,0
2102,1929608.8976257143,2.992126795486347,0.06513726865798793,ok,False,True,False,0
2103,1916035.0780503256,2.9521050526262105,0.07137783136971879,ok,False,True,False,0
2104,2608834.694223122,2.9923621292292615,0.05553361723936129,ok,False,True,False,0
2105,1999569.913197489,2.9718321426334198,0.028238536603814146,ok,False,True,False,0
2106,1929608.8976257143,2.935795465276727,0.06288766258552031,ok,False,True,False,0
2107,2058732.1884319696,2.8529740402078323,0.027586892006136066,ok,False,True,False,0
2108,1992102.4280358483,2.965977674613628,0.025992114832402824,ok,False,True,False,0
2109,1929608.8976257143,2.964155948922941,0.05203034291006524,ok,False,True,False,0
2110,2068290.7610873636,2.9963490272860724,0.031208825989704203,ok,False,True,False,0
2111,1929608.8976257143,2.948305870645732,0.058221693691884846,ok,False,True,False,0
2112,1858025.9090895548,2.9032615776119677,0.11174608408105319,ok,False,True,False,0
2113,3555991.9094903367,2.9951793946273346,0.03824764274718512,ok,False,True,False,0
2114,1967134.0114109828,2.9873624474745797,0.025043814679616555,ok,False,True,False,0
2115,2563727.713126384,2.926639266830702,0.03968998120365885,ok,False,True,False,0
2116,2049156.8620471128,2.7896671852871613,0.024903718917650697,ok,False,True,False,0
2117,1882190.241073924,2.945104653209581,0.09817160796041724,ok,False,True,False,0
2118,2039164.92055802,2.988650342132331,0.0324648330316788,ok,False,True,False,0
2119,2011092.9545911155,2.9631291076899786,0.030800587390509615,ok,False,True,False,0
2120,1999140.03825101,2.9982032315082483,0.029711476146770693,ok,False,True,False,0
2121,1992541.9421414642,2.9642969007099658,0.026210072260107964,ok,False,True,False,0
2122,2022155.7484817354,2.997766169129065,0.04384512942138863,ok,False,True,False,0
2123,2076777.760856728,2.9946474864722856,0.024461294047903204,ok,False,True,False,0
2124,1831470.096201781,2.923906748133846,0.11877119862109645,ok,False,True,False,0
2125,1967134.0114109828,2.992416220058394,0.026776235452691255,ok,False,True,False,0
2126,1992635.741464464,2.946110329106681,0.03704095357076054,ok,False,True,False,0
2127,2408027.653883668,2.74918823344929,0.030245430561883557,ok,False,True,False,0
2128,2610128.434295283,2.9977047976100435,0.04393908787082956,ok,False,True,False,0
2129,1967134.0114109828,2.9488905218647443,0.03146010604584615,ok,False,True,False,0
2130,1996528.5490032553,2.9536260133320575,0.021996946159690833,ok,False,True,False,0
2131,1994183.640842756,2.895509948382186,0.046304972857704296,ok,False,True,False,0
2132,1967134.0114109828,2.8802861170828353,0.027264650143845826,ok,False,True,False,0
2133,2042448.0360236324,2.9906172573951615,0.0554445012985213,ok,False,True,False,0
2134,1990998.055620145,2.8783396704661834,0.02831368537115697,ok,False,True,False,0
2135,2057537.0534026185,2.997262458097259,0.03799744881243361,ok,False,True,False,0
2136,1993556.5022087453,2.9172426522728188,0.023599350719203604,ok,False,True,False,0
2137,2004574.9182837706,2.9928815804319813,0.023565714262304027,ok,False,True,False,0
2138,2025163.1364749477,2.9510062935220156,0.036942229076975364,ok,False,True,False,0
2139,2068537.6845772637,2.8601422279759126,0.03408830654983891,ok,False,True,False,0
2140,2673301.993684908,2.7721278308873485,0.03588118835392162,ok,False,True,False,0
2141,3791376.2456287993,2.9239890082008726,0.03652254383528991,ok,False,True,False,0
2142,1990927.4197383502,2.941594067911847,0.04931304498911582,ok,False,True,False,0
2143,3308665.6585920206,2.973797675811443,0.048222989116249504,ok,False,True,False,0
2144,2105991.631577608,2.9886251152238374,0.023035720026448492,ok,False,True,False,0
2145,1858025.9090895548,2.903983775856143,0.10967105309632089,ok,False,True,False,0
2146,2226704.510270703,2.976635891715522,0.03457090051003997,ok,False,True,False,0
2147,3253746.7820409248,2.978456463781648,0.045602437988899513,ok,False,True,False,0
2148,3066509.6013991316,2.988783852157721,0.04938269247990673,ok,False,True,False,0
2149,2184023.3368187374,2.9265378143981993,0.02708592656912287,ok,False,True,False,0
2150,1997257.0867692241,2.998055345620001,0.0253646184110497,ok,False,True,False,0
2151,3209268.3146739737,2.9434205266691778,0.04899428140816117,ok,False,True,False,0
2152,2677341.091615413,2.9998396828381826,0.05246701125467085,ok,False,True,False,0
2153,1967134.0114109828,2.8368871296883267,0.027628004565544595,ok,False,True,False,0
2154,2036850.6461227976,2.852803823240735,0.03130760009445366,ok,False,True,False,0
2155,2024460.5116520515,2.9971661281840274,0.031521992015654865,ok,False,True,False,0
2156,2402415.2467824523,2.883151977727722,0.030008277209621848,ok,False,True,False,0
2157,2423803.521646999,2.99582392099606,0.04012078502174016,ok,False,True,False,0
2158,2622776.6113953628,2.9611902523042315,0.018357759895691217,ok,False,True,False,0
2159,1930402.9693967383,2.99365425187378,0.05803266138256525,ok,False,True,False,0
2160,3178931.9179470656,2.8801715274322524,0.0648218370562823,ok,False,True,False,0
2161,1967134.0114109828,2.9989963751747837,0.03080024232880596,ok,False,True,False,0
2162,2335820.940510179,2.9497117108155235,0.025176741726239515,ok,False,True,False,0
2163,1994943.5603662364,2.9880362936394302,0.03471412619247227,ok,False,True,False,0
2164,2041070.2463841815,2.9847780560281825,0.022775704467800695,ok,False,True,False,0
2165,2020712.3241024963,2.8620567912097856,0.03478644362794048,ok,False,True,False,0
2166,2217329.0998325595,2.9998715140517738,0.03048666516008608,ok,False,True,False,0
2167,1967134.0114109828,2.983831949960604,0.03668344200477336,ok,False,True,False,0
2168,3516939.8038462233,2.8809761432369596,0.05985202623089382,ok,False,True,False,0
2169,1929608.8976257143,2.9978255682000494,0.056950234381861045,ok,False,True,False,0
2170,1991156.333954353,2.865847833620027,0.027720019414105734,ok,False,True,False,0
2171,3240911.0832977607,2.9396607247171427,0.05541316038055677,ok,False,True,False,0
2172,2046884.6273205974,2.971842073943249,0.02718713752889157,ok,False,True,False,0
2173,1967134.0114109828,2.964312151885508,0.03359750718742027,ok,False,True,False,0
2174,2012913.11673578,2.9110421501547656,0.018528935012440684,ok,False,True,False,0
2175,2075084.4398866384,2.9641820424297105,0.023005472192640652,ok,False,True,False,0
2176,2073844.7052183659,2.997128471798886,0.02520402632451413,ok,False,True,False,0
2177,2005078.4041588865,2.990310766143649,0.022485562214635824,ok,False,True,False,0
2178,1967134.0114109828,2.8652619106569035,0.03573302958765889,ok,False,True,False,0
2179,1967134.0114109828,2.991946497910029,0.030183015321327528,ok,False,True,False,0
2180,2959811.2856575237,2.931524441548282,0.04939790995938076,ok,False,True,False,0
2181,1882190.241073924,2.9605630912234044,0.08474532250884373,ok,False,True,False,0
2182,1991306.519931338,2.976588252266587,0.03896146583553439,ok,False,True,False,0
2183,2013624.2139957529,2.873364472489129,0.030286474036367528,ok,False,True,False,0
2184,2134859.405724096,2.953402204738312,0.028419420453175137,ok,False,True,False,0
2185,1996460.8142078544,2.8568342298103246,0.03946167278603574,ok,False,True,False,0
2186,1929608.8976257143,2.9804823016667195,0.06299854029944724,ok,False,True,False,0
2187,2512015.8358910885,2.767391888762057,0.029864997653236212,ok,False,True,False,0
2188,1967134.0114109828,2.929272867991202,0.031067377102937943,ok,False,True,False,0
2189,1995432.001631862,2.9542383464673607,0.024894159543494415,ok,False,True,False,0
2190,1858025.9090895548,2.9696987291881425,0.11703606998883496,ok,False,True,False,0
2191,3818098.2418311867,2.999241681913478,0.02970336068072843,ok,False,True,False,0
2192,3107889.876262976,2.974003720967003,0.04800355045410443,ok,False,True,False,0
2193,2656500.12029047,2.955388852189566,0.02623471083800899,ok,False,True,False,0
2194,1990899.1050271392,2.972870320400838,0.04505460775732317,ok,False,True,False,0
2195,1967134.0114109828,2.9706922356241017,0.031122036786563778,ok,False,True,False,0
2196,1991731.1766270057,2.7796762716886527,0.027725554151540766,ok,False,True,False,0
2197,1931638.1737178247,2.9441264801519536,0.04372393301316577,ok,False,True,False,0
2198,1991609.9545889052,2.890584458146547,0.028654223391179623,ok,False,True,False,0
2199,2203622.15438695,2.9620169502290743,0.03122164843788744,ok,False,True,False,0
2200,1967134.0114109828,2.899242305466202,0.021763111986884798,ok,False,True,False,0
2201,1929608.8976257143,2.98537652790488,0.05290646778777086,ok,False,True,False,0
2202,1997879.7320486088,2.905382905366312,0.03011593398683643,ok,False,True,False,0
2203,1967134.0114109828,2.9575272166306332,0.03273101490750793,ok,False,True,False,0
2204,1967134.0114109828,2.897829506639944,0.0419214420790911,ok,False,True,False,0
2205,1967134.0114109828,2.895583039136059,0.03280330914715679,ok,False,True,False,0
2206,4443025.329677118,2.645103723245035,0.05714061423448474,ok,False,True,False,0
2207,1930402.9693967383,2.9193542682811415,0.05699622535479805,ok,False,True,False,0
2208,2468813.367325769,2.9937233085354977,0.038251567295470246,ok,False,True,False,0
2209,2192978.223384094,2.996353066519391,0.041901654107751485,ok,False,True,False,0
2210,2578447.91107527,2.9729541880036763,0.03592441395340604,ok,False,True,False,0
2211,2010278.4966184688,2.9588590044119742,0.06264484312395574,ok,False,True,False,0
2212,2004191.5262283247,2.9993595002131084,0.023989468116430324,ok,False,True,False,0
2213,1882190.241073924,2.9641743457090772,0.10317782103078652,ok,False,True,False,0
2214,3684395.840184251,2.9840840975134713,0.034587703785459056,ok,False,True,False,0
2215,2097337.455218349,2.9997637044156757,0.024588429709283433,ok,False,True,False,0
2216,2187247.584854414,2.903528556913427,0.030838088156489585,ok,False,True,False,0
2217,2843498.588380288,2.9400764825051633,0.02559988395661167,ok,False,True,False,0
2218,2349185.1609428944,2.9255630984200307,0.04656376969832893,ok,False,True,False,0
2219,3135829.653828429,2.99383344137689,0.04502898756142415,ok,False,True,False,0
2220,2027725.7404542314,2.995754997837701,0.02294447549526535,ok,False,True,False,0
2221,3054555.7945205728,2.9957242345560147,0.0442971470011676,ok,False,True,False,0
2222,1996750.0816857358,2.9764484246669713,0.024359615554217173,ok,False,True,False,0
2223,1967134.0114109828,2.961616009269885,0.02848538889730201,ok,False,True,False,0
2224,2978443.7031249716,2.9965726599644453,0.05552265737627121,ok,False,True,False,0
2225,3384044.5231585605,2.767264025553648,0.043948154693175256,ok,False,True,False,0
2226,1967134.0114109828,2.8714430043858954,0.07025624937476727,ok,False,True,False,0
2227,1967134.0114109828,2.972890720195503,0.054959653859093835,ok,False,True,False,0
2228,1967134.0114109828,2.9769667339748973,0.037846324249476496,ok,False,True,False,0
2229,1993854.4532759236,2.9254202123049535,0.029983962574131273,ok,False,True,False,0
2230,2808263.9155015536,2.9990663687276164,0.03391473918814217,ok,False,True,False,0
2231,4318466.258568184,2.9959148926980657,0.07564198243267811,ok,False,True,False,0
2232,2310155.7034827513,2.9671452845778488,0.024954548618821598,ok,False,True,False,0
2233,2019647.7889969922,2.913945409396846,0.022916792081749904,ok,False,True,False,0
2234,2213645.3794146073,2.9959032975008677,0.04334097636736761,ok,False,True,False,0
2235,2721095.996139657,2.9965858359056647,0.03335779933507799,ok,False,True,False,0
2236,2666615.4763616943,2.9996121742682345,0.04527802943331691,ok,False,True,False,0
2237,1882190.241073924,2.9677940272576993,0.09710307167865584,ok,False,True,False,0
2238,1993147.5436895767,2.9734485046160684,0.023644044863570635,ok,False,True,False,0
2239,2012651.2634899702,2.778700237859046,0.029234358528615334,ok,False,True,False,0
2240,4234658.677938612,2.7771660241681397,0.04954980835242917,ok,False,True,False,0
2241,2270023.739240385,2.848160350386058,0.02189840712303237,ok,False,True,False,0
2242,2016949.2126650712,2.8325578149998663,0.028037599988253392,ok,False,True,False,0
2243,3183485.9455945403,2.9913296074018083,0.05239282928148026,ok,False,True,False,0
2244,2094875.2757902043,2.9992261793661985,0.0372867189193567,ok,False,True,False,0
2245,2546452.687802009,2.992272896316871,0.03238650696942835,ok,False,True,False,0
2246,2344886.563814379,2.996976129858073,0.04861110798928575,ok,False,True,False,0
2247,1882190.241073924,2.9501425944921857,0.10166318474413559,ok,False,True,False,0
2248,1882190.241073924,2.925510041187245,0.10079369237996104,ok,False,True,False,0
2249,1929608.8976257143,2.9926768817377636,0.07059052838923632,ok,False,True,False,0
2250,2012105.4624791406,2.789193953673693,0.03167645077256165,ok,False,True,False,0
2251,2122491.2906508795,2.999271655752178,0.02365391746349066,ok,False,True,False,0
2252,2082665.178365014,2.8639067411499823,0.023606761125617548,ok,False,True,False,0
2253,1967134.0114109828,2.8034142895427703,0.026775900003730202,ok,False,True,False,0
2254,1998841.2082884004,2.9957835075274932,0.049667218230847854,ok,False,True,False,0
2255,2207709.4704990936,2.9969025503696978,0.05181312547359712,ok,False,True,False,0
2256,1995696.3683085092,2.9091389966488865,0.038110309902671,ok,False,True,False,0
2257,1931638.1737178247,2.9697671897983424,0.06899465671889626,ok,False,True,False,0
2258,1967134.0114109828,2.8851936823150695,0.03672326062756359,ok,False,True,False,0
2259,2052238.1961781092,2.9525598309803356,0.029559354646113534,ok,False,True,False,0
2260,2056717.4798695117,2.7833339394373393,0.017696881625034855,ok,False,True,False,0
2261,2142791.2171086995,2.991497449738765,0.03436993387494555,ok,False,True,False,0
2262,2651750.8179939883,2.988530814786712,0.04640771842284108,ok,False,True,False,0
2263,1882190.241073924,2.9369217807991657,0.08054270922191703,ok,False,True,False,0
2264,1858025.9090895548,2.9776646085955685,0.11464609153590556,ok,False,True,False,0
2265,2023669.7627865293,2.992339607213009,0.026794999532256503,ok,False,True,False,0
2266,2040673.5041088283,2.993855159320667,0.04866885528759812,ok,False,True,False,0
2267,3280256.025255977,2.987924829402319,0.04229474352092555,ok,False,True,False,0
2268,1882190.241073924,2.861464857621468,0.09874169627941357,ok,False,True,False,0
2269,2085386.2557690148,2.909529305681257,0.02937345896133603,ok,False,True,False,0
2270,2567906.112656158,2.996156825088899,0.041963755229108224,ok,False,True,False,0
2271,3184770.8596945084,2.998905560792079,0.10514166306758327,ok,False,True,False,0
2272,2000996.8885733562,2.9709808270274447,0.030551244079600526,ok,False,True,False,0
2273,2015446.8587215275,2.9569947568272257,0.022816899660942247,ok,False,True,False,0
2274,2000148.0992031437,2.990598711063874,0.026643027831394328,ok,False,True,False,0
2275,3582421.7250451134,2.8262389802420116,0.05004223360231205,ok,False,True,False,0
2276,1967134.0114109828,2.989707908287333,0.032714178346300554,ok,False,True,False,0
2277,1931638.1737178247,2.991408340831623,0.05419352705154372,ok,False,True,False,0
2278,1931638.1737178247,2.981354176985554,0.05858242263193632,ok,False,True,False,0
2279,1995558.2051371364,2.9032173727265222,0.02683187492998851,ok,False,True,False,0
2280,1931638.1737178247,2.9583135354605794,0.04151942635886979,ok,False,True,False,0
2281,1967134.0114109828,2.9854960361526723,0.060189300378249266,ok,False,True,False,0
2282,3227124.119936272,2.9358672960933623,0.03412387799069827,ok,False,True,False,0
2283,1967134.0114109828,2.8018885244494043,0.0317458716756861,ok,False,True,False,0
2284,2021917.3096610107,2.9543025145903963,0.027930551419447613,ok,False,True,False,0
2285,2186194.64843889,2.9946022962720136,0.0326790665944921,ok,False,True,False,0
2286,1916035.0780503256,2.9806513337982405,0.08435850565846215,ok,False,True,False,0
2287,1967134.0114109828,2.9793825107208662,0.03700397769041697,ok,False,True,False,0
2288,1929608.8976257143,2.972737687456785,0.04752103513474829,ok,False,True,False,0
2289,2017165.9785434261,2.998283948690688,0.02652903010283858,ok,False,True,False,0
2290,1992532.9920191625,2.965829383536189,0.05457741375329139,ok,False,True,False,0
2291,1916035.0780503256,2.990493113548724,0.08332188144048674,ok,False,True,False,0
2292,2039887.0958956552,2.9870065661107486,0.04723734182971226,ok,False,True,False,0
2293,1991450.8102302863,2.8982497311464606,0.049272474388124876,ok,False,True,False,0
2294,1967134.0114109828,2.788210772034695,0.02413514591334165,ok,False,True,False,0
2295,1967134.0114109828,2.976618897548313,0.036323668218730176,ok,False,True,False,0
2296,1967134.0114109828,2.944545916456435,0.033341483289158313,ok,False,True,False,0
2297,1997543.0188098943,2.875100743865642,0.02972861608872923,ok,False,True,False,0
2298,1992552.4751134901,2.785845574213649,0.03441741372403173,ok,False,True,False,0
2299,2006440.029344137,2.867042313361736,0.04109833639657301,ok,False,True,False,0
2300,2385235.4473105376,2.9996746485457706,0.03962782132668369,ok,False,True,False,0
2301,1929608.8976257143,2.983051214298298,0.056647629449201764,ok,False,True,False,0
2302,1967134.0114109828,2.9169810962780174,0.02602094457653603,ok,False,True,False,0
2303,1967134.0114109828,2.960427594738566,0.025462679868681892,ok,False,True,False,0
2304,5016328.147634265,2.7985490280863146,0.05357123009696696,ok,False,True,False,0
2305,2846099.784415781,2.9943684675711753,0.08672301320675757,ok,False,True,False,0
2306,2191843.089275027,2.9977847629372487,0.043459133619235146,ok,False,True,False,0
2307,2160259.0313782175,2.9432494805084928,0.029322379312336277,ok,False,True,False,0
2308,3757153.274324334,2.9877850320280044,0.038222209550823005,ok,False,True,False,0
2309,1995876.9093928454,2.9280377129823467,0.031608150085079,ok,False,True,False,0
2310,2112068.3825332234,2.88799609269527,0.023249900801099954,ok,False,True,False,0
2311,2007831.2922357116,2.965030881165803,0.02464736646029153,ok,False,True,False,0
2312,1967134.0114109828,2.9647758124948385,0.0341214310311756,ok,False,True,False,0
2313,1929608.8976257143,2.9722865993251775,0.06348975364021334,ok,False,True,False,0
2314,2133717.078724751,2.9819795182569835,0.025468000461895235,ok,False,True,False,0
2315,2018841.8096655342,2.9931040998404095,0.025226822910491623,ok,False,True,False,0
2316,1882190.241073924,2.961690103429733,0.10857143512458946,ok,False,True,False,0
2317,2016881.2374271485,2.9914446784969204,0.02893650193939859,ok,False,True,False,0
2318,2549708.6569349845,2.9939204457218267,0.030640893928789242,ok,False,True,False,0
2319,1858025.9090895548,2.9882362151380657,0.10895210726213944,ok,False,True,False,0
2320,3448032.9040151844,2.993599294486451,0.039474876741560805,ok,False,True,False,0
2321,2004854.2444740662,2.9923281081937505,0.027603538803061434,ok,False,True,False,0
2322,2012599.6576575013,2.999012083470179,0.032774406538346096,ok,False,True,False,0
2323,2178885.0974288615,2.9987002887567664,0.03444499996300554,ok,False,True,False,0
2324,1993383.0094274313,2.99999656735553,0.035821771471835795,ok,False,True,False,0
2325,1882190.241073924,2.9882032514825365,0.10230720014242226,ok,False,True,False,0
2326,2029412.7072347503,2.8638820900507684,0.025331379028633028,ok,False,True,False,0
2327,1992010.7791019354,2.890181934835359,0.059421874020112064,ok,False,True,False,0
2328,2519666.360338587,2.7616533084906316,0.03221780664755991,ok,False,True,False,0
2329,2742717.7043185816,2.693431639741801,0.03417145801898608,ok,False,True,False,0
2330,1994294.4066716346,2.843431152352748,0.028060767786053598,ok,False,True,False,0
2331,5790691.706061501,2.681967943736069,0.07003446336011238,ok,False,True,False,0
2332,2155913.20374495,2.901151520197413,0.03876897095741305,ok,False,True,False,0
2333,1992729.296061407,2.9444378353627774,0.02447805210044736,ok,False,True,False,0
2334,2388410.1374283778,2.998774645278978,0.0361186526467725,ok,False,True,False,0
2335,1929608.8976257143,2.9464271656357557,0.05375559415710611,ok,False,True,False,0
2336,2074580.9732042414,2.7964605968481253,0.029634507476465788,ok,False,True,False,0
2337,1858025.9090895548,2.9071106505577315,0.11323125820840743,ok,False,True,False,0
2338,4068870.807957395,2.925590725599645,0.03980043605572697,ok,False,True,False,0
2339,2565039.9846880813,2.9751916459304737,0.037913563460999056,ok,False,True,False,0
2340,1882190.241073924,2.9703804316896276,0.09514700395937505,ok,False,True,False,0
2341,1998985.966762725,2.891243727709235,0.029737255447412902,ok,False,True,False,0
2342,2678179.8940747776,2.973149137613367,0.04766019157098356,ok,False,True,False,0
2343,4431109.759107546,2.9877780767855797,0.06194298271636545,ok,False,True,False,0
2344,1992547.4140932416,2.9627057091662774,0.021929061657004145,ok,False,True,False,0
2345,3057410.4835923435,2.446824656517627,0.04245108325492375,ok,False,True,False,0
2346,2577698.047223143,2.789231700641209,0.03839473394656556,ok,False,True,False,0
2347,4877329.820521261,2.709701068530452,0.04517333281186908,ok,False,True,False,0
2348,1931638.1737178247,2.995684490035173,0.06805667298119977,ok,False,True,False,0
2349,2234551.326211609,2.9980644201439275,0.025539032976734988,ok,False,True,False,0
2350,1967134.0114109828,2.8496035652013925,0.03345609182963813,ok,False,True,False,0
2351,2689262.134517602,2.8302375986933086,0.03427564261143834,ok,False,True,False,0
2352,1994353.1028666755,2.9961222023271437,0.040382296335279455,ok,False,True,False,0
2353,3500433.001000001,2.9899265159958475,0.04087166483411864,ok,False,True,False,0
2354,2216925.0089035286,2.9979082601081948,0.03250417354286009,ok,False,True,False,0
2355,2321391.035157017,2.9875081111870183,0.04003154517087759,ok,False,True,False,0
2356,1882190.241073924,2.955343031384003,0.08756458256895752,ok,False,True,False,0
2357,1882190.241073924,2.995860656217972,0.08362137310365057,ok,False,True,False,0
2358,1882190.241073924,2.958231499817723,0.08239837182500098,ok,False,True,False,0
2359,1991075.3426792016,2.9708553852297284,0.03129875957486705,ok,False,True,False,0
2360,2134853.308142801,2.9108507748426824,0.025548608530382988,ok,False,True,False,0
2361,1929608.8976257143,2.878468805920331,0.05194682458940392,ok,False,True,False,0
2362,1967134.0114109828,2.9980191264753246,0.03330819805974039,ok,False,True,False,0
2363,4795857.116324189,2.9818252368769835,0.06677225502214179,ok,False,True,False,0
2364,3226075.912299317,2.994891025052569,0.06067914107731526,ok,False,True,False,0
2365,3178643.2113322187,2.5851516324583494,0.04506550776638396,ok,False,True,False,0
2366,2074667.9517661175,2.9672000031301553,0.037129543859979186,ok,False,True,False,0
2367,1994008.4180113857,2.9803083100348164,0.036738897305464646,ok,False,True,False,0
2368,2020319.3869510915,2.951967968348114,0.04270099501719582,ok,False,True,False,0
2369,2436267.913643388,2.9989056183442333,0.0370281152446868,ok,False,True,False,0
2370,2018248.9561455043,2.986325491100812,0.03024555895304959,ok,False,True,False,0
2371,2083027.4159166694,2.9924701947026686,0.03309391081573759,ok,False,True,False,0
2372,1967134.0114109828,2.9322092270150026,0.027547822512114073,ok,False,True,False,0
2373,2018491.1850809772,2.9774029637668216,0.03641226778531015,ok,False,True,False,0
2374,1930402.9693967383,2.957821413385755,0.05077130012744335,ok,False,True,False,0
2375,2123651.546153417,2.8803003317508473,0.02071587445158106,ok,False,True,False,0
2376,1992734.0702663993,2.934181437500131,0.03381724028762262,ok,False,True,False,0
2377,2384140.524716083,2.9798340994072605,0.04060587315498801,ok,False,True,False,0
2378,1967134.0114109828,2.9824517403765807,0.05963980821527737,ok,False,True,False,0
2379,1882190.241073924,2.937514588086479,0.08361254059868901,ok,False,True,False,0
2380,1993427.7295008595,2.980184494359352,0.03282223864311151,ok,False,True,False,0
2381,2480811.5200128043,2.872442515407264,0.03133983437949006,ok,False,True,False,0
2382,1991092.6241513253,2.9186133256075393,0.025439337936771778,ok,False,True,False,0
2383,3048254.2425183062,2.683146718104651,0.04067656993742652,ok,False,True,False,0
2384,2209818.2035113582,2.983140733174348,0.04798565930848231,ok,False,True,False,0
2385,2023714.839311085,2.979527034708378,0.018968511717286307,ok,False,True,False,0
2386,2650962.599959301,2.984683148369937,0.035898002266060006,ok,False,True,False,0
2387,2017450.2853696712,2.999013883717226,0.038907631576840185,ok,False,True,False,0
2388,4855607.399031764,2.383213665930433,0.04163259905279271,ok,False,True,False,0
2389,2280756.8750877883,2.9997715822374325,0.04593267001288928,ok,False,True,False,0
2390,2014359.9632318297,2.8881526066929917,0.02376274112518495,ok,False,True,False,0
2391,2340926.06089349,2.9975790690895767,0.030761749311793166,ok,False,True,False,0
2392,2022536.0158385793,2.832032788251584,0.022513527201540318,ok,False,True,False,0
2393,2004648.2931951538,2.728184961978603,0.033826212235120945,ok,False,True,False,0
2394,4158137.5142456014,2.9585570436880846,0.057318162746527124,ok,False,True,False,0
2395,1929608.8976257143,2.935237822912587,0.055000512636082736,ok,False,True,False,0
2396,1967134.0114109828,2.842331048135198,0.03326542282723133,ok,False,True,False,0
2397,2021733.8868109128,2.9848388563031234,0.03786837105529289,ok,False,True,False,0
2398,2675820.1095860787,2.9967317126714246,0.06048372499080665,ok,False,True,False,0
2399,2701510.1989141544,2.9994254744140596,0.0451436262523941,ok,False,True,False,0
2400,1967134.0114109828,2.9181971445785706,0.030515062444879337,ok,False,True,False,0
2401,2690226.4345003646,2.9397472659212496,0.0507771297006554,ok,False,True,False,0
2402,1967134.0114109828,2.889751860745509,0.036798883331905285,ok,False,True,False,0
2403,2735894.285118832,2.9983717505063985,0.03449439455255665,ok,False,True,False,0
2404,1916035.0780503256,2.978507314148425,0.056768512900333315,ok,False,True,False,0
2405,2040516.8902380497,2.9998839089099296,0.02923285046421631,ok,False,True,False,0
2406,1994637.1297014013,2.8430329522606295,0.02817567939150467,ok,False,True,False,0
2407,1967134.0114109828,2.7073261464930294,0.03576768596860691,ok,False,True,False,0
2408,3317394.0008561756,2.783294366780639,0.04416355058495691,ok,False,True,False,0
2409,2194084.872213831,2.8682584997693032,0.03229775508373855,ok,False,True,False,0
2410,1967134.0114109828,2.916393474527113,0.026426170672999127,ok,False,True,False,0
2411,2004971.1214356404,2.9288483962607756,0.02832622298642362,ok,False,True,False,0
2412,1929608.8976257143,2.9643896518704898,0.047806780503356856,ok,False,True,False,0
2413,2398810.1899137143,2.9953855496033777,0.035588446747888164,ok,False,True,False,0
2414,2211403.0074002827,2.9238229435753142,0.03452291972452788,ok,False,True,False,0
2415,1931638.1737178247,2.9890564123786962,0.0700956965008922,ok,False,True,False,0
2416,2174378.3610712984,2.8118239355567503,0.016058433239919512,ok,False,True,False,0
2417,1967134.0114109828,2.9426743777111284,0.03499765935196242,ok,False,True,False,0
2418,4958316.518172346,2.9097264753191667,0.06526409009183232,ok,False,True,False,0
2419,2059112.7723048977,2.978512958512676,0.036134195555428406,ok,False,True,False,0
2420,3274437.682673785,2.9985821492792866,0.051407685862167624,ok,False,True,False,0
2421,1992013.140092014,2.9986113059598773,0.035592094043915,ok,False,True,False,0
2422,2922141.198926913,2.75945523498323,0.043896544943104576,ok,False,True,False,0
2423,2073886.3570809579,2.999892189785167,0.04518803353937734,ok,False,True,False,0
2424,1930402.9693967383,2.989236551097567,0.06160342957269068,ok,False,True,False,0
2425,2037993.6473406833,2.798960085575435,0.027943044924755744,ok,False,True,False,0
2426,3012129.069189832,2.8775340613206724,0.04496616612968035,ok,False,True,False,0
2427,1929608.8976257143,2.989824073073732,0.05666821597782722,ok,False,True,False,0
2428,1990910.1731465154,2.9452631683998742,0.04225833827353126,ok,False,True,False,0
2429,1996557.0542289934,2.9932575180698553,0.02012709966682652,ok,False,True,False,0
2430,3042965.0519959168,2.888028302884937,0.05501119922515929,ok,False,True,False,0
2431,1967134.0114109828,2.9129302658748637,0.054884186254056444,ok,False,True,False,0
2432,3041520.9204994775,2.7755031087306463,0.04695073018928675,ok,False,True,False,0
2433,2165583.5006353687,2.9791669331109514,0.05034221324089988,ok,False,True,False,0
2434,1784304.5492869555,2.7726697314505664,0.15125418446627295,ok,False,True,False,0
2435,1858025.9090895548,2.8975852369956288,0.10718093090460351,ok,False,True,False,0
2436,1882190.241073924,2.9507018953799355,0.0882014133429469,ok,False,True,False,0
2437,2185067.365632656,2.797854846822131,0.030841929058884276,ok,False,True,False,0
2438,1990998.2928033918,2.9746192789646475,0.035015111939449395,ok,False,True,False,0
2439,1991681.3099471605,2.925905536703394,0.033915804493661605,ok,False,True,False,0
2440,1967134.0114109828,2.9926932578152847,0.03474737102672665,ok,False,True,False,0
2441,1929608.8976257143,2.9306134307954648,0.0803283746743523,ok,False,True,False,0
2442,1858025.9090895548,2.9130421611984465,0.10528273788328507,ok,False,True,False,0
2443,1930402.9693967383,2.979903880625165,0.06656525218409061,ok,False,True,False,0
2444,1882190.241073924,2.981198990943793,0.07710526095847822,ok,False,True,False,0
2445,1916035.0780503256,2.8751279095592865,0.09456369536741974,ok,False,True,False,0
2446,2665725.5324572143,2.7311406670037472,0.0334154964675909,ok,False,True,False,0
2447,2021594.629139422,2.799652309152394,0.021681550582002274,ok,False,True,False,0
2448,2067487.677531485,2.92153626753642,0.021722266778122612,ok,False,True,False,0
2449,1991125.4321864012,2.756801822571113,0.03810536476186088,ok,False,True,False,0
2450,2167463.6652765498,2.9999556256240107,0.03939650023300689,ok,False,True,False,0
2451,2360644.6873085564,2.8660783706606177,0.029571050351630934,ok,False,True,False,0
2452,1929608.8976257143,2.9777419378221963,0.046191098398211825,ok,False,True,False,0
2453,1882190.241073924,2.952770979405023,0.08458784037506654,ok,False,True,False,0
2454,2476416.646633928,2.9846280433299133,0.045563214415418885,ok,False,True,False,0
2455,2350280.2269859137,2.994299820867851,0.04784282944663476,ok,False,True,False,0
2456,1882190.241073924,2.966080579660698,0.08917921453990135,ok,False,True,False,0
2457,1929608.8976257143,2.9712883695939523,0.0554779627928707,ok,False,True,False,0
2458,2030995.3768616195,2.953974783416351,0.03255630526976805,ok,False,True,False,0
2459,1996896.1882996864,2.9247614608555956,0.060377357498905715,ok,False,True,False,0
2460,1967134.0114109828,2.988768442304859,0.04094848836949149,ok,False,True,False,0
2461,2189704.9806534583,2.8549517084232594,0.02667743087787222,ok,False,True,False,0
2462,1995840.9786847937,2.879442493868878,0.03135453391554943,ok,False,True,False,0
2463,2801838.620429509,2.9805763584477463,0.04869662001264741,ok,False,True,False,0
2464,8760853.458666222,2.7396797457505273,0.09404028027539724,ok,False,True,False,0
2465,1929608.8976257143,2.9891605644549033,0.06382641517947973,ok,False,True,False,0
2466,3953552.0042968425,2.992269233908746,0.08695379118978708,ok,False,True,False,0
2467,2002111.0618847448,2.9419552801483686,0.0334797391413823,ok,False,True,False,0
2468,2767626.4349626983,2.9968799859879214,0.02973020981365332,ok,False,True,False,0
2469,2164665.925276614,2.9987070318256626,0.04446409375114235,ok,False,True,False,0
2470,2000203.5329172418,2.9989868350286555,0.05465164710992898,ok,False,True,False,0
2471,1998884.768371092,2.904757850492153,0.039580442298073504,ok,False,True,False,0
2472,1991427.86246563,2.9811783366557725,0.03156434272258901,ok,False,True,False,0
2473,2276602.086646075,2.9936583366782923,0.0366149273130727,ok,False,True,False,0
2474,1931638.1737178247,2.996281048266093,0.07617034535278541,ok,False,True,False,0
2475,2044923.24285176,2.8956525795380395,0.030385380573628773,ok,False,True,False,0
2476,1882190.241073924,2.9539285742750394,0.09302498193704657,ok,False,True,False,0
2477,1916035.0780503256,2.995069949218507,0.08976590858077685,ok,False,True,False,0
2478,1967134.0114109828,2.801209461380953,0.038224648074836276,ok,False,True,False,0
2479,1992934.4902340858,2.936506515415617,0.02884580548328558,ok,False,True,False,0
2480,3451377.434471881,2.7747810316244435,0.027418008649764507,ok,False,True,False,0
2481,3074923.087135817,2.99820796092832,0.06337303971683833,ok,False,True,False,0
2482,3058463.5319854505,2.938044160171875,0.04979070029676946,ok,False,True,False,0
2483,1967134.0114109828,2.7317794632127166,0.04019548660532268,ok,False,True,False,0
2484,1882190.241073924,2.9909404207225316,0.08434744448681658,ok,False,True,False,0
2485,3555090.0673179636,2.9990771366221294,0.05861241620269669,ok,False,True,False,0
2486,2010373.2838863975,2.952413909187598,0.02681198253911249,ok,False,True,False,0
2487,2010758.8832774,2.867672275194259,0.046071853130803087,ok,False,True,False,0
2488,1929608.8976257143,2.9893016676178608,0.07721785631796352,ok,False,True,False,0
2489,2113878.6661859816,2.9973657248019565,0.026649730388903947,ok,False,True,False,0
2490,2401627.0164937824,2.9937521857031237,0.03814299280703348,ok,False,True,False,0
2491,3683952.1328814137,2.909890132152218,0.09012879186449163,ok,False,True,False,0
2492,1991426.8237459077,2.9413483358309334,0.02744641367730949,ok,False,True,False,0
2493,1930402.9693967383,2.9684060171266764,0.05514689940953102,ok,False,True,False,0
2494,1999405.6512395456,2.9976960292878863,0.03562399316193621,ok,False,True,False,0
2495,3940608.42144398,2.9798269019568804,0.0339747003570971,ok,False,True,False,0
2496,1930402.9693967383,2.9986669655014717,0.05656896774522445,ok,False,True,False,0
2497,1967134.0114109828,2.9821551634813903,0.030154605285275804,ok,False,True,False,0
2498,1845431.27670268,2.9167153706783253,0.11298318634693658,ok,False,True,False,0
2499,1967134.0114109828,2.988944665608838,0.07089358924675934,ok,False,True,False,0
2500,1996369.3715958528,2.97732796317699,0.04122699687429149,ok,False,True,False,0
2501,1995230.7313079832,2.9853896886863085,0.026814060404668272,ok,False,True,False,0
2502,1993750.0714467354,2.851427507995009,0.029479680444443157,ok,False,True,False,0
2503,1967134.0114109828,2.834986645611121,0.03082886116473671,ok,False,True,False,0
2504,2486946.8912749165,2.9759127312816633,0.024244498509712664,ok,False,True,False,0
2505,2030303.272684246,2.9960824545268263,0.052207497962999005,ok,False,True,False,0
2506,2043897.3951135958,2.995609958713362,0.03564529239704228,ok,False,True,False,0
2507,1967134.0114109828,2.9880014227798877,0.03269772166554663,ok,False,True,False,0
2508,2004063.1304567447,2.996952422711579,0.02388322864987774,ok,False,True,False,0
2509,2896402.8938053697,2.898228906968417,0.03355920005590074,ok,False,True,False,0
2510,1991703.218805081,2.9360296318056633,0.032658339259101665,ok,False,True,False,0
2511,2050277.519904402,2.99962050178562,0.03201744072874589,ok,False,True,False,0
2512,2568054.21295065,2.850758966320437,0.026227949655808824,ok,False,True,False,0
2513,1995545.1456957352,2.9315398609387087,0.03065125690778303,ok,False,True,False,0
2514,1929608.8976257143,2.9775506523223156,0.05479099713156265,ok,False,True,False,0
2515,1929608.8976257143,2.991486316886383,0.05637561377925219,ok,False,True,False,0
2516,2000959.1270924401,2.9071047846668856,0.02539069971103239,ok,False,True,False,0
2517,1994038.9509755897,2.9359651331845176,0.033980537496965724,ok,False,True,False,0
2518,1967134.0114109828,2.856216448526406,0.042424447743919846,ok,False,True,False,0
2519,1929608.8976257143,2.981880889541377,0.05593721372665944,ok,False,True,False,0
2520,1929608.8976257143,2.963225428290046,0.05429796066797625,ok,False,True,False,0
2521,2051831.7952828505,2.9880346034613194,0.03562581001506865,ok,False,True,False,0
2522,2078223.9282495126,2.9918990048189262,0.024479324156493842,ok,False,True,False,0
2523,2012933.9516737808,2.9923417317330916,0.026682497021806806,ok,False,True,False,0
2524,2013478.7117146833,2.9164598272512086,0.02998237226273026,ok,False,True,False,0
2525,3161983.519588047,2.9687004723405437,0.039400357397191055,ok,False,True,False,0
2526,2967852.6821183157,2.9986258463993885,0.05982952670624808,ok,False,True,False,0
2527,2020804.0124680765,2.997372584528276,0.029126659588339154,ok,False,True,False,0
2528,3673674.622349525,2.9874204309197916,0.05978530561814743,ok,False,True,False,0
2529,1996189.3128036791,2.9848515033680343,0.033617865334141184,ok,False,True,False,0
2530,2382451.0157418177,2.979871652151866,0.03275795040428914,ok,False,True,False,0
2531,2918083.040829652,2.998219514272013,0.03557731202759787,ok,False,True,False,0
2532,1929608.8976257143,2.987036458535991,0.05336273179196341,ok,False,True,False,0
2533,2431248.969388788,2.9965465886846916,0.052957058268425006,ok,False,True,False,0
2534,1994754.2689407072,2.925531231036799,0.038771995594865216,ok,False,True,False,0
2535,2762188.2507973523,2.7619971407579254,0.028258284492147734,ok,False,True,False,0
2536,2065789.7563913832,2.925540146062283,0.02424136977551733,ok,False,True,False,0
2537,2008318.3059718413,2.7903573559644097,0.02222241416324211,ok,False,True,False,0
2538,1967134.0114109828,2.819842340427437,0.023794568428665036,ok,False,True,False,0
2539,1845431.27670268,2.992860720262491,0.13122125941125654,ok,False,True,False,0
2540,1929608.8976257143,2.985242772502563,0.0737974660456583,ok,False,True,False,0
2541,1993205.460703933,2.839129743675178,0.023664963519043403,ok,False,True,False,0
2542,2374515.692340447,2.9996996282663684,0.03071746813064341,ok,False,True,False,0
2543,3926824.647592193,2.826718110793213,0.04676183987044105,ok,False,True,False,0
2544,3064614.138890005,2.9450383850709745,0.03756624633894523,ok,False,True,False,0
2545,2014555.496410348,2.8745032918110285,0.03442083157907183,ok,False,True,False,0
2546,2623308.8982094163,2.7573832492362564,0.03390572792439939,ok,False,True,False,0
2547,3024366.7438892047,2.621465942001842,0.027651614725923146,ok,False,True,False,0
2548,2102132.5912001156,2.8028606803793688,0.03854990572438288,ok,False,True,False,0
2549,2033631.4635211779,2.996904564389002,0.04683683319191101,ok,False,True,False,0
2550,2025351.1371498683,2.8420206724840895,0.029925953331189303,ok,False,True,False,0
2551,1990986.2535809402,2.999878458809931,0.03422175731981003,ok,False,True,False,0
2552,2209253.562180639,2.9923871932660866,0.028731270443206558,ok,False,True,False,0
2553,1967134.0114109828,2.8032599498072632,0.02615031557732095,ok,False,True,False,0
2554,1831470.096201781,2.783086606147418,0.12907810403721162,ok,False,True,False,0
2555,2011223.5690921631,2.8971853837883037,0.0372020044173591,ok,False,True,False,0
2556,1882190.241073924,2.9345164863409474,0.08051564405886452,ok,False,True,False,0
2557,2079893.9484829267,2.96225528379009,0.03146703865338818,ok,False,True,False,0
2558,2013715.0225060033,2.9964329667433756,0.05031784906505132,ok,False,True,False,0
2559,1916035.0780503256,2.9561733796075425,0.04958487356129637,ok,False,True,False,0
2560,2178064.5151599185,2.998212474294988,0.046507495170117985,ok,False,True,False,0
2561,3243629.054731717,2.9925945077291423,0.02333882465515069,ok,False,True,False,0
2562,1995176.8729331412,2.986768105691006,0.040194567998699804,ok,False,True,False,0
2563,1916035.0780503256,2.996579917172164,0.06892231164842724,ok,False,True,False,0
2564,2138531.552028114,2.9996211870534766,0.023599631201892346,ok,False,True,False,0
2565,1967134.0114109828,2.9722278216344433,0.02247654427412349,ok,False,True,False,0
2566,2230192.8260124004,2.9465167501522993,0.02628535003345933,ok,False,True,False,0
2567,2035160.5462285527,2.880768446530367,0.02532083924261097,ok,False,True,False,0
2568,2005146.6396097136,2.960077454815832,0.01984901213214818,ok,False,True,False,0
2569,2012548.0882614322,2.976614353000791,0.025864874518967573,ok,False,True,False,0
2570,1858025.9090895548,2.902504893236202,0.10757276624970553,ok,False,True,False,0
2571,2254944.9990594406,2.6794158626853486,0.023863963254457998,ok,False,True,False,0
2572,1882190.241073924,2.990517094146505,0.08473850494932535,ok,False,True,False,0
2573,2074776.7727107736,2.8977161331908574,0.022897529375427383,ok,False,True,False,0
2574,2160909.6223926763,2.96893522525984,0.029038415755253122,ok,False,True,False,0
2575,2464579.8255701954,2.9972485797228963,0.0299025654402037,ok,False,True,False,0
2576,1967134.0114109828,2.847870128486748,0.03610752459303479,ok,False,True,False,0
2577,1929608.8976257143,2.996065621736787,0.047835145494146414,ok,False,True,False,0
2578,1997994.5254870052,2.910501033298167,0.026606215799995336,ok,False,True,False,0
2579,1994286.362891583,2.941999705198978,0.03700859407811519,ok,False,True,False,0
2580,2203027.177285727,2.997793513747725,0.03718967059281769,ok,False,True,False,0
2581,1967134.0114109828,2.8779124974970745,0.03288030859771107,ok,False,True,False,0
2582,1967134.0114109828,2.98107935148224,0.04331061268823122,ok,False,True,False,0
2583,1916035.0780503256,2.879993202485829,0.044168307922705985,ok,False,True,False,0
2584,2128308.782179353,2.951709119861623,0.03291369934274835,ok,False,True,False,0
2585,1858025.9090895548,2.910704969097967,0.12078068597138135,ok,False,True,False,0
2586,2276016.795922828,2.999692910688146,0.02883175386200368,ok,False,True,False,0
2587,2044838.8341760703,2.8648257476786165,0.024140955624705973,ok,False,True,False,0
2588,1967134.0114109828,2.8737895337923725,0.02721095232076154,ok,False,True,False,0
2589,3731813.697330283,2.9947474889584518,0.06024164571129201,ok,False,True,False,0
2590,1929608.8976257143,2.9139035207503303,0.08323706914636769,ok,False,True,False,0
2591,2210604.8325237036,2.988533264500749,0.03328740557551568,ok,False,True,False,0
2592,1992161.0088392613,2.977545354805547,0.029348605406430472,ok,False,True,False,0
2593,1991927.6431958706,2.977252798123418,0.039374279998725004,ok,False,True,False,0
2594,4257865.210720128,2.7306538263208378,0.03672365946573064,ok,False,True,False,0
2595,3506714.7063758243,2.9991832532032277,0.034425707465443045,ok,False,True,False,0
2596,1967134.0114109828,2.996372261690471,0.024359214087955494,ok,False,True,False,0
2597,2022574.1682582549,2.8870178215079974,0.025594775334227382,ok,False,True,False,0
2598,3377704.0606062133,2.879705871448463,0.0407011338389367,ok,False,True,False,0
2599,2451980.0713135926,2.9487544008831326,0.027216034385775356,ok,False,True,False,0
2600,1994385.2578765624,2.99005161988093,0.023356455524431552,ok,False,True,False,0
2601,1967134.0114109828,2.929743642114837,0.036594408661321465,ok,False,True,False,0
2602,1997307.743411215,2.9735827405405315,0.03777536990697017,ok,False,True,False,0
2603,1967134.0114109828,2.9533407394665403,0.034585298377872366,ok,False,True,False,0
2604,1997260.9336690449,2.9968095473578718,0.03773100928773032,ok,False,True,False,0
2605,2058310.0832912656,2.99687048472209,0.02791808678982244,ok,False,True,False,0
2606,3043740.295897181,2.7975712919674622,0.03468454013697997,ok,False,True,False,0
2607,3027940.7621102678,2.997618214147672,0.03213230341851849,ok,False,True,False,0
2608,1992452.9730255746,2.9771935164066328,0.03285942119067364,ok,False,True,False,0
2609,1882190.241073924,2.9669996628256907,0.1023122386416679,ok,False,True,False,0
2610,1929608.8976257143,2.974220461160112,0.0864535276478956,ok,False,True,False,0
2611,2056649.587830272,2.9009906815558177,0.028241507995560022,ok,False,True,False,0
2612,2331756.7892207555,2.9610858027269056,0.03283838259353,ok,False,True,False,0
2613,2222885.609438722,2.9995235311321493,0.027185206922709745,ok,False,True,False,0
2614,1996597.6825025284,2.98450745160555,0.028284318664345554,ok,False,True,False,0
2615,3338769.683381212,2.954657964536207,0.043901649808607335,ok,False,True,False,0
2616,2051267.4846951496,2.9854647996632195,0.025798815939391928,ok,False,True,False,0
2617,2551028.2558377334,2.997733145752351,0.034435012073111615,ok,False,True,False,0
2618,2012270.962633242,2.9010666142801513,0.038958546709007225,ok,False,True,False,0
2619,2082299.6272245855,2.918602197607071,0.02640744668270545,ok,False,True,False,0
2620,2081573.797103549,2.9392882664041653,0.028229554539376187,ok,False,True,False,0
2621,1916035.0780503256,2.9850186875052835,0.06955567993443662,ok,False,True,False,0
2622,2066451.3144987845,2.887808897866501,0.030314674347405424,ok,False,True,False,0
2623,1929608.8976257143,2.9268347156679253,0.05775987789979727,ok,False,True,False,0
2624,1930402.9693967383,2.9552531714386943,0.06018476800370724,ok,False,True,False,0
2625,2148322.5880079023,2.8456692616529558,0.03407990992394683,ok,False,True,False,0
2626,2029882.8965978976,2.999072866661411,0.031719907751688536,ok,False,True,False,0
2627,1992511.4930570188,2.910252845932384,0.0345762276336008,ok,False,True,False,0
2628,5903383.351423758,2.982067430025623,0.058122374273354524,ok,False,True,False,0
2629,2387975.211612917,2.941367425609904,0.022948000620703124,ok,False,True,False,0
2630,3533192.3226254205,2.8093749149672536,0.039104772722640846,ok,False,True,False,0
2631,1995560.105697184,2.918974198831297,0.06263175149813438,ok,False,True,False,0
2632,2774360.0192237115,2.92056791340276,0.03409772721965154,ok,False,True,False,0
2633,3123984.1310436674,2.9284718696052514,0.03613662655241201,ok,False,True,False,0
2634,1882190.241073924,2.907429255027396,0.1072827288830559,ok,False,True,False,0
2635,1967134.0114109828,2.8200262117479324,0.027823354150921298,ok,False,True,False,0
2636,2811238.088665937,2.99870819921479,0.022760864573649675,ok,False,True,False,0
2637,2124659.5201929137,2.9975099082372787,0.036143654091086996,ok,False,True,False,0
2638,1916035.0780503256,2.999124373857592,0.06755504791975193,ok,False,True,False,0
2639,1993458.118136008,2.8608280038296248,0.019522588517570716,ok,False,True,False,0
2640,2004288.523589445,2.9957940443799638,0.05395266516553576,ok,False,True,False,0
2641,1882190.241073924,2.971159204379058,0.09975566322843543,ok,False,True,False,0
2642,1994164.2969671073,2.7816099153632265,0.036046126112782795,ok,False,True,False,0
2643,1882190.241073924,2.984302330572319,0.0952993058972362,ok,False,True,False,0
2644,1858025.9090895548,2.985849293451516,0.1007234160534303,ok,False,True,False,0
2645,1882190.241073924,2.9480257970943047,0.08818931043093,ok,False,True,False,0
2646,2163983.2176691843,2.8093587066611327,0.04311008551198586,ok,False,True,False,0
2647,1858025.9090895548,2.991473888723787,0.13861723713413818,ok,False,True,False,0
2648,2472962.540401774,2.8107819488828083,0.03642591750990541,ok,False,True,False,0
2649,2107828.039991264,2.99944013399264,0.0364940413714568,ok,False,True,False,0
2650,2011656.4724784663,2.964775327804161,0.02829565764328923,ok,False,True,False,0
2651,1967134.0114109828,2.9070348128611183,0.03558649206585629,ok,False,True,False,0
2652,1967134.0114109828,2.994503301803878,0.03907845674574312,ok,False,True,False,0
2653,1967134.0114109828,2.9798249706631106,0.03921078844625647,ok,False,True,False,0
2654,2091611.3488812975,2.981062762219622,0.021742246503071105,ok,False,True,False,0
2655,1967134.0114109828,2.815544918224745,0.02797010668664779,ok,False,True,False,0
2656,2563070.795285591,2.8050329245683416,0.0336278387568939,ok,False,True,False,0
2657,1967134.0114109828,2.9745210913319795,0.04479904353828039,ok,False,True,False,0
2658,3614449.3709490276,2.9382645659419797,0.04683052075606198,ok,False,True,False,0
2659,2169135.239821791,2.9976982879589507,0.02895656697431559,ok,False,True,False,0
2660,3431823.5106605534,2.9622688176234924,0.04089012084241095,ok,False,True,False,0
2661,2022988.3059859131,2.943163350483656,0.024653570897265165,ok,False,True,False,0
2662,2147129.8847856536,2.816078037378495,0.02721973348223028,ok,False,True,False,0
2663,2672782.4358136635,2.8686798570295795,0.03045094637473328,ok,False,True,False,0
2664,1929608.8976257143,2.9727298306757026,0.048316287393108004,ok,False,True,False,0
2665,2381106.652860712,2.998256401443627,0.054458946783761064,ok,False,True,False,0
2666,2121924.947365584,2.9789283960396675,0.018922828518080248,ok,False,True,False,0
2667,2037088.598151899,2.9221106414547293,0.03446641946434442,ok,False,True,False,0
2668,1967134.0114109828,2.9613356083603435,0.048349042151524524,ok,False,True,False,0
2669,1967134.0114109828,2.952801825441219,0.035787600697085226,ok,False,True,False,0
2670,1858025.9090895548,2.9671365683827924,0.11655451743776789,ok,False,True,False,0
2671,1991270.8403558326,2.860256049545916,0.021462346864845605,ok,False,True,False,0
2672,2022925.0967191919,2.999011173926097,0.039799063241238775,ok,False,True,False,0
2673,3614613.8320726072,2.959344582044551,0.05604235785848277,ok,False,True,False,0
2674,2721665.5216947566,2.8457819108322786,0.026063094179414215,ok,False,True,False,0
2675,2032530.0459639572,2.947106984211203,0.02451460302631725,ok,False,True,False,0
2676,2939453.193544665,2.871040967999103,0.04954724286874013,ok,False,True,False,0
2677,1991242.2483253875,2.9844942104822296,0.04053048821226468,ok,False,True,False,0
2678,2218270.8451219513,2.718226011296308,0.02437133204413039,ok,False,True,False,0
2679,2043131.6669998567,2.9984185493127193,0.030772971717095254,ok,False,True,False,0
2680,3041862.40960276,2.995264193027509,0.045473668194221634,ok,False,True,False,0
2681,1930402.9693967383,2.981355499722096,0.07189144984666876,ok,False,True,False,0
2682,1995207.676395248,2.976259519701519,0.029581251227494554,ok,False,True,False,0
2683,1999841.3416783572,2.8834968378942527,0.026776645993706966,ok,False,True,False,0
2684,1930402.9693967383,2.9541909893464697,0.057074178678330756,ok,False,True,False,0
2685,2014190.705357623,2.9984807998393075,0.06271151247563547,ok,False,True,False,0
2686,1967134.0114109828,2.981223487651826,0.036650446474813934,ok,False,True,False,0
2687,2007557.9900536656,2.9680693974427337,0.027778411239243295,ok,False,True,False,0
2688,2112372.0824168655,2.9068762464913656,0.029399991515472457,ok,False,True,False,0
2689,2751158.1340041086,2.9947919503310443,0.049249690422057735,ok,False,True,False,0
2690,1929608.8976257143,2.959394742976057,0.07986610326956278,ok,False,True,False,0
2691,1967134.0114109828,2.9392263341141396,0.026587303573165078,ok,False,True,False,0
2692,2995926.517636806,2.78505487850852,0.04085713008780306,ok,False,True,False,0
2693,3875347.750961904,2.996941932879263,0.03043397920161084,ok,False,True,False,0
2694,1929608.8976257143,2.982201202738607,0.06672492304427773,ok,False,True,False,0
2695,2821672.8042288097,2.916541514419376,0.050241761510883776,ok,False,True,False,0
2696,2042334.3775560225,2.967987628564419,0.03559582165695807,ok,False,True,False,0
2697,1967134.0114109828,2.9245308089345934,0.021834804713567357,ok,False,True,False,0
2698,2149660.15719689,2.9987102248702806,0.045645732092989444,ok,False,True,False,0
2699,1996435.0867424777,2.888051166024186,0.029844237402169682,ok,False,True,False,0
2700,2001402.7255634253,2.956096949926809,0.022519154551963544,ok,False,True,False,0
2701,1997729.2396271913,2.9587425658259643,0.03479825783443913,ok,False,True,False,0
2702,1882190.241073924,2.9603553207203537,0.0962314185759634,ok,False,True,False,0
2703,1999148.2159621816,2.9998273759137515,0.03291099102472839,ok,False,True,False,0
2704,2877200.8188605946,2.816678709852542,0.03904010087757712,ok,False,True,False,0
2705,3815616.2958737887,2.998328591111399,0.05633672741175022,ok,False,True,False,0
2706,2690113.830581798,2.993868927681133,0.04750043817573213,ok,False,True,False,0
2707,2001722.6698333665,2.9274879834974676,0.01913488942072511,ok,False,True,False,0
2708,2323472.4407370584,2.920248948190145,0.034910996570810315,ok,False,True,False,0
2709,3233414.0269587766,2.994520230506054,0.05886928941143599,ok,False,True,False,0
2710,1837981.451569313,2.9202657135443397,0.13073589475614666,ok,False,True,False,0
2711,1992184.3152459331,2.9695113752668356,0.0321637214439327,ok,False,True,False,0
2712,1992374.7137874733,2.9305038675739015,0.04042933576469265,ok,False,True,False,0
2713,1929608.8976257143,2.9571022837643586,0.07415240626513575,ok,False,True,False,0
2714,1991580.9304225114,2.956260329881833,0.033481642793536104,ok,False,True,False,0
2715,2064626.6489303226,2.986496472427731,0.026489067801408722,ok,False,True,False,0
2716,2485455.8610191043,2.9798767504227213,0.02377954217100381,ok,False,True,False,0
2717,1929608.8976257143,2.946863934792809,0.048620760020588516,ok,False,True,False,0
2718,2040660.473742596,2.994418717240932,0.02834802776648937,ok,False,True,False,0
2719,2125991.950575657,2.8038842159901245,0.035102630923539546,ok,False,True,False,0
2720,2036936.101739363,2.9995602703720063,0.02396301371084908,ok,False,True,False,0
2721,1930402.9693967383,2.9920460660177035,0.0618967833344658,ok,False,True,False,0
2722,2572985.0040127966,2.9313693560571923,0.02226052710161308,ok,False,True,False,0
2723,2213004.6225754656,2.8920295663150535,0.035520580819229486,ok,False,True,False,0
2724,2023959.233377564,2.9999082964800845,0.034015818657452845,ok,False,True,False,0
2725,2360863.741536924,2.9108027102915854,0.03168564987722511,ok,False,True,False,0
2726,2002615.5519900676,2.9508145398192154,0.018311287936018245,ok,False,True,False,0
2727,2162435.612564849,2.9961769592793157,0.037400803486104195,ok,False,True,False,0
2728,3409025.746850717,2.998638279001307,0.03764046285432582,ok,False,True,False,0
2729,2092982.3566712227,2.9987060293442007,0.03323311272083507,ok,False,True,False,0
2730,1929608.8976257143,2.9905444002132695,0.06674262634217955,ok,False,True,False,0
2731,3437894.8972079903,2.909835392496179,0.03104582428558378,ok,False,True,False,0
2732,2404993.648658157,2.830362853115939,0.0242554990175759,ok,False,True,False,0
2733,1845431.27670268,2.858707022276256,0.12980982665989943,ok,False,True,False,0
2734,1991068.7174540143,2.9786150053981872,0.045191241453135356,ok,False,True,False,0
2735,1882190.241073924,2.9603788652305125,0.09265917487060821,ok,False,True,False,0
2736,1992822.607628196,2.8760957847841535,0.050865952563707184,ok,False,True,False,0
2737,1929608.8976257143,2.98755613394414,0.0702911562122466,ok,False,True,False,0
2738,1967134.0114109828,2.9160648091376187,0.04068935536275142,ok,False,True,False,0
2739,4814357.518554246,2.9482170573584705,0.1035468375445543,ok,False,True,False,0
2740,3159083.9965066696,2.9977645296020787,0.04318955085698946,ok,False,True,False,0
2741,1845431.27670268,2.931113961879811,0.13427282442164645,ok,False,True,False,0
2742,3130444.916817493,2.5388034924052274,0.05459217447296172,ok,False,True,False,0
2743,1967134.0114109828,2.859839358484872,0.03662634507501461,ok,False,True,False,0
2744,1967134.0114109828,2.9294698492769,0.029002260307627425,ok,False,True,False,0
2745,2056872.3623674756,2.998358075701543,0.04245436973805278,ok,False,True,False,0
2746,1930402.9693967383,2.980930939619119,0.08563304306590575,ok,False,True,False,0
2747,2015717.6109244036,2.962848265089714,0.023489727018545015,ok,False,True,False,0
2748,3069587.906390246,2.8924200511675253,0.02815109457072895,ok,False,True,False,0
2749,1930402.9693967383,2.9948477842746857,0.0431849411860078,ok,False,True,False,0
2750,2368833.212909983,2.9958773690712226,0.025427630427665993,ok,False,True,False,0
2751,1967134.0114109828,2.99014952800729,0.060070017834012474,ok,False,True,False,0
2752,2391350.9171195445,2.958695303215679,0.028171510076338113,ok,False,True,False,0
2753,3030434.9095548852,2.9286994362242793,0.034017133979547365,ok,False,True,False,0
2754,1967134.0114109828,2.930966957539248,0.036233465203478143,ok,False,True,False,0
2755,2070011.244889579,2.758379191537063,0.026265692489489623,ok,False,True,False,0
2756,2713998.148152973,2.966708541791152,0.03683065211803849,ok,False,True,False,0
2757,2253742.961780849,2.998335101935329,0.05552736955729898,ok,False,True,False,0
2758,2210224.0144204795,2.9978131286249714,0.04668176069160623,ok,False,True,False,0
2759,1967134.0114109828,2.9763466901691396,0.032324402538782444,ok,False,True,False,0
2760,2334128.0696621845,2.9936347665682423,0.04636649273548091,ok,False,True,False,0
2761,1967134.0114109828,2.9291488738602647,0.04839346261743305,ok,False,True,False,0
2762,2171204.1161976275,2.8823605449508927,0.02662468812277341,ok,False,True,False,0
2763,1916035.0780503256,2.962719697112216,0.07072980167577307,ok,False,True,False,0
2764,1993731.0923562765,2.934853751635398,0.02923649127593768,ok,False,True,False,0
2765,2027539.7937189217,2.9785032198458943,0.03064387576950789,ok,False,True,False,0
2766,1858025.9090895548,2.908002702898833,0.10781341462684063,ok,False,True,False,0
2767,1996177.4291059054,2.8690011828732582,0.023315167571630324,ok,False,True,False,0
2768,2793084.5965325925,2.691603191857957,0.028210433990134454,ok,False,True,False,0
2769,1967134.0114109828,2.8900052190762597,0.03910074595818258,ok,False,True,False,0
2770,2509910.5540552037,2.9289994653864566,0.031643180928650705,ok,False,True,False,0
2771,1993815.6076756297,2.905771760447477,0.02968244779449336,ok,False,True,False,0
2772,3087525.882351774,2.998582320383937,0.03957945007721774,ok,False,True,False,0
2773,2002473.060712042,2.9688193315038873,0.0314475587098908,ok,False,True,False,0
2774,1967134.0114109828,2.943822389690559,0.02762262273940834,ok,False,True,False,0
2775,2016126.8154499317,2.9492269548129197,0.02153537702145747,ok,False,True,False,0
2776,2967036.494306114,2.998240937851145,0.05872103820991209,ok,False,True,False,0
2777,2269043.601224332,2.997578867680831,0.023194408926871968,ok,False,True,False,0
2778,1967134.0114109828,2.97865240701923,0.041204963379338766,ok,False,True,False,0
2779,3554095.1301898696,2.9228400267984154,0.03740551982014518,ok,False,True,False,0
2780,2367330.2058106586,2.9771631126600218,0.03846166724642547,ok,False,True,False,0
2781,3191326.2422668766,2.8927839224227494,0.03526754763568135,ok,False,True,False,0
2782,1931638.1737178247,2.946753561251847,0.06501588082317905,ok,False,True,False,0
2783,5155635.143061298,2.9691659769371554,0.044092152799844575,ok,False,True,False,0
2784,2734416.745288628,2.9392214222016158,0.024274675048740924,ok,False,True,False,0
2785,2989158.0412118817,2.864321580805359,0.02351652317620395,ok,False,True,False,0
2786,1967134.0114109828,2.908794034863554,0.02417462845778806,ok,False,True,False,0
2787,2257210.4622919494,2.9150583580434306,0.03150817886144013,ok,False,True,False,0
2788,2624965.0638108174,2.999417011104649,0.06113178660262847,ok,False,True,False,0
2789,1930402.9693967383,2.997671169270526,0.06890546672739883,ok,False,True,False,0
2790,2029797.7159947634,2.9994395193681145,0.030219384777649627,ok,False,True,False,0
2791,2446062.527208006,2.7695401082168054,0.02381585952540155,ok,False,True,False,0
2792,2072484.8426270853,2.994260607357508,0.026683431724506268,ok,False,True,False,0
2793,3459730.472341712,2.9990710547390034,0.04231497745320442,ok,False,True,False,0
2794,1993939.22547407,2.9622257878911507,0.033812486826717114,ok,False,True,False,0
2795,4515439.7920757355,2.870984606394278,0.03792426393182696,ok,False,True,False,0
2796,1967134.0114109828,2.9089952332522326,0.034533787806950544,ok,False,True,False,0
2797,2533597.34988763,2.9690643589521155,0.025241965597401217,ok,False,True,False,0
2798,1858025.9090895548,2.9123545276156206,0.11147871894195908,ok,False,True,False,0
2799,3298326.959291277,2.8769653209299273,0.031035645190234273,ok,False,True,False,0
2800,1992698.670480393,2.9990571387696585,0.02889295861762542,ok,False,True,False,0
2801,2825793.9600641397,2.9613276234450883,0.06129000947341934,ok,False,True,False,0
2802,1882190.241073924,2.9850928631533016,0.1070714371711995,ok,False,True,False,0
2803,1929608.8976257143,2.9077347352098553,0.04216416602385986,ok,False,True,False,0
2804,1991649.4405294266,2.9376822769210325,0.03806491128448275,ok,False,True,False,0
2805,2008746.1282512518,2.998307509866917,0.03978197230348998,ok,False,True,False,0
2806,1929608.8976257143,2.9567041916872605,0.051443969729760175,ok,False,True,False,0
2807,4066332.3183091977,2.9162636342803436,0.06500408243636646,ok,False,True,False,0
2808,3647235.21229577,2.6000655781495814,0.048941772405676376,ok,False,True,False,0
2809,2423617.466917882,2.990963076807303,0.03160224368748979,ok,False,True,False,0
2810,1930402.9693967383,2.9960910351825456,0.06334698542636495,ok,False,True,False,0
2811,3548541.3033267194,2.7341229254099844,0.03895078563521992,ok,False,True,False,0
2812,4411077.3895514915,2.820309128188571,0.03807173270800601,ok,False,True,False,0
2813,1991157.6447676267,2.8964497191599032,0.03233539930986118,ok,False,True,False,0
2814,2270082.9460651707,2.75698292706221,0.033650464390850954,ok,False,True,False,0
2815,1995542.3878224634,2.785032943941454,0.036549749932259235,ok,False,True,False,0
2816,2032192.4183673041,2.8378155727346677,0.02370076971855939,ok,False,True,False,0
2817,1930402.9693967383,2.998128220459882,0.059748778868821906,ok,False,True,False,0
2818,2010571.4064421197,2.9753803802129593,0.044811566892496324,ok,False,True,False,0
2819,2000929.2140426612,2.8929051174998017,0.03306584602181939,ok,False,True,False,0
2820,1882190.241073924,2.9489400749092236,0.0909118955022234,ok,False,True,False,0
2821,3014395.9746177336,2.9956295028182223,0.04687847502241077,ok,False,True,False,0
2822,2000189.973993294,2.971547122054526,0.026743980914826437,ok,False,True,False,0
2823,1991428.75159904,2.9205404914072366,0.030666050058221206,ok,False,True,False,0
2824,1929608.8976257143,2.997138680541614,0.08217646318223551,ok,False,True,False,0
2825,2596181.383422796,2.8095458660904904,0.02997271056828965,ok,False,True,False,0
2826,4791923.07740895,2.697192563214238,0.048684600510258136,ok,False,True,False,0
2827,2039614.9121874957,2.9037848381539115,0.020310962676219235,ok,False,True,False,0
2828,2048182.8486097166,2.995600720228226,0.027005180352104363,ok,False,True,False,0
2829,2666749.152949206,2.7652738524943983,0.026844306270218832,ok,False,True,False,0
2830,2345308.4896072145,2.847243296654945,0.036761408583052047,ok,False,True,False,0
2831,1916035.0780503256,2.9943040374017933,0.04848664826762002,ok,False,True,False,0
2832,1967134.0114109828,2.985111686635844,0.05070350182691136,ok,False,True,False,0
2833,2484026.8608535705,2.9929521400391303,0.03939502389765692,ok,False,True,False,0
2834,2112380.7366117546,2.8891977974829004,0.019440940231229775,ok,False,True,False,0
2835,1967134.0114109828,2.8976658968206,0.0356105263188167,ok,False,True,False,0
2836,2037232.8299024974,2.91288182429272,0.029230787456903107,ok,False,True,False,0
2837,1967134.0114109828,2.9558560736262165,0.0377263865298999,ok,False,True,False,0
2838,2516355.9957088274,2.9953941549654655,0.0765115594131709,ok,False,True,False,0
2839,2342039.0395929376,2.996586391458141,0.040643487471034634,ok,False,True,False,0
2840,2119885.406642845,2.934776619466321,0.022711118082807624,ok,False,True,False,0
2841,1967134.0114109828,2.783129836943961,0.02781720341499294,ok,False,True,False,0
2842,2018532.2152345672,2.9940118617865448,0.0205726652598629,ok,False,True,False,0
2843,1916035.0780503256,2.9866995619005454,0.07513803891105833,ok,False,True,False,0
2844,1991345.2340789887,2.969526538822329,0.03158636410006155,ok,False,True,False,0
2845,2278913.1681147963,2.820047684854734,0.02063362992775386,ok,False,True,False,0
2846,2010956.5093663912,2.989547893161972,0.02453486204966626,ok,False,True,False,0
2847,1992697.4508764264,2.9992212230444006,0.04013153348420129,ok,False,True,False,0
2848,2270785.9463569024,2.9970819464174343,0.02327960469308399,ok,False,True,False,0
2849,4572101.2505928045,2.992266369830104,0.06768583989374005,ok,False,True,False,0
2850,1929608.8976257143,2.9244762937949003,0.04510748992524383,ok,False,True,False,0
2851,2024430.1389342698,2.998485153578025,0.033840886216830235,ok,False,True,False,0
2852,1916035.0780503256,2.9971363530371677,0.05929243371645604,ok,False,True,False,0
2853,2167822.325702982,2.9959581736422702,0.03059662508712585,ok,False,True,False,0
2854,1999285.6597057225,2.9807676835800048,0.04491278182579461,ok,False,True,False,0
2855,2091149.1364632773,2.8827927566135014,0.027638091849396695,ok,False,True,False,0
2856,1992399.4284697967,2.8941475407128725,0.029339605137963742,ok,False,True,False,0
2857,1929608.8976257143,2.9899096285295754,0.05130747247816659,ok,False,True,False,0
2858,1967134.0114109828,2.9673069148429088,0.02257666760433441,ok,False,True,False,0
2859,2219842.903180431,2.9353941520717584,0.025415292153572966,ok,False,True,False,0
2860,1916035.0780503256,2.984650418722218,0.06603661167642833,ok,False,True,False,0
2861,1967134.0114109828,2.9511970194260932,0.0434044726039835,ok,False,True,False,0
2862,2041382.3329009535,2.997326281192964,0.028651586249408445,ok,False,True,False,0
2863,2013968.420799365,2.9262540342166456,0.029356685000516358,ok,False,True,False,0
2864,2014224.1891057205,2.8585254651473977,0.02196053066568382,ok,False,True,False,0
2865,2483529.563009336,2.969026290467074,0.04112753850786127,ok,False,True,False,0
2866,2059409.8922635296,2.99969679673962,0.07390236600443262,ok,False,True,False,0
2867,1931638.1737178247,2.899800427713471,0.08682786131119527,ok,False,True,False,0
2868,2000195.9802152275,2.979807201140871,0.025472824882899592,ok,False,True,False,0
2869,1967134.0114109828,2.901425437633812,0.029079339069117305,ok,False,True,False,0
2870,2644738.1153402394,2.9432322221916287,0.037252189182979234,ok,False,True,False,0
2871,5314447.213371198,2.9862189050326546,0.07613541984706029,ok,False,True,False,0
2872,1929608.8976257143,2.9518123441060906,0.0490731354244301,ok,False,True,False,0
2873,3971571.6823870814,2.9704066205179993,0.05138475010618693,ok,False,True,False,0
2874,3453017.1320829345,2.980064927794721,0.05653445188990369,ok,False,True,False,0
2875,1998033.9854524317,2.987260045241695,0.029470419459709463,ok,False,True,False,0
2876,1858025.9090895548,2.943316332058674,0.11984940900314377,ok,False,True,False,0
2877,1967134.0114109828,2.972667002509823,0.040152413984201885,ok,False,True,False,0
2878,2282193.48211981,2.995628488608251,0.044035191979126975,ok,False,True,False,0
2879,2312600.941299181,2.999712637134932,0.05879297703860209,ok,False,True,False,0
2880,1845431.27670268,2.941189301285484,0.12186886282771063,ok,False,True,False,0
2881,2287639.6535048457,2.914558611375642,0.025415567229894964,ok,False,True,False,0
2882,1993532.3422124204,2.9281546830502565,0.02182342344736743,ok,False,True,False,0
2883,2239876.3133386937,2.9975190659357445,0.03681108345284831,ok,False,True,False,0
2884,3025684.1025342736,2.9964271486687135,0.041903004988232184,ok,False,True,False,0
2885,2933469.7987140478,2.81034295245478,0.05777117514925001,ok,False,True,False,0
2886,1930402.9693967383,2.941682421419412,0.07309714053151753,ok,False,True,False,0
2887,1992639.2937501562,2.900178504110566,0.04790054631828583,ok,False,True,False,0
2888,2185189.5691748736,2.9998407876447857,0.03886242516450994,ok,False,True,False,0
2889,1967134.0114109828,2.9867928958138585,0.03346741842290113,ok,False,True,False,0
2890,2350925.083804023,2.898353769167173,0.02129199936732845,ok,False,True,False,0
2891,1930402.9693967383,2.9635951020978135,0.055606273354851014,ok,False,True,False,0
2892,1858025.9090895548,2.935044055033692,0.10682483542110355,ok,False,True,False,0
2893,3859605.8239710783,2.997498142962902,0.05475557647959495,ok,False,True,False,0
2894,1967134.0114109828,2.897216774122138,0.04080934482491283,ok,False,True,False,0
2895,2396609.0141901914,2.998379408905522,0.07161308840125608,ok,False,True,False,0
2896,1929608.8976257143,2.9919964734941495,0.07966305047200783,ok,False,True,False,0
2897,1996863.1980023,2.934910668982312,0.023328693039429527,ok,False,True,False,0
2898,1996447.9634300298,2.997227524996843,0.043178632474419276,ok,False,True,False,0
2899,2016368.4732296302,2.9886934325025,0.030338009902762253,ok,False,True,False,0
2900,1967134.0114109828,2.957187158408815,0.04391392041436436,ok,False,True,False,0
2901,1929608.8976257143,2.9136035838244636,0.05965242176013027,ok,False,True,False,0
2902,2689169.1151117156,2.9970113812384134,0.0383209423977372,ok,False,True,False,0
2903,6298856.323598485,2.9818638455170126,0.09488353480820344,ok,False,True,False,0
2904,2044733.3941814352,2.8603678542185564,0.022142974566497164,ok,False,True,False,0
2905,2601727.966910203,2.753765359409419,0.023502253463509648,ok,False,True,False,0
2906,1929608.8976257143,2.973883973386248,0.07312032181034167,ok,False,True,False,0
2907,1929608.8976257143,2.8015879813912803,0.043232646132640384,ok,False,True,False,0
2908,1858025.9090895548,2.9815540173335733,0.12628954139841528,ok,False,True,False,0
2909,2586457.911592959,2.9880176769656766,0.0289624255815496,ok,False,True,False,0
2910,2000870.3899493453,2.9812888852837305,0.04958542866590071,ok,False,True,False,0
2911,1998295.406573081,2.8878381520889684,0.03467326346275601,ok,False,True,False,0
2912,2096555.2714814816,2.9655051352612682,0.028010892310878388,ok,False,True,False,0
2913,4320995.455072283,2.8804869426643895,0.05133718848713564,ok,False,True,False,0
2914,1967134.0114109828,2.862542697967712,0.03130799993375377,ok,False,True,False,0
2915,1845431.27670268,2.9215073642822986,0.1092051592598674,ok,False,True,False,0
2916,1967134.0114109828,2.9947083276177526,0.03339756152175488,ok,False,True,False,0
2917,1882190.241073924,2.9360101554006732,0.09427405471605278,ok,False,True,False,0
2918,1882190.241073924,2.9636725657727805,0.08776389932442508,ok,False,True,False,0
2919,2566128.079413812,2.9727166008895622,0.028906211211557675,ok,False,True,False,0
2920,1967134.0114109828,2.907792381146309,0.04112301504020344,ok,False,True,False,0
2921,2010795.58915104,2.8974886700999485,0.028010734533723936,ok,False,True,False,0
2922,1929608.8976257143,2.9901323759961658,0.06846102855420028,ok,False,True,False,0
2923,1997278.082627771,2.8984463351422547,0.03950589687473027,ok,False,True,False,0
2924,1882190.241073924,2.939922392696368,0.08607597057895416,ok,False,True,False,0
2925,1998223.4889012258,2.9970989175213445,0.04485408533675056,ok,False,True,False,0
2926,2091057.1848221626,2.9260429163289565,0.024509085546690512,ok,False,True,False,0
2927,2515262.255260045,2.999139065912903,0.046153960428254426,ok,False,True,False,0
2928,1930402.9693967383,2.995448960544139,0.05874253476882049,ok,False,True,False,0
2929,1996134.7876959282,2.9746239279458155,0.03621966508746055,ok,False,True,False,0
2930,2549317.4075548127,2.9994640562035597,0.030906550189911675,ok,False,True,False,0
2931,1967134.0114109828,2.9223493473194644,0.032235775804496825,ok,False,True,False,0
2932,3182259.6401637807,2.9931288987820057,0.04009124095292904,ok,False,True,False,0
2933,1784304.5492869555,2.9961195137972165,0.1690223798395622,ok,False,True,False,1
2934,1993713.2397605085,2.974393512001366,0.03248394757953066,ok,False,True,False,0
2935,1929608.8976257143,2.990758999940888,0.04987249018863346,ok,False,True,False,0
2936,3060919.088470899,2.971399195433131,0.03221326321680784,ok,False,True,False,0
2937,4389843.202570071,2.842928523910241,0.05345616820698623,ok,False,True,False,0
2938,1882190.241073924,2.8444035443546127,0.10805005054589167,ok,False,True,False,0
2939,1929608.8976257143,2.959075252659062,0.06344686129923574,ok,False,True,False,0
2940,2002388.2313120277,2.8773731261528113,0.029394216834958797,ok,False,True,False,0
2941,2448318.560480328,2.9991079728010615,0.042921223575480394,ok,False,True,False,0
2942,2001489.6195035123,2.9768332844522503,0.022028120767949244,ok,False,True,False,0
2943,1991122.8528534349,2.806363457943447,0.03423029053339208,ok,False,True,False,0
2944,2863219.2596628335,2.997219876659468,0.07623383744750833,ok,False,True,False,0
2945,1967134.0114109828,2.92578504016244,0.030317572046342722,ok,False,True,False,0
2946,4030327.5625656657,2.9225478593059053,0.04784704767917891,ok,False,True,False,0
2947,1882190.241073924,2.9379856206862476,0.09165387669350963,ok,False,True,False,0
2948,1997735.751936013,2.998550010572763,0.03963178627824371,ok,False,True,False,0
2949,1967134.0114109828,2.9051809399307498,0.02833305777075401,ok,False,True,False,0
2950,1992973.3647565192,2.961227816220179,0.03875525000408819,ok,False,True,False,0
2951,1930402.9693967383,2.9421105609806846,0.0620689377008176,ok,False,True,False,0
2952,6791705.024119823,2.90371063173202,0.08494210988551254,ok,False,True,False,0
2953,1967134.0114109828,2.9818838757565107,0.03617503677830669,ok,False,True,False,0
2954,1993373.165811762,2.9975937704838524,0.037529155183204654,ok,False,True,False,0
2955,2571809.7148905853,2.9976542554168004,0.04087086972070797,ok,False,True,False,0
2956,1967134.0114109828,2.8991326760859475,0.04040419202757395,ok,False,True,False,0
2957,3743800.534764746,2.8964166088310974,0.02954773340981387,ok,False,True,False,0
2958,1998111.1535678352,2.8880671155358018,0.027004477646942693,ok,False,True,False,0
2959,1882190.241073924,2.9539505546268305,0.1073390416222442,ok,False,True,False,0
2960,2004162.639318129,2.9823807248090493,0.03134834558572669,ok,False,True,False,0
2961,2342870.3702578577,2.915701036285137,0.035550765660185224,ok,False,True,False,0
2962,1967134.0114109828,2.863037732855823,0.03842522888755706,ok,False,True,False,0
2963,2177249.8543427316,2.9978770881795906,0.03002678737543152,ok,False,True,False,0
2964,2115450.8341750223,2.8448784716320867,0.03191706347267065,ok,False,True,False,0
2965,2322372.987689807,2.993209258808708,0.03018728607678306,ok,False,True,False,0
2966,2079756.5609604637,2.999670377669433,0.020403671495297593,ok,False,True,False,0
2967,2925984.845708078,2.9973173020568287,0.05068466393953136,ok,False,True,False,0
2968,2602632.699598065,2.988952257612511,0.040426190055192546,ok,False,True,False,0
2969,2002398.7167737468,2.9967180905844,0.06688521250747254,ok,False,True,False,0
2970,1967134.0114109828,2.922821266368061,0.02843116456797823,ok,False,True,False,0
2971,2010283.6672342827,2.9738492455510706,0.028615584300664465,ok,False,True,False,0
2972,2472715.6085114526,2.824831623903828,0.03683177650434302,ok,False,True,False,0
2973,2011353.1234510464,2.9833758771055336,0.02741188239836312,ok,False,True,False,0
2974,2025557.73506179,2.760034803314493,0.020241871528396113,ok,False,True,False,0
2975,2113933.3705553575,2.9798081848101274,0.02241645174600379,ok,False,True,False,0
2976,2405685.7452125093,2.9602316750368134,0.030905751199300058,ok,False,True,False,0
2977,1929608.8976257143,2.956013151764957,0.07481344699241307,ok,False,True,False,0
2978,2077142.7478347172,2.9949158854418254,0.07357616620181476,ok,False,True,False,0
2979,2029952.1076775366,2.9982907711354483,0.03973191932685427,ok,False,True,False,0
2980,1916035.0780503256,2.9963865928162052,0.06914264302052262,ok,False,True,False,0
2981,2776599.6757710287,2.9054723165380247,0.03408782417622047,ok,False,True,False,0
2982,2024185.5750684647,2.9491648252344875,0.030658141151109652,ok,False,True,False,0
2983,2079383.1178928276,2.8944801887319604,0.01721559200631595,ok,False,True,False,0
2984,1967134.0114109828,2.867722136053965,0.03574213316013475,ok,False,True,False,0
2985,1800304.500194651,2.944723965277191,0.1477699333979175,ok,False,True,False,0
2986,2048861.755647605,2.8852128982618748,0.02208405361766963,ok,False,True,False,0
2987,3009390.484235608,2.993499858025504,0.02688564493917789,ok,False,True,False,0
2988,2050279.5023603977,2.9958909894045647,0.025725863971872043,ok,False,True,False,0
2989,2611579.3479633722,2.991523527179489,0.0430669684510413,ok,False,True,False,0
2990,1994248.578963403,2.979535084315523,0.047033384182088245,ok,False,True,False,0
2991,1991658.2271316033,2.959155055537728,0.025979854956793003,ok,False,True,False,0
2992,1930402.9693967383,2.9374577288107115,0.07087038770844244,ok,False,True,False,0
2993,1967134.0114109828,2.8973939029324898,0.027880521547287596,ok,False,True,False,0
2994,1992649.4180079699,2.9030862540635884,0.028159236074566385,ok,False,True,False,0
2995,1967134.0114109828,2.988165111461302,0.051817639918297465,ok,False,True,False,0
2996,2596338.893251349,2.986682673344064,0.028600141984832517,ok,False,True,False,0
2997,2016580.7966118602,2.9044330376005747,0.029026962835070225,ok,False,True,False,0
2998,1845431.27670268,2.8677605399795825,0.1132131004408008,ok,False,True,False,0
2999,1967134.0114109828,2.8141498672130045,0.03916283855270086,ok,False,True,False,0
3000,2163786.37742974,2.7239369505850464,0.021620091587151252,ok,False,True,False,0
3001,2114960.359733425,2.9666510801307595,0.04257701160793437,ok,False,True,False,0
3002,2004833.6340573647,2.8589276459426447,0.02755088643457404,ok,False,True,False,0
3003,1993229.5327831078,2.821928889404752,0.027087884403062423,ok,False,True,False,0
3004,2937827.534282206,2.9595095607111905,0.0333561339075546,ok,False,True,False,0
3005,1995029.16502737,2.9371144701146914,0.042702821980848515,ok,False,True,False,0
3006,1929608.8976257143,2.962747797688132,0.061417897382673066,ok,False,True,False,0
3007,2778431.6220930885,2.9685562780480015,0.05540265707631142,ok,False,True,False,0
3008,1993100.017589067,2.9930871479812335,0.03142813255483101,ok,False,True,False,0
3009,1967134.0114109828,2.892577173788247,0.0497160298991135,ok,False,True,False,0
3010,1882190.241073924,2.967495546037478,0.0814698835955972,ok,False,True,False,0
3011,1967134.0114109828,2.87890210379749,0.03257945746599622,ok,False,True,False,0
3012,1992157.0342848063,2.861363771845916,0.02913588339135076,ok,False,True,False,0
3013,2576570.131033706,2.8935656546449167,0.02980088950808457,ok,False,True,False,0
3014,1991928.3089487231,2.952140427351076,0.04371204328462375,ok,False,True,False,0
3015,3023830.2225284358,2.937773863436495,0.05028936117074459,ok,False,True,False,0
3016,2161042.467399003,2.844911938113477,0.031223873703025262,ok,False,True,False,0
3017,1858025.9090895548,2.982613252820439,0.0905970304189994,ok,False,True,False,0
3018,1967134.0114109828,2.9951670064039053,0.03696925928996858,ok,False,True,False,0
3019,2265362.513117681,2.9413415925858257,0.03194951692643788,ok,False,True,False,0
3020,1858025.9090895548,2.9256378663976257,0.12265196957274212,ok,False,True,False,0
3021,2045204.8748888779,2.854333547760464,0.019719605078628355,ok,False,True,False,0
3022,2837069.803328544,2.955995424895649,0.03465733907415469,ok,False,True,False,0
3023,2145094.025534667,2.9970185984670885,0.03357372274367998,ok,False,True,False,0
3024,2002772.8736117883,2.940093967048215,0.033165635994047094,ok,False,True,False,0
3025,1967134.0114109828,2.989751701800027,0.03233088536568174,ok,False,True,False,0
3026,2970319.5982476845,2.999070632214836,0.03694902527720417,ok,False,True,False,0
3027,3665851.603232915,2.8493064051359096,0.05732175517618854,ok,False,True,False,0
3028,1967134.0114109828,2.996703530152592,0.03059518188888355,ok,False,True,False,0
3029,2689015.8732234593,2.543914323970959,0.04608123685375065,ok,False,True,False,0
3030,2218199.3042486534,2.9330619793663892,0.039387669223572286,ok,False,True,False,0
3031,1930402.9693967383,2.9031936486256016,0.08381727212164201,ok,False,True,False,0
3032,1967134.0114109828,2.9820480447343627,0.03809551498090323,ok,False,True,False,0
3033,1882190.241073924,2.8906114728945544,0.10267265953431916,ok,False,True,False,0
3034,1929608.8976257143,2.945499043131117,0.05785973270189698,ok,False,True,False,0
3035,1916035.0780503256,2.739242211360674,0.039595741551687436,ok,False,True,False,0
3036,3265354.554603173,2.997819926462588,0.04782151330770662,ok,False,True,False,0
3037,1991870.5603976394,2.996179164510976,0.020534567489043476,ok,False,True,False,0
3038,1930402.9693967383,2.81193422501641,0.04457493875912444,ok,False,True,False,0
3039,2565366.2591371187,2.995521031969381,0.03314780462329785,ok,False,True,False,0
3040,1800304.500194651,2.809912006544623,0.1567583962699446,ok,False,True,False,0
3041,2043242.2908892601,2.998010703790481,0.034643333823328515,ok,False,True,False,0
3042,1996950.330623812,2.9948442760306015,0.037718989663826585,ok,False,True,False,0
3043,2846206.1958589484,2.9490755250807514,0.03920551322897481,ok,False,True,False,0
3044,2118565.2678712388,2.6425323765499966,0.035677227752997975,ok,False,True,False,0
3045,1996407.702302706,2.964077673269095,0.041984090403939134,ok,False,True,False,0
3046,4201935.6153230695,2.9934539001587055,0.049802773112622864,ok,False,True,False,0
3047,1991601.694224067,2.895575336335246,0.027489995655094357,ok,False,True,False,0
3048,5395886.739633854,2.9844289618525632,0.07617808779987212,ok,False,True,False,0
3049,2755369.908221744,2.855961222447433,0.040137450512933937,ok,False,True,False,0
3050,1991543.9064581443,2.998081893579445,0.02652507363953449,ok,False,True,False,0
3051,2173422.1785358083,2.9829594240559527,0.05133119051882021,ok,False,True,False,0
3052,2158287.2849229947,2.995132869312827,0.03221576963012973,ok,False,True,False,0
3053,1992116.78469151,2.907391980468054,0.03154129068938727,ok,False,True,False,0
3054,3044366.460920284,2.9993420569105953,0.05400912503576982,ok,False,True,False,0
3055,2294566.543725435,2.9880073561780516,0.04497388613026032,ok,False,True,False,0
3056,1998935.0753838285,2.961127942469379,0.051722331439166436,ok,False,True,False,0
3057,1997176.7179226922,2.953181784309333,0.026817510756066865,ok,False,True,False,0
3058,1997628.4453046275,2.9557950080889572,0.03165243836184173,ok,False,True,False,0
3059,2050396.763937273,2.9868189438038266,0.035819819838754374,ok,False,True,False,0
3060,2213665.620968985,2.9456185674272604,0.02209884849477517,ok,False,True,False,0
3061,2186665.3373673563,2.969602465580301,0.04499252246126695,ok,False,True,False,0
3062,2155337.3514478956,2.90993161046183,0.027525828968572363,ok,False,True,False,0
3063,2340819.714499687,2.9936142168689184,0.049334922795876146,ok,False,True,False,0
3064,2054420.382265542,2.993099355690335,0.03495565421632674,ok,False,True,False,0
3065,1882190.241073924,2.904568188437182,0.10645741234726294,ok,False,True,False,0
3066,1967134.0114109828,2.8728204265721065,0.03685903731419771,ok,False,True,False,0
3067,1929608.8976257143,2.9305699041859463,0.07720969776146713,ok,False,True,False,0
3068,2018811.8442625355,2.9994499892725033,0.03846085073415634,ok,False,True,False,0
3069,1916035.0780503256,2.9869074931859316,0.0629407914129535,ok,False,True,False,0
3070,1967134.0114109828,2.975677089295284,0.03617113912437642,ok,False,True,False,0
3071,2391666.1874309033,2.9960540164684124,0.03593288787584892,ok,False,True,False,0
3072,1845431.27670268,2.896649207573832,0.12639163473946094,ok,False,True,False,0
3073,2353869.3489860576,2.9776230094000997,0.04555676948237386,ok,False,True,False,0
3074,2273914.5848399177,2.995296833626782,0.03539568487172959,ok,False,True,False,0
3075,2068571.193491741,2.9997431811483266,0.04392539751276836,ok,False,True,False,0
3076,1930402.9693967383,2.992555045249089,0.04625875216227256,ok,False,True,False,0
3077,1967134.0114109828,2.7664973215672033,0.03616550716166615,ok,False,True,False,0
3078,1991047.3706015064,2.861968716102307,0.04307308149706568,ok,False,True,False,0
3079,2451645.871116426,2.9969643422317196,0.04062048229245424,ok,False,True,False,0
3080,1930402.9693967383,2.972360960341298,0.047167515955382766,ok,False,True,False,0
3081,2046339.9528500498,2.9968233264706425,0.029473218223753817,ok,False,True,False,0
3082,2995496.196532858,2.845089640106274,0.034553941021875895,ok,False,True,False,0
3083,2225366.7471829164,2.980678577599095,0.028398390409438146,ok,False,True,False,0
3084,2178316.2375080027,2.99672945107819,0.030123389247634136,ok,False,True,False,0
3085,2503863.92341712,2.917802270853519,0.03181790909567045,ok,False,True,False,0
3086,1929608.8976257143,2.9637391463279217,0.09278678081794266,ok,False,True,False,0
3087,1916035.0780503256,2.937314172535368,0.07967943531770322,ok,False,True,False,0
3088,2016621.2443025103,2.890552653679566,0.025568019391338237,ok,False,True,False,0
3089,2364260.7115823794,2.999173593176613,0.04239590560050005,ok,False,True,False,0
3090,1858025.9090895548,2.8385457032807824,0.12041711682391379,ok,False,True,False,0
3091,2069582.3314772027,2.9977505973520078,0.03038083742372788,ok,False,True,False,0
3092,2001112.059170621,2.860064257471623,0.029370203871884937,ok,False,True,False,0
3093,1991164.560833506,2.8720192097450306,0.07466234992782605,ok,False,True,False,0
3094,2037759.043735391,2.994885375749075,0.043860279072990366,ok,False,True,False,0
3095,1967134.0114109828,2.9424731226010996,0.024553935708935826,ok,False,True,False,0
3096,1929608.8976257143,2.9981352909115735,0.048123342760547166,ok,False,True,False,0
3097,1997448.4699309338,2.949700904989921,0.06056095290994412,ok,False,True,False,0
3098,2227224.360143264,2.9296397020486813,0.03534942300161564,ok,False,True,False,0
3099,2009111.0020416754,2.9428287384813396,0.04445494082597484,ok,False,True,False,0
3100,2347430.958052378,2.9953515597919047,0.04911495559251626,ok,False,True,False,0
3101,1996009.5614778376,2.99832331636477,0.04340327266714272,ok,False,True,False,0
3102,1882190.241073924,2.9486289793818523,0.08578955239952105,ok,False,True,False,0
3103,1967134.0114109828,2.985517120341048,0.027592231771912057,ok,False,True,False,0
3104,2260309.9941046326,2.997747903701442,0.04548648051523296,ok,False,True,False,0
3105,1929608.8976257143,2.998231041426722,0.07229262357898524,ok,False,True,False,0
3106,2111406.879264176,2.9708357244093726,0.02596649951197716,ok,False,True,False,0
3107,1858025.9090895548,2.946104531545846,0.1048997626393003,ok,False,True,False,0
3108,1929608.8976257143,2.9788916740951548,0.07479681672823404,ok,False,True,False,0
3109,3239463.109465818,2.990089494458447,0.054475763928477416,ok,False,True,False,0
3110,2401270.0359397335,2.999411320070218,0.050075019160074286,ok,False,True,False,0
3111,1929608.8976257143,2.972069154339802,0.08028697638421992,ok,False,True,False,0
3112,2012981.0563941197,2.9995877407342846,0.03427408172493018,ok,False,True,False,0
3113,1990938.0262698955,2.8857592725062515,0.03148245392630156,ok,False,True,False,0
3114,1929608.8976257143,2.974923298016912,0.07219421955309316,ok,False,True,False,0
3115,2026050.6497391209,2.966448010662888,0.02698681529043101,ok,False,True,False,0
3116,2096163.1169043733,2.9886135066847723,0.030525579074769826,ok,False,True,False,0
3117,1967134.0114109828,2.8869809337051864,0.052155160587509575,ok,False,True,False,0
3118,2407434.4802969773,2.895975257128284,0.032631498484905874,ok,False,True,False,0
3119,2067118.1684243372,2.864670304536628,0.028228644213780796,ok,False,True,False,0
3120,1967134.0114109828,2.9504863777072536,0.031082982407173443,ok,False,True,False,0
3121,4400832.004612958,2.9939577773420405,0.05950816338519899,ok,False,True,False,0
3122,2250781.67831227,2.9994729664330206,0.026458830948211665,ok,False,True,False,0
3123,1858025.9090895548,2.8990493315969648,0.10839572983518386,ok,False,True,False,0
3124,4678092.380736286,2.9984477786703425,0.10152943656086016,ok,False,True,False,0
3125,2003260.8029298314,2.8785073151608236,0.033194587435529166,ok,False,True,False,0
3126,1994709.110957438,2.8602563240956407,0.03905725560102058,ok,False,True,False,0
3127,1930402.9693967383,2.946836218075008,0.07200395833930555,ok,False,True,False,0
3128,1929608.8976257143,2.9870809350797174,0.05984744997215474,ok,False,True,False,0
3129,2055728.675208537,2.976894908401775,0.027830961539380944,ok,False,True,False,0
3130,1929608.8976257143,2.9223657134499206,0.05874766511685644,ok,False,True,False,0
3131,1929608.8976257143,2.9656984130529205,0.04960252733952856,ok,False,True,False,0
3132,2006455.8049257335,2.990824605739501,0.031293919263669756,ok,False,True,False,0
3133,2669588.5591760413,2.927390476787391,0.04187046670298322,ok,False,True,False,0
3134,2953550.502493387,2.961372781368169,0.03233509784256994,ok,False,True,False,0
3135,3133003.005904561,2.9730581819612816,0.026875443024480916,ok,False,True,False,0
3136,1882190.241073924,2.9659304064909273,0.09410287907728075,ok,False,True,False,0
3137,1929608.8976257143,2.9745563847035807,0.05935239662013196,ok,False,True,False,0
3138,1784304.5492869555,2.909788023900781,0.15274259170814034,ok,False,True,False,0
3139,1967134.0114109828,2.874704419066065,0.030404103498809548,ok,False,True,False,0
3140,1882190.241073924,2.9751219165356053,0.09462559230131061,ok,False,True,False,0
3141,1916035.0780503256,2.9351721735623113,0.07870251303301345,ok,False,True,False,0
3142,1967134.0114109828,2.9145195906417127,0.0364427789846703,ok,False,True,False,0
3143,2535800.236997597,2.9974642247580454,0.03277122117867981,ok,False,True,False,0
3144,2347239.407419809,2.999529562614824,0.04094300588501265,ok,False,True,False,0
3145,2113280.505017486,2.9348906213850707,0.03204173578265812,ok,False,True,False,0
3146,2014149.4411006726,2.967116631844142,0.030623436141766158,ok,False,True,False,0
3147,1916035.0780503256,2.952594266153932,0.05942946635625673,ok,False,True,False,0
3148,2001962.4652357074,2.8458396473035625,0.030054108044865635,ok,False,True,False,0
3149,2105894.456242691,2.979399721245536,0.02109784487806654,ok,False,True,False,0
3150,2028939.5725159156,2.763513782794658,0.03257638037708521,ok,False,True,False,0
3151,4534839.696825543,2.973560986675685,0.07350905168841726,ok,False,True,False,0
3152,1992136.086172441,2.9206332279717127,0.028241154741884877,ok,False,True,False,0
3153,1967134.0114109828,2.981537802551149,0.02945831672847049,ok,False,True,False,0
3154,1931638.1737178247,2.9973404022736756,0.06469590827866009,ok,False,True,False,0
3155,1998065.580796956,2.8990413029837474,0.033786796996177926,ok,False,True,False,0
3156,1930402.9693967383,2.982923916721128,0.058869180944543534,ok,False,True,False,0
3157,3008249.1488720486,2.8554708823650685,0.030189221380623188,ok,False,True,False,0
3158,2092823.1572955179,2.8310938313686727,0.032280789554295974,ok,False,True,False,0
3159,1931638.1737178247,2.9993253346865405,0.06633293468844227,ok,False,True,False,0
3160,2109301.051795209,2.9355792613113887,0.02851343395422873,ok,False,True,False,0
3161,7322131.460764536,2.9839414932316775,0.06789681659567537,ok,False,True,False,0
3162,2053488.0741303717,2.9044352011173418,0.02153282236750699,ok,False,True,False,0
3163,2035835.3188457922,2.9988524909706173,0.025788494223998648,ok,False,True,False,0
3164,1930402.9693967383,2.957335448623218,0.07875773085099697,ok,False,True,False,0
3165,4937595.465517532,2.9912151531906144,0.051202219487570644,ok,False,True,False,0
3166,2048848.292982581,2.9998950414867975,0.04129027658334358,ok,False,True,False,0
3167,2866313.7994458736,2.9970848991297947,0.03020013439728328,ok,False,True,False,0
3168,2007003.7319315735,2.9977563682027975,0.03279320605800368,ok,False,True,False,0
3169,1929608.8976257143,2.962675473671792,0.056602292743510696,ok,False,True,False,0
3170,1845431.27670268,2.8990091930392357,0.1104448542513439,ok,False,True,False,0
3171,2124087.6827159,2.8670623965180804,0.027364900327146113,ok,False,True,False,0
3172,2013726.777324484,2.8729177832326958,0.023445747212712087,ok,False,True,False,0
3173,1990992.5865947034,2.902230684865465,0.03736618364698141,ok,False,True,False,0
3174,2031500.9869639904,2.968437566682759,0.02630021099813845,ok,False,True,False,0
3175,1967134.0114109828,2.9532510139757364,0.08753956267175741,ok,False,True,False,0
3176,1994934.5636994191,2.7492868356008238,0.029050925113952353,ok,False,True,False,0
3177,2376375.3866825984,2.9987886395422683,0.0668187943184555,ok,False,True,False,0
3178,1995798.2475635274,2.9164406555093043,0.03206403497964749,ok,False,True,False,0
3179,2741654.7808448686,2.77246943248485,0.033434515152073685,ok,False,True,False,0
3180,1994209.8386314907,2.9880467535606856,0.03891232920749621,ok,False,True,False,0
3181,2237133.9321578713,2.6851233757900568,0.03642295757838587,ok,False,True,False,0
3182,1967134.0114109828,2.877363637196717,0.028543808290312417,ok,False,True,False,0
3183,2081193.7734502272,2.9927116861497827,0.024022551560403338,ok,False,True,False,0
3184,2704970.070076572,2.998184913438771,0.05420337759037691,ok,False,True,False,0
3185,1993792.8918938953,2.8971242408505793,0.04854091349135814,ok,False,True,False,0
3186,2600527.752284409,2.8979118669684185,0.03383939892488236,ok,False,True,False,0
3187,1929608.8976257143,2.993616848853917,0.05760291602555237,ok,False,True,False,0
3188,2007573.575477397,2.916338030262796,0.020616573753471257,ok,False,True,False,0
3189,2598248.726586358,2.9199651206943567,0.035687326092741944,ok,False,True,False,0
3190,3297501.780062577,2.814770638793032,0.03991243793474905,ok,False,True,False,0
3191,3083602.7537743105,2.8818207683544315,0.03938784702476883,ok,False,True,False,0
3192,1967134.0114109828,2.9365346939284986,0.02726468971206325,ok,False,True,False,0
3193,1916035.0780503256,2.9876296457735245,0.07143375774683337,ok,False,True,False,0
3194,1929608.8976257143,2.9746888168748122,0.05500307411663319,ok,False,True,False,0
3195,3083459.2101730583,2.9973643092663096,0.04574024711034019,ok,False,True,False,0
3196,1991465.3850015425,2.9816616551994954,0.06769070009577632,ok,False,True,False,0
3197,2043593.1591350152,2.8625624942174843,0.024975283599773412,ok,False,True,False,0
3198,1991135.035772632,2.997483866998353,0.031753234209918935,ok,False,True,False,0
3199,1882190.241073924,2.9749099278363715,0.0920488425081617,ok,False,True,False,0
3200,4947305.970442195,2.4028183398388094,0.05561968283574434,ok,False,True,False,0
3201,1845431.27670268,2.886293559951616,0.11826951255675601,ok,False,True,False,0
3202,2166965.6255253972,2.9854228191979946,0.019665935111685684,ok,False,True,False,0
3203,2462671.671205252,2.839812237864321,0.03712285898432732,ok,False,True,False,0
3204,1929608.8976257143,2.9793605359387447,0.035249281552230505,ok,False,True,False,0
3205,2005495.7266550316,2.8851366148142175,0.0256148516577962,ok,False,True,False,0
3206,2005665.9392993937,2.9981718763014804,0.023789460334709966,ok,False,True,False,0
3207,1992124.8277877097,2.9618007993619067,0.04483262700625973,ok,False,True,False,0
3208,3007820.2237064745,2.9959034345015962,0.029372536202634247,ok,False,True,False,0
3209,2001531.5889517025,2.8533597248728286,0.03369254939458344,ok,False,True,False,0
3210,1882190.241073924,2.956274000387922,0.09035198645165583,ok,False,True,False,0
3211,2524842.7923504543,2.6024603718839403,0.036244090038420884,ok,False,True,False,0
3212,2231015.0736931306,2.997345801215225,0.0380987533106667,ok,False,True,False,0
3213,1967134.0114109828,2.8498127826699524,0.03788760000099056,ok,False,True,False,0
3214,2207299.338083067,2.995608598776622,0.04127931263828111,ok,False,True,False,0
3215,5923217.370036898,2.9600636633803825,0.061513839446912966,ok,False,True,False,0
3216,1858025.9090895548,2.90517556671663,0.11412862293661327,ok,False,True,False,0
3217,1967134.0114109828,2.9772212410312244,0.05952430454533181,ok,False,True,False,0
3218,1967134.0114109828,2.9901307430867394,0.027939138576878048,ok,False,True,False,0
3219,2001270.9937807964,2.9739700359126235,0.03477762592451439,ok,False,True,False,0
3220,2031164.541626979,2.94315451167861,0.03863827454991631,ok,False,True,False,0
3221,1967134.0114109828,2.9775136987566557,0.02608410661555194,ok,False,True,False,0
3222,1929608.8976257143,2.938741104770753,0.07017814771805322,ok,False,True,False,0
3223,1967134.0114109828,2.96510001214238,0.04045267142140707,ok,False,True,False,0
3224,2206826.9069733676,2.860840669549665,0.03385951629065426,ok,False,True,False,0
3225,1929608.8976257143,2.8928122856451886,0.05131057754130064,ok,False,True,False,0
3226,2029330.135053529,2.845230093712312,0.039045017569335316,ok,False,True,False,0
3227,1967134.0114109828,2.9635517929606836,0.04571002692091624,ok,False,True,False,0
3228,2159180.6455686316,2.8602338170387323,0.033108802977968255,ok,False,True,False,0
3229,2608424.913383451,2.865660049134579,0.02006681355861456,ok,False,True,False,0
3230,1991782.3291351672,2.948973910134516,0.04292166067866143,ok,False,True,False,0
3231,3636285.938636331,2.8589285999775673,0.05080015360896739,ok,False,True,False,0
3232,8015240.283710158,2.52926674177289,0.07040641677653525,ok,False,True,False,0
3233,2398375.533416788,2.8598986000282247,0.03215939328310191,ok,False,True,False,0
3234,1858025.9090895548,2.9560656727425902,0.1221415746075134,ok,False,True,False,0
3235,1929608.8976257143,2.9614019464927557,0.07143381219068326,ok,False,True,False,0
3236,2183163.316007567,2.9596819292302277,0.034937353124477655,ok,False,True,False,0
3237,2051988.2581591413,2.9769156145836666,0.04202889248678998,ok,False,True,False,0
3238,4310523.499225135,2.995612279688941,0.08022347361486759,ok,False,True,False,0
3239,1929608.8976257143,2.9684934059768553,0.06453014064479698,ok,False,True,False,0
3240,1998654.885243205,2.9876680805778815,0.04374262446358135,ok,False,True,False,0
3241,2007238.3225928731,2.8389965807498823,0.034068149448800544,ok,False,True,False,0
3242,2026982.998325872,2.9681692513172497,0.03233667483157543,ok,False,True,False,0
3243,1929608.8976257143,2.994592648934373,0.06674724434743247,ok,False,True,False,0
3244,5014818.00956577,2.9528972592608405,0.10838049940450617,ok,False,True,False,0
3245,2328416.486424233,2.9954314615035935,0.0340943732668989,ok,False,True,False,0
3246,1991763.3389162377,2.924142729645135,0.021364550161046103,ok,False,True,False,0
3247,2035712.3017203128,2.9866641430241834,0.02617421970408268,ok,False,True,False,0
3248,2131172.8347490514,2.9970028684436176,0.030107716792108663,ok,False,True,False,0
3249,2017680.3506870146,2.769857350589079,0.02467869187935709,ok,False,True,False,0
3250,2090812.7526400096,2.965638798484342,0.025887134911924403,ok,False,True,False,0
3251,2157064.6878893115,2.948516526565479,0.05573675555467858,ok,False,True,False,0
3252,1994550.052577923,2.876226154806024,0.03366022233773236,ok,False,True,False,0
3253,2571347.3353100736,2.886879633710671,0.028393112634641948,ok,False,True,False,0
3254,1845431.27670268,2.8741536261423586,0.11333233993999291,ok,False,True,False,0
3255,1845431.27670268,2.878387120541936,0.12937076265181147,ok,False,True,False,0
3256,2290510.299589677,2.9784674371783804,0.027208052819803208,ok,False,True,False,0
3257,1882190.241073924,2.9889779368466645,0.09714177268970688,ok,False,True,False,0
3258,1930402.9693967383,2.9991627720885123,0.07289557585262718,ok,False,True,False,0
3259,4997724.767750254,2.9715674844610778,0.04580295638976062,ok,False,True,False,0
3260,2001940.046342918,2.8630371080986556,0.025167353233193412,ok,False,True,False,0
3261,2136171.063165291,2.999381935075972,0.041285164639823596,ok,False,True,False,0
3262,4412758.657439621,2.9839612428151017,0.08752240794420518,ok,False,True,False,0
3263,2463149.763371326,2.999384849985558,0.0385758364491221,ok,False,True,False,0
3264,1929608.8976257143,2.8638255141572513,0.052252848723356116,ok,False,True,False,0
3265,1929608.8976257143,2.9814632068063025,0.05144719401079256,ok,False,True,False,0
3266,1991750.9481710384,2.8811973565683613,0.02088108521037102,ok,False,True,False,0
3267,2659511.7766117603,2.9087881761020133,0.030843467632644117,ok,False,True,False,0
3268,2035287.39895807,2.990580002339861,0.043908876959382226,ok,False,True,False,0
3269,2001673.5868051508,2.992204186184974,0.06792456861194515,ok,False,True,False,0
3270,2240337.3125334373,2.993531770369562,0.055828197568393356,ok,False,True,False,0
3271,2430826.5112636783,2.6414666233958606,0.04240330565667183,ok,False,True,False,0
3272,1967134.0114109828,2.895371906482923,0.035038337951208254,ok,False,True,False,0
3273,1929608.8976257143,2.982157058905771,0.051505861593017475,ok,False,True,False,0
3274,2066800.3878428752,2.9988553522202994,0.02224156972623864,ok,False,True,False,0
3275,2362939.6305025555,2.7567865613745566,0.03685889640398235,ok,False,True,False,0
3276,1991086.9413160558,2.9525324522448697,0.03253983292644258,ok,False,True,False,0
3277,1929608.8976257143,2.957656664625291,0.07846465257625378,ok,False,True,False,0
3278,1930402.9693967383,2.9670617282091687,0.05463347481723617,ok,False,True,False,0
3279,2008674.5848593942,2.8584229460905517,0.024048066576314038,ok,False,True,False,0
3280,2012565.3860770282,2.9998257237072794,0.0398793652174379,ok,False,True,False,0
3281,2160911.25485302,2.976627838241492,0.045111287894576135,ok,False,True,False,0
3282,4154308.400510008,2.998517451445803,0.10496821837790282,ok,False,True,False,0
3283,2168681.9487302704,2.9931327703309796,0.0352135440316787,ok,False,True,False,0
3284,2017068.8742626288,2.9961848655328924,0.036316426383598555,ok,False,True,False,0
3285,1967134.0114109828,2.966220342822747,0.03917828484490765,ok,False,True,False,0
3286,1929608.8976257143,2.961074021905252,0.046908472474432764,ok,False,True,False,0
3287,2027313.846758994,2.9985650776052433,0.028732526218958054,ok,False,True,False,0
3288,2210316.5499402275,2.9963356821945966,0.0795831593250505,ok,False,True,False,0
3289,2039069.8624831205,2.998437159347607,0.0379416163950117,ok,False,True,False,0
3290,5239524.358921393,2.9887013496064947,0.07146610963430516,ok,False,True,False,0
3291,1996125.486000033,2.9179198869268888,0.03398684144441465,ok,False,True,False,0
3292,2058269.4254475785,2.9243946857415075,0.023929016053780033,ok,False,True,False,0
3293,2005657.6861072374,2.946799119152147,0.04228891751627595,ok,False,True,False,0
3294,3479746.0345073096,2.9948389522567624,0.04269223007884382,ok,False,True,False,0
3295,1929608.8976257143,2.8217326060515706,0.04105437377693888,ok,False,True,False,0
3296,1997091.7376807954,2.84962649167814,0.04012986868521018,ok,False,True,False,0
3297,1858025.9090895548,2.900493644025067,0.09917945660193099,ok,False,True,False,0
3298,1916035.0780503256,2.9212146092785902,0.07081254838477682,ok,False,True,False,0
3299,2074238.2036853032,2.729792095122642,0.02785381499918471,ok,False,True,False,0
3300,1992668.2263068808,2.986433723728233,0.02581429732236426,ok,False,True,False,0
3301,1967134.0114109828,2.990876965204851,0.02618800213677952,ok,False,True,False,0
3302,4537560.19179712,2.999930898859665,0.06657064667197837,ok,False,True,False,0
3303,1929608.8976257143,2.972233302786277,0.050548820751891106,ok,False,True,False,0
3304,2528135.000105345,2.6993885011637353,0.04036587404806102,ok,False,True,False,0
3305,1929608.8976257143,2.9696512113692473,0.054055595850020684,ok,False,True,False,0
3306,2238337.973970832,2.9987544966819515,0.037770218485451756,ok,False,True,False,0
3307,7071641.208224319,2.9244327403976067,0.10848236333196462,ok,False,True,False,0
3308,1929608.8976257143,2.932737531852641,0.05419366278658252,ok,False,True,False,0
3309,2030251.7931835637,2.997822708542178,0.03728417039203624,ok,False,True,False,0
3310,2014841.5723190103,2.9212926438410047,0.01804134066944907,ok,False,True,False,0
3311,2959851.015182878,2.745578758880245,0.035680890836723295,ok,False,True,False,0
3312,1858025.9090895548,2.92490539664598,0.1008002141028614,ok,False,True,False,0
3313,1967134.0114109828,2.8932133302493646,0.028365291536842308,ok,False,True,False,0
3314,1858025.9090895548,2.985594832985634,0.1209025762539804,ok,False,True,False,0
3315,1967134.0114109828,2.7611847847614435,0.03586441092542436,ok,False,True,False,0
3316,2205344.5095500294,2.95069378080524,0.029351101378052635,ok,False,True,False,0
3317,1777954.6855010367,2.953704230890552,0.16492514618498547,ok,False,True,False,0
3318,1858025.9090895548,2.94745261663602,0.1037750342858175,ok,False,True,False,0
3319,1997134.4751152922,2.9716782041303618,0.020251067822017577,ok,False,True,False,0
3320,1882190.241073924,2.942917841966147,0.08563496294239589,ok,False,True,False,0
3321,2404964.8858759208,2.7787480103941196,0.0338863901515718,ok,False,True,False,0
3322,4630451.150796365,2.7663774698021157,0.06931691880687929,ok,False,True,False,0
3323,4146759.6441380037,2.9889820302737995,0.05687114155577622,ok,False,True,False,0
3324,2862119.533891955,2.996257610686341,0.057649055595892396,ok,False,True,False,0
3325,2037482.7466396424,2.9902719600839767,0.03618106306489399,ok,False,True,False,0
3326,2257963.048196677,2.808999438337861,0.03331323375603179,ok,False,True,False,0
3327,1858025.9090895548,2.954825741841324,0.10578804679552697,ok,False,True,False,0
3328,3446726.955257481,2.988656758593795,0.051056637727895815,ok,False,True,False,0
3329,1967134.0114109828,2.983007480364013,0.039523931419502556,ok,False,True,False,0
3330,1931638.1737178247,2.9999426341322213,0.06420853824554504,ok,False,True,False,0
3331,3406758.638426979,2.8713393309325674,0.033636562640610046,ok,False,True,False,0
3332,2018571.569506559,2.997268074872638,0.020158229930845817,ok,False,True,False,0
3333,1991050.78320019,2.880024517743332,0.0469243889313502,ok,False,True,False,0
3334,1996727.4969277605,2.9969960431087683,0.057224152454734334,ok,False,True,False,0
3335,2222212.8844975964,2.886012120181728,0.045097312897195985,ok,False,True,False,0
3336,2164976.763336158,2.8795172062683987,0.02084092776601343,ok,False,True,False,0
3337,2113222.683968834,2.9336045293716415,0.03771577481382937,ok,False,True,False,0
3338,1967134.0114109828,2.990933916480733,0.03254061719929591,ok,False,True,False,0
3339,2251611.359112084,2.8551183980063524,0.02539108685202951,ok,False,True,False,0
3340,1882190.241073924,2.9976374888027575,0.08629997582190554,ok,False,True,False,0
3341,1929608.8976257143,2.9638282561489593,0.06033369603523929,ok,False,True,False,0
3342,1967134.0114109828,2.971161916596766,0.061361029987176074,ok,False,True,False,0
3343,2076575.3121258854,2.9974240780110164,0.05473592380148551,ok,False,True,False,0
3344,3084138.3152035973,2.8572176654548542,0.03949555151743861,ok,False,True,False,0
3345,1929608.8976257143,2.988514070066371,0.06702831815043636,ok,False,True,False,0
3346,1967134.0114109828,2.7677071479406736,0.027574807975204618,ok,False,True,False,0
3347,1967134.0114109828,2.9647355830351305,0.05488127747740296,ok,False,True,False,0
3348,1967134.0114109828,2.94193993211122,0.026939638970912894,ok,False,True,False,0
3349,1882190.241073924,2.9782988001570256,0.10143386871419267,ok,False,True,False,0
3350,2896321.4931073324,2.9512680801266655,0.03197833017175672,ok,False,True,False,0
3351,2004568.4369850701,2.9035432242749586,0.028105641319251085,ok,False,True,False,0
3352,2011982.7604131547,2.9514649116025367,0.031032615062671964,ok,False,True,False,0
3353,4180534.078938994,2.941289181404307,0.03985134271588431,ok,False,True,False,0
3354,2421527.365070907,2.9567903466327143,0.027548018529020668,ok,False,True,False,0
3355,2000371.987593668,2.9454684711000922,0.04074963049575808,ok,False,True,False,0
3356,1967134.0114109828,2.8130327960285912,0.04222567314498993,ok,False,True,False,0
3357,1998639.3581784829,2.999975917254179,0.048047134448389595,ok,False,True,False,0
3358,2706501.94873079,2.9983404920672827,0.060183946243948516,ok,False,True,False,0
3359,1995788.8280391328,2.927670191531278,0.03447815531194531,ok,False,True,False,0
3360,2074236.2262889075,2.8893917018746142,0.0281488014039718,ok,False,True,False,0
3361,2049674.3829258569,2.911569632595371,0.022790585109646933,ok,False,True,False,0
3362,1967134.0114109828,2.9822628212021183,0.04362471000317636,ok,False,True,False,0
3363,2199493.1983626825,2.869478129225402,0.02924977308362553,ok,False,True,False,0
3364,1997317.6412825857,2.7355264509387114,0.024411623456650045,ok,False,True,False,0
3365,2048624.5863276725,2.9359763769540663,0.04183941434594779,ok,False,True,False,0
3366,2028913.1433629817,2.8686923567676743,0.01785499469988816,ok,False,True,False,0
3367,1967134.0114109828,2.8811924643340348,0.04205949055854458,ok,False,True,False,0
3368,2808355.6744331713,2.9970299102440388,0.03849558710634893,ok,False,True,False,0
3369,1929608.8976257143,2.989099818582755,0.07571729857203291,ok,False,True,False,0
3370,3441473.1720269425,2.999202844819645,0.03891702379130807,ok,False,True,False,0
3371,1995525.3978070638,2.9720520014236835,0.05254800926999592,ok,False,True,False,0
3372,7862238.556681212,2.9878650545381413,0.0976982130106282,ok,False,True,False,0
3373,1992191.0033497377,2.875643525652133,0.024804629831088,ok,False,True,False,0
3374,2103698.128611073,2.9631915328468326,0.03180903628927767,ok,False,True,False,0
3375,2327340.125505642,2.8710286002237932,0.03293207626089484,ok,False,True,False,0
3376,1967134.0114109828,2.9513864403223242,0.04655385533978573,ok,False,True,False,0
3377,1929608.8976257143,2.9616579032987973,0.0436623789405417,ok,False,True,False,0
3378,6686301.174294338,2.9791018517757335,0.10051486987655081,ok,False,True,False,0
3379,2057981.0480189272,2.9908313628024215,0.02210692014710558,ok,False,True,False,0
3380,2400946.999728271,2.989189923111618,0.026835152002921747,ok,False,True,False,0
3381,2136817.0266706,2.9993256649465065,0.04046760276600769,ok,False,True,False,0
3382,4311188.944584345,2.9940452399506654,0.04951501377312428,ok,False,True,False,0
3383,2687752.1983619723,2.993393964389109,0.048325802296482395,ok,False,True,False,0
3384,1930402.9693967383,2.9444191868919676,0.05880932031720723,ok,False,True,False,0
3385,1997086.6388896978,2.9815724842107425,0.031385334619444816,ok,False,True,False,0
3386,1992610.2407869874,2.9705921427148683,0.029814996716231,ok,False,True,False,0
3387,2003513.9024542875,2.932853207995887,0.028951373931157542,ok,False,True,False,0
3388,2003064.6844991078,2.998916339764292,0.026487106501641988,ok,False,True,False,0
3389,1929608.8976257143,2.958450487706288,0.07347357831414765,ok,False,True,False,0
3390,1931638.1737178247,2.978277241822664,0.06904725447173868,ok,False,True,False,0
3391,1967134.0114109828,2.9716864797419626,0.03022962999076978,ok,False,True,False,0
3392,1993960.8301746978,2.9471076892752097,0.021937769523356798,ok,False,True,False,0
3393,1882190.241073924,2.944716830857032,0.09662812752156005,ok,False,True,False,0
3394,2765222.7127448143,2.9876225472715525,0.028787038412142113,ok,False,True,False,0
3395,1930402.9693967383,2.9657080504055804,0.055649881471295994,ok,False,True,False,0
3396,4654846.821645021,2.9529931407901353,0.0889473550772093,ok,False,True,False,0
3397,2037142.746058745,2.9971882501227887,0.020913377622936213,ok,False,True,False,0
3398,1845431.27670268,2.8754578785302467,0.11539921207967405,ok,False,True,False,0
3399,1991232.9093503503,2.9636465986358074,0.06205805134674813,ok,False,True,False,0
3400,1967134.0114109828,2.909342527593862,0.02841381673547072,ok,False,True,False,0
3401,2004220.668405283,2.973004668109337,0.024186028086139455,ok,False,True,False,0
3402,1967134.0114109828,2.95143484748724,0.037014147197400815,ok,False,True,False,0
3403,2214291.587249852,2.9951330859233822,0.027658465710764246,ok,False,True,False,0
3404,1991856.1201922875,2.9994111641573498,0.030603837214027846,ok,False,True,False,0
3405,2492982.6507832543,2.922696330973725,0.028047367068291862,ok,False,True,False,0
3406,1930402.9693967383,2.981233389153305,0.0752831057388797,ok,False,True,False,0
3407,2347996.2325028083,2.9967299123777837,0.04259513566275963,ok,False,True,False,0
3408,1916035.0780503256,2.990363268536135,0.054843278994089806,ok,False,True,False,0
3409,1992115.0367005544,2.8399369255258904,0.029560727574952095,ok,False,True,False,0
3410,1991776.334658207,2.96094120948215,0.04106977166111869,ok,False,True,False,0
3411,3178276.1008385373,2.989637253297336,0.033332508504546665,ok,False,True,False,0
3412,2910547.980886609,2.7669825512805475,0.03612408517121868,ok,False,True,False,0
3413,2958415.3839178463,2.6083795281081628,0.035254066850689325,ok,False,True,False,0
3414,2413541.084623565,2.7224557421060664,0.029542505917875217,ok,False,True,False,0
3415,2002166.816719285,2.9986894202989585,0.04954182251150019,ok,False,True,False,0
3416,2057814.8844933342,2.995287726711285,0.0469524572815079,ok,False,True,False,0
3417,2407690.432384276,2.9978031222811583,0.03549459947759194,ok,False,True,False,0
3418,2000331.043869946,2.999942976930572,0.045655128089309494,ok,False,True,False,0
3419,1967134.0114109828,2.986711387577922,0.025021113800984707,ok,False,True,False,0
3420,1845431.27670268,2.9933499504630015,0.11890194598600501,ok,False,True,False,0
3421,2617795.222570048,2.8086884471554434,0.021325575178009676,ok,False,True,False,0
3422,2005692.496210024,2.996872635296616,0.041110579470378106,ok,False,True,False,0
3423,2416049.0675211446,2.973967496197904,0.052063436416254716,ok,False,True,False,0
3424,2109624.4415423675,2.8229509791032235,0.03562764468083196,ok,False,True,False,0
3425,1882190.241073924,2.893596846778351,0.0907918838510735,ok,False,True,False,0
3426,2011567.0371979014,2.882954960503527,0.022009884218411824,ok,False,True,False,0
3427,1967134.0114109828,2.8574920740710015,0.03871841898810624,ok,False,True,False,0
3428,1882190.241073924,2.9716722220723435,0.07998342028448961,ok,False,True,False,0
3429,2938656.7917337525,2.9105351388201215,0.025659742673904917,ok,False,True,False,0
3430,2068310.7474196602,2.744433693724619,0.026775537377410896,ok,False,True,False,0
3431,1993712.1602320317,2.999835538901947,0.0413522156283343,ok,False,True,False,0
3432,1930402.9693967383,2.944422472189944,0.05616950424108552,ok,False,True,False,0
3433,5123637.316134449,2.815182255562192,0.04953574104252678,ok,False,True,False,0
3434,2349825.39043665,2.7108593862616726,0.027069034217646365,ok,False,True,False,0
3435,2017327.916186511,2.8284563339597435,0.01837395540877851,ok,False,True,False,0
3436,1993429.4752999975,2.9991244648662683,0.048871619841695635,ok,False,True,False,0
3437,2005096.7543813568,2.9982885840778364,0.06799100667906224,ok,False,True,False,0
3438,3313213.9957262184,2.727323659290377,0.03387492747749535,ok,False,True,False,0
3439,1967134.0114109828,2.877053994813144,0.03461739603861268,ok,False,True,False,0
3440,1967134.0114109828,2.8964215219647347,0.03144637065581368,ok,False,True,False,0
3441,1999507.6607156966,2.888478204143672,0.024444784815673137,ok,False,True,False,0
3442,1929608.8976257143,2.928346881958598,0.05825149329168622,ok,False,True,False,0
3443,2344730.5168188526,2.9340661584579237,0.042609963229859216,ok,False,True,False,0
3444,3152668.364845159,2.998581516753087,0.050191719556761716,ok,False,True,False,0
3445,3779184.564429058,2.9908874260655702,0.047680144617616105,ok,False,True,False,0
3446,2006175.5721342664,2.9381219860660472,0.029440637491915778,ok,False,True,False,0
3447,1882190.241073924,2.968810319529528,0.0951163290444239,ok,False,True,False,0
3448,1882190.241073924,2.9606785998152683,0.08369861309487624,ok,False,True,False,0
3449,2096690.445090387,2.9543212309605678,0.027798848139814425,ok,False,True,False,0
3450,5627253.653502758,2.8073359749192983,0.03501304689691692,ok,False,True,False,0
3451,2576629.5808445774,2.9994040165853892,0.038155756101797444,ok,False,True,False,0
3452,2232567.8512843377,2.995510071361247,0.04124265912119163,ok,False,True,False,0
3453,1967134.0114109828,2.9272537067755753,0.032522767641479405,ok,False,True,False,0
3454,1929608.8976257143,2.9594885052538533,0.06665153778250242,ok,False,True,False,0
3455,1930402.9693967383,2.993067507332851,0.05219379421862886,ok,False,True,False,0
3456,1916035.0780503256,2.9917704989805363,0.08059308465786269,ok,False,True,False,0
3457,4534988.308123554,2.9707750690752937,0.061638187010308654,ok,False,True,False,0
3458,2034421.204512131,2.874673619389693,0.023481944723098003,ok,False,True,False,0
3459,1967134.0114109828,2.976454583104771,0.06015384715255673,ok,False,True,False,0
3460,1837981.451569313,2.849456346538413,0.12602004789742294,ok,False,True,False,0
3461,1831470.096201781,2.9478454246883166,0.11825449506379423,ok,False,True,False,0
3462,2340862.6316046966,2.9270438672829053,0.03290685742170896,ok,False,True,False,0
3463,2017335.3990258267,2.965997013529751,0.05059948443660811,ok,False,True,False,0
3464,1999052.9807612225,2.990361981833175,0.03699653024819005,ok,False,True,False,0
3465,1930402.9693967383,2.9464719380985356,0.11690464831627137,ok,False,True,False,0
3466,1996772.480409311,2.963480143932205,0.04254563227338004,ok,False,True,False,0
3467,1991974.427578553,2.9208602468424067,0.03590411226642176,ok,False,True,False,0
3468,2194596.9707899904,2.915021576209276,0.032333195209832244,ok,False,True,False,0
3469,1991715.548392542,2.937585865511151,0.04278408589769633,ok,False,True,False,0
3470,2116932.855629146,2.9800175772344666,0.04299582650479683,ok,False,True,False,0
3471,1882190.241073924,2.9610486423668547,0.09012713134151241,ok,False,True,False,0
3472,1991492.4969997813,2.958529365823402,0.03366646496058223,ok,False,True,False,0
3473,2109695.9261732227,2.998180754162939,0.040890517375282764,ok,False,True,False,0
3474,3884377.2857738244,2.995077114314152,0.04134682428592362,ok,False,True,False,0
3475,1967134.0114109828,2.967703993922985,0.03634570581951613,ok,False,True,False,0
3476,1994114.2026277508,2.664682007669754,0.018284756693555115,ok,False,True,False,0
3477,3953821.2749509555,2.8653912087567983,0.06495029848856404,ok,False,True,False,0
3478,2016885.7280631843,2.991022830009144,0.046155984884515555,ok,False,True,False,0
3479,2013051.9348481228,2.952508319368924,0.027269167505906022,ok,False,True,False,0
3480,2005975.3488234195,2.9989787826070557,0.04721859180458182,ok,False,True,False,0
3481,2112565.331234148,2.9968830031273423,0.035882388656098274,ok,False,True,False,0
3482,1882190.241073924,2.9834572495504528,0.08882094966975682,ok,False,True,False,0
3483,2624149.116282771,2.9355948483861263,0.03886519768460289,ok,False,True,False,0
3484,2527651.6876553837,2.818692564159223,0.033488576558650354,ok,False,True,False,0
3485,2165534.4914317555,2.966473207270983,0.02590127867128658,ok,False,True,False,0
3486,1992802.938229914,2.9998573234529977,0.026993129624858947,ok,False,True,False,0
3487,3675778.9802332567,2.9995490687753996,0.07206816291032042,ok,False,True,False,0
3488,2361321.1162182274,2.9998292363252643,0.047264074270497225,ok,False,True,False,0
3489,1882190.241073924,2.9733232464318764,0.0761497828699263,ok,False,True,False,0
3490,2457515.4754909473,2.8110791178012375,0.028727875807808223,ok,False,True,False,0
3491,1930402.9693967383,2.972429710980135,0.048144124830663104,ok,False,True,False,0
3492,2230271.732920135,2.997984920598461,0.02762777344430356,ok,False,True,False,0
3493,1967134.0114109828,2.9732865369796206,0.03945126436575441,ok,False,True,False,0
3494,1993761.8463866687,2.9934618206472026,0.03913368308589965,ok,False,True,False,0
3495,2112683.667238698,2.8673637584744287,0.03538651495496231,ok,False,True,False,0
3496,5859673.833993839,2.795540255011712,0.05925374741673756,ok,False,True,False,0
3497,1967134.0114109828,2.9056854250883264,0.03160721555700963,ok,False,True,False,0
3498,1967134.0114109828,2.978381216344115,0.06852273738773393,ok,False,True,False,0
3499,2032288.2457962022,2.9240657742108764,0.03395071089421259,ok,False,True,False,0
3500,1967134.0114109828,2.932116643587124,0.028377497130969376,ok,False,True,False,0
3501,2074827.6019462536,2.99840313499051,0.04210683379330443,ok,False,True,False,0
3502,2233985.94825796,2.9392198907351923,0.026477171308784575,ok,False,True,False,0
3503,1929608.8976257143,2.965000519065531,0.05258075531956799,ok,False,True,False,0
3504,1929608.8976257143,2.974093680892211,0.058438040698282484,ok,False,True,False,0
3505,1996356.9900943986,2.9046917752419845,0.027355434606770035,ok,False,True,False,0
3506,1998007.9586683887,2.993005861867209,0.0497960152109973,ok,False,True,False,0
3507,1930402.9693967383,2.987550633829431,0.049414284036158995,ok,False,True,False,0
3508,2272554.1318673664,2.9625955295895636,0.04444733118100924,ok,False,True,False,0
3509,2360453.070944717,2.9954382934387054,0.02766908027639836,ok,False,True,False,0
3510,2081560.9358548543,2.9643794589316457,0.028095788953962836,ok,False,True,False,0
3511,2311788.0922620143,2.985812555561264,0.024847382228879944,ok,False,True,False,0
3512,1882190.241073924,2.95862563868139,0.09505950342175766,ok,False,True,False,0
3513,2366601.4168198663,2.928701087873998,0.022137413185214783,ok,False,True,False,0
3514,1997903.0991279592,2.883457176526827,0.03557827680329184,ok,False,True,False,0
3515,1930402.9693967383,2.945268970217483,0.06085642270955535,ok,False,True,False,0
3516,2092346.2055022945,2.9039668373451675,0.03542912083579264,ok,False,True,False,0
3517,1929608.8976257143,2.9944666910880597,0.061751063267750164,ok,False,True,False,0
3518,1994068.3706552335,2.9991891880151518,0.04373900737922318,ok,False,True,False,0
3519,3606572.0374197424,2.9940303042291134,0.07356323007879195,ok,False,True,False,0
3520,1882190.241073924,2.9139303199995634,0.09694525960269948,ok,False,True,False,0
3521,2028162.4222035334,2.972863673697727,0.03831152687720285,ok,False,True,False,0
3522,2010122.1964484835,2.9928956999696448,0.021549758993398227,ok,False,True,False,0
3523,2054784.4445267112,2.7737274809498675,0.019190166397472203,ok,False,True,False,0
3524,1967134.0114109828,2.9340824889637824,0.03341098100309933,ok,False,True,False,0
3525,5120899.878091837,2.993002144585563,0.0617656747102161,ok,False,True,False,0
3526,1967134.0114109828,2.951022204839478,0.02401809534117416,ok,False,True,False,0
3527,1967134.0114109828,2.9491233673568416,0.037836836567554544,ok,False,True,False,0
3528,2025271.7370938272,2.999478221511428,0.037335579960345006,ok,False,True,False,0
3529,1999938.529815991,2.906045923644044,0.026249781853089904,ok,False,True,False,0
3530,1967134.0114109828,2.8873715413115395,0.026350327460346157,ok,False,True,False,0
3531,2014343.1556185724,2.9979328093466635,0.03149283456127039,ok,False,True,False,0
3532,2148407.1293060267,2.998916286337714,0.04048846810420609,ok,False,True,False,0
3533,1991686.5700612885,2.987213268908433,0.059604881038833046,ok,False,True,False,0
3534,1929608.8976257143,2.962176451556065,0.048087970424518574,ok,False,True,False,0
3535,2015587.6902891742,2.956532847722098,0.037961924689122184,ok,False,True,False,0
3536,2805834.76845706,2.7157587520675994,0.04256943600736013,ok,False,True,False,0
3537,1967134.0114109828,2.793091148629766,0.028134140749671244,ok,False,True,False,0
3538,2103669.6099029873,2.9341159344188332,0.020273317054926188,ok,False,True,False,0
3539,2072575.0880716182,2.922988310932171,0.03145477203574565,ok,False,True,False,0
3540,3931909.506976144,2.8461864800186314,0.033825564657812834,ok,False,True,False,0
3541,1991662.9704870775,2.871877083442451,0.03600539552237858,ok,False,True,False,0
3542,3334391.29933486,2.999038852273092,0.08610883691597937,ok,False,True,False,0
3543,2055341.3857184052,2.9985951744730484,0.030164391974921906,ok,False,True,False,0
3544,4146788.820294461,2.9126923257617685,0.03904090071744104,ok,False,True,False,0
3545,1929608.8976257143,2.9625238910122986,0.055493097429749734,ok,False,True,False,0
3546,1800304.500194651,2.947404435929805,0.14985535561980695,ok,False,True,False,0
3547,2017332.005492368,2.8297778302257273,0.021308734047250755,ok,False,True,False,0
3548,3569539.542867932,2.8997822230407726,0.04628608343158744,ok,False,True,False,0
3549,3400079.2021038393,2.912323579732253,0.04001060097822828,ok,False,True,False,0
3550,2065582.5844242615,2.966973121093991,0.018156458075689996,ok,False,True,False,0
3551,1967134.0114109828,2.881977155823436,0.027702422010128736,ok,False,True,False,0
3552,1998476.789396174,2.946747123218403,0.03070562610710237,ok,False,True,False,0
3553,1931638.1737178247,2.9564836701531787,0.04891236185747938,ok,False,True,False,0
3554,2994418.8614843176,2.70949833778256,0.03235568354713225,ok,False,True,False,0
3555,2643009.1102370573,2.994826530781017,0.031171391428549078,ok,False,True,False,0
3556,2014971.4520764542,2.9917375703792697,0.06421899706352169,ok,False,True,False,0
3557,2456588.8103403975,2.767714981572137,0.03025065008613398,ok,False,True,False,0
3558,1997005.4483584622,2.9054647601938877,0.029984779018878083,ok,False,True,False,0
3559,2065694.6717963533,2.9242988571166846,0.02556439015597195,ok,False,True,False,0
3560,5463373.713016719,2.9582726253007388,0.08489513302847507,ok,False,True,False,0
3561,2579064.1710649054,2.9994392920239257,0.0474533213598588,ok,False,True,False,0
3562,1929608.8976257143,2.9635882780504783,0.08619896402872068,ok,False,True,False,0
3563,1994666.7002487439,2.8820746472537646,0.02863221607961186,ok,False,True,False,0
3564,4690523.688349347,2.9911912864449492,0.05623832141866425,ok,False,True,False,0
3565,4894419.747054154,2.6452152346277744,0.053465826731380894,ok,False,True,False,0
3566,1999554.702220164,2.9715635280177235,0.029267105261700344,ok,False,True,False,0
3567,1997503.4556715067,2.9998232779907124,0.057054233263333864,ok,False,True,False,0
3568,2074039.6428740458,2.9285908505151,0.020722510481739342,ok,False,True,False,0
3569,1929608.8976257143,2.994826781237576,0.05473887280531854,ok,False,True,False,0
3570,2001421.0379331808,2.933750867559067,0.04033789975244917,ok,False,True,False,0
3571,2112363.1527277036,2.974256699713233,0.03073360075378817,ok,False,True,False,0
3572,1929608.8976257143,2.957194094530328,0.06304580811245361,ok,False,True,False,0
3573,1929608.8976257143,2.9800438473438007,0.061453552137353346,ok,False,True,False,0
3574,6921427.71758227,2.834017214803196,0.07751085237687509,ok,False,True,False,0
3575,3213021.6298993784,2.741177831207916,0.03597342149660171,ok,False,True,False,0
3576,1967134.0114109828,2.9839871589979867,0.03873870290694881,ok,False,True,False,0
3577,1929608.8976257143,2.9878580582247354,0.05852272084999983,ok,False,True,False,0
3578,1929608.8976257143,2.9819785812999813,0.07017243006911547,ok,False,True,False,0
3579,2224355.7510075658,2.998331071668889,0.025642675727706288,ok,False,True,False,0
3580,2536933.0291212285,2.9578553850260723,0.04512701655453377,ok,False,True,False,0
3581,1993979.649468735,2.895701246482191,0.038810285252952714,ok,False,True,False,0
3582,1858025.9090895548,2.904286636484107,0.10586208618903734,ok,False,True,False,0
3583,1882190.241073924,2.985578466975721,0.07951461395914615,ok,False,True,False,0
3584,2190039.0705954083,2.9992344962328183,0.053134376876080275,ok,False,True,False,0
3585,2528182.0035415185,2.8183351994278074,0.02765336965276488,ok,False,True,False,0
3586,1991313.434242125,2.989306295443661,0.023134240078045543,ok,False,True,False,0
3587,1967134.0114109828,2.9696724410541036,0.03149182916544835,ok,False,True,False,0
3588,2116721.1185617195,2.8423465475745058,0.02858700181802054,ok,False,True,False,0
3589,2006797.7231121263,2.9600615526160046,0.029191422868227956,ok,False,True,False,0
3590,1916035.0780503256,2.994534765086981,0.058965404214820494,ok,False,True,False,0
3591,1930402.9693967383,2.973494680344043,0.07051120086902032,ok,False,True,False,0
3592,2308171.3676372385,2.997764826949826,0.024159197189237203,ok,False,True,False,0
3593,2102107.781266023,2.996222378798527,0.03409825047363743,ok,False,True,False,0
3594,1931638.1737178247,2.996372127599777,0.05430870063192909,ok,False,True,False,0
3595,2022584.319565343,2.9206069847940457,0.056756201911652315,ok,False,True,False,0
3596,1882190.241073924,2.941718510208418,0.09445587812423606,ok,False,True,False,0
3597,1967134.0114109828,2.9791697920638356,0.029108183764205542,ok,False,True,False,0
3598,3684892.6026892257,2.9889570458089363,0.06000355044042949,ok,False,True,False,0
3599,1967134.0114109828,2.8763653624239205,0.04866585065271489,ok,False,True,False,0
3600,1882190.241073924,2.9808953819241326,0.09608687131750332,ok,False,True,False,0
3601,1929608.8976257143,2.9998158577488727,0.05359013231624127,ok,False,True,False,0
3602,2116929.9216359165,2.983170846156238,0.029127454815955023,ok,False,True,False,0
3603,3823883.581394176,2.961234959039543,0.0466337591736955,ok,False,True,False,0
3604,2650116.79180663,2.997008661530047,0.04460211037828121,ok,False,True,False,0
3605,1967134.0114109828,2.97820627382587,0.046656418151935886,ok,False,True,False,0
3606,1967134.0114109828,2.905861029807764,0.03087818828340716,ok,False,True,False,0
3607,2006752.3220623557,2.914555601434538,0.028731908137611062,ok,False,True,False,0
3608,1990965.636455941,2.97387321211644,0.02498711874624787,ok,False,True,False,0
3609,1837981.451569313,2.9456518249162937,0.1206400601630552,ok,False,True,False,0
3610,2811460.036943781,2.8662959803747268,0.030469327076669384,ok,False,True,False,0
3611,1967134.0114109828,2.9234181059942674,0.02953068302956008,ok,False,True,False,0
3612,3539736.6558060013,2.9458979151017433,0.03905854896672267,ok,False,True,False,0
3613,2552040.0325387456,2.9865456829103225,0.032285992977476446,ok,False,True,False,0
3614,1916035.0780503256,2.986490933132014,0.07848154509764005,ok,False,True,False,0
3615,1929608.8976257143,2.99646273495449,0.08802618620583602,ok,False,True,False,0
3616,2145287.2000869825,2.995528605198534,0.04685575185540192,ok,False,True,False,0
3617,5497602.030563164,2.7706114833413293,0.07875068353281856,ok,False,True,False,0
3618,1967134.0114109828,2.992323787711719,0.05877573698560562,ok,False,True,False,0
3619,2000493.0665443807,2.995312269082584,0.057628502980613394,ok,False,True,False,0
3620,7950385.476368077,2.9758998310571414,0.06849587036872318,ok,False,True,False,0
3621,1993051.7641358501,2.9611011858188734,0.02471740986984383,ok,False,True,False,0
3622,2040567.365805821,2.9127755186287096,0.023657970253990857,ok,False,True,False,0
3623,1929608.8976257143,2.967429958321444,0.06498298255485091,ok,False,True,False,0
3624,2356000.9922106746,2.9985935386730906,0.033101804206384755,ok,False,True,False,0
3625,1929608.8976257143,2.9356823369156,0.06874999036906712,ok,False,True,False,0
3626,2076524.8166544684,2.9728857074230186,0.02638885362849508,ok,False,True,False,0
3627,2512345.3749620486,2.9975775204049206,0.07119436188922473,ok,False,True,False,0
3628,3092152.1545898225,2.9734052818757126,0.05012206418983789,ok,False,True,False,0
3629,2004347.2636639008,2.933032555858744,0.023807892261015887,ok,False,True,False,0
3630,1800304.500194651,2.966391957283623,0.12944343587606796,ok,False,True,False,0
3631,2075955.6745863843,2.9402700728922744,0.02791803716699226,ok,False,True,False,0
3632,6698616.636268352,2.9710288268737424,0.09553975502629958,ok,False,True,False,0
3633,1882190.241073924,2.971890107206249,0.0980515676985595,ok,False,True,False,0
3634,2012696.3517227308,2.9649900591388114,0.0327170892414399,ok,False,True,False,0
3635,2062933.418379764,2.935509043355458,0.024145432684021584,ok,False,True,False,0
3636,1858025.9090895548,2.9299340385342347,0.09341122638342275,ok,False,True,False,0
3637,2212010.7698880383,2.995711200602501,0.0427394180046069,ok,False,True,False,0
3638,2052283.8459029475,2.917406913134981,0.03339557924115111,ok,False,True,False,0
3639,2174782.7965188255,2.981638747260314,0.021198274935211425,ok,False,True,False,0
3640,3220144.6454599737,2.990957535479125,0.06545736817724385,ok,False,True,False,0
3641,2220323.727950638,2.996938259746396,0.05954727131204407,ok,False,True,False,0
3642,2408736.3206284526,2.7704323139112903,0.03859004138849159,ok,False,True,False,0
3643,2496839.2923741727,2.8627351998210795,0.03034533508889492,ok,False,True,False,0
3644,1929608.8976257143,2.9937190225808417,0.05620395650608506,ok,False,True,False,0
3645,1992582.5310195268,2.9690218981506318,0.04590706588447746,ok,False,True,False,0
3646,4434688.586177504,2.995804863946983,0.11137269028816016,ok,False,True,False,0
3647,2033895.1588220173,2.924241853466242,0.022299251622813265,ok,False,True,False,0
3648,1967134.0114109828,2.941127895003028,0.028003243706275827,ok,False,True,False,0
3649,1991784.6707346893,2.790825206361709,0.040999171501820975,ok,False,True,False,0
3650,1929608.8976257143,2.9824973588930037,0.07720659419435796,ok,False,True,False,0
3651,1993878.0544635009,2.8808244424440312,0.03352943087666738,ok,False,True,False,0
3652,1998821.4502232827,2.9981754761857644,0.0631676575204978,ok,False,True,False,0
3653,3355304.066850803,2.5965572688852827,0.03350915673162369,ok,False,True,False,0
3654,2447085.753851777,2.808000707006144,0.030895966258205565,ok,False,True,False,0
3655,1967134.0114109828,2.9468443684776284,0.025396983281366414,ok,False,True,False,0
3656,1967134.0114109828,2.972732070098064,0.05071143378621784,ok,False,True,False,0
3657,2611536.6958122873,2.9998822361218567,0.04285641652022887,ok,False,True,False,0
3658,1929608.8976257143,2.9955901831618967,0.054035325317913774,ok,False,True,False,0
3659,3175436.2535064886,2.8954266082475577,0.02768576697778924,ok,False,True,False,0
3660,1929608.8976257143,2.9987147410830266,0.05363688579271042,ok,False,True,False,0
3661,1930402.9693967383,2.985122173165406,0.0584762870026342,ok,False,True,False,0
3662,2015611.3693418324,2.7806055526591136,0.050924067796521144,ok,False,True,False,0
3663,1967134.0114109828,2.9409772735222033,0.034427257422573576,ok,False,True,False,0
3664,3524374.18178127,2.98401183915663,0.0391479575707695,ok,False,True,False,0
3665,2193239.734535323,2.9995317712081997,0.04019418210631398,ok,False,True,False,0
3666,2969119.0157850436,2.827290632875974,0.03610011650854317,ok,False,True,False,0
3667,1967134.0114109828,2.9776332497939757,0.035078036220360057,ok,False,True,False,0
3668,2375218.825739027,2.9895165389165506,0.027630438180596073,ok,False,True,False,0
3669,1930402.9693967383,2.975334168421569,0.06817572086050122,ok,False,True,False,0
3670,2009860.826529824,2.8641594116411015,0.024922767112242755,ok,False,True,False,0
3671,2066557.9696721567,2.99591777872876,0.034982458396828675,ok,False,True,False,0
3672,1967134.0114109828,2.8732839139515916,0.04127340385115301,ok,False,True,False,0
3673,3379087.5830393564,2.9839138879499423,0.051625356641445075,ok,False,True,False,0
3674,2194489.734998332,2.998547745273817,0.03271893055262487,ok,False,True,False,0
3675,2298231.334467773,2.944202154970413,0.026112393004803836,ok,False,True,False,0
3676,2528885.1796378815,2.9953481080248054,0.03657396154046999,ok,False,True,False,0
3677,1991345.7685552016,2.942922585559833,0.028238135161682276,ok,False,True,False,0
3678,2002345.1805727233,2.8359987318794233,0.031957367054033514,ok,False,True,False,0
3679,1967134.0114109828,2.9986419321475224,0.033447237434671595,ok,False,True,False,0
3680,1931638.1737178247,2.924511384324461,0.05569667839927092,ok,False,True,False,0
3681,2033484.2674604733,2.9126287100670827,0.020879146447974284,ok,False,True,False,0
3682,1882190.241073924,2.983873774482392,0.088765386590892,ok,False,True,False,0
3683,1967134.0114109828,2.7927851353874704,0.030002035894125312,ok,False,True,False,0
3684,2044488.1050031758,2.9967915318813136,0.03708422903289682,ok,False,True,False,0
3685,1931638.1737178247,2.981839291021986,0.06770904649840953,ok,False,True,False,0
3686,1994488.5877408131,2.93396535179515,0.02768882606325207,ok,False,True,False,0
3687,1997416.1762490247,2.797607636843391,0.0354642668601749,ok,False,True,False,0
3688,1929608.8976257143,2.9988856756320317,0.06612145881209344,ok,False,True,False,0
3689,2003664.9302694146,2.9559464386968433,0.024197367630613975,ok,False,True,False,0
3690,1967134.0114109828,2.9816862201733834,0.03969457391726092,ok,False,True,False,0
3691,2452217.379084064,2.9985148094737983,0.0420903285800448,ok,False,True,False,0
3692,1967134.0114109828,2.945936454514904,0.028843042479614556,ok,False,True,False,0
3693,1991497.4719221033,2.9808240570935736,0.032410653294702385,ok,False,True,False,0
3694,2273719.6883261576,2.831062912958644,0.020580736008543044,ok,False,True,False,0
3695,2131171.58683153,2.9958368557349133,0.059803523736228936,ok,False,True,False,0
3696,3655668.391723108,2.864595483767017,0.045187923604585956,ok,False,True,False,0
3697,1993432.0801892993,2.996523930047564,0.04521658478367286,ok,False,True,False,0
3698,3173368.9731748165,2.9721802387400507,0.04536100809011023,ok,False,True,False,0
3699,2307957.7998475716,2.9998251876438315,0.024717981912943693,ok,False,True,False,0
3700,2631280.6907516434,2.8853432279593694,0.03178969641427276,ok,False,True,False,0
3701,1967134.0114109828,2.9820552804270255,0.03390132465605722,ok,False,True,False,0
3702,4091673.8921377747,2.9847659100314416,0.0713463708495552,ok,False,True,False,0
3703,2022548.668945427,2.950543626443369,0.02749042423536624,ok,False,True,False,0
3704,2392327.2122089355,2.8887707595592644,0.02653431246534703,ok,False,True,False,0
3705,1967134.0114109828,2.98104589626191,0.029612124495818626,ok,False,True,False,0
3706,1967134.0114109828,2.9558048645862725,0.04141216283070426,ok,False,True,False,0
3707,2082303.8790963786,2.985667672363603,0.027386953043900486,ok,False,True,False,0
3708,1998859.0591608833,2.7741623330007688,0.028101495907772,ok,False,True,False,0
3709,1930402.9693967383,2.9705971905011124,0.0778839016334579,ok,False,True,False,0
3710,2200751.6469068252,2.9756226742100136,0.03176255965469188,ok,False,True,False,0
3711,1994823.0425804853,2.9485581301198454,0.0292406756895683,ok,False,True,False,0
3712,2064019.8253152266,2.9984030748936386,0.04615501445873432,ok,False,True,False,0
3713,1858025.9090895548,2.9608933154627275,0.12049333518894795,ok,False,True,False,0
3714,1967134.0114109828,2.9937415621718566,0.04372107024615163,ok,False,True,False,0
3715,1967134.0114109828,2.984418747526452,0.0550338371578068,ok,False,True,False,0
3716,2975984.749147922,2.8854541721300526,0.033390872796397075,ok,False,True,False,0
3717,1994830.7482426146,2.9842662105325637,0.046442435569787444,ok,False,True,False,0
3718,1858025.9090895548,2.942648528269225,0.10875376396187621,ok,False,True,False,0
3719,1994160.4521020416,2.995312404093773,0.028293734945117832,ok,False,True,False,0
3720,1993552.836849174,2.9589840039100013,0.024307990027265136,ok,False,True,False,0
3721,1991072.8531715472,2.98849629623291,0.026826841622289654,ok,False,True,False,0
3722,1993522.9856972552,2.9678143104370687,0.052925771125880594,ok,False,True,False,0
3723,1929608.8976257143,2.862101002143942,0.04307208696165621,ok,False,True,False,0
3724,2779810.7188455625,2.876903895017157,0.02774290404481561,ok,False,True,False,0
3725,1967134.0114109828,2.9659205424952875,0.0409921477373929,ok,False,True,False,0
3726,1967134.0114109828,2.9892662807589483,0.0428638680199917,ok,False,True,False,0
3727,1882190.241073924,2.978998009628658,0.08551603820901153,ok,False,True,False,0
3728,2029340.3588697466,2.9833052718993214,0.03623061576744985,ok,False,True,False,0
3729,1772628.0364931144,2.7333328710988285,0.17438407582570542,ok,False,True,False,1
3730,2636542.2349952725,2.928456609566659,0.02661895164968675,ok,False,True,False,0
3731,2066751.0745083902,2.9985074100462636,0.039521400490414596,ok,False,True,False,0
3732,2006648.3819037862,2.9972716604143996,0.05483635624525901,ok,False,True,False,0
3733,5203834.050628036,2.96175698689127,0.09364060824140752,ok,False,True,False,0
3734,1967134.0114109828,2.954056358821323,0.0293105243016486,ok,False,True,False,0
3735,2401135.2755038007,2.9996580348251545,0.04426548869670688,ok,False,True,False,0
3736,1929608.8976257143,2.9573745348678626,0.06726055691868608,ok,False,True,False,0
3737,2420175.004331002,2.9885085857883116,0.0390452889913237,ok,False,True,False,0
3738,2384392.054069565,2.809762350995029,0.023427263000875942,ok,False,True,False,0
3739,6677693.895128356,2.6482364270597145,0.0568999377520637,ok,False,True,False,0
3740,2621830.443957457,2.846719806442981,0.04921421036099671,ok,False,True,False,0
3741,1929608.8976257143,2.9844352566042396,0.056844595598038894,ok,False,True,False,0
3742,1929608.8976257143,2.867824991159962,0.047289777993776275,ok,False,True,False,0
3743,2030909.4974770213,2.9999650505159163,0.02089615687702906,ok,False,True,False,0
3744,1967134.0114109828,2.8403837981512594,0.034355528992750184,ok,False,True,False,0
3745,2616223.8782368205,2.9939972222126805,0.05493906506941598,ok,False,True,False,0
3746,1930402.9693967383,2.947493816215159,0.05738634588211804,ok,False,True,False,0
3747,2395131.421283763,2.8470709516785746,0.04293349738311636,ok,False,True,False,0
3748,2638393.6794040566,2.9304871778045767,0.030663282542212122,ok,False,True,False,0
3749,3319243.041927599,2.8850528659220847,0.03405547076559112,ok,False,True,False,0
3750,1998750.3206856234,2.9850268145104275,0.05129642464538603,ok,False,True,False,0
3751,1967134.0114109828,2.891145085061349,0.03280748921164822,ok,False,True,False,0
3752,1992572.324364195,2.875150982174716,0.0506923749371162,ok,False,True,False,0
3753,2142413.525972216,2.9980883396378575,0.03834096669431175,ok,False,True,False,0
3754,1967134.0114109828,2.888054442556969,0.03376650050203367,ok,False,True,False,0
3755,2017213.8598057923,2.9983304806814606,0.03693731416314294,ok,False,True,False,0
3756,4610390.246621664,2.768220005777554,0.04137526602302061,ok,False,True,False,0
3757,2064466.6305029371,2.7711564135980744,0.02465350377145692,ok,False,True,False,0
3758,1967134.0114109828,2.9897839333902465,0.04169508949259304,ok,False,True,False,0
3759,2011949.453123428,2.808828588141111,0.040490599278159345,ok,False,True,False,0
3760,1845431.27670268,2.970697318275918,0.13382382553532862,ok,False,True,False,0
3761,1930402.9693967383,2.9474176994607895,0.05933280700720153,ok,False,True,False,0
3762,1967134.0114109828,2.9868813912434566,0.038698812615360345,ok,False,True,False,0
3763,1967134.0114109828,2.859903679102417,0.027943290320349645,ok,False,True,False,0
3764,2917633.463869218,2.8245559322305454,0.06195735384946527,ok,False,True,False,0
3765,2663678.112200383,2.9998683960226318,0.0531713359028223,ok,False,True,False,0
3766,1991980.7096487693,2.9373248907941565,0.021787123610373493,ok,False,True,False,0
3767,1967134.0114109828,2.9596913516603847,0.028646119742345877,ok,False,True,False,0
3768,2196908.9747636737,2.971678032786365,0.03737086699581177,ok,False,True,False,0
3769,2962365.2640130054,2.9912297527897627,0.0468474099854953,ok,False,True,False,0
3770,1967134.0114109828,2.9721224899881076,0.0726907318611758,ok,False,True,False,0
3771,1930402.9693967383,2.9608454038384058,0.06938312160425888,ok,False,True,False,0
3772,2035501.276670034,2.975429706457766,0.03729741840918366,ok,False,True,False,0
3773,1929608.8976257143,2.95989016428806,0.05838207637043563,ok,False,True,False,0
3774,2414916.021000912,2.996595128176197,0.034342790309690674,ok,False,True,False,0
3775,2010032.8183307475,2.9952282761793843,0.034790359243323854,ok,False,True,False,0
3776,1882190.241073924,2.9808697999760696,0.09978282979339059,ok,False,True,False,0
3777,1929608.8976257143,2.935152827606437,0.057664249512643484,ok,False,True,False,0
3778,2098687.635763334,2.916003247882233,0.024059613179095052,ok,False,True,False,0
3779,2162042.826436967,2.9979414271105105,0.033986390577730285,ok,False,True,False,0
3780,1837981.451569313,2.895920354317799,0.12442815456596752,ok,False,True,False,0
3781,1967134.0114109828,2.923240626820574,0.05067939722120174,ok,False,True,False,0
3782,1831470.096201781,2.992024045502561,0.10987897393052487,ok,False,True,False,0
3783,1967134.0114109828,2.7459637172615237,0.036954399747261585,ok,False,True,False,0
3784,1994647.1010811026,2.952382792354637,0.022305034588137596,ok,False,True,False,0
3785,3484118.1379722133,2.8937480748539706,0.03654293417812793,ok,False,True,False,0
3786,1967134.0114109828,2.8833588358187505,0.03896730149061867,ok,False,True,False,0
3787,2031400.1423645099,2.9975407842810213,0.020242386997352813,ok,False,True,False,0
3788,2027432.4652893958,2.816243365264645,0.025542776059900962,ok,False,True,False,0
3789,1992187.860076274,2.920024561208491,0.025844706613197488,ok,False,True,False,0
3790,2055147.6900735148,2.977675131876751,0.024302247956929146,ok,False,True,False,0
3791,2005739.1128742453,2.999203645766013,0.03765719117841193,ok,False,True,False,0
3792,1929608.8976257143,2.9736456273818503,0.07521392111821845,ok,False,True,False,0
3793,2198057.9664582494,2.9517464993738156,0.029029023893471284,ok,False,True,False,0
3794,2082684.7176107266,2.9952396065251934,0.03768667594801001,ok,False,True,False,0
3795,2011429.4442142718,2.9977386383145355,0.041993810890859906,ok,False,True,False,0
3796,2115283.114341811,2.8938592726694683,0.03613734838988103,ok,False,True,False,0
3797,1991986.3552385743,2.938767232935369,0.03459628533487835,ok,False,True,False,0
3798,1991089.8755997987,2.9575884526224048,0.0424574560880398,ok,False,True,False,0
3799,2271711.085128873,2.9139044980686295,0.03143804756578705,ok,False,True,False,0
3800,2000916.604988875,2.976527389261414,0.038472404898596047,ok,False,True,False,0
3801,1916035.0780503256,2.9857318921886162,0.06255746511223786,ok,False,True,False,0
3802,2161430.2216005875,2.8600427132092183,0.032810176458318074,ok,False,True,False,0
3803,1967134.0114109828,2.998955123602233,0.04612576428792392,ok,False,True,False,0
3804,2206614.8452438996,2.994985143995776,0.035251708481118194,ok,False,True,False,0
3805,2002599.8673610433,2.9198808638799205,0.03205092311207769,ok,False,True,False,0
3806,4436514.381471353,2.981704691556355,0.05766199611341516,ok,False,True,False,0
3807,2142989.174848325,2.88409651025137,0.027800749239978884,ok,False,True,False,0
3808,2374662.832481786,2.9949907679663426,0.033220811367929426,ok,False,True,False,0
3809,1967134.0114109828,2.9021068289653025,0.04300496270312837,ok,False,True,False,0
3810,1991603.5324233372,2.9776980605242316,0.027268181339015096,ok,False,True,False,0
3811,1967134.0114109828,2.8348265485734334,0.032150859520477804,ok,False,True,False,0
3812,1929608.8976257143,2.9588470568813445,0.04762605405384261,ok,False,True,False,0
3813,2253865.5926877875,2.8361274079740433,0.024502585961028167,ok,False,True,False,0
3814,2176976.336557671,2.9067425528334097,0.02283306628744841,ok,False,True,False,0
3815,2822733.009967149,2.9811402418980957,0.028223480449407923,ok,False,True,False,0
3816,2496323.4861452105,2.6888400568926887,0.033611269050116244,ok,False,True,False,0
3817,1929608.8976257143,2.720826771488257,0.03915443548949654,ok,False,True,False,0
3818,2115477.284590411,2.9905045220482287,0.04328456061460184,ok,False,True,False,0
3819,1931638.1737178247,2.922701263005343,0.05222099331424236,ok,False,True,False,0
3820,1995998.3608845582,2.9611053909566234,0.03424229054516814,ok,False,True,False,0
3821,1882190.241073924,2.982585821343874,0.09727833037644258,ok,False,True,False,0
3822,2236996.775351275,2.961881225866321,0.037503721406214,ok,False,True,False,0
3823,2094147.700235497,2.841968952829308,0.03693432663994753,ok,False,True,False,0
3824,1931638.1737178247,2.9975407120871522,0.05827586942355732,ok,False,True,False,0
3825,1845431.27670268,2.8785765976520254,0.12748439205592846,ok,False,True,False,0
3826,1993306.646652642,2.8541778487474696,0.027996775290727638,ok,False,True,False,0
3827,2209221.814173657,2.99983166858263,0.039900707531153046,ok,False,True,False,0
3828,2136553.121172994,2.7838251920120163,0.03231076411820122,ok,False,True,False,0
3829,3234667.370572481,2.9971056349961818,0.04267103300880082,ok,False,True,False,0
3830,1992176.4912135175,2.9832184194869513,0.040473793528222,ok,False,True,False,0
3831,1929608.8976257143,2.9928236220676547,0.06959259592548821,ok,False,True,False,0
3832,2253903.4442152376,2.9971360933597864,0.03600935046460402,ok,False,True,False,0
3833,5301540.093003959,2.991823779213701,0.08071608648036904,ok,False,True,False,0
3834,1995773.8848866287,2.952088924945963,0.02374340676769715,ok,False,True,False,0
3835,4726350.185748282,2.9832502835495114,0.08342617226916726,ok,False,True,False,0
3836,1882190.241073924,2.9402170656348297,0.0793589474225956,ok,False,True,False,0
3837,2019849.5003728275,2.8381743257688745,0.04266718704401962,ok,False,True,False,0
3838,2165167.352443671,2.977758961344043,0.03694204277951635,ok,False,True,False,0
3839,2199264.597081285,2.886620951286239,0.031361875560040775,ok,False,True,False,0
3840,2974202.6930433717,2.9201878231081873,0.024688625342865755,ok,False,True,False,0
3841,2516369.7278740057,2.8926213356437365,0.036277229031712266,ok,False,True,False,0
3842,2785537.205687434,2.8238026538972196,0.023003076871001837,ok,False,True,False,0
3843,1991628.0178564393,2.907182580780236,0.03472226381034327,ok,False,True,False,0
3844,1967134.0114109828,2.9104345703409864,0.03741106754419721,ok,False,True,False,0
3845,2002559.521258828,2.9974510475280667,0.029851351019215155,ok,False,True,False,0
3846,2720312.339944688,2.7453167276057666,0.03458973130530574,ok,False,True,False,0
3847,1967134.0114109828,2.991654338350533,0.042736973257780364,ok,False,True,False,0
3848,2004997.5295780317,2.997556983925745,0.03790782111433896,ok,False,True,False,0
3849,2020087.132538389,2.997962827510582,0.052056873826759,ok,False,True,False,0
3850,1967134.0114109828,2.9868149406428146,0.039010754576398354,ok,False,True,False,0
3851,2301116.043642506,2.99668858328391,0.033481983504854096,ok,False,True,False,0
3852,2012934.5887632028,2.9988086792403106,0.03121484204832181,ok,False,True,False,0
3853,2605655.9077819656,2.99923432189105,0.04546300869125508,ok,False,True,False,0
3854,1967134.0114109828,2.9383882105798387,0.02459025263248915,ok,False,True,False,0
3855,3322846.389963152,2.9947906710008243,0.06199302230717882,ok,False,True,False,0
3856,2230221.1031151805,2.9483379797508387,0.019982664806370978,ok,False,True,False,0
3857,4525378.107129527,2.6804483155000103,0.040910502943714594,ok,False,True,False,0
3858,1931638.1737178247,2.9473879682608373,0.061360010285176514,ok,False,True,False,0
3859,4185093.5513140517,2.9024619426059868,0.05303677855746536,ok,False,True,False,0
3860,2436202.4690920757,2.9993389215889836,0.03564098750372979,ok,False,True,False,0
3861,2333836.5721788593,2.993545986977503,0.03418017913148988,ok,False,True,False,0
3862,2109281.5451701484,2.9174933686123916,0.028285103025213476,ok,False,True,False,0
3863,1929608.8976257143,2.9604227677572226,0.05203417789207335,ok,False,True,False,0
3864,2015791.351290641,2.999978153620852,0.03249438275625763,ok,False,True,False,0
3865,1991306.718444198,2.9807509388516777,0.035613885971385484,ok,False,True,False,0
3866,5538246.045875683,2.978587162358002,0.07997367224283702,ok,False,True,False,0
3867,2817572.9839514,2.7114343076610545,0.03636771266456196,ok,False,True,False,0
3868,2016098.4964890163,2.9973234525229655,0.04179206324454643,ok,False,True,False,0
3869,2024361.0752433916,2.7933290414923815,0.02358914501301823,ok,False,True,False,0
3870,3427998.174548591,2.9470947975865833,0.040844149166291976,ok,False,True,False,0
3871,2004290.4376914133,2.972230451099125,0.023988738269226095,ok,False,True,False,0
3872,1991817.6318922273,2.9709902054626594,0.03866364322060345,ok,False,True,False,0
3873,1967134.0114109828,2.9365680135541137,0.03210867255748717,ok,False,True,False,0
3874,2709741.911164396,2.9978775912625055,0.04043690167587363,ok,False,True,False,0
3875,2010093.139966199,2.9994706792081454,0.03248177396695595,ok,False,True,False,0
3876,3299880.0583099,2.986530831971181,0.04306817996433532,ok,False,True,False,0
3877,2755031.274051604,2.935300552069843,0.03792317038010795,ok,False,True,False,0
3878,2303512.7007868877,2.996180421492942,0.03556937089275192,ok,False,True,False,0
3879,2022119.3048508975,2.820295874660463,0.040793515909301414,ok,False,True,False,0
3880,1967134.0114109828,2.871365346255833,0.022926686617495085,ok,False,True,False,0
3881,2855533.3058195743,2.9900428131251555,0.07830384514592598,ok,False,True,False,0
3882,2000266.4638450104,2.9428245605816645,0.045290839904380875,ok,False,True,False,0
3883,2956038.489164557,2.999112197356377,0.05550226732476432,ok,False,True,False,0
3884,1967134.0114109828,2.9288131967387043,0.03638484259771724,ok,False,True,False,0
3885,1991094.0862657798,2.968184242791575,0.037126274716215324,ok,False,True,False,0
3886,2003844.4949258969,2.923875805650975,0.03214398764640558,ok,False,True,False,0
3887,3528465.800347087,2.9978263198278743,0.08937275392598881,ok,False,True,False,0
3888,1858025.9090895548,2.9755684019648854,0.11310148872926255,ok,False,True,False,0
3889,1929608.8976257143,2.9926337121942552,0.047145810614114554,ok,False,True,False,0
3890,1800304.500194651,2.9477803983090487,0.1501734398248041,ok,False,True,False,0
3891,2056492.194958348,2.987255773450845,0.04793834483135434,ok,False,True,False,0
3892,1929608.8976257143,2.9957692812099745,0.053402900781403015,ok,False,True,False,0
3893,2023439.7268282294,2.985231057764311,0.05213334547135967,ok,False,True,False,0
3894,2370428.2881328696,2.9874263108211734,0.038352891935423475,ok,False,True,False,0
3895,2140332.5914551136,2.7876290431136885,0.018932890536343172,ok,False,True,False,0
3896,1967134.0114109828,2.867110391715572,0.0398640892350936,ok,False,True,False,0
3897,1929608.8976257143,2.991489790191275,0.05470327082032465,ok,False,True,False,0
3898,2174784.6657284168,2.926244454252285,0.024322574646725215,ok,False,True,False,0
3899,1994595.3794960624,2.9814992062283494,0.04474490158627298,ok,False,True,False,0
3900,1990989.0174837213,2.8893137986343964,0.029289326984095587,ok,False,True,False,0
3901,2420771.742303981,2.909536613554394,0.030702128002729534,ok,False,True,False,0
3902,1995676.00118215,2.904321456489981,0.04070668318947113,ok,False,True,False,0
3903,2755572.252032049,2.9988239452517433,0.036154030492144745,ok,False,True,False,0
3904,2036829.7999665465,2.8823704066238287,0.025431049675742626,ok,False,True,False,0
3905,2887401.6104665324,2.759662195858799,0.02583870541406441,ok,False,True,False,0
3906,2002729.9700878847,2.887752266096821,0.03799726175721152,ok,False,True,False,0
3907,2270372.011472589,2.8493397416030373,0.016490204478071403,ok,False,True,False,0
3908,1931638.1737178247,2.997969901710138,0.05784395669137818,ok,False,True,False,0
3909,1967134.0114109828,2.972162490307361,0.04513396394999135,ok,False,True,False,0
3910,2269286.657935721,2.9889970923168443,0.049386603697828435,ok,False,True,False,0
3911,3050412.127880466,2.7711283488734404,0.037361810593471406,ok,False,True,False,0
3912,2002037.7257164782,2.851836847737675,0.026133593781126174,ok,False,True,False,0
3913,1930402.9693967383,2.9845531214757406,0.05655537803591565,ok,False,True,False,0
3914,2011034.7290890447,2.9973592867683996,0.03877690887118346,ok,False,True,False,0
3915,1998599.4232524768,2.91734740301556,0.027957638428095483,ok,False,True,False,0
3916,2926218.000186068,2.7038551079566058,0.034888118153043934,ok,False,True,False,0
3917,2192389.4850710626,2.82304084751943,0.032725404107430855,ok,False,True,False,0
3918,1967134.0114109828,2.989387356349749,0.031094500367152778,ok,False,True,False,0
3919,2051684.1171634307,2.968092132981825,0.03855081934136073,ok,False,True,False,0
3920,1994397.4811418958,2.9778750642363536,0.036506459188032414,ok,False,True,False,0
3921,1991732.4607491223,2.9337465819489186,0.03326511279729594,ok,False,True,False,0
3922,1992560.2868196438,2.9341752841332713,0.03160142767571994,ok,False,True,False,0
3923,1930402.9693967383,2.9461784642461413,0.060364372870389156,ok,False,True,False,0
3924,2288155.7610577713,2.8098014175012245,0.03778930756057797,ok,False,True,False,0
3925,2021844.7349800505,2.9257516639138217,0.026132334077396818,ok,False,True,False,0
3926,2013336.6925421765,2.9105644921061335,0.026542010029521168,ok,False,True,False,0
3927,1930402.9693967383,2.941930230467979,0.06814371558346377,ok,False,True,False,0
3928,1995068.5868108494,2.9731567866905615,0.0320731239857972,ok,False,True,False,0
3929,1931638.1737178247,2.980861818355497,0.05981448143169349,ok,False,True,False,0
3930,1845431.27670268,2.9047186526904047,0.12663753658288562,ok,False,True,False,0
3931,3074999.117789572,2.9921649813332873,0.044922814700522506,ok,False,True,False,0
3932,2933553.616524506,2.9945949556138434,0.03682087099803433,ok,False,True,False,0
3933,2000994.298032644,2.8897842587692715,0.021740890096908966,ok,False,True,False,0
3934,1837981.451569313,2.9410847292409494,0.13241236998446973,ok,False,True,False,0
3935,2031846.0008419477,2.998494717564152,0.02931371727599763,ok,False,True,False,0
3936,2032784.3114401978,2.897139796955816,0.03067171021109516,ok,False,True,False,0
3937,1845431.27670268,2.8746690119414335,0.10556229813248023,ok,False,True,False,0
3938,1995012.3180560456,2.99629539493321,0.03512422823297784,ok,False,True,False,0
3939,2134798.1909214016,2.9170803175184576,0.02574243794396469,ok,False,True,False,0
3940,1929608.8976257143,2.956236430424469,0.06183363717522863,ok,False,True,False,0
3941,2587766.6532211434,2.991915129419027,0.05094421486200673,ok,False,True,False,0
3942,2871182.1430502245,2.999610375544187,0.03955059974713809,ok,False,True,False,0
3943,2808668.818457834,2.7981810138283456,0.03237834209599988,ok,False,True,False,0
3944,1929608.8976257143,2.979462040630839,0.06339947852095548,ok,False,True,False,0
3945,2023328.4678094015,2.995641924791151,0.03726070519920982,ok,False,True,False,0
3946,2054707.067661593,2.9990338805794847,0.04110710524686767,ok,False,True,False,0
3947,1967134.0114109828,2.7358199247340593,0.03184729126739118,ok,False,True,False,0
3948,1995617.4447100395,2.9668120670868,0.04459206279093386,ok,False,True,False,0
3949,1967134.0114109828,2.9548940292254438,0.03898404835943031,ok,False,True,False,0
3950,1967134.0114109828,2.754586777118212,0.03664771203322725,ok,False,True,False,0
3951,1858025.9090895548,2.9758401579926375,0.10384602132387288,ok,False,True,False,0
3952,3310250.2960291146,2.783543725260546,0.036941677731695544,ok,False,True,False,0
3953,4295184.208701029,2.903350768980834,0.05482543330599232,ok,False,True,False,0
3954,2070164.3223987124,2.975141249963645,0.021925757342351526,ok,False,True,False,0
3955,1997379.5708089832,2.9988046251822174,0.028860968785387686,ok,False,True,False,0
3956,2064886.1090633739,2.9234205296695395,0.02671611607291105,ok,False,True,False,0
3957,1882190.241073924,2.9634187601780564,0.08713641163377506,ok,False,True,False,0
3958,2077419.6827198814,2.8716532492393965,0.029077890631258096,ok,False,True,False,0
3959,5247982.887593982,2.669047052345876,0.07810373221451605,ok,False,True,False,0
3960,1845431.27670268,2.9965991813137305,0.10925401117964374,ok,False,True,False,0
3961,2010185.6544130428,2.8776166292416385,0.04079373771234429,ok,False,True,False,0
3962,2407584.159211966,2.8887480272085133,0.028184928476099436,ok,False,True,False,0
3963,2553346.4763630577,2.998764480697025,0.05294819531368805,ok,False,True,False,0
3964,1992604.469606,2.9924708327516485,0.03410012297441889,ok,False,True,False,0
3965,3023496.99776575,2.9896750380066166,0.042097571414839136,ok,False,True,False,0
3966,2099146.9591646395,2.9994362122308837,0.04675045053320126,ok,False,True,False,0
3967,1991230.9973442445,2.917271807775114,0.03594967017227213,ok,False,True,False,0
3968,2181006.327789563,2.9896573489543155,0.036550513833680354,ok,False,True,False,0
3969,1845431.27670268,2.983028298166932,0.13970026114527223,ok,False,True,False,0
3970,2028541.6090347094,2.976284221352772,0.029681084881175684,ok,False,True,False,0
3971,1994281.9744016852,2.9232114818440316,0.034944903089327295,ok,False,True,False,0
3972,2016509.244299934,2.933947059762817,0.026883966698225403,ok,False,True,False,0
3973,2179495.1392335286,2.973975347367384,0.04512430663966732,ok,False,True,False,0
3974,2032671.7686238657,2.917299478454803,0.02224582115812912,ok,False,True,False,0
3975,1929608.8976257143,2.9594002718064347,0.055545203968237394,ok,False,True,False,0
3976,2351799.7873054636,2.725269631676325,0.030508690804793848,ok,False,True,False,0
3977,2476438.8961588843,2.999682911615767,0.060445435957661164,ok,False,True,False,0
3978,1931638.1737178247,2.9715100694305923,0.06653242468501847,ok,False,True,False,0
3979,1991989.1714203213,2.948463721120423,0.035227912371745496,ok,False,True,False,0
3980,2002364.7181052708,2.9631872594458173,0.02303393400385967,ok,False,True,False,0
3981,2019609.2164011553,2.888064033465601,0.01960487439418168,ok,False,True,False,0
3982,3423562.6735599167,2.990175660992116,0.058491096740054566,ok,False,True,False,0
3983,1929608.8976257143,2.9139342116587503,0.07376706218975976,ok,False,True,False,0
3984,2021872.4688571421,2.9234114885200086,0.03590789497929514,ok,False,True,False,0
3985,2018952.2757958719,2.940155723257062,0.04028976644596599,ok,False,True,False,0
3986,1930402.9693967383,2.9807015119909392,0.052613148670522476,ok,False,True,False,0
3987,1837981.451569313,2.909531527671235,0.12426414694220278,ok,False,True,False,0
3988,1929608.8976257143,2.984818748772487,0.05473650380303136,ok,False,True,False,0
3989,2035319.1272177312,2.999185358754608,0.04326163506635228,ok,False,True,False,0
3990,1858025.9090895548,2.9622022575577436,0.10997971342364944,ok,False,True,False,0
3991,1967134.0114109828,2.9945206844612624,0.03139678584580009,ok,False,True,False,0
3992,1930402.9693967383,2.951995861464617,0.06329001139995166,ok,False,True,False,0
3993,3526952.661286656,2.9646353960804515,0.03804002937919715,ok,False,True,False,0
3994,3295474.440901719,2.93981879474617,0.047523190620502476,ok,False,True,False,0
3995,1967134.0114109828,2.9753861984447534,0.035764868988016375,ok,False,True,False,0
3996,2572227.1996926484,2.9961536579471533,0.04186895880780489,ok,False,True,False,0
3997,5562584.312004063,2.8787690552895517,0.0468894544225944,ok,False,True,False,0
3998,2027622.5749345813,2.976679355654613,0.027878447720626143,ok,False,True,False,0
3999,1995650.1269045048,2.9973105689284107,0.026740084596831415,ok,False,True,False,0
4000,1993017.7541887646,2.7358451727365254,0.03617872666311783,ok,False,True,False,0
4001,2836366.021053039,2.9972887513889366,0.05105956239323706,ok,False,True,False,0
4002,1967134.0114109828,2.948801877460351,0.028221901784923904,ok,False,True,False,0
4003,2241997.176598487,2.9845991691903504,0.02520749608920536,ok,False,True,False,0
4004,2424433.062516987,2.9991060472434996,0.03622710683766725,ok,False,True,False,0
4005,1967134.0114109828,2.974741925589769,0.03010323119843783,ok,False,True,False,0
4006,5137281.325071382,2.795030275837743,0.08052385829042041,ok,False,True,False,0
4007,2012114.338052392,2.909941830389391,0.02349058436239404,ok,False,True,False,0
4008,1967134.0114109828,2.96843888064777,0.02885676615309185,ok,False,True,False,0
4009,1929608.8976257143,2.9505349617726395,0.06108949643679886,ok,False,True,False,0
4010,1993054.8910902997,2.980641374879173,0.0448819602944851,ok,False,True,False,0
4011,1916035.0780503256,2.9912521460308295,0.06998061054479594,ok,False,True,False,0
4012,1845431.27670268,2.967273220921462,0.11173694544069813,ok,False,True,False,0
4013,1995449.2453340688,2.9709280028832206,0.03552091084108755,ok,False,True,False,0
4014,2473233.599903633,2.8001450399281813,0.03659367542772329,ok,False,True,False,0
4015,2147694.875382139,2.8257179792110363,0.024420467171843763,ok,False,True,False,0
4016,3452453.7209789646,2.991999826991762,0.04561218339857959,ok,False,True,False,0
4017,3040837.8643752774,2.997650479827554,0.06840593607655765,ok,False,True,False,0
4018,3032514.7472747834,2.792207107416697,0.03534293195249752,ok,False,True,False,0
4019,1929608.8976257143,2.9512549876708785,0.05631220675126118,ok,False,True,False,0
4020,1930402.9693967383,2.97487337671003,0.06351517787022984,ok,False,True,False,0
4021,1929608.8976257143,2.963480752062729,0.07016059303331287,ok,False,True,False,0
4022,1882190.241073924,2.948673218413668,0.08136909625632534,ok,False,True,False,0
4023,2110119.788597054,2.9987479091105875,0.030524335440664574,ok,False,True,False,0
4024,2451062.7097686934,2.961982112568821,0.024782255822640542,ok,False,True,False,0
4025,2241073.9969764394,2.9968772060460522,0.0334988536780404,ok,False,True,False,0
4026,2012824.2700562098,2.9449292616128773,0.035310840406332145,ok,False,True,False,0
4027,2053764.0872484704,2.9759311473323233,0.018486442311745566,ok,False,True,False,0
4028,2022977.5563018343,2.9776717409650075,0.03778727544608081,ok,False,True,False,0
4029,1991572.939925955,2.834518481437361,0.0375229513708456,ok,False,True,False,0
4030,3337931.6836651284,2.9970046610157084,0.07405724756639087,ok,False,True,False,0
4031,4545120.979088469,2.882997174309362,0.06915557216266444,ok,False,True,False,0
4032,1967134.0114109828,2.90167472981582,0.030297911486477203,ok,False,True,False,0
4033,2020025.9853132041,2.905471772849836,0.02830548828519358,ok,False,True,False,0
4034,2809686.0766262133,2.991723773883816,0.027846178788621945,ok,False,True,False,0
4035,2170130.674203732,2.9395493358834703,0.01856910026016001,ok,False,True,False,0
4036,3035011.459601841,2.994646310725317,0.03836320475503646,ok,False,True,False,0
4037,2019908.7412456241,2.9984866522511697,0.04732180990887114,ok,False,True,False,0
4038,2858645.801507784,2.886637274388548,0.03439140403346563,ok,False,True,False,0
4039,1991887.5543496,2.9408279055058317,0.022212766643963378,ok,False,True,False,0
4040,2968995.05885368,2.9961140881549637,0.05422590593639731,ok,False,True,False,0
4041,2124734.3906564177,2.9964386540867136,0.024068834863409716,ok,False,True,False,0
4042,2378605.0077849897,2.998725112157392,0.03805058248419385,ok,False,True,False,0
4043,1967134.0114109828,2.9038597620886923,0.029174832352103774,ok,False,True,False,0
4044,2034088.9935060635,2.954466453820007,0.04471769211734339,ok,False,True,False,0
4045,1991522.454498221,2.780200676610111,0.037059206438370906,ok,False,True,False,0
4046,1929608.8976257143,2.997235396051644,0.06251101216641497,ok,False,True,False,0
4047,1967134.0114109828,2.974773562794452,0.03285096769325091,ok,False,True,False,0
4048,1930402.9693967383,2.9974880360427076,0.05096309179005047,ok,False,True,False,0
4049,1929608.8976257143,2.934945340410753,0.04819373409219606,ok,False,True,False,0
4050,1916035.0780503256,2.9897742283920117,0.06650731897113654,ok,False,True,False,0
4051,1991309.9793940028,2.9557694559159877,0.040908812141059236,ok,False,True,False,0
4052,1882190.241073924,2.964322243404621,0.10169914977874475,ok,False,True,False,0
4053,1882190.241073924,2.9134199688510396,0.10044977643226163,ok,False,True,False,0
4054,1930402.9693967383,2.9998132538637625,0.05033386850780758,ok,False,True,False,0
4055,1930402.9693967383,2.955516811963241,0.05339099187306845,ok,False,True,False,0
4056,2623967.766826871,2.994714865199122,0.03513940372033464,ok,False,True,False,0
4057,4513034.62874003,2.857518932334742,0.04899107320957885,ok,False,True,False,0
4058,1996803.717516197,2.859356741177566,0.06346750322596667,ok,False,True,False,0
4059,2393753.470529025,2.9979540774194655,0.057473849129057286,ok,False,True,False,0
4060,2664543.7959790905,2.9963654027448374,0.03721619815232202,ok,False,True,False,0
4061,2604874.716706468,2.9980552749529163,0.03562136288721873,ok,False,True,False,0
4062,1837981.451569313,2.8783512219394733,0.13160502507436017,ok,False,True,False,0
4063,1967134.0114109828,2.9971756589765315,0.04178774368067684,ok,False,True,False,0
4064,1967134.0114109828,2.971474953781846,0.030070988793552078,ok,False,True,False,0
4065,2003963.7248332025,2.9990653783291568,0.05955389727235649,ok,False,True,False,0
4066,1930402.9693967383,2.9930119539599644,0.07451521510750807,ok,False,True,False,0
4067,1882190.241073924,2.9228149861722112,0.0908925505050942,ok,False,True,False,0
4068,2008519.9765614416,2.9734931525340476,0.04453235819950352,ok,False,True,False,0
4069,2280961.987053472,2.999578055442349,0.044711784767046014,ok,False,True,False,0
4070,2427873.9924541176,2.9996781812952262,0.034073554947026685,ok,False,True,False,0
4071,1967134.0114109828,2.9764385014895254,0.04149988315913303,ok,False,True,False,0
4072,2851200.925024784,2.99745514092186,0.03500308415827347,ok,False,True,False,0
4073,2086295.319765308,2.9227915931269677,0.031410006587142714,ok,False,True,False,0
4074,5329924.200375296,2.9998287686717435,0.06752519179759375,ok,False,True,False,0
4075,2052793.817618223,2.9974192510322037,0.028928917485944172,ok,False,True,False,0
4076,2118099.310307163,2.975971220692534,0.02716671559278916,ok,False,True,False,0
4077,1992536.1487611113,2.8509866817457823,0.02724917674895655,ok,False,True,False,0
4078,1993647.088900291,2.998881716370268,0.04067155949741283,ok,False,True,False,0
4079,2331778.5635398496,2.997807292749034,0.03830778833354459,ok,False,True,False,0
4080,1967134.0114109828,2.988179250203565,0.043389176179856534,ok,False,True,False,0
4081,5005142.0069376575,2.6694146727980566,0.08803711643613588,ok,False,True,False,0
4082,1929608.8976257143,2.964524030025532,0.0619897404981488,ok,False,True,False,0
4083,1929608.8976257143,2.9993006953380528,0.05124183075657951,ok,False,True,False,0
4084,2929483.956521186,2.8892132036905718,0.02730276063981596,ok,False,True,False,0
4085,2841689.638723184,2.985569454269683,0.026684334208672195,ok,False,True,False,0
4086,2164684.534053281,2.9874242291150965,0.03131804506730729,ok,False,True,False,0
4087,1967134.0114109828,2.9571497582295616,0.03543533129900478,ok,False,True,False,0
4088,1930402.9693967383,2.9631726877783615,0.0609963252092266,ok,False,True,False,0
4089,2000550.9794554878,2.9969056473291316,0.027286130802072706,ok,False,True,False,0
4090,1755480.0041238954,2.8423921970433295,0.1846886132241051,ok,False,True,False,1
4091,1967134.0114109828,2.8455205826415018,0.04802499955392692,ok,False,True,False,0
4092,2396425.4397636415,2.9997181429680495,0.03561123535598154,ok,False,True,False,0
4093,1929608.8976257143,2.974774584480761,0.0600894961861268,ok,False,True,False,0
4094,3147389.748926138,2.7209840826117437,0.042557352089481526,ok,False,True,False,0
4095,2671686.7165778256,2.9136868459879097,0.026152889453941786,ok,False,True,False,0
4096,3769379.852628667,2.9854147933838346,0.09881198133163838,ok,False,True,False,0
4097,1882190.241073924,2.9190914453391814,0.09349296916623484,ok,False,True,False,0
4098,2269865.3324358817,2.9759759714019465,0.05065602941637981,ok,False,True,False,0
4099,1929608.8976257143,2.925995003820624,0.07823281379014398,ok,False,True,False,0
4100,1995967.1944270437,2.9961525352164626,0.03277495377310796,ok,False,True,False,0
4101,1992609.89236082,2.988835233824854,0.03388915736847187,ok,False,True,False,0
4102,2241340.229462225,2.9976260630337173,0.0402562084737933,ok,False,True,False,0
4103,2005171.3158940258,2.9735693967156593,0.02124752486953424,ok,False,True,False,0
4104,1967134.0114109828,2.9773039555553233,0.05298395059051697,ok,False,True,False,0
4105,1996772.719167144,2.701451877896779,0.02120693373499072,ok,False,True,False,0
4106,2126681.9772535893,2.9971899068313426,0.03296791122876197,ok,False,True,False,0
4107,1858025.9090895548,2.996134377222224,0.10443633004203415,ok,False,True,False,0
4108,1930402.9693967383,2.9711197632384923,0.05184817266990582,ok,False,True,False,0
4109,2045165.4491177818,2.9803246431992925,0.02122700994010529,ok,False,True,False,0
4110,3086380.6135392995,2.95895097310554,0.046352231365553,ok,False,True,False,0
4111,2003418.5384301716,2.9541165995526386,0.029823414757070288,ok,False,True,False,0
4112,2122609.185679019,2.9953975479217503,0.056857613785774475,ok,False,True,False,0
4113,2022085.3427123223,2.9800387218845943,0.02296305855789582,ok,False,True,False,0
4114,1882190.241073924,2.967067493060028,0.09525845322810554,ok,False,True,False,0
4115,2060779.101925254,2.886248046179201,0.04199550794904505,ok,False,True,False,0
4116,1967134.0114109828,2.9856037503059554,0.029646402406076466,ok,False,True,False,0
4117,2294640.1033522296,2.9971404458630246,0.03139454641242112,ok,False,True,False,0
4118,1929608.8976257143,2.9268332773477237,0.059095110645919546,ok,False,True,False,0
4119,2131361.827289839,2.9951414607909594,0.037671306528303194,ok,False,True,False,0
4120,2193301.239201417,2.7541330081235573,0.03848004764049484,ok,False,True,False,0
4121,1882190.241073924,2.927639883167923,0.0917475608121241,ok,False,True,False,0
4122,3460337.953853233,2.8662487917588386,0.05075828148867578,ok,False,True,False,0
4123,2393506.4201001413,2.999880805557589,0.047896627350930754,ok,False,True,False,0
4124,2775598.844705809,2.9941051291888403,0.058646167198451116,ok,False,True,False,0
4125,2033269.0411068297,2.9886527644255096,0.04762380789217052,ok,False,True,False,0
4126,1916035.0780503256,2.9811543405284606,0.05569647174644895,ok,False,True,False,0
4127,2605113.1840925706,2.9811996296881915,0.025165103688840507,ok,False,True,False,0
4128,2596845.5410120487,2.673756532016684,0.0316092712352074,ok,False,True,False,0
4129,2858743.6062500253,2.981713015634339,0.03712913721445832,ok,False,True,False,0
4130,2017034.3244404222,2.9777735386157866,0.02567560145789441,ok,False,True,False,0
4131,1967134.0114109828,2.987768547758126,0.048164190255449935,ok,False,True,False,0
4132,2188075.8063703463,2.8931541186253074,0.03504206112881503,ok,False,True,False,0
4133,4827991.378122092,2.8525389249112454,0.05170036517943044,ok,False,True,False,0
4134,1992252.310705871,2.9751380132344023,0.0604657591677939,ok,False,True,False,0
4135,2008601.7671420116,2.983430238513541,0.026952647703128108,ok,False,True,False,0
4136,2017755.9070804236,2.8952392574480927,0.026939910958162172,ok,False,True,False,0
4137,2846906.7457854412,2.584468189511587,0.02310736578385597,ok,False,True,False,0
4138,1967134.0114109828,2.8739442844120213,0.027097429006785467,ok,False,True,False,0
4139,1930402.9693967383,2.9567419840121447,0.06155316164198261,ok,False,True,False,0
4140,1916035.0780503256,2.993756774500161,0.0681712416977592,ok,False,True,False,0
4141,1994252.62647065,2.8336532489225377,0.031125902687100693,ok,False,True,False,0
4142,2282941.0154332453,2.8861107474310623,0.028367809388506804,ok,False,True,False,0
4143,1930402.9693967383,2.9685294652442296,0.06262222152845767,ok,False,True,False,0
4144,2005535.3183731593,2.941613121861719,0.0358220546396113,ok,False,True,False,0
4145,1995594.8070499673,2.9934162606586927,0.030997304832397266,ok,False,True,False,0
4146,1967134.0114109828,2.99157790793565,0.03654433930274899,ok,False,True,False,0
4147,2025203.5519579977,2.808538353781899,0.027692085502838026,ok,False,True,False,0
4148,1994465.9410783767,2.9406325006464424,0.03292100431697831,ok,False,True,False,0
4149,1930402.9693967383,2.9867985355493665,0.08379968471820366,ok,False,True,False,0
4150,2939915.3032189067,2.9400338951816654,0.051859005688732585,ok,False,True,False,0
4151,1967134.0114109828,2.988905379609257,0.027099929778539256,ok,False,True,False,0
4152,1916035.0780503256,2.9942785981480875,0.058371112737879205,ok,False,True,False,0
4153,2001594.053513647,2.9189717843272396,0.027351318418382342,ok,False,True,False,0
4154,2166373.081357836,2.936366468286444,0.019431387896615193,ok,False,True,False,0
4155,2068689.2961009212,2.9154945412760087,0.036207538515482085,ok,False,True,False,0
4156,1992476.5856879244,2.941216983107157,0.05655548253415266,ok,False,True,False,0
4157,2487271.9005499356,2.744223796220794,0.033147950102850654,ok,False,True,False,0
4158,1967134.0114109828,2.878005383600607,0.024079203132274893,ok,False,True,False,0
4159,2025063.0826385778,2.800946869245376,0.03608749186382315,ok,False,True,False,0
4160,1929608.8976257143,2.9879098737247594,0.060363799838616033,ok,False,True,False,0
4161,1967134.0114109828,2.974890078975913,0.03702441912917209,ok,False,True,False,0
4162,2120862.7229887093,2.885502537253136,0.029625652589225115,ok,False,True,False,0
4163,1858025.9090895548,2.9386980582657265,0.11590015445304908,ok,False,True,False,0
4164,2105501.977010011,2.997408224559985,0.038935155554625345,ok,False,True,False,0
4165,2648601.2899047853,2.9422516991272505,0.03519126994159108,ok,False,True,False,0
4166,1967134.0114109828,2.8748184308796563,0.02910059953488381,ok,False,True,False,0
4167,2005262.8972072122,2.8019579520526383,0.03387952263858851,ok,False,True,False,0
4168,1967134.0114109828,2.955796970581063,0.029791852613254344,ok,False,True,False,0
4169,2159396.3954589735,2.964015835582312,0.03638650900672635,ok,False,True,False,0
4170,1882190.241073924,2.9658218974052204,0.07882666747993852,ok,False,True,False,0
4171,1996796.7436969779,2.9912449128126264,0.02062173787774435,ok,False,True,False,0
4172,1967134.0114109828,2.9880906132677802,0.03044844441234773,ok,False,True,False,0
4173,2141681.2424834184,2.97365708253464,0.023392731849489257,ok,False,True,False,0
4174,1916035.0780503256,2.910418354233787,0.07677651819533654,ok,False,True,False,0
4175,1993758.337033117,2.8971001837562174,0.03173354746388135,ok,False,True,False,0
4176,1929608.8976257143,2.967896973111678,0.045834136302770334,ok,False,True,False,0
4177,1995689.123736708,2.8362165539174153,0.03442604848202191,ok,False,True,False,0
4178,2011731.4541139244,2.817749960236106,0.028206587779853298,ok,False,True,False,0
4179,1929608.8976257143,2.9908143174540918,0.07568210154529835,ok,False,True,False,0
4180,2664097.851508748,2.9975869854068065,0.03885857525011471,ok,False,True,False,0
4181,2004164.5245944755,2.9855439533286545,0.03397163033180817,ok,False,True,False,0
4182,1967134.0114109828,2.7758423891036,0.03609308929244226,ok,False,True,False,0
4183,1831470.096201781,2.846241954286066,0.1173740342016674,ok,False,True,False,0
4184,3399204.2982087643,2.873175204964788,0.042963561998866695,ok,False,True,False,0
4185,2043998.436998779,2.9969468075040036,0.027377585997358178,ok,False,True,False,0
4186,2010349.0547487924,2.96637025640782,0.024527181008914822,ok,False,True,False,0
4187,5486870.573183831,2.9822128911458528,0.11317294828586444,ok,False,True,False,0
4188,2729269.0345856072,2.696817942313781,0.04436557867429969,ok,False,True,False,0
4189,2437281.874221698,2.789713236621301,0.02069581205649182,ok,False,True,False,0
4190,3147240.9133266252,2.8889625242609043,0.032105943283724625,ok,False,True,False,0
4191,2063217.2160343658,2.9703326207042995,0.02102797685695937,ok,False,True,False,0
4192,1930402.9693967383,2.9619590587984748,0.07125716287113325,ok,False,True,False,0
4193,2731780.7296521775,2.9995303160875695,0.03633158411308829,ok,False,True,False,0
4194,2048186.4912822545,2.9959371635367726,0.03461403210201838,ok,False,True,False,0
4195,2050225.2071239478,2.965527446638199,0.024998371247620166,ok,False,True,False,0
4196,1967134.0114109828,2.8866350278921695,0.02944186785034264,ok,False,True,False,0
4197,2125655.181764778,2.998929609453808,0.035027466657207185,ok,False,True,False,0
4198,2876360.406348414,2.9993045109303837,0.030087477835237353,ok,False,True,False,0
4199,2047491.5237776416,2.995310567647497,0.033927842696076516,ok,False,True,False,0
4200,1967134.0114109828,2.984120122818439,0.04624885853979557,ok,False,True,False,0
4201,1991680.8648716798,2.822310871243512,0.03219900852987445,ok,False,True,False,0
4202,3581388.9214134724,2.7667047955014983,0.04995637355679505,ok,False,True,False,0
4203,1858025.9090895548,2.9928502936403105,0.10639402180342893,ok,False,True,False,0
4204,1992758.9657131347,2.8455582749872317,0.038099438897849947,ok,False,True,False,0
4205,1967134.0114109828,2.8582539928042996,0.03329340045867357,ok,False,True,False,0
4206,1996313.4695136442,2.9992914194234808,0.03652584246175761,ok,False,True,False,0
4207,1967134.0114109828,2.7924572242871752,0.02767927688580951,ok,False,True,False,0
4208,2108784.1749778776,2.869561354055083,0.02394301603793597,ok,False,True,False,0
4209,3654945.839101354,2.664407526456862,0.036802326615128056,ok,False,True,False,0
4210,1995931.4683923014,2.9800754244352086,0.033514065684667194,ok,False,True,False,0
4211,2068388.630371573,2.9976013251396356,0.023640422799132865,ok,False,True,False,0
4212,1929608.8976257143,2.9970900398271123,0.07525444081704166,ok,False,True,False,0
4213,1858025.9090895548,2.9245201687597753,0.11858457602956518,ok,False,True,False,0
4214,2650968.3892364074,2.7498096202275386,0.03524393393076364,ok,False,True,False,0
4215,1991807.3649868108,2.9230111938086782,0.06018255619851709,ok,False,True,False,0
4216,1967134.0114109828,2.977457303363217,0.04452478174299457,ok,False,True,False,0
4217,1967134.0114109828,2.9752018328754355,0.02766790335533964,ok,False,True,False,0
4218,3184392.9836477996,2.9962359249614803,0.06681412095768102,ok,False,True,False,0
4219,2159023.569982767,2.7438447959266608,0.035570953570544184,ok,False,True,False,0
4220,2550378.751379924,2.837152798114614,0.023645151311350684,ok,False,True,False,0
4221,1967134.0114109828,2.8894757012373526,0.033235306918476315,ok,False,True,False,0
4222,2088167.6340896375,2.9674674777106427,0.02357522351586855,ok,False,True,False,0
4223,1991114.607941413,2.952897864253358,0.025111082352109237,ok,False,True,False,0
4224,2817487.057929224,2.63744746534129,0.036908665481807365,ok,False,True,False,0
4225,1929608.8976257143,2.979347603924846,0.060374273219505226,ok,False,True,False,0
4226,2587188.1482179863,2.9737175894730816,0.03413350476040711,ok,False,True,False,0
4227,1930402.9693967383,2.9422930323667527,0.0742859630901579,ok,False,True,False,0
4228,2643595.7562263315,2.924933294665908,0.02293324899847482,ok,False,True,False,0
4229,2275460.905787511,2.8720513959612117,0.025418540243362542,ok,False,True,False,0
4230,1967134.0114109828,2.993660960065987,0.03097287379185576,ok,False,True,False,0
4231,1916035.0780503256,2.995339798475193,0.0694435848220443,ok,False,True,False,0
4232,1994695.1821246142,2.977687304620842,0.019857711314972493,ok,False,True,False,0
4233,1929608.8976257143,2.9699311959189574,0.0602047147506298,ok,False,True,False,0
4234,2412553.663299701,2.868322700816778,0.03156629531693389,ok,False,True,False,0
4235,1997020.861021996,2.8751586441550687,0.03342180125166194,ok,False,True,False,0
4236,2004033.6521657645,2.973238455851564,0.030737842426401873,ok,False,True,False,0
4237,2349457.49697897,2.8073968021441185,0.022748914148091687,ok,False,True,False,0
4238,2786787.4155419506,2.997232073297627,0.037084028976036076,ok,False,True,False,0
4239,1882190.241073924,2.9465526949572247,0.09601648525784323,ok,False,True,False,0
4240,2043786.7796809701,2.999090190036318,0.04064706263755391,ok,False,True,False,0
4241,2962018.538762422,2.862702777600687,0.046811166743714216,ok,False,True,False,0
4242,1997774.3339928156,2.9352586274410237,0.02376126081993235,ok,False,True,False,0
4243,1967134.0114109828,2.994590488002519,0.05362609704964144,ok,False,True,False,0
4244,1929608.8976257143,2.9326673327418282,0.07100709908338745,ok,False,True,False,0
4245,4459416.026217862,2.9061682441516936,0.036928276274692085,ok,False,True,False,0
4246,2471339.6257737908,2.991813354994062,0.04246513150106879,ok,False,True,False,0
4247,1930402.9693967383,2.9727264773597994,0.08530717816903977,ok,False,True,False,0
4248,2253068.787210515,2.913677102957534,0.025319963929824163,ok,False,True,False,0
4249,1930402.9693967383,2.9904786108384562,0.059055649566714094,ok,False,True,False,0
4250,1967134.0114109828,2.9884147994232766,0.04807020045352067,ok,False,True,False,0
4251,1929608.8976257143,2.9605207633554946,0.04488117188217944,ok,False,True,False,0
4252,1882190.241073924,2.9517734204737582,0.09725482510254557,ok,False,True,False,0
4253,2526179.442116286,2.9990593566669466,0.031114255600541374,ok,False,True,False,0
4254,2365410.540691784,2.8580013796739827,0.027726276084845902,ok,False,True,False,0
4255,2391673.1926197642,2.908231690019833,0.028226230270103778,ok,False,True,False,0
4256,1837981.451569313,2.9985152381034257,0.10788381004641784,ok,False,True,False,0
4257,2538249.7166375485,2.872922270610591,0.049401072080545394,ok,False,True,False,0
4258,2524629.2598798224,2.9930175667049173,0.04505691397867184,ok,False,True,False,0
4259,2178611.5432522544,2.996985116707169,0.02777647303164585,ok,False,True,False,0
4260,5178640.967532911,2.980857035251716,0.06957983272635337,ok,False,True,False,0
4261,1990884.3089271933,2.992396520131819,0.033983980813233894,ok,False,True,False,0
4262,2015319.9586158565,2.999621155683734,0.025104148232045098,ok,False,True,False,0
4263,1967134.0114109828,2.9335794203526153,0.025343479422483384,ok,False,True,False,0
4264,3199687.030045401,2.9838623691163626,0.036124543158718936,ok,False,True,False,0
4265,1967134.0114109828,2.918147607023371,0.04282247958959551,ok,False,True,False,0
4266,1993061.7916334572,2.9463346446783025,0.03759472079632831,ok,False,True,False,0
4267,1929608.8976257143,2.984044420010372,0.04483446030119276,ok,False,True,False,0
4268,2607089.136115801,2.9278689992477664,0.03222233169353639,ok,False,True,False,0
4269,2167919.189621815,2.996789113451735,0.032586029271328754,ok,False,True,False,0
4270,1882190.241073924,2.95854130055168,0.08611825650281957,ok,False,True,False,0
4271,2448325.853727018,2.9061368870087776,0.03206948679717003,ok,False,True,False,0
4272,1967134.0114109828,2.987155210816601,0.0497592479738401,ok,False,True,False,0
4273,2113228.880319765,2.8835199033553756,0.02590908215605983,ok,False,True,False,0
4274,1992896.0169823782,2.990402046820365,0.034588514302779094,ok,False,True,False,0
4275,1967134.0114109828,2.9970805272800174,0.03322591078036208,ok,False,True,False,0
4276,1994026.8372859452,2.9997877852906067,0.03357957318693994,ok,False,True,False,0
4277,1882190.241073924,2.9528462066544483,0.09705871009083167,ok,False,True,False,0
4278,3099470.371106779,2.784989470750177,0.036675853891531496,ok,False,True,False,0
4279,3462181.708376059,2.882156989354672,0.061226793528857515,ok,False,True,False,0
4280,2035205.3800375413,2.9443744826756477,0.027697863714437276,ok,False,True,False,0
4281,1858025.9090895548,2.952288216733913,0.10160315863927447,ok,False,True,False,0
4282,3339080.984003568,2.8000127015388943,0.04171235601186338,ok,False,True,False,0
4283,1882190.241073924,2.931512594910222,0.09434813215300437,ok,False,True,False,0
4284,1930402.9693967383,2.9803049120389367,0.04848786829751073,ok,False,True,False,0
4285,2012477.0845845188,2.9844593421088526,0.02251815199935503,ok,False,True,False,0
4286,1929608.8976257143,2.9536946739450816,0.06609682722777582,ok,False,True,False,0
4287,2165353.3865644536,2.9027919423244857,0.02931467268891147,ok,False,True,False,0
4288,2123005.348108181,2.943346152672067,0.03253937553469677,ok,False,True,False,0
4289,2316187.6002672743,2.893635154288993,0.019023492811464315,ok,False,True,False,0
4290,2148461.4406950506,2.902517575969888,0.031097244326242335,ok,False,True,False,0
4291,2102875.131713112,2.9916264736799025,0.032266035949905236,ok,False,True,False,0
4292,1831470.096201781,2.845574900282003,0.12361994736274057,ok,False,True,False,0
4293,2029115.2710605308,2.949230621949367,0.049707732998081344,ok,False,True,False,0
4294,1997025.206356596,2.9619647272897605,0.03483553175074405,ok,False,True,False,0
4295,2471326.7749619167,2.997015266842835,0.03962241536518635,ok,False,True,False,0
4296,1992354.977470309,2.8622902589569277,0.039164316212448425,ok,False,True,False,0
4297,2882007.17992828,2.8056705444614467,0.037973335773926364,ok,False,True,False,0
4298,5345862.712897662,2.996884025148579,0.05307398422240639,ok,False,True,False,0
4299,2072208.6491718222,2.9916558566504943,0.0400742139696415,ok,False,True,False,0
4300,1930402.9693967383,2.987397602583077,0.07262943600980976,ok,False,True,False,0
4301,1998342.1688264804,2.930285866044927,0.035872768771572416,ok,False,True,False,0
4302,1858025.9090895548,2.9043855577877595,0.12472720758383592,ok,False,True,False,0
4303,1800304.500194651,2.957518414685331,0.13658435268669877,ok,False,True,False,0
4304,2065337.98990579,2.9987090006885238,0.031030323564912976,ok,False,True,False,0
4305,2048360.6783903216,2.912873354524622,0.04779723307690234,ok,False,True,False,0
4306,2787352.0388455605,2.6333905915422537,0.029656281926617956,ok,False,True,False,0
4307,1845431.27670268,2.8564502157268827,0.11977805925813967,ok,False,True,False,0
4308,3787824.096467786,2.9830841499311562,0.0840648274172261,ok,False,True,False,0
4309,2633925.3978390465,2.994025432459319,0.04114492288956306,ok,False,True,False,0
4310,1882190.241073924,2.91975755684837,0.09471521960108426,ok,False,True,False,0
4311,2001908.646209268,2.996771705924041,0.0213784302508504,ok,False,True,False,0
4312,1858025.9090895548,2.9486173070929107,0.11764780041569314,ok,False,True,False,0
4313,8223490.582374992,2.6822784492835723,0.09253376792630996,ok,False,True,False,0
4314,1967134.0114109828,2.980231401725808,0.04021301648402524,ok,False,True,False,0
4315,1994640.2733760015,2.970663837349235,0.042631169132414715,ok,False,True,False,0
4316,2008878.3800547002,2.9671519083726765,0.026318143039087194,ok,False,True,False,0
4317,2002761.9108603555,2.978572646400244,0.06203862858363293,ok,False,True,False,0
4318,1931638.1737178247,2.997151732795028,0.057038829039517874,ok,False,True,False,0
4319,1882190.241073924,2.9286936040675644,0.09048461442163955,ok,False,True,False,0
4320,6326187.596522218,2.779677055685834,0.06501179322317929,ok,False,True,False,0
4321,1929608.8976257143,2.9789303485218626,0.05504488186321692,ok,False,True,False,0
4322,2009910.362002762,2.9441009076364724,0.0260070273253602,ok,False,True,False,0
4323,1930402.9693967383,2.991319252553412,0.054556049077818865,ok,False,True,False,0
4324,2098833.6404962237,2.9984987612598664,0.030500215461521596,ok,False,True,False,0
4325,2665051.8987300396,2.996746869254267,0.04257847949545068,ok,False,True,False,0
4326,2824066.969167509,2.925334322877243,0.029116643836258116,ok,False,True,False,0
4327,2022866.1131177845,2.898648356330712,0.042806092755570235,ok,False,True,False,0
4328,1967134.0114109828,2.8857316587660637,0.02375723440588451,ok,False,True,False,0
4329,1967134.0114109828,2.9382940156897535,0.023079027339051088,ok,False,True,False,0
4330,2023796.2662119484,2.9935073950008024,0.03564069627890459,ok,False,True,False,0
4331,1995162.0945018185,2.999006131110682,0.03606295902842249,ok,False,True,False,0
4332,2382267.385377986,2.8643045789130235,0.025922910551530065,ok,False,True,False,0
4333,1967134.0114109828,2.927611406446787,0.03773517829170053,ok,False,True,False,0
4334,2551217.3360268576,2.9138894832508155,0.018637422346079346,ok,False,True,False,0
4335,2571845.8502178914,2.6793316432630263,0.036062853530870076,ok,False,True,False,0
4336,1967134.0114109828,2.991944937127208,0.03589767720773318,ok,False,True,False,0
4337,2664825.474408518,2.9833506311587876,0.026507169134106057,ok,False,True,False,0
4338,1916035.0780503256,2.9843155507783217,0.06812299610223155,ok,False,True,False,0
4339,2196114.5456600464,2.9973830302329323,0.03684116073149735,ok,False,True,False,0
4340,1800304.500194651,2.9395468779834237,0.1534092087443883,ok,False,True,False,0
4341,1858025.9090895548,2.946132224516032,0.10325644578274884,ok,False,True,False,0
4342,2660316.9847089243,2.9918173379658337,0.024230377042230883,ok,False,True,False,0
4343,1998542.8389609847,2.9996008523624336,0.036228046059078756,ok,False,True,False,0
4344,1929608.8976257143,2.9984944755142324,0.05028134454066488,ok,False,True,False,0
4345,2080450.6239004903,2.8967056738027597,0.028467388698622087,ok,False,True,False,0
4346,2015928.834265185,2.981313786725306,0.034030564358634274,ok,False,True,False,0
4347,2411740.4283254226,2.7539207690269194,0.0323651964548336,ok,False,True,False,0
4348,1967134.0114109828,2.9108996446649096,0.02841004123873736,ok,False,True,False,0
4349,2001275.1145011454,2.9980685393334587,0.026427276526701737,ok,False,True,False,0
4350,1967134.0114109828,2.981168288334503,0.028961955249572457,ok,False,True,False,0
4351,2157636.673346687,2.997313119703916,0.02688002776978554,ok,False,True,False,0
4352,3808925.191974899,2.946117526414975,0.04832720166589796,ok,False,True,False,0
4353,2456109.1443143613,2.975206123422703,0.0542754241909279,ok,False,True,False,0
4354,4167016.6359872296,2.9624498664066756,0.04646437612384033,ok,False,True,False,0
4355,2096687.1990167145,2.7126017711388473,0.029339606299407017,ok,False,True,False,0
4356,2029564.8599099764,2.9955309670583263,0.0658446333793482,ok,False,True,False,0
4357,3032784.012524115,2.9377737994797455,0.036208314954402576,ok,False,True,False,0
4358,2341965.321298812,2.999047747364079,0.03897745347615639,ok,False,True,False,0
4359,2263778.891323222,2.881719448971677,0.028321786136488114,ok,False,True,False,0
4360,2036566.4009256044,2.99759822512808,0.025218210250591122,ok,False,True,False,0
4361,2821495.2895157817,2.7891835857554734,0.026242326289032336,ok,False,True,False,0
4362,2035032.2012266417,2.997119639221964,0.0408569655329693,ok,False,True,False,0
4363,1991075.508304663,2.845510257426925,0.043838763066197384,ok,False,True,False,0
4364,1967134.0114109828,2.735228899607668,0.024788683366889358,ok,False,True,False,0
4365,2597644.2538733096,2.9975345910871027,0.05094089403131269,ok,False,True,False,0
4366,1930402.9693967383,2.994853679402815,0.06119736028332185,ok,False,True,False,0
4367,1930402.9693967383,2.96622600482256,0.0583594301513167,ok,False,True,False,0
4368,1995006.7859398494,2.9407645401460556,0.0413966630455842,ok,False,True,False,0
4369,2058406.4275102126,2.9997551176816657,0.035817411312705466,ok,False,True,False,0
4370,1967134.0114109828,2.917008955652249,0.03073337114131769,ok,False,True,False,0
4371,2073070.2289607984,2.9962807674886243,0.039164429380513954,ok,False,True,False,0
4372,1845431.27670268,2.905555734280645,0.13983949615032296,ok,False,True,False,0
4373,2073243.8668174571,2.9994646814467565,0.03576504617783491,ok,False,True,False,0
4374,4001575.7333351863,2.99183912155108,0.05972321848484008,ok,False,True,False,0
4375,2038531.6617634774,2.9721231563164547,0.03620452305164579,ok,False,True,False,0
4376,3344472.8451813357,2.997376955754186,0.05738722604678623,ok,False,True,False,0
4377,2617634.59514126,2.8392483478311696,0.0357248839190345,ok,False,True,False,0
4378,1992583.5991026897,2.9271491372224734,0.033668203656777806,ok,False,True,False,0
4379,2159998.6836760566,2.9993137263665033,0.02917868982884597,ok,False,True,False,0
4380,1994718.8817472947,2.9638510695655116,0.05023646725379838,ok,False,True,False,0
4381,4737668.227047229,2.862165528995905,0.06398542531332088,ok,False,True,False,0
4382,1967134.0114109828,2.8844540622678623,0.031138274989457204,ok,False,True,False,0
4383,1994904.4379474586,2.9906102089099584,0.02915135996803253,ok,False,True,False,0
4384,1997766.5221452722,2.9265716943592417,0.02673081441455666,ok,False,True,False,0
4385,2414912.2011987213,2.671109461929556,0.040447169470608,ok,False,True,False,0
4386,2627129.8887784965,2.9777985367924966,0.04610673992964853,ok,False,True,False,0
4387,1916035.0780503256,2.9969808674393006,0.07029178069912276,ok,False,True,False,0
4388,1995335.3086691103,2.941759425048102,0.02921862892320637,ok,False,True,False,0
4389,2369557.212967617,2.9237158991587893,0.03168871963545877,ok,False,True,False,0
4390,1967134.0114109828,2.9530650125895965,0.030490347155778696,ok,False,True,False,0
4391,1929608.8976257143,2.9820857177482845,0.06048098162878377,ok,False,True,False,0
4392,1929608.8976257143,2.9603123450223254,0.06648112420227686,ok,False,True,False,0
4393,2892321.8938985565,2.8625051166076956,0.030891941323894168,ok,False,True,False,0
4394,2199685.815492891,2.9988015763542837,0.03761194523234823,ok,False,True,False,0
4395,1967134.0114109828,2.907790094883751,0.03405635794052686,ok,False,True,False,0
4396,2188234.0903540696,2.9853252457413024,0.029468993118343056,ok,False,True,False,0
4397,1991927.1225826591,2.960527648861112,0.02693276433272096,ok,False,True,False,0
4398,2984731.1367852543,2.9967915508727003,0.05246726389897127,ok,False,True,False,0
4399,2170978.703718047,2.9013252281528743,0.023285915277856284,ok,False,True,False,0
4400,1967134.0114109828,2.8789618597803037,0.02458331734882968,ok,False,True,False,0
4401,1967134.0114109828,2.846720577555689,0.022134339527385305,ok,False,True,False,0
4402,1930402.9693967383,2.9648387746894134,0.05828622912841985,ok,False,True,False,0
4403,2125934.6607997143,2.995950291239554,0.02229818540588288,ok,False,True,False,0
4404,2035709.1599884874,2.924033855826236,0.04242428741197524,ok,False,True,False,0
4405,1991291.0770297898,2.95789384525599,0.03726994263554506,ok,False,True,False,0
4406,3038763.9921108056,2.882316335843718,0.04111990606316096,ok,False,True,False,0
4407,2037458.9919404874,2.986243379984387,0.061344937557063495,ok,False,True,False,0
4408,3640031.8433716497,2.9869840330019968,0.03084616413478597,ok,False,True,False,0
4409,1929608.8976257143,2.9941265387256677,0.05770243485101746,ok,False,True,False,0
4410,1998067.2034402706,2.982615890965818,0.026418370440185968,ok,False,True,False,0
4411,1882190.241073924,2.950472643893713,0.08646904962671784,ok,False,True,False,0
4412,3357025.7247635745,2.9939343707265174,0.044872638172999024,ok,False,True,False,0
4413,2397908.459974499,2.9960699344871333,0.062492790479666604,ok,False,True,False,0
4414,1967134.0114109828,2.814380186152791,0.030435393585984356,ok,False,True,False,0
4415,1995187.0133283788,2.8495295585152,0.04188401407362541,ok,False,True,False,0
4416,2191028.4997700406,2.998815834734452,0.04045860090966885,ok,False,True,False,0
4417,1998491.276600806,2.9640254725900856,0.02577306640215371,ok,False,True,False,0
4418,1993674.7097187673,2.912312475883339,0.02832842686446413,ok,False,True,False,0
4419,2178122.0839580973,2.8870189617658744,0.026503414816766005,ok,False,True,False,0
4420,2167598.3128865524,2.99948418877908,0.038908977514623855,ok,False,True,False,0
4421,2611859.0462108254,2.9717771903673253,0.025004667273995473,ok,False,True,False,0
4422,2136571.5758554786,2.971754391673044,0.026317739628973325,ok,False,True,False,0
4423,1967134.0114109828,2.9492708198543305,0.04746489354633804,ok,False,True,False,0
4424,1929608.8976257143,2.956261960951813,0.04969960504749117,ok,False,True,False,0
4425,3617768.7697929144,2.7472662605733005,0.05209435709108956,ok,False,True,False,0
4426,3905199.6472049765,2.993554558967576,0.10705027351057822,ok,False,True,False,0
4427,2370857.4892658163,2.8781961104767415,0.02871622110670985,ok,False,True,False,0
4428,3338260.2706005042,2.8427939921267606,0.02425848804753039,ok,False,True,False,0
4429,2555365.3506646925,2.8188366563006175,0.03442895669760615,ok,False,True,False,0
4430,1996208.9327681628,2.9247453520960587,0.05709179154622651,ok,False,True,False,0
4431,1991495.4458643836,2.9118538428145784,0.022985808249541773,ok,False,True,False,0
4432,2000480.753851638,2.99963667926907,0.05143895595294762,ok,False,True,False,0
4433,2780094.807934094,2.7755805518576633,0.04144081115018622,ok,False,True,False,0
4434,2093421.1594742213,2.786525283844539,0.022812571161421713,ok,False,True,False,0
4435,2017740.0459729491,2.956903163908266,0.029122976889125796,ok,False,True,False,0
4436,2639939.8051025695,2.931284788538416,0.03082732649861286,ok,False,True,False,0
4437,3506265.0002242383,2.9734838420543674,0.02923262372161827,ok,False,True,False,0
4438,1967134.0114109828,2.851970106453562,0.023974140980891345,ok,False,True,False,0
4439,2213087.2754353303,2.9937230286265715,0.0387596969140539,ok,False,True,False,0
4440,2045832.2627728896,2.8030702275124257,0.02469781406888949,ok,False,True,False,0
4441,1994914.0118808653,2.9916167174899844,0.03761178323621317,ok,False,True,False,0
4442,2502283.5888172598,2.9932610771526154,0.04773574030247607,ok,False,True,False,0
4443,1882190.241073924,2.9886355828520497,0.10753320522876256,ok,False,True,False,0
4444,1995837.3626429627,2.999879014470724,0.028164538115008075,ok,False,True,False,0
4445,1999069.667537912,2.817606806509739,0.049664092181983865,ok,False,True,False,0
4446,5951369.69482196,2.760599473890185,0.10333295735452641,ok,False,True,False,0
4447,2032746.958819432,2.9952732651564515,0.022088701840320496,ok,False,True,False,0
4448,3101290.963531764,2.969837927318662,0.04281413812243978,ok,False,True,False,0
4449,2492978.9670498352,2.9971900384394106,0.023252620500444937,ok,False,True,False,0
4450,2165671.741804429,2.9946072449783703,0.02634130388360101,ok,False,True,False,0
4451,1967134.0114109828,2.9769872832759003,0.03191872665189144,ok,False,True,False,0
4452,1991472.8813401433,2.99658707275558,0.033092693894971215,ok,False,True,False,0
4453,5142207.605270869,2.5493805803982834,0.06738785428954919,ok,False,True,False,0
4454,3498306.619845779,2.9983996810981726,0.038542774367574695,ok,False,True,False,0
4455,1967134.0114109828,2.995653431582549,0.03850230722079084,ok,False,True,False,0
4456,1930402.9693967383,2.987709879249299,0.05592686508790241,ok,False,True,False,0
4457,3826112.826035859,2.77722321699542,0.03519718476811978,ok,False,True,False,0
4458,1997079.0597187064,2.9248439267876014,0.03443380071876678,ok,False,True,False,0
4459,2021664.863998429,2.905000570036542,0.028948428197507203,ok,False,True,False,0
4460,2015017.355345339,2.9984862536602086,0.039743777959162604,ok,False,True,False,0
4461,2018027.1021776313,2.997790424807186,0.033195967167282736,ok,False,True,False,0
4462,2570230.6391341016,2.9907937146247594,0.03918375863510709,ok,False,True,False,0
4463,2105391.4157015877,2.744392101512784,0.04107099041635859,ok,False,True,False,0
4464,1930402.9693967383,2.9493150385570095,0.04287132591215476,ok,False,True,False,0
4465,1990958.863117625,2.9991606021766977,0.031236548611454806,ok,False,True,False,0
4466,2254290.31607197,2.922213543473994,0.016497337001960738,ok,False,True,False,0
4467,1991179.0210930407,2.996944856588556,0.027195430509312946,ok,False,True,False,0
4468,1991201.6393301075,2.946844393434115,0.026257073510691953,ok,False,True,False,0
4469,3184150.9645177554,2.9954028587624526,0.05309493199651294,ok,False,True,False,0
4470,2520593.048524488,2.950820302046881,0.03125758125542133,ok,False,True,False,0
4471,2012415.610904983,2.8447394855881583,0.015928558635112,ok,False,True,False,0
4472,2621166.6068890756,2.946546042905534,0.034925707068992395,ok,False,True,False,0
4473,1967134.0114109828,2.8686493472425365,0.02655094993849816,ok,False,True,False,0
4474,2327189.7744049053,2.8164409379499338,0.03911300226171466,ok,False,True,False,0
4475,1995122.1053644656,2.790402095224298,0.041376242914686445,ok,False,True,False,0
4476,2072928.8537829313,2.8608197565383846,0.02352052571750285,ok,False,True,False,0
4477,2005612.0854563224,2.8703143745579345,0.03398429924938706,ok,False,True,False,0
4478,1929608.8976257143,2.9654314181540635,0.07351177357943733,ok,False,True,False,0
4479,1967134.0114109828,2.9872673227829454,0.03318371230551176,ok,False,True,False,0
4480,1967134.0114109828,2.9691388347870538,0.039635131412377955,ok,False,True,False,0
4481,1994681.1464374913,2.8894324851129656,0.020755998100058237,ok,False,True,False,0
4482,1967134.0114109828,2.922067068715953,0.034553696036944956,ok,False,True,False,0
4483,2963174.4565703766,2.9996651982446103,0.05297860004485866,ok,False,True,False,0
4484,1929608.8976257143,2.9569812204902943,0.0623732523730596,ok,False,True,False,0
4485,1882190.241073924,2.9460371701017016,0.08323040488790105,ok,False,True,False,0
4486,2007259.6339990469,2.9918416308888327,0.02425883583540739,ok,False,True,False,0
4487,2171797.6135451,2.969701651061894,0.04898658492533503,ok,False,True,False,0
4488,1929608.8976257143,2.9757033846115877,0.059217462275748645,ok,False,True,False,0
4489,2621948.875425183,2.993772690025076,0.02298708529373511,ok,False,True,False,0
4490,1929608.8976257143,2.996185685430393,0.06530542150617086,ok,False,True,False,0
4491,2135527.800042926,2.9776044311410392,0.03471341036259093,ok,False,True,False,0
4492,5391376.663605229,2.9944696323137823,0.06946392424441217,ok,False,True,False,0
4493,2830053.1346825175,2.9714557044242182,0.03650166931350729,ok,False,True,False,0
4494,1882190.241073924,2.966554271986304,0.09130872616077274,ok,False,True,False,0
4495,1967134.0114109828,2.9475557954058678,0.049725988441927216,ok,False,True,False,0
4496,1931638.1737178247,2.9735825958689284,0.07026424998432852,ok,False,True,False,0
4497,2444162.0487855147,2.9952018866411794,0.030832266885359505,ok,False,True,False,0
4498,1967134.0114109828,2.969994483435915,0.036661401797238535,ok,False,True,False,0
4499,2020127.367664735,2.966479762068272,0.029622096937250264,ok,False,True,False,0
4500,1967134.0114109828,2.9488764902852256,0.027699816190786652,ok,False,True,False,0
4501,1882190.241073924,2.9387234162337323,0.08850393410480574,ok,False,True,False,0
4502,1858025.9090895548,2.890167092819329,0.10777407564318073,ok,False,True,False,0
4503,2955921.593412426,2.953781515009015,0.03537421442205385,ok,False,True,False,0
4504,1967134.0114109828,2.9700962149420658,0.03182917944650454,ok,False,True,False,0
4505,1882190.241073924,2.9428176591531408,0.08892658881690464,ok,False,True,False,0
4506,2008709.4038272016,2.8702767862566865,0.03841759000321454,ok,False,True,False,0
4507,2029654.6897138676,2.999050688902803,0.03607202890268246,ok,False,True,False,0
4508,3580670.4999933876,2.991361288317358,0.05094017805031878,ok,False,True,False,0
4509,7613688.799495693,2.9847644241243865,0.08792164790298984,ok,False,True,False,0
4510,2029376.2639876138,2.936392443267522,0.03735876391876508,ok,False,True,False,0
4511,1929608.8976257143,2.9931265559301163,0.03837518501778453,ok,False,True,False,0
4512,1929608.8976257143,2.9628486050810894,0.05379028586253079,ok,False,True,False,0
4513,2060549.7656563295,2.9958252762966326,0.036167638932620316,ok,False,True,False,0
4514,2027267.5791152052,2.981810133478241,0.03218630176969306,ok,False,True,False,0
4515,1967134.0114109828,2.8576246374844576,0.03210814147328833,ok,False,True,False,0
4516,3756877.1129204854,2.9746210703458735,0.08360359636716908,ok,False,True,False,0
4517,1967134.0114109828,2.656797721743139,0.03398123767057171,ok,False,True,False,0
4518,1858025.9090895548,2.878310332608592,0.11925545623264718,ok,False,True,False,0
4519,2002017.8072418643,2.9505752778561214,0.030145514306138377,ok,False,True,False,0
4520,2237316.8779857736,2.995626900230132,0.026436263900629586,ok,False,True,False,0
4521,1930402.9693967383,2.7436996865245282,0.044214812562486064,ok,False,True,False,0
4522,2040142.963106747,2.987451326253823,0.021347190419397977,ok,False,True,False,0
4523,1997044.6756429782,2.90711747257885,0.0282384851875378,ok,False,True,False,0
4524,2050717.6274538317,2.9940193858713,0.029173060746165713,ok,False,True,False,0
4525,4314173.934474728,2.822341556333182,0.05694467707043638,ok,False,True,False,0
4526,1967134.0114109828,2.7451376664508578,0.04371718525602675,ok,False,True,False,0
4527,1882190.241073924,2.9609373354708373,0.08156096764716168,ok,False,True,False,0
4528,2391756.996165898,2.889639877837687,0.022720581364300663,ok,False,True,False,0
4529,3533850.804738882,2.913797022029568,0.029065302740134524,ok,False,True,False,0
4530,1998529.360707811,2.836375755917407,0.021757359546560107,ok,False,True,False,0
4531,1967134.0114109828,2.9866976286293645,0.022436991720272314,ok,False,True,False,0
4532,2052603.9026331804,2.9993267242537396,0.02631494417309177,ok,False,True,False,0
4533,2013741.5581144511,2.8732135118816453,0.02399683175602718,ok,False,True,False,0
4534,1882190.241073924,2.968461159872427,0.09452238676143172,ok,False,True,False,0
4535,2005259.816265442,2.976513049907544,0.03464745360670332,ok,False,True,False,0
4536,1967134.0114109828,2.965664636639352,0.0352493647698614,ok,False,True,False,0
4537,1967134.0114109828,2.9874434862417543,0.046036361937382086,ok,False,True,False,0
4538,2619315.3778287545,2.9990243574975604,0.03770913427174516,ok,False,True,False,0
4539,1967134.0114109828,2.9662455478522944,0.025798624930691384,ok,False,True,False,0
4540,1991480.5525962668,2.943374732542212,0.02114465412663223,ok,False,True,False,0
4541,2305806.355465935,2.891203122026627,0.0274126419962889,ok,False,True,False,0
4542,1967134.0114109828,2.9994008377610255,0.040105269252086906,ok,False,True,False,0
4543,2060177.3995580655,2.9944949861896886,0.04620501612418093,ok,False,True,False,0
4544,1858025.9090895548,2.983703250563296,0.12686192037443125,ok,False,True,False,0
4545,1882190.241073924,2.9852230478380704,0.10431357658795753,ok,False,True,False,0
4546,2879346.473335353,2.869324063874074,0.02662736894373241,ok,False,True,False,0
4547,2014180.4658355142,2.9991118982290224,0.03142904502553223,ok,False,True,False,0
4548,2534917.3709358494,2.9873669547491133,0.039485943801551904,ok,False,True,False,0
4549,1993658.7318557661,2.9107558790607397,0.04198079725835335,ok,False,True,False,0
4550,1967134.0114109828,2.9883924127904518,0.05722483408973507,ok,False,True,False,0
4551,5288323.5336199375,2.8313588802850767,0.08230019359312213,ok,False,True,False,0
4552,2022383.0598061578,2.879223371115067,0.04211951614863185,ok,False,True,False,0
4553,2035342.2533985816,2.9987609575049583,0.03443119924155941,ok,False,True,False,0
4554,2186732.7499704235,2.983859787899134,0.03563378566088232,ok,False,True,False,0
4555,2071355.1761442835,2.996337736375237,0.03248736643473807,ok,False,True,False,0
4556,1993407.0808395364,2.997401416840546,0.039368793145635794,ok,False,True,False,0
4557,2454874.310227717,2.9983422480420088,0.036115517015508386,ok,False,True,False,0
4558,1931638.1737178247,2.9990037459504153,0.07824984041393923,ok,False,True,False,0
4559,2017807.0949136508,2.9993890686233695,0.05583100160587068,ok,False,True,False,0
4560,2137113.947591721,2.998435020464764,0.029832855748573972,ok,False,True,False,0
4561,3152512.8864550395,2.8969007387811416,0.034081180763761404,ok,False,True,False,0
4562,2002171.0001537625,2.9768887568531106,0.024083341119718327,ok,False,True,False,0
4563,1930402.9693967383,2.967099565138933,0.07902442570768434,ok,False,True,False,0
4564,2162909.855901406,2.999291857040841,0.04981221384524839,ok,False,True,False,0
4565,2146770.197014742,2.887687304842211,0.029826857633476256,ok,False,True,False,0
4566,1967134.0114109828,2.9041506811976667,0.029831215634920305,ok,False,True,False,0
4567,2348879.607467783,2.997129877348576,0.039267624529035206,ok,False,True,False,0
4568,1929608.8976257143,2.9415879400313494,0.06127580391345375,ok,False,True,False,0
4569,2005119.3840882534,2.8729334263749235,0.026308405989504124,ok,False,True,False,0
4570,2009155.2857480121,2.869180015084268,0.030127935873721756,ok,False,True,False,0
4571,2018310.5074979325,2.9928492356252168,0.03840191872259391,ok,False,True,False,0
4572,1882190.241073924,2.987211189193343,0.09165059880167209,ok,False,True,False,0
4573,4512234.078285234,2.991562268706898,0.05284866587334941,ok,False,True,False,0
4574,4437230.84903101,2.9813918786848435,0.053106895849885816,ok,False,True,False,0
4575,3278752.0668348875,2.995852432265255,0.059233529923718,ok,False,True,False,0
4576,2090842.0347360922,2.944908346258055,0.02910762878651174,ok,False,True,False,0
4577,2047499.94078975,2.9990223196750168,0.03572258583126575,ok,False,True,False,0
4578,1882190.241073924,2.943861070886048,0.09871653985364295,ok,False,True,False,0
4579,2372061.336626087,2.979155679759959,0.033974283434218294,ok,False,True,False,0
4580,2189325.350672095,2.9985380291452675,0.037080142519948275,ok,False,True,False,0
4581,1929608.8976257143,2.9427755937638347,0.05326765641463471,ok,False,True,False,0
4582,1882190.241073924,2.961483356777724,0.09140941431505392,ok,False,True,False,0
4583,2008153.7269354546,2.9879828302570606,0.028859065938571793,ok,False,True,False,0
4584,1831470.096201781,2.9763524816651206,0.1123244115200639,ok,False,True,False,0
4585,1967134.0114109828,2.8166022583237464,0.04184927530677718,ok,False,True,False,0
4586,1967134.0114109828,2.994124507130361,0.05710303112448045,ok,False,True,False,0
4587,1916035.0780503256,2.917576740233044,0.06425324354739459,ok,False,True,False,0
4588,4101525.4407781097,2.845478382044453,0.03514169704693382,ok,False,True,False,0
4589,3951644.4862983674,2.8589278846349027,0.04109915868123348,ok,False,True,False,0
4590,1929608.8976257143,2.9184441021880274,0.053796093466885526,ok,False,True,False,0
4591,1858025.9090895548,2.9717092725811614,0.12214572743196071,ok,False,True,False,0
4592,1967134.0114109828,2.9690656137242026,0.0521835442302413,ok,False,True,False,0
4593,2030312.9236288385,2.9022382886522538,0.02176401256842575,ok,False,True,False,0
4594,1845431.27670268,2.980453643292343,0.12825153392175945,ok,False,True,False,0
4595,2155236.0944935177,2.866079136951533,0.02501567458308962,ok,False,True,False,0
4596,2005017.6194189833,2.9998963079375844,0.03923073066071825,ok,False,True,False,0
4597,1997290.0084584493,2.953230417084958,0.0698865953990257,ok,False,True,False,0
4598,5473895.81173965,2.9801678749665594,0.04311100676215507,ok,False,True,False,0
4599,2414274.553431931,2.794617931125787,0.03352293851829191,ok,False,True,False,0
4600,3311672.251233628,2.851828137786082,0.035372072769500607,ok,False,True,False,0
4601,3644982.374496533,2.9832555309420528,0.05112198633008036,ok,False,True,False,0
4602,2199285.890775902,2.8932300070837638,0.029636828731661513,ok,False,True,False,0
4603,1929608.8976257143,2.846832649566813,0.04353414952155299,ok,False,True,False,0
4604,2042746.0941437753,2.9235653045842036,0.03535238920027295,ok,False,True,False,0
4605,2799565.3787729475,2.927047461834463,0.022954168964525776,ok,False,True,False,0
4606,1858025.9090895548,2.9018841422092008,0.11523739095579268,ok,False,True,False,0
4607,1882190.241073924,2.9652767810833733,0.1188633935787369,ok,False,True,False,0
4608,2036159.5416151118,2.8249261667512857,0.02461264007175068,ok,False,True,False,0
4609,1997803.1130962954,2.9364717285417,0.03627708707209376,ok,False,True,False,0
4610,1858025.9090895548,2.959752342638261,0.11338426032374627,ok,False,True,False,0
4611,2001589.0327551954,2.8298571254705465,0.02407870224267797,ok,False,True,False,0
4612,2150090.988836162,2.7288447067158756,0.025263713725823145,ok,False,True,False,0
4613,3752590.591025606,2.879248763688655,0.04781611984483558,ok,False,True,False,0
4614,1993402.7248588817,2.971102839908683,0.025082018101421744,ok,False,True,False,0
4615,1991343.4064238083,2.8884081701422524,0.03667426877793978,ok,False,True,False,0
4616,5124394.779115548,2.9829549305317014,0.09672114519251251,ok,False,True,False,0
4617,1931638.1737178247,2.8119393631699268,0.041848377270492954,ok,False,True,False,0
4618,1929608.8976257143,2.964366154079422,0.07134511401140162,ok,False,True,False,0
4619,2057854.9903642684,2.9991343135016275,0.025725927455500397,ok,False,True,False,0
4620,1993911.473444779,2.8809891633996285,0.031252088329649985,ok,False,True,False,0
4621,1858025.9090895548,2.895947094346501,0.10955420397460941,ok,False,True,False,0
4622,1967134.0114109828,2.9033509881722583,0.03884544968347858,ok,False,True,False,0
4623,3643669.246853238,2.754790055710484,0.03389974623548453,ok,False,True,False,0
4624,5313020.38999588,2.9811214517198428,0.08750119065219375,ok,False,True,False,0
4625,1929608.8976257143,2.948299074138301,0.06332537604741297,ok,False,True,False,0
4626,1997281.1986495603,2.9197648290810294,0.026297158649633556,ok,False,True,False,0
4627,2776832.759472128,2.999823051988793,0.06115222924269115,ok,False,True,False,0
4628,1916035.0780503256,2.9344573628702566,0.07329236292264156,ok,False,True,False,0
4629,2898100.0634117834,2.983588401236382,0.030628978900480552,ok,False,True,False,0
4630,1858025.9090895548,2.8990346643791187,0.09399594020739846,ok,False,True,False,0
4631,2089662.871516472,2.944167716930052,0.028229532619510556,ok,False,True,False,0
4632,1996123.7809343128,2.9588858118136967,0.023095941673939663,ok,False,True,False,0
4633,2208530.69160696,2.998389261574408,0.051528281445062385,ok,False,True,False,0
4634,2026971.2793313737,2.9673066529405907,0.022796017631833546,ok,False,True,False,0
4635,2338554.343293403,2.9954499492935387,0.03104057655812298,ok,False,True,False,0
4636,1831470.096201781,2.971119994260386,0.11979033533860775,ok,False,True,False,0
4637,1994483.6251853157,2.882519108315999,0.03984004223216053,ok,False,True,False,0
4638,2381745.3240586077,2.997157466869927,0.04738231548047267,ok,False,True,False,0
4639,2354308.974909948,2.9998764483726563,0.052993468917797104,ok,False,True,False,0
4640,2032231.7992114816,2.9685878483844563,0.03912352494197979,ok,False,True,False,0
4641,2044790.0219082711,2.99798370298816,0.021937983365798053,ok,False,True,False,0
4642,2150030.448551306,2.9023781965820623,0.021079768359810735,ok,False,True,False,0
4643,1991769.1500952283,2.8860837417423397,0.03844358076665444,ok,False,True,False,0
4644,1991400.6781894786,2.8768831102683596,0.03579291431081422,ok,False,True,False,0
4645,2631136.49394355,2.892920061690389,0.04911303519794458,ok,False,True,False,0
4646,2344722.0676726303,2.9841149975388355,0.023874411092151493,ok,False,True,False,0
4647,3914349.0819810284,2.7627748901929383,0.047050760604291295,ok,False,True,False,0
4648,1882190.241073924,2.9927528792229694,0.1014304293297893,ok,False,True,False,0
4649,1999265.459288289,2.7929023000289526,0.03571940709588006,ok,False,True,False,0
4650,1997353.235162797,2.905082740635696,0.02076529106517455,ok,False,True,False,0
4651,1996993.4588232099,2.965784024225832,0.04505660336963002,ok,False,True,False,0
4652,3860916.8369496595,2.7380254943511395,0.04246029411880156,ok,False,True,False,0
4653,1992320.5511498447,2.9699217543955845,0.02842610200281115,ok,False,True,False,0
4654,2439630.089004386,2.9935539245777854,0.04732450777743766,ok,False,True,False,0
4655,2037907.3392599074,2.9993774044045276,0.025796268897719687,ok,False,True,False,0
4656,2533124.405157074,2.931605826810026,0.031176179072896493,ok,False,True,False,0
4657,1929608.8976257143,2.9871515901941095,0.06180948749102501,ok,False,True,False,0
4658,1931638.1737178247,2.9928384331763356,0.07220191483402477,ok,False,True,False,0
4659,1930402.9693967383,2.7537989118349717,0.030513825159915076,ok,False,True,False,0
4660,2011887.3340438732,2.9256035931842908,0.023763539121780974,ok,False,True,False,0
4661,1882190.241073924,2.9958382422604037,0.08771419796086605,ok,False,True,False,0
4662,3339626.9315503133,2.7793091145876003,0.03204825679577694,ok,False,True,False,0
4663,1967134.0114109828,2.8289231793748453,0.02830013180108082,ok,False,True,False,0
4664,3976377.188346042,2.989770111827162,0.031408158518819174,ok,False,True,False,0
4665,1996650.0090174573,2.911415593558292,0.028335584046174978,ok,False,True,False,0
4666,2005325.4964059468,2.8930312923541477,0.023423369452022613,ok,False,True,False,0
4667,2182693.097045968,2.965583655147921,0.02639032456125745,ok,False,True,False,0
4668,2467585.7103756582,2.9959115353910075,0.018855041267511946,ok,False,True,False,0
4669,2079857.3730751928,2.969337498933264,0.02704252823072012,ok,False,True,False,0
4670,1930402.9693967383,2.9469588196064285,0.04912103624248832,ok,False,True,False,0
4671,2427019.4515581694,2.9889866697936176,0.0340201027217437,ok,False,True,False,0
4672,2942325.109527533,2.9197037516004034,0.04292105564943713,ok,False,True,False,0
4673,2250939.248217458,2.9974784659196145,0.057373697950114155,ok,False,True,False,0
4674,1967134.0114109828,2.9201322417811415,0.03456296594258068,ok,False,True,False,0
4675,2000493.7370184055,2.956191401274543,0.043560454699290485,ok,False,True,False,0
4676,2116154.9127161507,2.9894248779486423,0.02566510939911859,ok,False,True,False,0
4677,2569097.500883243,2.9904567766057895,0.024446564922004865,ok,False,True,False,0
4678,2031493.4199888243,2.997157124780144,0.048407838041504614,ok,False,True,False,0
4679,3140560.649651832,2.759077995445035,0.032472049532145664,ok,False,True,False,0
4680,2641504.4109753994,2.9980377973796766,0.05809543326862582,ok,False,True,False,0
4681,1929608.8976257143,2.982011785744135,0.06947844848971488,ok,False,True,False,0
4682,2152167.0138598187,2.999729591772663,0.044091091478486305,ok,False,True,False,0
4683,2771180.6848835773,2.8717273010482414,0.03275018081890807,ok,False,True,False,0
4684,2001113.8507822591,2.8680739857263693,0.020515920632269813,ok,False,True,False,0
4685,1998878.0681421738,2.957333894237793,0.035697548425093095,ok,False,True,False,0
4686,2899038.3961347705,2.9967325520385293,0.020176837321801838,ok,False,True,False,0
4687,1996356.187062661,2.8528824107820707,0.030376270690530616,ok,False,True,False,0
4688,1995198.0214021709,2.896907362460462,0.03931230939806918,ok,False,True,False,0
4689,1991092.1558724833,2.715306035464163,0.04925580116193984,ok,False,True,False,0
4690,2464907.16259926,2.8992859062004612,0.02397943996007834,ok,False,True,False,0
4691,1930402.9693967383,2.9727407374259363,0.05341236427339496,ok,False,True,False,0
4692,1967134.0114109828,2.9174350881955933,0.028249889703271913,ok,False,True,False,0
4693,2419016.497105278,2.991815790606803,0.0372110930312215,ok,False,True,False,0
4694,2553807.037546926,2.8089644916891126,0.02916300077053613,ok,False,True,False,0
4695,1929608.8976257143,2.969379137868944,0.0639221971914965,ok,False,True,False,0
4696,2706718.5897527914,2.9971980349243577,0.03649943612771901,ok,False,True,False,0
4697,1996771.7127697826,2.886506212745617,0.034527395431835695,ok,False,True,False,0
4698,2210829.0087619442,2.753801378366514,0.030277170956962696,ok,False,True,False,0
4699,1994114.2148698908,2.9856682249854396,0.04384524899429765,ok,False,True,False,0
4700,2013908.048365986,2.853536556650952,0.023557133808467468,ok,False,True,False,0
4701,2018152.7267411142,2.9102978375251727,0.033176558825044944,ok,False,True,False,0
4702,1967134.0114109828,2.9982027619313065,0.04107898638660157,ok,False,True,False,0
4703,1929608.8976257143,2.941712178273937,0.06373444394408476,ok,False,True,False,0
4704,1929608.8976257143,2.933666009815541,0.05824129593357116,ok,False,True,False,0
4705,3014101.9856896196,2.9971505014549447,0.0670835322603251,ok,False,True,False,0
4706,2218018.3907906692,2.9741176025128935,0.02264682500911963,ok,False,True,False,0
4707,2087822.93699101,2.840461810032325,0.030240933934508107,ok,False,True,False,0
4708,1967134.0114109828,2.902627368754056,0.024611349854074704,ok,False,True,False,0
4709,2868280.629383865,2.9969935593134114,0.04245519946434695,ok,False,True,False,0
4710,2961667.9406661037,2.850040337822491,0.04452835184158277,ok,False,True,False,0
4711,2444470.3817496216,2.948476448918678,0.033998805857115816,ok,False,True,False,0
4712,4115054.7085259855,2.979069525514265,0.04212375435667437,ok,False,True,False,0
4713,1929608.8976257143,2.987722490949314,0.04557210119869359,ok,False,True,False,0
4714,2007899.1948554215,2.8802217995328685,0.02245099176125137,ok,False,True,False,0
4715,2021064.9844674726,2.998652315249992,0.018822996935352887,ok,False,True,False,0
4716,2001659.4618718922,2.998779639218352,0.06369045567682152,ok,False,True,False,0
4717,1967134.0114109828,2.99866424416023,0.04440583826471667,ok,False,True,False,0
4718,1997033.8788427003,2.8801997406572917,0.032817653108664024,ok,False,True,False,0
4719,2379820.136744373,2.854748737585897,0.02913299293179994,ok,False,True,False,0
4720,2148899.3298844825,2.9945774760582236,0.036807739911971615,ok,False,True,False,0
4721,1858025.9090895548,2.909850681469711,0.09811588280749091,ok,False,True,False,0
4722,1931638.1737178247,2.9999552716981053,0.057555760893104796,ok,False,True,False,0
4723,2930294.769513676,2.9950048113235814,0.03750300537737217,ok,False,True,False,0
4724,1929608.8976257143,2.881676529814031,0.03977531224262159,ok,False,True,False,0
4725,2004872.9263804846,2.995628947520931,0.027662871320200177,ok,False,True,False,0
4726,2127970.1221703216,2.9790973829905196,0.023753045181252985,ok,False,True,False,0
4727,2851413.314217664,2.998263361228109,0.055036631876669545,ok,False,True,False,0
4728,2664412.914615644,2.888500881219436,0.0267782759228119,ok,False,True,False,0
4729,1992852.5960731537,2.905050194923729,0.03961409367209334,ok,False,True,False,0
4730,2951397.660940679,2.974084524334647,0.050292118411606246,ok,False,True,False,0
4731,1967134.0114109828,2.999762060770027,0.03428834256915442,ok,False,True,False,0
4732,1929608.8976257143,2.9370864318852656,0.08348967019056824,ok,False,True,False,0
4733,2008195.9994327694,2.948580776432002,0.032238205443221424,ok,False,True,False,0
4734,2005166.0557874243,2.7992770455067078,0.0364771140191783,ok,False,True,False,0
4735,1967134.0114109828,2.848975540607762,0.029339524173410902,ok,False,True,False,0
4736,1858025.9090895548,2.9724286683531163,0.09996971028502928,ok,False,True,False,0
4737,1967134.0114109828,2.9173532249211,0.03735680211703474,ok,False,True,False,0
4738,3660863.751534922,2.999558894604244,0.02904145585644846,ok,False,True,False,0
4739,1995540.4205338785,2.901897527327307,0.030136930678140827,ok,False,True,False,0
4740,1992084.4798500277,2.8852228929998684,0.03221615557718904,ok,False,True,False,0
4741,1930402.9693967383,2.9881149066413277,0.05679639324236851,ok,False,True,False,0
4742,2466992.9492212753,2.9784645729407444,0.042124666295731195,ok,False,True,False,0
4743,1967134.0114109828,2.9969710728515926,0.03166585103455155,ok,False,True,False,0
4744,1993585.9273846857,2.812935097087613,0.018363297343758744,ok,False,True,False,0
4745,1967134.0114109828,2.865860899537279,0.040056079342616346,ok,False,True,False,0
4746,3280924.2125295135,2.995508751762909,0.04660154031212141,ok,False,True,False,0
4747,1993749.059849793,2.9980712088672674,0.05952336648446005,ok,False,True,False,0
4748,2003859.8570573633,2.995994244343201,0.03137493660325874,ok,False,True,False,0
4749,1967134.0114109828,2.982996574345337,0.05916034643050405,ok,False,True,False,0
4750,3732311.624231514,2.9098420771017928,0.03845254571277357,ok,False,True,False,0
4751,1967134.0114109828,2.7772147262745395,0.03948861406537063,ok,False,True,False,0
4752,2046128.079061696,2.865963748398883,0.02380815656787727,ok,False,True,False,0
4753,2492543.2362355576,2.9132979344527774,0.02384624485955833,ok,False,True,False,0
4754,3243679.100823043,2.7574915146298693,0.03932958263570463,ok,False,True,False,0
4755,2067808.9254835772,2.9094263275823984,0.027165382750839795,ok,False,True,False,0
4756,1916035.0780503256,2.9910159691607276,0.06343365698758004,ok,False,True,False,0
4757,2702514.533291165,2.999671431359708,0.0732724518232426,ok,False,True,False,0
4758,2430735.330809398,2.997857927777466,0.036402323877935405,ok,False,True,False,0
4759,2062445.757751211,2.9373474559616852,0.031766025011286,ok,False,True,False,0
4760,1882190.241073924,2.981082139312735,0.09422239596690832,ok,False,True,False,0
4761,2556376.6343471934,2.9986066368228417,0.04952322994351834,ok,False,True,False,0
4762,2090016.3912961625,2.7083325581767745,0.025154405601538227,ok,False,True,False,0
4763,3231991.680265347,2.9904728104103917,0.053597889061844706,ok,False,True,False,0
4764,2754758.4057478663,2.970885682820092,0.03085850864656904,ok,False,True,False,0
4765,2097650.178085641,2.9951393859477244,0.054710747516090896,ok,False,True,False,0
4766,1882190.241073924,2.9479737040901615,0.09823664925250339,ok,False,True,False,0
4767,2561555.2523900517,2.9977093329040505,0.03974600199307943,ok,False,True,False,0
4768,2018968.8058428492,2.9999470893186704,0.03793548831413557,ok,False,True,False,0
4769,2382401.0837060413,2.9336513512271045,0.022157457229854793,ok,False,True,False,0
4770,2001204.5002114198,2.9936982996371118,0.04221877329346202,ok,False,True,False,0
4771,5661629.357155481,2.6692274759696377,0.06256017894671972,ok,False,True,False,0
4772,2837419.6940374095,2.956308941233863,0.05846057505885094,ok,False,True,False,0
4773,6475227.074462897,2.9819331227710206,0.04727256867353535,ok,False,True,False,0
4774,1997942.8791788525,2.994294176869941,0.0199210919826176,ok,False,True,False,0
4775,2435420.0643633823,2.9975578920834165,0.03837019164429134,ok,False,True,False,0
4776,1931638.1737178247,2.981100031605476,0.06026995279136277,ok,False,True,False,0
4777,4180390.32530817,2.9136813997056876,0.0346572671098984,ok,False,True,False,0
4778,1967134.0114109828,2.9906030295830375,0.05670587970196789,ok,False,True,False,0
4779,3573812.674326827,2.981033187796023,0.041081651221605675,ok,False,True,False,0
4780,1996514.8172839675,2.9973876398398596,0.038813208101726504,ok,False,True,False,0
4781,2361933.4162875493,2.7314029735696437,0.03200722673466033,ok,False,True,False,0
4782,1929608.8976257143,2.991346569131954,0.05894970001058474,ok,False,True,False,0
4783,1967134.0114109828,2.9579714098161243,0.035576968928073716,ok,False,True,False,0
4784,3384375.688139359,2.998739493279338,0.07161152603400772,ok,False,True,False,0
4785,1995518.6351203816,2.9975419105821293,0.027371144110137857,ok,False,True,False,0
4786,1967134.0114109828,2.992944341541568,0.03637261199900377,ok,False,True,False,0
4787,1967134.0114109828,2.906438528086647,0.031145139066886207,ok,False,True,False,0
4788,2168230.5335793365,2.821585872070661,0.0367114677225554,ok,False,True,False,0
4789,2349732.7385150343,2.998546367554839,0.026542185215128522,ok,False,True,False,0
4790,2541989.684556873,2.7738714296284286,0.03873014625915305,ok,False,True,False,0
4791,2078241.5872088552,2.9925069581195687,0.047449053080353826,ok,False,True,False,0
4792,3071298.1462765457,2.989915748310844,0.03130196280681602,ok,False,True,False,0
4793,3073925.3672459745,2.9779294601154964,0.03292603329789205,ok,False,True,False,0
4794,2012281.2300006757,2.9701277040298644,0.031304661436055314,ok,False,True,False,0
4795,1993058.4296191123,2.8372743165076315,0.044337241516207215,ok,False,True,False,0
4796,2141404.2252725014,2.877331817231794,0.048671248291971,ok,False,True,False,0
4797,4025505.221762051,2.999942515380343,0.06430930754489661,ok,False,True,False,0
4798,2200517.77252389,2.9280534516972523,0.026520871051244788,ok,False,True,False,0
4799,1929608.8976257143,2.931544186309829,0.0516225639210779,ok,False,True,False,0
4800,1990964.101979329,2.9341423878385546,0.025573183110714104,ok,False,True,False,0
4801,2069709.417439863,2.9970825378718464,0.048835872245912904,ok,False,True,False,0
4802,2000540.0657470536,2.8287062869368906,0.03278761483393744,ok,False,True,False,0
4803,2652079.090208855,2.994467798218712,0.047762195979394906,ok,False,True,False,0
4804,1967134.0114109828,2.99815072317599,0.04106974364562935,ok,False,True,False,0
4805,1967134.0114109828,2.9094732125167635,0.0309379581395256,ok,False,True,False,0
4806,1916035.0780503256,2.988569222647752,0.06809225137082225,ok,False,True,False,0
4807,2008872.481321121,2.9741755906235,0.041917211150976574,ok,False,True,False,0
4808,1993402.471002855,2.987902556984321,0.03772843778041579,ok,False,True,False,0
4809,2030037.2894354132,2.942327190649226,0.025817552211969685,ok,False,True,False,0
4810,1929608.8976257143,2.8018383053006817,0.041653061589313034,ok,False,True,False,0
4811,2557214.2149192467,2.994365297791688,0.037670303926771065,ok,False,True,False,0
4812,1929608.8976257143,2.9979058046067726,0.0657701522332218,ok,False,True,False,0
4813,2117209.810840926,2.93344347512266,0.03305553495778246,ok,False,True,False,0
4814,2475705.673350616,2.983830053755929,0.0321072017462285,ok,False,True,False,0
4815,1931638.1737178247,2.940203598033036,0.056076241511723635,ok,False,True,False,0
4816,6139333.854655184,2.6403312969014845,0.06662441364924299,ok,False,True,False,0
4817,6057797.956188867,2.9877137370787237,0.07944925774435152,ok,False,True,False,0
4818,1845431.27670268,2.970287529261427,0.11946557489212098,ok,False,True,False,0
4819,1991513.3616578819,2.970516161877142,0.033113100373163395,ok,False,True,False,0
4820,4839045.459161745,2.9736436392712973,0.07381264784254449,ok,False,True,False,0
4821,2591722.410178376,2.9969447420048665,0.03505767155147821,ok,False,True,False,0
4822,2401295.32020771,2.970811965072505,0.04892916520032245,ok,False,True,False,0
4823,1967134.0114109828,2.9947066480060585,0.03271666408465146,ok,False,True,False,0
4824,2328951.6817732435,2.9982616819327186,0.034375951593296816,ok,False,True,False,0
4825,2145329.600601071,2.944024009756392,0.03004071475310658,ok,False,True,False,0
4826,1967134.0114109828,2.9809481071943305,0.029781451547772564,ok,False,True,False,0
4827,3156943.9134287746,2.98686785575652,0.033183913707398954,ok,False,True,False,0
4828,1990894.6179174723,2.912708644976915,0.03000472405974841,ok,False,True,False,0
4829,2563892.20291539,2.991262071000144,0.03934131891694148,ok,False,True,False,0
4830,1930402.9693967383,2.9539502230079466,0.04974965650271966,ok,False,True,False,0
4831,2610799.7008835427,2.7380654021710353,0.0336713014773391,ok,False,True,False,0
4832,1991865.2526811156,2.87223648108576,0.0295465629857542,ok,False,True,False,0
4833,1996064.684996925,2.981717586779901,0.030593159471977605,ok,False,True,False,0
4834,2305290.15355853,2.9991299699432856,0.04361589348365984,ok,False,True,False,0
4835,2085719.2175008936,2.999677011674169,0.056402404512765306,ok,False,True,False,0
4836,1858025.9090895548,2.904834137276917,0.10084304777084979,ok,False,True,False,0
4837,1991014.7015183205,2.9541907444007993,0.027041876242416718,ok,False,True,False,0
4838,1991253.6919070273,2.9053393206389897,0.03702670077470405,ok,False,True,False,0
4839,4009528.921224655,2.9941653080902424,0.0846647942997919,ok,False,True,False,0
4840,2453936.6397064924,2.996737982927084,0.03762830315134558,ok,False,True,False,0
4841,1967134.0114109828,2.9881727242141345,0.033113990629480616,ok,False,True,False,0
4842,1992608.050215153,2.875407027346462,0.023396079758896238,ok,False,True,False,0
4843,4145425.5142398747,2.75882249233051,0.043514683287050215,ok,False,True,False,0
4844,1967134.0114109828,2.814146737970483,0.043099389140690114,ok,False,True,False,0
4845,1995038.574352851,2.8634818408461027,0.035428407508985904,ok,False,True,False,0
4846,1967134.0114109828,2.789139277320553,0.025681281486856333,ok,False,True,False,0
4847,4989382.867145069,2.7218415834999465,0.04828595102385822,ok,False,True,False,0
4848,2281903.2485022997,2.9895766173562492,0.03503422518627519,ok,False,True,False,0
4849,2133619.178141125,2.9078846366458233,0.026621662891993414,ok,False,True,False,0
4850,1929608.8976257143,2.9658739437365074,0.06975037780541449,ok,False,True,False,0
4851,2600892.6942700534,2.9944200606976996,0.03262616293108389,ok,False,True,False,0
4852,3373977.9332225393,2.9792886093124875,0.07457307242984434,ok,False,True,False,0
4853,1931638.1737178247,2.999181535894287,0.0578005522768156,ok,False,True,False,0
4854,1916035.0780503256,2.9216439899401108,0.09150566719884395,ok,False,True,False,0
4855,2781588.2008032394,2.993962644924721,0.06714734660436161,ok,False,True,False,0
4856,5419634.561736344,2.970300092557154,0.06729752703108294,ok,False,True,False,0
4857,2299502.872827812,2.987650721113307,0.029786516553722275,ok,False,True,False,0
4858,1996145.6997060422,2.904325713690212,0.026989899703411813,ok,False,True,False,0
4859,2041320.3246178988,2.9610066035478884,0.028429533506719895,ok,False,True,False,0
4860,1882190.241073924,2.9836444111107454,0.09203188431668802,ok,False,True,False,0
4861,2051600.3633564448,2.9886989716504995,0.020526870462039437,ok,False,True,False,0
4862,1992228.6528813234,2.9960014155588555,0.03256006557536245,ok,False,True,False,0
4863,1993003.0228865526,2.9628445725627377,0.028433251476765786,ok,False,True,False,0
4864,2007133.785421035,2.9204873830303804,0.025841336295744366,ok,False,True,False,0
4865,2966986.8764798436,2.997242918832945,0.045195792020401915,ok,False,True,False,0
4866,1991880.9553775077,2.880983856831267,0.023807563350395466,ok,False,True,False,0
4867,5527884.208940795,2.891087316026033,0.08439079458783894,ok,False,True,False,0
4868,1929608.8976257143,2.8851189163956583,0.05259023911004279,ok,False,True,False,0
4869,1991879.6657892007,2.9230293805562364,0.015021757330246521,ok,False,True,False,0
4870,2379884.19934718,2.6798247429493136,0.02565306564050951,ok,False,True,False,0
4871,1992158.6764277508,2.938086832982666,0.0329866890641658,ok,False,True,False,0
4872,2258345.316993565,2.9558276015891654,0.024641134343710014,ok,False,True,False,0
4873,1994408.8124552441,2.8557070215688753,0.02338910544705866,ok,False,True,False,0
4874,1967134.0114109828,2.7923429589750928,0.032113024621390984,ok,False,True,False,0
4875,1916035.0780503256,2.9981779324830042,0.05786956050908282,ok,False,True,False,0
4876,2050926.90169869,2.9750644088298044,0.03840204649505097,ok,False,True,False,0
4877,1996028.0287498059,2.9785655126528994,0.034606327237962864,ok,False,True,False,0
4878,3073736.8956019934,2.9695705570926982,0.04631004854625573,ok,False,True,False,0
4879,1929608.8976257143,2.86143763709317,0.05333438472357088,ok,False,True,False,0
4880,3618865.1250460595,2.8345012407874117,0.06303696066734776,ok,False,True,False,0
4881,3198864.9898474263,2.988704733052629,0.08693791113497829,ok,False,True,False,0
4882,2645860.4701022943,2.9492818833282173,0.03709747211952785,ok,False,True,False,0
4883,5151104.4367092075,2.9945451358423227,0.06368282833961958,ok,False,True,False,0
4884,2125797.7622853024,2.9950682968980544,0.03776304740604003,ok,False,True,False,0
4885,2517730.1080101966,2.764515606797727,0.043739531869648296,ok,False,True,False,0
4886,1930402.9693967383,2.944672196627856,0.05641689564748009,ok,False,True,False,0
4887,2117964.0754916593,2.8116670437685602,0.03934004797980771,ok,False,True,False,0
4888,1929608.8976257143,2.9660976117462114,0.06197765904244433,ok,False,True,False,0
4889,2839874.736473537,2.7550126264018733,0.03304392015734303,ok,False,True,False,0
4890,2963407.5619771727,2.7398885148401213,0.03168654931977355,ok,False,True,False,0
4891,2004649.6851097243,2.996093124038899,0.033757413886783605,ok,False,True,False,0
4892,3936156.941828507,2.987874706172268,0.037569567277264126,ok,False,True,False,0
4893,1929608.8976257143,2.9893683105528757,0.05691086972152927,ok,False,True,False,0
4894,1837981.451569313,2.9669556350695596,0.12014117216568737,ok,False,True,False,0
4895,1882190.241073924,2.9763806504878136,0.08531346874721171,ok,False,True,False,0
4896,1858025.9090895548,2.9072110785627263,0.11707422868404933,ok,False,True,False,0
4897,3282667.191658561,2.8725037183742437,0.03363863464871453,ok,False,True,False,0
4898,1837981.451569313,2.913275724317879,0.12359959260283473,ok,False,True,False,0
4899,2321499.616141775,2.9936391278210333,0.02808220809095674,ok,False,True,False,0
4900,2620783.0324304947,2.9786359022931364,0.029060941248982952,ok,False,True,False,0
4901,1992256.9347085413,2.9344675692228184,0.051797989387178056,ok,False,True,False,0
4902,2002134.9867630957,2.9868871548561615,0.051525816301360716,ok,False,True,False,0
4903,1967134.0114109828,2.9051574105802573,0.037661866635624985,ok,False,True,False,0
4904,1930402.9693967383,2.9501756034303805,0.0708394057667049,ok,False,True,False,0
4905,2303942.0266206744,2.9111308972187446,0.024586303564267192,ok,False,True,False,0
4906,1991116.184416422,2.9426745721509064,0.025441203289712222,ok,False,True,False,0
4907,1994888.3806308205,2.9991930309219788,0.038606960905159915,ok,False,True,False,0
4908,2010902.102245646,2.921219048399834,0.02688960277707031,ok,False,True,False,0
4909,1994207.7812600073,2.998303658833084,0.024839954129221686,ok,False,True,False,0
4910,2014651.210636177,2.9744715046869548,0.04447097419817714,ok,False,True,False,0
4911,1967134.0114109828,2.9868354933463874,0.04465889330120043,ok,False,True,False,0
4912,2020463.4143250596,2.999496921300616,0.037362584153252325,ok,False,True,False,0
4913,2619844.278619392,2.900936684259629,0.036767303016539576,ok,False,True,False,0
4914,1967134.0114109828,2.9241784790462955,0.03255506407518627,ok,False,True,False,0
4915,1930402.9693967383,2.9530321888082334,0.060759394360335076,ok,False,True,False,0
4916,2249244.621167739,2.9258088107825975,0.03578799299959662,ok,False,True,False,0
4917,2008182.4068097603,2.923932557682857,0.020976866454538445,ok,False,True,False,0
4918,1998276.2835976083,2.997290034979373,0.03732276349420405,ok,False,True,False,0
4919,1995391.798609291,2.925587848017588,0.03088563933269839,ok,False,True,False,0
4920,1845431.27670268,2.9012289840145646,0.12109364428821043,ok,False,True,False,0
4921,1858025.9090895548,2.9313423239559704,0.0888633749447676,ok,False,True,False,0
4922,2534804.564365943,2.871627277991458,0.01759076625735226,ok,False,True,False,0
4923,2567062.789581165,2.997378507905662,0.052271114779254,ok,False,True,False,0
4924,1929608.8976257143,2.799201656694665,0.042055900963201706,ok,False,True,False,0
4925,1929608.8976257143,2.9952958167844854,0.05653072526751453,ok,False,True,False,0
4926,2442246.162290651,2.9934108310466483,0.04319776878889736,ok,False,True,False,0
4927,1967134.0114109828,2.9472891732146893,0.04430582802579586,ok,False,True,False,0
4928,1858025.9090895548,2.9795492986393883,0.09532721829832203,ok,False,True,False,0
4929,2588649.889916345,2.8382197269932345,0.04330316513096011,ok,False,True,False,0
4930,1967134.0114109828,2.972720539388098,0.03899988024856897,ok,False,True,False,0
4931,2758330.7054599687,2.994893994350514,0.06794663120593669,ok,False,True,False,0
4932,2892564.107443461,2.98943184787871,0.04544592428701322,ok,False,True,False,0
4933,2927587.6760934014,2.989286504259078,0.02570334799745322,ok,False,True,False,0
4934,1967134.0114109828,2.9833709497375582,0.04992084477183911,ok,False,True,False,0
4935,2509643.171309324,2.8451247416718823,0.021206012093199236,ok,False,True,False,0
4936,1967134.0114109828,2.861225273709266,0.029233861910127223,ok,False,True,False,0
4937,2515999.645861483,2.9502753662893673,0.03226647415536821,ok,False,True,False,0
4938,1967134.0114109828,2.9139900375760526,0.04206673465657751,ok,False,True,False,0
4939,1996007.2393439824,2.8989241071974114,0.02193035579375935,ok,False,True,False,0
4940,2006810.5245058162,2.826580310843939,0.03660359962203963,ok,False,True,False,0
4941,2160421.9545658603,2.912039888731527,0.027398685038591497,ok,False,True,False,0
4942,3030124.122964085,2.860030518603436,0.049808120360819386,ok,False,True,False,0
4943,1929608.8976257143,2.96228324387069,0.056794228112865656,ok,False,True,False,0
4944,3735822.5916697504,2.8821772901075695,0.04375219345153508,ok,False,True,False,0
4945,1845431.27670268,2.9856636369422525,0.12829287976259987,ok,False,True,False,0
4946,2240166.966018145,2.9284140840733337,0.02092508226433215,ok,False,True,False,0
4947,2027066.0539165349,2.9937358867082224,0.05277391232341927,ok,False,True,False,0
4948,1929608.8976257143,2.9857227767962806,0.05924545760147931,ok,False,True,False,0
4949,2543896.90734756,2.8080796897495217,0.027366861892520022,ok,False,True,False,0
4950,2896949.1581147807,2.998526078825023,0.02564654036691516,ok,False,True,False,0
4951,1967134.0114109828,2.877131454588161,0.03544457356350317,ok,False,True,False,0
4952,2748601.1954822913,2.9975335332294524,0.0569142615268613,ok,False,True,False,0
4953,1967134.0114109828,2.9832585456963887,0.06870513914625764,ok,False,True,False,0
4954,2163751.5484742834,2.9977716430638215,0.041451796641686744,ok,False,True,False,0
4955,4048270.13818095,2.991711048395447,0.07258918109876111,ok,False,True,False,0
4956,1929608.8976257143,2.9692936093750184,0.06714005197290637,ok,False,True,False,0
4957,3065851.293496902,2.6978854896633417,0.03276040422549176,ok,False,True,False,0
4958,1882190.241073924,2.9797606357721094,0.10413005520146934,ok,False,True,False,0
4959,2043390.7589915271,2.9909640873934205,0.02043030456609546,ok,False,True,False,0
4960,2009849.0485566042,2.9382135577387736,0.029526331160624864,ok,False,True,False,0
4961,1992289.4712337248,2.9921668047788836,0.03201088151958398,ok,False,True,False,0
4962,1967134.0114109828,2.984841270672229,0.05639211414359996,ok,False,True,False,0
4963,2279625.215605809,2.9942991850476517,0.03285591502454677,ok,False,True,False,0
4964,2185140.055241778,2.912405920699089,0.03086326409962864,ok,False,True,False,0
4965,2163486.8498519934,2.7471798234769844,0.03989767173476033,ok,False,True,False,0
4966,2998128.057805736,2.8686114946615047,0.034991267568904916,ok,False,True,False,0
4967,2044622.1574945883,2.9884401543249366,0.043979538210841274,ok,False,True,False,0
4968,2843505.799699267,2.9928174282353526,0.0502279783840861,ok,False,True,False,0
4969,1882190.241073924,2.9565942580046176,0.09002823614560294,ok,False,True,False,0
4970,1929608.8976257143,2.987416160908677,0.05227361364499117,ok,False,True,False,0
4971,5801956.176440518,2.8306681618252627,0.09671187481542637,ok,False,True,False,0
4972,2335378.173302624,2.864951067395682,0.028035964870716967,ok,False,True,False,0
4973,2029743.433267404,2.8004382757062167,0.020050908067831164,ok,False,True,False,0
4974,2350720.1719009997,2.940493662250332,0.034828571288194,ok,False,True,False,0
4975,2004535.9669767364,2.9539077813240944,0.03391940497480361,ok,False,True,False,0
4976,1772628.0364931144,2.942191754598398,0.15958299377304563,ok,False,True,False,0
4977,1967134.0114109828,2.8645662855711027,0.02254916293336895,ok,False,True,False,0
4978,2330975.1617973372,2.9257152538524354,0.02586560026794893,ok,False,True,False,0
4979,1882190.241073924,2.9868939176783056,0.09455181752798705,ok,False,True,False,0
4980,2076373.2464933875,2.9962794537571553,0.0372627584136111,ok,False,True,False,0
4981,1931638.1737178247,2.997563726902846,0.06306931270138197,ok,False,True,False,0
4982,1929608.8976257143,2.94711808187554,0.06200799682548974,ok,False,True,False,0
4983,1994248.8509077674,2.9962199543224095,0.05142776230713758,ok,False,True,False,0
4984,1845431.27670268,2.8728434897601884,0.1242933979104739,ok,False,True,False,0
4985,2116985.776290835,2.9970998029803395,0.029403313077449394,ok,False,True,False,0
4986,2837739.953087591,2.9988088716301506,0.029290620222419128,ok,False,True,False,0
4987,1993561.6296464042,2.944783174732051,0.029099502147533984,ok,False,True,False,0
4988,2156199.595093645,2.8270735320989973,0.023654699465582296,ok,False,True,False,0
4989,1858025.9090895548,2.9712520708818277,0.11323338364684342,ok,False,True,False,0
4990,1991435.184719772,2.9853560974816036,0.03274150878656723,ok,False,True,False,0
4991,2591094.280054416,2.998898125270911,0.018434186804932917,ok,False,True,False,0
4992,1967134.0114109828,2.9658168572772543,0.03753105849638801,ok,False,True,False,0
4993,4435023.216605562,2.9797163496901184,0.08293055676548144,ok,False,True,False,0
4994,1929608.8976257143,2.9510222579217813,0.04147202234974386,ok,False,True,False,0
4995,1858025.9090895548,2.985788283222159,0.09934432983789238,ok,False,True,False,0
4996,1967134.0114109828,2.8540721554769464,0.04500349974433071,ok,False,True,False,0
4997,2022223.1625122605,2.9972131971493985,0.01772583003356662,ok,False,True,False,0
4998,1967134.0114109828,2.9407716233202374,0.05720651368510496,ok,False,True,False,0
4999,2020140.326381516,2.9964937618201164,0.03178427015283147,ok,False,True,False,0
5000,1999480.4319786727,2.997460058481779,0.043600932816647064,ok,False,True,False,0
