replicate,xmin,alpha,distance,status,fit_noise_flag,pl_in_range,pl_noise_flag,exceeds_observed
1,3588766.8389865714,5.439642120909829,0.1357947749037789,ok,False,True,False,1
2,2090177.9550635067,3.5194910281924225,0.14123055119121797,ok,False,True,False,1
3,3595577.0097561763,8.569043979514907,0.15118590352962247,ok,False,True,False,1
4,3598758.3947657365,4.779513662131306,0.11921179490455591,ok,False,True,False,0
5,2954199.321293613,3.9577061196579697,0.1040858273075369,ok,False,True,False,0
6,3636308.04949601,5.049403334485277,0.06430459929026389,ok,False,True,False,0
7,2342560.331742774,3.549867977949534,0.11175877280988902,ok,False,True,False,0
8,3603049.487782485,5.4056312442048196,0.10350176843169823,ok,False,True,False,0
9,3965752.6868089847,6.236531520054279,0.14828462245058555,ok,False,True,False,1
10,3655839.2553662155,4.081315959681236,0.11257478456687309,ok,False,True,False,0
11,3664534.704701349,6.996714705588318,0.11509210222896488,ok,False,True,False,0
12,3907608.3169388603,8.393986335116367,0.08852863577304637,ok,False,True,False,0
13,3701938.8037196137,6.934743210364759,0.06903192484533305,ok,False,True,False,0
14,4182244.4827699517,11.478512808311843,0.12684487763286068,ok,False,True,False,0
15,2349511.4431106183,3.7059497814713653,0.06829023360573894,ok,False,True,False,0
16,2267725.2931199414,3.5432585062456927,0.08462389622035915,ok,False,True,False,0
17,4095997.122820032,11.373285646885329,0.08354044083144213,ok,False,True,False,0
18,4290054.266374938,6.955955581531767,0.11095746293426867,ok,False,True,False,0
19,3690009.0446870746,4.944333267948574,0.13130565513933012,ok,False,True,False,0
20,3669474.643694262,6.0178508898282,0.1050544852811458,ok,False,True,False,0
21,2342560.331742774,4.0368199820186454,0.13686047806343965,ok,False,True,False,1
22,3992266.752814281,11.195020997862834,0.17144331883821173,ok,False,True,False,1
23,4151541.7479857546,5.467358382631058,0.11785570422802356,ok,False,True,False,0
24,2267725.2931199414,3.691011121738863,0.12387296575843004,ok,False,True,False,0
25,3731839.843906392,4.709320419251669,0.14507009854740982,ok,False,True,False,1
26,2267725.2931199414,3.8857112473108715,0.1258245559997948,ok,False,True,False,0
27,2142731.076122388,3.1430139335893896,0.13625325520472897,ok,False,True,False,1
28,3905418.960541027,6.761363662164433,0.14693192679889938,ok,False,True,False,1
29,4085208.6067200894,9.30252617126882,0.10910840379783843,ok,False,True,False,0
30,3718774.396583921,5.137115633324233,0.11421266765935195,ok,False,True,False,0
31,3636203.897973974,8.05219150356411,0.0805453453503352,ok,False,True,False,0
32,3590055.2082297592,6.57524734087511,0.13633116994903183,ok,False,True,False,1
33,3739711.299263134,6.332704927671452,0.10386645830858665,ok,False,True,False,0
34,2349511.4431106183,3.5846465723486305,0.10477213359946089,ok,False,True,False,0
35,2342560.331742774,3.5717078613956716,0.11688941221316451,ok,False,True,False,0
36,3645631.7540262025,5.03539228281581,0.10260846031334125,ok,False,True,False,0
37,3665624.37532549,4.688982094628029,0.10955124548396167,ok,False,True,False,0
38,3603240.8561908156,5.017758510653363,0.0952115892174884,ok,False,True,False,0
39,2342560.331742774,4.026504974426012,0.09152578686382273,ok,False,True,False,0
40,3776039.99507255,12.949523204976533,0.1485639149574267,ok,False,True,False,1
41,4094947.5463933074,7.414175062143333,0.08502793499976673,ok,False,True,False,0
42,3593672.0492454823,6.246174775280304,0.10624093096403442,ok,False,True,False,0
43,3701192.576124178,3.994160908794022,0.10431921503521419,ok,False,True,False,0
44,2267725.2931199414,4.190459876562739,0.12668039106623052,ok,False,True,False,0
45,2581618.0750895645,4.034802326189954,0.08947638001003677,ok,False,True,False,0
46,3592541.3248592033,4.643725308280425,0.13306425437428626,ok,False,True,False,0
47,3726967.468904833,7.785458985675351,0.0786707561841199,ok,False,True,False,0
48,4151941.267286135,4.022796539730007,0.11751030763390924,ok,False,True,False,0
49,3849583.362864351,7.319924211073144,0.11238614561533722,ok,False,True,False,0
50,3613943.816733584,6.74349089255984,0.14220662441398735,ok,False,True,False,1
51,3980406.5714210556,6.610259512988256,0.11130938740633267,ok,False,True,False,0
52,2349511.4431106183,3.7508296196329756,0.12434709268712682,ok,False,True,False,0
53,3856117.9585635695,6.682009390794736,0.16249715602540024,ok,False,True,False,1
54,3651623.5312980516,7.150833375601117,0.13132144429127834,ok,False,True,False,0
55,2342560.331742774,3.9638381600612513,0.11451717170507758,ok,False,True,False,0
56,3875741.995707295,4.080448584731512,0.12054858163262283,ok,False,True,False,0
57,2980790.490822688,4.2348955603767955,0.09926231022204152,ok,False,True,False,0
58,3603011.7695824634,5.001395034303039,0.07601121866912408,ok,False,True,False,0
59,4981565.133431873,13.832928245470253,0.1516797155087134,ok,False,True,False,1
60,3793821.427925517,7.953077697148141,0.08941670353464305,ok,False,True,False,0
61,3794507.292993241,9.22546649727422,0.06600398280680478,ok,False,True,False,0
62,3806652.3902839157,4.521946743348423,0.09640424562624401,ok,False,True,False,0
63,4072865.8521753433,15.196638741481175,0.08707410996857827,ok,False,True,False,0
64,3770929.3450841485,6.755661010739602,0.10510901981623022,ok,False,True,False,0
65,4196371.21030032,7.558100638697066,0.10339121808581553,ok,False,True,False,0
66,2090177.9550635067,2.8344726202303283,0.11993014342602445,ok,False,True,False,0
67,3280705.556872033,5.475385343034265,0.11257780921503632,ok,False,True,False,0
68,3588822.8641585754,7.587070182099338,0.07922937356994653,ok,False,True,False,0
69,2342560.331742774,3.5843006984693404,0.08486787578218657,ok,False,True,False,0
70,5395853.779018234,8.007441428629324,0.11277565190792843,ok,False,True,False,0
71,3685941.8403494773,4.473596634447397,0.07669508409033976,ok,False,True,False,0
72,2342560.331742774,3.2846281549920864,0.09879978553831281,ok,False,True,False,0
73,2581618.0750895645,3.492454131232478,0.06842871017356167,ok,False,True,False,0
74,3618429.678279704,5.769826367493525,0.0855169103467685,ok,False,True,False,0
75,2267725.2931199414,3.509159966458849,0.12727394465755615,ok,False,True,False,0
76,3764048.403407201,5.873293004861167,0.13037684403844974,ok,False,True,False,0
77,4057195.594887092,7.506695223311363,0.12184999410209352,ok,False,True,False,0
78,3654453.0837292615,19.118391508264708,0.1353411538714413,ok,False,True,False,0
79,3607208.043294455,6.37208848141055,0.09313164014504449,ok,False,True,False,0
80,3603234.343881644,4.569289335591962,0.07930780828730699,ok,False,True,False,0
81,3611475.7163536088,7.0941222757664715,0.11647264247569228,ok,False,True,False,0
82,4867091.534420765,5.6945610216149944,0.09797308442669839,ok,False,True,False,0
83,5560165.95305106,9.052182058839788,0.13066789091066844,ok,False,True,False,0
84,3617874.2294985675,5.435172321982311,0.12570582850785722,ok,False,True,False,0
85,4840667.699538042,9.029484596144412,0.11312300441628542,ok,False,True,False,0
86,3590809.721564273,5.871132275945225,0.0828983866551829,ok,False,True,False,0
87,2267725.2931199414,3.402091927238801,0.1262527330470884,ok,False,True,False,0
88,4458612.820416249,8.40723667080847,0.13382819182368227,ok,False,True,False,0
89,3654557.8516435074,5.079441628468526,0.13782131619755417,ok,False,True,False,1
90,4176622.2316839355,3.912402443181304,0.08856186063778604,ok,False,True,False,0
91,4030498.4491827204,4.527894457507541,0.08716610911465905,ok,False,True,False,0
92,3685201.404754909,5.102851014679323,0.12883265500043856,ok,False,True,False,0
93,2267725.2931199414,3.547534743321117,0.12946846611095286,ok,False,True,False,0
94,3643033.476861478,6.05507013003583,0.0889682132498667,ok,False,True,False,0
95,4442906.143468667,10.055238644666652,0.09950548063437503,ok,False,True,False,0
96,2773471.102127803,3.937039991938387,0.10562385248974687,ok,False,True,False,0
97,4384069.132394212,6.872621520781753,0.10511205079860608,ok,False,True,False,0
98,3605510.5503987605,5.617698155171964,0.13234336442757888,ok,False,True,False,0
99,3844920.898355623,8.555839153848769,0.08026146671531054,ok,False,True,False,0
100,3598996.4607768985,5.14868357403234,0.11266617646540711,ok,False,True,False,0
101,4140793.7182001173,11.03516048323272,0.15095518479093695,ok,False,True,False,1
102,3588532.3836172074,7.313889924679601,0.15152677330194142,ok,False,True,False,1
103,3605033.9273666004,6.197610490119786,0.12049050451157328,ok,False,True,False,0
104,4482509.182448193,4.7194709466401115,0.1018178572522297,ok,False,True,False,0
105,3622329.8264665217,6.622710574794025,0.12433914385768724,ok,False,True,False,0
106,5570406.503219504,6.776040410184672,0.10624008675963797,ok,False,True,False,0
107,3991582.3836421873,6.789670220859257,0.10297786093359568,ok,False,True,False,0
108,3597499.5643968233,9.250976628512674,0.08355547988950418,ok,False,True,False,0
109,3606977.7289681653,6.4474912427609485,0.12921234615940796,ok,False,True,False,0
110,2581618.0750895645,3.737089127369651,0.14169449648649463,ok,False,True,False,1
111,3626226.0019431096,9.858992468576176,0.13569186849646497,ok,False,True,False,1
112,4259008.508500264,7.8642805712722685,0.10438659792239235,ok,False,True,False,0
113,3641220.68737896,5.450966733457887,0.12576394781114308,ok,False,True,False,0
114,2267725.2931199414,3.6878531778431967,0.13563623536215602,ok,False,True,False,1
115,3608600.1732979366,5.599367329899094,0.14237801469738393,ok,False,True,False,1
116,2267725.2931199414,4.662805606956214,0.1203974188827176,ok,False,True,False,0
117,3686555.006985979,4.2244144558193755,0.14215813352766815,ok,False,True,False,1
118,3603038.783705368,6.944022440606425,0.13008836933608303,ok,False,True,False,0
119,3586124.763947352,5.2604582894000105,0.1324434818068474,ok,False,True,False,0
120,4237690.9054954685,6.418191479499691,0.07529782831079501,ok,False,True,False,0
121,2342560.331742774,3.7098790721083867,0.12867265552491425,ok,False,True,False,0
122,3610586.158169282,6.534525719286988,0.08621166224273147,ok,False,True,False,0
123,2609060.086809957,3.557545130154657,0.1282911340229056,ok,False,True,False,0
124,2090177.9550635067,3.4826101131873095,0.12182122558015773,ok,False,True,False,0
125,3680404.57604803,5.266941650996786,0.15158324636532683,ok,False,True,False,1
126,3612375.9323438606,7.361731044673598,0.07163300612259849,ok,False,True,False,0
127,2267725.2931199414,3.5617282785642095,0.1651585855793649,ok,False,True,False,1
128,3596156.941238434,6.536320211751306,0.0629657426445116,ok,False,True,False,0
129,3754262.4712323262,8.252278808644741,0.12521269124377277,ok,False,True,False,0
130,3744417.445852732,4.4818583453842775,0.11730593234187714,ok,False,True,False,0
131,4023192.710475416,7.065108736862228,0.10913096689908142,ok,False,True,False,0
132,2142731.076122388,3.423401066427433,0.10063286457546461,ok,False,True,False,0
133,3825039.4295745417,6.625236393461211,0.09794859493773533,ok,False,True,False,0
134,3620223.2776982533,8.430087419435285,0.07504142964612215,ok,False,True,False,0
135,3598565.8838720196,5.155462269169936,0.09996397287661285,ok,False,True,False,0
136,3719435.010082365,5.54852308066343,0.1498307543116505,ok,False,True,False,1
137,4571040.74838525,14.233490226450058,0.12956950454041793,ok,False,True,False,0
138,4164282.4107809085,12.74595521756419,0.13408373217640535,ok,False,True,False,0
139,3586415.218971143,5.233236401177266,0.07571022737982347,ok,False,True,False,0
140,3822780.973146192,3.9856675694218846,0.10796492546507719,ok,False,True,False,0
141,4511027.163247758,6.949821569788122,0.1357097842624757,ok,False,True,False,1
142,4282935.626090932,5.1318967033214475,0.13589244863203756,ok,False,True,False,1
143,3158053.491710955,4.226807196478939,0.12906169926685657,ok,False,True,False,0
144,3261364.380769941,4.498501366355425,0.11779466134534827,ok,False,True,False,0
145,3620252.962829443,6.343725886592183,0.07706297124142869,ok,False,True,False,0
146,3590570.8574093687,6.918022680843623,0.1061900183543405,ok,False,True,False,0
147,3707391.1882275734,7.34831266949171,0.11482059418581347,ok,False,True,False,0
148,3669116.226132295,5.163981722879207,0.08689434248797157,ok,False,True,False,0
149,4282790.810405909,5.358014580834969,0.10130632193741712,ok,False,True,False,0
150,3624942.4665163546,5.575311343716356,0.10150879925289635,ok,False,True,False,0
151,3618531.307513828,4.5948653013537974,0.07689802390025857,ok,False,True,False,0
152,3733396.4024063544,6.750784735597051,0.1324548992657083,ok,False,True,False,0
153,3633553.786782697,5.295299868882309,0.0672817099981507,ok,False,True,False,0
154,2267725.2931199414,3.466126987497289,0.13390487517293864,ok,False,True,False,0
155,4033193.5830327123,8.568275592777244,0.08940997538108775,ok,False,True,False,0
156,3624992.1165376217,5.82047559664236,0.12870036783952077,ok,False,True,False,0
157,4481149.207062067,7.275865773000259,0.07426015003446462,ok,False,True,False,0
158,4326863.401940334,8.598462357276635,0.1051264791772725,ok,False,True,False,0
159,3599751.0645315326,5.60502765642805,0.11749513813338952,ok,False,True,False,0
160,4768977.879018678,6.694598402096359,0.08734754635832664,ok,False,True,False,0
161,3612900.3188445875,11.489027762839187,0.13903241502800923,ok,False,True,False,1
162,3601486.1518436023,7.641322845654962,0.11279612786484117,ok,False,True,False,0
163,3705520.8467984693,4.496505443312374,0.09779932053929843,ok,False,True,False,0
164,3619593.9926212793,5.286618737389628,0.089852054249897,ok,False,True,False,0
165,4330632.081776122,11.024692683675651,0.13272088462950016,ok,False,True,False,0
166,3606082.0980464234,8.738851606155105,0.09033792186198675,ok,False,True,False,0
167,3826067.986116023,5.1902372763193965,0.1274678256327716,ok,False,True,False,0
168,2267725.2931199414,3.797794416479306,0.11002850579497181,ok,False,True,False,0
169,2267725.2931199414,3.4080314061465224,0.11717216393909069,ok,False,True,False,0
170,4069015.6471888414,7.01572116686184,0.08328046493918484,ok,False,True,False,0
171,3594322.5890717837,8.153093514597234,0.1249150856650067,ok,False,True,False,0
172,2342560.331742774,3.984395539193455,0.10831281838510631,ok,False,True,False,0
173,3727376.1658661715,6.250833086698868,0.08338870835641332,ok,False,True,False,0
174,2349511.4431106183,3.9253953812062043,0.09115670581543867,ok,False,True,False,0
175,3613965.9563393733,4.592731079328548,0.08136541591314816,ok,False,True,False,0
176,3653940.8993668947,4.735238441189819,0.11263716154900183,ok,False,True,False,0
177,4210426.536299755,4.130188236195549,0.12130244824249359,ok,False,True,False,0
178,3804703.116523665,5.032524507257366,0.14266525212408387,ok,False,True,False,1
179,3637904.4181641233,5.880794441675847,0.08280170817210375,ok,False,True,False,0
180,3631072.18483851,8.229224860730675,0.09375188539049817,ok,False,True,False,0
181,3654451.881881406,6.421692610583979,0.11333001939597509,ok,False,True,False,0
182,4001326.727654848,4.563907144630248,0.09858170319109433,ok,False,True,False,0
183,3616119.404928945,7.801880230006517,0.10760158017248211,ok,False,True,False,0
184,2267725.2931199414,3.44039867957799,0.12968400964336058,ok,False,True,False,0
185,3261364.380769941,4.994729165319631,0.15283210976257283,ok,False,True,False,1
186,3668987.2412965763,5.597663039982595,0.13590928657011825,ok,False,True,False,1
187,4065417.975604469,5.049637701975564,0.0717249284446908,ok,False,True,False,0
188,3588970.070039264,6.060986585389348,0.1368875663291828,ok,False,True,False,1
189,3626709.6085756044,4.715574873702706,0.12238305296868035,ok,False,True,False,0
190,3600354.368569891,3.7956227109566476,0.11541491833200868,ok,False,True,False,0
191,3601884.9167133877,4.3177515210307895,0.08068994144954134,ok,False,True,False,0
192,3605891.125214167,5.717822865595285,0.1452222298463307,ok,False,True,False,1
193,2142731.076122388,3.5731082314956906,0.16664775236804275,ok,False,True,False,1
194,3599389.798732387,7.10799968585839,0.1276613362428914,ok,False,True,False,0
195,3615107.661896481,5.747626290913296,0.1519658716007054,ok,False,True,False,1
196,3613238.9076314587,7.178580530272903,0.09770025522717973,ok,False,True,False,0
197,3745088.834062747,7.718042408892422,0.08459021916685383,ok,False,True,False,0
198,2342560.331742774,3.886892341900158,0.13258766856862497,ok,False,True,False,0
199,2342560.331742774,3.8566222560030674,0.13953757578004566,ok,False,True,False,1
200,2267725.2931199414,3.602520866932287,0.13675642370065444,ok,False,True,False,1
201,2628545.67143199,4.013441822278105,0.10661325279429668,ok,False,True,False,0
202,2090177.9550635067,3.597245397476709,0.13548438343966773,ok,False,True,False,1
203,3607729.511815731,5.96794150496193,0.07688871490458782,ok,False,True,False,0
204,2349511.4431106183,3.6315921695275932,0.0997203511140734,ok,False,True,False,0
205,3586011.9325127816,4.378555890120197,0.10531430393637409,ok,False,True,False,0
206,3929873.9889428425,6.135102263831326,0.14840901901180292,ok,False,True,False,1
207,3597029.129498055,7.370400524019971,0.15853434698009694,ok,False,True,False,1
208,2628545.67143199,4.095561506243699,0.12308446426892317,ok,False,True,False,0
209,2342560.331742774,4.043595710324647,0.16123871855734784,ok,False,True,False,1
210,4166285.6167021114,6.309692075084266,0.10553854085875258,ok,False,True,False,0
211,3590811.7758312207,7.059563479145671,0.08838818039464386,ok,False,True,False,0
212,2581618.0750895645,3.8295135470539474,0.1006295600284326,ok,False,True,False,0
213,3624058.813816242,7.040263856448288,0.08730483873695039,ok,False,True,False,0
214,4129990.5488052927,4.919870591653337,0.103109657948326,ok,False,True,False,0
215,3588652.2969868123,8.397635402529914,0.14766979892475762,ok,False,True,False,1
216,3600054.600335042,8.131208530066322,0.11859540231077936,ok,False,True,False,0
217,2342560.331742774,3.702563075213739,0.12947134436129448,ok,False,True,False,0
218,2090177.9550635067,3.3516392953280216,0.13127516712121057,ok,False,True,False,0
219,3634702.3179675676,6.291905930176227,0.09515318381368054,ok,False,True,False,0
220,3775246.1129139485,8.797057993302776,0.12835081968984902,ok,False,True,False,0
221,4012187.5771833183,6.309777749562678,0.08817122906803279,ok,False,True,False,0
222,3901779.3447195212,7.255953560252115,0.10986065483075402,ok,False,True,False,0
223,3712291.618254557,5.850643136867705,0.10267389952606265,ok,False,True,False,0
224,2581618.0750895645,4.417552193880695,0.09271063535322754,ok,False,True,False,0
225,3598149.6076543997,5.214130839189841,0.08171344875633157,ok,False,True,False,0
226,2349511.4431106183,3.839552828376258,0.11725795629036861,ok,False,True,False,0
227,3627203.877210407,5.257988412842228,0.0883951722775761,ok,False,True,False,0
228,3664162.851130853,5.461367492054324,0.10075498937942107,ok,False,True,False,0
229,3603016.7339015077,5.0046390288724165,0.0623286075951317,ok,False,True,False,0
230,3619662.5275988155,8.17864435948957,0.08976547177723748,ok,False,True,False,0
231,3648465.818608284,6.003886159970841,0.0930169597610292,ok,False,True,False,0
232,3928785.976553011,3.9946964362469664,0.09653821544788965,ok,False,True,False,0
233,3627971.679903922,5.361021451035823,0.08648415999325598,ok,False,True,False,0
234,2628545.67143199,4.068905418833584,0.11302753957895761,ok,False,True,False,0
235,4349423.48232763,5.807969317016994,0.12285674589101991,ok,False,True,False,0
236,3876591.934645119,6.1163155730362115,0.12372647950611737,ok,False,True,False,0
237,3981260.3906878084,6.416784037257557,0.14623596821172996,ok,False,True,False,1
238,2267725.2931199414,3.2610856538249515,0.1117569948760384,ok,False,True,False,0
239,3693473.8229604927,7.439618978706976,0.08934699515799532,ok,False,True,False,0
240,3261364.380769941,4.760888452293798,0.10844254047487623,ok,False,True,False,0
241,3612058.798054718,5.811328222653455,0.07011261944752284,ok,False,True,False,0
242,3591909.9964284305,5.859894294767304,0.06379224301706654,ok,False,True,False,0
243,3997479.782837919,7.034921923417628,0.0981335777615216,ok,False,True,False,0
244,3158053.491710955,4.78608718259151,0.11601140805335108,ok,False,True,False,0
245,2267725.2931199414,3.8354630819770286,0.09653809445584993,ok,False,True,False,0
246,3680671.8293491877,10.19625744117217,0.15508219282987196,ok,False,True,False,1
247,3649895.08616757,7.19710479588425,0.07340430739367032,ok,False,True,False,0
248,3594884.039041847,6.496765661622388,0.11696519076283474,ok,False,True,False,0
249,2786813.40424396,3.784599888633356,0.11770071290364031,ok,False,True,False,0
250,3894661.456203823,7.6277950663766045,0.08894809519436456,ok,False,True,False,0
251,3712835.5213682605,5.275648933360446,0.13976526576441245,ok,False,True,False,1
252,2349511.4431106183,4.056949110669633,0.12218270375486451,ok,False,True,False,0
253,3602011.004089367,5.790077632061415,0.13599235602546023,ok,False,True,False,1
254,2609060.086809957,3.9015967527950237,0.08380237960319814,ok,False,True,False,0
255,3632983.7315815496,5.915550886107447,0.1255504490065451,ok,False,True,False,0
256,4283025.725665689,6.81896053321113,0.09800046136102458,ok,False,True,False,0
257,2581618.0750895645,4.461027984912992,0.12286011426235421,ok,False,True,False,0
258,3594020.3701433023,5.322368556509421,0.11167903094738019,ok,False,True,False,0
259,3653440.978310277,5.6538380411876,0.08420796665651442,ok,False,True,False,0
260,3636161.8048530887,4.257147945427173,0.12467499079697542,ok,False,True,False,0
261,2267725.2931199414,3.37567125059034,0.1389084301317478,ok,False,True,False,1
262,3821508.1342472243,6.967522586485565,0.11385122548007431,ok,False,True,False,0
263,2267725.2931199414,3.6788701457095137,0.09994933533789951,ok,False,True,False,0
264,2678205.374785724,4.5037999624965295,0.11609562901092257,ok,False,True,False,0
265,3657556.870521127,6.910544436690504,0.12524091892490424,ok,False,True,False,0
266,4226289.642409601,3.4720157317046443,0.14186326251990977,ok,False,True,False,1
267,2142731.076122388,3.413870294418134,0.15129849708047938,ok,False,True,False,1
268,4769675.76567774,16.536100349442293,0.10552903115270085,ok,False,True,False,0
269,4356216.758034176,8.364941769744831,0.0873015741907478,ok,False,True,False,0
270,2267725.2931199414,4.157869188252323,0.13479930533544837,ok,False,True,False,0
271,2267725.2931199414,3.6984092463167153,0.10366768557413719,ok,False,True,False,0
272,3589189.384352302,5.3710304676063885,0.07612606977587255,ok,False,True,False,0
273,4318599.38251403,4.3523867395990194,0.10870230055433316,ok,False,True,False,0
274,3603338.835382294,7.126095926635545,0.07568213110889264,ok,False,True,False,0
275,2628545.67143199,4.261826906101353,0.15043445531643995,ok,False,True,False,1
276,3591924.8279970507,5.3321983182314066,0.10435947113281507,ok,False,True,False,0
277,3158053.491710955,4.060714992814773,0.08590106609348691,ok,False,True,False,0
278,2581618.0750895645,4.092981960509743,0.15594982919780903,ok,False,True,False,1
279,2142731.076122388,3.320380328499895,0.1253520352812153,ok,False,True,False,0
280,2142731.076122388,3.3230993015288353,0.1454235411883402,ok,False,True,False,1
281,3616095.396609026,7.491764126061848,0.06548765056793449,ok,False,True,False,0
282,2581618.0750895645,3.9299315575472415,0.09837185526471193,ok,False,True,False,0
283,2954199.321293613,4.41180502231922,0.09058466223535655,ok,False,True,False,0
284,3610444.092716102,4.837585444060295,0.09208973973327428,ok,False,True,False,0
285,3615677.161504348,6.278542197345001,0.1698745543988739,ok,False,True,False,1
286,3831626.509675997,5.854939953402884,0.11106276016509678,ok,False,True,False,0
287,3799471.3943643314,8.259025149729073,0.08896186531245887,ok,False,True,False,0
288,4135888.7898310944,9.01404217307731,0.1521515535941534,ok,False,True,False,1
289,3957642.9548438364,8.086156347058878,0.0920803061289037,ok,False,True,False,0
290,3765796.293814329,5.5935882538215465,0.13342566395993904,ok,False,True,False,0
291,3617297.9094859674,4.724761153393404,0.061225805109479,ok,False,True,False,0
292,2267725.2931199414,3.3670760259516754,0.12321735412638057,ok,False,True,False,0
293,3642079.9026570986,7.013045033159896,0.10311768398713062,ok,False,True,False,0
294,4037348.4419423714,8.942847339033461,0.11654772337296115,ok,False,True,False,0
295,3738458.225064198,6.733345387201688,0.1316238254554706,ok,False,True,False,0
296,3686567.696539881,4.727079807274677,0.07440968423363026,ok,False,True,False,0
297,4124250.0537042595,5.235978621052478,0.0790086509825112,ok,False,True,False,0
298,3706637.8260227833,5.204802970043843,0.11574772806847017,ok,False,True,False,0
299,3689343.3555936343,5.921986595608844,0.0993458384660949,ok,False,True,False,0
300,2267725.2931199414,4.047260949777476,0.13122777904437935,ok,False,True,False,0
301,3739855.3961534835,4.816012914628368,0.09234764420527958,ok,False,True,False,0
302,4390872.249767879,8.965184872441212,0.10739462502136154,ok,False,True,False,0
303,4262419.697054491,7.717756423416006,0.08238208791023449,ok,False,True,False,0
304,3608844.670242413,5.064204162318465,0.12407396763091683,ok,False,True,False,0
305,3261364.380769941,5.162042027185788,0.11281845118561945,ok,False,True,False,0
306,3614009.1661836286,5.680745097999046,0.08245759769444516,ok,False,True,False,0
307,3815768.068038544,6.479323468705327,0.11230943123024084,ok,False,True,False,0
308,4725077.06056445,4.800726486362075,0.09052249258535972,ok,False,True,False,0
309,4040157.7074325182,5.850289980287611,0.10229675711576869,ok,False,True,False,0
310,3612643.0163245257,5.360477396536253,0.09911835035375985,ok,False,True,False,0
311,3612278.0415330897,4.719019106803557,0.10611520854919021,ok,False,True,False,0
312,4047414.3848205158,14.032509294050767,0.13189559723536481,ok,False,True,False,0
313,2416638.8374307705,3.766694639580104,0.11293534741008908,ok,False,True,False,0
314,4550066.718331999,13.737985039848297,0.08693480143935595,ok,False,True,False,0
315,3158053.491710955,6.056522149384621,0.12367421319478977,ok,False,True,False,0
316,2090177.9550635067,3.223382499774852,0.13663603298021432,ok,False,True,False,1
317,3828074.8134628497,3.758083395665965,0.09855416883761181,ok,False,True,False,0
318,3625226.360928048,7.006703597102285,0.07218914048441727,ok,False,True,False,0
319,3600378.1512814327,5.462144022126238,0.09547987652385648,ok,False,True,False,0
320,3606656.648990661,5.048677626588366,0.10294716779302449,ok,False,True,False,0
321,2267725.2931199414,3.321359802616977,0.13097887449641743,ok,False,True,False,0
322,3831906.1160297934,4.563032468673143,0.10385812831851826,ok,False,True,False,0
323,3685860.3819368067,6.086621144210368,0.10689617900385096,ok,False,True,False,0
324,2342560.331742774,3.340940812311809,0.11534842975540271,ok,False,True,False,0
325,3921111.450396389,6.72598691807209,0.10979794035286028,ok,False,True,False,0
326,4180730.813610257,4.864353161589069,0.13442900122271628,ok,False,True,False,0
327,2090177.9550635067,3.088113699298846,0.14390424289143156,ok,False,True,False,1
328,3647689.938666403,4.031829996315521,0.09110372111012821,ok,False,True,False,0
329,3626062.2637673696,6.110897328335217,0.09219598293033138,ok,False,True,False,0
330,2267725.2931199414,3.700618614564702,0.1260639602852981,ok,False,True,False,0
331,3603116.6409628782,5.171919909595114,0.11639617427409948,ok,False,True,False,0
332,3639261.918378059,7.874144759762708,0.0958070667054719,ok,False,True,False,0
333,4428870.419676454,8.070554538778772,0.1496111738545412,ok,False,True,False,1
334,2267725.2931199414,3.779621735165674,0.11741755132215906,ok,False,True,False,0
335,2349719.955294122,3.9562774243055157,0.07622236934275861,ok,False,True,False,0
336,3622598.143520042,3.513277420955131,0.07848440664417711,ok,False,True,False,0
337,3587181.038202744,5.850125910098253,0.11621385836010234,ok,False,True,False,0
338,3158053.491710955,5.089986956813175,0.11494595588555578,ok,False,True,False,0
339,3604839.1547807925,3.933045036455639,0.08473032356588872,ok,False,True,False,0
340,3590118.8726947685,5.20655562964227,0.12097069259972637,ok,False,True,False,0
341,4192487.213395162,10.5333952803084,0.08692637391687853,ok,False,True,False,0
342,2581618.0750895645,3.5852956835518803,0.1000867422791783,ok,False,True,False,0
343,4088363.2360042105,6.407838252310002,0.10385623348257178,ok,False,True,False,0
344,3676119.2604609607,6.416310644965878,0.1207017422533655,ok,False,True,False,0
345,3602204.442257267,6.415630152047078,0.1436519774337584,ok,False,True,False,1
346,3651761.7276209127,6.095967546247617,0.11864801054888996,ok,False,True,False,0
347,4240942.455955582,19.10458122593242,0.10049805435318881,ok,False,True,False,0
348,4034193.4773960696,8.985907984633338,0.10821458241207471,ok,False,True,False,0
349,4685075.524434857,14.82613763927663,0.13209114107059083,ok,False,True,False,0
350,3794388.073513594,5.497609863999431,0.0820609504957241,ok,False,True,False,0
351,3988453.1273085335,9.242093472742164,0.1327514630892681,ok,False,True,False,0
352,3623418.560249176,4.785203282733814,0.10008795381086605,ok,False,True,False,0
353,2349719.955294122,3.490714817493874,0.16662844502859797,ok,False,True,False,1
354,4156221.030780923,7.34720568407855,0.12333482591679079,ok,False,True,False,0
355,5023054.106167566,11.962386137241202,0.10830831032300525,ok,False,True,False,0
356,4171800.136196854,6.856690684359496,0.09139824474688474,ok,False,True,False,0
357,3878042.1999644497,9.390129955382411,0.13611773319759213,ok,False,True,False,1
358,2342560.331742774,4.044005268249661,0.1125882390477656,ok,False,True,False,0
359,4470540.547157198,7.925028807019372,0.15266543243034258,ok,False,True,False,1
360,4201389.698467658,6.307336667214146,0.10008317369652153,ok,False,True,False,0
361,3609619.6999726505,5.253431263749389,0.09117808539996708,ok,False,True,False,0
362,5295023.056660975,6.029343221552918,0.10508195968690665,ok,False,True,False,0
363,3617313.7162713557,4.793730692163287,0.09486074403557265,ok,False,True,False,0
364,2349511.4431106183,3.3476913922730427,0.12946048710466584,ok,False,True,False,0
365,2349719.955294122,3.669734343207513,0.11708831599232994,ok,False,True,False,0
366,2349511.4431106183,3.384594342214855,0.14580749889444655,ok,False,True,False,1
367,3643449.9844353194,7.872841237375399,0.13429334043139224,ok,False,True,False,0
368,2342560.331742774,3.7371180353844626,0.14066002188800986,ok,False,True,False,1
369,5693770.136422475,18.388200117118675,0.14970281029933086,ok,False,True,False,1
370,2008285.854183121,3.161358995299351,0.1351838732701066,ok,False,True,False,0
371,3600628.9564070893,5.149199742770419,0.11988704073074247,ok,False,True,False,0
372,2678205.374785724,4.278357280309982,0.08604972598384453,ok,False,True,False,0
373,3971872.823430492,4.568551031846324,0.08157438336548861,ok,False,True,False,0
374,3633397.4711484876,6.789481468341655,0.10349238777896574,ok,False,True,False,0
375,4394402.290958459,5.414030237077314,0.09295816943373081,ok,False,True,False,0
376,3598251.5807039374,5.529717845923957,0.07183942294108839,ok,False,True,False,0
377,3784249.274586211,6.126933462487646,0.07103667910770911,ok,False,True,False,0
378,3639683.1116036237,5.04057377524156,0.11302162982932251,ok,False,True,False,0
379,3651528.8349041888,4.905704547617686,0.10213234942232097,ok,False,True,False,0
380,3756177.162464193,4.99501220645984,0.10035294102510925,ok,False,True,False,0
381,5129907.433064981,10.429132500915616,0.12565833599882936,ok,False,True,False,0
382,3901504.3359386134,6.3495332588930395,0.1153990427653604,ok,False,True,False,0
383,3650234.9078046964,10.15417974669618,0.12471775731257262,ok,False,True,False,0
384,3661972.678767706,5.359727012952195,0.07407118780321958,ok,False,True,False,0
385,2342560.331742774,3.9172702182684844,0.10619406662076042,ok,False,True,False,0
386,4431436.115102218,10.309829847874548,0.10610099006312923,ok,False,True,False,0
387,4196026.579647236,7.337233537802262,0.10937582232857357,ok,False,True,False,0
388,3749329.565262595,3.8427517204244825,0.08142724080343844,ok,False,True,False,0
389,3797784.3675437523,7.310916431512436,0.09014853399775535,ok,False,True,False,0
390,3610801.1411641277,5.256488845515173,0.13596135249779961,ok,False,True,False,1
391,3595483.0495251897,7.248434312679476,0.06768208692229116,ok,False,True,False,0
392,3158053.491710955,5.398024466442119,0.1193806020477936,ok,False,True,False,0
393,3892162.223425547,5.102082409557812,0.07287968909828135,ok,False,True,False,0
394,3949831.029580827,5.70077270381529,0.12497769686557103,ok,False,True,False,0
395,4170275.0967763816,3.276070218730066,0.158811731503802,ok,False,True,False,1
396,4602504.260553914,4.420264133490974,0.09743268692115906,ok,False,True,False,0
397,3603346.787050245,4.922673903305645,0.10764939577146715,ok,False,True,False,0
398,3662800.591334077,4.728038226598393,0.0892751338209532,ok,False,True,False,0
399,3587206.959591957,5.036437995512401,0.1357058671722533,ok,False,True,False,1
400,3625108.3371463004,5.4117248529406785,0.06623545875034864,ok,False,True,False,0
401,4057072.316611636,6.850332185473751,0.09606560623698707,ok,False,True,False,0
402,2581618.0750895645,4.632730591700202,0.07506489159602459,ok,False,True,False,0
403,3594941.0406902027,6.014870363494499,0.12103546669540544,ok,False,True,False,0
404,3620494.785920547,5.041325270575179,0.11834174267730929,ok,False,True,False,0
405,3680747.1191084245,5.756937077608093,0.13787258777987055,ok,False,True,False,1
406,3604287.907144716,5.600491600296939,0.10397843879037538,ok,False,True,False,0
407,3958408.983708291,7.049682248913515,0.15576134680914455,ok,False,True,False,1
408,3713930.5242383196,5.330246708793325,0.13502226294828956,ok,False,True,False,0
409,3727557.998133112,4.140513863554451,0.08296164894928781,ok,False,True,False,0
410,3594624.1851305943,4.246634989732372,0.0763845028196638,ok,False,True,False,0
411,4480746.030091219,6.920704708758213,0.11904914411605222,ok,False,True,False,0
412,3632658.7628319757,6.211093213006625,0.09490657082042947,ok,False,True,False,0
413,4184243.3986478625,6.777691812029167,0.10256683872301298,ok,False,True,False,0
414,3593615.1422985387,5.651546968625543,0.11273294682675694,ok,False,True,False,0
415,2090177.9550635067,3.2107093576427674,0.15783623218472842,ok,False,True,False,1
416,2581618.0750895645,3.8010600390569187,0.0945612437926272,ok,False,True,False,0
417,2267725.2931199414,3.7780380732908605,0.1176493697071963,ok,False,True,False,0
418,3630403.2659523403,5.729080506264055,0.17925042574763927,ok,False,True,False,1
419,3600418.6742373635,4.960384762864256,0.05457333007947829,ok,False,True,False,0
420,3682941.6839374714,6.9943907525828894,0.09611287415021064,ok,False,True,False,0
421,4274104.749526381,8.261766943049063,0.06838718721137171,ok,False,True,False,0
422,2090177.9550635067,3.318084015632036,0.10915619932412368,ok,False,True,False,0
423,3601562.683183573,8.130130256608606,0.12510094882243705,ok,False,True,False,0
424,2267725.2931199414,3.652773101736935,0.13621630107188443,ok,False,True,False,1
425,3701940.4339502705,6.341727352943919,0.12194798792551409,ok,False,True,False,0
426,3609195.752965529,4.8155500072548865,0.0961736065589831,ok,False,True,False,0
427,3632116.3558259923,4.863538296417083,0.12322451189750011,ok,False,True,False,0
428,3799404.9157373672,4.1223927483725475,0.09449140983927684,ok,False,True,False,0
429,3636797.6866651736,6.320755438444213,0.0872149378930317,ok,False,True,False,0
430,3587292.8218540605,6.7409363937713955,0.11840863055443618,ok,False,True,False,0
431,4358671.308553987,6.674380360713354,0.15260196318179858,ok,False,True,False,1
432,3723756.6099480414,4.785696720745834,0.09565981107430066,ok,False,True,False,0
433,3846765.607296909,5.314174165846079,0.061087837602390505,ok,False,True,False,0
434,4148804.2563662394,24.967903437956803,0.12569737234032885,ok,False,True,False,0
435,4359694.421632368,6.306564882015404,0.09216778935354242,ok,False,True,False,0
436,3726792.5118216085,4.531524206140592,0.07442674307145514,ok,False,True,False,0
437,3640409.130475242,5.51060904792082,0.1117212731071695,ok,False,True,False,0
438,4522600.16978779,8.943631472285691,0.14039007233738798,ok,False,True,False,1
439,3158053.491710955,5.192045525988685,0.10253944715299357,ok,False,True,False,0
440,2609060.086809957,4.020806919953278,0.08735654785918018,ok,False,True,False,0
441,4031354.3902120222,6.729464716409254,0.09851455416625421,ok,False,True,False,0
442,3632056.3801066494,7.2760685729344745,0.09011653522417329,ok,False,True,False,0
443,3635633.937724523,6.2968907877559674,0.10545953163939037,ok,False,True,False,0
444,3664618.369446223,7.64310965370837,0.12364551376047672,ok,False,True,False,0
445,3613443.268967762,6.902509077010401,0.12236604008203567,ok,False,True,False,0
446,4701354.212980792,5.5447053496402265,0.1027130196328917,ok,False,True,False,0
447,3674422.80718562,5.537899336089851,0.13470755441163862,ok,False,True,False,0
448,3611713.398937207,8.73658726076719,0.14417549921421102,ok,False,True,False,1
449,4912618.041889359,18.63464391750632,0.1416820806529966,ok,False,True,False,1
450,2581618.0750895645,5.081344687047335,0.10548405082829537,ok,False,True,False,0
451,3614385.5305690146,8.779854828199255,0.0705131727767363,ok,False,True,False,0
452,3735159.0048134294,4.944062634466164,0.11800432245374326,ok,False,True,False,0
453,4407302.054391561,7.918439412414816,0.0810612766431954,ok,False,True,False,0
454,3588440.7529656054,7.5692777683971935,0.15072141797254457,ok,False,True,False,1
455,3667106.7390353666,6.75676110823521,0.09570829940211328,ok,False,True,False,0
456,3810424.690406206,4.449914293738987,0.09260697546085228,ok,False,True,False,0
457,3721034.622211021,5.659048238468487,0.1309368157836721,ok,False,True,False,0
458,4816325.823917724,11.158469428564471,0.12278998785690654,ok,False,True,False,0
459,2349719.955294122,3.8550517773076134,0.09266568839047884,ok,False,True,False,0
460,3795450.1185807004,5.986856650236529,0.10702676786126925,ok,False,True,False,0
461,3684075.484669256,6.861481166047188,0.1330046412526619,ok,False,True,False,0
462,3711533.4894899884,4.686105054989272,0.08551196013069651,ok,False,True,False,0
463,3805033.9351056595,4.458942325196994,0.13509892870483142,ok,False,True,False,0
464,3604302.2414021483,4.935696797752964,0.14239137309666694,ok,False,True,False,1
465,3835675.1566481465,5.929838780436057,0.08779466025026117,ok,False,True,False,0
466,4024103.4808432083,4.852698012348217,0.07680751208799441,ok,False,True,False,0
467,3637873.235209565,5.179805421737761,0.11005437769585752,ok,False,True,False,0
468,3657597.577407158,4.170160929779329,0.07849538499973091,ok,False,True,False,0
469,2342560.331742774,3.578988543564356,0.11905381739129695,ok,False,True,False,0
470,3637741.3119377308,7.766468472548834,0.10007404169963197,ok,False,True,False,0
471,3930569.8312419974,8.45357151527514,0.08843177609763009,ok,False,True,False,0
472,3594428.1075142557,7.05974679152113,0.11547441915455342,ok,False,True,False,0
473,3611114.6904942594,6.337350510270521,0.09062369338357212,ok,False,True,False,0
474,2628545.67143199,4.961304582333609,0.1273733698249102,ok,False,True,False,0
475,3836105.5745734265,5.678552412696033,0.10589974471200037,ok,False,True,False,0
476,3741409.5726692653,7.0758221821430105,0.1170793366892619,ok,False,True,False,0
477,2581618.0750895645,3.6082166377165765,0.0813935799679929,ok,False,True,False,0
478,3952574.7437733216,6.528967268319563,0.08546953704002291,ok,False,True,False,0
479,4125488.378393234,5.465315888556669,0.09253242319655286,ok,False,True,False,0
480,3833528.132107036,3.9592093688430015,0.09078331363049785,ok,False,True,False,0
481,4859819.410488805,6.558040814638986,0.1408141565379737,ok,False,True,False,1
482,4722185.4492688235,5.524335158042399,0.10171981583994716,ok,False,True,False,0
483,3618635.8328643334,5.55270059604211,0.14288744258601704,ok,False,True,False,1
484,2773471.102127803,4.311763950148894,0.10914655850605778,ok,False,True,False,0
485,3783514.5323063238,5.736382017723243,0.07581959039590846,ok,False,True,False,0
486,3605796.5559038273,4.742891579811795,0.07113837146501478,ok,False,True,False,0
487,5223515.188376006,22.428718658233755,0.13769581320212443,ok,False,True,False,1
488,3692369.601762339,4.616163465973763,0.10852213130956079,ok,False,True,False,0
489,4906953.958213273,30.319997181154633,0.17799748065791074,ok,False,True,False,1
490,2581618.0750895645,4.303938439301724,0.13801696404995117,ok,False,True,False,1
491,2678205.374785724,4.174786423588318,0.09013954476247354,ok,False,True,False,0
492,3797368.0681665796,6.434777055720605,0.13308095114736523,ok,False,True,False,0
493,3937369.6412605825,6.324363236819187,0.14510401618413926,ok,False,True,False,1
494,3639810.2356439233,6.7215657675641935,0.1096346693781729,ok,False,True,False,0
495,3765039.141051892,4.8480592020164135,0.1380279113143864,ok,False,True,False,1
496,3809031.5190121485,6.568667705811784,0.08573899455038242,ok,False,True,False,0
497,3626879.9032990355,5.353719577522119,0.10154320235531844,ok,False,True,False,0
498,4272216.421433894,9.04830052304965,0.13295740083932883,ok,False,True,False,0
499,4128087.471064872,4.128384147231027,0.17817178041845982,ok,False,True,False,1
500,3589590.5883319993,4.818676816271994,0.08435091064868105,ok,False,True,False,0
501,4037441.5878094025,9.017003920626617,0.15116098431902258,ok,False,True,False,1
502,3631184.1184442635,7.108600994592952,0.09769130782459362,ok,False,True,False,0
503,3894185.2192608844,5.547814517936053,0.1332684454644809,ok,False,True,False,0
504,6107426.73956523,6.698813207763493,0.129686530242353,ok,False,True,False,0
505,3629072.2079291814,4.379623665091094,0.09147583198227915,ok,False,True,False,0
506,2142731.076122388,3.266475872434583,0.11300033373434815,ok,False,True,False,0
507,3636158.9026787886,5.818088303020342,0.12401627585762698,ok,False,True,False,0
508,3732747.853116422,6.642344315401918,0.1334249361643427,ok,False,True,False,0
509,3594981.2730848277,7.891357836704338,0.10377744766676594,ok,False,True,False,0
510,3704744.064291498,5.577445804769171,0.07584807781243819,ok,False,True,False,0
511,3763100.8876622976,5.580280155605095,0.07773831517730534,ok,False,True,False,0
512,4021931.68777146,8.46623727003189,0.1581936111121922,ok,False,True,False,1
513,4686075.257807618,26.159553983124958,0.1591035686415695,ok,False,True,False,1
514,3682725.0117554823,4.8894400316291176,0.05867448357785382,ok,False,True,False,0
515,3712811.931145329,8.266874501528072,0.11133932792990686,ok,False,True,False,0
516,3665344.7697171355,5.725447299422876,0.09511865307756873,ok,False,True,False,0
517,3646276.3684191257,5.4650740703410765,0.09097035034220935,ok,False,True,False,0
518,2142731.076122388,3.748025812983051,0.13891951710328798,ok,False,True,False,1
519,3608657.2069368344,5.684333193722247,0.07546725978922753,ok,False,True,False,0
520,3643550.2285925406,5.290693882096702,0.09992166301812311,ok,False,True,False,0
521,3750321.7500285795,4.919122665422643,0.11496323866819314,ok,False,True,False,0
522,3882247.2421920593,6.185087563714613,0.0914307512609176,ok,False,True,False,0
523,2267725.2931199414,4.06445350513918,0.13558730796834628,ok,False,True,False,1
524,3638958.065113173,6.596782291645367,0.09752198435327586,ok,False,True,False,0
525,3971812.752229313,6.814333022587276,0.11915092226461377,ok,False,True,False,0
526,3972990.942354676,8.056083173541147,0.09922692805540012,ok,False,True,False,0
527,4507546.756536905,9.556004858019218,0.14262114278475813,ok,False,True,False,1
528,3586931.88988606,4.817796112820822,0.08378363685005624,ok,False,True,False,0
529,3678260.3854531148,5.149440419320251,0.11111541963976984,ok,False,True,False,0
530,2267725.2931199414,3.696477572288445,0.11649216139663199,ok,False,True,False,0
531,3853365.7303473754,7.327120252268648,0.0915788869974431,ok,False,True,False,0
532,4148972.798857131,5.300240201732461,0.11576588525011736,ok,False,True,False,0
533,2090177.9550635067,3.510016652382392,0.10597794069163485,ok,False,True,False,0
534,2581618.0750895645,3.959038312559469,0.06756214558642581,ok,False,True,False,0
535,3727108.6196947466,5.237494473222717,0.06100185507973466,ok,False,True,False,0
536,4485111.349291118,5.645564350987987,0.09172838737384581,ok,False,True,False,0
537,3683938.343176911,8.091451376707738,0.13427733700190525,ok,False,True,False,0
538,3693238.0089810025,4.779254013813106,0.16055174405574912,ok,False,True,False,1
539,3608254.2197519583,6.07928845215964,0.10468768933209777,ok,False,True,False,0
540,3696186.9583356595,6.345581916941907,0.1252822448791524,ok,False,True,False,0
541,3621735.791734193,6.580908294452275,0.0898746321245042,ok,False,True,False,0
542,3630105.992656625,7.805729000759073,0.07770170610719229,ok,False,True,False,0
543,5292590.812720842,7.904256450459516,0.12019187904218381,ok,False,True,False,0
544,4052069.808248957,6.749546657524559,0.06902174723996024,ok,False,True,False,0
545,3633754.4366848427,6.016263547976509,0.09527907588208362,ok,False,True,False,0
546,3920119.458383331,9.28445312782712,0.10691657382202535,ok,False,True,False,0
547,3595564.149420113,5.168516490887898,0.12087744671582129,ok,False,True,False,0
548,4153786.4713134095,4.501825436710268,0.10685712127614927,ok,False,True,False,0
549,3620322.324670989,5.262209266859637,0.11283477366263622,ok,False,True,False,0
550,2349511.4431106183,4.175948998644378,0.10069624949746783,ok,False,True,False,0
551,3586772.160297852,7.47954581509624,0.10148064853309113,ok,False,True,False,0
552,4332798.6586203305,6.45594827712489,0.14622445047899757,ok,False,True,False,1
553,2342560.331742774,3.5152741350426675,0.16198852206497116,ok,False,True,False,1
554,3908051.2808819297,7.699122650457944,0.14164826844340425,ok,False,True,False,1
555,3606961.8972439533,7.561000933587082,0.1303317149201424,ok,False,True,False,0
556,4725992.754710581,10.08549881642535,0.12244841840991122,ok,False,True,False,0
557,4113792.8203102304,5.996695191581285,0.05967661652284695,ok,False,True,False,0
558,3730393.241282471,6.147994147621385,0.12797831477630284,ok,False,True,False,0
559,3614923.2192304353,4.863088321318873,0.0849686282730423,ok,False,True,False,0
560,4300818.315118633,7.439706848993085,0.09310438364338447,ok,False,True,False,0
561,2267725.2931199414,3.753950295807641,0.12695695103675209,ok,False,True,False,0
562,5328343.655122403,6.366568808685682,0.13974550468529343,ok,False,True,False,1
563,3660129.356617524,6.6828887332067985,0.07262726774542427,ok,False,True,False,0
564,3922498.8950948967,5.854590613605513,0.14189857762757158,ok,False,True,False,1
565,3851839.676497515,5.360485876883735,0.1031336043759834,ok,False,True,False,0
566,4434340.7936815955,9.175642049953472,0.15626530393295246,ok,False,True,False,1
567,3694816.6738693137,5.395540728089614,0.09526159714679305,ok,False,True,False,0
568,3774535.744038253,9.722386735911613,0.1017543960702097,ok,False,True,False,0
569,2581618.0750895645,5.632164239158454,0.0871353504750062,ok,False,True,False,0
570,3757823.519401836,6.550963334493647,0.08341942822419501,ok,False,True,False,0
571,3626651.0240790523,6.296159296515478,0.0933911765131532,ok,False,True,False,0
572,2349511.4431106183,3.425922815253189,0.15868126022040457,ok,False,True,False,1
573,3597785.735725635,4.930451402039047,0.08282426542541693,ok,False,True,False,0
574,4168271.150931407,14.899337841489663,0.15504936778677886,ok,False,True,False,1
575,3591258.3470450873,5.644503701349402,0.11784537001577366,ok,False,True,False,0
576,2581618.0750895645,4.249804860319223,0.10115886108193162,ok,False,True,False,0
577,4520861.53364055,10.303498712157278,0.1515807022564053,ok,False,True,False,1
578,3620059.698425971,4.422549531379596,0.09083519786569838,ok,False,True,False,0
579,3591655.1247690963,4.5161372266949575,0.15733505501035294,ok,False,True,False,1
580,2349719.955294122,2.9465354453518144,0.1296368152183025,ok,False,True,False,0
581,4960655.39501527,8.047107703871315,0.08831982831242491,ok,False,True,False,0
582,3982100.0583426347,8.614206735242384,0.11655319378915907,ok,False,True,False,0
583,3692120.5371526494,9.527560552680262,0.147336593192966,ok,False,True,False,1
584,3636206.992919074,7.100062652859169,0.09280294602581396,ok,False,True,False,0
585,3590589.4687848655,6.2243202049691195,0.169502074260781,ok,False,True,False,1
586,2267725.2931199414,3.5793979072468836,0.11895129143329208,ok,False,True,False,0
587,3606530.355529219,9.445382329360218,0.12386816575407633,ok,False,True,False,0
588,4598252.694086396,8.578491687240668,0.09194872253933128,ok,False,True,False,0
589,4181192.024143171,5.717095581549706,0.0721340151873795,ok,False,True,False,0
590,3624076.9695756077,5.053552697272858,0.08175931004694392,ok,False,True,False,0
591,3607472.5325028934,4.120004951162954,0.13915169070314515,ok,False,True,False,1
592,3936230.5874413783,4.4943504448615,0.0891733935916299,ok,False,True,False,0
593,3927034.5873111966,7.054096765969941,0.09404358730200682,ok,False,True,False,0
594,3677668.150379364,4.062886064084912,0.08140969970192313,ok,False,True,False,0
595,3651787.8976119994,5.939666145825009,0.15810766567444168,ok,False,True,False,1
596,3715073.549026591,5.388670561951578,0.09655770995390706,ok,False,True,False,0
597,3751754.8792557856,6.138000372886879,0.09894805904613002,ok,False,True,False,0
598,2267725.2931199414,3.710688442615342,0.15660959416664977,ok,False,True,False,1
599,4008456.825382438,9.437596154261895,0.09155144327184811,ok,False,True,False,0
600,2581618.0750895645,4.881218141026837,0.11836751537931772,ok,False,True,False,0
601,2349719.955294122,3.728882301337304,0.12096872312548412,ok,False,True,False,0
602,2581618.0750895645,4.448436995154949,0.11559510246012661,ok,False,True,False,0
603,2357307.685887874,3.2930348815632335,0.08092160364375822,ok,False,True,False,0
604,3611015.949601386,6.175018462803552,0.10202769119870014,ok,False,True,False,0
605,4323752.416484747,6.763309014071887,0.14029136716534252,ok,False,True,False,1
606,3603625.36065397,5.899707184028022,0.09606652674236726,ok,False,True,False,0
607,3638768.2835540185,6.890343553967862,0.1317712921347881,ok,False,True,False,0
608,4354072.592426019,5.456286110855082,0.12224050441156942,ok,False,True,False,0
609,3830354.486353368,5.851819392017504,0.09393318822712948,ok,False,True,False,0
610,3639776.55038443,6.034920737374033,0.11473469570015843,ok,False,True,False,0
611,3915670.024130249,4.895410398471878,0.11590359771004044,ok,False,True,False,0
612,3595593.186963182,7.3352586405109275,0.11146620177466526,ok,False,True,False,0
613,4646587.148483744,6.300137972594143,0.11224551474571576,ok,False,True,False,0
614,3261364.380769941,4.618378063530933,0.12280888066159096,ok,False,True,False,0
615,3632701.464632508,7.207497830791393,0.07902102072953532,ok,False,True,False,0
616,4113164.5443759314,6.242992436155539,0.11421486695858885,ok,False,True,False,0
617,3832327.2940508234,6.05428889850511,0.09957766184200989,ok,False,True,False,0
618,4257411.583154144,6.113312111444273,0.07987977841918592,ok,False,True,False,0
619,2267725.2931199414,4.640333341455044,0.0869624567607129,ok,False,True,False,0
620,3626461.7113927486,5.558797827319211,0.1506091061741026,ok,False,True,False,1
621,3820928.802866963,6.343467847461173,0.10715083904761358,ok,False,True,False,0
622,3624486.9138611313,4.577080595711983,0.10484734151855601,ok,False,True,False,0
623,3711016.9634442213,6.254033882692157,0.13584563168796293,ok,False,True,False,1
624,3853945.2318778327,6.656783129866094,0.0905017631317313,ok,False,True,False,0
625,2954199.321293613,4.365741029138348,0.1174085582250427,ok,False,True,False,0
626,3883004.5536268367,8.432975854931893,0.12669425460628408,ok,False,True,False,0
627,3586350.7568993624,4.586394622130452,0.08807908678332199,ok,False,True,False,0
628,4157974.193200737,11.601421993946975,0.13807169326954405,ok,False,True,False,1
629,4153570.7278296268,7.344051185634141,0.08980350491616679,ok,False,True,False,0
630,3684777.9109214544,6.394453492753989,0.11946711908720109,ok,False,True,False,0
631,3609339.283129888,5.434295290372661,0.08056811881941356,ok,False,True,False,0
632,3586708.146813187,5.040297951845905,0.13084685825580122,ok,False,True,False,0
633,3619927.8966460647,6.179228772015544,0.12490696006639629,ok,False,True,False,0
634,3594813.3807827435,7.313933967673163,0.15164119214839078,ok,False,True,False,1
635,3997475.3216092894,5.409581060906689,0.10880660591381325,ok,False,True,False,0
636,3613148.601178791,5.955469947540133,0.0823743069415932,ok,False,True,False,0
637,4111925.110856908,9.565293747261261,0.07798390221298529,ok,False,True,False,0
638,3698638.6387218162,7.795010733550704,0.0870284121768441,ok,False,True,False,0
639,3759588.4855031576,8.060343000660975,0.17149232600190334,ok,False,True,False,1
640,2267725.2931199414,3.5672579160140283,0.1405834600902479,ok,False,True,False,1
641,3606137.3909974927,4.634273603228413,0.12510561138979281,ok,False,True,False,0
642,2142731.076122388,3.581125110772794,0.12525553872091133,ok,False,True,False,0
643,3657024.0501605202,6.6433557724122405,0.15342709177911196,ok,False,True,False,1
644,3158053.491710955,4.300244716858094,0.10999898582590262,ok,False,True,False,0
645,4950225.202510259,9.607917481293395,0.12204092890901896,ok,False,True,False,0
646,3588208.6213602494,6.280136250173486,0.11670117133719571,ok,False,True,False,0
647,3648760.9458560343,7.0066515837713315,0.12316883220416848,ok,False,True,False,0
648,3879446.3533328827,9.780999422907051,0.14172271258549685,ok,False,True,False,1
649,3727871.690853695,5.320189207562511,0.1363096322472554,ok,False,True,False,1
650,3808437.1309103677,10.007819167330238,0.08741573252114171,ok,False,True,False,0
651,3609826.9752372988,5.370647088718598,0.11673037994666191,ok,False,True,False,0
652,2773471.102127803,4.398719757746799,0.0704710091063067,ok,False,True,False,0
653,3706312.1825740933,5.876016451817878,0.12304000858377118,ok,False,True,False,0
654,3698950.3569818763,5.507405072417258,0.06992679555427278,ok,False,True,False,0
655,4737058.121724947,8.784019879206248,0.1330553332334975,ok,False,True,False,0
656,3607491.9205173315,6.683489653846096,0.09779862546347362,ok,False,True,False,0
657,3620415.8326287474,4.610977560439539,0.07912685896343685,ok,False,True,False,0
658,4325702.795746751,10.26402675352534,0.11857616305076202,ok,False,True,False,0
659,2678205.374785724,3.7588643306718943,0.11184325903739001,ok,False,True,False,0
660,3671504.005289386,4.917708234558183,0.09449076255287897,ok,False,True,False,0
661,4031786.0030380883,6.690858045488453,0.11699475363501965,ok,False,True,False,0
662,3158053.491710955,4.546575134626433,0.11944408954305719,ok,False,True,False,0
663,2267725.2931199414,3.4199984742024445,0.11749896964632844,ok,False,True,False,0
664,3613717.6498775347,6.2490313760849086,0.09484761868089653,ok,False,True,False,0
665,3674287.998360284,4.541547725027673,0.10853351018665847,ok,False,True,False,0
666,3598834.4737220993,5.187703514045562,0.10190837954197873,ok,False,True,False,0
667,2786813.40424396,4.754355378797255,0.12259398933029259,ok,False,True,False,0
668,3849248.647087822,6.068452882326843,0.11085876414637064,ok,False,True,False,0
669,4132821.4465007675,7.308640968441081,0.08190646512042199,ok,False,True,False,0
670,3656905.4922516565,5.180769177415256,0.15131092432451165,ok,False,True,False,1
671,2267725.2931199414,3.430591056406774,0.11785601263722123,ok,False,True,False,0
672,3601579.039160832,5.978433529818422,0.13619820813408745,ok,False,True,False,1
673,3613124.244576193,5.9141503169316145,0.10752063039004252,ok,False,True,False,0
674,3621717.385190988,8.639449691541717,0.13551517602724805,ok,False,True,False,1
675,3594822.61854691,6.599167313207433,0.112420618432066,ok,False,True,False,0
676,3904197.2183652157,5.94597885666408,0.0932216994896925,ok,False,True,False,0
677,3979091.428003688,8.188036606616102,0.0969220556185813,ok,False,True,False,0
678,2090177.9550635067,3.5701763246870453,0.11321428657462151,ok,False,True,False,0
679,2581618.0750895645,3.9325140807458454,0.11392681091666135,ok,False,True,False,0
680,3622147.156283601,5.464982793503487,0.15016750333936302,ok,False,True,False,1
681,3625691.4421278094,5.872820411292288,0.11591364043580499,ok,False,True,False,0
682,3591152.9363818634,5.903183328192368,0.0986821503520155,ok,False,True,False,0
683,4021780.559176364,5.857271843284142,0.09527134081346156,ok,False,True,False,0
684,3631641.418859746,5.843924571823148,0.12001191564343394,ok,False,True,False,0
685,5107328.380604779,11.454878307769906,0.1335253652139785,ok,False,True,False,0
686,3963906.1865827166,8.34544955635415,0.13210885449064524,ok,False,True,False,0
687,2008285.854183121,3.1863602389277337,0.12287227399858691,ok,False,True,False,0
688,2349719.955294122,4.0431298108733476,0.08003414902545314,ok,False,True,False,0
689,4317149.875941898,6.774175364799505,0.0811549264706326,ok,False,True,False,0
690,5632073.130196048,10.391663717198396,0.1385484069576468,ok,False,True,False,1
691,3587636.7495640134,5.84711063810723,0.09284482989094123,ok,False,True,False,0
692,3902007.2153111324,6.10730937125276,0.10212383275385228,ok,False,True,False,0
693,2609060.086809957,3.9938680055097557,0.11527627579463207,ok,False,True,False,0
694,2581618.0750895645,4.380997576613623,0.12097873499233835,ok,False,True,False,0
695,2342560.331742774,4.2209016857634065,0.10955112505850129,ok,False,True,False,0
696,3589696.558849051,6.192076921859617,0.11398887298667859,ok,False,True,False,0
697,3726192.459531361,8.288276643150576,0.13219094582599822,ok,False,True,False,0
698,3608907.2161060493,6.406392954773627,0.09086575905561811,ok,False,True,False,0
699,2267725.2931199414,4.3415222763221575,0.08836034341244137,ok,False,True,False,0
700,2267725.2931199414,4.200516365326989,0.10805795103811433,ok,False,True,False,0
701,4134550.376061642,6.0183196681783,0.10040365466118095,ok,False,True,False,0
702,4732963.433799972,7.25910042330124,0.12800423468210154,ok,False,True,False,0
703,3630767.7155199153,5.4005210861219775,0.055982630412046264,ok,False,True,False,0
704,3611489.2797392164,5.971603907658097,0.08891291379177935,ok,False,True,False,0
705,3942405.9135702793,4.730333917927132,0.1126956341204578,ok,False,True,False,0
706,2609060.086809957,3.9949992979733513,0.09371505523324253,ok,False,True,False,0
707,3786659.5117498976,4.970446611379321,0.13651466260592138,ok,False,True,False,1
708,5062474.990688814,11.106816512026525,0.12897083230195072,ok,False,True,False,0
709,3672412.8688436514,8.572369403709477,0.11963166487056842,ok,False,True,False,0
710,2267725.2931199414,3.5634884148812453,0.12826699722294088,ok,False,True,False,0
711,3653124.51789296,4.908565963394807,0.08169665667114467,ok,False,True,False,0
712,2142731.076122388,3.5490946329079094,0.1595704061008627,ok,False,True,False,1
713,4015077.5821939013,5.553166122928623,0.06643680286313647,ok,False,True,False,0
714,3611120.570876901,4.588991175355643,0.07125758694816575,ok,False,True,False,0
715,4025106.9664319316,7.344375761963952,0.14354892249892587,ok,False,True,False,1
716,4266143.1560592735,8.987559376088742,0.11687025355251968,ok,False,True,False,0
717,4836206.269067635,7.531845784546007,0.13414137184378677,ok,False,True,False,0
718,3608669.405256108,6.234027265659179,0.09870348661737083,ok,False,True,False,0
719,3634698.932603403,6.921785576256447,0.12093781233064105,ok,False,True,False,0
720,3612019.7031638785,6.189449569942233,0.08057576696284396,ok,False,True,False,0
721,2008285.854183121,2.751260403344955,0.14036639152662045,ok,False,True,False,1
722,3809223.7410797277,4.620208167609517,0.12443794502614916,ok,False,True,False,0
723,2142731.076122388,3.0036124543600664,0.16533859348451702,ok,False,True,False,1
724,3754951.7344016233,5.050299012561195,0.11002962741762326,ok,False,True,False,0
725,4237261.294857786,11.338923178956698,0.11071137749010751,ok,False,True,False,0
726,2609060.086809957,4.468155783142231,0.12753622220325167,ok,False,True,False,0
727,2008285.854183121,3.1265147585108157,0.17646329630700808,ok,False,True,False,1
728,3724265.7110847197,5.433847695579922,0.1202632577136421,ok,False,True,False,0
729,3590565.200421195,6.404254316475971,0.08419187330028222,ok,False,True,False,0
730,3645243.730966845,6.530614385416703,0.10804154322742798,ok,False,True,False,0
731,3596496.60116951,6.22827159342672,0.1064568988898279,ok,False,True,False,0
732,2342560.331742774,3.264915678939733,0.13379088978236187,ok,False,True,False,0
733,3649149.1779420087,6.3164571048331855,0.06628657046103292,ok,False,True,False,0
734,3768578.5747136306,4.924151666549515,0.1422777501498937,ok,False,True,False,1
735,3607770.4158946923,7.4449723265175765,0.11429045829869561,ok,False,True,False,0
736,2954199.321293613,3.88611326205958,0.12359619682306067,ok,False,True,False,0
737,2267725.2931199414,3.720631277853967,0.11149826329238799,ok,False,True,False,0
738,3611405.132126951,6.6430391413046275,0.14778265692418713,ok,False,True,False,1
739,3664335.6714046947,9.664287841599009,0.11167642146212975,ok,False,True,False,0
740,3588363.9348418834,6.596941393451702,0.15297656338738397,ok,False,True,False,1
741,3601975.866611387,4.402000752836583,0.09058073323066372,ok,False,True,False,0
742,4634316.104741386,8.905843361013805,0.1393147683157909,ok,False,True,False,1
743,2090177.9550635067,2.972008929841482,0.13541008111325925,ok,False,True,False,0
744,3587345.7046935027,3.9262555649784994,0.1273521907031805,ok,False,True,False,0
745,4160788.5427653096,9.149225011606593,0.11147578531881913,ok,False,True,False,0
746,4766827.925907472,5.08733867295074,0.12431659358060776,ok,False,True,False,0
747,3826132.885233891,5.350757296210697,0.10724738869872563,ok,False,True,False,0
748,2267725.2931199414,3.5850902276403422,0.0788044262841184,ok,False,True,False,0
749,3719132.7588558504,4.712496129474944,0.08945350586405909,ok,False,True,False,0
750,3628190.6094573797,4.363815971768265,0.11537206449226844,ok,False,True,False,0
751,4506111.8878826825,13.81813794534244,0.15376168985442318,ok,False,True,False,1
752,2142731.076122388,3.2918899666933004,0.10247598923277934,ok,False,True,False,0
753,3612365.053260086,6.245929337974868,0.09819285050380822,ok,False,True,False,0
754,3591631.1716118474,8.353537240634568,0.0902256966717469,ok,False,True,False,0
755,3742055.5861683777,4.943589291819579,0.10390959411279765,ok,False,True,False,0
756,3598275.6825929116,4.492399592870755,0.09926904470243075,ok,False,True,False,0
757,2090177.9550635067,3.1817872296304595,0.16325726900537607,ok,False,True,False,1
758,2349719.955294122,3.4488451708238053,0.11079395588522023,ok,False,True,False,0
759,3889380.8658918184,7.017661522245492,0.11477056585557235,ok,False,True,False,0
760,3772195.966976258,7.181368360975426,0.09337532025877898,ok,False,True,False,0
761,4477010.461103219,7.024344251958721,0.1088601888138252,ok,False,True,False,0
762,3644582.642128358,6.116585282678707,0.10841417737960796,ok,False,True,False,0
763,3652136.4385110475,4.968720536177862,0.08345525490988648,ok,False,True,False,0
764,4041337.695916766,8.326939770564985,0.08663410473406208,ok,False,True,False,0
765,4495222.386086505,14.551031888365099,0.12380455754939568,ok,False,True,False,0
766,4424835.299936606,9.677673442203549,0.09943055708550119,ok,False,True,False,0
767,3982787.1616010712,5.988859150214298,0.08343163631967154,ok,False,True,False,0
768,3708172.2515450954,4.588514375652165,0.10295850905292692,ok,False,True,False,0
769,3668174.702863983,4.833620376751476,0.06934640682472293,ok,False,True,False,0
770,3749486.292504479,6.657045263467767,0.13964904102607084,ok,False,True,False,1
771,3651578.246874654,5.814118995691465,0.09480808535513552,ok,False,True,False,0
772,2772356.9728852585,4.719326643562456,0.1617372812664581,ok,False,True,False,1
773,3613405.212663273,4.594307206624474,0.08734610028933013,ok,False,True,False,0
774,3590978.857481811,5.226228997835729,0.07910596754681687,ok,False,True,False,0
775,4272221.751217164,8.199016241817322,0.09950114739615756,ok,False,True,False,0
776,2349511.4431106183,4.074132241482461,0.1454410068927302,ok,False,True,False,1
777,3635617.187263517,5.487750791848619,0.07852986301363296,ok,False,True,False,0
778,3700100.42774871,10.070424094512862,0.08423895730272893,ok,False,True,False,0
779,3739439.5052474374,5.8698479718140035,0.11004318281384112,ok,False,True,False,0
780,3655713.3364104605,6.071069496755897,0.09962809937199157,ok,False,True,False,0
781,3622204.2791239736,8.363042520268523,0.10723124492407382,ok,False,True,False,0
782,3602876.6110546347,8.094456480433756,0.0915066645660097,ok,False,True,False,0
783,3767797.540079575,7.819069113458151,0.09793499106155434,ok,False,True,False,0
784,3765083.0435811314,6.0190378820868276,0.07945126815233267,ok,False,True,False,0
785,3758773.333729464,4.737937883277344,0.10811608726461966,ok,False,True,False,0
786,2090177.9550635067,3.5174443252151457,0.13695732972863472,ok,False,True,False,1
787,3587736.190147067,6.019282049370347,0.08749760576481846,ok,False,True,False,0
788,3697456.010620205,5.060415423587053,0.07141923662143024,ok,False,True,False,0
789,3589900.492491339,6.47791649804238,0.10364419386986168,ok,False,True,False,0
790,2581618.0750895645,4.606674982402881,0.11623767644932881,ok,False,True,False,0
791,3614634.5932694958,4.154355024714434,0.11700340863652015,ok,False,True,False,0
792,2008285.854183121,3.3714317683189368,0.15770283739943236,ok,False,True,False,1
793,4157370.3414251604,8.708506344808956,0.12584697472391904,ok,False,True,False,0
794,3834954.856034726,8.236969003285287,0.09486333869926866,ok,False,True,False,0
795,4488753.956427655,6.97745889789429,0.11535406786256637,ok,False,True,False,0
796,4363054.738132634,5.264621247832784,0.14316274954237196,ok,False,True,False,1
797,3906098.7252689977,4.655357519082282,0.091141921232891,ok,False,True,False,0
798,4071553.7854672302,6.451202671466348,0.12952576868106713,ok,False,True,False,0
799,3603947.663143906,7.959175408667459,0.10816881412207824,ok,False,True,False,0
800,3613856.4132756954,4.983179059118838,0.07884587488278672,ok,False,True,False,0
801,2267725.2931199414,3.481259869977748,0.12017666635530788,ok,False,True,False,0
802,2628545.67143199,3.603205810821369,0.13189003160087798,ok,False,True,False,0
803,3699947.3624116415,6.498856629193292,0.0734726175385671,ok,False,True,False,0
804,4413955.9463640945,6.616223599530568,0.08149831177278821,ok,False,True,False,0
805,2954199.321293613,4.518279766849482,0.11538024559789484,ok,False,True,False,0
806,3857637.458044249,7.827786546532383,0.14039738973410626,ok,False,True,False,1
807,3629310.847662536,5.31791077834817,0.11599336724427489,ok,False,True,False,0
808,2142731.076122388,3.5319934503367256,0.09861005122257671,ok,False,True,False,0
809,2342560.331742774,3.5455503405418582,0.10207223577756408,ok,False,True,False,0
810,4096350.2205379964,9.18082035367904,0.09451333616679448,ok,False,True,False,0
811,3599272.8201936698,5.0132967966602315,0.09866695147948579,ok,False,True,False,0
812,3591785.497340401,5.968394644465631,0.11335585068816495,ok,False,True,False,0
813,3261364.380769941,5.674129223136907,0.159102860080169,ok,False,True,False,1
814,4185245.5818191264,9.7455127723894,0.1574220215041678,ok,False,True,False,1
815,4352758.011383683,7.7673274928066975,0.14055933673120008,ok,False,True,False,1
816,3896140.651393918,5.675980736763347,0.09251079710595644,ok,False,True,False,0
817,3593285.7851441167,6.12696568415122,0.11224564256724667,ok,False,True,False,0
818,3611282.2325003934,9.748802770742122,0.1330262622292122,ok,False,True,False,0
819,4871677.084687246,10.346587087398065,0.11779882494953575,ok,False,True,False,0
820,3626058.031949327,6.969179944288868,0.11855901676208624,ok,False,True,False,0
821,3777259.596835495,5.160983365141997,0.11456314160395997,ok,False,True,False,0
822,3593194.194575025,7.204146770959328,0.08152718082762855,ok,False,True,False,0
823,3610920.004525503,4.287395596634955,0.09176445917683362,ok,False,True,False,0
824,3636755.8768582237,4.8309094414919755,0.0744798739923459,ok,False,True,False,0
825,3616864.3774211216,8.020469662361169,0.14079497023186882,ok,False,True,False,1
826,3872135.2972047892,5.074567382476618,0.07495829334776716,ok,False,True,False,0
827,3589349.448497692,7.921987814313549,0.06912178428292592,ok,False,True,False,0
828,3805653.8003983176,6.38987453028802,0.07909824935329351,ok,False,True,False,0
829,3608315.2829878004,6.271623331094439,0.08738299068603639,ok,False,True,False,0
830,3715726.445585761,8.488262326206833,0.1454953185997856,ok,False,True,False,1
831,3622320.0505066235,4.475311693538359,0.08324817102021609,ok,False,True,False,0
832,3158053.491710955,3.743959091775785,0.07841436657554166,ok,False,True,False,0
833,2142731.076122388,2.897693653718537,0.1444127892286548,ok,False,True,False,1
834,3718384.1532835523,5.300559097105367,0.08242438404429941,ok,False,True,False,0
835,3684133.8225780358,6.768790056989014,0.07555951209680356,ok,False,True,False,0
836,3675319.306872331,5.998067639698285,0.10733193429235688,ok,False,True,False,0
837,3978883.4042596947,6.914959579350413,0.1217177564461579,ok,False,True,False,0
838,2142731.076122388,3.3211205310005765,0.13391788471264465,ok,False,True,False,0
839,3617855.750848715,5.177734491654994,0.12169318139665775,ok,False,True,False,0
840,4125642.053326319,5.295880191980303,0.08781339756521502,ok,False,True,False,0
841,3610924.887370872,6.001331500577405,0.12217705168267956,ok,False,True,False,0
842,5204886.752982813,10.952256337422998,0.14915059395801522,ok,False,True,False,1
843,3874445.1124852737,6.619101821463196,0.10102911183414542,ok,False,True,False,0
844,3728864.7473146203,7.6361358275775615,0.08414923761414406,ok,False,True,False,0
845,2416638.8374307705,3.7589858301836965,0.11778473687902774,ok,False,True,False,0
846,2342560.331742774,3.552238277944629,0.1299352001360687,ok,False,True,False,0
847,3593603.6920778775,5.492053548035476,0.10546017618123132,ok,False,True,False,0
848,3605354.963762142,6.181392766952756,0.13570068829116688,ok,False,True,False,1
849,3603833.0651125005,6.643138013910733,0.12769790120515484,ok,False,True,False,0
850,3830791.590530033,6.281195386746763,0.12488689074192239,ok,False,True,False,0
851,3642656.501848684,5.67790186935263,0.12297466559266801,ok,False,True,False,0
852,3617307.2289674096,5.688830476518687,0.0928340263332923,ok,False,True,False,0
853,2342560.331742774,3.796739043271748,0.11583977771888504,ok,False,True,False,0
854,3952071.274324537,7.163050308406204,0.06578980932852202,ok,False,True,False,0
855,3609002.411077684,5.277336796403262,0.07908105647411615,ok,False,True,False,0
856,2267725.2931199414,3.4695968742798833,0.153870690000192,ok,False,True,False,1
857,3589696.3608188536,5.81798063437648,0.07314978961524632,ok,False,True,False,0
858,3794822.753260359,12.794869986155938,0.11120086617521774,ok,False,True,False,0
859,4112375.1481657103,12.784780974867989,0.0976425655210309,ok,False,True,False,0
860,3617455.20294851,7.678046062344616,0.07071659096061683,ok,False,True,False,0
861,3606840.5812169206,5.630106212376904,0.0828646055054496,ok,False,True,False,0
862,3667159.060840619,6.815834782176227,0.0877689259567061,ok,False,True,False,0
863,3836571.1263130605,6.833831319771484,0.08525541125683377,ok,False,True,False,0
864,4410916.0935742725,9.225567421631691,0.14684703257161003,ok,False,True,False,1
865,2581618.0750895645,4.525402184420594,0.15236887289285417,ok,False,True,False,1
866,3918561.5602061953,5.644660796728378,0.09909593990712118,ok,False,True,False,0
867,2342560.331742774,3.695628667014643,0.15407624234025397,ok,False,True,False,1
868,3876330.4397649113,5.188526207590188,0.10081707874312285,ok,False,True,False,0
869,2581618.0750895645,4.193218228430554,0.1505138192929879,ok,False,True,False,1
870,3629682.334670934,5.614836404730433,0.100919286952795,ok,False,True,False,0
871,4046412.686760298,6.3896714310336735,0.12787337381363628,ok,False,True,False,0
872,4426097.345994439,4.744843779777927,0.09585019557929808,ok,False,True,False,0
873,4064355.6244734246,9.279790669228397,0.05728162455603292,ok,False,True,False,0
874,2678205.374785724,4.717307852058347,0.15693220315430834,ok,False,True,False,1
875,3711888.630801924,7.353641534982449,0.08982376929912594,ok,False,True,False,0
876,3639522.9452983,5.671052640259587,0.11760246172286543,ok,False,True,False,0
877,3675118.304175301,7.43090392570039,0.0996349995150565,ok,False,True,False,0
878,3669470.27672932,7.119088757080319,0.15243730043066395,ok,False,True,False,1
879,4686794.376069092,13.78085491526607,0.12301180561304093,ok,False,True,False,0
880,3623727.188663133,6.539865136564463,0.14375395435136906,ok,False,True,False,1
881,3589716.152741293,6.328167937776815,0.09804977621070687,ok,False,True,False,0
882,3678190.4501878372,5.610101357178996,0.08826855524548799,ok,False,True,False,0
883,3614957.676913707,6.439247659704781,0.07817131191788951,ok,False,True,False,0
884,3725863.4789625946,5.456557338288979,0.11444893129173372,ok,False,True,False,0
885,3791814.0983707206,7.647162329612502,0.09822219774497731,ok,False,True,False,0
886,3609012.3921501003,5.572310715049721,0.14684639353657924,ok,False,True,False,1
887,2609060.086809957,4.506828774334258,0.14590312750056267,ok,False,True,False,1
888,3588216.887825577,9.374514824411426,0.0880710537857401,ok,False,True,False,0
889,3679863.3172543687,9.628019916032118,0.14528310710899645,ok,False,True,False,1
890,3621433.5185911385,5.110495220254273,0.10581707941617291,ok,False,True,False,0
891,3701300.4657109734,6.880516474244577,0.10066581452875634,ok,False,True,False,0
892,2581618.0750895645,5.111729443682686,0.15834573678595332,ok,False,True,False,1
893,2342560.331742774,3.8255827389344415,0.15579103483857404,ok,False,True,False,1
894,3663018.559685137,6.118534838616548,0.11347814546962742,ok,False,True,False,0
895,3613185.250683781,6.277994967052904,0.0795409136261559,ok,False,True,False,0
896,4372003.597307139,20.447395181561205,0.15904861295368566,ok,False,True,False,1
897,3689589.045507212,5.78270627383998,0.11293986047563898,ok,False,True,False,0
898,3261364.380769941,4.069287734453674,0.12416838386650597,ok,False,True,False,0
899,3925757.160811111,13.542837812723159,0.08339333463965459,ok,False,True,False,0
900,3699231.875148691,5.978673681368361,0.1278980392924801,ok,False,True,False,0
901,4248871.567347514,6.4515103924344555,0.10218179104235725,ok,False,True,False,0
902,4536769.404948139,5.300957274174084,0.1249042975939057,ok,False,True,False,0
903,3988997.6039570277,9.624715623542286,0.0704598550355362,ok,False,True,False,0
904,2349511.4431106183,3.8698797854538736,0.1419064990635991,ok,False,True,False,1
905,3611765.9617032255,7.272406898699431,0.11084877136952276,ok,False,True,False,0
906,4029539.1584930364,6.532847328349827,0.13366810335152213,ok,False,True,False,0
907,4296479.317416477,12.000109088587251,0.12778656033323021,ok,False,True,False,0
908,3653885.935615826,6.504604563381156,0.14846570541900783,ok,False,True,False,1
909,2954199.321293613,4.05452722778314,0.10198538243493255,ok,False,True,False,0
910,3666321.2755704075,7.936829976098046,0.11131103405950948,ok,False,True,False,0
911,2349511.4431106183,3.4782299411612327,0.09763826300746004,ok,False,True,False,0
912,3712047.26010239,9.292455309518848,0.08649199320115253,ok,False,True,False,0
913,3599018.04754533,6.984496851120596,0.11964754812484035,ok,False,True,False,0
914,3623337.795956718,6.637498406041269,0.10981341083445162,ok,False,True,False,0
915,4203303.166460732,9.339569291789696,0.08309864088153629,ok,False,True,False,0
916,2342560.331742774,4.1407792458562,0.09366178856831375,ok,False,True,False,0
917,3815529.150078369,5.298475543531581,0.09459201425771824,ok,False,True,False,0
918,2267725.2931199414,3.637053747737379,0.11340497229590041,ok,False,True,False,0
919,3599099.8040776257,5.468132207738035,0.0891158903617234,ok,False,True,False,0
920,3730834.6010852875,4.942126604709827,0.11394662115758325,ok,False,True,False,0
921,2349719.955294122,4.112208652634067,0.13101270122068132,ok,False,True,False,0
922,3927614.1971279993,3.368485485642016,0.1175486968707854,ok,False,True,False,0
923,2342560.331742774,3.482160945300317,0.13847587473164436,ok,False,True,False,1
924,4044715.094045407,7.74541655474062,0.08527246691872503,ok,False,True,False,0
925,3640017.980309011,6.392169158534647,0.14100264138818763,ok,False,True,False,1
926,3961774.982798579,4.6854533168491805,0.1292057578154719,ok,False,True,False,0
927,3677537.787945346,4.954089686540546,0.11396295426510328,ok,False,True,False,0
928,3708511.21880026,5.697851899690204,0.11099499446219963,ok,False,True,False,0
929,3609762.6079452657,5.318284892433612,0.08161070645535229,ok,False,True,False,0
930,3601437.2464507003,7.347462193520223,0.08921539142450718,ok,False,True,False,0
931,2349511.4431106183,4.306647451417329,0.12861932476626592,ok,False,True,False,0
932,4083342.5021570595,6.017609690352905,0.10806016216883302,ok,False,True,False,0
933,3684542.4188450933,3.9303333861833187,0.09360422174423133,ok,False,True,False,0
934,3713847.4079947583,5.986430491871041,0.14913133245055032,ok,False,True,False,1
935,3603254.074874674,4.930423960496686,0.10436447925198566,ok,False,True,False,0
936,3655412.8603085894,4.723257885242855,0.08754533805491496,ok,False,True,False,0
937,3730471.672284302,5.9394474725515245,0.12189603053133591,ok,False,True,False,0
938,3158053.491710955,4.36689978100169,0.12806648275633814,ok,False,True,False,0
939,3633341.9063103073,5.415733520143054,0.10663069819180854,ok,False,True,False,0
940,3662158.960371629,6.191080973694626,0.09964570340167844,ok,False,True,False,0
941,3698472.770396587,9.264491744477208,0.10711204707726862,ok,False,True,False,0
942,3651979.8578644977,5.0422563514484535,0.09082338931190437,ok,False,True,False,0
943,4847511.7848433945,5.188726750561445,0.12041150248416732,ok,False,True,False,0
944,3689632.5911589987,5.0365373714971815,0.08001574815819334,ok,False,True,False,0
945,4443674.570724607,8.231067637280091,0.10700181280237486,ok,False,True,False,0
946,4604153.182897116,7.933252062208849,0.1155368959170397,ok,False,True,False,0
947,2772356.9728852585,4.486645993387713,0.1414092703055671,ok,False,True,False,1
948,4305759.4797812635,13.010135681649157,0.11009177674433596,ok,False,True,False,0
949,3630523.7675000005,6.741540402862987,0.10066115005645038,ok,False,True,False,0
950,3796123.881655532,5.893248520642488,0.07306108491157876,ok,False,True,False,0
951,3940529.649126774,8.667585500888533,0.1148212196989572,ok,False,True,False,0
952,4827236.276183612,6.713044275735197,0.13090805790780602,ok,False,True,False,0
953,3968080.9683388504,5.151903024333455,0.0785581220742711,ok,False,True,False,0
954,3648842.2552263727,8.036551173350034,0.0948609294178332,ok,False,True,False,0
955,3936862.0745824142,6.3378737238440745,0.1028503496495527,ok,False,True,False,0
956,4008135.535058216,9.830183966595985,0.13580713069872963,ok,False,True,False,1
957,2349719.955294122,3.9911708806700994,0.09152529185859112,ok,False,True,False,0
958,2349511.4431106183,4.012440504566876,0.10492429443100293,ok,False,True,False,0
959,3723229.0266713905,6.209170229341399,0.13645421613056852,ok,False,True,False,1
960,2349511.4431106183,3.911757377436041,0.12494235582839208,ok,False,True,False,0
961,2142731.076122388,3.036686221288093,0.1618951659093587,ok,False,True,False,1
962,4008850.9916884615,8.633152975651589,0.1109789683825324,ok,False,True,False,0
963,3661438.120688626,6.419784903019348,0.1249746520868843,ok,False,True,False,0
964,3612241.941160251,7.246475700663122,0.1302233403548495,ok,False,True,False,0
965,3687467.6800346877,4.680980599084837,0.09574255211390867,ok,False,True,False,0
966,3674937.3573212456,5.245324951493203,0.11235348202095952,ok,False,True,False,0
967,2628545.67143199,3.615661118418301,0.12730832718342022,ok,False,True,False,0
968,3589892.4017451946,5.786986614754374,0.13601854314214523,ok,False,True,False,1
969,3877666.214643828,4.830580010587536,0.07475754746463725,ok,False,True,False,0
970,3617336.8932875665,5.999305314514358,0.15283492268534904,ok,False,True,False,1
971,3707101.5056043044,5.238305222964786,0.12789139768035124,ok,False,True,False,0
972,3943173.7183930962,4.705686671563894,0.09805936253056668,ok,False,True,False,0
973,3782574.704297036,5.272277542224095,0.09628489789228578,ok,False,True,False,0
974,3677788.82453546,5.526235035414621,0.13836716660970289,ok,False,True,False,1
975,2142731.076122388,3.5293603600230394,0.1207607849739053,ok,False,True,False,0
976,3788712.8633920876,6.187422028263065,0.10466643909890894,ok,False,True,False,0
977,2342560.331742774,3.836557305619843,0.12405695590317833,ok,False,True,False,0
978,4987294.8316008225,12.769391493755515,0.11351124395324075,ok,False,True,False,0
979,3676201.9889563443,5.463842221781568,0.12562902757538646,ok,False,True,False,0
980,3660201.4543516976,5.231461831879018,0.11046046882750793,ok,False,True,False,0
981,3609156.6316431724,6.3914147493738165,0.139804726834711,ok,False,True,False,1
982,4429214.931554441,10.965175331223907,0.1474439780590039,ok,False,True,False,1
983,3702367.764160853,6.930280692392408,0.15613268595062124,ok,False,True,False,1
984,3604416.229984961,6.085299654618249,0.14890529568833077,ok,False,True,False,1
985,3767127.3711461234,5.45045208230371,0.10552380140407946,ok,False,True,False,0
986,2090177.9550635067,3.5973113577489735,0.11341585199841503,ok,False,True,False,0
987,3610623.533355115,6.573268416962133,0.11122002955181776,ok,False,True,False,0
988,4113333.1804125174,7.6260234260232735,0.09225702986901851,ok,False,True,False,0
989,4519532.564301397,6.639073152534925,0.1328671127675638,ok,False,True,False,0
990,2090177.9550635067,3.1244042488829438,0.149489515454861,ok,False,True,False,1
991,3606345.4126711916,4.906866592236272,0.10459145501848233,ok,False,True,False,0
992,3603834.1734626647,5.69197512255156,0.05730297970239258,ok,False,True,False,0
993,2142731.076122388,3.2713350301237307,0.12646854541549235,ok,False,True,False,0
994,4158941.1570398775,7.831559439578066,0.12624272366952582,ok,False,True,False,0
995,3639050.7276403983,4.543105659877119,0.09943494094743688,ok,False,True,False,0
996,3698799.9868958094,5.191859705340084,0.05658988286586927,ok,False,True,False,0
997,3631592.036110559,5.380986066462266,0.12270459023735358,ok,False,True,False,0
998,4064319.265320084,4.592045263671823,0.11936884766360051,ok,False,True,False,0
999,2349719.955294122,3.600534859388721,0.0916237354717323,ok,False,True,False,0
1000,5010843.4647683995,6.080066358657643,0.07487782229180584,ok,False,True,False,0
1001,3680504.405309399,4.241515707666647,0.07523222736571389,ok,False,True,False,0
1002,3689801.427494909,7.355987635282976,0.13592387988329963,ok,False,True,False,1
1003,3595621.61223343,4.530326465779559,0.11176361368199217,ok,False,True,False,0
1004,3590697.7069707788,5.866861448794755,0.1323580272387832,ok,False,True,False,0
1005,3587392.133739818,5.870478386580838,0.09908126086124508,ok,False,True,False,0
1006,4746325.151371175,7.418347837938771,0.08919001877218047,ok,False,True,False,0
1007,2628545.67143199,4.045404256858313,0.0815642188829715,ok,False,True,False,0
1008,4639778.744817079,7.350070086185339,0.160791895479365,ok,False,True,False,1
1009,2267725.2931199414,3.9648170641687597,0.1055596969438024,ok,False,True,False,0
1010,3886559.731814253,7.455150461230458,0.1156844215051408,ok,False,True,False,0
1011,2090177.9550635067,3.144406957904226,0.1439534156372142,ok,False,True,False,1
1012,3591969.1974531147,5.556511302898489,0.08996416141120922,ok,False,True,False,0
1013,4682056.048985986,9.915256573849245,0.09412121921031724,ok,False,True,False,0
1014,2349719.955294122,3.170883434599388,0.13697611763814865,ok,False,True,False,1
1015,2342560.331742774,3.5783114245311136,0.1080530307399199,ok,False,True,False,0
1016,3867874.805692787,6.706616460945926,0.10086443229789888,ok,False,True,False,0
1017,3626577.003286424,5.33477561518583,0.10455819948927092,ok,False,True,False,0
1018,2008285.854183121,3.10492421174087,0.13759802834643298,ok,False,True,False,1
1019,2090177.9550635067,3.3908850102888257,0.15083789290225202,ok,False,True,False,1
1020,4655091.644481249,10.968837132569695,0.13898260447408717,ok,False,True,False,1
1021,3676201.0515406327,4.994168887768,0.0729189485497721,ok,False,True,False,0
1022,2581618.0750895645,3.76856583228158,0.12623608424495553,ok,False,True,False,0
1023,2378837.9975668644,4.08994993512586,0.08465555301719052,ok,False,True,False,0
1024,4079460.0170827922,4.627998626622638,0.1778441705661895,ok,False,True,False,1
1025,3620789.2206333936,6.5096282466097914,0.10129604850860124,ok,False,True,False,0
1026,3839018.5886800094,5.070850538887466,0.0886234074175569,ok,False,True,False,0
1027,3655111.487958268,5.319088624974339,0.09849799708166196,ok,False,True,False,0
1028,3813295.500160767,5.633836940329114,0.08805134401003667,ok,False,True,False,0
1029,2581618.0750895645,4.009810467849102,0.08643407959139415,ok,False,True,False,0
1030,3931058.0687043807,6.340417521266051,0.09665792993902655,ok,False,True,False,0
1031,3625505.320526987,5.49228963542651,0.10799091765835334,ok,False,True,False,0
1032,3997785.952436481,11.104892723521873,0.12428713750950637,ok,False,True,False,0
1033,2342560.331742774,3.1510100527294043,0.1136708954816742,ok,False,True,False,0
1034,3883900.0613740017,5.662725182387639,0.1040087012133854,ok,False,True,False,0
1035,3668473.3507261225,6.386794254730735,0.11760933487868741,ok,False,True,False,0
1036,4595009.9364682,5.854313750310609,0.11889284666071342,ok,False,True,False,0
1037,4763792.17545918,8.933112995579537,0.10966057991168743,ok,False,True,False,0
1038,2581618.0750895645,3.815376667676281,0.1189952406929603,ok,False,True,False,0
1039,3618366.8441577107,5.452254271812699,0.13261545150402176,ok,False,True,False,0
1040,2678205.374785724,5.92745898891178,0.1235309678555786,ok,False,True,False,0
1041,2581618.0750895645,3.903942009981458,0.1085586543715763,ok,False,True,False,0
1042,3994135.4468785403,7.412131931754347,0.07725202449492519,ok,False,True,False,0
1043,3691291.2493980797,4.636671671884758,0.1245741575356295,ok,False,True,False,0
1044,3696615.6909096064,6.8305910907928515,0.15407373819579595,ok,False,True,False,1
1045,4694578.813905405,5.666595784519851,0.08066268054282,ok,False,True,False,0
1046,3594344.892334455,5.125063933011378,0.07621884648116145,ok,False,True,False,0
1047,3632663.7699188017,4.432236577310023,0.11617651323531397,ok,False,True,False,0
1048,3628800.5553095597,5.6931712182114484,0.11378582293521511,ok,False,True,False,0
1049,4324305.450800803,9.006717225356931,0.1380141719788534,ok,False,True,False,1
1050,4035103.172847097,11.659835073466155,0.15144120254966573,ok,False,True,False,1
1051,3707771.732100384,4.473164787302283,0.07185999761161133,ok,False,True,False,0
1052,4122228.9437826737,6.245110992100016,0.11846449603619896,ok,False,True,False,0
1053,4059602.5238472987,5.104531953035863,0.07795076351567976,ok,False,True,False,0
1054,3604916.672873974,6.668278339659534,0.12905954396372943,ok,False,True,False,0
1055,2342560.331742774,3.7750199063787098,0.13989509008179402,ok,False,True,False,1
1056,3634958.952147665,6.760444806621487,0.15297475582030973,ok,False,True,False,1
1057,4426224.583645371,7.604244097587567,0.05597048155222151,ok,False,True,False,0
1058,2008285.854183121,3.004173500331871,0.13873991732763047,ok,False,True,False,1
1059,3691295.6744172974,6.701103073185577,0.09740316756882161,ok,False,True,False,0
1060,2267725.2931199414,4.1389574601169965,0.10957486949526862,ok,False,True,False,0
1061,3809305.3312127707,3.778323509863367,0.07529377101510903,ok,False,True,False,0
1062,3853564.7350680893,5.680938703802366,0.10190355546880747,ok,False,True,False,0
1063,3261364.380769941,5.148793562553832,0.09150712648470405,ok,False,True,False,0
1064,2008285.854183121,3.0346533000374305,0.15028732060470207,ok,False,True,False,1
1065,4556776.893298839,13.507116147371447,0.13748670853694156,ok,False,True,False,1
1066,3611518.566536348,7.662575016876942,0.14426142412120735,ok,False,True,False,1
1067,2581618.0750895645,4.026158172529028,0.0929532005780927,ok,False,True,False,0
1068,3736182.4742573593,6.274995151205326,0.10297702274731879,ok,False,True,False,0
1069,4406987.328169096,6.122814420433113,0.08308217933050321,ok,False,True,False,0
1070,3661767.8034290723,4.766498905261775,0.08057845595422847,ok,False,True,False,0
1071,3803907.3833589046,5.242874936781363,0.08883406078979583,ok,False,True,False,0
1072,4404810.647197758,8.51458706450099,0.11926966054470894,ok,False,True,False,0
1073,4452405.492494405,5.8285005208841865,0.1265579191394267,ok,False,True,False,0
1074,3802823.3503434085,3.6494666516064327,0.11879162965336892,ok,False,True,False,0
1075,3648688.29375956,6.179750975916516,0.1423712232156069,ok,False,True,False,1
1076,3750157.829323118,7.275088238981593,0.12917660016850846,ok,False,True,False,0
1077,4169295.4732422368,6.2234015032516545,0.09275100818394622,ok,False,True,False,0
1078,3586103.235212946,6.606159629502124,0.08756488517806005,ok,False,True,False,0
1079,3710158.9488783595,5.668631225058304,0.10434398844230514,ok,False,True,False,0
1080,3741582.32195726,6.330904587247191,0.067738083113,ok,False,True,False,0
1081,3850165.8374230973,6.786506240774779,0.10154622402626234,ok,False,True,False,0
1082,3597869.24615208,5.046980582072649,0.11559161056652524,ok,False,True,False,0
1083,3587807.7179003195,7.485200841044094,0.11426404229289011,ok,False,True,False,0
1084,2609060.086809957,5.493238530168608,0.13945360362279857,ok,False,True,False,1
1085,4252418.968800684,14.780503285285679,0.1317666538919945,ok,False,True,False,0
1086,3791607.4444396654,5.172305513726682,0.14377580658613742,ok,False,True,False,1
1087,3639098.0323352804,5.96438062558263,0.12255424110762081,ok,False,True,False,0
1088,3736199.6397588365,9.269029253907117,0.08639774739886419,ok,False,True,False,0
1089,4007109.8358351053,5.821959296912557,0.11258801673844065,ok,False,True,False,0
1090,3835020.4314039815,5.0714580505640985,0.07193478321419977,ok,False,True,False,0
1091,5438421.401724718,8.44569867077632,0.13023242969045912,ok,False,True,False,0
1092,4278599.96003991,5.334717938993308,0.08233410549194875,ok,False,True,False,0
1093,3821093.1040019626,3.7928314785082593,0.07668199060465541,ok,False,True,False,0
1094,4258453.3752681175,3.652689977607951,0.10350108874731367,ok,False,True,False,0
1095,3716118.2711177827,6.3114145148483285,0.09950520681662889,ok,False,True,False,0
1096,3661168.910305371,7.453489103252002,0.1221689586882807,ok,False,True,False,0
1097,2267725.2931199414,3.2896302033149283,0.1336567230474025,ok,False,True,False,0
1098,3709310.237939853,7.448394912963714,0.11330239811272347,ok,False,True,False,0
1099,3913779.47956809,6.56520469904559,0.13061500056067982,ok,False,True,False,0
1100,4402786.877827645,5.593728343796204,0.1210686100760664,ok,False,True,False,0
1101,3628461.48914898,4.976476042087552,0.09794446404148305,ok,False,True,False,0
1102,3891772.3471305165,5.4781282178094335,0.1097387906720152,ok,False,True,False,0
1103,4057050.032338793,14.426557184641515,0.13392796832016862,ok,False,True,False,0
1104,3587220.531378708,8.541778806301751,0.09629960028042361,ok,False,True,False,0
1105,3648409.5328684174,7.892112582375321,0.12146808528561326,ok,False,True,False,0
1106,4406483.436472236,13.160046730185512,0.13924523126776722,ok,False,True,False,1
1107,2628545.67143199,3.9953847244087353,0.16373005751850545,ok,False,True,False,1
1108,4152795.079121751,5.5215489097251105,0.07945686324540835,ok,False,True,False,0
1109,3968925.6860990757,4.786782575154787,0.10106085130496151,ok,False,True,False,0
1110,3741632.213430372,4.526755032801003,0.09157492001503986,ok,False,True,False,0
1111,3618336.7319486216,5.512195408937844,0.11103564329596627,ok,False,True,False,0
1112,3261364.380769941,4.556408069955598,0.11043274453263885,ok,False,True,False,0
1113,3871622.437528122,6.712634017793021,0.08489411799808533,ok,False,True,False,0
1114,3754108.0242847847,3.945449715690737,0.10081112516672897,ok,False,True,False,0
1115,4930104.815949841,21.651006090321793,0.13553008016377566,ok,False,True,False,1
1116,2609060.086809957,3.9165054992409756,0.0965720451978106,ok,False,True,False,0
1117,4350613.216152279,5.77423028242584,0.09754099004241701,ok,False,True,False,0
1118,3158053.491710955,5.790034296331878,0.09579433187742042,ok,False,True,False,0
1119,3854735.1635870524,6.622413647399068,0.1189650833709468,ok,False,True,False,0
1120,4524141.121866691,6.715351191512213,0.1260639503813491,ok,False,True,False,0
1121,4094334.6103152726,6.036877615259382,0.11442543333682953,ok,False,True,False,0
1122,2954199.321293613,4.590417451410753,0.12036507429532492,ok,False,True,False,0
1123,3585705.578126358,5.591511560463932,0.1292729963733803,ok,False,True,False,0
1124,3601196.749067659,5.62236880921761,0.08822949628157789,ok,False,True,False,0
1125,3591522.880545072,5.628405598333539,0.13396324203742405,ok,False,True,False,0
1126,3621255.5820156345,5.938860488955266,0.10376095620788639,ok,False,True,False,0
1127,3639138.671996158,5.087797951478971,0.12951983050901916,ok,False,True,False,0
1128,3634257.7983678477,5.822923559934268,0.0855416328496504,ok,False,True,False,0
1129,4472496.498518514,7.681711046099,0.11560021019155897,ok,False,True,False,0
1130,2267725.2931199414,4.049897418113579,0.12833224698867352,ok,False,True,False,0
1131,2980790.490822688,4.071353933877878,0.08361571306245341,ok,False,True,False,0
1132,3613655.6808231557,5.8444232534427885,0.07933403655670712,ok,False,True,False,0
1133,3925231.0562197147,4.451687561578489,0.10568965122304586,ok,False,True,False,0
1134,3767113.1191848265,6.303759360062602,0.08589386155546808,ok,False,True,False,0
1135,3903516.8542503417,5.696539187230162,0.10615249573006025,ok,False,True,False,0
1136,3612508.35331522,5.529230190047892,0.12756508464747573,ok,False,True,False,0
1137,3675437.7035929444,5.764054124501041,0.12613636466158207,ok,False,True,False,0
1138,2349511.4431106183,3.897292933885205,0.17576301428920352,ok,False,True,False,1
1139,3588265.698803886,4.9840494975796155,0.05547776192787096,ok,False,True,False,0
1140,2628545.67143199,3.802490078036413,0.08935448656314737,ok,False,True,False,0
1141,3586745.950425026,6.446775407390681,0.11233214500744648,ok,False,True,False,0
1142,3693875.0143691166,4.92402771656575,0.08286209272377432,ok,False,True,False,0
1143,3590453.602614721,6.285855027504455,0.12494813697308693,ok,False,True,False,0
1144,2349719.955294122,3.4813073590956134,0.11838307272012727,ok,False,True,False,0
1145,2342560.331742774,3.3526689408375994,0.10962646993032925,ok,False,True,False,0
1146,3615858.4148719674,5.481686179496253,0.12873010182329425,ok,False,True,False,0
1147,3836049.218139971,5.249253979947246,0.08020321610658514,ok,False,True,False,0
1148,3755472.572852148,7.328825110604288,0.05678049713025857,ok,False,True,False,0
1149,3950565.3122858624,6.698661096624566,0.07272362863166665,ok,False,True,False,0
1150,3837255.88049327,5.435109472995837,0.12160564663112342,ok,False,True,False,0
1151,3866449.963208944,8.520638176994181,0.1253400248423382,ok,False,True,False,0
1152,4669393.647438791,6.664389852134732,0.1187522975159443,ok,False,True,False,0
1153,3602180.087792244,6.105711894690622,0.13306500307063174,ok,False,True,False,0
1154,4297562.849429764,6.530046619701761,0.09367196138964062,ok,False,True,False,0
1155,3588320.116972136,6.577177089433051,0.1538041441718221,ok,False,True,False,1
1156,4456503.111188436,10.889649783187302,0.11374604059411353,ok,False,True,False,0
1157,3877310.3061203235,6.629094641403586,0.11541499383999498,ok,False,True,False,0
1158,3629595.1892421343,8.353068989963514,0.07827212870875688,ok,False,True,False,0
1159,4390653.342140158,6.149106624596204,0.12267571917058462,ok,False,True,False,0
1160,2581618.0750895645,4.509490823568944,0.08905892464017551,ok,False,True,False,0
1161,2142731.076122388,3.2039050782586456,0.08487230710827148,ok,False,True,False,0
1162,3609622.716877666,6.956551751433023,0.0875333472382066,ok,False,True,False,0
1163,3615289.6851246357,5.459730163225021,0.07527434173589503,ok,False,True,False,0
1164,3638989.4536091513,4.844444698035851,0.09946811158526783,ok,False,True,False,0
1165,3629637.607208669,4.817648985032375,0.10665198307998591,ok,False,True,False,0
1166,3598867.6881674924,7.477072480534743,0.08655263526205037,ok,False,True,False,0
1167,3646448.4229728105,4.713218244557014,0.14241034604121228,ok,False,True,False,1
1168,3629755.4697205364,5.725181865969836,0.12498029122647836,ok,False,True,False,0
1169,3646690.740710517,5.441198107195491,0.07155522830634792,ok,False,True,False,0
1170,2267725.2931199414,3.3280275387080285,0.11216208245760317,ok,False,True,False,0
1171,3599486.6148712314,4.829737270363099,0.10213145393481227,ok,False,True,False,0
1172,3600274.0558251366,4.74331416461467,0.09871297083981034,ok,False,True,False,0
1173,3652364.5449361186,4.824447661457104,0.14036745637424852,ok,False,True,False,1
1174,3601472.502530539,5.4597316424490705,0.1241441098495546,ok,False,True,False,0
1175,4037880.284203342,6.214965806840026,0.1045578820528247,ok,False,True,False,0
1176,3761499.986288669,4.60821113356584,0.14392796890091886,ok,False,True,False,1
1177,4191755.2772647785,3.489969342700201,0.10438048388980115,ok,False,True,False,0
1178,3650086.646977256,7.614730307309162,0.08428931807100426,ok,False,True,False,0
1179,2142731.076122388,3.5352923354581467,0.09189018564583928,ok,False,True,False,0
1180,3864619.3039850476,9.197766010239441,0.09718255568125783,ok,False,True,False,0
1181,3603259.1893439293,6.2993992196964,0.1255826707828157,ok,False,True,False,0
1182,3668546.7775186677,5.614866087216941,0.07598441296375791,ok,False,True,False,0
1183,3598185.0131902117,6.79275206076846,0.12490847186837295,ok,False,True,False,0
1184,3593525.866096359,7.381167258841194,0.11956289529648334,ok,False,True,False,0
1185,3701067.891233578,3.56402282945265,0.10105946607391356,ok,False,True,False,0
1186,2142731.076122388,3.6845857140572695,0.13179252658587093,ok,False,True,False,0
1187,3925011.732042626,6.566377068481006,0.08819610179447512,ok,False,True,False,0
1188,3597714.5341617493,4.992866301878358,0.0818432970668106,ok,False,True,False,0
1189,2349719.955294122,3.6299208213178864,0.11899084230723816,ok,False,True,False,0
1190,4041441.399450919,8.611276106719178,0.12899601110735803,ok,False,True,False,0
1191,2267725.2931199414,3.7662225908672315,0.15988653597442615,ok,False,True,False,1
1192,3606804.0060407263,4.808941690971926,0.0656116038780859,ok,False,True,False,0
1193,2267725.2931199414,2.8951230350595702,0.1329322094344536,ok,False,True,False,0
1194,3987432.388627762,6.116416694657357,0.10058270200680552,ok,False,True,False,0
1195,3694920.8114416683,5.2906675573008535,0.09858033038551361,ok,False,True,False,0
1196,2090177.9550635067,3.5227210312439996,0.140362379017981,ok,False,True,False,1
1197,3752807.613314644,9.840255288687793,0.12139601648951359,ok,False,True,False,0
1198,3625075.8682328737,4.53212376859328,0.10094013574389454,ok,False,True,False,0
1199,3744647.994473125,6.218949443414872,0.09038962243068016,ok,False,True,False,0
1200,3616353.380745803,7.242674853800551,0.11870255421787729,ok,False,True,False,0
1201,3616928.0430857805,4.629713032461298,0.09483107009667435,ok,False,True,False,0
1202,3590778.7015061323,6.25979071911775,0.12634106684989138,ok,False,True,False,0
1203,2349511.4431106183,3.5888194310180763,0.14384054785578937,ok,False,True,False,1
1204,3602299.6472702273,4.678494239601319,0.07858140627117138,ok,False,True,False,0
1205,4180309.877599484,7.251122172010507,0.1407632438854791,ok,False,True,False,1
1206,5313596.588976238,4.3175092338749135,0.1161891273942397,ok,False,True,False,0
1207,2142731.076122388,3.453775812512961,0.16183369515693327,ok,False,True,False,1
1208,3663918.605521764,7.369488802686697,0.11331278754670071,ok,False,True,False,0
1209,2609060.086809957,4.088214558261511,0.09787678258821997,ok,False,True,False,0
1210,3663047.3961128863,10.120763976562646,0.13022106379284104,ok,False,True,False,0
1211,4952831.993344248,15.650979235395088,0.1290237792595783,ok,False,True,False,0
1212,3924841.208749918,10.08427684154373,0.11856379881277679,ok,False,True,False,0
1213,3622686.7867279523,4.773338554550914,0.10396594862303332,ok,False,True,False,0
1214,4602247.020538122,23.575183075457705,0.11001941810119753,ok,False,True,False,0
1215,3280705.556872033,4.619567136740301,0.1521262415669249,ok,False,True,False,1
1216,3655632.6579454197,7.323506833401406,0.11122450043474019,ok,False,True,False,0
1217,2954199.321293613,4.501690226482062,0.09751906489034678,ok,False,True,False,0
1218,2349511.4431106183,4.706694342751284,0.18588250890736113,ok,False,True,False,1
1219,3652835.6512301583,5.8236841478505745,0.09027440558696287,ok,False,True,False,0
1220,3683930.9231432485,4.665052930115655,0.12981556294114005,ok,False,True,False,0
1221,4224993.627643805,6.138588709779482,0.09265689162564672,ok,False,True,False,0
1222,2267725.2931199414,3.6591759920031275,0.1456324682481409,ok,False,True,False,1
1223,4109212.6516051632,7.041737415336693,0.09767538944851317,ok,False,True,False,0
1224,3636955.118226841,5.781221225322287,0.10248670130639054,ok,False,True,False,0
1225,3831964.5896739345,7.93070356241232,0.09765202573536153,ok,False,True,False,0
1226,3599550.689355452,4.3569515687457585,0.10257147904893638,ok,False,True,False,0
1227,2342560.331742774,3.786165387161847,0.10931230948423687,ok,False,True,False,0
1228,4209861.625642112,3.930470848016904,0.1487420491793282,ok,False,True,False,1
1229,3741826.649008965,6.201473954594555,0.09293122689481992,ok,False,True,False,0
1230,4131809.4402055284,4.070831443528497,0.06996451402136072,ok,False,True,False,0
1231,4948612.62997701,6.51119852991142,0.1168660394806299,ok,False,True,False,0
1232,3790956.9821394165,5.693220539091291,0.1115845900946234,ok,False,True,False,0
1233,3974490.526338012,4.418414095876344,0.06617862466582636,ok,False,True,False,0
1234,3702152.6498982524,4.989805065364957,0.1283250051816765,ok,False,True,False,0
1235,3612821.0896132234,5.258331693346266,0.0724054350421306,ok,False,True,False,0
1236,2581618.0750895645,4.232694757907376,0.14330899980098705,ok,False,True,False,1
1237,4920389.653830222,7.861697437199385,0.1127513116766945,ok,False,True,False,0
1238,3612473.4274822986,6.64233674298254,0.08234228438795407,ok,False,True,False,0
1239,4146770.2787606805,4.798366778016332,0.10715312424980294,ok,False,True,False,0
1240,4451304.648604092,10.442970569866935,0.11067829616405334,ok,False,True,False,0
1241,3588066.4292214806,6.828484526648019,0.09853883279055964,ok,False,True,False,0
1242,4192317.3197905673,9.814580067554552,0.0816096999913778,ok,False,True,False,0
1243,3650634.3745990875,6.3504735292921515,0.11073779112116813,ok,False,True,False,0
1244,2342560.331742774,4.798052521831493,0.15162352912507948,ok,False,True,False,1
1245,4669540.71815843,5.0572487474568515,0.09512349381881352,ok,False,True,False,0
1246,4118085.1254982315,8.09879137408283,0.12809958109349873,ok,False,True,False,0
1247,3721981.144154223,4.351944497131752,0.08992387448538608,ok,False,True,False,0
1248,3736828.7694625612,8.832043084721517,0.09538405690309032,ok,False,True,False,0
1249,3603318.188313531,5.356162648826563,0.10773825258146241,ok,False,True,False,0
1250,4067341.4488606304,6.264014998852357,0.09061523736773258,ok,False,True,False,0
1251,2609060.086809957,4.743234566080245,0.09796803153334899,ok,False,True,False,0
1252,3828983.974452138,5.327789815870416,0.1389942065968668,ok,False,True,False,1
1253,2786813.40424396,4.398035591817068,0.10572304361326795,ok,False,True,False,0
1254,3898044.3207026804,8.420205417103318,0.11834582988547249,ok,False,True,False,0
1255,4055674.0832312345,7.862001632551445,0.13851189972035227,ok,False,True,False,1
1256,3705948.282728182,4.626224795030289,0.06390660877463972,ok,False,True,False,0
1257,2772356.9728852585,4.858119171853491,0.09102835738170845,ok,False,True,False,0
1258,3605943.400900554,6.9460392480028945,0.10586834273372969,ok,False,True,False,0
1259,2267725.2931199414,3.616060544962639,0.15143094879261654,ok,False,True,False,1
1260,3612747.4488931987,5.030171439982237,0.1131164992979733,ok,False,True,False,0
1261,3617463.241130593,7.327059123958371,0.11698619109890707,ok,False,True,False,0
1262,3656859.0830236385,6.498637096583347,0.11244226990378221,ok,False,True,False,0
1263,3753934.31132228,4.839476997476694,0.11544081933123418,ok,False,True,False,0
1264,3632057.500792168,6.314423204202761,0.06743402514738456,ok,False,True,False,0
1265,2090177.9550635067,3.265870104311181,0.12487723677327267,ok,False,True,False,0
1266,3817784.5278561227,6.34492966414473,0.11571665064343484,ok,False,True,False,0
1267,2349511.4431106183,3.882988903395436,0.11442487507784088,ok,False,True,False,0
1268,3839442.503859558,7.031858212689487,0.09172927928176289,ok,False,True,False,0
1269,3589976.995501503,6.6332249854919825,0.12295532192400394,ok,False,True,False,0
1270,3261364.380769941,4.197657262197802,0.1163531400998169,ok,False,True,False,0
1271,2267725.2931199414,3.175914171776316,0.11012918470459432,ok,False,True,False,0
1272,2090177.9550635067,2.9763000868444354,0.1206206567539555,ok,False,True,False,0
1273,3847126.0950918063,7.774488107456934,0.09878649554316354,ok,False,True,False,0
1274,3996990.527156151,6.109513330476835,0.1426356357193711,ok,False,True,False,1
1275,2349511.4431106183,4.961582725255294,0.13801448063005323,ok,False,True,False,1
1276,3591359.6644367054,5.623580098461491,0.14884335514917246,ok,False,True,False,1
1277,3635331.3235736205,7.363870351594574,0.08616548143403924,ok,False,True,False,0
1278,3644611.6711389576,5.086887419925095,0.06646586281152722,ok,False,True,False,0
1279,3646912.5642594066,7.570296905134531,0.10924078075251067,ok,False,True,False,0
1280,3893749.4211157896,7.596193607365493,0.12444995672939685,ok,False,True,False,0
1281,3608017.9451297713,6.023106230563147,0.08854257935380738,ok,False,True,False,0
1282,2008285.854183121,3.4584402442685818,0.16957454550188594,ok,False,True,False,1
1283,3595481.5664629014,6.904323465186269,0.10080857290879985,ok,False,True,False,0
1284,3630081.3336456334,8.45426808400001,0.14474664561326867,ok,False,True,False,1
1285,4325797.480327358,5.933593665095884,0.06479015901673635,ok,False,True,False,0
1286,3614588.072946717,4.596172322585026,0.1107267381014938,ok,False,True,False,0
1287,2342560.331742774,3.6144745173028197,0.13512012513500937,ok,False,True,False,0
1288,3599743.42601973,5.599036472778453,0.12539707990002869,ok,False,True,False,0
1289,3610502.4532943964,6.638555360101261,0.11597627059287896,ok,False,True,False,0
1290,2581618.0750895645,4.1689445493446105,0.11586112988789332,ok,False,True,False,0
1291,3886359.4985628757,8.53607341959523,0.10568789903944298,ok,False,True,False,0
1292,3950945.54931337,5.736314598261698,0.1027204662339104,ok,False,True,False,0
1293,2142731.076122388,3.5683823762042075,0.14623232534893704,ok,False,True,False,1
1294,4445599.674303475,6.093136513257491,0.11510918638798284,ok,False,True,False,0
1295,2090177.9550635067,3.4477370940405163,0.12474178667025182,ok,False,True,False,0
1296,5026345.733415556,9.429910997211254,0.1466634196893266,ok,False,True,False,1
1297,2267725.2931199414,3.629369018256648,0.14341422177804652,ok,False,True,False,1
1298,2581618.0750895645,3.8206235140050047,0.09306520363070525,ok,False,True,False,0
1299,3629804.3421415444,7.481172588850297,0.0690983668599695,ok,False,True,False,0
1300,4574641.754532138,7.24579418237276,0.0943781164822931,ok,False,True,False,0
1301,4222582.9837076375,9.206723383659218,0.08841770732984189,ok,False,True,False,0
1302,3593435.800827814,5.555082900549394,0.13090047793599713,ok,False,True,False,0
1303,3659248.4593415884,5.021333845117954,0.09878229521714221,ok,False,True,False,0
1304,3604437.5266746846,5.440928929733371,0.11940046465728704,ok,False,True,False,0
1305,3740276.6738574915,5.195791063716095,0.11994883208624385,ok,False,True,False,0
1306,3606810.7490200805,4.781967156146263,0.09065586166067197,ok,False,True,False,0
1307,3589625.926789362,5.346839283645295,0.0991629386535069,ok,False,True,False,0
1308,2008285.854183121,3.121833227111442,0.11360894453104456,ok,False,True,False,0
1309,3591965.3235687497,5.819856200850006,0.13261056289272305,ok,False,True,False,0
1310,2267725.2931199414,3.827669918428331,0.11617574203694858,ok,False,True,False,0
1311,3721831.109392691,4.663898846425646,0.09987283548146264,ok,False,True,False,0
1312,2267725.2931199414,3.5328159318633876,0.14389997752047412,ok,False,True,False,1
1313,2142731.076122388,3.417965445513939,0.08778924018015344,ok,False,True,False,0
1314,3605244.734841586,4.664789944576949,0.07377128875174166,ok,False,True,False,0
1315,3611622.477996694,5.964291996186435,0.09655067619978291,ok,False,True,False,0
1316,3841607.3120516576,4.6154033487897195,0.11474615946446792,ok,False,True,False,0
1317,4334710.487791292,11.169860870767609,0.14594670384701425,ok,False,True,False,1
1318,3655325.6876062807,6.097121713171583,0.08663933665528817,ok,False,True,False,0
1319,3158053.491710955,4.468348077001858,0.10248851276387022,ok,False,True,False,0
1320,3759918.871111773,9.372059617273589,0.10214350767380287,ok,False,True,False,0
1321,3665941.949372872,7.865192703337241,0.12509725336445765,ok,False,True,False,0
1322,3780706.2325692484,6.956445285249452,0.07223641231615369,ok,False,True,False,0
1323,3616354.6726285364,5.607342636414087,0.15496208250864307,ok,False,True,False,1
1324,2267725.2931199414,4.115900452917022,0.1402995389281667,ok,False,True,False,1
1325,3595483.7807874433,7.716991712861408,0.12919146482063648,ok,False,True,False,0
1326,3737770.221101715,6.693883121353074,0.06912625681368523,ok,False,True,False,0
1327,4555828.860416783,5.395177550599636,0.08525395360336663,ok,False,True,False,0
1328,3600905.392871702,6.216915447907247,0.10547939396141404,ok,False,True,False,0
1329,3689052.652780805,6.163803953925463,0.10149539987042666,ok,False,True,False,0
1330,3769947.233217127,5.321780103704921,0.0757620232485755,ok,False,True,False,0
1331,3622615.360871653,4.890107616389589,0.12706777669236868,ok,False,True,False,0
1332,2342560.331742774,3.659148088399547,0.08661835156258457,ok,False,True,False,0
1333,3881986.8865406075,5.674221762832631,0.05176844570045552,ok,False,True,False,0
1334,2267725.2931199414,3.042461136760739,0.1725642218547172,ok,False,True,False,1
1335,2349511.4431106183,3.2422140913988193,0.1175140406268309,ok,False,True,False,0
1336,4033483.0765914377,8.883489103109909,0.10415520598653832,ok,False,True,False,0
1337,4259133.214519879,7.082911244319406,0.124717832785048,ok,False,True,False,0
1338,4240193.590311081,8.840286255178253,0.10434124431057978,ok,False,True,False,0
1339,4784092.122745743,4.725044959957318,0.08724267020763121,ok,False,True,False,0
1340,3669378.644320382,4.512235664649749,0.07967453847982597,ok,False,True,False,0
1341,3631040.615604938,4.692816283104995,0.09420542772116247,ok,False,True,False,0
1342,3821303.0099150133,5.6773996094883135,0.1280809866526228,ok,False,True,False,0
1343,3676484.2053437294,4.474562862430214,0.11080756891703275,ok,False,True,False,0
1344,3633568.949688268,6.2725443001412176,0.1050674834107917,ok,False,True,False,0
1345,3587445.6668514903,4.262109442615018,0.0662330660520315,ok,False,True,False,0
1346,3636266.6234427225,4.193561571160128,0.0982929948841712,ok,False,True,False,0
1347,3633177.5353193237,5.263257885849916,0.11178915036525072,ok,False,True,False,0
1348,3593327.7793347873,5.741812751844979,0.09891637632864281,ok,False,True,False,0
1349,2267725.2931199414,3.576439228654167,0.13194485372066722,ok,False,True,False,0
1350,3710362.8829821856,6.043553531884957,0.10010969555567323,ok,False,True,False,0
1351,3646540.1192544335,5.34983127676151,0.07143896891194525,ok,False,True,False,0
1352,4088998.5022928473,5.932577268634531,0.08115771587965452,ok,False,True,False,0
1353,3757871.5613603415,9.6683188899461,0.10463231875017609,ok,False,True,False,0
1354,2772356.9728852585,4.974559204621066,0.12084402667314376,ok,False,True,False,0
1355,4244695.549670309,10.853032142660847,0.09468995657318646,ok,False,True,False,0
1356,3597302.240923906,5.848765467219274,0.09865085759189351,ok,False,True,False,0
1357,4317627.999176382,11.179961478153967,0.1655070918013294,ok,False,True,False,1
1358,3649526.825270929,5.001554554539067,0.06908161042014715,ok,False,True,False,0
1359,3644050.3396037696,8.989503217856461,0.09510327204414576,ok,False,True,False,0
1360,3598000.226881851,5.099901844962087,0.0917359674293744,ok,False,True,False,0
1361,3595531.629231259,5.952300279251613,0.1231870069717862,ok,False,True,False,0
1362,3695141.8898965567,4.952313157067991,0.09734784919028316,ok,False,True,False,0
1363,4094260.3845609967,10.730874884821683,0.08485058822121727,ok,False,True,False,0
1364,3981249.9596576854,10.166594210521499,0.13867918799495083,ok,False,True,False,1
1365,4022530.690379846,6.2407415482197095,0.08038640977636427,ok,False,True,False,0
1366,3677605.842348358,8.113903442051672,0.08957200922482289,ok,False,True,False,0
1367,3772881.187406305,6.27199208886818,0.0619076499924448,ok,False,True,False,0
1368,3605122.015784672,4.56663230706012,0.07543427026575067,ok,False,True,False,0
1369,2342560.331742774,3.9427719596251447,0.13767340070304424,ok,False,True,False,1
1370,3158053.491710955,4.4810741151845015,0.09071917873123603,ok,False,True,False,0
1371,3589676.5477018785,4.144855541695667,0.08401600767435013,ok,False,True,False,0
1372,2678205.374785724,4.351722525568192,0.08989541567093451,ok,False,True,False,0
1373,2609060.086809957,3.864749957690624,0.10945239581291333,ok,False,True,False,0
1374,4367597.430525541,13.92889531689249,0.1359039697503147,ok,False,True,False,1
1375,3994128.360511485,6.358263631962146,0.09979646105934192,ok,False,True,False,0
1376,2267725.2931199414,3.857256413701267,0.11901302680027959,ok,False,True,False,0
1377,4570825.502277655,10.294271127428079,0.14260283722879757,ok,False,True,False,1
1378,3970912.8218373028,5.135423431328663,0.09758737250724525,ok,False,True,False,0
1379,3606634.276062116,6.403423000640804,0.09008329360331818,ok,False,True,False,0
1380,3603053.760154007,6.137499992696185,0.08049148459945443,ok,False,True,False,0
1381,3605652.082853535,6.119721739252972,0.1033174283528685,ok,False,True,False,0
1382,4206845.297433635,6.203953790034267,0.12777036616577298,ok,False,True,False,0
1383,2090177.9550635067,3.238357822663581,0.1431972441676389,ok,False,True,False,1
1384,2772356.9728852585,3.6080877841409693,0.1069625856637445,ok,False,True,False,0
1385,3657944.9851592034,7.398445528755588,0.10055174085948515,ok,False,True,False,0
1386,3716969.206628195,6.415579102806085,0.0999744473336982,ok,False,True,False,0
1387,3605161.363934481,7.366363201529864,0.1467129440991216,ok,False,True,False,1
1388,3629184.2638689787,6.928031230615779,0.12042827232243347,ok,False,True,False,0
1389,3592597.0049998653,5.979505165603289,0.14120997900501076,ok,False,True,False,1
1390,2773471.102127803,4.221595063695414,0.13655988578569045,ok,False,True,False,1
1391,4275414.885880037,11.098059799927594,0.1091695981919717,ok,False,True,False,0
1392,3589759.6530970633,4.658317578224969,0.08043799630023318,ok,False,True,False,0
1393,2349511.4431106183,4.360615342422845,0.0968141831029003,ok,False,True,False,0
1394,5054232.358738235,7.912506531993032,0.12612906700410975,ok,False,True,False,0
1395,4788342.943318916,12.58281437918455,0.13929912188257532,ok,False,True,False,1
1396,3597870.5159710753,5.6001557963066215,0.08582121120723885,ok,False,True,False,0
1397,2349511.4431106183,3.8444980663342716,0.13225777328740085,ok,False,True,False,0
1398,3621755.6046106163,5.554473367694672,0.07182923565707622,ok,False,True,False,0
1399,4426777.291915951,9.247608453651225,0.10572067926816542,ok,False,True,False,0
1400,2267725.2931199414,3.3393017587972214,0.0924138961022749,ok,False,True,False,0
1401,2357307.685887874,3.66363429411978,0.10977035429513937,ok,False,True,False,0
1402,3646567.84292361,4.754462707112111,0.11084078739696657,ok,False,True,False,0
1403,3617086.216128083,7.515599865751367,0.13126492755766614,ok,False,True,False,0
1404,2008285.854183121,3.2734870076388978,0.12033498518615018,ok,False,True,False,0
1405,3641372.8072291575,4.793039065179272,0.07888062683020136,ok,False,True,False,0
1406,3809326.698768923,6.8986486006830114,0.1059616035587343,ok,False,True,False,0
1407,3680980.0583475567,6.268408806829728,0.14020405214654283,ok,False,True,False,1
1408,4037038.2550406684,7.041908323248803,0.15532034368993336,ok,False,True,False,1
1409,4055753.4923618846,5.147545668013089,0.10413068799747982,ok,False,True,False,0
1410,4241184.846461723,7.348564624544257,0.08060348260394878,ok,False,True,False,0
1411,3654340.571404308,7.315021998738325,0.0851169815128563,ok,False,True,False,0
1412,5089060.27074396,14.20814448703353,0.13141604676877439,ok,False,True,False,0
1413,2008285.854183121,3.297283574995975,0.14523948636927075,ok,False,True,False,1
1414,2349511.4431106183,3.771288911108049,0.11784573499635945,ok,False,True,False,0
1415,3627679.0958569916,4.2671656408878125,0.13204615024987082,ok,False,True,False,0
1416,4009772.0930660553,6.310871154886392,0.1470276726986316,ok,False,True,False,1
1417,3736174.8172371336,5.7366188308564405,0.13132024579382884,ok,False,True,False,0
1418,3627846.397425991,4.833122356568444,0.11136310018645146,ok,False,True,False,0
1419,3697322.313492244,7.898847044167447,0.13487711141372416,ok,False,True,False,0
1420,3597800.8020480108,4.9391794493534675,0.09762052644515118,ok,False,True,False,0
1421,3714908.5733790267,6.033374644638237,0.16423600754047685,ok,False,True,False,1
1422,4292388.001846512,15.67347329466091,0.09120519917920966,ok,False,True,False,0
1423,2609060.086809957,4.93315805596025,0.13747525791501236,ok,False,True,False,1
1424,3609031.5204290394,7.2990440532653,0.10259785536226085,ok,False,True,False,0
1425,4210121.67494681,5.8862367903108295,0.16490723229409032,ok,False,True,False,1
1426,3602392.041873225,5.715896594928978,0.16738223533945984,ok,False,True,False,1
1427,3591434.8783462686,5.122348746556607,0.08134209061771336,ok,False,True,False,0
1428,3686296.9831048455,5.639418772786975,0.11755314153304453,ok,False,True,False,0
1429,3756572.5860958328,6.116170667018625,0.0762701507142407,ok,False,True,False,0
1430,3604877.662580749,10.58268688477202,0.10015103425137373,ok,False,True,False,0
1431,3587829.7279266817,5.0851761786306175,0.12964461089013507,ok,False,True,False,0
1432,3618042.54873259,6.399519637109255,0.11653837510729209,ok,False,True,False,0
1433,2267725.2931199414,3.398772899152998,0.10970274144413322,ok,False,True,False,0
1434,4089296.6666736295,5.9204901392848654,0.07965073152624597,ok,False,True,False,0
1435,3613693.723602092,5.601377671402964,0.12669016710269776,ok,False,True,False,0
1436,3617229.034526841,5.215294998518778,0.10669017283918969,ok,False,True,False,0
1437,3622180.915957777,6.981205868323824,0.09565147893201975,ok,False,True,False,0
1438,3634717.95700455,6.406093971377852,0.13603875293340972,ok,False,True,False,1
1439,2342560.331742774,3.498922220916369,0.1237730519673087,ok,False,True,False,0
1440,3892661.7776942677,4.35347780404002,0.1138711378162428,ok,False,True,False,0
1441,3772290.9851538395,9.177930644462025,0.10342192282150964,ok,False,True,False,0
1442,3639170.8541051494,4.844738153469434,0.09563930266717144,ok,False,True,False,0
1443,3642364.8464272385,5.344489291056122,0.08943167900380433,ok,False,True,False,0
1444,4227094.543451698,7.440109919029523,0.15112419053432213,ok,False,True,False,1
1445,4470479.711157396,10.094002825173,0.10552417201510733,ok,False,True,False,0
1446,2349719.955294122,3.5969889793305767,0.09905018948118205,ok,False,True,False,0
1447,3763364.659721659,7.528258947176345,0.07249539709211844,ok,False,True,False,0
1448,2349511.4431106183,3.552529768424362,0.12832462122379973,ok,False,True,False,0
1449,3691328.474187437,4.786748199870601,0.08623638460913224,ok,False,True,False,0
1450,3261364.380769941,4.979073679482857,0.12196629550630822,ok,False,True,False,0
1451,4183528.816864409,4.656559132929914,0.10440670626175952,ok,False,True,False,0
1452,3586617.9088040185,4.535221302821782,0.08518790850688573,ok,False,True,False,0
1453,3801880.5191848306,7.185900190238198,0.1292256398154104,ok,False,True,False,0
1454,3641618.010495226,5.696189845402238,0.09459127102604581,ok,False,True,False,0
1455,3853199.721644227,9.282182832360004,0.07971802657630589,ok,False,True,False,0
1456,3601413.9784059133,5.2203055804764915,0.1250140951775114,ok,False,True,False,0
1457,2628545.67143199,3.850208137972189,0.12363587923053687,ok,False,True,False,0
1458,3691844.949778416,5.556834407776914,0.10657741203760604,ok,False,True,False,0
1459,2008285.854183121,2.9293710964702475,0.1588220119459064,ok,False,True,False,1
1460,4698338.806698558,7.917300590013956,0.11756976936662167,ok,False,True,False,0
1461,2342560.331742774,3.31412530785366,0.07513521860473049,ok,False,True,False,0
1462,2267725.2931199414,3.8526063240965525,0.09432705377507411,ok,False,True,False,0
1463,3637813.6450233706,4.391317186181679,0.07300706216278016,ok,False,True,False,0
1464,3595305.0179016097,6.31724547479117,0.11890470977194145,ok,False,True,False,0
1465,3653066.7229882437,6.42488745757075,0.0980840578924993,ok,False,True,False,0
1466,3757569.157439657,4.77377107782759,0.1257703114628715,ok,False,True,False,0
1467,2581618.0750895645,4.770396743000514,0.13227924578979827,ok,False,True,False,0
1468,4920795.953850389,13.538772650317878,0.11028295333853388,ok,False,True,False,0
1469,2357307.685887874,3.852897899681726,0.12842206637921413,ok,False,True,False,0
1470,4029785.96285616,5.6914501637072865,0.08437774192695768,ok,False,True,False,0
1471,3639752.2351773195,5.386369331786396,0.14381510565554378,ok,False,True,False,1
1472,3926082.625044391,5.79786838685526,0.1191954686693315,ok,False,True,False,0
1473,4449058.308241837,5.566556783237341,0.13408480756728813,ok,False,True,False,0
1474,4179407.300808605,8.868269319443893,0.12223232655282412,ok,False,True,False,0
1475,3856495.998716283,7.161832022184406,0.1089582561059261,ok,False,True,False,0
1476,2342560.331742774,4.124354179850023,0.1302645015706361,ok,False,True,False,0
1477,3659984.0916405185,4.368882427190773,0.09073448235209663,ok,False,True,False,0
1478,3662989.27641384,5.754781533092211,0.08562345812880667,ok,False,True,False,0
1479,3720768.713181991,5.953304164581679,0.08149397042004436,ok,False,True,False,0
1480,3600719.341205652,5.958551113002839,0.12285124689529503,ok,False,True,False,0
1481,3952228.4721526387,3.8450921658989032,0.0619709094160093,ok,False,True,False,0
1482,2678205.374785724,5.203734261461843,0.11565567542311242,ok,False,True,False,0
1483,4934506.315687729,6.379073138718776,0.13657283775659756,ok,False,True,False,1
1484,2342560.331742774,3.331329231279511,0.1320204403373404,ok,False,True,False,0
1485,3622378.87486374,5.820231455924948,0.11302368520918282,ok,False,True,False,0
1486,3589978.74378627,6.191148360037705,0.10173643650854536,ok,False,True,False,0
1487,3723007.517854856,7.63712313539057,0.12969109248393296,ok,False,True,False,0
1488,4680864.880374985,7.129179579238483,0.1226344177292723,ok,False,True,False,0
1489,4220929.925177011,10.75869165404808,0.12529531995142384,ok,False,True,False,0
1490,3643827.108415944,6.297170111764523,0.11331281388610409,ok,False,True,False,0
1491,4303191.638367812,10.548119305597874,0.09968985237529959,ok,False,True,False,0
1492,3612269.211690679,6.809066567877106,0.1200147302993656,ok,False,True,False,0
1493,3875407.829305324,4.4165441533537315,0.13554700395085628,ok,False,True,False,1
1494,3676367.538820353,5.757709739722965,0.12267263614496338,ok,False,True,False,0
1495,3748572.267007273,7.562100854740326,0.09552538740743899,ok,False,True,False,0
1496,3656151.8308157506,4.973796354473198,0.12662255790600002,ok,False,True,False,0
1497,2090177.9550635067,2.779210855684134,0.14972202092715303,ok,False,True,False,1
1498,3715008.363799559,4.244714680054359,0.10244273198737774,ok,False,True,False,0
1499,2008285.854183121,3.274984271539687,0.11370537521919766,ok,False,True,False,0
1500,5171161.129786242,6.9771259179192695,0.12109464923591523,ok,False,True,False,0
1501,4481483.568991528,5.088494877544854,0.09683706832636552,ok,False,True,False,0
1502,2581618.0750895645,3.8178077094869254,0.08870975519909574,ok,False,True,False,0
1503,3924233.1007409003,4.842246932740102,0.07738022958800894,ok,False,True,False,0
1504,4399949.315963448,5.128143656693564,0.12936687336044173,ok,False,True,False,0
1505,3717517.3203574764,8.75078672250224,0.13409695306298708,ok,False,True,False,0
1506,3645043.3946479606,7.1312311114783915,0.0897923930995268,ok,False,True,False,0
1507,4167966.0519624515,8.350123119772373,0.13093589899013336,ok,False,True,False,0
1508,3590925.9649117202,7.276607050300712,0.10066002772287885,ok,False,True,False,0
1509,3593418.1055480423,5.550880006954309,0.11672351878142967,ok,False,True,False,0
1510,3613777.053642156,7.892897640357826,0.1470960199938135,ok,False,True,False,1
1511,3913847.240156256,5.500652132686674,0.105599637357424,ok,False,True,False,0
1512,3991174.1995440363,3.593298777923746,0.08660285465912132,ok,False,True,False,0
1513,3644285.134838753,6.691923922346941,0.11286131598186122,ok,False,True,False,0
1514,3785749.803215057,9.714996235421376,0.07293434456424741,ok,False,True,False,0
1515,3699454.521356694,4.246388341594391,0.08220402050722295,ok,False,True,False,0
1516,4031264.910102037,7.11227658506488,0.16120505276413544,ok,False,True,False,1
1517,3626872.9681473277,3.722448247064085,0.07094793838338026,ok,False,True,False,0
1518,2342560.331742774,3.8639110265727443,0.11469679357489831,ok,False,True,False,0
1519,2628545.67143199,3.7215687005124574,0.11797979910543832,ok,False,True,False,0
1520,3734793.5320611955,6.350394325474057,0.1376718281612745,ok,False,True,False,1
1521,3630109.850567306,7.784722768454698,0.1599507099644682,ok,False,True,False,1
1522,3682551.1159086,5.831179443778034,0.09858345259467594,ok,False,True,False,0
1523,3691765.9030628926,6.378357156252454,0.05673033967224972,ok,False,True,False,0
1524,4384875.880363555,5.9247955701128125,0.0970114673476915,ok,False,True,False,0
1525,3697708.1333662146,5.474742167233461,0.11365466243298733,ok,False,True,False,0
1526,2349719.955294122,3.6327512675628673,0.11209142163974928,ok,False,True,False,0
1527,3590690.2895067898,7.022874868840519,0.10696332072580184,ok,False,True,False,0
1528,3588007.825347629,5.364849644776857,0.08897088648462315,ok,False,True,False,0
1529,2142731.076122388,3.8616759583552307,0.10020468076046242,ok,False,True,False,0
1530,2609060.086809957,4.935585301773873,0.1201558311480474,ok,False,True,False,0
1531,3805186.560047645,4.582827697693007,0.13019486071891084,ok,False,True,False,0
1532,3706796.465124205,5.841694587978648,0.08424388576496325,ok,False,True,False,0
1533,3603775.7045113314,5.952892017710743,0.0553397193547342,ok,False,True,False,0
1534,2267725.2931199414,3.7617376694019606,0.11323870651815182,ok,False,True,False,0
1535,3604563.304601141,4.53832221739561,0.0814231566170402,ok,False,True,False,0
1536,3935451.1751804277,5.587721354106459,0.07945282295320655,ok,False,True,False,0
1537,2267725.2931199414,3.3639039935486394,0.11504775158758374,ok,False,True,False,0
1538,3612567.9437690238,8.629834118269141,0.13177964012309984,ok,False,True,False,0
1539,3654809.023651434,5.025059122017482,0.10087796635998725,ok,False,True,False,0
1540,2342560.331742774,3.8484359435377353,0.10463419384799733,ok,False,True,False,0
1541,3619991.9846885377,5.506600321174944,0.0711095639860766,ok,False,True,False,0
1542,3622322.1173505057,5.353567896307936,0.13146810076235182,ok,False,True,False,0
1543,2342560.331742774,3.5886539209340347,0.09511457357960829,ok,False,True,False,0
1544,3913007.363398306,5.465520354445283,0.0842448941485891,ok,False,True,False,0
1545,3848389.1568583227,8.101463054119346,0.06522874541477951,ok,False,True,False,0
1546,3635355.2945289835,6.626563131264191,0.11259705685764354,ok,False,True,False,0
1547,3660038.2989669656,8.960197024115505,0.11946599381492495,ok,False,True,False,0
1548,4001515.9899513866,9.794800714297804,0.11299351652007605,ok,False,True,False,0
1549,4330724.314087498,9.082458004746766,0.12590473205640884,ok,False,True,False,0
1550,4436061.315763512,9.166009791432213,0.09733037121016941,ok,False,True,False,0
1551,4821170.878609224,10.096680999183635,0.13145016159737122,ok,False,True,False,0
1552,4202918.076063939,7.1878877593902,0.10607028840579463,ok,False,True,False,0
1553,3863849.445909265,6.378957220739003,0.11621245220501353,ok,False,True,False,0
1554,3261364.380769941,4.915436842009999,0.07469192274740055,ok,False,True,False,0
1555,3158053.491710955,5.222309135336959,0.11839372917102509,ok,False,True,False,0
1556,3946676.6973242345,6.339023953017117,0.10588414391255968,ok,False,True,False,0
1557,3792817.106653686,5.8974693276475225,0.08559580205261014,ok,False,True,False,0
1558,2581618.0750895645,4.2495170249927,0.10610170387793727,ok,False,True,False,0
1559,3587175.563789833,5.638505294406487,0.09186792910606628,ok,False,True,False,0
1560,2349511.4431106183,3.524872143427732,0.10869035235912627,ok,False,True,False,0
1561,2008285.854183121,3.2768630757940818,0.1612597640752811,ok,False,True,False,1
1562,3657930.4523963872,4.541324716095075,0.14210608370505018,ok,False,True,False,1
1563,5493610.3176382035,14.022963738315045,0.13514813679175997,ok,False,True,False,0
1564,4147281.6928929547,6.138150280987925,0.09859696296269277,ok,False,True,False,0
1565,4134848.6083885967,9.745390217069817,0.08250249197122717,ok,False,True,False,0
1566,3621863.2471531546,3.6723721377870606,0.07991251378156516,ok,False,True,False,0
1567,4085036.9780084407,7.491699259829853,0.0768414877394124,ok,False,True,False,0
1568,4859653.776029976,14.579933964130658,0.11788670690018621,ok,False,True,False,0
1569,4090893.6381552755,5.893566458427743,0.08365282590353366,ok,False,True,False,0
1570,3739088.3103625276,6.19809318566242,0.061731753445625814,ok,False,True,False,0
1571,2349511.4431106183,4.0391376920518045,0.11827887809681503,ok,False,True,False,0
1572,4057292.963819771,5.645394966984899,0.11914916487618427,ok,False,True,False,0
1573,3624352.8406469324,7.389742593228023,0.08069150505022082,ok,False,True,False,0
1574,3640577.6459803637,4.405286467966678,0.09414869281899618,ok,False,True,False,0
1575,2954199.321293613,4.093748223829648,0.1297231840231436,ok,False,True,False,0
1576,2267725.2931199414,3.509563258370711,0.13570784906550082,ok,False,True,False,1
1577,3971932.7706547165,9.145543488637607,0.13440759852241696,ok,False,True,False,0
1578,3881213.010036585,4.805503592905912,0.09564947634148857,ok,False,True,False,0
1579,4097213.261242669,3.3607125757353717,0.14415636711156066,ok,False,True,False,1
1580,3609226.6423060717,5.434007161387697,0.11219218189155467,ok,False,True,False,0
1581,3611296.10657841,5.523257000381914,0.12551139490894703,ok,False,True,False,0
1582,4716911.692272045,8.13353574879624,0.1067516310768375,ok,False,True,False,0
1583,4453543.347462392,10.770841617787063,0.14293993562769403,ok,False,True,False,1
1584,4191626.8602508926,4.987448117318378,0.12626046537015367,ok,False,True,False,0
1585,3634738.61898489,4.577353949337206,0.13484144191039016,ok,False,True,False,0
1586,3792932.7555301413,7.4368706012020835,0.12577338238246394,ok,False,True,False,0
1587,4775198.764365901,6.988668190912792,0.09623268953341269,ok,False,True,False,0
1588,3604931.1422743523,6.84811115382634,0.0783152878333846,ok,False,True,False,0
1589,4337094.045286257,4.20795327620575,0.061780410347891945,ok,False,True,False,0
1590,3607549.3094842248,6.905043219549841,0.10448877879197255,ok,False,True,False,0
1591,4160029.0769547136,6.421036324753101,0.08029930475407132,ok,False,True,False,0
1592,5242020.880414723,4.9995600570492975,0.0907926894674408,ok,False,True,False,0
1593,3611428.211393809,6.09476583777889,0.1322055502236924,ok,False,True,False,0
1594,3731892.09135467,5.942017553823507,0.09650575775347991,ok,False,True,False,0
1595,3664947.003128389,8.204527910698523,0.10426349316815076,ok,False,True,False,0
1596,2342560.331742774,3.7529412633130392,0.13999944715495172,ok,False,True,False,1
1597,3623249.6949927188,5.846017195502657,0.12577697830603762,ok,False,True,False,0
1598,3601788.5361676835,4.781288910710508,0.12629198879919856,ok,False,True,False,0
1599,4639493.516280297,5.865740058236522,0.10793789398054632,ok,False,True,False,0
1600,3970097.8056697217,6.875772703525157,0.15076066275383834,ok,False,True,False,1
1601,4666079.237264188,7.062409351434157,0.10276086294304976,ok,False,True,False,0
1602,3612635.2982700635,5.815988622346088,0.10657923464799068,ok,False,True,False,0
1603,3812474.235585996,6.607565366511698,0.1066598748284664,ok,False,True,False,0
1604,2142731.076122388,3.003681197974533,0.14002631452094116,ok,False,True,False,1
1605,3595747.6415752387,8.233965326778616,0.0743589069461309,ok,False,True,False,0
1606,3587655.3041829607,7.184115137084172,0.1320777957236421,ok,False,True,False,0
1607,4141315.9603356286,5.708565089000249,0.07223051160644323,ok,False,True,False,0
1608,4029142.616381815,7.818345418816898,0.08862190658511848,ok,False,True,False,0
1609,2357307.685887874,3.26077144443383,0.09052102931246192,ok,False,True,False,0
1610,2267725.2931199414,3.4539303792251648,0.1441178162546527,ok,False,True,False,1
1611,3930260.8117789733,6.732306961928206,0.10549635858779216,ok,False,True,False,0
1612,2342560.331742774,3.5718248181587295,0.1408755842531596,ok,False,True,False,1
1613,3595989.556590784,5.659441860905015,0.1239697055513318,ok,False,True,False,0
1614,4369461.619090817,14.166304969397881,0.13880293688063172,ok,False,True,False,1
1615,2267725.2931199414,3.4944916636792223,0.13162637429040236,ok,False,True,False,0
1616,3626868.476043977,6.851334173930782,0.11695720816744015,ok,False,True,False,0
1617,3621743.447773837,5.2285554198609265,0.11341516654344369,ok,False,True,False,0
1618,3999786.3338876287,5.6575738874258406,0.08688706850276517,ok,False,True,False,0
1619,2267725.2931199414,4.442406900464734,0.11559262065867482,ok,False,True,False,0
1620,3640005.3862939216,4.931794055394837,0.0972836269974936,ok,False,True,False,0
1621,3645353.6649855496,4.519194456052437,0.08703589689923474,ok,False,True,False,0
1622,3588970.1732007037,6.082549547451824,0.10982428583145859,ok,False,True,False,0
1623,3741886.322638175,8.112607866753036,0.10712333874173408,ok,False,True,False,0
1624,4176984.784066045,7.30596306553398,0.09450644608265779,ok,False,True,False,0
1625,3627598.360671121,5.661359185075609,0.12301647259216181,ok,False,True,False,0
1626,3600096.6912478413,9.132850031461418,0.09943359583849631,ok,False,True,False,0
1627,2349719.955294122,3.583236362773501,0.113558491568888,ok,False,True,False,0
1628,3762014.5835790993,5.9143651297123006,0.13280932878196228,ok,False,True,False,0
1629,4075010.095923524,5.64469788689493,0.11704321590843025,ok,False,True,False,0
1630,5006105.542176684,6.184708377985899,0.11381453440331468,ok,False,True,False,0
1631,3908991.9874433465,5.7432076542200985,0.12889729049657156,ok,False,True,False,0
1632,3609710.5943815075,4.586544718670265,0.11032357306916651,ok,False,True,False,0
1633,2980790.490822688,3.8604392670229224,0.09781055122476473,ok,False,True,False,0
1634,3588560.6867778474,5.268762106817215,0.10508225739223442,ok,False,True,False,0
1635,3976813.833278154,12.770592925830883,0.08103038699079257,ok,False,True,False,0
1636,3589724.410902572,6.0683824610258075,0.07474109443060051,ok,False,True,False,0
1637,3621689.8703610427,4.749677055915944,0.12472624159857004,ok,False,True,False,0
1638,2342560.331742774,3.6945710368675084,0.14970552981566163,ok,False,True,False,1
1639,2142731.076122388,3.136050087406814,0.14093912863440297,ok,False,True,False,1
1640,2267725.2931199414,3.6527036911902755,0.11810557041708669,ok,False,True,False,0
1641,4660229.921880419,18.90242149455691,0.12265839464309236,ok,False,True,False,0
1642,3629680.907953459,4.166817062829967,0.0932271346904393,ok,False,True,False,0
1643,3882235.7272441536,7.684925586111407,0.10521110202291983,ok,False,True,False,0
1644,3613572.4509880585,4.770259984890537,0.1247806138434614,ok,False,True,False,0
1645,3619042.8439664356,6.407737744269947,0.10643019427840839,ok,False,True,False,0
1646,3696423.5503525697,6.118635458604801,0.09989260451563231,ok,False,True,False,0
1647,2267725.2931199414,4.040416060500856,0.12112086262493771,ok,False,True,False,0
1648,3697446.254521373,7.197693137677692,0.07916051841378513,ok,False,True,False,0
1649,3597431.0966855157,10.113989971658741,0.12076238835963637,ok,False,True,False,0
1650,4114372.386797939,6.922283437516029,0.13072444261036398,ok,False,True,False,0
1651,3593096.699628834,5.339067997374319,0.09171628303251822,ok,False,True,False,0
1652,3894770.5387169444,12.960171922435196,0.10248715950101528,ok,False,True,False,0
1653,3671064.3233228056,4.918744628852902,0.13754238137642527,ok,False,True,False,1
1654,4114023.1150588267,6.193263763537517,0.09334431867305332,ok,False,True,False,0
1655,3715392.0625083633,5.6777643392233355,0.12016643198517274,ok,False,True,False,0
1656,4326260.134519221,5.576391751586513,0.11155266486870785,ok,False,True,False,0
1657,2357307.685887874,3.434039915112655,0.08639495193088176,ok,False,True,False,0
1658,3613690.956910592,6.721040184666821,0.053180237998064706,ok,False,True,False,0
1659,2349511.4431106183,4.314001902202228,0.0813064545113501,ok,False,True,False,0
1660,3820513.786357187,4.86405399971196,0.10089508129367863,ok,False,True,False,0
1661,3596749.9770151037,6.907399636812358,0.1086592417470309,ok,False,True,False,0
1662,3595148.047474408,4.612586049662443,0.08163062277586419,ok,False,True,False,0
1663,3878858.331470661,6.2246990511915525,0.12696083872845387,ok,False,True,False,0
1664,3891041.417496949,5.762350196710074,0.061645816496588735,ok,False,True,False,0
1665,3158053.491710955,5.102298292007534,0.10975739362529535,ok,False,True,False,0
1666,3773120.6433947,4.9682335154626305,0.1267272581439049,ok,False,True,False,0
1667,3942622.3535179854,6.718722701273505,0.09238167188120339,ok,False,True,False,0
1668,4019033.896591782,5.392744119594637,0.12520638099062298,ok,False,True,False,0
1669,3886502.0635846187,6.920403066334923,0.10869732322263348,ok,False,True,False,0
1670,3628189.015787447,4.969392346802991,0.11714432236511424,ok,False,True,False,0
1671,4308832.165196855,5.026807301479611,0.06509669248343758,ok,False,True,False,0
1672,4034431.24946215,5.637807032676235,0.10804563353240687,ok,False,True,False,0
1673,3652462.551131444,4.725573421803155,0.10691858186804526,ok,False,True,False,0
1674,3728909.48593621,5.417410610752525,0.11577070046317803,ok,False,True,False,0
1675,3668700.45120696,9.056575727870825,0.09562264375023444,ok,False,True,False,0
1676,4653214.639077956,8.832221822501559,0.08240702842402892,ok,False,True,False,0
1677,2342560.331742774,4.6498815182919495,0.20036936406957648,ok,False,True,False,1
1678,4127403.9437863985,7.300111783296146,0.11005584401952323,ok,False,True,False,0
1679,2342560.331742774,4.434741335901871,0.10765027764729429,ok,False,True,False,0
1680,4604254.666095943,21.55923203833436,0.11667548414581952,ok,False,True,False,0
1681,3650611.916697782,4.907294767856511,0.13327108396924203,ok,False,True,False,0
1682,3631077.8148991168,8.867434742758935,0.07718847517470534,ok,False,True,False,0
1683,3900118.994925567,5.890397010125841,0.10081977092667666,ok,False,True,False,0
1684,2267725.2931199414,3.826131233924727,0.13972871397147446,ok,False,True,False,1
1685,3815798.11481163,7.267411723299058,0.11712121623928912,ok,False,True,False,0
1686,3660165.464726244,6.427689092345247,0.1107320429857157,ok,False,True,False,0
1687,3613228.5772554255,6.6150008846313835,0.13018836062473638,ok,False,True,False,0
1688,2349719.955294122,3.7585121040027984,0.10994231532141668,ok,False,True,False,0
1689,3595679.02720438,5.089037503227123,0.11223692189218837,ok,False,True,False,0
1690,4276945.285805837,4.285908554608405,0.0692915656258204,ok,False,True,False,0
1691,3675903.902390084,5.611283650437018,0.07574790232137907,ok,False,True,False,0
1692,2142731.076122388,3.8961929003666183,0.12502145631052303,ok,False,True,False,0
1693,3922531.6716001877,4.631528491296032,0.09984088180864903,ok,False,True,False,0
1694,4130720.499910601,6.472304065075306,0.07113664377312845,ok,False,True,False,0
1695,3595266.60091811,6.949553650866216,0.08136638933541496,ok,False,True,False,0
1696,3651496.511423548,6.186673553096338,0.11206291688275072,ok,False,True,False,0
1697,3695384.5040694214,5.0788299019732905,0.07803640598659833,ok,False,True,False,0
1698,2090177.9550635067,3.086024475098884,0.14618096903631927,ok,False,True,False,1
1699,3594483.6859970456,6.751868037717861,0.09031846152188383,ok,False,True,False,0
1700,2267725.2931199414,3.362757277831573,0.09105449988682246,ok,False,True,False,0
1701,2090177.9550635067,3.2342902906133446,0.1351549147171982,ok,False,True,False,0
1702,3647120.0617843037,6.327619024364631,0.15852559389085963,ok,False,True,False,1
1703,3621546.1241101827,6.43311951171858,0.10831506158026316,ok,False,True,False,0
1704,3879257.545523375,6.018238964790646,0.07806456814755705,ok,False,True,False,0
1705,4511076.205243393,6.166853557758715,0.13250031193261724,ok,False,True,False,0
1706,3261364.380769941,3.827499435973471,0.10310196717384165,ok,False,True,False,0
1707,3670083.2655650424,6.109570264223935,0.10855645098376576,ok,False,True,False,0
1708,3658379.1719770753,7.543962751655596,0.08181180794360027,ok,False,True,False,0
1709,3600271.1953351907,7.080211457756865,0.1479323291255754,ok,False,True,False,1
1710,3693287.072665548,7.935878535143959,0.13935976708640108,ok,False,True,False,1
1711,3727854.054544068,7.473155311420481,0.09099539102254817,ok,False,True,False,0
1712,3610878.3411771576,5.423974273889581,0.13285516208147552,ok,False,True,False,0
1713,3957704.227353186,5.720385275839825,0.10469508889972506,ok,False,True,False,0
1714,3974219.0674683065,5.729686463137029,0.1506631708082823,ok,False,True,False,1
1715,2267725.2931199414,4.006903399481468,0.09950979906187207,ok,False,True,False,0
1716,3615292.5067519457,5.859077633662357,0.09858792674884587,ok,False,True,False,0
1717,2349719.955294122,4.208692028191906,0.10949492118380999,ok,False,True,False,0
1718,3623134.6852627564,6.9939658364133015,0.13765171487537875,ok,False,True,False,1
1719,4488043.854837935,6.671928530359704,0.12289466144248606,ok,False,True,False,0
1720,3642821.1169310696,7.972560605238831,0.11096636049829617,ok,False,True,False,0
1721,3601914.3514830587,4.866085413716894,0.10035477713672425,ok,False,True,False,0
1722,2609060.086809957,3.7322781540453134,0.09345257460559464,ok,False,True,False,0
1723,3625052.103173002,5.233179827801427,0.09933934601043826,ok,False,True,False,0
1724,3767690.794466893,5.90150980219837,0.1258833733003677,ok,False,True,False,0
1725,3877187.100709069,8.160906599985163,0.1107937908077542,ok,False,True,False,0
1726,3886736.3358946694,7.181694161932312,0.08348150024685241,ok,False,True,False,0
1727,2342560.331742774,4.360387596092327,0.12498353096112458,ok,False,True,False,0
1728,3717221.5434203334,8.335544815461823,0.12274184787000614,ok,False,True,False,0
1729,4171093.1416286165,2.983627854017152,0.11338374845916444,ok,False,True,False,0
1730,3675048.4300948954,5.213941940410648,0.13533946532534658,ok,False,True,False,0
1731,4463839.522940079,10.300170350847893,0.15715223162026315,ok,False,True,False,1
1732,2267725.2931199414,3.636337015343462,0.11377646050771062,ok,False,True,False,0
1733,2267725.2931199414,4.251913513625876,0.1385861529342467,ok,False,True,False,1
1734,3650623.668521658,4.3828805087270695,0.09647928366911551,ok,False,True,False,0
1735,2349511.4431106183,3.8666539904738078,0.14801449224024243,ok,False,True,False,1
1736,3896182.827916864,6.353010074717601,0.0830210044564822,ok,False,True,False,0
1737,2349719.955294122,3.7890605849040266,0.1283148925918059,ok,False,True,False,0
1738,3765144.6088558813,6.533484956446913,0.1090018233010126,ok,False,True,False,0
1739,3714119.1428098953,6.59753614411649,0.14128465335128215,ok,False,True,False,1
1740,2581618.0750895645,4.011245663958514,0.08203359861664206,ok,False,True,False,0
1741,3837199.8251807843,6.5421341551219445,0.08401352300606701,ok,False,True,False,0
1742,2349511.4431106183,3.259213394264876,0.08296617831073233,ok,False,True,False,0
1743,3587761.483575833,9.970274830793107,0.0814963385769617,ok,False,True,False,0
1744,3625493.831591892,5.538972394471602,0.06977680471999803,ok,False,True,False,0
1745,3586775.548887568,6.697788401061644,0.0691444219394377,ok,False,True,False,0
1746,3784130.059171702,4.629524440979748,0.09472104437971318,ok,False,True,False,0
1747,2349719.955294122,3.953916849002545,0.06576043202830667,ok,False,True,False,0
1748,4593868.883933557,10.303471217459656,0.16253372141580458,ok,False,True,False,1
1749,3658647.51952052,5.726861859695893,0.08991530766067501,ok,False,True,False,0
1750,3593246.4158588746,7.178426906490509,0.12287670676698204,ok,False,True,False,0
1751,2008285.854183121,3.6222533258408665,0.14612896756584404,ok,False,True,False,1
1752,2267725.2931199414,3.2234148244286924,0.08178980265894109,ok,False,True,False,0
1753,4206964.418116812,7.06945017791716,0.1314150240414288,ok,False,True,False,0
1754,3716873.4243579195,5.514132945622067,0.09768874946221046,ok,False,True,False,0
1755,3600308.6419792804,5.61675924967583,0.1263795495212765,ok,False,True,False,0
1756,4032024.3315564934,9.072534160340116,0.09907100053130596,ok,False,True,False,0
1757,2342560.331742774,3.5140914295242314,0.13126558736224403,ok,False,True,False,0
1758,3618807.9322763504,4.068872506119352,0.04910383106493442,ok,False,True,False,0
1759,4730498.395012364,10.306217673983813,0.07850830417007415,ok,False,True,False,0
1760,2142731.076122388,3.498042225929614,0.12653743997072042,ok,False,True,False,0
1761,2349511.4431106183,3.5480375868458536,0.12389844713863118,ok,False,True,False,0
1762,3698601.920478952,6.63817714090079,0.07116633895172486,ok,False,True,False,0
1763,3773345.459001962,5.44538060314776,0.11448127942434028,ok,False,True,False,0
1764,3950249.0337551194,5.946647106559387,0.054170887631877274,ok,False,True,False,0
1765,3618883.195364152,6.394092185996876,0.12570510338057117,ok,False,True,False,0
1766,3587281.598327095,5.412867780331899,0.1500666396294239,ok,False,True,False,1
1767,3641191.8315975615,7.316630272898976,0.10378216494601716,ok,False,True,False,0
1768,3597901.2439256553,6.790339296667846,0.10309366161212905,ok,False,True,False,0
1769,3726276.3040694883,4.8601121629379005,0.09058380895539012,ok,False,True,False,0
1770,2342560.331742774,3.8547561411871247,0.12597111103757996,ok,False,True,False,0
1771,3739557.258854525,4.747060775659348,0.1404708686974604,ok,False,True,False,1
1772,4054629.094515487,7.684205845537259,0.11252864060533063,ok,False,True,False,0
1773,3590368.3534381427,5.140426679391405,0.10246388848576093,ok,False,True,False,0
1774,2267725.2931199414,4.391649820630125,0.1122520148739452,ok,False,True,False,0
1775,3843758.036152328,4.216055004594743,0.09898767644097795,ok,False,True,False,0
1776,3667151.594250074,4.4301401255781725,0.08855948409842757,ok,False,True,False,0
1777,2342560.331742774,3.722585022578626,0.12687227015337454,ok,False,True,False,0
1778,4231235.563002232,8.205445118792603,0.09138943433637259,ok,False,True,False,0
1779,2267725.2931199414,3.780261970979882,0.11569507986022753,ok,False,True,False,0
1780,2628545.67143199,4.009770968075924,0.10334439353051417,ok,False,True,False,0
1781,3649068.514508475,5.525209326567559,0.14650693138631898,ok,False,True,False,1
1782,2581618.0750895645,3.958827602419678,0.06194762550537469,ok,False,True,False,0
1783,2342560.331742774,4.241514632183291,0.134051753961264,ok,False,True,False,0
1784,3831988.0849210327,5.740034607347515,0.1051754557787401,ok,False,True,False,0
1785,3974973.6849386333,6.711409655737471,0.10455322390868874,ok,False,True,False,0
1786,3954662.803727705,5.291563435601288,0.10698794127339384,ok,False,True,False,0
1787,3588927.509747743,4.385143348342245,0.0736676460847441,ok,False,True,False,0
1788,3982143.049201284,7.149655424051045,0.1256154293499594,ok,False,True,False,0
1789,3602433.2574044815,10.56558520770139,0.15283308962218456,ok,False,True,False,1
1790,3808678.237289928,4.2060504030799315,0.08293366598765328,ok,False,True,False,0
1791,2581618.0750895645,5.1941074366954,0.09854435632577596,ok,False,True,False,0
1792,3641751.074004213,5.988361128270149,0.09460029660093272,ok,False,True,False,0
1793,3691802.0596730863,6.685232176480419,0.11611039277869561,ok,False,True,False,0
1794,3261364.380769941,4.599284564748878,0.11316204285122355,ok,False,True,False,0
1795,3588147.2415191075,6.4380746651699665,0.1278117131709552,ok,False,True,False,0
1796,3645922.2588724964,6.567454151322856,0.10910370315816542,ok,False,True,False,0
1797,2581618.0750895645,3.8740118386433164,0.08591980323933576,ok,False,True,False,0
1798,3594807.636062305,5.183793930875865,0.07990345853478709,ok,False,True,False,0
1799,3969111.7526604785,6.465303050107939,0.12354849776980592,ok,False,True,False,0
1800,3857327.0163165443,7.873908822262333,0.08511889448338494,ok,False,True,False,0
1801,4411674.5041697,9.069813160383044,0.0949256986140915,ok,False,True,False,0
1802,2267725.2931199414,3.9749682688091457,0.09106380762919819,ok,False,True,False,0
1803,2349719.955294122,3.181366098034887,0.07259583086088875,ok,False,True,False,0
1804,3617844.8284539534,7.462512427012369,0.12673445124543947,ok,False,True,False,0
1805,2786813.40424396,4.402563397631599,0.12445815055805881,ok,False,True,False,0
1806,3759960.0780975823,5.261318249701503,0.11820379500190792,ok,False,True,False,0
1807,4228262.502174564,11.104478163722879,0.12316172525577329,ok,False,True,False,0
1808,4980398.093539528,11.648105359434862,0.13697168381528202,ok,False,True,False,1
1809,3646919.8583296123,4.915856973343616,0.12199087058636937,ok,False,True,False,0
1810,3900459.3014118816,9.475595482301218,0.11217441619921031,ok,False,True,False,0
1811,3601479.2217150102,5.689709254666841,0.08051475225016147,ok,False,True,False,0
1812,4434965.360503114,6.748114629274308,0.12132911848160932,ok,False,True,False,0
1813,3603706.790084388,5.945262914215635,0.1265776429937575,ok,False,True,False,0
1814,4250973.759416301,10.774748623591618,0.14263243126552372,ok,False,True,False,1
1815,3601848.597877228,4.796021582463666,0.10025571770569852,ok,False,True,False,0
1816,3662531.499831844,5.609098998955476,0.10464692862423164,ok,False,True,False,0
1817,3637984.517025869,5.733368443468787,0.09361416338633083,ok,False,True,False,0
1818,4299533.362705198,5.683498905414431,0.09156931711829985,ok,False,True,False,0
1819,3611484.002963387,6.534564279525211,0.12013122174971336,ok,False,True,False,0
1820,3592583.0510389092,6.627813824368246,0.11392375706785629,ok,False,True,False,0
1821,3753202.891199611,10.303148616065636,0.12697436867700806,ok,False,True,False,0
1822,2581618.0750895645,4.33952105739749,0.12098103189006626,ok,False,True,False,0
1823,3636071.183420217,3.5706285559095945,0.08326121148401117,ok,False,True,False,0
1824,3734050.0278795646,5.809275268479788,0.0835699639332409,ok,False,True,False,0
1825,4122784.3805440315,7.5788593735958445,0.16008933499247746,ok,False,True,False,1
1826,3612524.0158447707,5.053262312993894,0.11414272795026525,ok,False,True,False,0
1827,2416638.8374307705,4.739258197421632,0.13772803179809634,ok,False,True,False,1
1828,3690713.093868451,4.961469572786173,0.09542644735913669,ok,False,True,False,0
1829,3822745.4162625265,4.107453751478552,0.09217437894485536,ok,False,True,False,0
1830,3742614.236403575,8.296608183795026,0.09454502481463622,ok,False,True,False,0
1831,3646124.0164077296,5.313885457262153,0.13805604211002998,ok,False,True,False,1
1832,3598371.1052233013,6.821679869713353,0.07815494100333914,ok,False,True,False,0
1833,3656032.524964285,4.470364637713323,0.08550210214253784,ok,False,True,False,0
1834,2349511.4431106183,3.3787121322725655,0.10081246668656751,ok,False,True,False,0
1835,3594141.6498812195,7.643091216971387,0.15036391017908646,ok,False,True,False,1
1836,3674471.543574998,5.137723405239512,0.08305630872225644,ok,False,True,False,0
1837,3690626.7821634905,5.23537409970781,0.121865610274209,ok,False,True,False,0
1838,4915992.78571738,7.718686465683776,0.136126414212274,ok,False,True,False,1
1839,3763572.6426167283,5.5193783379303145,0.13309640463533073,ok,False,True,False,0
1840,3596112.471124612,5.925007478386909,0.14999591253867112,ok,False,True,False,1
1841,3944883.224378075,4.9454942484396645,0.14075931051666113,ok,False,True,False,1
1842,3635317.771722456,5.61467915550437,0.08264286137519644,ok,False,True,False,0
1843,3668167.5261007226,5.4911735354035445,0.11174140020256201,ok,False,True,False,0
1844,3594400.2681311914,4.431246817235461,0.0709426605365725,ok,False,True,False,0
1845,3594900.3732481026,5.828682831486144,0.09638977919749425,ok,False,True,False,0
1846,2349511.4431106183,3.822034586716981,0.12465783855993162,ok,False,True,False,0
1847,3883839.530217666,5.17317165925878,0.09780839798090457,ok,False,True,False,0
1848,3613235.1178289354,4.80073968670421,0.09016782154891706,ok,False,True,False,0
1849,2342560.331742774,3.8063200098213184,0.12890242004290087,ok,False,True,False,0
1850,3681343.1704979516,4.83233693055228,0.09412264509300694,ok,False,True,False,0
1851,4298346.60948576,12.676730307192898,0.10173368415070677,ok,False,True,False,0
1852,3735806.304470181,5.413128589272998,0.08870012725503729,ok,False,True,False,0
1853,3795879.8792121327,5.347946511849108,0.11994341405759656,ok,False,True,False,0
1854,3604643.3570825206,5.2369541610582555,0.12201878182921527,ok,False,True,False,0
1855,3643184.012869043,3.625334157385196,0.11369231626523701,ok,False,True,False,0
1856,3717248.0658785873,8.359925223590444,0.07632645576345648,ok,False,True,False,0
1857,3682339.3719155025,6.870001858178884,0.10493190760868931,ok,False,True,False,0
1858,2609060.086809957,4.177584391429013,0.11988348467963278,ok,False,True,False,0
1859,2342560.331742774,3.359050379109807,0.09751123953146168,ok,False,True,False,0
1860,3607534.5116506466,7.408122447205794,0.10272100754799274,ok,False,True,False,0
1861,2267725.2931199414,3.836809625524383,0.10945956306764182,ok,False,True,False,0
1862,3612368.716719541,7.934353802657428,0.06799299411791748,ok,False,True,False,0
1863,2349511.4431106183,3.7479355187703822,0.14859697768425162,ok,False,True,False,1
1864,3586358.360904228,5.513159997221795,0.11398068361492203,ok,False,True,False,0
1865,3607511.0047866306,6.213294037819985,0.11313281252414387,ok,False,True,False,0
1866,2416638.8374307705,3.7049559553409974,0.12437065743700648,ok,False,True,False,0
1867,3595569.8213653807,5.198418233106371,0.09938909778374805,ok,False,True,False,0
1868,3590272.8762516677,8.279341274492037,0.15159160620293244,ok,False,True,False,1
1869,6242548.280557771,10.201064355107267,0.14238036202592985,ok,False,True,False,1
1870,2342560.331742774,4.489629599751624,0.14052558704542573,ok,False,True,False,1
1871,3592192.570036673,5.721314910592349,0.13447588617963624,ok,False,True,False,0
1872,3731201.8621627036,5.268206528735241,0.06452513234049873,ok,False,True,False,0
1873,3619600.805473391,5.9815733384491,0.15106638355116575,ok,False,True,False,1
1874,3705566.662202084,6.004300109398659,0.07445528564402015,ok,False,True,False,0
1875,3771713.148424752,6.112026093815423,0.1238485700928843,ok,False,True,False,0
1876,3846315.9191576946,4.360065598072781,0.0926409598989279,ok,False,True,False,0
1877,5244594.19593945,8.802807706073269,0.12209616224477232,ok,False,True,False,0
1878,2142731.076122388,3.4775993624777533,0.13720769291953888,ok,False,True,False,1
1879,3594537.3335769624,7.149115261956001,0.10946072765848153,ok,False,True,False,0
1880,2342560.331742774,3.879968134470329,0.12146670957034716,ok,False,True,False,0
1881,2142731.076122388,3.3822508123401436,0.13303398034581038,ok,False,True,False,0
1882,3715716.6724371314,8.799138459495854,0.08774058128300977,ok,False,True,False,0
1883,3598827.8710077275,11.494778179800045,0.11803833615940251,ok,False,True,False,0
1884,3594382.8342973264,4.887825042671607,0.09255182001575235,ok,False,True,False,0
1885,3716894.2827781583,7.521177933529734,0.08111356207738707,ok,False,True,False,0
1886,3597989.180264822,5.21752469347461,0.09305524364341156,ok,False,True,False,0
1887,3632008.692538065,5.362353686584558,0.06358224250931765,ok,False,True,False,0
1888,3941649.280394704,4.330268715210252,0.08536670760659959,ok,False,True,False,0
1889,4027419.465180481,7.534263642700369,0.10642020506294358,ok,False,True,False,0
1890,3975585.18041072,9.374461647875163,0.10344010261310232,ok,False,True,False,0
1891,3621093.6844009967,7.022073600047479,0.07637977741886781,ok,False,True,False,0
1892,3649253.4083808293,5.361604096762148,0.0751711293423809,ok,False,True,False,0
1893,2980790.490822688,4.099723029254738,0.09802514725433809,ok,False,True,False,0
1894,3809638.3171093627,6.105712427112521,0.07298806226095744,ok,False,True,False,0
1895,3776511.4528295626,6.942166717588062,0.08037137959798252,ok,False,True,False,0
1896,4473219.989361222,11.399147094171585,0.12720562834696436,ok,False,True,False,0
1897,3605361.7040173127,4.556883788312064,0.055880124224596595,ok,False,True,False,0
1898,3613199.5538095143,5.548039703688714,0.09921850344600436,ok,False,True,False,0
1899,3687650.11645315,6.194386964196276,0.14997318281367228,ok,False,True,False,1
1900,4364856.146592463,6.398119398986714,0.11080913514069834,ok,False,True,False,0
1901,3280705.556872033,5.123020523430179,0.093293960537153,ok,False,True,False,0
1902,2008285.854183121,3.3015085033316027,0.14404592256937496,ok,False,True,False,1
1903,3614733.4620856997,6.321831543252115,0.09513323910375815,ok,False,True,False,0
1904,3605923.6935107247,4.732127824256168,0.08049965360951883,ok,False,True,False,0
1905,3650313.749312634,4.629000789502497,0.09446565677356855,ok,False,True,False,0
1906,3633330.8792410335,5.495523854755153,0.11626616606591528,ok,False,True,False,0
1907,4052161.690541644,7.399496212492635,0.10836755318381419,ok,False,True,False,0
1908,3802086.8290956095,5.291932477209275,0.09195804528513818,ok,False,True,False,0
1909,3626543.7456146535,5.72358250986161,0.07797256257478191,ok,False,True,False,0
1910,4017636.710038886,7.355764360873126,0.08172495739768537,ok,False,True,False,0
1911,3686760.2268964187,5.228845531812038,0.10832697418565995,ok,False,True,False,0
1912,3668188.3063075803,5.5021826121240265,0.10245677317634039,ok,False,True,False,0
1913,4921921.718033913,10.040549829973124,0.1503519027878671,ok,False,True,False,1
1914,2954199.321293613,6.211189569083144,0.1443204732530483,ok,False,True,False,1
1915,3632399.44816363,8.145247925426023,0.08458081385788152,ok,False,True,False,0
1916,3627281.914001416,5.618863787144816,0.10124481974225497,ok,False,True,False,0
1917,2142731.076122388,3.0947662273181105,0.1420457797898187,ok,False,True,False,1
1918,4032650.982192495,10.0946823178934,0.08957271191981986,ok,False,True,False,0
1919,3603036.1476897537,7.527234535112463,0.08356628276256473,ok,False,True,False,0
1920,3641830.823787202,6.45264418256743,0.08972404384049765,ok,False,True,False,0
1921,3822671.408854452,12.195136766160847,0.11606031002901473,ok,False,True,False,0
1922,2090177.9550635067,3.373012253324342,0.1398716388539385,ok,False,True,False,1
1923,2142731.076122388,3.3381692687091102,0.13889161902130065,ok,False,True,False,1
1924,3762084.5886698575,5.608933966822136,0.08188131123156328,ok,False,True,False,0
1925,3666146.5485181245,7.399060885704152,0.10540855242826874,ok,False,True,False,0
1926,4985815.631996561,7.110967229284641,0.10598426962670582,ok,False,True,False,0
1927,3587955.0073774243,6.267804860458097,0.07364687107614226,ok,False,True,False,0
1928,4511867.206515864,7.772638632549235,0.07779615529053818,ok,False,True,False,0
1929,4804056.392546853,9.355209988837869,0.10665572395041945,ok,False,True,False,0
1930,3632104.3934194106,5.042726555880578,0.11617473029615544,ok,False,True,False,0
1931,3959968.0415547793,8.580769585952265,0.12549645984893598,ok,False,True,False,0
1932,5266989.293251551,12.999696388420885,0.12003218488316536,ok,False,True,False,0
1933,4119838.726076775,6.192110693572654,0.11914951768604565,ok,False,True,False,0
1934,3686037.5418498423,6.5831898903265955,0.10754917887909721,ok,False,True,False,0
1935,3606724.2994682514,5.780815521323596,0.06840955880984889,ok,False,True,False,0
1936,3593537.162201091,5.905485525303169,0.09618297722914998,ok,False,True,False,0
1937,4134488.1795596858,8.039189085138862,0.10574999158947074,ok,False,True,False,0
1938,3899431.349324814,3.476239721977907,0.09193764869266544,ok,False,True,False,0
1939,3845539.021589272,5.678295300280523,0.11722837567318845,ok,False,True,False,0
1940,2342560.331742774,3.83495463115421,0.05208660042391233,ok,False,True,False,0
1941,3650194.790786691,5.813853712961687,0.10067823107680757,ok,False,True,False,0
1942,3599493.5774677093,8.058040449560341,0.10045447837559707,ok,False,True,False,0
1943,2267725.2931199414,3.3219916439844246,0.08240172112990174,ok,False,True,False,0
1944,3695949.92363281,5.170963368904489,0.0793924874834353,ok,False,True,False,0
1945,3589152.117226704,9.283570616258121,0.11930986418721606,ok,False,True,False,0
1946,3667689.307113906,5.445888697197371,0.07174565230198449,ok,False,True,False,0
1947,2267725.2931199414,3.4966321208813054,0.08365827838270468,ok,False,True,False,0
1948,3606068.703890926,8.248426250477419,0.10920955556103407,ok,False,True,False,0
1949,4606805.304596205,7.835086828749898,0.08911744654421305,ok,False,True,False,0
1950,4482769.794394459,10.347474573470166,0.14444169608468282,ok,False,True,False,1
1951,2267725.2931199414,3.5883234605566794,0.1306362728587147,ok,False,True,False,0
1952,3706612.0087459963,4.25288799209714,0.10044911075221141,ok,False,True,False,0
1953,4106123.43437578,4.647782326332855,0.07696698282226971,ok,False,True,False,0
1954,2342560.331742774,3.52942251368549,0.1049545265562758,ok,False,True,False,0
1955,3713108.0627115113,6.256831539070905,0.1403317788023935,ok,False,True,False,1
1956,3853659.6398415,6.575252462731245,0.12200835591160963,ok,False,True,False,0
1957,2628545.67143199,3.5499621169724,0.07749666256293997,ok,False,True,False,0
1958,3765090.4520698925,6.58943453407043,0.10306633867511161,ok,False,True,False,0
1959,3877869.467250993,8.3639695302886,0.15632455873577467,ok,False,True,False,1
1960,2342560.331742774,3.899713629948263,0.12556386165446692,ok,False,True,False,0
1961,2342560.331742774,3.99990470584824,0.10002944018447735,ok,False,True,False,0
1962,3713503.599570637,8.439698009586166,0.12354766051193006,ok,False,True,False,0
1963,3594259.9024353814,4.13343213852103,0.07071132439159339,ok,False,True,False,0
1964,4656096.114445096,8.194350986785567,0.08464713764568521,ok,False,True,False,0
1965,3596133.893981305,5.820875236921368,0.10558656160078206,ok,False,True,False,0
1966,3967080.533913432,4.943170712237924,0.08564483382793608,ok,False,True,False,0
1967,2008285.854183121,2.906785167595594,0.09781647736619936,ok,False,True,False,0
1968,3601231.197265449,5.992289466138959,0.08226568200629891,ok,False,True,False,0
1969,3776451.1404933017,8.388791929793005,0.09110918072240115,ok,False,True,False,0
1970,3834308.1403887672,8.462829560259344,0.11129584692833594,ok,False,True,False,0
1971,3870503.619737352,6.603613413041637,0.0878449398358474,ok,False,True,False,0
1972,4619143.304689759,12.014506232744024,0.15213738018131762,ok,False,True,False,1
1973,2581618.0750895645,4.424563600151638,0.11836322276935218,ok,False,True,False,0
1974,3280705.556872033,4.80931625274264,0.1591275537203909,ok,False,True,False,1
1975,3621951.451889274,5.855319319856485,0.09083905434080086,ok,False,True,False,0
1976,2678205.374785724,4.520494635663834,0.1301138707170979,ok,False,True,False,0
1977,4977510.394928168,12.005409298949345,0.13494102948468578,ok,False,True,False,0
1978,3626136.97324053,4.898122317284549,0.08583653564642113,ok,False,True,False,0
1979,3770655.902943086,8.636920921892484,0.09617160023233773,ok,False,True,False,0
1980,3594597.3321141307,4.5475549099844095,0.11490129012428085,ok,False,True,False,0
1981,3701531.3229183736,4.582096095371042,0.10816130783829597,ok,False,True,False,0
1982,4650661.8372111,5.213567934117051,0.1185425778736246,ok,False,True,False,0
1983,3893824.492933454,7.703670138380394,0.0964172225379033,ok,False,True,False,0
1984,3654776.848708711,5.411083194447533,0.09650485608698267,ok,False,True,False,0
1985,3617826.277288374,5.113950049664527,0.13524764196804706,ok,False,True,False,0
1986,3756513.6702833744,6.533704547320145,0.12427512347813796,ok,False,True,False,0
1987,3680866.878709646,5.3798267704763125,0.125139583759316,ok,False,True,False,0
1988,3819186.680612405,8.315213816728544,0.14057471799605292,ok,False,True,False,1
1989,3993509.367207388,4.72477791830674,0.1036962987581701,ok,False,True,False,0
1990,2342560.331742774,3.247685591665648,0.10675359843277843,ok,False,True,False,0
1991,2357307.685887874,3.141094494874447,0.0974493099033007,ok,False,True,False,0
1992,2628545.67143199,3.810732495373342,0.0722912927561799,ok,False,True,False,0
1993,3932820.2286356464,6.628051537002543,0.10582511463683769,ok,False,True,False,0
1994,3628527.0004586647,4.608614062563648,0.12764293950619443,ok,False,True,False,0
1995,4187413.8504783013,6.201443427918762,0.08852566208810986,ok,False,True,False,0
1996,2349511.4431106183,3.9284280898212796,0.12625018753402614,ok,False,True,False,0
1997,3664950.2446139944,7.386928919893281,0.14069587432791436,ok,False,True,False,1
1998,3742357.0293877893,5.239732115780569,0.08249400532400197,ok,False,True,False,0
1999,4015574.1206246307,7.530603114518479,0.12411286233521157,ok,False,True,False,0
2000,3589154.333004863,4.212049625083251,0.12551632959181702,ok,False,True,False,0
2001,3967034.486920555,5.06036935600364,0.09653584562506878,ok,False,True,False,0
2002,3657651.9357145564,7.7065917764593,0.1342933276220145,ok,False,True,False,0
2003,2378837.9975668644,3.2213473583063967,0.16099785635064545,ok,False,True,False,1
2004,2267725.2931199414,3.7503347785455388,0.11570267008692336,ok,False,True,False,0
2005,3613368.6547834636,5.32363639857394,0.0802630276208548,ok,False,True,False,0
2006,3860467.7271696646,5.883767388920032,0.09148768322960765,ok,False,True,False,0
2007,3886315.390953455,4.150731823433041,0.10105946910035446,ok,False,True,False,0
2008,3820487.274561237,5.042525357000882,0.09848978366146499,ok,False,True,False,0
2009,3896651.032713272,6.846478376847872,0.10416819880161521,ok,False,True,False,0
2010,2772356.9728852585,3.6443244667330035,0.11897227416625769,ok,False,True,False,0
2011,2357307.685887874,4.2604179797967845,0.13055201869295274,ok,False,True,False,0
2012,3587235.024490111,5.827170965307583,0.1230496852404242,ok,False,True,False,0
2013,3647569.7357177446,6.818108592392398,0.11252351308068587,ok,False,True,False,0
2014,3616771.1385788233,5.149687781615679,0.10247056643602093,ok,False,True,False,0
2015,3792165.393344519,6.873898591311608,0.08199400508140875,ok,False,True,False,0
2016,3662435.444525704,5.300698285456058,0.08971400223601234,ok,False,True,False,0
2017,3587679.550062312,9.260736673164986,0.17358608152117244,ok,False,True,False,1
2018,4794177.92570918,8.08628901685648,0.09967911513337119,ok,False,True,False,0
2019,4699528.692961582,6.825394547127982,0.11629552915104607,ok,False,True,False,0
2020,4269409.867663272,10.462826513352843,0.10803111343331506,ok,False,True,False,0
2021,3158053.491710955,3.8659785520141448,0.13046667361922923,ok,False,True,False,0
2022,3624837.8145547234,4.671037991756055,0.133356959786604,ok,False,True,False,0
2023,2267725.2931199414,3.3200632435295936,0.1399099451966156,ok,False,True,False,1
2024,3756457.5730378367,6.500499483692909,0.09547963289270933,ok,False,True,False,0
2025,3770284.512726946,5.739310862286698,0.07778930046356924,ok,False,True,False,0
2026,2678205.374785724,4.478669160639411,0.17183977918185445,ok,False,True,False,1
2027,2267725.2931199414,3.7030184998641023,0.07461049887874532,ok,False,True,False,0
2028,4405522.079450441,9.4250939961723,0.11076938267558256,ok,False,True,False,0
2029,3674563.3314425293,6.16762860076709,0.11639722984635004,ok,False,True,False,0
2030,3646951.116196913,4.861446123132049,0.0759805961497591,ok,False,True,False,0
2031,3635477.45569478,5.776173781040655,0.07735345143975303,ok,False,True,False,0
2032,4427241.150052942,7.027366642502745,0.08173521094843733,ok,False,True,False,0
2033,4976397.525499495,8.466282906817527,0.11249149924983759,ok,False,True,False,0
2034,3586914.141033449,7.824531715459427,0.10055147354188465,ok,False,True,False,0
2035,2349511.4431106183,3.5543244116049997,0.13885403774327376,ok,False,True,False,1
2036,2267725.2931199414,4.0551420885087985,0.10212994174744847,ok,False,True,False,0
2037,3695269.9968657806,4.773498856716294,0.1169058914225406,ok,False,True,False,0
2038,3630651.19919087,6.9833682977435645,0.07499072313844757,ok,False,True,False,0
2039,3650632.9280958637,4.606174308715147,0.08931944260781943,ok,False,True,False,0
2040,4037830.91050211,7.506221123457107,0.09947695255810729,ok,False,True,False,0
2041,2267725.2931199414,3.5849462572173385,0.09627331563612695,ok,False,True,False,0
2042,4051843.210815513,6.8977704948520735,0.12458094965806077,ok,False,True,False,0
2043,3805794.7759068776,7.095054997519488,0.09076849353762007,ok,False,True,False,0
2044,3589613.3183826027,6.583108404917404,0.10000004061278422,ok,False,True,False,0
2045,3596567.5165020255,4.726358401585662,0.09596644643772145,ok,False,True,False,0
2046,4958869.688070691,15.772874550548183,0.1265780754358113,ok,False,True,False,0
2047,2349511.4431106183,4.648961124470814,0.11905462363413266,ok,False,True,False,0
2048,2267725.2931199414,3.9248747837815774,0.10538913152765916,ok,False,True,False,0
2049,2678205.374785724,4.478464403657129,0.09813152497438099,ok,False,True,False,0
2050,2581618.0750895645,3.8054349656996815,0.06297432285670035,ok,False,True,False,0
2051,5236393.480119802,7.137774486002306,0.11965784686413738,ok,False,True,False,0
2052,4536295.2428708635,9.438432327695255,0.1460818103123842,ok,False,True,False,1
2053,3653893.8566022594,6.159925082035773,0.06864359986271495,ok,False,True,False,0
2054,3595507.0342035745,6.486875230233917,0.105178436153618,ok,False,True,False,0
2055,3673980.44508882,5.351820588247178,0.14016686588600086,ok,False,True,False,1
2056,3705117.5716224657,7.1698045027595425,0.0877139957452151,ok,False,True,False,0
2057,4064815.1967043383,7.745834018709437,0.10684121127373625,ok,False,True,False,0
2058,3779089.281987423,8.740739675084928,0.1464352203622198,ok,False,True,False,1
2059,3601618.0293533714,6.995913972955411,0.0889221517677069,ok,False,True,False,0
2060,2581618.0750895645,4.530456827370786,0.10053679187276131,ok,False,True,False,0
2061,2142731.076122388,3.297309150208157,0.13061192164903812,ok,False,True,False,0
2062,3740972.466415979,5.3033455504791,0.14044486966854636,ok,False,True,False,1
2063,2772356.9728852585,4.778018734203359,0.15529015463261442,ok,False,True,False,1
2064,2267725.2931199414,3.6392172408852614,0.09777165502099738,ok,False,True,False,0
2065,3655002.5401512855,7.020523236977591,0.09694199160633737,ok,False,True,False,0
2066,3643682.962174195,4.635602887107929,0.10008689762812714,ok,False,True,False,0
2067,2581618.0750895645,3.78666854264493,0.1272849429016033,ok,False,True,False,0
2068,3590549.9637796413,7.237635417648932,0.13102722942456257,ok,False,True,False,0
2069,4708053.6211408395,11.787306633234234,0.09967872980995707,ok,False,True,False,0
2070,3586822.3095691227,6.902016041023571,0.11563736021876003,ok,False,True,False,0
2071,3712728.417776754,6.49228389668301,0.1506245545988122,ok,False,True,False,1
2072,2678205.374785724,4.228914390121459,0.12914984096779036,ok,False,True,False,0
2073,3731624.9260837804,8.346551629609484,0.08029066360755432,ok,False,True,False,0
2074,3603996.272741927,5.2778795589860685,0.08605390080429975,ok,False,True,False,0
2075,3846703.8303501974,6.598194915145189,0.083321316927923,ok,False,True,False,0
2076,3789594.971102876,5.20680687458898,0.10874293601020857,ok,False,True,False,0
2077,3739766.09373462,6.965374291481524,0.10952598195466323,ok,False,True,False,0
2078,2008285.854183121,3.148450885682755,0.1385957370102675,ok,False,True,False,1
2079,3988618.146180173,3.9108010582789805,0.13634989878426185,ok,False,True,False,1
2080,2267725.2931199414,3.8793042334353776,0.09079914235297426,ok,False,True,False,0
2081,3649700.017287603,6.648359298685051,0.15390385438995463,ok,False,True,False,1
2082,4278961.018713105,6.674886482522632,0.13985369896229372,ok,False,True,False,1
2083,3739739.6520591914,6.34544575784167,0.07580029193554344,ok,False,True,False,0
2084,2609060.086809957,4.145915477822599,0.12018818026602118,ok,False,True,False,0
2085,3701990.790067981,7.111736913365348,0.09676367911438549,ok,False,True,False,0
2086,3593099.65039779,8.19103476408241,0.10060702292123491,ok,False,True,False,0
2087,4179461.6603340236,8.46896079447585,0.12504546110593018,ok,False,True,False,0
2088,3606826.407804288,6.419038735249034,0.13730554622167956,ok,False,True,False,1
2089,3659348.1757908557,7.137540325306255,0.11153947306041889,ok,False,True,False,0
2090,4119251.046577317,5.642876695149601,0.10878482897199404,ok,False,True,False,0
2091,2267725.2931199414,4.284208802873025,0.09300038878982642,ok,False,True,False,0
2092,3983840.9293996105,6.001385254571903,0.09153571041515374,ok,False,True,False,0
2093,3659088.9100047806,6.752325616665528,0.07488919221368709,ok,False,True,False,0
2094,3686512.7598372856,5.231483411555208,0.08343045211473255,ok,False,True,False,0
2095,3627162.393941475,4.483730071970667,0.12304940197777225,ok,False,True,False,0
2096,2342560.331742774,3.488634375459134,0.09309351909563346,ok,False,True,False,0
2097,3681385.5429228353,8.653196209189552,0.11959946631356999,ok,False,True,False,0
2098,3596912.638748692,5.279869242675443,0.11230636982875597,ok,False,True,False,0
2099,2342560.331742774,4.011421364555698,0.1153031842354143,ok,False,True,False,0
2100,3798970.1195225855,6.128699385273572,0.11560913546084395,ok,False,True,False,0
2101,3610546.0243007396,5.711830008522489,0.13184801260659207,ok,False,True,False,0
2102,4441399.84013668,8.72252470397728,0.1440065805680517,ok,False,True,False,1
2103,4829247.784579479,6.590537188765657,0.12642935906346864,ok,False,True,False,0
2104,3607168.749202322,5.623264687278153,0.07720512149561287,ok,False,True,False,0
2105,2628545.67143199,4.509211157493699,0.13771762957402556,ok,False,True,False,1
2106,3930917.898905489,3.9144746325979196,0.07408486180097187,ok,False,True,False,0
2107,3592141.81820134,6.080147519239173,0.08897335674780193,ok,False,True,False,0
2108,3619043.3956029,8.087082432786708,0.13835659842963222,ok,False,True,False,1
2109,3959227.3680361053,5.184266869644762,0.10205425401122736,ok,False,True,False,0
2110,2267725.2931199414,3.9150795558295357,0.13320880473627983,ok,False,True,False,0
2111,3629632.5905927108,5.946565730716212,0.08846992627976213,ok,False,True,False,0
2112,3697305.715101185,5.480702151444683,0.07384993217082758,ok,False,True,False,0
2113,3644166.2445975607,7.309310721797479,0.123345717464444,ok,False,True,False,0
2114,4460890.164486908,5.041781088358948,0.1041312485519238,ok,False,True,False,0
2115,3621854.890696801,4.962220605377316,0.09027201990704947,ok,False,True,False,0
2116,3740823.7281738142,5.1635188308606015,0.12356119341639582,ok,False,True,False,0
2117,2267725.2931199414,3.58266188790822,0.12329576460152802,ok,False,True,False,0
2118,3600817.5379849,8.490550690017447,0.15058611477888884,ok,False,True,False,1
2119,3616747.7109304634,4.8503238097500105,0.0896386725096433,ok,False,True,False,0
2120,3596933.187268031,4.943016292873636,0.09540286006524368,ok,False,True,False,0
2121,3815899.106698691,4.934296928724317,0.10127381988549877,ok,False,True,False,0
2122,3991020.887231956,5.817387503441514,0.09306095444651619,ok,False,True,False,0
2123,3743018.3929790338,5.617963721908213,0.05714595298610484,ok,False,True,False,0
2124,4552843.476174075,8.631811574902983,0.14723904295216672,ok,False,True,False,1
2125,3957595.115339673,5.892805993031362,0.1142758530824689,ok,False,True,False,0
2126,3677175.20636818,4.548426505647479,0.1200024862988387,ok,False,True,False,0
2127,3622414.1868978557,5.785979663858568,0.12070362936079115,ok,False,True,False,0
2128,4196722.0752479285,8.97683444023087,0.1459424269652192,ok,False,True,False,1
2129,3641062.0426768186,5.079901284665022,0.06817172729297216,ok,False,True,False,0
2130,3932169.082861181,5.28271733237097,0.0615727467889674,ok,False,True,False,0
2131,3863980.1448935345,9.843304306146628,0.0845469425274552,ok,False,True,False,0
2132,2416638.8374307705,3.8191628579172354,0.13399860194075258,ok,False,True,False,0
2133,3686660.5011363826,6.6842328194445875,0.12980452074587695,ok,False,True,False,0
2134,3812446.1409343444,3.9137980373358423,0.10820585140430533,ok,False,True,False,0
2135,3632057.4879197786,7.4006961096716495,0.07683318460902605,ok,False,True,False,0
2136,3589431.4919325747,8.133673447021753,0.11166443122764225,ok,False,True,False,0
2137,2267725.2931199414,3.926560258688717,0.1449729440485249,ok,False,True,False,1
2138,3833720.5091236937,4.460120802461853,0.08832707312471699,ok,False,True,False,0
2139,3620558.4273795327,6.23804021953837,0.09067051081444855,ok,False,True,False,0
2140,2581618.0750895645,4.751085713649077,0.12914915008354055,ok,False,True,False,0
2141,2090177.9550635067,2.9431141339205116,0.13050694190106576,ok,False,True,False,0
2142,2349511.4431106183,3.7297450383824864,0.1394671483577975,ok,False,True,False,1
2143,2342560.331742774,4.408315557592022,0.12883062327749473,ok,False,True,False,0
2144,3860373.366034175,5.393136455958168,0.08396755899252645,ok,False,True,False,0
2145,3732329.6160799135,9.276761431314853,0.1172999666923496,ok,False,True,False,0
2146,2416638.8374307705,3.705478897635077,0.14260895984043442,ok,False,True,False,1
2147,3629198.676934561,7.018316378289437,0.08668437837184295,ok,False,True,False,0
2148,3720900.472756008,5.176149483037079,0.0691620450244271,ok,False,True,False,0
2149,4017878.274707008,4.192002951696412,0.11696013207280698,ok,False,True,False,0
2150,4197776.887617391,6.965204056209697,0.06614658093002102,ok,False,True,False,0
2151,4358857.52884384,5.488134436382726,0.14048882573852983,ok,False,True,False,1
2152,4017570.1743649384,6.926251666043147,0.08694397749540711,ok,False,True,False,0
2153,3591805.67897999,6.988784035163302,0.0892365890606987,ok,False,True,False,0
2154,3858297.1384919896,7.577681330858633,0.146989249903694,ok,False,True,False,1
2155,3738502.5023569036,5.969851353871396,0.0753417880502062,ok,False,True,False,0
2156,2267725.2931199414,3.830149606596128,0.15170054119419585,ok,False,True,False,1
2157,3627652.2168373237,6.561424047793028,0.13448146885350432,ok,False,True,False,0
2158,3758580.0402016155,4.534757970400891,0.0888400841417688,ok,False,True,False,0
2159,3621612.6487308517,5.973667139917138,0.08971743298013213,ok,False,True,False,0
2160,3627392.238942925,6.391128357106356,0.11366028735413358,ok,False,True,False,0
2161,3686552.124135404,5.71656693069212,0.0935239366486631,ok,False,True,False,0
2162,4674078.202996266,7.188914683819639,0.11102515519661355,ok,False,True,False,0
2163,3598497.47736687,6.075400137627047,0.11185135377117278,ok,False,True,False,0
2164,3929943.2211006302,11.010952746734493,0.1547607749118411,ok,False,True,False,1
2165,3634817.305557571,5.4074545389070545,0.15341346468304173,ok,False,True,False,1
2166,4352793.600849774,7.732631321088146,0.1316235450213391,ok,False,True,False,0
2167,2090177.9550635067,2.9669784141991995,0.13008796226083486,ok,False,True,False,0
2168,3706086.245763884,5.254137955483118,0.10911592328050745,ok,False,True,False,0
2169,3671422.554118043,4.903594481047717,0.12125627380589998,ok,False,True,False,0
2170,4816539.640170193,22.472204378166026,0.13711451074435965,ok,False,True,False,1
2171,3923275.5232083774,7.326209240318806,0.09038747267998681,ok,False,True,False,0
2172,2342560.331742774,3.614242272991128,0.11476006744993017,ok,False,True,False,0
2173,3666525.33442238,5.562899230616621,0.07117783317496107,ok,False,True,False,0
2174,3693195.6387773184,4.894538737553541,0.11656443442840625,ok,False,True,False,0
2175,2342560.331742774,3.6239514639001644,0.14628414162463577,ok,False,True,False,1
2176,4377645.340259292,8.024204169059939,0.11389635936285925,ok,False,True,False,0
2177,3612856.101004118,4.597207937026624,0.0939898488716252,ok,False,True,False,0
2178,2342560.331742774,3.5509157474236517,0.13306323009775878,ok,False,True,False,0
2179,3959228.475647062,6.189942922954689,0.11070642193406288,ok,False,True,False,0
2180,3645037.2571116094,5.330766580334717,0.1240438597982782,ok,False,True,False,0
2181,2349719.955294122,3.88143418684592,0.11153187212319865,ok,False,True,False,0
2182,4440837.904980467,9.951852259075293,0.13403920661978383,ok,False,True,False,0
2183,3622239.9820704856,5.0162193278023315,0.12362863856234801,ok,False,True,False,0
2184,3862150.978072051,4.77299947660882,0.0822380337800156,ok,False,True,False,0
2185,3859208.7265950795,4.109237237629906,0.10145284642880165,ok,False,True,False,0
2186,3628253.67320946,5.993173501221765,0.08213803953932386,ok,False,True,False,0
2187,3616207.7934018415,6.621510214925079,0.1222655499828208,ok,False,True,False,0
2188,3598922.8601564947,5.966489383347375,0.0954779462020876,ok,False,True,False,0
2189,3661497.1920588105,4.860022490542583,0.1077306851866785,ok,False,True,False,0
2190,3664653.301356241,6.682832157005166,0.17337716108375378,ok,False,True,False,1
2191,2628545.67143199,4.000007637320717,0.115351267574402,ok,False,True,False,0
2192,2267725.2931199414,3.885157227563633,0.11722658587801227,ok,False,True,False,0
2193,3715698.8639304717,8.09114786486991,0.08991332919045691,ok,False,True,False,0
2194,3735598.0729096653,4.30857698530107,0.0959775326832028,ok,False,True,False,0
2195,3911417.9081610395,3.893400263596843,0.1288852754579487,ok,False,True,False,0
2196,2342560.331742774,3.9321052082577728,0.12037136365990919,ok,False,True,False,0
2197,3597336.048756635,5.330275740385937,0.14236671517586375,ok,False,True,False,1
2198,4301446.459722012,9.801792082845726,0.1318994317707538,ok,False,True,False,0
2199,2267725.2931199414,3.485395210741036,0.12754466502209483,ok,False,True,False,0
2200,3913183.190060725,6.64018532565344,0.10701625387577399,ok,False,True,False,0
2201,3659096.827067115,5.919071303758317,0.07598927309551096,ok,False,True,False,0
2202,2349511.4431106183,3.346524753659296,0.11897093079809173,ok,False,True,False,0
2203,2678205.374785724,4.691664851086392,0.13659645794823483,ok,False,True,False,1
2204,3612800.9175034883,6.445272935655026,0.10730868391615334,ok,False,True,False,0
2205,4214423.35270588,5.598200139948066,0.11705754598690199,ok,False,True,False,0
2206,2342560.331742774,3.639315675977783,0.10287020231987454,ok,False,True,False,0
2207,2342560.331742774,4.056805695133265,0.09821074756531101,ok,False,True,False,0
2208,3673500.309725134,5.756006965066839,0.1048820499260249,ok,False,True,False,0
2209,3597647.5358931813,4.774570167857609,0.08061926972631306,ok,False,True,False,0
2210,4613918.818131452,13.734805950006935,0.11624635045656107,ok,False,True,False,0
2211,4026710.854127546,7.917105874276514,0.11186745691398325,ok,False,True,False,0
2212,3590670.1873785118,4.6207840760705245,0.08939626456917482,ok,False,True,False,0
2213,3845890.721625931,8.646085998866482,0.11171034049120177,ok,False,True,False,0
2214,4823327.707494135,8.409517773531942,0.12275140624732817,ok,False,True,False,0
2215,4560239.547436096,5.753708133030193,0.09546078324457041,ok,False,True,False,0
2216,3588216.4612526777,4.676160402482136,0.0993272239177016,ok,False,True,False,0
2217,3622525.3784503266,5.532679246438891,0.0889427160812507,ok,False,True,False,0
2218,3591765.002537416,5.371622119115879,0.10084420006049277,ok,False,True,False,0
2219,3989608.3635042203,8.252431772317586,0.12383245407105925,ok,False,True,False,0
2220,3969683.694359884,8.08294813096985,0.09608298866359266,ok,False,True,False,0
2221,3593872.2583731585,5.717303006688436,0.1333741773846293,ok,False,True,False,0
2222,3888241.301080925,7.461488739575115,0.12500542964959854,ok,False,True,False,0
2223,3593989.25544116,6.305276451276347,0.10531738473216612,ok,False,True,False,0
2224,3849130.132157816,5.307803442018172,0.10716633497569063,ok,False,True,False,0
2225,3986700.1535189077,4.404010215262678,0.11068123288204809,ok,False,True,False,0
2226,3665585.3284175107,6.863555695947042,0.10797988732779627,ok,False,True,False,0
2227,3634129.604376982,6.429420062435097,0.10879798978961197,ok,False,True,False,0
2228,2267725.2931199414,3.652056092066553,0.12123873544525832,ok,False,True,False,0
2229,3646238.6035947963,5.274614269019894,0.09728091465112026,ok,False,True,False,0
2230,3634117.4705376956,4.862929387986855,0.08180630224573665,ok,False,True,False,0
2231,3828254.9552063746,6.772658036566819,0.12618178024205506,ok,False,True,False,0
2232,4040649.4940457977,6.70179097873481,0.14092768351932172,ok,False,True,False,1
2233,3617189.6308607324,4.724546447604344,0.11257342062176451,ok,False,True,False,0
2234,3616806.7711277655,5.774316966760369,0.1155869540456973,ok,False,True,False,0
2235,3723463.443928724,4.897744747566375,0.12026596030552456,ok,False,True,False,0
2236,3815266.0453495197,6.0760330867310035,0.05612643704681963,ok,False,True,False,0
2237,3685139.1376031474,5.245574256780698,0.11335748106032428,ok,False,True,False,0
2238,2267725.2931199414,3.8751775595522497,0.0889964314328664,ok,False,True,False,0
2239,3674692.69681686,6.067165000367077,0.11125338149740482,ok,False,True,False,0
2240,5675055.219782915,6.698172131973585,0.17952824283335533,ok,False,True,False,1
2241,5195520.038327034,7.451325785374723,0.11313239393985719,ok,False,True,False,0
2242,3624960.5265765153,5.672431836389386,0.09278512521745952,ok,False,True,False,0
2243,3629303.947052579,5.72992199243397,0.12038214265087543,ok,False,True,False,0
2244,3603960.6930154627,5.397776985828016,0.08104692443259764,ok,False,True,False,0
2245,2142731.076122388,3.36357701298905,0.1504937924382635,ok,False,True,False,1
2246,3607466.3025409826,5.126008228531593,0.08098729636206975,ok,False,True,False,0
2247,3158053.491710955,5.306024418758769,0.11095824275647254,ok,False,True,False,0
2248,3669729.432539661,5.487206533620656,0.13256203060881722,ok,False,True,False,0
2249,4130614.071885517,7.475674055007659,0.08003565306427346,ok,False,True,False,0
2250,2342560.331742774,4.110315941596677,0.11399722338059426,ok,False,True,False,0
2251,3586034.9375401745,5.760336761813123,0.1056131054659889,ok,False,True,False,0
2252,2090177.9550635067,3.510305023246858,0.13238057134076048,ok,False,True,False,0
2253,2581618.0750895645,3.1475629417641033,0.06966981657253984,ok,False,True,False,0
2254,3701280.87027968,6.850031763201466,0.13762844158518972,ok,False,True,False,1
2255,3607692.420434246,5.511640385165102,0.13228500758311545,ok,False,True,False,0
2256,4029095.7766475067,5.576312676961797,0.07341981315386659,ok,False,True,False,0
2257,3947433.034284211,7.054904413406628,0.08865405898694712,ok,False,True,False,0
2258,2581618.0750895645,3.795753339422126,0.07034363069264926,ok,False,True,False,0
2259,3716612.9994679736,5.105968427810034,0.07440367588603847,ok,False,True,False,0
2260,3630867.175501972,6.093263914008059,0.11753470127640953,ok,False,True,False,0
2261,3779322.154091488,4.774861229169548,0.0806525093835252,ok,False,True,False,0
2262,3738004.634498738,6.042352579869998,0.09712134884563906,ok,False,True,False,0
2263,3590188.9460984464,6.2356077216062005,0.11425201475199409,ok,False,True,False,0
2264,4036920.6345665725,5.172902934345599,0.1309797929581944,ok,False,True,False,0
2265,2349511.4431106183,3.735621166582596,0.09439153101468645,ok,False,True,False,0
2266,2267725.2931199414,3.6703450964033864,0.11230957911842016,ok,False,True,False,0
2267,3821158.23096439,4.483679567290967,0.09637560671459752,ok,False,True,False,0
2268,3781382.380894993,4.918418497450059,0.14083435113910525,ok,False,True,False,1
2269,3814104.680121236,5.7870891315503385,0.09341268997735752,ok,False,True,False,0
2270,2142731.076122388,3.2826036803702077,0.15000330801289863,ok,False,True,False,1
2271,3776645.542151873,6.269548129904902,0.10783777996341481,ok,False,True,False,0
2272,3711389.9486446744,5.42212566915308,0.08630280362671261,ok,False,True,False,0
2273,2773471.102127803,4.411656766999758,0.1638935296095389,ok,False,True,False,1
2274,3606140.4789878246,5.5708049588649615,0.09435020035579278,ok,False,True,False,0
2275,3775400.225003615,4.271698942867519,0.09707099358842364,ok,False,True,False,0
2276,2349511.4431106183,4.463167381583553,0.08536715631378776,ok,False,True,False,0
2277,3593974.2071540654,6.832412491603568,0.0799809797937715,ok,False,True,False,0
2278,3615305.7631462403,5.471789755975545,0.09404598620201177,ok,False,True,False,0
2279,3595110.595164263,5.45238833889539,0.07667058888168132,ok,False,True,False,0
2280,2267725.2931199414,4.2691389210016695,0.07620827442265576,ok,False,True,False,0
2281,3726945.0746350805,9.003220697150478,0.09902990979506698,ok,False,True,False,0
2282,3690918.032251305,4.442122053892197,0.08795778068198457,ok,False,True,False,0
2283,3729466.324577627,8.2391186843616,0.09472406390823651,ok,False,True,False,0
2284,3261364.380769941,6.066108068227353,0.14064015125741536,ok,False,True,False,1
2285,3767249.6210765,6.560624366911804,0.11097924288022654,ok,False,True,False,0
2286,3968532.9828046937,5.032056641794415,0.10362227021378176,ok,False,True,False,0
2287,3645496.97104599,4.683643176932879,0.07942212522370654,ok,False,True,False,0
2288,3630849.820641171,8.739014532362038,0.1005551457677839,ok,False,True,False,0
2289,3622819.5196945993,6.58036138997533,0.09763760895752793,ok,False,True,False,0
2290,3592576.2606818345,7.508533463803859,0.15139407225894846,ok,False,True,False,1
2291,2581618.0750895645,4.0316662352194506,0.11168192676886846,ok,False,True,False,0
2292,2342560.331742774,3.4543566436716104,0.1112149290228357,ok,False,True,False,0
2293,2267725.2931199414,3.853263205112265,0.14428898124235023,ok,False,True,False,1
2294,3712372.5528741507,5.713093879889999,0.09896487072553395,ok,False,True,False,0
2295,3738846.5940664853,8.195424135990104,0.16504851419585287,ok,False,True,False,1
2296,3659244.0513688186,5.9919608855003945,0.10995039526206302,ok,False,True,False,0
2297,3628147.5376710333,5.180869092811897,0.07463958849137359,ok,False,True,False,0
2298,3627284.7120621284,4.5317739734759215,0.08868964447561523,ok,False,True,False,0
2299,3987752.3286930695,13.220300976667701,0.14700937000276182,ok,False,True,False,1
2300,3647236.819116781,5.924226658704647,0.10654074120775991,ok,False,True,False,0
2301,4145874.2299106466,12.488730247026988,0.06987099836310384,ok,False,True,False,0
2302,3734810.1854579127,6.605483488697602,0.10643031801929281,ok,False,True,False,0
2303,3656640.4650533716,7.1986219584202775,0.14581385797399604,ok,False,True,False,1
2304,4084198.6114650294,5.50349371018911,0.09727529549214231,ok,False,True,False,0
2305,3633047.2599985567,10.02111696937035,0.140186017296006,ok,False,True,False,1
2306,3609884.0303785056,5.815271613334334,0.13165382663307668,ok,False,True,False,0
2307,3793538.462965033,6.932493019958931,0.11412583131374576,ok,False,True,False,0
2308,3963829.581090852,6.316919869930383,0.1344115961021073,ok,False,True,False,0
2309,3606933.0255108527,5.343158152089937,0.12895656817831602,ok,False,True,False,0
2310,4080894.802244169,6.6801289725617945,0.1110841525076176,ok,False,True,False,0
2311,2267725.2931199414,3.7039406527360557,0.16735092453653133,ok,False,True,False,1
2312,3695048.5770615847,6.1876284094280205,0.09787389924056022,ok,False,True,False,0
2313,4653369.792262408,9.866017355709127,0.13431486761005051,ok,False,True,False,0
2314,3614702.14830226,6.272111654169348,0.14699258604790655,ok,False,True,False,1
2315,3668669.22572176,5.50311870051981,0.10961959446064296,ok,False,True,False,0
2316,2142731.076122388,3.0795762161810925,0.17433305708403507,ok,False,True,False,1
2317,3703524.3101453767,7.419486933520976,0.1220752925812108,ok,False,True,False,0
2318,4227157.31580684,8.236602903812997,0.1095179595356558,ok,False,True,False,0
2319,3758586.270950783,6.91878655725705,0.07224643295468733,ok,False,True,False,0
2320,4310429.581831596,5.3576764357415865,0.11542400273092523,ok,False,True,False,0
2321,3695069.9267851138,7.069403729993019,0.10921046076126761,ok,False,True,False,0
2322,4824047.237685119,21.605761898676487,0.18151498124958543,ok,False,True,False,1
2323,2267725.2931199414,3.6289414305767425,0.13889652220141502,ok,False,True,False,1
2324,2954199.321293613,4.350992754185852,0.06741780563249594,ok,False,True,False,0
2325,3734222.9719994864,5.937396714823444,0.12498088683661412,ok,False,True,False,0
2326,3605682.8923552227,5.216735842847231,0.14606344460283494,ok,False,True,False,1
2327,4011725.418741205,5.519374004689424,0.1037007005593229,ok,False,True,False,0
2328,4401355.407402199,6.235098109216471,0.09964817788291214,ok,False,True,False,0
2329,3642950.7477385784,6.991699974756888,0.12134703740596814,ok,False,True,False,0
2330,3616605.105029,6.35908140368199,0.10588917809983289,ok,False,True,False,0
2331,2581618.0750895645,3.9679016370476696,0.12142630592378256,ok,False,True,False,0
2332,2267725.2931199414,4.11077613153901,0.11956361035817153,ok,False,True,False,0
2333,3629266.721711391,7.535709435530975,0.1416977155831171,ok,False,True,False,1
2334,2267725.2931199414,4.051116124599725,0.11837637716373417,ok,False,True,False,0
2335,4246118.728384695,5.130732300861494,0.10024879793802766,ok,False,True,False,0
2336,3655197.368470889,5.891979756902982,0.12828677428906765,ok,False,True,False,0
2337,2609060.086809957,4.32435358334427,0.09653600664644557,ok,False,True,False,0
2338,4648315.093105569,5.710931684102474,0.09955372342408142,ok,False,True,False,0
2339,2772356.9728852585,4.1161978253295235,0.14744377456083468,ok,False,True,False,1
2340,3655523.445327624,4.374378593195734,0.09604411708003324,ok,False,True,False,0
2341,2349511.4431106183,3.4355416423271232,0.10863556627631249,ok,False,True,False,0
2342,3738681.631499319,8.907152070706655,0.08210878313823156,ok,False,True,False,0
2343,3614908.358263752,5.443788807557885,0.14946358756780542,ok,False,True,False,1
2344,3586114.8855679356,4.641984949779368,0.1317622076316708,ok,False,True,False,0
2345,4682332.605988496,9.745608315198606,0.11451422103890752,ok,False,True,False,0
2346,2342560.331742774,3.7636242614644835,0.14098816038439388,ok,False,True,False,1
2347,4052443.5569205917,6.28750753423593,0.07612012204324758,ok,False,True,False,0
2348,4098885.7632505414,12.936061867801945,0.1261221508948973,ok,False,True,False,0
2349,3591356.4580822396,5.424739968534257,0.08299547622580117,ok,False,True,False,0
2350,3614537.196867653,4.922823676990468,0.13867041006859782,ok,False,True,False,1
2351,3627979.9814487975,5.574949767370255,0.13583532095511697,ok,False,True,False,1
2352,3729994.966227773,8.75844505283265,0.10800179275173738,ok,False,True,False,0
2353,4227739.210081784,5.441828330575928,0.07913279159112463,ok,False,True,False,0
2354,4839532.243328089,10.31244617160122,0.10315877812716345,ok,False,True,False,0
2355,3806720.945450447,6.057427381367226,0.04625788563424882,ok,False,True,False,0
2356,3897368.205271111,5.422412133078223,0.07142441714193848,ok,False,True,False,0
2357,3607149.724975452,5.985246978541893,0.11572890525690308,ok,False,True,False,0
2358,4496584.554148778,7.439027284887537,0.1569323301395828,ok,False,True,False,1
2359,3721773.027310105,5.423265537228017,0.06090080760839123,ok,False,True,False,0
2360,3628435.4055928406,3.952237878158324,0.09288410157928839,ok,False,True,False,0
2361,3656444.5872187214,5.891533307761902,0.07592831685614976,ok,False,True,False,0
2362,4519005.887845774,4.956415358434685,0.09373298615793935,ok,False,True,False,0
2363,2581618.0750895645,4.377855645660933,0.10837748813859904,ok,False,True,False,0
2364,2008285.854183121,2.84941153952278,0.10483569815131188,ok,False,True,False,0
2365,2090177.9550635067,3.3467608357536625,0.12890429104353884,ok,False,True,False,0
2366,3594131.4488802645,4.07656494112025,0.08789736508292245,ok,False,True,False,0
2367,3663516.2747100745,6.363676652962308,0.09815448913371072,ok,False,True,False,0
2368,2581618.0750895645,5.036240404582635,0.13002416775848202,ok,False,True,False,0
2369,3631626.0300530447,5.476883675102338,0.1263382568519893,ok,False,True,False,0
2370,3607839.318134397,5.866076319589527,0.12864363351452723,ok,False,True,False,0
2371,2267725.2931199414,3.5798428177407073,0.09752239666371887,ok,False,True,False,0
2372,3592607.135579658,5.1196234594216525,0.11369716195458679,ok,False,True,False,0
2373,3700145.055187763,6.937279757132666,0.09291805176520274,ok,False,True,False,0
2374,3631303.4518164434,6.345594967713524,0.10559359732364632,ok,False,True,False,0
2375,3604404.0979018984,4.864795000446276,0.17022832102382812,ok,False,True,False,1
2376,3588486.5731264004,5.426357297371526,0.05900354765050969,ok,False,True,False,0
2377,2008285.854183121,3.0088699483922876,0.1755855543464807,ok,False,True,False,1
2378,3655186.6339066504,6.3132360568736505,0.13418082231453143,ok,False,True,False,0
2379,3766058.795206758,4.810011647670644,0.1178655097374367,ok,False,True,False,0
2380,3776746.1127731074,9.086585394000823,0.12407146997507956,ok,False,True,False,0
2381,4221270.359618155,6.118941188094402,0.1375452631392119,ok,False,True,False,1
2382,3832645.224605012,6.2257479267087925,0.08113455330180477,ok,False,True,False,0
2383,2349511.4431106183,4.085718789195636,0.14131986648102268,ok,False,True,False,1
2384,3719208.2673631897,8.013384823943355,0.09568061457447208,ok,False,True,False,0
2385,3614972.9686790565,9.017227638958992,0.09823248929358142,ok,False,True,False,0
2386,3645092.6683925623,5.613735963463187,0.08284780123727264,ok,False,True,False,0
2387,3621886.076871313,5.60759433099932,0.11585599036895822,ok,False,True,False,0
2388,4233236.007888043,6.543310168462534,0.11727663804580302,ok,False,True,False,0
2389,3602024.800608279,5.491107507322962,0.11990154567027123,ok,False,True,False,0
2390,3725729.510908073,7.4718642858788336,0.10605813120948537,ok,False,True,False,0
2391,4228012.842092151,8.29554344670727,0.10447718084812857,ok,False,True,False,0
2392,2267725.2931199414,3.590864910604239,0.12538205545901748,ok,False,True,False,0
2393,3591540.3852719343,9.377681802562588,0.08599268246461034,ok,False,True,False,0
2394,3722493.4144064873,7.503063179358948,0.10988829622131036,ok,False,True,False,0
2395,2090177.9550635067,3.179625777487996,0.17606510671970532,ok,False,True,False,1
2396,2090177.9550635067,3.4164501567204866,0.12618473708320044,ok,False,True,False,0
2397,4180515.919372671,7.367760819371381,0.08325610947335782,ok,False,True,False,0
2398,3617126.387367558,4.403743122471443,0.06475937342884597,ok,False,True,False,0
2399,3751429.1819680044,4.153976315758476,0.06793517697795037,ok,False,True,False,0
2400,2581618.0750895645,3.902526685539022,0.10141081602981561,ok,False,True,False,0
2401,3955676.708847222,6.1901327656495635,0.08916416726813545,ok,False,True,False,0
2402,4869041.401956655,9.64528815089679,0.11853400761530253,ok,False,True,False,0
2403,4014141.04226736,5.66898869227369,0.11891984572360959,ok,False,True,False,0
2404,3590999.4798529786,6.36039919374955,0.08351809651149655,ok,False,True,False,0
2405,2267725.2931199414,3.4296014210542953,0.1054008126551822,ok,False,True,False,0
2406,3965977.034029069,13.417876434636815,0.11767208936982132,ok,False,True,False,0
2407,3612189.0266803396,6.18786042941184,0.10059782777489645,ok,False,True,False,0
2408,3608439.1728281793,5.129939141268407,0.0956716012402774,ok,False,True,False,0
2409,3586164.131874915,6.081037283927547,0.05988897678387095,ok,False,True,False,0
2410,3625899.3700171337,10.28336818464638,0.12237793919259016,ok,False,True,False,0
2411,4544643.637657541,9.966189496551637,0.13747715180425635,ok,False,True,False,1
2412,3691879.685386039,6.339186714281099,0.09559906821148711,ok,False,True,False,0
2413,2798038.8762947805,3.304338451718355,0.0985445895262943,ok,False,True,False,0
2414,3680372.704160541,4.897813519520508,0.15065896681476187,ok,False,True,False,1
2415,3726386.4377984246,4.3040864920198505,0.13497528408576742,ok,False,True,False,0
2416,2357307.685887874,3.8152212575523547,0.09990172270484754,ok,False,True,False,0
2417,3610649.6301179673,5.178781921232087,0.14183489724610326,ok,False,True,False,1
2418,3587073.8662075372,6.4870064919461585,0.10124368098292734,ok,False,True,False,0
2419,3629989.0553733683,6.816345906361959,0.12141407370324309,ok,False,True,False,0
2420,3852235.2548063556,9.296161947325977,0.12606175643006526,ok,False,True,False,0
2421,3830919.4340033927,10.645355174797956,0.13012977013223068,ok,False,True,False,0
2422,6051729.460259281,4.816554666163281,0.10460859817941315,ok,False,True,False,0
2423,4490167.792169259,10.125048443182262,0.11075202166401349,ok,False,True,False,0
2424,4013231.8230362423,6.408191876456941,0.14088974290155776,ok,False,True,False,1
2425,3595590.3169450043,6.883341556371942,0.10616049111116899,ok,False,True,False,0
2426,2772356.9728852585,4.16798699390108,0.11656546745325225,ok,False,True,False,0
2427,2628545.67143199,4.174471892305386,0.08837596242333934,ok,False,True,False,0
2428,3630150.9437111546,6.3857947114902895,0.09999892199636151,ok,False,True,False,0
2429,2772356.9728852585,3.698999785674051,0.122298074459527,ok,False,True,False,0
2430,3261364.380769941,4.184777329911126,0.09709133467038183,ok,False,True,False,0
2431,3649960.646529052,8.814421512082259,0.14456862196948583,ok,False,True,False,1
2432,2142731.076122388,3.2273496282285605,0.10766150660706142,ok,False,True,False,0
2433,3744327.8631218467,5.078500756612693,0.0916295734030459,ok,False,True,False,0
2434,3944154.753129401,5.177617952237428,0.11028436762063872,ok,False,True,False,0
2435,3652445.2909214003,6.438662789514275,0.1319403722245212,ok,False,True,False,0
2436,4771880.496155121,12.683949638792065,0.14735604114517445,ok,False,True,False,1
2437,3710362.735458049,7.35386849650407,0.12533591632907615,ok,False,True,False,0
2438,3803425.9954822934,5.953710543451804,0.10570735038678769,ok,False,True,False,0
2439,4047569.7807101044,6.569454563743315,0.07347897483854826,ok,False,True,False,0
2440,2267725.2931199414,3.565306831959133,0.13188167367588155,ok,False,True,False,0
2441,3634655.357659583,5.48671233070775,0.08087744099014177,ok,False,True,False,0
2442,2342560.331742774,3.981219139294554,0.11574067203063887,ok,False,True,False,0
2443,4902631.72335957,7.512483785752315,0.13990133475350575,ok,False,True,False,1
2444,3606168.5563955954,4.823319240880915,0.08563555503878506,ok,False,True,False,0
2445,3611783.6892975015,5.6415299668828975,0.11803870934616845,ok,False,True,False,0
2446,2342560.331742774,3.7598993756245074,0.09800595523236022,ok,False,True,False,0
2447,3599033.342367097,6.683093942853126,0.06951550552662,ok,False,True,False,0
2448,3670279.4063559338,7.271177232234143,0.07251534639547169,ok,False,True,False,0
2449,3597716.86048471,5.820879142309141,0.08535725254439464,ok,False,True,False,0
2450,2267725.2931199414,3.464504957149678,0.11600608888534625,ok,False,True,False,0
2451,2772356.9728852585,4.120100538630353,0.1255336329258655,ok,False,True,False,0
2452,4607264.905808298,6.812132623314661,0.08903558792889249,ok,False,True,False,0
2453,3681714.598737628,5.371427240148008,0.10632970690576637,ok,False,True,False,0
2454,3646718.1760223447,7.206040337555985,0.11052092261594726,ok,False,True,False,0
2455,3622279.38971051,4.959764959191227,0.063322320106601,ok,False,True,False,0
2456,3795302.8390850252,7.384249476218584,0.11438133177403154,ok,False,True,False,0
2457,3632203.655518373,5.388257015484199,0.08004637993257868,ok,False,True,False,0
2458,3261364.380769941,3.561322784244087,0.08708866513111677,ok,False,True,False,0
2459,3778602.2484076116,4.345080938861138,0.12114386823268575,ok,False,True,False,0
2460,3607196.6412061383,5.312716918370093,0.07747759599922532,ok,False,True,False,0
2461,3810137.782509374,4.574425013464019,0.08992950365105923,ok,False,True,False,0
2462,3814723.390599768,7.775028347484207,0.11417580099843128,ok,False,True,False,0
2463,3692858.575447483,5.2050844211892775,0.08340595591586597,ok,False,True,False,0
2464,3653162.018098365,4.584542580453681,0.09416157223416555,ok,False,True,False,0
2465,3706341.2082508476,4.980079524745463,0.07747881637448761,ok,False,True,False,0
2466,3865132.6491735065,5.462614884293456,0.0940919898988952,ok,False,True,False,0
2467,3737156.62309721,5.664745844637869,0.0987967089330618,ok,False,True,False,0
2468,3829066.353782297,6.8180108372890595,0.10262561250451382,ok,False,True,False,0
2469,4849555.780779272,6.0153462561409725,0.14652286140607482,ok,False,True,False,1
2470,3701732.36695415,4.926199533166429,0.12258090208630579,ok,False,True,False,0
2471,3826825.3705695905,5.183713000787851,0.05553423041809591,ok,False,True,False,0
2472,4327984.45638035,8.058836809943559,0.1387026843355511,ok,False,True,False,1
2473,4031140.319535976,6.2268004964361925,0.11493531164089699,ok,False,True,False,0
2474,2628545.67143199,4.300509846325475,0.1362164420684388,ok,False,True,False,1
2475,2267725.2931199414,3.5417611567294274,0.11674448112650304,ok,False,True,False,0
2476,3670186.873938742,5.602846670673333,0.1119988992335823,ok,False,True,False,0
2477,3617829.219454559,5.012847294942894,0.12034642539584922,ok,False,True,False,0
2478,3638330.2636901513,5.270961313907908,0.14526463602862955,ok,False,True,False,1
2479,2342560.331742774,3.2658155150469534,0.1267363226913732,ok,False,True,False,0
2480,3642235.773050778,5.654228579916718,0.12065892946293355,ok,False,True,False,0
2481,3594261.134191049,7.270960841488999,0.10478327558427253,ok,False,True,False,0
2482,3889067.777457508,12.30731758029983,0.1624691460328762,ok,False,True,False,1
2483,3635961.82070846,4.751227177054234,0.09881985689296846,ok,False,True,False,0
2484,4538102.308637367,9.54205954704147,0.12980667208843966,ok,False,True,False,0
2485,3601270.204248648,5.594508944084497,0.09799657548037022,ok,False,True,False,0
2486,2581618.0750895645,4.454873355866238,0.10095169449729591,ok,False,True,False,0
2487,3608998.8638178715,5.219106790752316,0.12661243497111574,ok,False,True,False,0
2488,3940087.094098929,5.957229692894538,0.07073294769762639,ok,False,True,False,0
2489,3641144.3561507207,4.934179010450702,0.06782120095193883,ok,False,True,False,0
2490,2090177.9550635067,3.4647295872053117,0.14970906350566507,ok,False,True,False,1
2491,4282365.119358825,8.760689714400124,0.10391680408965465,ok,False,True,False,0
2492,4436392.168143724,9.275694500770886,0.14616627575144947,ok,False,True,False,1
2493,4240644.907844336,10.344881373009553,0.12991418604718552,ok,False,True,False,0
2494,4238261.056674716,4.896949791969728,0.10769889655951048,ok,False,True,False,0
2495,2267725.2931199414,3.674033509190765,0.15080383316773938,ok,False,True,False,1
2496,4052535.4899543044,6.274741532978847,0.09812942558743831,ok,False,True,False,0
2497,3919392.606555067,4.6122279645402084,0.10158325422950819,ok,False,True,False,0
2498,3983777.6297589904,4.502445123297619,0.12812614387721455,ok,False,True,False,0
2499,5315814.125684136,24.881755363465174,0.12029176397840158,ok,False,True,False,0
2500,3702306.4845800656,5.228904086903973,0.08824587097522985,ok,False,True,False,0
2501,2349719.955294122,3.2723449699019183,0.14562741356576892,ok,False,True,False,1
2502,4230909.6416971255,8.495969874056767,0.15138632289387133,ok,False,True,False,1
2503,3787163.9185490273,4.297263179860516,0.09461408218548828,ok,False,True,False,0
2504,3741388.0843490185,5.567238366966076,0.11173511051474605,ok,False,True,False,0
2505,3631499.4703755714,3.9647097832872875,0.0845873637003215,ok,False,True,False,0
2506,2609060.086809957,4.490735450763509,0.11067481764084874,ok,False,True,False,0
2507,3677125.9486932396,6.063428867848467,0.09031298741798482,ok,False,True,False,0
2508,3799457.897959482,5.41819914421543,0.07706659103369029,ok,False,True,False,0
2509,3658471.1591943684,4.908946516247932,0.08782685992070538,ok,False,True,False,0
2510,4957195.959961962,13.225770339201338,0.12574852069091555,ok,False,True,False,0
2511,2267725.2931199414,3.9623168197264023,0.06945996678033983,ok,False,True,False,0
2512,3620959.06033002,7.166457579852467,0.09590900133559321,ok,False,True,False,0
2513,3862645.42995297,4.496117185597937,0.08864216018292159,ok,False,True,False,0
2514,2267725.2931199414,3.1830496549919323,0.08674307023214023,ok,False,True,False,0
2515,3674014.825319992,6.675147446841802,0.0767785571587859,ok,False,True,False,0
2516,3761575.906966825,6.070403438506421,0.13809105709924047,ok,False,True,False,1
2517,4039572.8407385116,4.749182778069036,0.15234695341459586,ok,False,True,False,1
2518,3261364.380769941,4.261964481213079,0.06792130178679151,ok,False,True,False,0
2519,3599643.851449258,4.728819481863885,0.1278712714606376,ok,False,True,False,0
2520,3654682.977980802,5.5550661316862415,0.08901530290342885,ok,False,True,False,0
2521,3592278.8920836537,6.6421427407029165,0.09349291946890209,ok,False,True,False,0
2522,4065933.8034854126,6.7010831456369795,0.11224972122174914,ok,False,True,False,0
2523,2090177.9550635067,3.350322531039514,0.13310970640409797,ok,False,True,False,0
2524,3663564.1480326904,4.275991961488967,0.1083772024576336,ok,False,True,False,0
2525,4944649.572874982,14.333998968697058,0.10782732520655036,ok,False,True,False,0
2526,2581618.0750895645,5.060941730140716,0.11003350485919511,ok,False,True,False,0
2527,3626364.246464569,6.116407813237851,0.12216980943115147,ok,False,True,False,0
2528,3744617.785505602,5.138137589091473,0.07844352383024991,ok,False,True,False,0
2529,3613697.0971542136,4.6202913259925475,0.10601176477075291,ok,False,True,False,0
2530,3620579.8364440394,4.241587211226863,0.09365372542416239,ok,False,True,False,0
2531,3933275.0739300847,7.967895548328504,0.13842174746602673,ok,False,True,False,1
2532,2349511.4431106183,3.7922356875061705,0.11211517523610048,ok,False,True,False,0
2533,2581618.0750895645,3.8905171459256387,0.13214571770390476,ok,False,True,False,0
2534,3586461.905782502,4.7730191593655,0.09078501272545336,ok,False,True,False,0
2535,3593911.437995073,6.838508220733227,0.1464215065921043,ok,False,True,False,1
2536,5253006.28040135,10.244964719345838,0.09975958249448308,ok,False,True,False,0
2537,2267725.2931199414,3.7351474647399443,0.09778903626867397,ok,False,True,False,0
2538,3651096.9997857334,7.478176292686799,0.13258938596714598,ok,False,True,False,0
2539,3640890.589149534,5.685341492140519,0.10967694625836877,ok,False,True,False,0
2540,2349511.4431106183,3.414748509393857,0.12287474487014827,ok,False,True,False,0
2541,3625854.9851999003,6.860947320382397,0.14289368549587955,ok,False,True,False,1
2542,2267725.2931199414,3.6979542020173786,0.11349853541099297,ok,False,True,False,0
2543,3631892.048027385,4.446560294846101,0.1203483486016016,ok,False,True,False,0
2544,4487056.395472564,9.795356641638321,0.11238500725580247,ok,False,True,False,0
2545,4107083.775439771,8.953365235157438,0.07858026369394489,ok,False,True,False,0
2546,4592052.230418578,8.420958901213435,0.12825489452737637,ok,False,True,False,0
2547,2267725.2931199414,3.5590659909717277,0.10559580895656462,ok,False,True,False,0
2548,4137455.0000052038,4.885365601282375,0.09129560144812332,ok,False,True,False,0
2549,3651595.83701804,5.355094349951992,0.1115195644469813,ok,False,True,False,0
2550,3746664.4421651056,5.954405706610929,0.09237937203299706,ok,False,True,False,0
2551,2342560.331742774,3.3675648505087388,0.0699405983614857,ok,False,True,False,0
2552,2142731.076122388,3.3647240963965093,0.13747007283849355,ok,False,True,False,1
2553,3714085.471854741,5.523833841684029,0.06744408275017466,ok,False,True,False,0
2554,5105703.506678485,9.094791183831145,0.11613053170521193,ok,False,True,False,0
2555,3724243.8053687327,4.561976531342694,0.12299151151339738,ok,False,True,False,0
2556,2090177.9550635067,3.362698456776596,0.1264104281394871,ok,False,True,False,0
2557,3594843.8654790465,4.904140121073553,0.11441192913576725,ok,False,True,False,0
2558,3836080.529049673,5.025905341266393,0.07473936869509257,ok,False,True,False,0
2559,2090177.9550635067,2.9848407800796997,0.16513936646601513,ok,False,True,False,1
2560,3733823.473470358,6.6249912559359485,0.08319939244374275,ok,False,True,False,0
2561,4000519.790348341,7.045786756145794,0.08065078902382615,ok,False,True,False,0
2562,4150062.206911104,5.79085339486773,0.10838912930855016,ok,False,True,False,0
2563,2678205.374785724,4.659924358683738,0.08256491849155839,ok,False,True,False,0
2564,3852201.5718911877,6.806709838139713,0.07340974759870544,ok,False,True,False,0
2565,2090177.9550635067,3.5893879090392,0.12732968637650433,ok,False,True,False,0
2566,3766265.7741864896,6.551977093121115,0.12773619326945573,ok,False,True,False,0
2567,3595925.191375863,5.059582891525128,0.10390408958635444,ok,False,True,False,0
2568,3158053.491710955,5.3531785181081935,0.10872996593440198,ok,False,True,False,0
2569,3765151.1975773433,14.598179527168112,0.08420534394397317,ok,False,True,False,0
2570,3597738.1824286366,4.702785483702936,0.10389764409001268,ok,False,True,False,0
2571,2628545.67143199,4.244557315609736,0.11112800755399188,ok,False,True,False,0
2572,3650597.3029508577,5.248140108133442,0.12762871354629568,ok,False,True,False,0
2573,3901966.37204895,4.948666403288039,0.11801744036170125,ok,False,True,False,0
2574,3590070.915670645,5.830196016300074,0.12657819971401407,ok,False,True,False,0
2575,3767094.539675195,3.945445942362222,0.07184443015196418,ok,False,True,False,0
2576,3592171.755929181,6.915518983908367,0.07497442632026108,ok,False,True,False,0
2577,2142731.076122388,3.495055762939088,0.10895919584226854,ok,False,True,False,0
2578,3733557.5333063044,5.23599480892227,0.10619873315383888,ok,False,True,False,0
2579,4169733.6721589104,9.39103986238741,0.11559162291427716,ok,False,True,False,0
2580,2267725.2931199414,3.7392935794320974,0.13471523905641503,ok,False,True,False,0
2581,3888923.395101701,4.800938461542611,0.06499864773769715,ok,False,True,False,0
2582,4000500.6165801804,4.374298600862458,0.09377203786495292,ok,False,True,False,0
2583,2142731.076122388,3.7455952855807726,0.14465102783454387,ok,False,True,False,1
2584,3626790.4036395177,6.440726936506182,0.1302204764813385,ok,False,True,False,0
2585,3261364.380769941,5.342661504952324,0.11388264008168836,ok,False,True,False,0
2586,3602324.628926872,6.792610373307314,0.13696400819455024,ok,False,True,False,1
2587,3612316.1454694807,6.870440051723571,0.10574437400650694,ok,False,True,False,0
2588,3646110.173878987,5.398730401556578,0.09787994558387114,ok,False,True,False,0
2589,3730032.181001019,5.8230203138084065,0.09060385545825089,ok,False,True,False,0
2590,5505328.448891261,14.165543980784825,0.1308952165358105,ok,False,True,False,0
2591,3672300.2584174415,5.9241930013632516,0.08696403822277554,ok,False,True,False,0
2592,4218333.665727932,5.677015892157566,0.10663331150252497,ok,False,True,False,0
2593,4287592.6048848545,3.5086945353061973,0.1261595805365986,ok,False,True,False,0
2594,2267725.2931199414,3.470430747812723,0.12996587368650192,ok,False,True,False,0
2595,3722197.957622339,4.850909375069393,0.06149958755440965,ok,False,True,False,0
2596,3703685.159002269,5.947368462964514,0.09695538558537842,ok,False,True,False,0
2597,4743544.464376479,13.059286886494093,0.11853283893464872,ok,False,True,False,0
2598,3704355.608333116,5.55807310750774,0.10403276064484457,ok,False,True,False,0
2599,2349719.955294122,4.376766096138681,0.11947434459508477,ok,False,True,False,0
2600,2581618.0750895645,3.999201427292035,0.1088406688779201,ok,False,True,False,0
2601,2349719.955294122,3.8453767815900104,0.1442019576783765,ok,False,True,False,1
2602,3714873.469887354,4.048577324262062,0.07096910090328412,ok,False,True,False,0
2603,3609296.4187638853,7.649352886479331,0.1411369170144281,ok,False,True,False,1
2604,3646902.4625345482,7.499840957920234,0.13436921433939963,ok,False,True,False,0
2605,3649026.1300887684,6.540873715061925,0.09143557350043163,ok,False,True,False,0
2606,3608681.6129195243,5.616926902921785,0.12544764596153024,ok,False,True,False,0
2607,3922517.7337268265,5.942977999300282,0.09653363346538421,ok,False,True,False,0
2608,3878463.9508316857,5.618862318625761,0.11783096219464467,ok,False,True,False,0
2609,4206675.423440407,6.508917956037351,0.1362007112876582,ok,False,True,False,1
2610,2267725.2931199414,3.400735234426101,0.11042754406464683,ok,False,True,False,0
2611,3646329.5318070278,6.1062350594777435,0.09857457918474544,ok,False,True,False,0
2612,2267725.2931199414,3.578946940011533,0.11381326632663413,ok,False,True,False,0
2613,3746355.516566263,3.9526250665532756,0.1475601598669688,ok,False,True,False,1
2614,3657746.4803169426,5.940276215686451,0.14240745927574072,ok,False,True,False,1
2615,2142731.076122388,3.3709339220079184,0.16162475528333187,ok,False,True,False,1
2616,3632587.9149668952,5.045762580656073,0.05608806719685833,ok,False,True,False,0
2617,3592920.63851823,4.661086306655413,0.08071061155910719,ok,False,True,False,0
2618,4008895.0036778264,4.923144807740913,0.07942140082551576,ok,False,True,False,0
2619,3801496.729485922,4.655758523126165,0.06921601239877351,ok,False,True,False,0
2620,2267725.2931199414,3.8506042545216532,0.11158020218720033,ok,False,True,False,0
2621,3595917.362099717,5.606443531107128,0.0687230679794969,ok,False,True,False,0
2622,3597397.558999398,5.263441202451792,0.07849578192032602,ok,False,True,False,0
2623,4174547.6827094476,7.888850572744082,0.11552776070159937,ok,False,True,False,0
2624,3780212.784636775,4.781998137086996,0.12942388480928335,ok,False,True,False,0
2625,3616164.1204846096,4.879583699006882,0.0920800954964095,ok,False,True,False,0
2626,3759111.8936144235,4.131306429384806,0.09111183246251198,ok,False,True,False,0
2627,3597857.824007155,5.58623491683137,0.14464303560718939,ok,False,True,False,1
2628,3596069.888595037,5.966179238463163,0.14616569386136374,ok,False,True,False,1
2629,2349511.4431106183,3.64800395786179,0.11941480829170303,ok,False,True,False,0
2630,3620240.272389975,5.79160018961298,0.09255527648943712,ok,False,True,False,0
2631,3904039.530870933,6.956656635767272,0.09977583519414568,ok,False,True,False,0
2632,3606456.131488779,4.641081438371973,0.11049249376168957,ok,False,True,False,0
2633,3633368.887504985,8.370364859668456,0.09455096795319429,ok,False,True,False,0
2634,2142731.076122388,3.5593055577166828,0.12976249055325328,ok,False,True,False,0
2635,2142731.076122388,3.0344004452423,0.14874605263449003,ok,False,True,False,1
2636,3916699.3490893263,5.783285062261674,0.10944673536498556,ok,False,True,False,0
2637,3656841.598886871,4.338189864193262,0.12375910060732087,ok,False,True,False,0
2638,3654081.689388249,5.220765283238082,0.05473466913225811,ok,False,True,False,0
2639,5427147.571124501,7.082592252683385,0.10858629184810042,ok,False,True,False,0
2640,3595497.07588255,6.922982575191784,0.09573365893053265,ok,False,True,False,0
2641,3797457.1609697384,6.412805234136196,0.11921491848931998,ok,False,True,False,0
2642,3622566.208286172,6.859411568781124,0.08302145158451085,ok,False,True,False,0
2643,2008285.854183121,3.0226426174442054,0.15889229185564097,ok,False,True,False,1
2644,3606547.8082540077,5.602072286804718,0.13184260247312374,ok,False,True,False,0
2645,2678205.374785724,3.66486746565592,0.09899661970192342,ok,False,True,False,0
2646,3644344.959305765,8.811379958123359,0.16535122514031875,ok,False,True,False,1
2647,3840713.381811782,6.341897672138606,0.12333501510004719,ok,False,True,False,0
2648,3615098.2155687194,4.810138466608013,0.10396184347015802,ok,False,True,False,0
2649,3632700.9724836317,5.961963995707266,0.10526338376624056,ok,False,True,False,0
2650,2267725.2931199414,4.119246822715317,0.11953828548287782,ok,False,True,False,0
2651,4269274.965895871,5.70719738754299,0.10312917782649943,ok,False,True,False,0
2652,3841217.9772886704,5.500392327790469,0.1335461748179123,ok,False,True,False,0
2653,3637908.386632911,5.809978132362645,0.10534798066420059,ok,False,True,False,0
2654,3632716.806662338,5.970144847759735,0.08985503397958705,ok,False,True,False,0
2655,3639996.676105803,6.405559531604983,0.08226465966578267,ok,False,True,False,0
2656,3618290.7286311537,5.307252704660337,0.11547753715737807,ok,False,True,False,0
2657,3598433.4234864437,5.789427622065346,0.09353245178648568,ok,False,True,False,0
2658,3261364.380769941,5.688834405193346,0.09885307498685236,ok,False,True,False,0
2659,4104372.0505963773,6.573866615223622,0.11279801309376625,ok,False,True,False,0
2660,3983053.288524021,5.704068977437986,0.09215748807354568,ok,False,True,False,0
2661,3978375.413583906,5.49153845394757,0.06939571143359935,ok,False,True,False,0
2662,3620691.4686032957,4.486344131059905,0.11168370163088559,ok,False,True,False,0
2663,3718681.418111945,4.037238373960859,0.11947623669282526,ok,False,True,False,0
2664,3633482.95622605,4.693432705498875,0.07874175752483725,ok,False,True,False,0
2665,4238002.983322918,8.712379712607728,0.10834984700095251,ok,False,True,False,0
2666,3589451.822448198,7.915173838915623,0.07149143058580432,ok,False,True,False,0
2667,3883603.074163939,5.563671874034845,0.09882394217711465,ok,False,True,False,0
2668,4365704.997040735,5.329699218252911,0.1512268087697941,ok,False,True,False,1
2669,3740197.4937554826,4.9710030439284605,0.0920050757594777,ok,False,True,False,0
2670,3692678.5963472477,5.088695099816416,0.1028088708729824,ok,False,True,False,0
2671,2142731.076122388,3.2975799682785274,0.1406231153846228,ok,False,True,False,1
2672,3592552.3657705374,7.476434543741445,0.08808509525103236,ok,False,True,False,0
2673,3594057.498851353,5.2781564454874905,0.0840514233271403,ok,False,True,False,0
2674,3588830.422136714,5.451992112031748,0.08150462362535582,ok,False,True,False,0
2675,3634755.3577583283,5.097878909760167,0.10634669550268072,ok,False,True,False,0
2676,3664079.8786169514,6.310274430908138,0.07070779765243573,ok,False,True,False,0
2677,3893614.704445124,7.591574294855452,0.12044011658093223,ok,False,True,False,0
2678,3604159.0977927316,5.794278036754375,0.06945026894605044,ok,False,True,False,0
2679,4747462.66167959,7.860036050703666,0.11561056243935564,ok,False,True,False,0
2680,2378837.9975668644,3.334759219877481,0.15214709542277915,ok,False,True,False,1
2681,2609060.086809957,4.767830623617056,0.13293344544861418,ok,False,True,False,0
2682,3608993.848545435,5.572511671440612,0.09333544035782393,ok,False,True,False,0
2683,3787286.111167796,7.744096190650636,0.10699862607707161,ok,False,True,False,0
2684,3618310.856955293,6.041400637322373,0.0997112185803174,ok,False,True,False,0
2685,4019418.489602101,5.713864018794097,0.13076582476123733,ok,False,True,False,0
2686,3636772.6510770237,9.006789320902563,0.13831721304572253,ok,False,True,False,1
2687,3600610.0429452616,7.7013788654267,0.09590329222845528,ok,False,True,False,0
2688,3672241.305689973,8.822895551568994,0.16523522601319673,ok,False,True,False,1
2689,3700185.7895204714,8.541007982592355,0.11498390205552372,ok,False,True,False,0
2690,2142731.076122388,3.2451323531130476,0.13188851513550626,ok,False,True,False,0
2691,3887660.804618988,6.602067259627065,0.10665126815616797,ok,False,True,False,0
2692,3924890.8661665935,6.017371097255414,0.13634248653079128,ok,False,True,False,1
2693,4515460.949118475,13.515166081967546,0.12400688085983486,ok,False,True,False,0
2694,3608327.543892688,4.901942904797851,0.15103286758036538,ok,False,True,False,1
2695,4025905.012637217,6.190060053736268,0.12778753603216397,ok,False,True,False,0
2696,3607434.3015289824,5.376405072995604,0.13795895114018386,ok,False,True,False,1
2697,3659692.4123605033,6.50351748787441,0.07199187519093139,ok,False,True,False,0
2698,3617200.3809130266,5.039228940961376,0.0936526499662167,ok,False,True,False,0
2699,2267725.2931199414,4.062239505521094,0.09508016430314514,ok,False,True,False,0
2700,3699826.5264799837,4.984614459067973,0.09612208808392175,ok,False,True,False,0
2701,3643345.5447264966,5.933249569213644,0.1156460210195061,ok,False,True,False,0
2702,4398807.035828747,13.655183348699861,0.11206491767506133,ok,False,True,False,0
2703,4678639.790698267,19.661638685290534,0.0880297235554387,ok,False,True,False,0
2704,4076901.6635615667,8.342888779315949,0.14412182056995326,ok,False,True,False,1
2705,3599171.524247102,7.664922282025256,0.07339177513693063,ok,False,True,False,0
2706,3656378.5633544703,3.893674891135153,0.10822883178804688,ok,False,True,False,0
2707,3701087.956240059,5.9638515686807185,0.07682221109099974,ok,False,True,False,0
2708,3628644.278944696,5.926452422744059,0.13729523056360787,ok,False,True,False,1
2709,3650654.730961961,5.261058869052008,0.08816276283446411,ok,False,True,False,0
2710,3616185.8977260166,5.629652608791451,0.12238050752521712,ok,False,True,False,0
2711,4014350.9493999556,5.411865832996336,0.169960730351707,ok,False,True,False,1
2712,3752726.5645432277,6.314669755750116,0.14039984540905442,ok,False,True,False,1
2713,3602804.854434552,5.2532684735861075,0.12679483078206977,ok,False,True,False,0
2714,2090177.9550635067,3.525112199546032,0.11182409840324381,ok,False,True,False,0
2715,4911820.079367192,11.55618897298772,0.1263254581590933,ok,False,True,False,0
2716,3688566.3226914313,6.4209629056580475,0.10433540968761024,ok,False,True,False,0
2717,3624502.5624157023,7.349642997894469,0.054136118584905135,ok,False,True,False,0
2718,4116995.391125654,11.310457642597816,0.12383794139571191,ok,False,True,False,0
2719,3654800.5065785507,5.497489772370393,0.08524323773459508,ok,False,True,False,0
2720,4070004.152228821,5.830865360684779,0.11274266229605556,ok,False,True,False,0
2721,2090177.9550635067,3.481114478461414,0.12316017349232566,ok,False,True,False,0
2722,4110171.4495347873,3.6724852391656997,0.10565406398564536,ok,False,True,False,0
2723,2267725.2931199414,3.2804047764058115,0.12018326171951732,ok,False,True,False,0
2724,3841685.992518895,7.122837944355145,0.11704133871221312,ok,False,True,False,0
2725,4022982.5781786605,11.00738040620913,0.09064143181166251,ok,False,True,False,0
2726,2609060.086809957,3.772410110386431,0.1242505172894866,ok,False,True,False,0
2727,5653003.3537186375,7.245976613366058,0.11013641281847675,ok,False,True,False,0
2728,3592407.2308915523,4.736210942016914,0.0842410645096705,ok,False,True,False,0
2729,3851373.31805136,8.04920490267893,0.1122508643426714,ok,False,True,False,0
2730,2008285.854183121,3.207218207182142,0.1247738538591392,ok,False,True,False,0
2731,4055326.5991419232,36.7713400146927,0.14558838979370436,ok,False,True,False,1
2732,2342560.331742774,3.7346876972151675,0.13848352939640418,ok,False,True,False,1
2733,3648103.908806274,9.866990388636678,0.12093585986280075,ok,False,True,False,0
2734,4090450.2881818996,7.094963719319011,0.12356634742243977,ok,False,True,False,0
2735,3671121.817980699,6.401667314572282,0.12606553097943918,ok,False,True,False,0
2736,3846915.2084013787,4.398075573321622,0.11277041855195802,ok,False,True,False,0
2737,4031542.5313841808,7.1995839174281375,0.10290994934891418,ok,False,True,False,0
2738,3661666.91282716,6.469700612408231,0.12846282819287003,ok,False,True,False,0
2739,2342560.331742774,4.1998667552107385,0.1440506918027219,ok,False,True,False,1
2740,3588179.3950479156,4.679791446769522,0.08962460556056939,ok,False,True,False,0
2741,3963655.0023732404,7.7548085090209895,0.0964921617258252,ok,False,True,False,0
2742,3626760.242663997,6.242359208686216,0.06297165168665864,ok,False,True,False,0
2743,3587374.7339924034,4.672380778011892,0.09403047688330213,ok,False,True,False,0
2744,3976791.380161976,4.492438149974122,0.10192475590785388,ok,False,True,False,0
2745,2772356.9728852585,4.886592333829945,0.0897602236381071,ok,False,True,False,0
2746,2342560.331742774,3.4566017175057695,0.06696792639127502,ok,False,True,False,0
2747,4210089.654939803,4.683772401476734,0.06543590765955498,ok,False,True,False,0
2748,2342560.331742774,3.9646282103359627,0.09865890245876852,ok,False,True,False,0
2749,3916859.7668191744,4.594695808051835,0.11897446455539606,ok,False,True,False,0
2750,4439071.412223421,16.353479439964943,0.1295293073748469,ok,False,True,False,0
2751,3625213.9362653974,5.518732830235757,0.09505340310927768,ok,False,True,False,0
2752,2349719.955294122,4.033089439805231,0.12500791741244233,ok,False,True,False,0
2753,3663637.2037945427,6.2677615127124895,0.12030822101023053,ok,False,True,False,0
2754,4625270.762031841,7.9425179959659715,0.12006415237126145,ok,False,True,False,0
2755,3684924.4410555074,5.640298090016243,0.1027229845291947,ok,False,True,False,0
2756,4223070.28183828,6.230812442560016,0.09656228377709863,ok,False,True,False,0
2757,3645088.3018029532,5.298950508767988,0.08964780041969506,ok,False,True,False,0
2758,3706935.2254469558,6.794136705008431,0.1266687713263671,ok,False,True,False,0
2759,4072736.240967818,4.67128580040055,0.09001795980072191,ok,False,True,False,0
2760,4367617.8054556465,3.561383197058615,0.12202689446375137,ok,False,True,False,0
2761,3899089.025650512,6.750049755019281,0.12687787289515495,ok,False,True,False,0
2762,4044265.3953434303,7.890328601644801,0.09059430935213736,ok,False,True,False,0
2763,3669196.786058051,5.584006904163807,0.1039189031509889,ok,False,True,False,0
2764,3657304.848040687,7.292354559332237,0.1048274717050675,ok,False,True,False,0
2765,5476819.025560753,5.971565419313471,0.10917450793357347,ok,False,True,False,0
2766,2798038.8762947805,4.021244838868961,0.07922450207154608,ok,False,True,False,0
2767,3760942.7621772066,5.819429584920908,0.12844131958336796,ok,False,True,False,0
2768,3630341.658708138,6.420402885021345,0.12257628208898175,ok,False,True,False,0
2769,4221751.628913116,3.5711023250492,0.10950746624245311,ok,False,True,False,0
2770,3706846.7529031183,6.686729495335035,0.12441036136160967,ok,False,True,False,0
2771,2267725.2931199414,3.20859850716937,0.11150142772074445,ok,False,True,False,0
2772,3593569.2308812914,4.571393982896641,0.11270842155972838,ok,False,True,False,0
2773,4678277.038818633,11.285918405630236,0.1351516669437891,ok,False,True,False,0
2774,3649884.947996737,4.382398078998655,0.11895141339547433,ok,False,True,False,0
2775,3980132.3676790358,8.224739063600545,0.12822094547973073,ok,False,True,False,0
2776,3856029.597953762,14.866337847578615,0.1254150291901298,ok,False,True,False,0
2777,2786813.40424396,4.511406630424476,0.09312624575901347,ok,False,True,False,0
2778,3750369.629406553,5.078710685231744,0.07123030056982183,ok,False,True,False,0
2779,3672262.988232636,6.814438569748287,0.12153408889308748,ok,False,True,False,0
2780,2349719.955294122,3.7895340714924086,0.10775749513880417,ok,False,True,False,0
2781,2267725.2931199414,3.484204270243179,0.16959901037682146,ok,False,True,False,1
2782,3631164.04152297,4.89400362182162,0.09744431146712129,ok,False,True,False,0
2783,2349511.4431106183,3.6591481735020053,0.10419268501715817,ok,False,True,False,0
2784,3691189.0853785374,5.684896587059319,0.13233895989981737,ok,False,True,False,0
2785,4302419.368229707,10.183069787375533,0.11662246038808188,ok,False,True,False,0
2786,3613288.7119952496,7.070470974153685,0.05084856503206514,ok,False,True,False,0
2787,4081622.224488018,10.381030113936452,0.13589570483577074,ok,False,True,False,1
2788,4584971.175610589,9.451514907808882,0.11014876247040606,ok,False,True,False,0
2789,4095270.0157337855,5.343216749006997,0.07937324778596822,ok,False,True,False,0
2790,3588625.48300641,4.9792716150860885,0.10517779768125368,ok,False,True,False,0
2791,3687979.9068691167,6.17358107950287,0.07622103584940781,ok,False,True,False,0
2792,3632183.270811776,6.57128219514828,0.12816391928378246,ok,False,True,False,0
2793,3629405.9499829477,7.372743387290064,0.05854230701565877,ok,False,True,False,0
2794,3623631.3145876043,7.142557087865527,0.08430312251056948,ok,False,True,False,0
2795,3597769.867228268,5.448816488764961,0.12844015521226282,ok,False,True,False,0
2796,3772520.850405832,5.491344458001834,0.12321511865433576,ok,False,True,False,0
2797,2267725.2931199414,3.725942918396942,0.09255655595141865,ok,False,True,False,0
2798,2090177.9550635067,2.87389286465838,0.11641947873246339,ok,False,True,False,0
2799,4004709.219028091,8.99084681734296,0.11994752227846706,ok,False,True,False,0
2800,4352948.165029673,10.120598793852789,0.12944748021685704,ok,False,True,False,0
2801,4083388.9282079525,9.964493354094149,0.10328388521983389,ok,False,True,False,0
2802,3658986.793901231,6.86914363340379,0.13469784141384566,ok,False,True,False,0
2803,3158053.491710955,4.611084341248191,0.11158557639838318,ok,False,True,False,0
2804,4998473.623468825,13.763869838431637,0.1502841888096138,ok,False,True,False,1
2805,2267725.2931199414,3.5163135598489204,0.1509325535554873,ok,False,True,False,1
2806,4192782.3977694465,5.408532881101816,0.1300381388462436,ok,False,True,False,0
2807,4633924.514805758,9.262301496332952,0.13895406618223666,ok,False,True,False,1
2808,2008285.854183121,3.3523740049409856,0.13475969709631364,ok,False,True,False,0
2809,2772356.9728852585,3.0978142398759934,0.07243619265471302,ok,False,True,False,0
2810,3631853.862582227,5.655838127233759,0.06227752231825556,ok,False,True,False,0
2811,4034885.4695067685,5.509809983415662,0.08117573074554102,ok,False,True,False,0
2812,4213469.672358703,5.692236490420919,0.10750640850146831,ok,False,True,False,0
2813,4905976.119097095,10.210930692273436,0.1298926256131805,ok,False,True,False,0
2814,5077483.048709606,7.469774707165616,0.08972974491408392,ok,False,True,False,0
2815,3740658.8676265175,13.719655351865896,0.1413974717223,ok,False,True,False,1
2816,3734348.539344164,4.932178390733438,0.11029443175641032,ok,False,True,False,0
2817,3621228.0419003046,6.489463679350258,0.09587687758989394,ok,False,True,False,0
2818,3585768.5036092363,6.402774790810238,0.06423145614995251,ok,False,True,False,0
2819,3725494.7262082244,6.37053806046782,0.07129479304686837,ok,False,True,False,0
2820,2267725.2931199414,4.183351396608325,0.11918840155791777,ok,False,True,False,0
2821,3637296.8712921366,5.3040501936601165,0.09543891378154279,ok,False,True,False,0
2822,3590916.9036243944,6.267198438136777,0.11827825774851297,ok,False,True,False,0
2823,3910742.633007775,7.970196876698875,0.07826395790093077,ok,False,True,False,0
2824,2267725.2931199414,3.357098378871237,0.10539148906991713,ok,False,True,False,0
2825,3676596.377371926,5.684057407424257,0.1249390024198423,ok,False,True,False,0
2826,3804115.1629932136,6.498101166264849,0.09704211735573315,ok,False,True,False,0
2827,4136854.2820317177,4.913808190590025,0.11946187515321383,ok,False,True,False,0
2828,3595838.148282796,6.050983532047797,0.14989630231071027,ok,False,True,False,1
2829,2267725.2931199414,4.028562269551174,0.11967085524201215,ok,False,True,False,0
2830,2581618.0750895645,4.252643676261467,0.0887605322827495,ok,False,True,False,0
2831,3626420.5764793684,4.8504109599466165,0.08292063990467602,ok,False,True,False,0
2832,3747309.290634597,6.32595418783349,0.12345338482855683,ok,False,True,False,0
2833,3587903.380123146,5.58185564937101,0.12355305872376621,ok,False,True,False,0
2834,4020401.274896636,7.765604853584986,0.13137488970123606,ok,False,True,False,0
2835,3688302.9695210694,4.931614221184448,0.115031646461211,ok,False,True,False,0
2836,3820035.5825130907,6.239029612255836,0.06513954554181056,ok,False,True,False,0
2837,3654652.2570785363,6.219999678191536,0.15156869639545978,ok,False,True,False,1
2838,3977356.42865695,4.102141388948788,0.1340667108133664,ok,False,True,False,0
2839,3745267.0034837346,6.371128882685728,0.10402683775488542,ok,False,True,False,0
2840,4622241.975674566,17.12684909741362,0.1259910347103873,ok,False,True,False,0
2841,4249469.805539376,6.557664663850553,0.10704237687041018,ok,False,True,False,0
2842,4973986.749360116,5.045569783597809,0.09790107661816816,ok,False,True,False,0
2843,4029147.167434001,6.635842737313547,0.09152861454113859,ok,False,True,False,0
2844,2342560.331742774,3.8392620096640653,0.15561317866129487,ok,False,True,False,1
2845,3747698.668927511,4.983593652784943,0.09389979217073308,ok,False,True,False,0
2846,2142731.076122388,3.3887145337009086,0.13337434389764008,ok,False,True,False,0
2847,2581618.0750895645,4.027815518855574,0.11112473816125046,ok,False,True,False,0
2848,3604888.059833572,6.431013620976906,0.11082532466488026,ok,False,True,False,0
2849,3655351.3574644364,4.732090933274268,0.1392641196825516,ok,False,True,False,1
2850,3158053.491710955,4.478945205038277,0.1153151538984949,ok,False,True,False,0
2851,2581618.0750895645,3.542694619961879,0.11171671386150255,ok,False,True,False,0
2852,4085121.7353924676,8.568834069576845,0.11644838624872256,ok,False,True,False,0
2853,2142731.076122388,3.1858333600437243,0.13356675990754963,ok,False,True,False,0
2854,3897760.9262775956,6.048294063756833,0.09377842296810396,ok,False,True,False,0
2855,3863712.2709629238,6.160648309142208,0.12369547559797828,ok,False,True,False,0
2856,3835136.6259690984,5.710133486474224,0.10534677282469596,ok,False,True,False,0
2857,3595695.7819991475,5.992101610581347,0.08475376862491679,ok,False,True,False,0
2858,3789005.78140575,7.700490073662685,0.08942175413216452,ok,False,True,False,0
2859,3652253.4346217546,9.688865722908188,0.14719517589962816,ok,False,True,False,1
2860,2342560.331742774,4.228269065033796,0.10330602637465694,ok,False,True,False,0
2861,4482095.048461716,10.258123601431578,0.10280309036565805,ok,False,True,False,0
2862,3799545.401604452,5.235161529602898,0.10660499727252581,ok,False,True,False,0
2863,2267725.2931199414,2.9564013777325657,0.1531733418939485,ok,False,True,False,1
2864,2342560.331742774,3.7672720309624927,0.16818477985990093,ok,False,True,False,1
2865,3716473.6076498204,7.0115116266202735,0.107011579290898,ok,False,True,False,0
2866,3751955.215674988,5.171938100716384,0.1145527786475401,ok,False,True,False,0
2867,3640298.9684832525,4.647590197043238,0.09407437666510199,ok,False,True,False,0
2868,2628545.67143199,4.382291827156736,0.108470727330234,ok,False,True,False,0
2869,2349511.4431106183,3.7753234665922992,0.1308764834433678,ok,False,True,False,0
2870,2581618.0750895645,3.5700613765048477,0.12199994862943392,ok,False,True,False,0
2871,3280705.556872033,4.452536526632828,0.11931751994641482,ok,False,True,False,0
2872,3724490.015307253,5.31489977415332,0.09143345858288054,ok,False,True,False,0
2873,4335477.387098114,7.173188788795132,0.09304826815465295,ok,False,True,False,0
2874,3737252.4439091966,6.5315649084671055,0.10649072503529439,ok,False,True,False,0
2875,3773476.918322711,9.183946578351419,0.11113727860295153,ok,False,True,False,0
2876,3598851.7885370017,5.486204089151766,0.12222936256346495,ok,False,True,False,0
2877,3898958.6813213076,5.155171566426112,0.11750530675937632,ok,False,True,False,0
2878,3586949.390657737,5.850250190348429,0.08058647390797058,ok,False,True,False,0
2879,3610998.029734234,4.651584544476085,0.14021041853484417,ok,False,True,False,1
2880,3626352.4521720563,6.691389418833741,0.11068424506581331,ok,False,True,False,0
2881,2581618.0750895645,4.530447846619186,0.12692409310296626,ok,False,True,False,0
2882,2581618.0750895645,3.826164934078972,0.13424194297179248,ok,False,True,False,0
2883,2267725.2931199414,3.836185610767705,0.11349132354017122,ok,False,True,False,0
2884,3888008.8475203067,5.064634429897023,0.1118635065878586,ok,False,True,False,0
2885,3775797.9454448563,5.499975935331438,0.09663721799752101,ok,False,True,False,0
2886,4918276.588717292,19.359993174402724,0.1441610055207161,ok,False,True,False,1
2887,3687359.2102302914,4.854919829346846,0.0846032921181592,ok,False,True,False,0
2888,2342560.331742774,3.650962924286007,0.09880581167511787,ok,False,True,False,0
2889,2342560.331742774,3.5604383994181132,0.10884250381917093,ok,False,True,False,0
2890,3847235.448102142,7.054534235376139,0.08548004686686421,ok,False,True,False,0
2891,3701014.7620741357,6.460551803044882,0.11496456169926317,ok,False,True,False,0
2892,2342560.331742774,4.361472784653008,0.13171109479179977,ok,False,True,False,0
2893,2349719.955294122,3.9816144475530195,0.13864647069569214,ok,False,True,False,1
2894,2342560.331742774,3.5309864988485997,0.22157365872664347,ok,False,True,False,1
2895,4196781.748695554,8.23728969770643,0.11198089628223584,ok,False,True,False,0
2896,2581618.0750895645,3.94825720819611,0.09212343012303781,ok,False,True,False,0
2897,3653390.78295651,7.0748820125410035,0.0929822130783603,ok,False,True,False,0
2898,3674292.438995893,6.531813738030311,0.0938208994532298,ok,False,True,False,0
2899,3603390.580012756,7.571333071272173,0.11449356029776636,ok,False,True,False,0
2900,3617363.558931971,4.153308038203952,0.09234117029525013,ok,False,True,False,0
2901,4534728.56166186,8.518680873220621,0.12810763040709727,ok,False,True,False,0
2902,3682051.5317925815,4.147685145347014,0.14212206075532685,ok,False,True,False,1
2903,3823586.392424745,3.988690834925737,0.08915492038941153,ok,False,True,False,0
2904,3666811.635701541,5.717664919923813,0.13891186001636524,ok,False,True,False,1
2905,3832240.976326315,7.184214179699485,0.1424886622441952,ok,False,True,False,1
2906,5409819.8755777655,13.798421249372199,0.10999583004946467,ok,False,True,False,0
2907,3861043.795728313,6.446485017672863,0.10474558966333436,ok,False,True,False,0
2908,3624377.0627328493,5.023574581436929,0.104835578311122,ok,False,True,False,0
2909,2349511.4431106183,3.5527459231454945,0.1414557573414582,ok,False,True,False,1
2910,3628311.734042725,6.97189539495283,0.10288485198627273,ok,False,True,False,0
2911,2090177.9550635067,3.076239374802432,0.16432159299166815,ok,False,True,False,1
2912,2090177.9550635067,3.224560150873822,0.11940076122724841,ok,False,True,False,0
2913,3598330.094237988,5.044928782023589,0.08275655601453297,ok,False,True,False,0
2914,3627405.5896016387,5.9269244719596825,0.10799664372855833,ok,False,True,False,0
2915,4195458.517041556,8.771104711009956,0.1289742109704055,ok,False,True,False,0
2916,3696744.355534504,6.105376311642466,0.08222413364520331,ok,False,True,False,0
2917,4682232.107895429,17.927168545723422,0.12901230890209275,ok,False,True,False,0
2918,2267725.2931199414,3.6740251553623446,0.1152559520967732,ok,False,True,False,0
2919,3743423.6669156146,4.535218888662545,0.1094859097603118,ok,False,True,False,0
2920,3745649.0309371483,8.170853836278035,0.10595107086192074,ok,False,True,False,0
2921,3743970.230404309,8.31905039277171,0.1308497864927528,ok,False,True,False,0
2922,3665741.15300675,6.975883256527106,0.09071670800952597,ok,False,True,False,0
2923,2357307.685887874,3.530029891940992,0.11254416569786918,ok,False,True,False,0
2924,4054377.4440805214,5.376084656473507,0.13714441092437152,ok,False,True,False,1
2925,2628545.67143199,4.245281106128318,0.0962503594296316,ok,False,True,False,0
2926,4020704.6091566724,15.299635810007137,0.09386368682918012,ok,False,True,False,0
2927,3648918.520907316,5.957196082369609,0.13579514125169195,ok,False,True,False,1
2928,2267725.2931199414,3.7345043254059824,0.11948313263237753,ok,False,True,False,0
2929,3960185.7911019977,6.050367867494895,0.12090299122230358,ok,False,True,False,0
2930,3653809.4072851213,6.928335076353936,0.09576325031272626,ok,False,True,False,0
2931,3626414.074549212,5.7951882222945255,0.15064657997885267,ok,False,True,False,1
2932,3621784.890522651,5.286977696391179,0.10275434815407625,ok,False,True,False,0
2933,2678205.374785724,4.312531997064824,0.09042975490924066,ok,False,True,False,0
2934,3678644.522459222,5.089791863542885,0.08378877895447362,ok,False,True,False,0
2935,3587453.4902057573,7.952445591849407,0.09178867850806915,ok,False,True,False,0
2936,3639448.0071624033,5.496427087013697,0.09172785577290243,ok,False,True,False,0
2937,3764040.5588991744,7.413079648245002,0.0696946742567422,ok,False,True,False,0
2938,3627591.3507953403,5.084930686396085,0.10681120089596827,ok,False,True,False,0
2939,2008285.854183121,2.899099084905215,0.14057040186824932,ok,False,True,False,1
2940,3593978.0961403837,6.885342591263577,0.14852763449640616,ok,False,True,False,1
2941,4431919.170248035,6.458310432929009,0.06836808928052229,ok,False,True,False,0
2942,3653907.475962763,5.407924168982997,0.08747144063690226,ok,False,True,False,0
2943,3656232.190920895,4.981861218103171,0.06342071651965986,ok,False,True,False,0
2944,3606317.906356873,5.57694204101042,0.11834803020462126,ok,False,True,False,0
2945,3627586.067678844,6.821117346589344,0.09199644741981994,ok,False,True,False,0
2946,2628545.67143199,3.8206595977364386,0.0937176377144161,ok,False,True,False,0
2947,2581618.0750895645,4.977344875344216,0.14074894659732806,ok,False,True,False,1
2948,4657211.083178307,5.9662065008014835,0.09687429851256979,ok,False,True,False,0
2949,3635310.134564072,5.507140267816479,0.1320274565622671,ok,False,True,False,0
2950,2090177.9550635067,3.4009715208318703,0.0969245935718619,ok,False,True,False,0
2951,3603705.9238844593,4.992017013419007,0.14598221676768736,ok,False,True,False,1
2952,3608439.8980862186,5.1632800283083915,0.11197223588882999,ok,False,True,False,0
2953,3664284.0379377026,5.279756914056197,0.08714718311505665,ok,False,True,False,0
2954,3629342.725559115,4.240040350438217,0.1029499313754183,ok,False,True,False,0
2955,2349511.4431106183,3.4512030768383446,0.12434984916829184,ok,False,True,False,0
2956,3595918.829757245,8.659558085284376,0.0766316796805333,ok,False,True,False,0
2957,3607815.5503198234,6.955131136477116,0.0855801665852205,ok,False,True,False,0
2958,3641906.1179298717,6.179498943673255,0.08486488636445944,ok,False,True,False,0
2959,3725677.328551828,7.370767943844718,0.08867348238415246,ok,False,True,False,0
2960,3594188.1628606627,5.180098231042424,0.08124839944163176,ok,False,True,False,0
2961,3684760.316973554,6.049248626391443,0.1090931937165186,ok,False,True,False,0
2962,3982535.5684840363,5.717126456863156,0.11346466892023943,ok,False,True,False,0
2963,3755568.4725028942,6.497752640567379,0.08110786233960099,ok,False,True,False,0
2964,3605418.1455101697,6.37753707487041,0.09365839256281905,ok,False,True,False,0
2965,3891921.408515045,5.735086538901769,0.08084199974844652,ok,False,True,False,0
2966,3640164.4643285447,5.873707729738092,0.12065724354339158,ok,False,True,False,0
2967,3602305.073266175,4.925287991469617,0.12622649766708682,ok,False,True,False,0
2968,2678205.374785724,4.0085436765954885,0.1625587131664991,ok,False,True,False,1
2969,2267725.2931199414,3.2796899454103263,0.14369654583143432,ok,False,True,False,1
2970,4474137.165558245,14.72715894279663,0.09217654111456974,ok,False,True,False,0
2971,3599359.122287067,6.288397367757537,0.12089694168465273,ok,False,True,False,0
2972,3714251.0581955607,7.7231013409662275,0.07848494881053025,ok,False,True,False,0
2973,3643852.3246912216,5.910782448478833,0.13385096756530546,ok,False,True,False,0
2974,2349719.955294122,3.533138050792657,0.15037034326207332,ok,False,True,False,1
2975,3587097.687650458,4.029324641685521,0.10725076111308884,ok,False,True,False,0
2976,3620762.2910490213,5.879462777809282,0.1026725448663579,ok,False,True,False,0
2977,4746717.648810743,10.414846876159782,0.12032464729389547,ok,False,True,False,0
2978,2342560.331742774,4.0315378329630684,0.12793394139266123,ok,False,True,False,0
2979,3622790.128208537,6.5364872100229094,0.08294795595046256,ok,False,True,False,0
2980,5196143.374381219,8.50081563678782,0.1284067306105081,ok,False,True,False,0
2981,2609060.086809957,5.269069001097155,0.1297497558202797,ok,False,True,False,0
2982,2142731.076122388,3.3019364697966584,0.14969233330319587,ok,False,True,False,1
2983,2772356.9728852585,3.7167747901204593,0.11693399559600842,ok,False,True,False,0
2984,2090177.9550635067,3.189498400942707,0.12655207836012428,ok,False,True,False,0
2985,3644173.7600452853,5.733825340458095,0.09058410193943467,ok,False,True,False,0
2986,3638246.157020703,6.4880644557904885,0.1259320676984158,ok,False,True,False,0
2987,3995917.8884717035,4.242731793738851,0.12237870785134641,ok,False,True,False,0
2988,3888973.351644079,4.427002935155482,0.09667792950092102,ok,False,True,False,0
2989,2342560.331742774,4.03796672964667,0.10006540905950415,ok,False,True,False,0
2990,3921468.1423229184,6.820262672993203,0.12143948480801126,ok,False,True,False,0
2991,3594050.1885277717,7.341053791100862,0.08483179252786799,ok,False,True,False,0
2992,3612993.9112807456,6.2829120577981445,0.07846767880699779,ok,False,True,False,0
2993,3597974.982978566,7.92435610024779,0.16570756324977493,ok,False,True,False,1
2994,3158053.491710955,4.713771121465388,0.06481885682860478,ok,False,True,False,0
2995,3606318.619554072,7.4487756622341035,0.06390951278781976,ok,False,True,False,0
2996,4366994.798467497,9.58449636462308,0.16264664174688281,ok,False,True,False,1
2997,3586044.6420557806,6.5581227275468255,0.10691548854554245,ok,False,True,False,0
2998,3624197.782633403,4.271675941822698,0.08746030344773192,ok,False,True,False,0
2999,4321667.635328387,5.540295959982826,0.12298545222909062,ok,False,True,False,0
3000,3621570.7666047607,14.172703617774086,0.1171564262927437,ok,False,True,False,0
3001,4136310.7156493217,23.884554518089836,0.12293364381066219,ok,False,True,False,0
3002,3261364.380769941,5.24226854936094,0.112325415049362,ok,False,True,False,0
3003,2357307.685887874,3.8252832898709417,0.10907626008969507,ok,False,True,False,0
3004,3752205.728388276,7.394665566077256,0.12588358737419608,ok,False,True,False,0
3005,3661072.406489148,5.66311811104132,0.09042034068333027,ok,False,True,False,0
3006,3817495.543757802,4.432684301264701,0.09415839561674721,ok,False,True,False,0
3007,3596181.906599559,5.445175384185328,0.08809719567487917,ok,False,True,False,0
3008,3591187.0067489455,4.700628153606281,0.07000329798295585,ok,False,True,False,0
3009,2008285.854183121,2.7486297691576054,0.13470802511042712,ok,False,True,False,0
3010,2267725.2931199414,3.91498835458691,0.15655343623459916,ok,False,True,False,1
3011,3658807.2396672447,7.037183296707509,0.16760850702453656,ok,False,True,False,1
3012,4003387.3698642636,5.016575925627921,0.10137237406641864,ok,False,True,False,0
3013,2581618.0750895645,5.257632934010287,0.1446115956236249,ok,False,True,False,1
3014,3651656.3114407994,6.027720900585217,0.12591053654691886,ok,False,True,False,0
3015,3600038.843756218,6.130744752901409,0.12522806137865178,ok,False,True,False,0
3016,3609998.5087500396,4.603026982329698,0.11199599613127281,ok,False,True,False,0
3017,3661915.3095296407,5.726433273152052,0.10162582369450224,ok,False,True,False,0
3018,3820962.8385590226,9.991746938946829,0.11705875684553768,ok,False,True,False,0
3019,2342560.331742774,3.8085570138067015,0.14542315323874022,ok,False,True,False,1
3020,2581618.0750895645,4.557510827981426,0.11785187722621315,ok,False,True,False,0
3021,3602337.5398646127,6.514089977345774,0.08498439877187691,ok,False,True,False,0
3022,3917419.68886133,4.57023862851891,0.07743384295040384,ok,False,True,False,0
3023,4198124.740499969,8.492961019960752,0.1066267269270049,ok,False,True,False,0
3024,3738812.3989776326,5.92629772889125,0.10177330041808358,ok,False,True,False,0
3025,3717109.056893371,5.602552000997767,0.09233047246581372,ok,False,True,False,0
3026,2090177.9550635067,3.360328421338104,0.1321182896391926,ok,False,True,False,0
3027,2267725.2931199414,3.073736276440483,0.10233932215612107,ok,False,True,False,0
3028,3750479.668461602,4.35085609268563,0.09956542914026892,ok,False,True,False,0
3029,2609060.086809957,3.742668303610657,0.12396660281102484,ok,False,True,False,0
3030,4348991.983569654,10.212001543355537,0.12597386741512095,ok,False,True,False,0
3031,2090177.9550635067,3.1086968295735793,0.1176930996124036,ok,False,True,False,0
3032,4464925.360786825,5.302529768348694,0.10629110657066487,ok,False,True,False,0
3033,3261364.380769941,5.223907719378166,0.10053288880513334,ok,False,True,False,0
3034,2342560.331742774,3.512560889310882,0.14946440268144423,ok,False,True,False,1
3035,4469252.059299008,8.04408898084867,0.12427322494937221,ok,False,True,False,0
3036,3647945.4205423114,6.543714685879475,0.1209261469284183,ok,False,True,False,0
3037,3897024.7135403887,8.881754882558067,0.16346673602036754,ok,False,True,False,1
3038,3650386.9233478513,4.814246973098116,0.09308736753005664,ok,False,True,False,0
3039,3606553.992542576,4.815515331936814,0.12332839055207206,ok,False,True,False,0
3040,2609060.086809957,3.957381854812736,0.09196069101919313,ok,False,True,False,0
3041,3752081.444412775,8.293370295567835,0.09082369765372778,ok,False,True,False,0
3042,3588181.5903687347,5.337760725780545,0.1195527889168021,ok,False,True,False,0
3043,2267725.2931199414,3.666313617187572,0.1631690562587057,ok,False,True,False,1
3044,3663095.217926272,6.382755092474637,0.07938119302259461,ok,False,True,False,0
3045,4952996.980268085,26.667266329831307,0.15397135506813248,ok,False,True,False,1
3046,3768204.489148197,8.816644632213157,0.11284825571486679,ok,False,True,False,0
3047,4863417.618245072,11.48661535205567,0.13512974185193272,ok,False,True,False,0
3048,3871338.931034233,6.6392983124773135,0.10035831890908664,ok,False,True,False,0
3049,2142731.076122388,3.0742521274783896,0.13488707647122683,ok,False,True,False,0
3050,3593264.275775027,7.272100352537422,0.09778245147921882,ok,False,True,False,0
3051,2581618.0750895645,4.40247771158004,0.13773505006204423,ok,False,True,False,1
3052,3729525.450076855,5.641892175098819,0.07025224746195702,ok,False,True,False,0
3053,3992909.046547919,6.816737201156282,0.11190314427454517,ok,False,True,False,0
3054,3668239.8048537285,4.3232140161095955,0.10159585120249887,ok,False,True,False,0
3055,3261364.380769941,5.099776620838039,0.10418324864912432,ok,False,True,False,0
3056,3931995.1937447465,6.473136581074469,0.12172248041769096,ok,False,True,False,0
3057,4049503.8313590083,8.380650571963102,0.12065007460522292,ok,False,True,False,0
3058,5040204.857888496,23.49035130316214,0.12518462025027544,ok,False,True,False,0
3059,3611852.269968655,4.763854907875375,0.13139190405765205,ok,False,True,False,0
3060,3597797.572388226,8.306551587375429,0.08168346225697642,ok,False,True,False,0
3061,3746874.0295249503,9.06138669288996,0.1089085893690811,ok,False,True,False,0
3062,2342560.331742774,3.980456438496028,0.15081985283102117,ok,False,True,False,1
3063,2342560.331742774,3.478064861853183,0.12824991968109312,ok,False,True,False,0
3064,4127636.1089823567,7.921211880712267,0.08824824028655354,ok,False,True,False,0
3065,3846592.5585894687,6.318579594429909,0.09225577535537449,ok,False,True,False,0
3066,4037084.0767040863,5.175039694975726,0.13125571540410397,ok,False,True,False,0
3067,4273001.47468208,7.626033812619753,0.10969693945528369,ok,False,True,False,0
3068,4209942.324388345,7.505478871815093,0.07590900726950334,ok,False,True,False,0
3069,2581618.0750895645,5.178495646810205,0.09895256987989232,ok,False,True,False,0
3070,4152122.0489556594,6.06072038058946,0.10445753137087543,ok,False,True,False,0
3071,3701559.0636713486,8.815462718257223,0.1521883635451758,ok,False,True,False,1
3072,4347703.37738085,7.226753022097724,0.13007076274544482,ok,False,True,False,0
3073,3698816.7273944924,6.139818887883616,0.10138415411325241,ok,False,True,False,0
3074,3601969.976377672,4.47649571481668,0.10288431106854296,ok,False,True,False,0
3075,3813969.105660242,4.845726242421797,0.12356518534462413,ok,False,True,False,0
3076,3857237.526327637,4.485479087678417,0.11568353716681079,ok,False,True,False,0
3077,5158439.884787627,6.934495266739501,0.12454081707819831,ok,False,True,False,0
3078,2581618.0750895645,3.48603862285449,0.09177062976106543,ok,False,True,False,0
3079,3973409.322742953,4.324476282684559,0.07021097648411034,ok,False,True,False,0
3080,3641213.7649368355,5.978865704520036,0.13622922774438506,ok,False,True,False,1
3081,2980790.490822688,5.7079210124946185,0.15811830854296827,ok,False,True,False,1
3082,4065959.8873736192,6.662074769668782,0.11400324726171751,ok,False,True,False,0
3083,3624542.2909440976,6.691277183624124,0.08394850805796084,ok,False,True,False,0
3084,2628545.67143199,4.38571565110634,0.11806960936481825,ok,False,True,False,0
3085,3618527.5963433827,4.911050028050221,0.0699968440948644,ok,False,True,False,0
3086,2349719.955294122,3.693825553434792,0.10308658678837812,ok,False,True,False,0
3087,3614841.5382638634,3.6646007959221576,0.12183179598930594,ok,False,True,False,0
3088,2349719.955294122,3.3438917638016563,0.14316666748493495,ok,False,True,False,1
3089,3609023.2854702747,8.757803967987211,0.12585848947266298,ok,False,True,False,0
3090,3601233.396620395,4.427810772990828,0.09862183354416398,ok,False,True,False,0
3091,2609060.086809957,4.058241341395208,0.09888265048188294,ok,False,True,False,0
3092,3634540.101424025,5.927459879475005,0.14173608908502033,ok,False,True,False,1
3093,3721238.319159204,8.355039581239435,0.10213669715365492,ok,False,True,False,0
3094,2342560.331742774,4.022697618753584,0.13114031473193988,ok,False,True,False,0
3095,3751596.5142967314,3.174984033103408,0.10067136324245196,ok,False,True,False,0
3096,3881638.773687681,6.034693249891839,0.09435801083843343,ok,False,True,False,0
3097,3638491.4252310335,5.391740157332115,0.0560108646467532,ok,False,True,False,0
3098,2980790.490822688,4.052776911517338,0.08684028141817834,ok,False,True,False,0
3099,3597860.678841692,4.669883448676131,0.1013695032384935,ok,False,True,False,0
3100,4331446.376772808,4.481495019421532,0.0902184574938587,ok,False,True,False,0
3101,2342560.331742774,3.3724858287783226,0.1215768419583525,ok,False,True,False,0
3102,3591050.853443305,7.070840341051451,0.11291991248631361,ok,False,True,False,0
3103,3634341.761213318,5.487497239702576,0.0864200854235797,ok,False,True,False,0
3104,3890783.241263205,4.871095742047871,0.10544610273853054,ok,False,True,False,0
3105,3587001.9567845273,4.526762445836798,0.0889118908336678,ok,False,True,False,0
3106,3592589.289551519,7.977468291559448,0.12466911715523143,ok,False,True,False,0
3107,2267725.2931199414,3.702188293015754,0.1114586084558934,ok,False,True,False,0
3108,4136976.8300453923,9.143666283138936,0.11211600796544996,ok,False,True,False,0
3109,3866054.111719303,5.472464234849346,0.09255254510703759,ok,False,True,False,0
3110,4347974.441935902,14.157414138893813,0.1475662599226779,ok,False,True,False,1
3111,3601139.60153851,4.3418301145005005,0.12569422260874408,ok,False,True,False,0
3112,3747702.477210849,4.258221480153704,0.07626514419535885,ok,False,True,False,0
3113,4133967.9542192672,6.4472944828726115,0.09837491361172424,ok,False,True,False,0
3114,2267725.2931199414,4.298292068318256,0.11720118611867425,ok,False,True,False,0
3115,3586221.4479841236,6.449234852196138,0.07722875307871335,ok,False,True,False,0
3116,4111648.7301021083,14.189895694852698,0.1559901190898828,ok,False,True,False,1
3117,4197124.956753652,7.209969206765281,0.13502423853824927,ok,False,True,False,0
3118,4550482.891948213,7.989258745721436,0.11166538668701154,ok,False,True,False,0
3119,2008285.854183121,3.051330612664078,0.14727616648321756,ok,False,True,False,1
3120,2342560.331742774,3.4482533951488152,0.12830010070722286,ok,False,True,False,0
3121,3613331.0446378174,6.243915656961804,0.11165511392489269,ok,False,True,False,0
3122,3789838.6533378526,4.501439532009741,0.11467351939809645,ok,False,True,False,0
3123,3598552.0724827345,5.354613588227322,0.14809604249590397,ok,False,True,False,1
3124,4275711.882376924,5.895228710109116,0.1002573232668934,ok,False,True,False,0
3125,3733992.2097405028,6.272983096029072,0.09878390719351737,ok,False,True,False,0
3126,3940170.9051316422,3.9634550079790274,0.08188436703215529,ok,False,True,False,0
3127,2142731.076122388,3.43831538958047,0.158730003759476,ok,False,True,False,1
3128,3633658.2062024022,6.338135719388453,0.1185275091317659,ok,False,True,False,0
3129,3611863.8829897502,5.612888094703733,0.096554939504222,ok,False,True,False,0
3130,3926527.3171275035,14.553718705477575,0.12816627270765502,ok,False,True,False,0
3131,2349511.4431106183,3.7060927066156366,0.11098827499525257,ok,False,True,False,0
3132,3587654.1669422775,6.267033385602935,0.07988937541470315,ok,False,True,False,0
3133,3809663.071275505,6.226379969977258,0.0844541749484573,ok,False,True,False,0
3134,3603253.882993459,5.143738367191493,0.12593711565540355,ok,False,True,False,0
3135,3636318.320946621,5.746605087885349,0.15166405805498617,ok,False,True,False,1
3136,3599628.4132578014,4.102287979250672,0.0951056848373577,ok,False,True,False,0
3137,3602073.2003869475,7.8232879810140314,0.11369687395076811,ok,False,True,False,0
3138,2342560.331742774,3.5989502221807768,0.09386692340295011,ok,False,True,False,0
3139,4347664.669381768,4.370491162571363,0.08546187415617668,ok,False,True,False,0
3140,3779122.2759440877,5.390638236888203,0.12750000338706396,ok,False,True,False,0
3141,2267725.2931199414,4.200085668719453,0.1259427851770939,ok,False,True,False,0
3142,2142731.076122388,3.3116482087441836,0.16667235301109357,ok,False,True,False,1
3143,3605309.2417751583,4.139743864076415,0.10709164991948117,ok,False,True,False,0
3144,3591754.578375974,6.690234902138742,0.1397475440224455,ok,False,True,False,1
3145,3625993.9436789034,6.881397219213137,0.14317514644171847,ok,False,True,False,1
3146,3630039.7849953384,5.2024028640239495,0.12639003768005538,ok,False,True,False,0
3147,3954393.1122555584,5.840667805621533,0.0788985108572881,ok,False,True,False,0
3148,3638902.776238525,4.021416990706886,0.12847853098009454,ok,False,True,False,0
3149,3600920.416785998,5.252783104178477,0.0877776753242544,ok,False,True,False,0
3150,3611734.609958964,5.255982013586783,0.11757865533921519,ok,False,True,False,0
3151,4169053.0488140685,4.895918214301902,0.09324956257778438,ok,False,True,False,0
3152,3604167.3890472343,4.931968647610586,0.13369119952410952,ok,False,True,False,0
3153,3598028.968888148,5.127070651034352,0.07155329804321228,ok,False,True,False,0
3154,4937420.979603373,13.865257937298116,0.14380623637841794,ok,False,True,False,1
3155,2349511.4431106183,4.008425556845621,0.14842827202715958,ok,False,True,False,1
3156,4582857.830177048,4.175515593093573,0.10629954309972611,ok,False,True,False,0
3157,3887057.7272314704,5.495734793313549,0.09704934646881913,ok,False,True,False,0
3158,3677795.41418526,3.9551837374463172,0.12117994953184807,ok,False,True,False,0
3159,4640491.1028051395,8.8919920659981,0.12889599292348763,ok,False,True,False,0
3160,3588831.200476596,5.453741638039841,0.11950753248502255,ok,False,True,False,0
3161,4449819.119005506,6.065179536234591,0.08872441791123453,ok,False,True,False,0
3162,3628887.477152812,7.904169712478483,0.0885916563474135,ok,False,True,False,0
3163,2349511.4431106183,3.930951942834403,0.08943240718989878,ok,False,True,False,0
3164,3957950.840977412,4.702893013486063,0.17151947251316613,ok,False,True,False,1
3165,3614594.0238804566,5.588761693414548,0.08984214887639952,ok,False,True,False,0
3166,3625745.3085771445,6.210642939305128,0.1227885662456859,ok,False,True,False,0
3167,4201266.96106046,7.116028168263162,0.0769853189948293,ok,False,True,False,0
3168,3595561.2228169064,7.4640835716497635,0.07886389850568065,ok,False,True,False,0
3169,2267725.2931199414,3.3053300268934738,0.13524209863855907,ok,False,True,False,0
3170,5056657.745777357,6.613634295506019,0.10153043248349503,ok,False,True,False,0
3171,2008285.854183121,3.2095234439409333,0.1566411393691514,ok,False,True,False,1
3172,4574286.637118608,16.56312826922119,0.13154215123708823,ok,False,True,False,0
3173,4234062.971707276,10.555848428308233,0.12274297916056126,ok,False,True,False,0
3174,2581618.0750895645,4.29152295596214,0.11230696968866605,ok,False,True,False,0
3175,3611878.1279852907,4.28105662477604,0.05121266293321908,ok,False,True,False,0
3176,4891545.524385932,9.043049067173504,0.11789004521180446,ok,False,True,False,0
3177,3967010.938194624,4.65506391585585,0.06828969607258745,ok,False,True,False,0
3178,3757953.2367327334,4.10467609733306,0.10820244083365604,ok,False,True,False,0
3179,3993672.042554353,9.400095619256817,0.133779817540977,ok,False,True,False,0
3180,3660577.491181023,8.627470840891187,0.10217977189706462,ok,False,True,False,0
3181,3679961.532303952,5.427694034637335,0.1014756345021316,ok,False,True,False,0
3182,3754293.4705142793,4.856450303884403,0.10961964538467223,ok,False,True,False,0
3183,2342560.331742774,4.080382800076414,0.17010673251651753,ok,False,True,False,1
3184,3643030.150824271,6.331832064415667,0.1372387382606276,ok,False,True,False,1
3185,2342560.331742774,3.4471195443135425,0.09896002206418764,ok,False,True,False,0
3186,3781001.9794057724,16.170259637145296,0.1410386221864861,ok,False,True,False,1
3187,3601530.5239966162,5.643312376692312,0.11493309686356079,ok,False,True,False,0
3188,2954199.321293613,4.503052374065652,0.13668868030770642,ok,False,True,False,1
3189,4080346.743503522,5.929687789564899,0.07878841729182595,ok,False,True,False,0
3190,4401445.14635935,3.976580407694855,0.0977290390670279,ok,False,True,False,0
3191,4866058.2798974365,4.6153225625656855,0.0738528598941931,ok,False,True,False,0
3192,3596484.6080896514,5.919659515428072,0.13851638944517713,ok,False,True,False,1
3193,3679637.753528954,5.579002248676949,0.0762541541971623,ok,False,True,False,0
3194,4594342.074641772,6.264311445114993,0.13354032351727774,ok,False,True,False,0
3195,4321147.177879139,7.502245213962436,0.10270738312405331,ok,False,True,False,0
3196,3664604.2373761428,4.912139168729205,0.10168354001065338,ok,False,True,False,0
3197,3640363.7010176224,4.4417781094363615,0.06882162411527493,ok,False,True,False,0
3198,2609060.086809957,4.442293075412341,0.12993234931238362,ok,False,True,False,0
3199,2008285.854183121,3.042486752378337,0.14787101986310136,ok,False,True,False,1
3200,4530309.513939047,7.827090914223905,0.10227630826918244,ok,False,True,False,0
3201,3625372.9583969563,6.352152334901364,0.07368441809490833,ok,False,True,False,0
3202,3604998.3320687013,5.343388833701851,0.10151966356171582,ok,False,True,False,0
3203,2678205.374785724,4.545844179223225,0.10354115762461535,ok,False,True,False,0
3204,3977517.852824728,5.215490307596897,0.09363740957013633,ok,False,True,False,0
3205,3592416.0888856696,7.359363043847686,0.12895088459692094,ok,False,True,False,0
3206,2267725.2931199414,3.5985945931621743,0.16446233045937952,ok,False,True,False,1
3207,3715229.0900436034,9.134369560999156,0.10712200579185427,ok,False,True,False,0
3208,2628545.67143199,3.802627596897344,0.08170862791359235,ok,False,True,False,0
3209,2349511.4431106183,3.869021526913645,0.12217388746541524,ok,False,True,False,0
3210,2267725.2931199414,3.9809872280296656,0.09831479513450134,ok,False,True,False,0
3211,3590061.4820370544,4.37583670464077,0.10556468270529745,ok,False,True,False,0
3212,3592975.228689815,8.759498971882536,0.0900958998544533,ok,False,True,False,0
3213,3662906.2385838637,6.0660789576288385,0.1073325719114655,ok,False,True,False,0
3214,2786813.40424396,3.867836591456664,0.11303791399090757,ok,False,True,False,0
3215,2349511.4431106183,4.263218751654879,0.08495625679828367,ok,False,True,False,0
3216,3738499.735859558,5.837727681841667,0.1410527898076412,ok,False,True,False,1
3217,2628545.67143199,4.140956361015444,0.11211105273443267,ok,False,True,False,0
3218,4464183.507582961,7.298921867750151,0.08927717629385579,ok,False,True,False,0
3219,3586084.546047922,5.4136873629825235,0.07763638447004378,ok,False,True,False,0
3220,4106347.4301432557,6.580020512019971,0.09499749213715347,ok,False,True,False,0
3221,3704700.3056699457,5.685041818301948,0.09231572359466045,ok,False,True,False,0
3222,4452345.98940392,8.159334998864338,0.10132441260285957,ok,False,True,False,0
3223,3629167.549074561,4.538302299234807,0.10311126644970325,ok,False,True,False,0
3224,2142731.076122388,3.346913615330288,0.10019780288503355,ok,False,True,False,0
3225,2954199.321293613,4.029030083879208,0.12328018891933712,ok,False,True,False,0
3226,4172378.489823673,9.682883205447984,0.13798395886868753,ok,False,True,False,1
3227,3643100.803873373,6.1904146882844415,0.0912798595635087,ok,False,True,False,0
3228,4560343.50619799,7.6955860887857055,0.10381955980295288,ok,False,True,False,0
3229,3617648.539776471,6.8169542390874485,0.12408481022516549,ok,False,True,False,0
3230,3592101.56729227,8.314353990669808,0.1319148986984161,ok,False,True,False,0
3231,2008285.854183121,3.100296787575959,0.15034729841184535,ok,False,True,False,1
3232,3649261.0077691763,7.9023138598494045,0.12292685401414805,ok,False,True,False,0
3233,3655120.462755092,8.309877324806369,0.0782537370075479,ok,False,True,False,0
3234,3590435.214528353,5.261554885987403,0.07087307484085048,ok,False,True,False,0
3235,2142731.076122388,3.571930755490502,0.12492799668964794,ok,False,True,False,0
3236,3789978.6153364605,9.405332856323138,0.13972350181606452,ok,False,True,False,1
3237,2581618.0750895645,4.043160298526734,0.06378994580300495,ok,False,True,False,0
3238,2609060.086809957,4.345310954101678,0.09499151121825039,ok,False,True,False,0
3239,3594580.7795289927,5.642901335578953,0.14219303474062672,ok,False,True,False,1
3240,3820035.8118052087,7.054085213220044,0.13930581287810972,ok,False,True,False,1
3241,3707125.077722278,7.752642357781911,0.10793530200036879,ok,False,True,False,0
3242,3608310.8339306936,5.621750082419555,0.0792599024351652,ok,False,True,False,0
3243,3608573.098771622,5.933881300852132,0.10547236787173042,ok,False,True,False,0
3244,4067779.381721886,4.961448117874559,0.13483244659272883,ok,False,True,False,0
3245,4010889.7348239115,5.210594781982597,0.0898404160021915,ok,False,True,False,0
3246,3885156.965102184,4.601834749919963,0.09015624766607033,ok,False,True,False,0
3247,3713295.9654280497,7.0691997518163125,0.08786900165086942,ok,False,True,False,0
3248,2090177.9550635067,3.228802719985869,0.12101079460316666,ok,False,True,False,0
3249,3656203.5641570482,7.521224147286672,0.1250670050754349,ok,False,True,False,0
3250,2954199.321293613,4.942447667141406,0.06856015979339175,ok,False,True,False,0
3251,4280640.482310218,10.392909675973726,0.11588463764783252,ok,False,True,False,0
3252,2267725.2931199414,4.141394520753728,0.09241975796382529,ok,False,True,False,0
3253,4776378.52355268,4.168324685030766,0.09723062138669658,ok,False,True,False,0
3254,4032005.383371028,3.8756273135926715,0.1698713524233988,ok,False,True,False,1
3255,4527441.422688401,5.947784539300712,0.13072658565558337,ok,False,True,False,0
3256,3590961.881645669,6.4643787971351925,0.08616228536068771,ok,False,True,False,0
3257,3596288.9515477545,4.987238545131761,0.0904726736846454,ok,False,True,False,0
3258,3607924.8745440855,5.433722362186907,0.1384984354090366,ok,False,True,False,1
3259,4047737.514060797,5.38921053782838,0.10146798186673722,ok,False,True,False,0
3260,3801150.391971554,7.311748167698864,0.10298999432907152,ok,False,True,False,0
3261,3667877.1608939623,8.711969911407822,0.07121593902411,ok,False,True,False,0
3262,3670681.7089500455,3.729136834637166,0.08954959452622169,ok,False,True,False,0
3263,3617186.640153403,5.96748187517975,0.11817889713910135,ok,False,True,False,0
3264,3684253.4260052396,5.9607747791409595,0.11477422633376333,ok,False,True,False,0
3265,3608364.1778188674,6.683438741990615,0.09226198042413197,ok,False,True,False,0
3266,3629474.9883453287,5.994821725511535,0.10443521866719663,ok,False,True,False,0
3267,3595822.789443018,5.2995748701623375,0.08025100085031267,ok,False,True,False,0
3268,2581618.0750895645,3.9481362362571595,0.1126530119252942,ok,False,True,False,0
3269,3693312.784033723,6.804480969627471,0.11603821905473921,ok,False,True,False,0
3270,3624937.6758418754,6.121331706000557,0.14197758024389928,ok,False,True,False,1
3271,3606167.2033526157,5.577041519579014,0.1512750208228162,ok,False,True,False,1
3272,3860150.4653669684,3.693653384194029,0.10835083225484143,ok,False,True,False,0
3273,2349719.955294122,3.264600010648419,0.09097740860732395,ok,False,True,False,0
3274,2349511.4431106183,4.027127581030605,0.10277593736787727,ok,False,True,False,0
3275,4159050.112117378,6.969482915293144,0.10437053197976742,ok,False,True,False,0
3276,3624028.564972365,4.673837555730712,0.0945331029709342,ok,False,True,False,0
3277,2267725.2931199414,3.5105378617420246,0.12153065814284986,ok,False,True,False,0
3278,3601016.58079432,4.889582827517954,0.09264286157739987,ok,False,True,False,0
3279,3670180.367263467,5.7673967094197955,0.07154530814290017,ok,False,True,False,0
3280,3586955.4555510744,4.65518273549211,0.0861102437196789,ok,False,True,False,0
3281,2954199.321293613,4.076957921398433,0.13908220029250212,ok,False,True,False,1
3282,4446285.737557136,7.4679986805949055,0.13079590539164254,ok,False,True,False,0
3283,2267725.2931199414,4.038376405928215,0.18131928401560837,ok,False,True,False,1
3284,3912465.9422756354,5.020520429595392,0.09818140040280324,ok,False,True,False,0
3285,2267725.2931199414,2.974361050068108,0.11746436901731994,ok,False,True,False,0
3286,2772356.9728852585,4.953673587571292,0.08345779456322466,ok,False,True,False,0
3287,2349511.4431106183,3.348374245280329,0.09592804318071096,ok,False,True,False,0
3288,3650609.2369625373,7.771452732428907,0.08489473278432158,ok,False,True,False,0
3289,3631076.124107843,5.294138421547142,0.10190185387518313,ok,False,True,False,0
3290,3729518.8002148196,5.238808159959858,0.08373609032830154,ok,False,True,False,0
3291,4761724.103195157,6.58542710307897,0.09703181152102391,ok,False,True,False,0
3292,3659485.8461042233,6.031696029936348,0.10543289823204371,ok,False,True,False,0
3293,3617675.1249675658,6.208338039942869,0.10398727721254841,ok,False,True,False,0
3294,3608580.6599241463,6.53500868146442,0.140186257617812,ok,False,True,False,1
3295,3834980.0720309704,6.642485061169653,0.07002410482879862,ok,False,True,False,0
3296,2342560.331742774,3.8533369710605587,0.11685833819885838,ok,False,True,False,0
3297,4348820.282311689,6.005965726641475,0.09073805868543139,ok,False,True,False,0
3298,3745842.013117024,10.703733312217045,0.16049615638672343,ok,False,True,False,1
3299,2267725.2931199414,3.4926061675178346,0.1119091681533192,ok,False,True,False,0
3300,4278033.757902447,5.883228957613351,0.07221145661423278,ok,False,True,False,0
3301,3851981.72251506,9.581781831189195,0.07151134192957753,ok,False,True,False,0
3302,3851904.7510090237,5.239253523942514,0.11388679553987502,ok,False,True,False,0
3303,3727518.25544312,5.790402003455925,0.09084441252547848,ok,False,True,False,0
3304,3615086.5731208683,7.767732269379782,0.11359386241753244,ok,False,True,False,0
3305,4529358.909768526,7.953372923106502,0.10775040418959103,ok,False,True,False,0
3306,3592382.4825144303,5.048833008943756,0.0840819610956749,ok,False,True,False,0
3307,3743133.870822813,7.184969620078657,0.08183745649009,ok,False,True,False,0
3308,4290703.0460135415,4.812205502620216,0.10539556806179134,ok,False,True,False,0
3309,3750852.8529737107,5.911247231098868,0.08852913805257706,ok,False,True,False,0
3310,3588232.105472238,7.7174080279308,0.11923280050036067,ok,False,True,False,0
3311,2581618.0750895645,4.258730925580174,0.14653992201076937,ok,False,True,False,1
3312,4516471.779282677,15.664137706111847,0.11758797154860295,ok,False,True,False,0
3313,4592561.350941114,5.771621881989417,0.09958880575300993,ok,False,True,False,0
3314,3898118.841560327,4.758875704422014,0.08639469609676753,ok,False,True,False,0
3315,3681652.771020425,5.083799198465809,0.11551926166195858,ok,False,True,False,0
3316,2142731.076122388,3.9062244181515884,0.1305649828782992,ok,False,True,False,0
3317,3593594.1172796874,4.9762482736132725,0.07997488459280866,ok,False,True,False,0
3318,4299106.200611495,7.782095551056418,0.13803040071922668,ok,False,True,False,1
3319,3817489.723658067,4.189574950636445,0.11786325787222507,ok,False,True,False,0
3320,3649237.468263413,5.720120796049967,0.06529980046523687,ok,False,True,False,0
3321,3846358.4648712906,8.308904524941955,0.11531551733810519,ok,False,True,False,0
3322,4341581.732353974,12.616915582410096,0.14811235302235815,ok,False,True,False,1
3323,2267725.2931199414,3.545161450071383,0.11321215521169614,ok,False,True,False,0
3324,3639516.6268133274,7.1697368270564015,0.11113077391512488,ok,False,True,False,0
3325,2342560.331742774,4.387045466981005,0.1152848561545479,ok,False,True,False,0
3326,3701461.100285559,6.363082407409532,0.09930965457174284,ok,False,True,False,0
3327,3671294.8106850986,6.169455327456283,0.14791943687979903,ok,False,True,False,1
3328,3925625.8788414244,5.107524678058131,0.11093839483978668,ok,False,True,False,0
3329,2772356.9728852585,3.776173788147149,0.11419330104600794,ok,False,True,False,0
3330,3665075.947198962,4.033779258169927,0.11374193600011417,ok,False,True,False,0
3331,3603038.4076250973,4.831409517192237,0.07329654909647483,ok,False,True,False,0
3332,3651185.3015271802,8.688637322924766,0.10301707849608305,ok,False,True,False,0
3333,3598410.4113173755,6.234555329136844,0.08782559769623421,ok,False,True,False,0
3334,3635655.7681074096,5.217317333335165,0.12111553633371819,ok,False,True,False,0
3335,3261364.380769941,5.046775514118491,0.13486958826218898,ok,False,True,False,0
3336,3612456.295003438,5.760517989679378,0.09016423224538483,ok,False,True,False,0
3337,3600717.1826910092,5.901274207717754,0.13424720352774044,ok,False,True,False,0
3338,4288754.822451957,7.935326905402371,0.10650431976135988,ok,False,True,False,0
3339,3686239.6699674944,5.676067017176917,0.11377040146140527,ok,False,True,False,0
3340,3634837.2651826413,7.9562649281433355,0.0641273473305699,ok,False,True,False,0
3341,3597877.826103513,5.875919470005086,0.12316527476647005,ok,False,True,False,0
3342,3711136.8210023637,3.9988143724422467,0.09566100931853039,ok,False,True,False,0
3343,3639873.0682201637,5.355066942562617,0.10033582021207943,ok,False,True,False,0
3344,3682791.1979275593,4.72961430163579,0.10970880635356611,ok,False,True,False,0
3345,3648183.7743192553,8.640079699984422,0.09802375264156216,ok,False,True,False,0
3346,4218859.767496882,10.361516541385315,0.13019134763507012,ok,False,True,False,0
3347,4713350.793077212,11.402325637150513,0.10635396548306475,ok,False,True,False,0
3348,3732050.5464047636,4.601755622967568,0.12326764488715203,ok,False,True,False,0
3349,2342560.331742774,3.657911728492083,0.0912113029442495,ok,False,True,False,0
3350,3596775.396289888,9.542350619409756,0.0897602369073921,ok,False,True,False,0
3351,3599924.830890658,5.244372429609677,0.10879369072889034,ok,False,True,False,0
3352,2267725.2931199414,3.5659640410847255,0.08449132502846207,ok,False,True,False,0
3353,4479894.8483618535,7.439127070594729,0.12923723764912698,ok,False,True,False,0
3354,3915438.8238297235,10.284525780359617,0.10358195394736541,ok,False,True,False,0
3355,3773008.0795159973,8.333750334484257,0.11541632753363473,ok,False,True,False,0
3356,3610386.937188954,9.865165624243994,0.12526519743395692,ok,False,True,False,0
3357,3586138.830462286,4.737802332810487,0.10817091800458922,ok,False,True,False,0
3358,2954199.321293613,3.6077662009194724,0.10122793503991778,ok,False,True,False,0
3359,3605489.709638089,8.158711383857815,0.1497257478753684,ok,False,True,False,1
3360,3617616.2905471567,4.962353683417398,0.1128259849447919,ok,False,True,False,0
3361,2772356.9728852585,4.122403838505834,0.14856965892976742,ok,False,True,False,1
3362,4526520.886850544,10.604003297424667,0.12292996410378765,ok,False,True,False,0
3363,3601524.2749159727,5.365526403958919,0.07031468854965597,ok,False,True,False,0
3364,3709018.556801737,5.13028375314824,0.09617525312201836,ok,False,True,False,0
3365,3601465.6015438437,5.308970976031322,0.09537684726001505,ok,False,True,False,0
3366,3741246.937643126,4.108319033962756,0.08563338198501491,ok,False,True,False,0
3367,4668138.535441731,8.033510547953362,0.14053743792074946,ok,False,True,False,1
3368,3609835.3509920477,3.482413250433417,0.0950026693729571,ok,False,True,False,0
3369,3725792.722385524,5.719078032021036,0.13713603251800144,ok,False,True,False,1
3370,2349719.955294122,4.241534846086973,0.12811853620625036,ok,False,True,False,0
3371,4018198.1039275657,9.01626817422358,0.1443050235659391,ok,False,True,False,1
3372,3714927.0291164676,4.191311310535661,0.12079562025965834,ok,False,True,False,0
3373,4664456.6511713825,9.933001256985314,0.11948490105492171,ok,False,True,False,0
3374,2342560.331742774,3.2579254721733033,0.10080644402273398,ok,False,True,False,0
3375,4146145.6123050353,8.672204172808987,0.08434463698936057,ok,False,True,False,0
3376,3714644.4948014827,6.5096593246623655,0.058723012568790034,ok,False,True,False,0
3377,3623087.175662425,5.7337134252633595,0.10314069849528495,ok,False,True,False,0
3378,3661114.030429291,6.030399889189628,0.08643218147040654,ok,False,True,False,0
3379,3619785.524029253,9.485321486676085,0.12158894392976338,ok,False,True,False,0
3380,3744101.3937191325,8.044276591435603,0.08984952943116975,ok,False,True,False,0
3381,3608605.6914883326,5.855333714163194,0.09447576809697622,ok,False,True,False,0
3382,2342560.331742774,3.44072079420539,0.12122804495234896,ok,False,True,False,0
3383,3669664.348465392,6.454479048038243,0.11933041684597667,ok,False,True,False,0
3384,3591422.371533369,7.280625683009267,0.1024350669307299,ok,False,True,False,0
3385,2090177.9550635067,3.237237898865138,0.14941267626963095,ok,False,True,False,1
3386,4409024.987749194,7.621579316280874,0.10463340535335719,ok,False,True,False,0
3387,4537938.141093201,5.542918321951922,0.11628121468211083,ok,False,True,False,0
3388,2342560.331742774,3.613304176465863,0.15187100769126416,ok,False,True,False,1
3389,3604596.1683254936,5.2362922161722905,0.08160030907690652,ok,False,True,False,0
3390,4208461.436131978,4.890379935613278,0.08366988545398368,ok,False,True,False,0
3391,3591828.4889981216,5.931319269111666,0.11299538404436371,ok,False,True,False,0
3392,3600204.4657198256,5.822913535556635,0.0746176421083442,ok,False,True,False,0
3393,3977790.678399367,5.129248528054807,0.1238780591817703,ok,False,True,False,0
3394,3632629.726156941,4.3871463305097596,0.08662504134864141,ok,False,True,False,0
3395,3158053.491710955,5.431819294750446,0.12995022883459317,ok,False,True,False,0
3396,3612811.794260724,5.657881029456076,0.10800718844594914,ok,False,True,False,0
3397,5222944.5049466975,11.23703936683908,0.14383985258369913,ok,False,True,False,1
3398,4627743.807398166,5.8524278251996185,0.1271546773286878,ok,False,True,False,0
3399,4427666.810616959,8.69303782137998,0.11148142610720935,ok,False,True,False,0
3400,3684190.33193892,4.718368663189338,0.1587188417666494,ok,False,True,False,1
3401,3587496.205816988,5.535657987674187,0.11496900586769732,ok,False,True,False,0
3402,3632489.514865337,7.274573095996472,0.08936576534737051,ok,False,True,False,0
3403,2267725.2931199414,4.476106955517423,0.0921634839849681,ok,False,True,False,0
3404,3626943.3789792215,5.321123199571466,0.09515748363743559,ok,False,True,False,0
3405,4175597.968963249,7.708564977450591,0.08457777969052391,ok,False,True,False,0
3406,5081089.841885509,7.349508061663674,0.12745229568737065,ok,False,True,False,0
3407,4404112.7046067165,10.037946127296587,0.10055420752373745,ok,False,True,False,0
3408,3603547.9467200935,5.572011296604079,0.1332582162927584,ok,False,True,False,0
3409,3616420.9917743253,8.27670176024936,0.09499106221835324,ok,False,True,False,0
3410,3907612.1668738592,5.398084968259449,0.10036280401413478,ok,False,True,False,0
3411,3926225.081280484,6.081922975003931,0.08848856398113991,ok,False,True,False,0
3412,3750676.460038726,4.945760040719234,0.10793103924304603,ok,False,True,False,0
3413,4172839.8031836553,5.7703150722389704,0.09078120438117288,ok,False,True,False,0
3414,2349719.955294122,3.6203021137930587,0.11132565985311793,ok,False,True,False,0
3415,3927134.211590554,6.82676698198182,0.1316486460217749,ok,False,True,False,0
3416,3642983.981741664,4.699457355920032,0.07166090293996473,ok,False,True,False,0
3417,3848976.3476629504,4.838675398446455,0.09727495067906922,ok,False,True,False,0
3418,3592107.581744489,4.3180572814891125,0.09139971333599123,ok,False,True,False,0
3419,3639257.824183503,6.092331802827165,0.10598017196992504,ok,False,True,False,0
3420,4719353.022578479,4.7020750229905115,0.10554106248886153,ok,False,True,False,0
3421,3605918.5295213372,7.88412170818052,0.10861364446564292,ok,False,True,False,0
3422,3634167.780764725,5.660784815007963,0.13433124737249758,ok,False,True,False,0
3423,3591847.212817806,6.104136877727655,0.09482377485919347,ok,False,True,False,0
3424,4413163.605768747,6.507746951731343,0.09752016869559454,ok,False,True,False,0
3425,3657228.6237558182,5.09516830865469,0.0911740544981815,ok,False,True,False,0
3426,3616540.5424342793,4.398443231845165,0.09801319289176269,ok,False,True,False,0
3427,2342560.331742774,4.003754674962402,0.11504186733530714,ok,False,True,False,0
3428,3588236.308054983,5.439368445704188,0.10523805986608104,ok,False,True,False,0
3429,2954199.321293613,3.8841558103022478,0.09966050799592235,ok,False,True,False,0
3430,3852208.728424796,6.178903756356237,0.08392509035026319,ok,False,True,False,0
3431,3596171.3217458692,5.074005540414225,0.10345352862509011,ok,False,True,False,0
3432,2267725.2931199414,3.264832899600085,0.15839347229207423,ok,False,True,False,1
3433,2090177.9550635067,3.0026476167295595,0.14633536826045512,ok,False,True,False,1
3434,3607760.456218211,4.341090092728637,0.12436136736142112,ok,False,True,False,0
3435,4164661.248809327,7.876196227722439,0.09992889716229336,ok,False,True,False,0
3436,3686227.590351525,7.479215574294531,0.1647525098952689,ok,False,True,False,1
3437,4626483.3365386315,8.357041137886139,0.12037057305702215,ok,False,True,False,0
3438,4438708.465368418,6.891013141206657,0.08962435862746126,ok,False,True,False,0
3439,3719901.1038635657,6.347056509187811,0.06262198061291568,ok,False,True,False,0
3440,3643835.7004178674,6.34908536605574,0.08201034297458865,ok,False,True,False,0
3441,4788086.515604385,11.392117158363737,0.16251774190845936,ok,False,True,False,1
3442,3973989.1042381353,7.720485205082804,0.08926247240361052,ok,False,True,False,0
3443,3919607.7097906517,6.65493982613427,0.12228878200652782,ok,False,True,False,0
3444,2342560.331742774,4.034194113330397,0.11812543555020333,ok,False,True,False,0
3445,3723215.1269926084,7.955435817716919,0.10363168948835011,ok,False,True,False,0
3446,4548652.528901931,23.88238334676618,0.11383878182694229,ok,False,True,False,0
3447,2581618.0750895645,4.361199083156809,0.0986124622070389,ok,False,True,False,0
3448,3699395.9088796913,6.442977831377847,0.07579267221519059,ok,False,True,False,0
3449,3644336.317814466,5.817754256666484,0.04755794168702199,ok,False,True,False,0
3450,3684080.9869988807,6.971313039794155,0.10356878371170153,ok,False,True,False,0
3451,2342560.331742774,3.538057703918009,0.12173513936697444,ok,False,True,False,0
3452,3735854.271203081,5.1285322707347945,0.10326787136214376,ok,False,True,False,0
3453,3619793.7827923144,3.9993425016097577,0.0876624512815164,ok,False,True,False,0
3454,3878748.29337572,10.311219282720176,0.11965815616703035,ok,False,True,False,0
3455,2267725.2931199414,3.7552676894274453,0.10234275333384724,ok,False,True,False,0
3456,3903371.101409744,5.360397477983122,0.12279453345953462,ok,False,True,False,0
3457,3686784.7703816164,7.621912332817716,0.10017769397580212,ok,False,True,False,0
3458,3632936.685500589,4.577933772827887,0.0815664869768154,ok,False,True,False,0
3459,3839545.8178732973,7.181939615328488,0.10674025383489616,ok,False,True,False,0
3460,3743837.249240794,7.878194889965255,0.1069274299041707,ok,False,True,False,0
3461,3158053.491710955,4.581120617588785,0.10820646563558711,ok,False,True,False,0
3462,4376319.203910882,10.59593833584079,0.13044660775219313,ok,False,True,False,0
3463,3653996.5720755677,6.386917556960882,0.09323658467549512,ok,False,True,False,0
3464,3705865.957096942,5.909129720447122,0.10668306847530762,ok,False,True,False,0
3465,3625829.156931461,4.886347248304814,0.13489786388360914,ok,False,True,False,0
3466,3760301.2707933914,6.084629497577993,0.09705862855268488,ok,False,True,False,0
3467,2786813.40424396,3.7800614679392113,0.11045812343940364,ok,False,True,False,0
3468,3592495.5143276784,6.608202633815845,0.12702539210190644,ok,False,True,False,0
3469,3708712.237000066,4.940979111357392,0.10414966210277343,ok,False,True,False,0
3470,3761649.106421694,7.495381438497654,0.11474878210086192,ok,False,True,False,0
3471,4510001.92120493,6.03409668189705,0.1177640407424897,ok,False,True,False,0
3472,3611223.9454242173,5.438022716157041,0.12274983893330149,ok,False,True,False,0
3473,3613437.279307983,6.426132142096161,0.09348737093290482,ok,False,True,False,0
3474,3625298.054402531,4.788142160551393,0.09354384949994987,ok,False,True,False,0
3475,3665572.0536000207,8.465534034021887,0.11288906371248486,ok,False,True,False,0
3476,3158053.491710955,4.004915813038668,0.1400126064052216,ok,False,True,False,1
3477,3620450.727207059,6.99015894322327,0.059300954919024984,ok,False,True,False,0
3478,3644323.0962969144,6.812487447359909,0.12189313822883907,ok,False,True,False,0
3479,2008285.854183121,3.170151460637536,0.10736295514187766,ok,False,True,False,0
3480,2342560.331742774,3.20876837331584,0.10041810181238431,ok,False,True,False,0
3481,4191020.015540658,6.605660031797585,0.09343654235012733,ok,False,True,False,0
3482,3727042.8339549713,5.3097143639013655,0.10063009027301983,ok,False,True,False,0
3483,6204233.9502075985,10.417141260573688,0.14459543028190225,ok,False,True,False,1
3484,2609060.086809957,4.499611402111817,0.08669035441761186,ok,False,True,False,0
3485,3665457.9067741665,4.917746021852496,0.059126878153316964,ok,False,True,False,0
3486,2142731.076122388,3.445611437484965,0.13409093989429127,ok,False,True,False,0
3487,4285207.01156419,6.090469061408152,0.10668356804766216,ok,False,True,False,0
3488,4378502.600440099,5.810388851984481,0.09064807414332371,ok,False,True,False,0
3489,2267725.2931199414,3.8004638906911112,0.09413737997767638,ok,False,True,False,0
3490,3796467.2615926997,7.508258813005124,0.07392569506907665,ok,False,True,False,0
3491,3822377.1049005426,8.392078194192035,0.08784459056060068,ok,False,True,False,0
3492,5149268.734712641,7.263232133502122,0.12674828960382556,ok,False,True,False,0
3493,3669415.6954157813,5.703216472234063,0.09561317938672798,ok,False,True,False,0
3494,4166583.638849454,6.8299076776440355,0.08252441149585288,ok,False,True,False,0
3495,3783013.1321791406,8.782760201336078,0.09880411687933355,ok,False,True,False,0
3496,2357307.685887874,3.224088168759254,0.09082196161670264,ok,False,True,False,0
3497,4368807.346175453,3.7225997356351597,0.0972093356420351,ok,False,True,False,0
3498,3871783.022618591,4.775074844132995,0.06524438357663886,ok,False,True,False,0
3499,2267725.2931199414,3.6896095476244626,0.12166440157423819,ok,False,True,False,0
3500,3601322.5463792337,8.690071291183266,0.11369037144452399,ok,False,True,False,0
3501,2349511.4431106183,4.03539377798708,0.12816196960502357,ok,False,True,False,0
3502,2267725.2931199414,3.3147217001695473,0.0937173998631754,ok,False,True,False,0
3503,3671712.1287945975,4.824122909028052,0.09797513009507441,ok,False,True,False,0
3504,3616564.940954114,6.196777279692389,0.1094019656172378,ok,False,True,False,0
3505,3783834.797568011,6.485064113663705,0.11769454303233695,ok,False,True,False,0
3506,2342560.331742774,3.800120503282228,0.14894897363921245,ok,False,True,False,1
3507,3649327.347362708,5.099874444978123,0.08695607578751008,ok,False,True,False,0
3508,3596530.2077131276,5.697447340863483,0.127837055233067,ok,False,True,False,0
3509,2678205.374785724,5.387701880343004,0.10525919238218573,ok,False,True,False,0
3510,2267725.2931199414,3.5348917298632343,0.11670595523403038,ok,False,True,False,0
3511,4282196.021656353,9.087118864392405,0.1160174481405351,ok,False,True,False,0
3512,3602892.172547583,6.269234589045837,0.10004369147184466,ok,False,True,False,0
3513,3261364.380769941,3.89581652136762,0.10667719748625759,ok,False,True,False,0
3514,3587172.163394402,6.961398063561085,0.09724672963835468,ok,False,True,False,0
3515,3710145.9829850313,6.558879029447602,0.0978990136396638,ok,False,True,False,0
3516,3908259.156394465,4.410751551049364,0.10540699270046061,ok,False,True,False,0
3517,3673180.597023994,4.769484614802295,0.1052750510662831,ok,False,True,False,0
3518,3660934.7353330385,5.644853305756968,0.10590842964991387,ok,False,True,False,0
3519,3612318.551316704,5.371215265108571,0.13031574559343362,ok,False,True,False,0
3520,4012342.8268689467,4.437091442988711,0.12821846387426317,ok,False,True,False,0
3521,2267725.2931199414,4.0279926184747,0.0813737633912377,ok,False,True,False,0
3522,3620616.139572425,4.468072775306785,0.10574051269209406,ok,False,True,False,0
3523,2267725.2931199414,4.152874426414706,0.13120570805103282,ok,False,True,False,0
3524,4126269.461149247,12.216533599697339,0.13345642676790126,ok,False,True,False,0
3525,4095340.4070386463,13.327678407615203,0.12800599588834027,ok,False,True,False,0
3526,3653963.174949051,5.757569474787126,0.13789148293841735,ok,False,True,False,1
3527,3910725.560372132,6.70431249104555,0.110445840552863,ok,False,True,False,0
3528,2142731.076122388,3.6544186814248674,0.15943940242111942,ok,False,True,False,1
3529,4248144.121853297,9.22156350012665,0.1337731543461963,ok,False,True,False,0
3530,3754660.9260665094,4.8583380681596795,0.08468609136300653,ok,False,True,False,0
3531,3968206.50370312,9.133008520983413,0.097610668770669,ok,False,True,False,0
3532,2267725.2931199414,3.273387948562532,0.09537895595562296,ok,False,True,False,0
3533,3812031.7131319665,7.965299039945582,0.1231115457310007,ok,False,True,False,0
3534,3713075.975386882,4.935136571156497,0.1348224448823252,ok,False,True,False,0
3535,3587352.8238106533,4.662355140345005,0.10752180357614594,ok,False,True,False,0
3536,3979389.155637076,8.205240276583002,0.13355604016375278,ok,False,True,False,0
3537,3602685.7692042887,6.2173358438953725,0.12040270725788838,ok,False,True,False,0
3538,4112413.3700587237,3.652448246235768,0.0942211709151396,ok,False,True,False,0
3539,4400283.922879803,38.488549976026604,0.15547569769827227,ok,False,True,False,1
3540,2267725.2931199414,3.644883715676509,0.09920684798742097,ok,False,True,False,0
3541,3605514.746830933,5.081741069187725,0.0941438236372314,ok,False,True,False,0
3542,3709717.1732902736,4.815167470417084,0.10283734984315274,ok,False,True,False,0
3543,3607988.6818508087,8.272482120536756,0.13227828710366407,ok,False,True,False,0
3544,4611333.77414384,13.894377623506331,0.10984454282946177,ok,False,True,False,0
3545,3594209.438948051,5.356960824198423,0.12646774582606313,ok,False,True,False,0
3546,2267725.2931199414,3.082242936645746,0.13455600465093281,ok,False,True,False,0
3547,3635372.4579875534,5.4177837642019675,0.05749773629399313,ok,False,True,False,0
3548,3585678.282877414,6.6465946055612175,0.15979819735465262,ok,False,True,False,1
3549,3589067.9039696073,4.847682487002711,0.1082469050979733,ok,False,True,False,0
3550,3710552.436180297,4.629136272488138,0.10665380849685241,ok,False,True,False,0
3551,4082807.1976903677,11.185689347159736,0.13448776310640576,ok,False,True,False,0
3552,2980790.490822688,5.097697059860075,0.1436834256013576,ok,False,True,False,1
3553,4145210.532317915,7.836083322391575,0.09826099622640283,ok,False,True,False,0
3554,2267725.2931199414,4.250280667174292,0.1099995306211684,ok,False,True,False,0
3555,2342560.331742774,3.751120268693286,0.1285830549433239,ok,False,True,False,0
3556,3588511.567672697,8.823270314479707,0.08999714163892641,ok,False,True,False,0
3557,3643343.492861084,5.391229479792244,0.12180078856038745,ok,False,True,False,0
3558,3591376.1644538976,7.12822804758416,0.08975237589967633,ok,False,True,False,0
3559,3615573.9622233165,4.7965637917839885,0.11238103854597636,ok,False,True,False,0
3560,3664146.941217993,3.868364441057428,0.07386295079888755,ok,False,True,False,0
3561,4445943.659363164,9.409777042640076,0.09004581713140614,ok,False,True,False,0
3562,3597534.1829800922,6.291184433763705,0.09185919506235007,ok,False,True,False,0
3563,2090177.9550635067,3.2174573754746407,0.12794784593686603,ok,False,True,False,0
3564,2342560.331742774,4.019310653659567,0.10598804575995169,ok,False,True,False,0
3565,2267725.2931199414,3.400740596523356,0.1388572281378827,ok,False,True,False,1
3566,4182028.1024867124,7.481359746255526,0.1113900351760333,ok,False,True,False,0
3567,2342560.331742774,4.177072621198115,0.15729827689722076,ok,False,True,False,1
3568,2267725.2931199414,3.7932274021034718,0.09084617678071572,ok,False,True,False,0
3569,3730393.86831346,6.103751355391176,0.11685400173375227,ok,False,True,False,0
3570,3836143.737044817,4.714711472432789,0.09691476182377756,ok,False,True,False,0
3571,3693509.032614434,4.041875839348611,0.0982061834354307,ok,False,True,False,0
3572,4250460.309700891,6.5534802920368636,0.08895606736128692,ok,False,True,False,0
3573,3749026.7105024285,6.5839459808846215,0.12234967136175012,ok,False,True,False,0
3574,4665805.491512843,10.323586165482364,0.13005149724767007,ok,False,True,False,0
3575,4058369.0779049965,3.5762687396328037,0.14950318595592407,ok,False,True,False,1
3576,2267725.2931199414,3.6804808641505002,0.1378280135845742,ok,False,True,False,1
3577,3608562.888627859,5.135919998343967,0.10541016826259858,ok,False,True,False,0
3578,3646386.4006501758,4.981817020929355,0.1276187443384359,ok,False,True,False,0
3579,2267725.2931199414,3.9188545735929683,0.09983445045963668,ok,False,True,False,0
3580,4169669.042429473,10.50380595909403,0.1142193403922433,ok,False,True,False,0
3581,2090177.9550635067,3.3822726680612645,0.1534972709652887,ok,False,True,False,1
3582,2267725.2931199414,3.504983535445418,0.11703534090726053,ok,False,True,False,0
3583,2349511.4431106183,4.255061407130482,0.08460905921572848,ok,False,True,False,0
3584,3623496.600020256,5.611632633911913,0.0736867641349141,ok,False,True,False,0
3585,4113207.104637151,6.8144568911574765,0.09898319997997618,ok,False,True,False,0
3586,3619313.9750176696,4.498474698280824,0.08251048707033104,ok,False,True,False,0
3587,4547165.823216903,8.698188363075266,0.12247889283297853,ok,False,True,False,0
3588,3595294.3681842545,5.154059411345945,0.071403222497332,ok,False,True,False,0
3589,2609060.086809957,4.111120066949624,0.09548058342653482,ok,False,True,False,0
3590,3978102.069747377,6.497295600262406,0.09139322372114067,ok,False,True,False,0
3591,3598295.09782911,8.068968159088577,0.11794988337967138,ok,False,True,False,0
3592,3738779.7231446384,5.885866988691578,0.13960430988648087,ok,False,True,False,1
3593,4039447.936159569,4.601136823971379,0.13385889498195425,ok,False,True,False,0
3594,3607014.0399402273,4.5815256657328955,0.08106624698659437,ok,False,True,False,0
3595,3624198.712284803,5.120594506915858,0.11320130587385036,ok,False,True,False,0
3596,3870655.5074185287,4.416495644623659,0.06854966298455445,ok,False,True,False,0
3597,3950647.2431697603,4.9728712888614375,0.10482273579723639,ok,False,True,False,0
3598,3724461.496315902,7.297915871104338,0.11277974453223372,ok,False,True,False,0
3599,3618712.628897803,5.8254985944365485,0.09250213244771344,ok,False,True,False,0
3600,5460499.608910812,5.000306506804539,0.11598619396228493,ok,False,True,False,0
3601,2581618.0750895645,3.6465637399804516,0.11855551768937195,ok,False,True,False,0
3602,2267725.2931199414,3.9353805664772765,0.15137889471824184,ok,False,True,False,1
3603,2267725.2931199414,3.000505970483022,0.17341247653363268,ok,False,True,False,1
3604,3746565.9498866233,5.293945582518024,0.09113690514120687,ok,False,True,False,0
3605,3662615.424908624,6.404952475982219,0.07431682053793287,ok,False,True,False,0
3606,2267725.2931199414,3.729160103133277,0.14599037080140387,ok,False,True,False,1
3607,2954199.321293613,4.907033553120746,0.09346098602131575,ok,False,True,False,0
3608,3585856.6034697234,5.669987422197825,0.11616134956141522,ok,False,True,False,0
3609,3636804.1335126115,5.617967648893655,0.11326422548748527,ok,False,True,False,0
3610,4044591.68805493,7.819618029283487,0.0887329863907883,ok,False,True,False,0
3611,2342560.331742774,4.130205023233245,0.10340775078960884,ok,False,True,False,0
3612,2342560.331742774,3.989912813043384,0.09716212882738628,ok,False,True,False,0
3613,4504116.845596388,7.207777378879575,0.12856701927412617,ok,False,True,False,0
3614,3624678.54518677,5.4234017248717885,0.1250865112776688,ok,False,True,False,0
3615,3665933.5189148183,5.815682929211047,0.12313445302242843,ok,False,True,False,0
3616,3692715.6345560574,5.56290471623787,0.09844282853975561,ok,False,True,False,0
3617,3600667.7639537267,5.038222801702483,0.10247428327212604,ok,False,True,False,0
3618,3606904.2088700733,6.863076470535067,0.09798165665571956,ok,False,True,False,0
3619,3594935.1427519084,5.464410404472823,0.11415485123792013,ok,False,True,False,0
3620,3947288.664690209,4.567442439897047,0.11839395013934684,ok,False,True,False,0
3621,3804402.1419614726,7.471542703101263,0.0805643627486834,ok,False,True,False,0
3622,2090177.9550635067,2.927200479014368,0.15375553594520158,ok,False,True,False,1
3623,4458104.537905776,7.949880331640338,0.11778458851284301,ok,False,True,False,0
3624,4265936.4898493085,3.860382581809716,0.10127857617792368,ok,False,True,False,0
3625,4813652.2171458965,27.43529398388649,0.11127208512270104,ok,False,True,False,0
3626,4580058.040421344,7.85735830358038,0.12445991739365642,ok,False,True,False,0
3627,4137101.193292368,7.21429252427491,0.12676647621503667,ok,False,True,False,0
3628,2267725.2931199414,4.102249861590544,0.08877427687009687,ok,False,True,False,0
3629,3825290.533951641,5.434944541911697,0.12041636519437185,ok,False,True,False,0
3630,4201504.204385537,4.965480683562374,0.08419422253816444,ok,False,True,False,0
3631,2267725.2931199414,4.236908777559689,0.11010335019112782,ok,False,True,False,0
3632,2342560.331742774,3.631804258782723,0.10878707811079372,ok,False,True,False,0
3633,4175498.2289562454,7.466160353653919,0.12362180283094759,ok,False,True,False,0
3634,3863952.0756778205,7.669969073858609,0.09309833418830499,ok,False,True,False,0
3635,3706117.2069688165,6.266823849142293,0.11384997953370618,ok,False,True,False,0
3636,3893221.0641160626,7.486107367515044,0.0744481045263442,ok,False,True,False,0
3637,3641579.3607470593,4.919619473209075,0.11409363132004868,ok,False,True,False,0
3638,3585749.436048388,6.465284043407976,0.15005041177479372,ok,False,True,False,1
3639,3679852.6245055473,6.636255275550602,0.07449078745153581,ok,False,True,False,0
3640,3621791.1525373426,5.23283869266953,0.0948095485352744,ok,False,True,False,0
3641,2678205.374785724,3.9697616300695415,0.17491119297987154,ok,False,True,False,1
3642,2342560.331742774,3.3556710582709326,0.09983543928635874,ok,False,True,False,0
3643,4547708.34108961,7.880280068898396,0.09810701363170093,ok,False,True,False,0
3644,3612562.3192802523,5.829236087573387,0.11201194299364309,ok,False,True,False,0
3645,4139882.4205172947,6.619410112574905,0.08239225618710223,ok,False,True,False,0
3646,4508561.380547231,10.887476319473455,0.09297417811764186,ok,False,True,False,0
3647,3646407.391969615,7.345825141188908,0.10269621667297912,ok,False,True,False,0
3648,2773471.102127803,5.634774728991867,0.11887174595766131,ok,False,True,False,0
3649,3632653.9848205065,4.629144781677705,0.06287389772098384,ok,False,True,False,0
3650,3793517.281015264,6.313518182518914,0.08511473920438895,ok,False,True,False,0
3651,3618345.3148645735,5.5027985802051305,0.11630240611835108,ok,False,True,False,0
3652,4255303.200743802,13.568873098026017,0.13227971582284626,ok,False,True,False,0
3653,2342560.331742774,3.7078234787776525,0.13001714070735906,ok,False,True,False,0
3654,4214887.80839877,6.834955842885637,0.10723234781106666,ok,False,True,False,0
3655,3737805.6183448713,7.052395186521855,0.0888866022933088,ok,False,True,False,0
3656,3634298.521647589,5.051587263948312,0.10906377398636868,ok,False,True,False,0
3657,3619447.1978040473,5.9188278721266165,0.10218312291418907,ok,False,True,False,0
3658,4161219.1433826913,11.130095962418208,0.08808760053023157,ok,False,True,False,0
3659,2378837.9975668644,3.920906344463257,0.1356167611687536,ok,False,True,False,1
3660,3684937.9474702906,6.9771266485328205,0.12191016748329875,ok,False,True,False,0
3661,3633549.3210616508,4.672264770791378,0.10944655674178994,ok,False,True,False,0
3662,3632407.8634796697,6.4500057849125,0.0994737432511722,ok,False,True,False,0
3663,3602543.5592013006,4.709739082895901,0.0707223297112633,ok,False,True,False,0
3664,3261364.380769941,4.8282265725816575,0.12268208631469574,ok,False,True,False,0
3665,3882215.7786566643,6.373502610690598,0.12524421193344915,ok,False,True,False,0
3666,3938468.6619086335,4.873892582959456,0.1031144181545196,ok,False,True,False,0
3667,3661478.3392531355,6.819612665419841,0.09613108641065271,ok,False,True,False,0
3668,3936967.8788484316,5.377330077142465,0.0774457343527063,ok,False,True,False,0
3669,2342560.331742774,3.439475286858806,0.1785645366904695,ok,False,True,False,1
3670,2609060.086809957,4.775285217865623,0.08480931224786425,ok,False,True,False,0
3671,2142731.076122388,3.256343437264182,0.1438633827090201,ok,False,True,False,1
3672,4012073.57618281,5.136663959428009,0.11050597607185009,ok,False,True,False,0
3673,3677692.012115611,6.990403715523207,0.09702039596650969,ok,False,True,False,0
3674,3595063.0392182316,5.861567570177918,0.10689482917793502,ok,False,True,False,0
3675,3587486.6317002675,6.905245025406804,0.10248641564511529,ok,False,True,False,0
3676,3956712.3483181526,5.685873471682689,0.09871605323496258,ok,False,True,False,0
3677,4058424.103692454,6.882603041770546,0.11355243019294947,ok,False,True,False,0
3678,3660159.0756501337,4.779597871979011,0.0715674183662584,ok,False,True,False,0
3679,2609060.086809957,4.266812514984235,0.05975710534056976,ok,False,True,False,0
3680,2581618.0750895645,4.000334351748769,0.06522281003118041,ok,False,True,False,0
3681,3590919.8686094596,6.391314377639696,0.0773972864908633,ok,False,True,False,0
3682,2342560.331742774,3.9275942218950504,0.11224847781687602,ok,False,True,False,0
3683,2581618.0750895645,4.208226642962297,0.11870833813504857,ok,False,True,False,0
3684,2628545.67143199,3.743229046411166,0.1044783797501665,ok,False,True,False,0
3685,2349511.4431106183,3.7031593294814433,0.10426773767219683,ok,False,True,False,0
3686,3593555.669190401,5.119834625390759,0.14522351603054995,ok,False,True,False,1
3687,2142731.076122388,3.601668315103391,0.11948056717746058,ok,False,True,False,0
3688,3632424.9313247222,4.85014472523792,0.10676153726467863,ok,False,True,False,0
3689,2142731.076122388,3.2679468403438263,0.1080828186883957,ok,False,True,False,0
3690,3626351.056503132,6.388898951353008,0.07646981141294856,ok,False,True,False,0
3691,4404851.775107589,15.548879679174576,0.11497585758415674,ok,False,True,False,0
3692,3610251.09554589,6.28433021912578,0.11470835895133502,ok,False,True,False,0
3693,4052840.5226111542,6.928484090279511,0.09470250029625116,ok,False,True,False,0
3694,3986399.523927479,6.731778618123627,0.11171369955801147,ok,False,True,False,0
3695,2773471.102127803,5.121766221539773,0.13896105947819914,ok,False,True,False,1
3696,3650271.893507591,6.535826854283193,0.09893731379076576,ok,False,True,False,0
3697,3708658.737133742,6.073676071393489,0.07628524573559081,ok,False,True,False,0
3698,2267725.2931199414,3.571147885318343,0.09286212383401049,ok,False,True,False,0
3699,4231916.111960382,7.425354787836739,0.10654246882671825,ok,False,True,False,0
3700,3624179.9958759067,6.453254949227949,0.14871999126349333,ok,False,True,False,1
3701,3647568.110446085,4.747326185906715,0.07979687091743182,ok,False,True,False,0
3702,3718535.786115066,6.281615691258894,0.0553481402852124,ok,False,True,False,0
3703,4166968.6884238217,4.3243734358668275,0.10610945543476935,ok,False,True,False,0
3704,2349511.4431106183,3.374241795694114,0.08005591120081709,ok,False,True,False,0
3705,3710584.4394985335,5.9311204082790265,0.08664883501905118,ok,False,True,False,0
3706,3932498.0423372495,5.391730970991273,0.12251735327719238,ok,False,True,False,0
3707,3794454.9646965577,6.970947764987274,0.09445599197857824,ok,False,True,False,0
3708,2772356.9728852585,5.186342436860829,0.12912744194361736,ok,False,True,False,0
3709,3915662.8031190597,6.263479679766454,0.10659562575397341,ok,False,True,False,0
3710,3745538.942232023,7.450874723779982,0.08644848124315563,ok,False,True,False,0
3711,4505502.141496506,21.65854854984255,0.1475661532393877,ok,False,True,False,1
3712,3685682.1559101036,5.362333131368799,0.11389635975269896,ok,False,True,False,0
3713,4086697.2552439244,6.580158357455195,0.09678792763964894,ok,False,True,False,0
3714,3635617.490904033,6.297154088779304,0.07365538826695625,ok,False,True,False,0
3715,3799832.299181328,6.590760266975189,0.10878351183395873,ok,False,True,False,0
3716,4519089.454680768,7.450348506181087,0.07483493769659308,ok,False,True,False,0
3717,3591807.6796804233,5.187465934008437,0.0913217923471461,ok,False,True,False,0
3718,3815668.5292574246,4.85379468293481,0.09976695316196377,ok,False,True,False,0
3719,2772356.9728852585,4.906907378643296,0.14757530276139352,ok,False,True,False,1
3720,2581618.0750895645,4.726787066492125,0.08723681860954924,ok,False,True,False,0
3721,2581618.0750895645,4.425718861432639,0.10098238641761681,ok,False,True,False,0
3722,3630732.1250148686,4.775625078941854,0.1163001854633327,ok,False,True,False,0
3723,3675391.952855737,4.595284328087624,0.10693661794672044,ok,False,True,False,0
3724,4066557.1821194226,5.945319511698616,0.09912824235173667,ok,False,True,False,0
3725,2349511.4431106183,3.4530906926007927,0.13770068092446186,ok,False,True,False,1
3726,2349511.4431106183,4.5843434883112355,0.11514591838869506,ok,False,True,False,0
3727,3663521.5579631925,12.026675572965656,0.13199888307529462,ok,False,True,False,0
3728,3862889.2317976747,6.578885549041737,0.1048749680810066,ok,False,True,False,0
3729,4672306.517165453,8.733869636771939,0.1316644071057143,ok,False,True,False,0
3730,3981348.100472461,4.980141585140496,0.12359254231973194,ok,False,True,False,0
3731,2581618.0750895645,4.6894154866959745,0.12781223532597497,ok,False,True,False,0
3732,3606372.994778505,7.431614204719624,0.14040377323829145,ok,False,True,False,1
3733,3661631.8491434245,4.531096213163297,0.07576392550510092,ok,False,True,False,0
3734,2090177.9550635067,3.003240152400197,0.1550730318952489,ok,False,True,False,1
3735,4515857.7169684125,12.27422333485426,0.11376565773835023,ok,False,True,False,0
3736,3755249.2164357877,5.248168612474713,0.12951842111864598,ok,False,True,False,0
3737,3654235.647802508,4.79128588138967,0.08881366819513414,ok,False,True,False,0
3738,4219560.43189653,8.118526656995876,0.13881846275531673,ok,False,True,False,1
3739,3591716.953907819,7.158986089635925,0.12287229707057268,ok,False,True,False,0
3740,3591524.7282820023,4.533666220150842,0.08208442571595892,ok,False,True,False,0
3741,2008285.854183121,2.952609877084603,0.1694157720872922,ok,False,True,False,1
3742,3780789.8708954174,4.006678336922468,0.09807657241743317,ok,False,True,False,0
3743,4565472.934013024,8.113711097946004,0.10212483614800325,ok,False,True,False,0
3744,4961888.808166955,6.389069883763556,0.10204802152837955,ok,False,True,False,0
3745,3954559.0855043633,5.748966800976787,0.11809437389674149,ok,False,True,False,0
3746,4290910.337001981,8.240338476789294,0.11718430308899241,ok,False,True,False,0
3747,2773471.102127803,3.769522099096646,0.08203467533643788,ok,False,True,False,0
3748,3752544.6033493658,6.198548146507479,0.11365391326444713,ok,False,True,False,0
3749,3630028.217894362,6.336558199897705,0.11457583139243999,ok,False,True,False,0
3750,3733476.3596572285,8.009099730545538,0.14872705599039288,ok,False,True,False,1
3751,3716599.022330449,6.029774911264348,0.10051892619379843,ok,False,True,False,0
3752,3600203.180212684,5.606565556983244,0.06725149622932547,ok,False,True,False,0
3753,3610902.077780502,6.455912420794145,0.15167109960247427,ok,False,True,False,1
3754,2342560.331742774,3.762386426298799,0.1426058173824415,ok,False,True,False,1
3755,3679415.695550073,4.76686459937428,0.11568660637533368,ok,False,True,False,0
3756,2267725.2931199414,3.564853104133026,0.11344425468569408,ok,False,True,False,0
3757,2267725.2931199414,3.1230692385848347,0.13267301369657847,ok,False,True,False,0
3758,3645164.0712036774,5.190827214384293,0.10487341752600277,ok,False,True,False,0
3759,3652452.565327897,7.656721948280413,0.16465364865040483,ok,False,True,False,1
3760,3597814.0000923905,5.204348905002533,0.09570987608406073,ok,False,True,False,0
3761,3594736.369561646,5.7453316000667325,0.060598623800363294,ok,False,True,False,0
3762,2342560.331742774,3.8938951808012905,0.14700091438999896,ok,False,True,False,1
3763,2008285.854183121,2.9441942306859117,0.10620753042380748,ok,False,True,False,0
3764,3920892.043230871,6.788611738473529,0.06821105218818457,ok,False,True,False,0
3765,3697834.090514392,5.323437812748229,0.15326376497325667,ok,False,True,False,1
3766,5537395.587661035,7.323776558737303,0.12301200461545558,ok,False,True,False,0
3767,2342560.331742774,3.756432385617859,0.14964172392883457,ok,False,True,False,1
3768,3597257.8674596283,5.169599727872821,0.11756510055070207,ok,False,True,False,0
3769,2142731.076122388,3.1662381597192444,0.13093047148163683,ok,False,True,False,0
3770,2581618.0750895645,3.86019409262979,0.08310620249569947,ok,False,True,False,0
3771,3678934.6397263915,4.623693029033952,0.10499633647871065,ok,False,True,False,0
3772,2357307.685887874,3.5045713811508006,0.13886784142060282,ok,False,True,False,1
3773,3261364.380769941,4.5605384795827435,0.11674282347188614,ok,False,True,False,0
3774,3878024.184318324,6.068800834775217,0.13804508100446966,ok,False,True,False,1
3775,3683155.4187402567,5.079429827152703,0.09489970509923445,ok,False,True,False,0
3776,3158053.491710955,4.165330454680247,0.1006675186299342,ok,False,True,False,0
3777,4541371.776626463,5.271560984450092,0.10096957141670027,ok,False,True,False,0
3778,4511795.254960441,16.16173565339565,0.09424909232797685,ok,False,True,False,0
3779,4427802.469017839,10.450424451931731,0.11499306378472784,ok,False,True,False,0
3780,3609172.6222963147,4.96734647485426,0.10730156701045068,ok,False,True,False,0
3781,2349511.4431106183,3.523902857031256,0.12302287042615881,ok,False,True,False,0
3782,3780745.2322644275,4.610329810416616,0.09531529745428391,ok,False,True,False,0
3783,3596826.650627301,5.118383400675357,0.09657858697144411,ok,False,True,False,0
3784,3669264.748895451,6.613494202272413,0.1305557293495444,ok,False,True,False,0
3785,3661177.6172405933,6.014580580820799,0.11495963698622935,ok,False,True,False,0
3786,4070338.4500250285,4.129323737703646,0.08589616839449499,ok,False,True,False,0
3787,3600453.7146526887,5.174427080612955,0.10454537091661786,ok,False,True,False,0
3788,3628199.9836762724,5.405767584905822,0.0687719701157411,ok,False,True,False,0
3789,3664079.632093789,5.210530573781034,0.07000842551924213,ok,False,True,False,0
3790,3746099.819201629,7.666569110419995,0.13189280924484328,ok,False,True,False,0
3791,3973890.1227817773,6.401393686975958,0.10789473983602804,ok,False,True,False,0
3792,3601962.0873745456,6.485152872133793,0.12713957999765857,ok,False,True,False,0
3793,3669520.225673904,6.6112156742554795,0.10899308909275146,ok,False,True,False,0
3794,3598464.9917343874,5.655983762936387,0.11968202463806765,ok,False,True,False,0
3795,2349511.4431106183,3.5011820166299383,0.1281354597692701,ok,False,True,False,0
3796,2008285.854183121,2.8971148348002607,0.15949239026082015,ok,False,True,False,1
3797,3591948.148538224,6.449712284781695,0.07309022512953478,ok,False,True,False,0
3798,3606873.7709233314,4.656992208033451,0.133125441038359,ok,False,True,False,0
3799,3681457.9488352137,4.595836542127277,0.13934371532118273,ok,False,True,False,1
3800,3666026.8988144146,7.324695284484841,0.1291604932713426,ok,False,True,False,0
3801,3607166.1636878303,6.928530948968405,0.1341952222089402,ok,False,True,False,0
3802,3613280.951286444,5.041885849750278,0.09261133297895524,ok,False,True,False,0
3803,2342560.331742774,3.801809203883702,0.16404316608264258,ok,False,True,False,1
3804,2786813.40424396,4.658109425704923,0.12551180917220495,ok,False,True,False,0
3805,3657937.52292045,5.341726373199596,0.09840197756760949,ok,False,True,False,0
3806,3597078.380257748,4.967051716616846,0.09246649790821948,ok,False,True,False,0
3807,4672567.223176506,9.237974023684133,0.12260965740148233,ok,False,True,False,0
3808,4165794.0140030114,18.490171387256268,0.0910814840592783,ok,False,True,False,0
3809,3731299.277324066,5.175918525784635,0.12496320353347695,ok,False,True,False,0
3810,3676841.5323374127,4.753847761547762,0.08113430542320232,ok,False,True,False,0
3811,3596306.4891604255,4.172870384370935,0.08292408551412245,ok,False,True,False,0
3812,2678205.374785724,4.396029606690666,0.13403622539641735,ok,False,True,False,0
3813,3837767.637195753,6.896518490843752,0.09844909081695347,ok,False,True,False,0
3814,3607249.5579254627,5.198515817947988,0.072158918286848,ok,False,True,False,0
3815,3647823.9513829243,8.532452674268356,0.09877317524164148,ok,False,True,False,0
3816,3659477.9877351476,4.866645921139681,0.05722314814956264,ok,False,True,False,0
3817,3608496.178175316,4.455710891665717,0.09441442641985276,ok,False,True,False,0
3818,2267725.2931199414,3.6087845593855024,0.11333867487006788,ok,False,True,False,0
3819,3755029.89679573,5.896892420156276,0.13316515802795748,ok,False,True,False,0
3820,3829976.994125935,5.163445804186658,0.10020675261563139,ok,False,True,False,0
3821,2008285.854183121,3.185745938627879,0.1296617964710769,ok,False,True,False,0
3822,3648676.5050669643,6.001340370448872,0.08182515306349103,ok,False,True,False,0
3823,4061856.6969254958,6.139220932567531,0.09641365871838403,ok,False,True,False,0
3824,3656727.9008418964,6.347610463933233,0.06477565308553934,ok,False,True,False,0
3825,2342560.331742774,3.9855301067503057,0.10048585860127124,ok,False,True,False,0
3826,3589245.703465673,5.905137134411124,0.13578755598704717,ok,False,True,False,1
3827,3598985.042791745,4.751292747212365,0.09237916685898429,ok,False,True,False,0
3828,3625179.301340525,5.867790994161586,0.11005603330369118,ok,False,True,False,0
3829,4026363.098263843,9.708296758325027,0.12522551695893014,ok,False,True,False,0
3830,4431007.500493594,6.051963882252966,0.12452092985113183,ok,False,True,False,0
3831,3881210.5246711588,6.10828725953701,0.13608320134433616,ok,False,True,False,1
3832,4799599.91141093,7.839185920899787,0.09573691103341497,ok,False,True,False,0
3833,3780034.2278255485,5.355584313922819,0.12783654804658418,ok,False,True,False,0
3834,2349511.4431106183,3.761114558122403,0.1372487475507309,ok,False,True,False,1
3835,2378837.9975668644,3.8621733148017694,0.09918213829683475,ok,False,True,False,0
3836,2357307.685887874,3.525166970159089,0.09820835468881617,ok,False,True,False,0
3837,3616694.6749445167,4.631932857169362,0.13275874831652662,ok,False,True,False,0
3838,2267725.2931199414,3.4218206240602687,0.12659655428550892,ok,False,True,False,0
3839,3649199.8988154437,5.258378630412525,0.09191883374166326,ok,False,True,False,0
3840,4426726.461592805,3.443341860369722,0.10429310601733988,ok,False,True,False,0
3841,2267725.2931199414,3.3434234170057158,0.14922406162405877,ok,False,True,False,1
3842,4331602.980643614,7.250395227705743,0.15813470172858218,ok,False,True,False,1
3843,3597848.978657516,4.055450572097678,0.0951258087733437,ok,False,True,False,0
3844,3620105.1070060027,4.904506153408115,0.11153110941323519,ok,False,True,False,0
3845,2349719.955294122,3.533280871382228,0.17563502957915,ok,False,True,False,1
3846,3667738.4744279757,6.350026609811472,0.11234312886899334,ok,False,True,False,0
3847,3606030.8477360792,5.2961719420490345,0.09034073551458266,ok,False,True,False,0
3848,3621030.1297085215,3.8054801822781608,0.09981585205198279,ok,False,True,False,0
3849,4367050.398664595,5.244650066024322,0.07578398661061736,ok,False,True,False,0
3850,2581618.0750895645,3.952375887993173,0.1222798970149751,ok,False,True,False,0
3851,2357307.685887874,3.5607120482923063,0.06579627375260866,ok,False,True,False,0
3852,4422562.40238651,6.94515426382515,0.07266440943520114,ok,False,True,False,0
3853,3642789.6456550215,6.885624790881917,0.11730023107984922,ok,False,True,False,0
3854,4069912.5144165363,7.403857896703958,0.10884102479863597,ok,False,True,False,0
3855,4134366.865204465,4.224659061983786,0.07809066770997253,ok,False,True,False,0
3856,3670274.023346179,5.5846876488803145,0.07849397773756484,ok,False,True,False,0
3857,4085873.9181467947,10.117520133613327,0.11149745761802399,ok,False,True,False,0
3858,3606592.909028578,6.831760915056649,0.11532271894431445,ok,False,True,False,0
3859,3638217.868858341,9.1056523988578,0.12420385771612907,ok,False,True,False,0
3860,2090177.9550635067,3.5362352763886733,0.10295092289472979,ok,False,True,False,0
3861,3628774.779475907,5.560575223497022,0.07847705583733412,ok,False,True,False,0
3862,3603988.162841903,6.200466288617146,0.0727998484555018,ok,False,True,False,0
3863,3616600.458842734,6.494697100557242,0.06358359275273257,ok,False,True,False,0
3864,2267725.2931199414,4.236019190403898,0.10408874229836151,ok,False,True,False,0
3865,4026944.167040893,9.936164464284701,0.07688538128305367,ok,False,True,False,0
3866,4628449.692010075,2.8296799918185016,0.13597791743922705,ok,False,True,False,1
3867,3594779.147290128,7.732760109325771,0.15332833848692395,ok,False,True,False,1
3868,3619758.3231599093,6.319510991704734,0.08865651315149489,ok,False,True,False,0
3869,4097105.6916261856,7.388388343661315,0.11018941586031748,ok,False,True,False,0
3870,5528067.92859656,13.539549662171817,0.12597770370551242,ok,False,True,False,0
3871,4242642.858630797,6.251320684752928,0.11019549282477514,ok,False,True,False,0
3872,4014503.593881124,9.01295985273892,0.11243522495755243,ok,False,True,False,0
3873,3797238.2187737734,8.020137587901624,0.14907981565462558,ok,False,True,False,1
3874,3601089.2597371414,5.677451958131266,0.1292988454328572,ok,False,True,False,0
3875,3654684.837245402,5.032289164274558,0.12213878841474257,ok,False,True,False,0
3876,3676398.039759982,6.815709392413014,0.08062298482338465,ok,False,True,False,0
3877,3658913.034031851,6.785634803609166,0.1038230947745612,ok,False,True,False,0
3878,2349511.4431106183,3.5533966653203506,0.10655678116044265,ok,False,True,False,0
3879,4392615.937379473,9.818907248636837,0.1054113617890482,ok,False,True,False,0
3880,4340149.327575173,6.09463414283189,0.1114527871736048,ok,False,True,False,0
3881,2342560.331742774,4.1073626040641535,0.10577514959931222,ok,False,True,False,0
3882,3781761.808583794,4.988374358300634,0.10037453212273023,ok,False,True,False,0
3883,3598828.2219656813,7.260501970758532,0.16275874588774542,ok,False,True,False,1
3884,4030019.137218192,6.695779892081161,0.0834319982045133,ok,False,True,False,0
3885,2609060.086809957,3.8439922560447393,0.10477283858275743,ok,False,True,False,0
3886,3679870.751118594,7.33423978763067,0.10588374093100755,ok,False,True,False,0
3887,3648220.439079686,4.3633561752054,0.15563137398894433,ok,False,True,False,1
3888,3734573.618118731,5.763253362515397,0.11892679865565492,ok,False,True,False,0
3889,3731104.537051249,6.540578444899426,0.08586733457110818,ok,False,True,False,0
3890,3588554.709322065,5.124487377301754,0.12892700305587979,ok,False,True,False,0
3891,3617997.0352468356,5.350399313956611,0.09334973680134495,ok,False,True,False,0
3892,3646483.0771126063,4.794532363579425,0.10830966630790606,ok,False,True,False,0
3893,2267725.2931199414,3.445909349576477,0.1353832794483773,ok,False,True,False,0
3894,2267725.2931199414,3.32302782539194,0.13144028342155334,ok,False,True,False,0
3895,3884214.7996985223,9.466189909571597,0.11274322676228599,ok,False,True,False,0
3896,2342560.331742774,3.992535738732877,0.15673195791514882,ok,False,True,False,1
3897,3645212.2079096,5.05581289618509,0.08766026850448205,ok,False,True,False,0
3898,2342560.331742774,3.6838803919939314,0.12693926099488295,ok,False,True,False,0
3899,3621698.0673228963,6.771404686800893,0.08922528214080971,ok,False,True,False,0
3900,3623126.062847341,4.403872980174457,0.10937941731071127,ok,False,True,False,0
3901,3613797.397995738,5.296655361904277,0.09410101053360853,ok,False,True,False,0
3902,3638629.3888758533,5.194032373020577,0.08809173676696813,ok,False,True,False,0
3903,3689460.83392766,6.195819765578204,0.09707668079517728,ok,False,True,False,0
3904,3611562.05497815,6.5573671515987,0.10806258361200405,ok,False,True,False,0
3905,3595626.907671529,5.896138508727412,0.1351957325331632,ok,False,True,False,0
3906,4917252.711637974,8.968160311267596,0.13912495684231152,ok,False,True,False,1
3907,3588904.397610223,6.207452340753885,0.10934947664845374,ok,False,True,False,0
3908,3636767.54850899,5.393511853692112,0.1350199137566408,ok,False,True,False,0
3909,2267725.2931199414,3.9731015805045997,0.08771913815657761,ok,False,True,False,0
3910,4771886.149421078,5.68950297091272,0.13441245144910985,ok,False,True,False,0
3911,3680713.843818551,4.1330271368255085,0.1146343073790419,ok,False,True,False,0
3912,3672402.799509443,5.048002979132889,0.08063126550338295,ok,False,True,False,0
3913,3666155.7143161763,5.108502054598544,0.10850081941157297,ok,False,True,False,0
3914,3776682.1278919308,8.697554200865756,0.11448255894147497,ok,False,True,False,0
3915,4736644.20998891,12.790412103918971,0.1323821574236944,ok,False,True,False,0
3916,3771892.0848100064,4.638574063182148,0.1143070330020649,ok,False,True,False,0
3917,2142731.076122388,3.3549346600657532,0.11622368508062805,ok,False,True,False,0
3918,4358525.615019859,6.756495692877924,0.12984790376297473,ok,False,True,False,0
3919,3879949.0487349024,5.593269470772385,0.07543008543763563,ok,False,True,False,0
3920,3622852.2008477394,5.61730359116711,0.08278392658916531,ok,False,True,False,0
3921,3611277.8038075534,6.35918213452422,0.1548971863059163,ok,False,True,False,1
3922,2581618.0750895645,3.6919359425853293,0.10661039227661895,ok,False,True,False,0
3923,3688890.536575374,4.946983807991546,0.07705896261321898,ok,False,True,False,0
3924,3700031.4539407957,11.160873296698098,0.14259476047859088,ok,False,True,False,1
3925,3658792.024842052,4.817872923840111,0.11077687772642397,ok,False,True,False,0
3926,4106878.285572042,14.873869503688276,0.1380691866767445,ok,False,True,False,1
3927,2772356.9728852585,4.438562204903947,0.0993142835652675,ok,False,True,False,0
3928,3678797.035285884,6.328498531683516,0.1367994040353661,ok,False,True,False,1
3929,4928482.749892994,7.334389780599375,0.1140707625313927,ok,False,True,False,0
3930,3791390.6067802454,5.981091567197892,0.20614843411236028,ok,False,True,False,1
3931,4053343.998458061,5.411629512174468,0.07604563665773079,ok,False,True,False,0
3932,3602766.090980402,6.521697209798282,0.10432463907520872,ok,False,True,False,0
3933,3958814.091627431,7.319781680671775,0.07283641304738353,ok,False,True,False,0
3934,2609060.086809957,4.37759458487674,0.10132698011396579,ok,False,True,False,0
3935,3588558.632346961,6.915894262093833,0.14650571459724393,ok,False,True,False,1
3936,3650328.993392482,5.664511758342501,0.10945505737926348,ok,False,True,False,0
3937,2267725.2931199414,3.283679480875669,0.08284789116034974,ok,False,True,False,0
3938,3261364.380769941,5.607787601915815,0.11597965943645855,ok,False,True,False,0
3939,3621061.940864888,8.055742801419834,0.0613127442223399,ok,False,True,False,0
3940,2581618.0750895645,3.9000986400218123,0.12621348677095767,ok,False,True,False,0
3941,3621730.6902949917,7.508079872056852,0.08064729563750594,ok,False,True,False,0
3942,3752667.7867916757,5.162519000454119,0.10665171579736643,ok,False,True,False,0
3943,3602915.2741763424,4.827216297460785,0.08183309529123844,ok,False,True,False,0
3944,4958482.865981515,6.209354901266903,0.09525173137077214,ok,False,True,False,0
3945,3618786.689534749,7.976793221551779,0.15026237861453384,ok,False,True,False,1
3946,3924803.4416614776,7.882559307588844,0.09878301757662433,ok,False,True,False,0
3947,2349719.955294122,4.0107356598625215,0.15199015169052932,ok,False,True,False,1
3948,3620811.9076805995,10.657083555063526,0.09812596055544864,ok,False,True,False,0
3949,3724045.1902512433,6.325117140580897,0.06430516427558053,ok,False,True,False,0
3950,4251188.266388289,8.507519905726003,0.08983569104385869,ok,False,True,False,0
3951,4747018.127540154,8.399793631242385,0.11331214321106597,ok,False,True,False,0
3952,4515823.869965508,5.735038332471372,0.13593655706086039,ok,False,True,False,1
3953,3605172.267838639,6.522354686544896,0.09790869020216164,ok,False,True,False,0
3954,3596672.705824543,4.405309250887342,0.09517600772226997,ok,False,True,False,0
3955,3631435.4769772254,5.641773621947238,0.12427676483564987,ok,False,True,False,0
3956,3667710.744983623,6.019967181993148,0.08726799880309458,ok,False,True,False,0
3957,3261364.380769941,5.987728622691824,0.14338678087305928,ok,False,True,False,1
3958,3886919.3096422274,5.925415446591129,0.10537799851379315,ok,False,True,False,0
3959,3662711.2841754635,4.787621722578274,0.13479093849867851,ok,False,True,False,0
3960,4526242.189965023,8.718533163073655,0.1267852754187423,ok,False,True,False,0
3961,3629544.974356224,4.995722765760306,0.12490339391648642,ok,False,True,False,0
3962,2267725.2931199414,3.665415175314215,0.08271704765260535,ok,False,True,False,0
3963,3922654.237654345,4.878017169532534,0.10349273026153272,ok,False,True,False,0
3964,3622694.601635252,6.210129438736651,0.07439699324799343,ok,False,True,False,0
3965,3846572.931877199,5.070604981539039,0.09602269340019157,ok,False,True,False,0
3966,3620675.6649980736,5.593043699360671,0.11077444486936117,ok,False,True,False,0
3967,3682714.4368578843,7.473446906291277,0.12211094257020133,ok,False,True,False,0
3968,4217647.343434788,12.501136340865216,0.10546167028991871,ok,False,True,False,0
3969,3586438.8438550844,7.402030711706549,0.0886641831664498,ok,False,True,False,0
3970,3597804.6283978997,5.481905027915367,0.11537892779166437,ok,False,True,False,0
3971,3587936.1572698867,4.575977425468059,0.08917392336228336,ok,False,True,False,0
3972,2342560.331742774,3.657291192902432,0.11150473762581026,ok,False,True,False,0
3973,3927850.5924562425,9.912171149251071,0.14553878857467373,ok,False,True,False,1
3974,3659389.544153298,7.034126079999045,0.10102370899237068,ok,False,True,False,0
3975,3619969.1286348836,5.288678186255674,0.08675104575242476,ok,False,True,False,0
3976,4150935.932707962,5.084344141859917,0.1102511123062927,ok,False,True,False,0
3977,4395243.219997705,5.384953119981001,0.06941041499065237,ok,False,True,False,0
3978,4588086.889414423,5.377474828100868,0.10921541381529676,ok,False,True,False,0
3979,3914930.687809,11.690303024414819,0.13463872173457936,ok,False,True,False,0
3980,3637050.337315396,5.11178137650384,0.06237263680049765,ok,False,True,False,0
3981,3757952.849295155,5.566722517837985,0.11406728725621507,ok,False,True,False,0
3982,3975429.1856383528,6.558948757787433,0.10869247472842569,ok,False,True,False,0
3983,2378837.9975668644,3.2267209718559418,0.13166612760386331,ok,False,True,False,0
3984,3758387.5632476876,5.754696038937268,0.12818331546687844,ok,False,True,False,0
3985,3632243.4913974716,5.303124801352823,0.10560588443915986,ok,False,True,False,0
3986,3601490.057783653,4.587883686500875,0.0989408744892526,ok,False,True,False,0
3987,3785747.3112399634,9.572009958222782,0.14216596151112548,ok,False,True,False,1
3988,3637664.162048378,5.493877329279781,0.11474409916512761,ok,False,True,False,0
3989,3628882.458273143,5.263965723195488,0.060828636096795896,ok,False,True,False,0
3990,3821822.3785854196,4.925298135546367,0.07948991736428523,ok,False,True,False,0
3991,3848471.1408746853,6.552607394146267,0.09848008756512383,ok,False,True,False,0
3992,3703368.3087770217,5.208219527501573,0.08498252523545435,ok,False,True,False,0
3993,3614729.568925156,6.133559848641193,0.11530215107941189,ok,False,True,False,0
3994,4668670.961164828,8.689296508439284,0.14817541442660476,ok,False,True,False,1
3995,2267725.2931199414,3.3407002600653812,0.11952401747960961,ok,False,True,False,0
3996,3594275.9681050987,5.349061440099321,0.12308818101274455,ok,False,True,False,0
3997,3933462.180203899,4.270816742010877,0.12430025743681783,ok,False,True,False,0
3998,4228336.379564798,11.656703530927738,0.11870015896532782,ok,False,True,False,0
3999,3953022.53868373,8.082215254170674,0.10474317877874072,ok,False,True,False,0
4000,2342560.331742774,3.716671330607917,0.13919279129633721,ok,False,True,False,1
4001,3614259.082230232,5.961259406020905,0.1398538497245756,ok,False,True,False,1
4002,3663906.355225971,5.359439277021614,0.11119205371248764,ok,False,True,False,0
4003,2342560.331742774,3.8954661587706023,0.11237837341195678,ok,False,True,False,0
4004,2090177.9550635067,3.1179103790714993,0.11510349255343999,ok,False,True,False,0
4005,3595369.1958091706,5.739310261642843,0.0880906660693399,ok,False,True,False,0
4006,3625182.9422224234,7.855769405247773,0.10949781970661926,ok,False,True,False,0
4007,2609060.086809957,4.165262127016925,0.08509039459195789,ok,False,True,False,0
4008,3815183.7970163464,6.640884650454185,0.11900730548294364,ok,False,True,False,0
4009,3261364.380769941,4.6338512583216644,0.10917745236061804,ok,False,True,False,0
4010,4408989.82756234,8.891637129913555,0.12120367556331946,ok,False,True,False,0
4011,2342560.331742774,3.4261103053730535,0.13245524443010348,ok,False,True,False,0
4012,4345433.041360097,12.896372004792559,0.1853579931207031,ok,False,True,False,1
4013,3645056.478226467,5.948531143148841,0.0888569750498654,ok,False,True,False,0
4014,3602847.9844098217,7.253164181790936,0.14489270627172202,ok,False,True,False,1
4015,3707194.4416593113,6.931180576561756,0.1149934204377957,ok,False,True,False,0
4016,2609060.086809957,4.720099772198235,0.13924945835301683,ok,False,True,False,1
4017,3663666.180623516,5.16578036473646,0.14851085833448163,ok,False,True,False,1
4018,2349511.4431106183,3.7428286604462184,0.09621801678890507,ok,False,True,False,0
4019,3641176.5408547623,5.613853789732599,0.07453257521049644,ok,False,True,False,0
4020,3614120.7209002133,7.132769361171751,0.09219581920176567,ok,False,True,False,0
4021,3867136.4495771155,8.624797776749002,0.12497710738670154,ok,False,True,False,0
4022,3828550.463007102,6.104111296878969,0.07501949243082628,ok,False,True,False,0
4023,3605266.220081934,7.433014213986419,0.0986677717648089,ok,False,True,False,0
4024,4185794.775208718,8.369601049654113,0.08691958331451577,ok,False,True,False,0
4025,4159474.0666457233,6.967595720748571,0.11228530992263996,ok,False,True,False,0
4026,3866228.066624607,8.797018677691824,0.1691406259915959,ok,False,True,False,1
4027,2349719.955294122,3.575589042880687,0.1486028723426259,ok,False,True,False,1
4028,4070953.9678005204,7.153959154961559,0.10926565682273082,ok,False,True,False,0
4029,2342560.331742774,3.8609411749156948,0.11295940904481694,ok,False,True,False,0
4030,3589110.7942728703,5.823544782468328,0.10337306400692337,ok,False,True,False,0
4031,6023484.381676941,7.064703613979603,0.14035051099564,ok,False,True,False,1
4032,3954556.531977141,4.631789220325219,0.1005992986402513,ok,False,True,False,0
4033,3614440.864675788,8.58132178014069,0.12458057326342398,ok,False,True,False,0
4034,2267725.2931199414,4.046790272337608,0.12303152824082575,ok,False,True,False,0
4035,3626326.2726516835,5.669751483282474,0.10540614404594639,ok,False,True,False,0
4036,3588288.8428185284,5.867903133070291,0.08560839475270099,ok,False,True,False,0
4037,3900477.8621360604,5.710026130311548,0.09026803082827717,ok,False,True,False,0
4038,3599997.485076044,5.298768574889232,0.09731706798396411,ok,False,True,False,0
4039,3850071.4739104235,6.2374624076837915,0.13350843711589103,ok,False,True,False,0
4040,3261364.380769941,5.026970418227714,0.09421120229251861,ok,False,True,False,0
4041,4423986.607846172,7.076450661628143,0.1040552291606156,ok,False,True,False,0
4042,2349511.4431106183,3.942911523383131,0.12187719537491068,ok,False,True,False,0
4043,3589000.6551922965,6.6364954033363786,0.08453194190084556,ok,False,True,False,0
4044,3672782.375909218,5.378348339097807,0.08398376361308359,ok,False,True,False,0
4045,2342560.331742774,3.7679479683329964,0.10402623377027284,ok,False,True,False,0
4046,4123579.9457362085,17.02544056632859,0.1257959854098767,ok,False,True,False,0
4047,2581618.0750895645,4.457075091012193,0.11203639442769928,ok,False,True,False,0
4048,3646341.9154658485,5.444791396883226,0.07731724207494589,ok,False,True,False,0
4049,3603413.552975786,5.012675023549545,0.1003378364141575,ok,False,True,False,0
4050,3785147.911629598,5.137413588209134,0.09531812743894741,ok,False,True,False,0
4051,4378523.961230901,32.2775223561416,0.15253496711768996,ok,False,True,False,1
4052,2342560.331742774,3.947007227994949,0.13172070885188925,ok,False,True,False,0
4053,4407633.882421287,7.799642015981358,0.14821770216542407,ok,False,True,False,1
4054,3604916.9630075013,4.712525331238613,0.1071453137264915,ok,False,True,False,0
4055,3642074.9158913926,5.065458876681263,0.0939745669104802,ok,False,True,False,0
4056,2267725.2931199414,3.7263161789384838,0.14753696689670337,ok,False,True,False,1
4057,3788555.2024245677,7.026236666670005,0.09785301591940077,ok,False,True,False,0
4058,3659619.4958300204,7.1779315773776355,0.10433619163288,ok,False,True,False,0
4059,3733575.815129333,8.94589503181098,0.07846471889430784,ok,False,True,False,0
4060,2349511.4431106183,4.356999045569635,0.14419282857524768,ok,False,True,False,1
4061,4422911.402736306,5.768404175550698,0.11864583596182465,ok,False,True,False,0
4062,3601532.83571636,4.685707696679694,0.06857957351438482,ok,False,True,False,0
4063,3818567.641267269,7.240451155501671,0.10821753733685802,ok,False,True,False,0
4064,3660007.131196729,4.368760753004196,0.07715385209589531,ok,False,True,False,0
4065,2267725.2931199414,4.098226179507405,0.10986408502099632,ok,False,True,False,0
4066,3952292.5267232517,6.931738513793356,0.13414443076250304,ok,False,True,False,0
4067,3685771.655577627,10.170421079487914,0.1038128348583508,ok,False,True,False,0
4068,3592230.826096955,6.475373248866331,0.14296310709545101,ok,False,True,False,1
4069,3586368.152778311,5.703166704704878,0.12612295668122597,ok,False,True,False,0
4070,3650473.5888622897,10.848065089031332,0.12540523623396038,ok,False,True,False,0
4071,3649168.88622999,5.888180213928131,0.10786266653198318,ok,False,True,False,0
4072,3730247.6945813787,6.23603886726659,0.07817737491443899,ok,False,True,False,0
4073,2581618.0750895645,3.9929723143320524,0.10661443351608801,ok,False,True,False,0
4074,3701498.334844491,4.907486014076122,0.10244122722401816,ok,False,True,False,0
4075,3606138.7702028793,4.972949105157706,0.07246398899127554,ok,False,True,False,0
4076,3667874.769541931,5.442192919333122,0.13494463877675572,ok,False,True,False,0
4077,4031339.9896417568,7.8970281007381695,0.10379916985488946,ok,False,True,False,0
4078,3605759.70802276,5.442776624874043,0.10155588279883393,ok,False,True,False,0
4079,3817321.0206076563,6.556305921382057,0.12882963749349952,ok,False,True,False,0
4080,4070203.440388115,10.447929932301129,0.10538807775622727,ok,False,True,False,0
4081,3689117.287031662,7.335956556463685,0.12568094642363148,ok,False,True,False,0
4082,3592281.868794788,5.919846218453564,0.11320770723655882,ok,False,True,False,0
4083,3651637.5611907477,7.0447149247351595,0.13981815941713382,ok,False,True,False,1
4084,3627096.901027334,5.085804373969846,0.10369506737074408,ok,False,True,False,0
4085,3607491.9105693167,9.193370510716546,0.11045477703314721,ok,False,True,False,0
4086,2349511.4431106183,3.595346760793947,0.13488316157749225,ok,False,True,False,0
4087,4372196.733468744,8.755807426479878,0.09742436536935661,ok,False,True,False,0
4088,2581618.0750895645,3.823108903830064,0.12446307343581053,ok,False,True,False,0
4089,2609060.086809957,4.6527170838300345,0.08232817692446198,ok,False,True,False,0
4090,4699508.409152075,7.637293731135909,0.11741946022444028,ok,False,True,False,0
4091,2628545.67143199,4.270927575444192,0.10943956600296223,ok,False,True,False,0
4092,4994111.279432335,8.395981549577222,0.1033670621710836,ok,False,True,False,0
4093,2142731.076122388,3.4637584166990094,0.12239668513498092,ok,False,True,False,0
4094,3627597.761642382,6.715915948320507,0.09094363831335472,ok,False,True,False,0
4095,3657453.2059030803,5.176487879239754,0.07308060842918618,ok,False,True,False,0
4096,3638107.8827648167,5.727864491994882,0.06881007676742174,ok,False,True,False,0
4097,2342560.331742774,3.329512208829975,0.09064532361221167,ok,False,True,False,0
4098,2609060.086809957,4.007217449172205,0.08189530391042299,ok,False,True,False,0
4099,3758366.6311158817,6.9159490815813935,0.10256818459464745,ok,False,True,False,0
4100,4549965.063521828,9.33082513300538,0.10605451615085737,ok,False,True,False,0
4101,3637090.9286826747,5.135410489199922,0.1179232268289333,ok,False,True,False,0
4102,4014607.637281662,7.945600838786343,0.1492418699832031,ok,False,True,False,1
4103,3626577.9200494173,6.296919438529141,0.11560830075240261,ok,False,True,False,0
4104,4210365.743298148,12.64034122993564,0.10828440792664351,ok,False,True,False,0
4105,2267725.2931199414,3.769108263486695,0.14140016150044954,ok,False,True,False,1
4106,4384784.090569779,5.112217097584756,0.07765049274199509,ok,False,True,False,0
4107,2349511.4431106183,3.971712455842058,0.16513913872919206,ok,False,True,False,1
4108,4933685.603851302,8.30348223000145,0.10229195241924027,ok,False,True,False,0
4109,3598140.1364428145,4.988143240229067,0.08566263391130235,ok,False,True,False,0
4110,3585753.016414207,6.249851867495121,0.11049804747122749,ok,False,True,False,0
4111,3600305.9802461644,4.874094930495912,0.0965818097400456,ok,False,True,False,0
4112,3606689.8373040413,6.33371623295427,0.13999879787574537,ok,False,True,False,1
4113,2090177.9550635067,3.4387428328140492,0.11914900334617629,ok,False,True,False,0
4114,4508740.265414192,6.1315768645106505,0.10624761626660262,ok,False,True,False,0
4115,3730947.8633638006,8.500599961179603,0.12458819572359475,ok,False,True,False,0
4116,3612937.0361230364,5.337189868100685,0.08402332545444038,ok,False,True,False,0
4117,2267725.2931199414,3.9066837311267935,0.17828880602354347,ok,False,True,False,1
4118,3887494.161751179,9.376426973874906,0.1031732143343157,ok,False,True,False,0
4119,3805972.26630783,5.015048412261989,0.11240736428122622,ok,False,True,False,0
4120,2980790.490822688,4.7528416922283,0.1443249238311633,ok,False,True,False,1
4121,3635187.69666647,5.392210340285187,0.10250407882148016,ok,False,True,False,0
4122,4772195.5027084835,6.379792269178385,0.08725829123237161,ok,False,True,False,0
4123,4055693.183372271,7.211600629367982,0.0909751172779289,ok,False,True,False,0
4124,3261364.380769941,4.353727074026085,0.11079992657844495,ok,False,True,False,0
4125,2609060.086809957,4.318251412545112,0.08281452774967446,ok,False,True,False,0
4126,3624198.455150081,3.5245437910089117,0.07055533478258613,ok,False,True,False,0
4127,2581618.0750895645,3.560638802611395,0.08763704461079125,ok,False,True,False,0
4128,2267725.2931199414,3.9541154312285145,0.09773327301918011,ok,False,True,False,0
4129,4071713.606028082,8.340494080523428,0.13472854333481432,ok,False,True,False,0
4130,3607198.6057648957,6.849535647676811,0.13522144929597846,ok,False,True,False,0
4131,4341179.060229379,10.910904698249448,0.12823290962144607,ok,False,True,False,0
4132,3975826.40668906,6.097876721618165,0.07383378128287166,ok,False,True,False,0
4133,4416272.880323747,6.091929953013136,0.07646993234368502,ok,False,True,False,0
4134,2267725.2931199414,3.5156343756602664,0.10547703902431627,ok,False,True,False,0
4135,3588497.492943096,6.121863380632123,0.07538170183965792,ok,False,True,False,0
4136,4519277.156513896,4.285268740387984,0.10348406774328611,ok,False,True,False,0
4137,3595216.9128086893,5.7443453499337656,0.05447498325329981,ok,False,True,False,0
4138,5197461.0802429905,29.981886780043546,0.15438813629309323,ok,False,True,False,1
4139,3622042.285353506,5.2119574003004825,0.07402118675583369,ok,False,True,False,0
4140,3606060.550600796,6.454588125511533,0.1263166587003588,ok,False,True,False,0
4141,3668548.454451956,5.043632314886201,0.07764863685803569,ok,False,True,False,0
4142,3619164.1433662353,6.135724367469718,0.12615717465276532,ok,False,True,False,0
4143,2349511.4431106183,3.6929365184198,0.12344592261048196,ok,False,True,False,0
4144,4239067.295541788,4.325274450267484,0.06925883819031797,ok,False,True,False,0
4145,2142731.076122388,3.519755908583897,0.12884928688845887,ok,False,True,False,0
4146,2267725.2931199414,4.0852560612485185,0.09791289238186474,ok,False,True,False,0
4147,4178878.2742032064,5.676151449520977,0.0862758760788136,ok,False,True,False,0
4148,3730269.177784476,7.3009603273655985,0.09118566802153871,ok,False,True,False,0
4149,2342560.331742774,3.8427526554352203,0.09972063245590246,ok,False,True,False,0
4150,2349511.4431106183,4.120330018051165,0.12649082307685955,ok,False,True,False,0
4151,3591161.9040442742,4.493301148027907,0.1264023748243127,ok,False,True,False,0
4152,2267725.2931199414,3.63606095867904,0.09410452140416559,ok,False,True,False,0
4153,3746212.9562308905,6.198534382255349,0.05798621321244213,ok,False,True,False,0
4154,4290662.951741892,5.56675466528197,0.11738429074664603,ok,False,True,False,0
4155,4056978.579671378,9.190800452166624,0.08561842087254688,ok,False,True,False,0
4156,2142731.076122388,3.3578119222921194,0.13418098710629922,ok,False,True,False,0
4157,2954199.321293613,4.207342761557807,0.10812247973889472,ok,False,True,False,0
4158,3809532.5596243567,7.718810195010486,0.1360795730837193,ok,False,True,False,1
4159,3586315.81450403,5.5564621765894415,0.13295755017284117,ok,False,True,False,0
4160,3788037.3230157425,7.121579008988742,0.09097643977125969,ok,False,True,False,0
4161,3855947.062972083,8.344528860906532,0.10062080032156717,ok,False,True,False,0
4162,3747786.575324965,5.450628876193565,0.06910917133965866,ok,False,True,False,0
4163,4395906.061691204,7.413921697374057,0.10478592881916526,ok,False,True,False,0
4164,3789080.7434237218,4.811202062522533,0.09497180042389108,ok,False,True,False,0
4165,4489833.08711601,7.495195133419339,0.08836272372924991,ok,False,True,False,0
4166,3261364.380769941,6.598210065922139,0.15118482416259343,ok,False,True,False,1
4167,3595917.6758853868,5.138215280527148,0.11227935758378149,ok,False,True,False,0
4168,3620968.827799015,6.713634789161183,0.10031376285147764,ok,False,True,False,0
4169,2378837.9975668644,3.7090638402325036,0.09664410695142445,ok,False,True,False,0
4170,2349511.4431106183,3.199934616360469,0.12025735113270752,ok,False,True,False,0
4171,2267725.2931199414,3.764951856606019,0.157055120161392,ok,False,True,False,1
4172,2349719.955294122,3.496049592442765,0.14705949501378113,ok,False,True,False,1
4173,3677496.338441893,5.548589187376067,0.12516879466405356,ok,False,True,False,0
4174,3596857.327030538,5.909143400528896,0.09974791817312534,ok,False,True,False,0
4175,3587826.769945707,7.473139030500413,0.1267729039515189,ok,False,True,False,0
4176,3631192.1248806803,6.611503953931899,0.0937696545790826,ok,False,True,False,0
4177,4534750.391006011,4.028528280789031,0.07280078057505268,ok,False,True,False,0
4178,3641626.5881257057,6.275580507709743,0.07104937643368892,ok,False,True,False,0
4179,3625649.9496714533,6.7959329927862955,0.117585320721448,ok,False,True,False,0
4180,4424496.266012454,7.263524824789059,0.14020530109020235,ok,False,True,False,1
4181,4998028.26455417,12.500164746180014,0.15929531572412736,ok,False,True,False,1
4182,2090177.9550635067,3.6496466593948265,0.10989153603457247,ok,False,True,False,0
4183,3613795.246940204,6.493205487039232,0.108773267454022,ok,False,True,False,0
4184,2581618.0750895645,4.244733035334402,0.08316233858521005,ok,False,True,False,0
4185,3713007.6723480397,4.447923840704773,0.09456881910982884,ok,False,True,False,0
4186,3945824.9834070215,8.345360012379075,0.09846488727944314,ok,False,True,False,0
4187,3612918.215309203,5.717131629083332,0.06816600916759952,ok,False,True,False,0
4188,3626756.675227433,6.921045294257428,0.08738536005579856,ok,False,True,False,0
4189,2090177.9550635067,3.8393049223340703,0.10577743167624681,ok,False,True,False,0
4190,3989165.04217145,11.33012032695181,0.1296507619843872,ok,False,True,False,0
4191,2142731.076122388,3.239471189780369,0.141007481569984,ok,False,True,False,1
4192,3647277.658614239,8.046490364581464,0.13567528953886085,ok,False,True,False,1
4193,3602578.2049835706,7.367880102234653,0.13858739984510293,ok,False,True,False,1
4194,4008497.6642685714,8.237792257369573,0.13686029649700232,ok,False,True,False,1
4195,3988760.7920485777,4.940788885255714,0.09333569713471213,ok,False,True,False,0
4196,2581618.0750895645,4.288529799053909,0.10283762391207574,ok,False,True,False,0
4197,4035308.310100362,5.7017915856322094,0.1028710248339495,ok,False,True,False,0
4198,3641276.0097398073,3.850161676641611,0.08208041443052239,ok,False,True,False,0
4199,2773471.102127803,4.625026405458758,0.12429308908917269,ok,False,True,False,0
4200,4216704.407593713,11.688565647284928,0.14859657911060875,ok,False,True,False,1
4201,3607143.237865943,5.280793948218501,0.09300636206797408,ok,False,True,False,0
4202,3887320.998109056,4.909840376001233,0.08003412564529078,ok,False,True,False,0
4203,3666747.9014528426,6.483806013624701,0.09576575365356166,ok,False,True,False,0
4204,3743684.070473716,7.10667196968476,0.08918798525079707,ok,False,True,False,0
4205,3641305.1100813644,6.048307105052012,0.08470121917936568,ok,False,True,False,0
4206,2581618.0750895645,3.915442621284577,0.13208883166638324,ok,False,True,False,0
4207,4354766.988081061,5.3888068782710326,0.08109582108826346,ok,False,True,False,0
4208,2008285.854183121,3.0964883910683882,0.1674547374108003,ok,False,True,False,1
4209,3774114.8401752883,7.713529533317777,0.061438983273594816,ok,False,True,False,0
4210,3748243.203023627,7.628223396008799,0.16367437876072022,ok,False,True,False,1
4211,3715171.690744463,5.394543961917644,0.11206666245101327,ok,False,True,False,0
4212,3960856.1369389063,7.510110228542111,0.06803712574601561,ok,False,True,False,0
4213,3609079.7079673354,4.79984040220189,0.0748976663599833,ok,False,True,False,0
4214,4589514.589852716,12.871272857889908,0.13169471240038688,ok,False,True,False,0
4215,3649705.0962907393,7.671414208029353,0.09503194170654572,ok,False,True,False,0
4216,3592523.342060042,6.654277648350282,0.12311603416237948,ok,False,True,False,0
4217,3919422.6514510307,10.559312648624363,0.10001425632406291,ok,False,True,False,0
4218,3644824.3622300886,5.976115919923675,0.13503116817998229,ok,False,True,False,0
4219,3780484.0428255983,6.416056251542158,0.09077817789767295,ok,False,True,False,0
4220,3726783.2402823768,6.6363218844000755,0.07886851513567594,ok,False,True,False,0
4221,3651275.044609781,5.208988790301087,0.08515134070780661,ok,False,True,False,0
4222,3951888.557766493,6.287116988153096,0.1408652238965232,ok,False,True,False,1
4223,3595665.1110298336,5.196109874613049,0.07060427133963254,ok,False,True,False,0
4224,3644023.7231563474,8.845241782769358,0.13689829668574555,ok,False,True,False,1
4225,3634493.610650151,6.65466199468235,0.13150832628661813,ok,False,True,False,0
4226,3594477.897407314,5.422584046941503,0.10643518540489527,ok,False,True,False,0
4227,3763107.0614179964,8.385223837847235,0.11848829512759651,ok,False,True,False,0
4228,3769807.188406392,6.744823756082101,0.0937976945194936,ok,False,True,False,0
4229,2142731.076122388,3.120363972928989,0.14900617573710254,ok,False,True,False,1
4230,3960002.88574319,6.7118631397006085,0.13481930435476674,ok,False,True,False,0
4231,2609060.086809957,4.385737526145558,0.1212769366337131,ok,False,True,False,0
4232,4266112.063052093,7.5857619903770495,0.08365738380405119,ok,False,True,False,0
4233,2090177.9550635067,3.1029430968318623,0.08648469831039163,ok,False,True,False,0
4234,3688720.230391123,5.619724509657771,0.10677744137444023,ok,False,True,False,0
4235,3610159.2160356618,7.489901883508594,0.11391917504024512,ok,False,True,False,0
4236,3772288.5173869445,4.028778254863013,0.0979572217248417,ok,False,True,False,0
4237,3616388.6664033835,9.346766681337753,0.07379713761464474,ok,False,True,False,0
4238,2267725.2931199414,3.3438226719786974,0.1195300116797362,ok,False,True,False,0
4239,4793270.007728381,4.571922022949116,0.10417053664009235,ok,False,True,False,0
4240,4362526.735786825,6.811488502327481,0.0874066479726231,ok,False,True,False,0
4241,3622348.6359701203,4.711114422223802,0.10789842228944718,ok,False,True,False,0
4242,4168497.366718013,4.14475290770657,0.1023320387710549,ok,False,True,False,0
4243,3596808.5409595687,6.144844709780125,0.12471099654123008,ok,False,True,False,0
4244,2008285.854183121,3.045042661679909,0.16247943179182656,ok,False,True,False,1
4245,2349511.4431106183,3.612448145316568,0.1014700715923238,ok,False,True,False,0
4246,3588276.642969593,4.683157431054557,0.11656591224929702,ok,False,True,False,0
4247,3651403.6986979097,5.998856516543335,0.09809145603617281,ok,False,True,False,0
4248,3844772.8239377076,7.793502282511587,0.10482088346832952,ok,False,True,False,0
4249,4478506.061655504,10.541118188179928,0.10824878356785694,ok,False,True,False,0
4250,3650189.111692832,5.342936125486234,0.10808325269965091,ok,False,True,False,0
4251,3593405.284050028,7.095773828317845,0.10120247896312634,ok,False,True,False,0
4252,4683705.589728832,9.144686676703069,0.10119651793857509,ok,False,True,False,0
4253,3611733.8964873124,4.400565856539487,0.10988551156081927,ok,False,True,False,0
4254,3610865.2818868826,6.406350659443316,0.08717165710785085,ok,False,True,False,0
4255,2581618.0750895645,4.695585133653904,0.10345084537037197,ok,False,True,False,0
4256,3680882.341972335,6.269280859185695,0.073258778261657,ok,False,True,False,0
4257,3607788.3136720075,6.814390592237083,0.0852886632073615,ok,False,True,False,0
4258,3836620.061695609,6.704691477422257,0.10668210350951658,ok,False,True,False,0
4259,2349719.955294122,4.149465378404001,0.09174455630095679,ok,False,True,False,0
4260,4311140.966116713,7.011427797736893,0.10435001784023745,ok,False,True,False,0
4261,4201661.516905666,7.261845476942864,0.08099287610977335,ok,False,True,False,0
4262,4205348.24160207,8.513602751805113,0.1484414453213036,ok,False,True,False,1
4263,3597234.089098898,5.690001205963544,0.10229911444765605,ok,False,True,False,0
4264,3659044.0250431783,5.3045881339400625,0.11102242621722658,ok,False,True,False,0
4265,4126382.2631990295,5.5194957261697475,0.08517501003697536,ok,False,True,False,0
4266,4700630.237963717,8.633338688734796,0.13094570941786088,ok,False,True,False,0
4267,3888447.3953180052,4.295259061116898,0.0738662409291233,ok,False,True,False,0
4268,3955958.339843735,4.225060780482792,0.142360507076413,ok,False,True,False,1
4269,2581618.0750895645,4.0605782804859505,0.11921082365605584,ok,False,True,False,0
4270,3766778.404476289,5.855455739656239,0.08629378053467329,ok,False,True,False,0
4271,3749122.3951362586,4.305147569354178,0.11207081361513449,ok,False,True,False,0
4272,4009419.865499164,6.011214996858127,0.11177361395442431,ok,False,True,False,0
4273,3590258.2098130523,6.519669749624869,0.10207426360696403,ok,False,True,False,0
4274,3723862.8243227988,5.089350282588222,0.06219079658485882,ok,False,True,False,0
4275,4567132.804361557,8.02098305956574,0.12420571226915467,ok,False,True,False,0
4276,3602876.4440670083,5.853722477731172,0.13062387473446324,ok,False,True,False,0
4277,3612388.771537343,5.587168251973876,0.11033930312192652,ok,False,True,False,0
4278,2581618.0750895645,4.5993118161537625,0.061862448497796485,ok,False,True,False,0
4279,2267725.2931199414,3.131881211361879,0.09809942066429422,ok,False,True,False,0
4280,5129910.998156372,11.413702965454092,0.11704861823981128,ok,False,True,False,0
4281,3720151.5587994624,6.445981916525951,0.12517761191326393,ok,False,True,False,0
4282,3623740.3839473226,6.226431616452059,0.08247811839785135,ok,False,True,False,0
4283,3888237.4393377462,5.293052049810762,0.06350063949357176,ok,False,True,False,0
4284,3972789.004361615,7.52010548288833,0.08410948725126466,ok,False,True,False,0
4285,3601821.8986012675,5.129899823083749,0.09831023938150518,ok,False,True,False,0
4286,3602894.8838595687,5.52519392780365,0.120175902724724,ok,False,True,False,0
4287,2349511.4431106183,3.7702829017618025,0.11079907149853291,ok,False,True,False,0
4288,2628545.67143199,4.042940896399304,0.10321273066157521,ok,False,True,False,0
4289,3590877.034727073,6.254178640443989,0.06978940832206107,ok,False,True,False,0
4290,3778720.892132289,4.856516007910345,0.07211763036947683,ok,False,True,False,0
4291,3608530.9991314784,5.857403956885709,0.10075137744230489,ok,False,True,False,0
4292,3638518.508752571,6.351990403477009,0.10846751999797599,ok,False,True,False,0
4293,4117552.7877303027,8.306059538064787,0.1485176967449886,ok,False,True,False,1
4294,2267725.2931199414,3.2765201556303234,0.10204813734044768,ok,False,True,False,0
4295,2267725.2931199414,3.278739261487038,0.1107533533540972,ok,False,True,False,0
4296,3803293.2643629634,4.500456804808492,0.06333082134358015,ok,False,True,False,0
4297,3796907.655019802,7.363995065834366,0.08268198104417612,ok,False,True,False,0
4298,3643746.644683324,5.807922836725144,0.07860976995366498,ok,False,True,False,0
4299,3716832.9568999317,6.4272152186798,0.09110775503300861,ok,False,True,False,0
4300,2142731.076122388,3.597583052791631,0.11372051946206335,ok,False,True,False,0
4301,3605509.793185688,7.553709877762729,0.10184670088315895,ok,False,True,False,0
4302,3629252.515663224,4.758163181763518,0.09398304687164655,ok,False,True,False,0
4303,2008285.854183121,3.3193482618305126,0.1496724468514188,ok,False,True,False,1
4304,3633863.735788551,5.8112904869085265,0.10994530041148332,ok,False,True,False,0
4305,3697730.2163083823,5.191622972133114,0.14507442106285212,ok,False,True,False,1
4306,3716020.644412267,4.155600031163459,0.11143376823345236,ok,False,True,False,0
4307,4438360.142384619,8.037867837267129,0.11658097825739266,ok,False,True,False,0
4308,3892034.110294647,5.8259224338204,0.1512308996462392,ok,False,True,False,1
4309,3647927.398900937,5.906951971232476,0.12387328826989341,ok,False,True,False,0
4310,2342560.331742774,3.585338866994456,0.12492581696009486,ok,False,True,False,0
4311,3782231.4427305968,8.283990932406173,0.08691630949179041,ok,False,True,False,0
4312,3875552.9032987803,9.338708066784058,0.1301945450596651,ok,False,True,False,0
4313,3591697.1954362807,4.5166441074261225,0.10570956617551797,ok,False,True,False,0
4314,3622540.1850820947,6.277327986094346,0.1393570107970329,ok,False,True,False,1
4315,2349719.955294122,3.869985956008577,0.10681464657587636,ok,False,True,False,0
4316,3615064.649849047,5.180259222331618,0.12356461646053174,ok,False,True,False,0
4317,2342560.331742774,3.9750650258307663,0.11845924097588678,ok,False,True,False,0
4318,3588748.169634256,5.4796738785551415,0.10221557339893972,ok,False,True,False,0
4319,2008285.854183121,3.477320055628018,0.1632597449188908,ok,False,True,False,1
4320,3261364.380769941,4.713243723219849,0.1277241196081502,ok,False,True,False,0
4321,3619409.076158945,7.136384008527468,0.09778845196144259,ok,False,True,False,0
4322,3617472.5455293674,5.690123723221068,0.07826069072981551,ok,False,True,False,0
4323,3587333.1229634928,5.263453176961707,0.13208235379223876,ok,False,True,False,0
4324,2142731.076122388,3.9577252300796917,0.12542876917884976,ok,False,True,False,0
4325,4215773.927655478,6.228315438032558,0.10051515689078605,ok,False,True,False,0
4326,3626342.4120257795,7.322169852276342,0.06579469126609705,ok,False,True,False,0
4327,3966599.0716686426,5.306026420761077,0.12580522367197067,ok,False,True,False,0
4328,3798494.462160903,4.194038252946169,0.10877273357451789,ok,False,True,False,0
4329,3783500.258334888,6.941845375466551,0.058065329995536374,ok,False,True,False,0
4330,2267725.2931199414,3.617083084428227,0.10005817483883717,ok,False,True,False,0
4331,4604300.819924266,2.975247281770281,0.14751735185043624,ok,False,True,False,1
4332,3622372.8112419057,4.730583367152402,0.12677187496416076,ok,False,True,False,0
4333,3607976.991494559,6.973683198214639,0.11171108959025322,ok,False,True,False,0
4334,3653780.7067321017,7.989941004134563,0.063580195631886,ok,False,True,False,0
4335,3602332.0913286754,4.8074524201110975,0.08850056487592961,ok,False,True,False,0
4336,4037494.69661042,8.924284920024459,0.10719763126200765,ok,False,True,False,0
4337,3602914.5350593063,5.430549623584415,0.09543000717832267,ok,False,True,False,0
4338,2581618.0750895645,4.472608606780403,0.09984133496065328,ok,False,True,False,0
4339,3635773.320960224,5.4814202540089925,0.10822554826060904,ok,False,True,False,0
4340,3676456.8362089475,7.627453642963527,0.09988021824033766,ok,False,True,False,0
4341,2142731.076122388,3.3378387350894685,0.13199050165084036,ok,False,True,False,0
4342,4011595.8587908037,4.132791602067026,0.13250230018664821,ok,False,True,False,0
4343,3711104.444102592,4.668022210089771,0.11254348304713735,ok,False,True,False,0
4344,3602222.1327133253,10.577259700682555,0.1056635902382449,ok,False,True,False,0
4345,3799779.1686682333,6.725781546508355,0.10031525679761147,ok,False,True,False,0
4346,3717652.8823618996,6.224656780050112,0.17062702660043316,ok,False,True,False,1
4347,2008285.854183121,2.857429706632777,0.1412936409685468,ok,False,True,False,1
4348,2342560.331742774,3.74320824817725,0.1364018383430028,ok,False,True,False,1
4349,2267725.2931199414,4.655075854571111,0.14458655040271534,ok,False,True,False,1
4350,3593113.064980794,8.219459650184053,0.10908494953321873,ok,False,True,False,0
4351,3817233.9152599648,4.289578410729794,0.13615582889985356,ok,False,True,False,1
4352,4251128.341879204,6.999728344378706,0.11980454192910894,ok,False,True,False,0
4353,3613895.9184758156,7.074778870825287,0.11489832455099425,ok,False,True,False,0
4354,3797124.2968549416,6.204375256321522,0.1086198045127914,ok,False,True,False,0
4355,3816300.119617991,5.267343802455864,0.08813317791977496,ok,False,True,False,0
4356,4012624.5402838113,5.007898068524981,0.0913511841921707,ok,False,True,False,0
4357,2349511.4431106183,3.9770464053749306,0.11142565017097983,ok,False,True,False,0
4358,3590799.5385183217,6.865566745227503,0.08986768551705304,ok,False,True,False,0
4359,3850945.626802378,4.277146370181986,0.12392829290742602,ok,False,True,False,0
4360,3625639.920907252,6.233749809278268,0.11303834790919909,ok,False,True,False,0
4361,3729362.023967044,5.592870264431882,0.10857968360753678,ok,False,True,False,0
4362,3941598.570239927,5.422258647606319,0.11663467480389977,ok,False,True,False,0
4363,2267725.2931199414,3.2291917558443903,0.11263486888202834,ok,False,True,False,0
4364,2342560.331742774,3.635784424429625,0.1265391259596158,ok,False,True,False,0
4365,5545402.198263071,13.047313889596964,0.12319119664133837,ok,False,True,False,0
4366,2772356.9728852585,4.060485342254296,0.13094743883344473,ok,False,True,False,0
4367,3908239.6266813925,5.954043841194113,0.09153772179658581,ok,False,True,False,0
4368,2349511.4431106183,3.703300282896029,0.10427143674201711,ok,False,True,False,0
4369,2581618.0750895645,3.6694427891072867,0.12374805468374672,ok,False,True,False,0
4370,4675501.767122695,7.448275641642808,0.09620199000053314,ok,False,True,False,0
4371,3883651.335682743,5.906818812109725,0.10186715370148358,ok,False,True,False,0
4372,2357307.685887874,3.5121276454398633,0.132415244488855,ok,False,True,False,0
4373,3261364.380769941,5.311989574029054,0.14149268114827054,ok,False,True,False,1
4374,3927009.4652412077,7.871783088425485,0.10511623986048002,ok,False,True,False,0
4375,2090177.9550635067,3.025615545682061,0.0874279343835177,ok,False,True,False,0
4376,2008285.854183121,3.2751556118582466,0.13225068651805558,ok,False,True,False,0
4377,2090177.9550635067,3.0837498233991543,0.13131011257599667,ok,False,True,False,0
4378,4466484.334339209,6.804269412177308,0.1128379417171188,ok,False,True,False,0
4379,2142731.076122388,3.0410921915165408,0.12619172378482924,ok,False,True,False,0
4380,3590554.3633732623,4.959306188365039,0.08683899882353252,ok,False,True,False,0
4381,4004491.712787307,7.140065157222747,0.10984756488810776,ok,False,True,False,0
4382,3608563.312871337,5.024856283325616,0.10557973852168456,ok,False,True,False,0
4383,3724416.3732395433,5.932611990193769,0.09016765833413998,ok,False,True,False,0
4384,3625369.5711821425,6.461612210727957,0.15286809070128904,ok,False,True,False,1
4385,3842598.2783929287,12.42615548703602,0.15186033856187853,ok,False,True,False,1
4386,3645276.5103151207,5.4972883507880645,0.07152098490331743,ok,False,True,False,0
4387,3593868.1752265077,5.8925240076383005,0.06224136643825717,ok,False,True,False,0
4388,2090177.9550635067,3.112236119219709,0.14220408502845683,ok,False,True,False,1
4389,3643665.590730454,7.002588515695874,0.14867807053009707,ok,False,True,False,1
4390,3787470.043634197,4.604805888758891,0.10719158847376664,ok,False,True,False,0
4391,4138340.446175681,10.284370594430582,0.1377283547337821,ok,False,True,False,1
4392,2267725.2931199414,3.320941816177521,0.10498865464038115,ok,False,True,False,0
4393,4250669.161655574,8.34428457474242,0.11814423879614444,ok,False,True,False,0
4394,4327023.79067071,9.307043758767483,0.11655061249353627,ok,False,True,False,0
4395,3591493.312144723,7.470135596416422,0.11031666179278254,ok,False,True,False,0
4396,3586336.925849741,5.435969828423845,0.07188197026512055,ok,False,True,False,0
4397,3806768.2862054096,8.658044157103427,0.08311827112889536,ok,False,True,False,0
4398,3837754.0018451037,4.952266863279778,0.12174236964372054,ok,False,True,False,0
4399,3813381.572679982,5.963693445285268,0.08706768266053799,ok,False,True,False,0
4400,4291355.014784572,9.023590813886928,0.12780345875247767,ok,False,True,False,0
4401,2267725.2931199414,3.7848539545443662,0.09696806545619474,ok,False,True,False,0
4402,3856363.0476923827,9.147506980022426,0.12513000400750052,ok,False,True,False,0
4403,3600032.681175481,5.851954218931482,0.10269913285369225,ok,False,True,False,0
4404,3812245.2675046492,4.581770041528843,0.1355459938780502,ok,False,True,False,1
4405,4128453.963533962,6.949862754868362,0.08577126026617043,ok,False,True,False,0
4406,3647889.276690271,6.180457274642669,0.08353636923128421,ok,False,True,False,0
4407,3601287.3327845763,4.998196813997324,0.09720822387372885,ok,False,True,False,0
4408,4820530.991162541,9.547879535420304,0.15285243257226722,ok,False,True,False,1
4409,3591147.4981177766,5.978495070757222,0.12007848677649247,ok,False,True,False,0
4410,4685188.622252832,7.314825555226074,0.13683728613718826,ok,False,True,False,1
4411,2349511.4431106183,3.715784412607533,0.11988980119280568,ok,False,True,False,0
4412,4701313.122025445,9.087013142232584,0.10173794299034322,ok,False,True,False,0
4413,2267725.2931199414,3.771893087029848,0.10035811887543389,ok,False,True,False,0
4414,4024228.070135792,5.453306090502158,0.09726494599072688,ok,False,True,False,0
4415,4510614.0980802765,12.285911748253898,0.15129139299643624,ok,False,True,False,1
4416,3824955.7381193386,6.290521321516689,0.09396732016181492,ok,False,True,False,0
4417,3618784.2352595576,4.983315816100404,0.08115314234186276,ok,False,True,False,0
4418,3586996.7352690636,4.605122148631013,0.0874002144864604,ok,False,True,False,0
4419,3158053.491710955,4.6424012638471055,0.09925503284424891,ok,False,True,False,0
4420,2609060.086809957,4.262604391769704,0.08171929936404054,ok,False,True,False,0
4421,2142731.076122388,2.9396731301914674,0.147834121230618,ok,False,True,False,1
4422,3670380.8600140894,4.9460322057113455,0.07976160229374485,ok,False,True,False,0
4423,4833011.738447535,11.367695891447402,0.1130066876879608,ok,False,True,False,0
4424,4069969.4536164496,13.044646895014466,0.11211675493318518,ok,False,True,False,0
4425,4194471.379371136,7.120078283273161,0.07182969557523577,ok,False,True,False,0
4426,3599424.65556469,5.322539198268963,0.06705175436539668,ok,False,True,False,0
4427,3596397.571380019,4.328680392112233,0.11227240935336763,ok,False,True,False,0
4428,4954623.261128773,7.88089259933865,0.10290418897837972,ok,False,True,False,0
4429,3590294.798171541,7.2702073670022775,0.05911320197626943,ok,False,True,False,0
4430,4329013.510621544,3.831767730331436,0.0898740825565898,ok,False,True,False,0
4431,3681452.0120704053,4.876530499311804,0.09762012272256337,ok,False,True,False,0
4432,3657688.0817259955,6.224834805107706,0.12457448822343631,ok,False,True,False,0
4433,4177612.5110581922,4.48225626810436,0.06819480625954688,ok,False,True,False,0
4434,3645267.9876915277,6.435227602443089,0.1216661624750264,ok,False,True,False,0
4435,3668281.6557556754,6.582661406631319,0.09918333933642254,ok,False,True,False,0
4436,3628968.6825537304,4.651517646616071,0.09193963341225264,ok,False,True,False,0
4437,3609884.983702291,6.055239967611759,0.125182732476941,ok,False,True,False,0
4438,3591689.686727173,5.011572963943599,0.1400094677678747,ok,False,True,False,1
4439,3755078.822607534,5.0901308162350665,0.11159996722905992,ok,False,True,False,0
4440,4277366.697542995,7.551459124198967,0.14171950980654036,ok,False,True,False,1
4441,3630128.1548845437,4.2486846436267305,0.08723284733894499,ok,False,True,False,0
4442,3690706.928737307,4.634285062537003,0.07361070977576237,ok,False,True,False,0
4443,3798115.3617699235,7.059108233375996,0.10127718443285993,ok,False,True,False,0
4444,3631621.708988543,4.879780183067128,0.09700603045018186,ok,False,True,False,0
4445,4540508.465046144,7.29360168489253,0.08277944982147645,ok,False,True,False,0
4446,3587042.9406097117,6.32139534564923,0.08106411381309586,ok,False,True,False,0
4447,3586050.496341089,6.524938279483974,0.14200886012361513,ok,False,True,False,1
4448,4317864.958648374,8.139541597852556,0.09428240986022118,ok,False,True,False,0
4449,3593685.462924698,5.466017828115197,0.1246518516116426,ok,False,True,False,0
4450,3743507.127898867,6.114145610082213,0.09696037659845053,ok,False,True,False,0
4451,3605364.6123523195,5.975835369822249,0.10903496066388008,ok,False,True,False,0
4452,2267725.2931199414,3.858059070700645,0.13686896328537873,ok,False,True,False,1
4453,5161130.577178881,9.5173762376829,0.09351561478741377,ok,False,True,False,0
4454,3682032.691022217,6.48015941083266,0.09417281145180101,ok,False,True,False,0
4455,2267725.2931199414,4.185293751992964,0.11126710153900954,ok,False,True,False,0
4456,2581618.0750895645,3.8604390365305536,0.09826991086228531,ok,False,True,False,0
4457,3646825.0075019426,7.969214114496232,0.08554116468442396,ok,False,True,False,0
4458,4514429.343584586,10.884692706188272,0.13604133229622684,ok,False,True,False,1
4459,3884693.3131822636,4.2841702642709905,0.13587504689204968,ok,False,True,False,1
4460,4145832.867119512,7.848390672907226,0.1454265675172277,ok,False,True,False,1
4461,2378837.9975668644,3.529104487766932,0.10216365861012633,ok,False,True,False,0
4462,3764306.4106196486,7.751188241674759,0.09368044145687648,ok,False,True,False,0
4463,2581618.0750895645,3.7852267266848916,0.0862408904459343,ok,False,True,False,0
4464,3588853.9655051017,5.577586158132977,0.09480611537531891,ok,False,True,False,0
4465,3587485.657196599,5.189094910365863,0.10289096013246124,ok,False,True,False,0
4466,3602257.527775442,7.004348680914186,0.06277756036538273,ok,False,True,False,0
4467,3923345.4500979437,8.197372693817346,0.10338544480986789,ok,False,True,False,0
4468,3661013.90819419,6.19634775422895,0.13001611715182973,ok,False,True,False,0
4469,2581618.0750895645,3.841548743661485,0.08706728572164091,ok,False,True,False,0
4470,3589805.471849123,7.455550291813662,0.13156904282116288,ok,False,True,False,0
4471,3890883.82147852,5.56978010464505,0.08379079239987575,ok,False,True,False,0
4472,5091691.685933942,7.441984038887639,0.09038692878077426,ok,False,True,False,0
4473,3611051.643290603,6.390280444900897,0.09636687912005149,ok,False,True,False,0
4474,2267725.2931199414,3.6592331370772193,0.1156916754440922,ok,False,True,False,0
4475,3664022.1181311235,6.282574729975133,0.14146930401259006,ok,False,True,False,1
4476,3757988.423315835,7.625976844959152,0.1113589209165382,ok,False,True,False,0
4477,2342560.331742774,3.8111717861705183,0.1655985747760963,ok,False,True,False,1
4478,4469882.336537557,6.99399444886153,0.09988285487495507,ok,False,True,False,0
4479,2008285.854183121,3.4446770809124563,0.13552921002870377,ok,False,True,False,1
4480,3762387.3451777976,7.663454478142848,0.08852295183154357,ok,False,True,False,0
4481,3676068.120647966,4.564877371001276,0.07261991144424873,ok,False,True,False,0
4482,2349511.4431106183,3.750908287097753,0.09672165816790193,ok,False,True,False,0
4483,5098230.850127207,10.839363008516443,0.10814336541930802,ok,False,True,False,0
4484,3799196.690079929,8.750141191845984,0.07624889870725382,ok,False,True,False,0
4485,2090177.9550635067,3.408473377891889,0.10135902404631618,ok,False,True,False,0
4486,2142731.076122388,3.3334823132303466,0.15864487042416453,ok,False,True,False,1
4487,4185900.527163917,5.9940645052741806,0.10704476755134801,ok,False,True,False,0
4488,4233816.53787877,11.99842184742021,0.09638314467010378,ok,False,True,False,0
4489,3888657.1415816383,6.075294199271587,0.11598639490265716,ok,False,True,False,0
4490,3887562.6076485408,4.7141319110487,0.0974044106214641,ok,False,True,False,0
4491,3614216.3885186096,3.9557466962757943,0.09890320117145923,ok,False,True,False,0
4492,3962906.9277028837,8.89375883866046,0.13986754989604566,ok,False,True,False,1
4493,3595609.9468663456,6.748029685558084,0.12284551813523625,ok,False,True,False,0
4494,3625303.069146556,6.567254096482745,0.12749443710401487,ok,False,True,False,0
4495,2342560.331742774,3.826993197867114,0.11708154977987972,ok,False,True,False,0
4496,3747343.488735512,7.228907296933788,0.15627442358896818,ok,False,True,False,1
4497,3629540.711495691,6.650687722430059,0.06008185599198168,ok,False,True,False,0
4498,2628545.67143199,4.5546593841061735,0.10536974923373654,ok,False,True,False,0
4499,3636360.552874232,7.333375317781978,0.10319888989260906,ok,False,True,False,0
4500,3588776.3291193326,6.38677797789078,0.1286057629392573,ok,False,True,False,0
4501,2581618.0750895645,4.95319382419936,0.09255268857345322,ok,False,True,False,0
4502,2349511.4431106183,3.28293142528944,0.10209532794413123,ok,False,True,False,0
4503,4326833.425686085,6.746301292864535,0.09690339891140065,ok,False,True,False,0
4504,3595956.188169588,5.738883395676711,0.1230116595679982,ok,False,True,False,0
4505,3621040.3620485505,5.90779690889435,0.0871823462631458,ok,False,True,False,0
4506,3674997.932639733,4.480904145803984,0.11554601755410487,ok,False,True,False,0
4507,3795907.818097323,10.792968415606138,0.1301279284637331,ok,False,True,False,0
4508,2342560.331742774,3.842949791519636,0.09852321431636174,ok,False,True,False,0
4509,3693988.077421491,5.060912875134252,0.13562234719933375,ok,False,True,False,1
4510,3870044.625541983,5.558757504518385,0.08435120673788121,ok,False,True,False,0
4511,3597355.838058822,6.077498888257697,0.09780834908311511,ok,False,True,False,0
4512,2342560.331742774,4.0488825033639255,0.14987849590141356,ok,False,True,False,1
4513,2267725.2931199414,3.786727716668563,0.1120421673512125,ok,False,True,False,0
4514,3992797.2804185557,11.862863096449882,0.08325099611990061,ok,False,True,False,0
4515,4200873.063289065,5.137071824183217,0.07959622562058677,ok,False,True,False,0
4516,3636825.002893874,5.123388173137037,0.11146582139250238,ok,False,True,False,0
4517,3721745.2805170077,5.302514540581439,0.09722754031248682,ok,False,True,False,0
4518,3671003.6569916904,6.924009220573317,0.08038330774540836,ok,False,True,False,0
4519,3615553.733569198,5.602875104565054,0.08851603339531078,ok,False,True,False,0
4520,3599329.2741648336,4.200391161870857,0.08774126137281335,ok,False,True,False,0
4521,3641831.8610327938,4.642342189479837,0.0780577791639871,ok,False,True,False,0
4522,3649068.369039287,5.068021248166205,0.12214432276297582,ok,False,True,False,0
4523,4190222.8038757066,4.915182717131136,0.13048078078779624,ok,False,True,False,0
4524,3624523.0184268793,4.461703076580004,0.12782974730972207,ok,False,True,False,0
4525,3903476.8934905613,10.370037127353196,0.1394048185878397,ok,False,True,False,1
4526,3599366.4126416333,5.33947037692116,0.16244219837043594,ok,False,True,False,1
4527,2090177.9550635067,3.3622494335839974,0.1457076592808082,ok,False,True,False,1
4528,3689642.7907925043,5.898246551187205,0.14829114885634598,ok,False,True,False,1
4529,4215138.303976911,4.523910941917649,0.0769602144701319,ok,False,True,False,0
4530,2349511.4431106183,3.43467804785989,0.11406489210077564,ok,False,True,False,0
4531,3589808.4358729892,6.778366691831002,0.15404782165519662,ok,False,True,False,1
4532,2342560.331742774,3.9570460620740806,0.12762474988361205,ok,False,True,False,0
4533,3660903.8097435436,5.158261097214454,0.11307420565040743,ok,False,True,False,0
4534,4237726.487547918,10.106800784896725,0.08997200541716874,ok,False,True,False,0
4535,2609060.086809957,4.4588423362999885,0.11106139485901145,ok,False,True,False,0
4536,3616534.63324649,5.986158488399014,0.10355125393566456,ok,False,True,False,0
4537,2142731.076122388,3.346447320952879,0.11561001990868988,ok,False,True,False,0
4538,4659353.664503959,10.145125294930141,0.1545221641302461,ok,False,True,False,1
4539,3596543.3904287014,4.424339908836414,0.09353751964894486,ok,False,True,False,0
4540,3640388.098670077,5.276529821777374,0.11336708973975385,ok,False,True,False,0
4541,3598138.976257609,6.864706785197229,0.15561388570267787,ok,False,True,False,1
4542,2773471.102127803,4.683726705395337,0.16693950472484237,ok,False,True,False,1
4543,3668284.591944674,4.146147322117866,0.11087713337707339,ok,False,True,False,0
4544,2416638.8374307705,3.089609960726484,0.09663899493994887,ok,False,True,False,0
4545,3686745.180340275,4.684910336342341,0.09739746998311882,ok,False,True,False,0
4546,4235460.735230535,11.340046861342715,0.17084484506748931,ok,False,True,False,1
4547,3810407.3466898054,4.913226623492959,0.11856085144979955,ok,False,True,False,0
4548,3740091.339231407,5.074582511982427,0.10446930904941076,ok,False,True,False,0
4549,3607393.7988122995,5.05947471805377,0.10962276810007954,ok,False,True,False,0
4550,3778632.2961282292,6.154827778626106,0.06540318660108635,ok,False,True,False,0
4551,3613954.6804339257,5.906574020679631,0.12483152422053823,ok,False,True,False,0
4552,4109104.2524134894,7.09980182132456,0.07191092462919568,ok,False,True,False,0
4553,3596329.1423383635,5.763377131580793,0.12806394022805845,ok,False,True,False,0
4554,4263592.583448288,6.251054629601107,0.12853880675740426,ok,False,True,False,0
4555,3713339.2722345726,5.902605029652876,0.08249204333399274,ok,False,True,False,0
4556,5129640.459525459,7.218648583147437,0.13896935188045206,ok,False,True,False,1
4557,3764691.4478805694,6.923346211557936,0.07480295408845028,ok,False,True,False,0
4558,5011123.323173827,5.097655193158759,0.06323099785743358,ok,False,True,False,0
4559,3605292.379591033,5.56761452710231,0.09225474030678882,ok,False,True,False,0
4560,4134186.8441041773,9.115267308939396,0.0978034674696221,ok,False,True,False,0
4561,3716827.8657678748,5.71692867809122,0.08296384505239995,ok,False,True,False,0
4562,4025625.977667733,6.2770005495932315,0.04793070231358107,ok,False,True,False,0
4563,3857558.7576001384,4.875084323326199,0.08722595660955784,ok,False,True,False,0
4564,3657059.2664311077,4.834238124946586,0.11744404763176858,ok,False,True,False,0
4565,3912371.2276597675,4.294287286348311,0.10792167598388858,ok,False,True,False,0
4566,3632008.4566785656,5.819748298233883,0.07054236878365927,ok,False,True,False,0
4567,4543859.234288422,13.103514882704639,0.13501154740972837,ok,False,True,False,0
4568,3690046.2177738124,5.775583148779419,0.10710527326935237,ok,False,True,False,0
4569,3622493.0641184174,6.029577379002768,0.10884639145920977,ok,False,True,False,0
4570,3261364.380769941,7.364552707439815,0.14777969796355078,ok,False,True,False,1
4571,3663784.8385177967,5.504634838893245,0.11540799881240094,ok,False,True,False,0
4572,2349511.4431106183,3.4112768657234533,0.16056008394218707,ok,False,True,False,1
4573,3605143.071713592,4.265436259706999,0.1255297668847839,ok,False,True,False,0
4574,3651983.668625124,5.08073005684536,0.11707518316743426,ok,False,True,False,0
4575,3687818.60659021,4.943032535114234,0.12570110732634004,ok,False,True,False,0
4576,2267725.2931199414,3.72526342487335,0.13559469530231416,ok,False,True,False,1
4577,2678205.374785724,5.046299210158487,0.1265905220852669,ok,False,True,False,0
4578,2008285.854183121,3.5604422536607205,0.11023726251200827,ok,False,True,False,0
4579,3599453.2541054427,7.900692283147963,0.12874645642088733,ok,False,True,False,0
4580,2349719.955294122,3.8525886202879227,0.1333738085342686,ok,False,True,False,0
4581,2342560.331742774,4.236881245495516,0.11040753301532191,ok,False,True,False,0
4582,3615948.905777331,7.650864436636669,0.13671243493005247,ok,False,True,False,1
4583,3626323.8739620866,4.665879764253584,0.08687669623136912,ok,False,True,False,0
4584,2628545.67143199,3.9311487023957508,0.11580043907277787,ok,False,True,False,0
4585,3593444.4708259013,6.43705026634363,0.08592597763633969,ok,False,True,False,0
4586,3644141.2543322877,5.8695749602163305,0.07413755378528081,ok,False,True,False,0
4587,3646258.0296643875,5.590291394497231,0.11932908867569958,ok,False,True,False,0
4588,4158491.9750661226,4.210541451904136,0.109168594958165,ok,False,True,False,0
4589,3599283.405916273,7.808871641963138,0.13062293350233722,ok,False,True,False,0
4590,2267725.2931199414,3.8906593267635845,0.08096042999588837,ok,False,True,False,0
4591,3661965.951215541,9.309604233373758,0.12822978856130846,ok,False,True,False,0
4592,3651878.5811228408,6.543570037739787,0.05784798751334774,ok,False,True,False,0
4593,3619415.989645493,7.1530221405894965,0.09689934442056031,ok,False,True,False,0
4594,3600234.419124071,5.0008776576177985,0.08000638341044125,ok,False,True,False,0
4595,2008285.854183121,2.9274606257508182,0.16842099656917697,ok,False,True,False,1
4596,3597128.787146668,6.223297591868718,0.07671802713545772,ok,False,True,False,0
4597,2984801.288163022,4.03632776857289,0.08383763578645281,ok,False,True,False,0
4598,3737133.7988477945,4.226224866127725,0.06711355663870888,ok,False,True,False,0
4599,2349511.4431106183,4.668931411864644,0.10696694284562547,ok,False,True,False,0
4600,3601944.010582308,5.6154818704635945,0.07567252962290477,ok,False,True,False,0
4601,3992414.062472912,5.680497814594955,0.10784461619367947,ok,False,True,False,0
4602,4041095.305723102,5.48455141444199,0.06819133894067952,ok,False,True,False,0
4603,4457052.616453598,8.267344200685455,0.12083532092353644,ok,False,True,False,0
4604,4656718.283607619,16.543554729838277,0.08561430329213782,ok,False,True,False,0
4605,3851298.9979780097,4.481152170670535,0.15271983615955675,ok,False,True,False,1
4606,4115549.737715567,6.193381257028557,0.1090568640117644,ok,False,True,False,0
4607,3606429.354490015,6.538698568708575,0.0782518024637191,ok,False,True,False,0
4608,4026620.552567291,5.031918309748902,0.10418593109723662,ok,False,True,False,0
4609,3605034.0124937347,5.2753233830688,0.10911276012977672,ok,False,True,False,0
4610,4055614.23635572,10.096579956869496,0.1078550662697727,ok,False,True,False,0
4611,3676933.592277857,6.104097397409335,0.10558615803935212,ok,False,True,False,0
4612,3722995.461509631,5.487513832161362,0.07619685929999537,ok,False,True,False,0
4613,4018561.3264494,6.001828565360855,0.06329174515802694,ok,False,True,False,0
4614,2267725.2931199414,3.6563182339525806,0.09529185958133946,ok,False,True,False,0
4615,3627902.3195395633,4.491991067205266,0.08437274364019598,ok,False,True,False,0
4616,4083887.318597465,7.960513891437691,0.10392855662031131,ok,False,True,False,0
4617,2142731.076122388,3.3043232064147388,0.14970308003485255,ok,False,True,False,1
4618,3780378.8850961565,4.777646725102702,0.09836143927678864,ok,False,True,False,0
4619,4280008.3407442635,4.480704781192758,0.08758451891164487,ok,False,True,False,0
4620,3633165.308260215,8.899036879153993,0.13130034885946873,ok,False,True,False,0
4621,4693303.980272,7.075133674531814,0.13824568724545883,ok,False,True,False,1
4622,4230710.68284388,5.756550382813348,0.13827930581541759,ok,False,True,False,1
4623,3610221.083850719,5.070242349953915,0.11670966279829964,ok,False,True,False,0
4624,3961286.605274032,5.719460060132835,0.10953019467755193,ok,False,True,False,0
4625,3587906.97361734,4.786704211742143,0.11990330229395252,ok,False,True,False,0
4626,4245365.173785932,7.156412024119451,0.09731664576965393,ok,False,True,False,0
4627,3655347.104368044,4.74812522410026,0.12210082066571681,ok,False,True,False,0
4628,4575801.612664305,9.474722302044887,0.09621411580920557,ok,False,True,False,0
4629,3640914.1467242455,5.274041253938798,0.07890730673351332,ok,False,True,False,0
4630,3668206.736101881,5.672281567498391,0.09012219585040238,ok,False,True,False,0
4631,3611093.7241474786,6.571702442232557,0.10521708016712183,ok,False,True,False,0
4632,3754595.8902417533,8.389029549924844,0.09698586404863274,ok,False,True,False,0
4633,2342560.331742774,3.806068197082609,0.1521622132104844,ok,False,True,False,1
4634,3608026.454689731,5.214238693477502,0.1248699730193471,ok,False,True,False,0
4635,3670161.1351733953,5.898005565124415,0.12327364927072132,ok,False,True,False,0
4636,3748870.9061444197,7.513068023523994,0.10703059228667888,ok,False,True,False,0
4637,3608607.2555481386,5.268287154403804,0.08187665421201085,ok,False,True,False,0
4638,2090177.9550635067,3.3308640289718885,0.10011077819539538,ok,False,True,False,0
4639,2349511.4431106183,4.232523389289774,0.127396911547465,ok,False,True,False,0
4640,4102668.4678330095,7.520252081049374,0.0797510506192406,ok,False,True,False,0
4641,3896789.8864122205,5.614804561849213,0.09852101828021192,ok,False,True,False,0
4642,3687744.9585263287,4.581804053526714,0.10162440538132955,ok,False,True,False,0
4643,2267725.2931199414,4.037915239119091,0.06666452620414598,ok,False,True,False,0
4644,4241334.579408923,8.361294892014772,0.10979809908549065,ok,False,True,False,0
4645,3868706.9617489995,4.67899633345558,0.10068606453427204,ok,False,True,False,0
4646,3688214.366846117,6.642030156180937,0.10337832088470489,ok,False,True,False,0
4647,2342560.331742774,3.6977006889396407,0.129199035490275,ok,False,True,False,0
4648,4042252.4483828614,8.278636520149947,0.1170806448621052,ok,False,True,False,0
4649,3600567.320868512,4.59146259395729,0.11860567316769344,ok,False,True,False,0
4650,3603385.450423141,6.4440357428509465,0.1015259850874588,ok,False,True,False,0
4651,3595137.1745438827,5.7798077967952315,0.09794665094416463,ok,False,True,False,0
4652,2628545.67143199,3.7078933152992746,0.09433074487180548,ok,False,True,False,0
4653,2090177.9550635067,3.7922217681939374,0.13833991009839441,ok,False,True,False,1
4654,4523145.211271402,5.136823332155868,0.11217750800135329,ok,False,True,False,0
4655,3694752.554941871,5.216489423423946,0.07684664209872583,ok,False,True,False,0
4656,4199507.612184336,10.832243457158853,0.12162356119015882,ok,False,True,False,0
4657,4018276.973191577,14.050422846890378,0.12272868094075501,ok,False,True,False,0
4658,3620493.1411313238,5.6693115544172406,0.11489674287440066,ok,False,True,False,0
4659,2090177.9550635067,3.486359006962891,0.10046509946240637,ok,False,True,False,0
4660,3824131.4576968728,4.681329649950317,0.08397134479577023,ok,False,True,False,0
4661,4234674.374210776,8.514842106189601,0.15045360571934693,ok,False,True,False,1
4662,2581618.0750895645,4.447654437867367,0.09732599235574946,ok,False,True,False,0
4663,3706820.1526508965,6.658789164269647,0.10074552498934441,ok,False,True,False,0
4664,2090177.9550635067,3.2659292379910556,0.16047247789981522,ok,False,True,False,1
4665,2772356.9728852585,5.880366086603351,0.16276226217296086,ok,False,True,False,1
4666,3705429.645495156,5.51263603805802,0.08226929228191959,ok,False,True,False,0
4667,3688570.733646105,6.218314562103785,0.06870287568595346,ok,False,True,False,0
4668,2342560.331742774,3.749698341052365,0.08818704916729858,ok,False,True,False,0
4669,2349511.4431106183,4.206591844871829,0.147841490507452,ok,False,True,False,1
4670,3683704.2647459526,4.715392838160727,0.0957635049719942,ok,False,True,False,0
4671,2267725.2931199414,3.403387499799746,0.0972790316414916,ok,False,True,False,0
4672,2267725.2931199414,3.4484740493139467,0.09068752979399919,ok,False,True,False,0
4673,3882953.5276507977,6.526162744215314,0.10411601364042589,ok,False,True,False,0
4674,3670798.9031146686,6.93913548509743,0.09932933021527862,ok,False,True,False,0
4675,2349511.4431106183,3.6326378117507003,0.10594167399015283,ok,False,True,False,0
4676,3593913.1230396884,4.711878871330871,0.1441789634521603,ok,False,True,False,1
4677,3693732.2823145436,5.230941718654076,0.0840633542666408,ok,False,True,False,0
4678,3590049.740023341,4.7961787107076645,0.11526323863746024,ok,False,True,False,0
4679,2954199.321293613,3.7401056954115157,0.09456121169580345,ok,False,True,False,0
4680,3590462.0634052167,6.452658268987554,0.10762081495433662,ok,False,True,False,0
4681,2773471.102127803,6.869791826647735,0.10964430250533075,ok,False,True,False,0
4682,3665704.6112378407,5.564952605658632,0.11753638687743784,ok,False,True,False,0
4683,2267725.2931199414,3.3124160840538046,0.13715367994504535,ok,False,True,False,1
4684,3905212.8392049493,4.988175198878213,0.09391197636881166,ok,False,True,False,0
4685,3623069.7954602065,6.4628849664059596,0.09248224688860462,ok,False,True,False,0
4686,2609060.086809957,4.060908153637177,0.12752141165982017,ok,False,True,False,0
4687,3590805.1446535536,6.3797131744246345,0.1040052567290155,ok,False,True,False,0
4688,3646445.7093850006,11.734189854530008,0.12694105477850115,ok,False,True,False,0
4689,3746573.2030707905,6.4082830816066805,0.15051697042178824,ok,False,True,False,1
4690,3800568.8358681905,5.162955918772879,0.08590185888236057,ok,False,True,False,0
4691,3620050.600727831,4.052166976691247,0.12151173397829418,ok,False,True,False,0
4692,3589140.7631033245,5.114551137095169,0.08048835468138721,ok,False,True,False,0
4693,3605301.2324881023,5.046329316219378,0.0907396713048868,ok,False,True,False,0
4694,3607118.3517384413,5.962785628398629,0.12039664062370387,ok,False,True,False,0
4695,2267725.2931199414,3.9860266126679154,0.09598456376542569,ok,False,True,False,0
4696,3593810.23413783,6.302625685723563,0.13542842137238975,ok,False,True,False,0
4697,4895416.415345099,12.47969770304606,0.12446464180786754,ok,False,True,False,0
4698,3860825.525304122,6.736796369458588,0.08269623066731191,ok,False,True,False,0
4699,3815375.79143418,5.796729964203343,0.12892817723019806,ok,False,True,False,0
4700,4166861.6547820373,8.041465859846186,0.10910825983643502,ok,False,True,False,0
4701,4071619.1286034402,9.43210439735272,0.15368193420955922,ok,False,True,False,1
4702,2008285.854183121,2.9709350346323475,0.16482145947051985,ok,False,True,False,1
4703,4047503.596198024,5.498620241635482,0.07093322945792879,ok,False,True,False,0
4704,4682426.350130575,14.158247869129378,0.14555855426163483,ok,False,True,False,1
4705,3682593.584478714,5.271813871155546,0.12311744908257449,ok,False,True,False,0
4706,3607434.437819653,5.400314354749638,0.14192516812047895,ok,False,True,False,1
4707,4021582.363721071,6.6004348927070575,0.1267361837412485,ok,False,True,False,0
4708,3804722.3008479415,4.794886809633677,0.1018347447281111,ok,False,True,False,0
4709,2008285.854183121,3.2703588705841597,0.1384159955919919,ok,False,True,False,1
4710,3762128.2819963666,6.791447386078765,0.1234902689259244,ok,False,True,False,0
4711,3261364.380769941,3.899653952813261,0.08601615540497284,ok,False,True,False,0
4712,3644710.3208464687,6.700060226613288,0.13890834980864053,ok,False,True,False,1
4713,3659697.3754270137,6.536019528379924,0.08884467054447498,ok,False,True,False,0
4714,2267725.2931199414,3.8549843665832992,0.11139837523209462,ok,False,True,False,0
4715,3718550.635108007,4.754050842738835,0.0977718734546961,ok,False,True,False,0
4716,4009287.077355131,5.751782497657091,0.09495304851449515,ok,False,True,False,0
4717,3636491.4675793145,5.411707938976436,0.07551946223134687,ok,False,True,False,0
4718,3589519.3338416354,5.720307680202144,0.10194491951370888,ok,False,True,False,0
4719,2349511.4431106183,3.8549604512014626,0.13179524664948716,ok,False,True,False,0
4720,3586702.408434529,6.312684943645603,0.12630715902684586,ok,False,True,False,0
4721,3890936.0401255637,4.820941308509109,0.0936601652707364,ok,False,True,False,0
4722,3614507.452482619,7.077036819027595,0.09755592492646725,ok,False,True,False,0
4723,2342560.331742774,3.2705838082180145,0.12286000859907331,ok,False,True,False,0
4724,3642641.3368273634,5.404151255606613,0.09994417078909279,ok,False,True,False,0
4725,5115421.511426617,9.728395463095804,0.15063030195932708,ok,False,True,False,1
4726,2628545.67143199,3.697698187381523,0.0843732192559199,ok,False,True,False,0
4727,3692368.048989545,5.428662444470677,0.07776390595810789,ok,False,True,False,0
4728,3622570.9395146286,8.2626451575054,0.08289162292716601,ok,False,True,False,0
4729,5220042.088132847,30.614551618678934,0.14430719951704474,ok,False,True,False,1
4730,2090177.9550635067,3.076438072789012,0.11974168376113481,ok,False,True,False,0
4731,3696735.557359551,5.269890566304048,0.13212882375639778,ok,False,True,False,0
4732,2349511.4431106183,3.461335927023219,0.11612164321692398,ok,False,True,False,0
4733,3588718.8048910857,5.484601824377202,0.12282571153147359,ok,False,True,False,0
4734,3634834.0509586823,5.983003855887013,0.12401940294013913,ok,False,True,False,0
4735,3639185.6270761252,5.608451704552689,0.1390098361160945,ok,False,True,False,1
4736,3612556.7487216364,5.2652116138771,0.09049095834096865,ok,False,True,False,0
4737,3592484.3291717614,4.440650610055384,0.08694586793214654,ok,False,True,False,0
4738,2342560.331742774,4.252744361521927,0.19108874298832432,ok,False,True,False,1
4739,4296177.833317979,9.002728942236711,0.09403941024438417,ok,False,True,False,0
4740,3895169.2999605676,8.927492679257325,0.12590426038817965,ok,False,True,False,0
4741,3744800.064985946,4.9254488605399,0.052926745388080385,ok,False,True,False,0
4742,2772356.9728852585,4.008244529097185,0.10316909473713476,ok,False,True,False,0
4743,3754669.789568195,4.2905283711087066,0.15155733125578935,ok,False,True,False,1
4744,4549475.763990912,14.35147421791143,0.12925496002589326,ok,False,True,False,0
4745,3935920.785029311,5.512679082278174,0.05759816830872366,ok,False,True,False,0
4746,4264512.129796913,8.260044893440991,0.09620155168898235,ok,False,True,False,0
4747,2773471.102127803,3.894722029460237,0.08590529100193497,ok,False,True,False,0
4748,2008285.854183121,3.815267274031542,0.1215440887340114,ok,False,True,False,0
4749,3635403.8851205343,5.060003907249379,0.09479490683579794,ok,False,True,False,0
4750,4449910.996373765,11.617850822285957,0.12988397350967618,ok,False,True,False,0
4751,4063993.217529381,6.136922540841259,0.12684911726545156,ok,False,True,False,0
4752,3619688.5812733127,4.512438885147475,0.1126267132429884,ok,False,True,False,0
4753,3752593.0574645246,5.95647898054473,0.10691841978004307,ok,False,True,False,0
4754,3623972.9688222054,5.887561752129074,0.08948838643390256,ok,False,True,False,0
4755,2267725.2931199414,4.053320066334862,0.1145130464222438,ok,False,True,False,0
4756,4289377.732572217,3.4823399341837034,0.14262728175397432,ok,False,True,False,1
4757,3593342.8036401556,6.841158223141929,0.1373228207975185,ok,False,True,False,1
4758,3667242.3717803904,5.627455379865613,0.11362646598269621,ok,False,True,False,0
4759,3954239.4365234883,6.078107018460009,0.10895312674174587,ok,False,True,False,0
4760,3619933.1664571874,4.943250210196421,0.09297183207572224,ok,False,True,False,0
4761,3595186.684728918,5.569531444091762,0.16255040750324123,ok,False,True,False,1
4762,3629888.1470329133,7.546906169954326,0.10829214387901198,ok,False,True,False,0
4763,2349719.955294122,3.4245572795881034,0.11170906891672872,ok,False,True,False,0
4764,3586919.794557578,5.265149821373884,0.11159236472704592,ok,False,True,False,0
4765,3608358.339338352,4.966275088153962,0.10968586341621656,ok,False,True,False,0
4766,2342560.331742774,3.186106345691753,0.10545612817747985,ok,False,True,False,0
4767,3667232.852684561,5.1352215543698945,0.09990262839926517,ok,False,True,False,0
4768,2267725.2931199414,3.3800473943962666,0.1339077852797749,ok,False,True,False,0
4769,2267725.2931199414,3.3130987210338074,0.11620880828760294,ok,False,True,False,0
4770,3724660.5398643687,9.335236738865346,0.07619139881313025,ok,False,True,False,0
4771,3601873.0390097345,6.565152950555698,0.13280660196795435,ok,False,True,False,0
4772,3261364.380769941,5.193456887445612,0.1233072928752233,ok,False,True,False,0
4773,4241363.25253295,7.153164668005512,0.12866877188546555,ok,False,True,False,0
4774,3730929.736779691,4.400427988951249,0.08952299836719196,ok,False,True,False,0
4775,4347111.22917992,7.513549270893337,0.10363956288943843,ok,False,True,False,0
4776,3758938.036436153,6.617476854928183,0.1265824628086949,ok,False,True,False,0
4777,4190857.041772959,9.326708722357472,0.11275676903543258,ok,False,True,False,0
4778,2581618.0750895645,3.9121007907939314,0.10136587739665737,ok,False,True,False,0
4779,2980790.490822688,3.5284509542691356,0.08987069591459024,ok,False,True,False,0
4780,4589720.487489512,5.949994877453223,0.11815677540235336,ok,False,True,False,0
4781,3158053.491710955,5.071728148321723,0.11511727803223792,ok,False,True,False,0
4782,3810715.32872323,10.128392970475867,0.07777112617408866,ok,False,True,False,0
4783,2342560.331742774,3.932187656317276,0.12579330073499362,ok,False,True,False,0
4784,3766600.758710874,5.276292748655966,0.07539111270825649,ok,False,True,False,0
4785,2267725.2931199414,3.8534381556695854,0.12979164749856154,ok,False,True,False,0
4786,3589913.608610928,4.166623137287091,0.10061967059471172,ok,False,True,False,0
4787,4321862.412584453,5.862062822337741,0.10826572548295921,ok,False,True,False,0
4788,3654715.6529955775,3.8627505234602264,0.10274964730381642,ok,False,True,False,0
4789,2267725.2931199414,3.4632013926041925,0.11061931973926131,ok,False,True,False,0
4790,2342560.331742774,3.455461479072479,0.09679988719950189,ok,False,True,False,0
4791,3929733.3924452346,7.727079178709177,0.07726785450505713,ok,False,True,False,0
4792,3736658.0994918426,6.939958963916443,0.10072729454581308,ok,False,True,False,0
4793,4639828.930009629,7.760165636428002,0.12048871934617544,ok,False,True,False,0
4794,3639860.438961978,5.618706769977612,0.11756014084039429,ok,False,True,False,0
4795,3651070.459478244,6.416905707597611,0.11647863824077598,ok,False,True,False,0
4796,3595891.5190235167,6.845310449966603,0.09399972056395722,ok,False,True,False,0
4797,3648063.707632705,4.5561487344672225,0.08210711064129728,ok,False,True,False,0
4798,3850660.7518904735,6.058401448439827,0.08707424742959224,ok,False,True,False,0
4799,3628230.5963202924,5.015949578335768,0.10238414961066455,ok,False,True,False,0
4800,2773471.102127803,4.41934289427376,0.12754380575079854,ok,False,True,False,0
4801,3158053.491710955,6.075618338511156,0.10459115701031363,ok,False,True,False,0
4802,4314165.783024919,6.638235513681044,0.15947614543227295,ok,False,True,False,1
4803,3621062.254899317,7.672381267254192,0.11226726158463562,ok,False,True,False,0
4804,2628545.67143199,3.775680752740552,0.11985837523169218,ok,False,True,False,0
4805,4370381.827729543,2.680715332285864,0.15960530003788376,ok,False,True,False,1
4806,3869088.6930509624,5.0096426952118644,0.09231289332531678,ok,False,True,False,0
4807,3593395.317483255,8.592782961583621,0.12667745762097693,ok,False,True,False,0
4808,3679908.8319146107,5.380931693993547,0.1167044036314957,ok,False,True,False,0
4809,2416638.8374307705,3.5913087972159667,0.10845815742525278,ok,False,True,False,0
4810,3617588.3643076885,5.746950049320206,0.1129833427372795,ok,False,True,False,0
4811,3898941.848158091,5.281989940259701,0.1191414918800589,ok,False,True,False,0
4812,4342867.204573883,10.99765737797209,0.08191119488281406,ok,False,True,False,0
4813,2349511.4431106183,3.904624432243905,0.09995332138479096,ok,False,True,False,0
4814,3690148.789010711,5.056692376633313,0.08186835451660979,ok,False,True,False,0
4815,3591247.522565272,5.0001852954603585,0.08616258661287773,ok,False,True,False,0
4816,4105652.2204298247,3.9732763710333128,0.1478381004098719,ok,False,True,False,1
4817,3624722.96025457,4.985413596859733,0.07323289706223002,ok,False,True,False,0
4818,2678205.374785724,3.6334453742758512,0.11888672602712669,ok,False,True,False,0
4819,3686392.7093853764,6.5303203535083085,0.07949726963170117,ok,False,True,False,0
4820,3654711.118961441,4.5739314222295855,0.0873283531332611,ok,False,True,False,0
4821,4747615.344327675,6.075094107492945,0.1006497265616948,ok,False,True,False,0
4822,3960464.4512290675,8.324123645923859,0.07571229577803518,ok,False,True,False,0
4823,4161178.1999117183,4.263617222146881,0.07154008412900015,ok,False,True,False,0
4824,4088260.582118162,8.792176771969721,0.06723353161750106,ok,False,True,False,0
4825,3585989.698506354,6.621857403725475,0.15492494544671742,ok,False,True,False,1
4826,2609060.086809957,4.104907522945572,0.12148675298227374,ok,False,True,False,0
4827,2267725.2931199414,4.025987479465265,0.11544185270914464,ok,False,True,False,0
4828,3786815.1572676026,7.387655300359553,0.10677770254379448,ok,False,True,False,0
4829,3729768.102903041,5.450210165306998,0.08194737344927286,ok,False,True,False,0
4830,4521201.927282711,11.116712697718386,0.1503094918391792,ok,False,True,False,1
4831,3261364.380769941,4.5110591244924585,0.09945354877131832,ok,False,True,False,0
4832,4319256.022426213,7.586257181763528,0.12950889727961312,ok,False,True,False,0
4833,4217326.924603535,7.43974886835158,0.08629473722355141,ok,False,True,False,0
4834,2342560.331742774,3.66286137934804,0.08756817378668236,ok,False,True,False,0
4835,2581618.0750895645,3.873224570146248,0.09262421538319543,ok,False,True,False,0
4836,3964573.6457679225,5.734655160273108,0.09426959229822307,ok,False,True,False,0
4837,2008285.854183121,2.970781667722002,0.12833781861634586,ok,False,True,False,0
4838,2267725.2931199414,3.428656723420385,0.14883630745438392,ok,False,True,False,1
4839,4293922.815556247,9.977464170728467,0.1308179806077061,ok,False,True,False,0
4840,4184428.524329104,8.281024361427441,0.10559760104207816,ok,False,True,False,0
4841,4848264.710262485,6.855135003912331,0.11190662514423533,ok,False,True,False,0
4842,4407478.353450956,8.254818256238682,0.08305803347708052,ok,False,True,False,0
4843,4174099.1111205067,8.454863053730968,0.1075111547627573,ok,False,True,False,0
4844,2267725.2931199414,4.666710347471848,0.10985121231895678,ok,False,True,False,0
4845,3655506.058673197,7.410957373378646,0.09891471227728033,ok,False,True,False,0
4846,3720418.8567113983,7.94183117191121,0.13161110973754941,ok,False,True,False,0
4847,2142731.076122388,3.7583600712879957,0.12349617743171251,ok,False,True,False,0
4848,4423697.672347341,15.086227583781836,0.14663939545969162,ok,False,True,False,1
4849,2142731.076122388,3.57081005131929,0.07387408301206988,ok,False,True,False,0
4850,4287509.473250036,5.105654567732925,0.12058524491086109,ok,False,True,False,0
4851,2267725.2931199414,3.908773818578525,0.134259435281336,ok,False,True,False,0
4852,3585807.856425097,6.449924611476806,0.10277329562131421,ok,False,True,False,0
4853,3627828.382132401,6.104211335169562,0.1741605595044763,ok,False,True,False,1
4854,3603036.3889674316,5.7126164522410825,0.05713243772782489,ok,False,True,False,0
4855,4053851.9843934714,7.9277781365741395,0.13219709735576934,ok,False,True,False,0
4856,3676626.525217737,4.703272908232897,0.0756487169234108,ok,False,True,False,0
4857,3853533.162160047,6.956804577461432,0.10608256363617286,ok,False,True,False,0
4858,5290403.7394669745,14.06477344853877,0.15964230917426914,ok,False,True,False,1
4859,3261364.380769941,4.023989717300976,0.08982562096524582,ok,False,True,False,0
4860,2267725.2931199414,3.4288936545576045,0.0859268035351789,ok,False,True,False,0
4861,3873132.593236057,5.44576988300806,0.09937561888345992,ok,False,True,False,0
4862,2342560.331742774,4.129034207345592,0.10698540719403316,ok,False,True,False,0
4863,3588341.510958013,6.173727782710411,0.09820659752955849,ok,False,True,False,0
4864,4081281.2989507937,7.422476153501396,0.12665544879570112,ok,False,True,False,0
4865,4309858.909519819,8.985796862461983,0.15685634308054064,ok,False,True,False,1
4866,3623130.2300790697,4.637073909674793,0.12156527700672404,ok,False,True,False,0
4867,3958849.690586364,10.53974861879508,0.12423190830447078,ok,False,True,False,0
4868,3652146.131804134,8.05355987771565,0.11516467318147305,ok,False,True,False,0
4869,3632221.0864462317,6.114971613355442,0.09447010673879375,ok,False,True,False,0
4870,2772356.9728852585,4.070073782279547,0.12735284536563274,ok,False,True,False,0
4871,4418909.826658324,9.033073932903086,0.10900823641739753,ok,False,True,False,0
4872,3654424.1466742344,4.391793023490003,0.08924467694749771,ok,False,True,False,0
4873,3923279.753645184,9.374038824949206,0.16245646162244443,ok,False,True,False,1
4874,5517713.326922324,10.975484841467956,0.13328943978061697,ok,False,True,False,0
4875,3682781.6930375295,7.2735421982746455,0.08908144909882132,ok,False,True,False,0
4876,2267725.2931199414,3.537646190051179,0.09005313188339492,ok,False,True,False,0
4877,3601517.0903225183,5.461647565344554,0.06789706873671914,ok,False,True,False,0
4878,3629929.2362741563,4.931296487612029,0.1167498557458525,ok,False,True,False,0
4879,3911040.178895258,8.842601332101959,0.09696249322403072,ok,False,True,False,0
4880,2267725.2931199414,4.205198119994271,0.10316025768035145,ok,False,True,False,0
4881,3585743.373006427,5.380187816435202,0.100136663884483,ok,False,True,False,0
4882,3605078.632132996,7.28244458224989,0.08114651036133946,ok,False,True,False,0
4883,4021680.591072913,7.542927006344951,0.08115071455086442,ok,False,True,False,0
4884,2609060.086809957,4.793365923222876,0.0960314734326822,ok,False,True,False,0
4885,3700475.377372181,5.880209644422082,0.09810915865869096,ok,False,True,False,0
4886,2581618.0750895645,4.08683626752666,0.09739572385891326,ok,False,True,False,0
4887,3619463.515994983,4.816304732924279,0.13715311627728455,ok,False,True,False,1
4888,4202323.316701307,5.023901236029915,0.11562378944813778,ok,False,True,False,0
4889,2581618.0750895645,3.686882068204869,0.08853751142978605,ok,False,True,False,0
4890,3767931.9441916947,13.131461969926162,0.0727759509281729,ok,False,True,False,0
4891,2581618.0750895645,4.54729465976849,0.12434700835096357,ok,False,True,False,0
4892,2142731.076122388,3.599769431350629,0.1581179134668948,ok,False,True,False,1
4893,3726926.8324313466,5.60497531835394,0.07606665960354086,ok,False,True,False,0
4894,4967641.365830383,24.94214237876191,0.13784025928335492,ok,False,True,False,1
4895,2267725.2931199414,3.3290280429757884,0.08227124177211875,ok,False,True,False,0
4896,3708060.716437259,6.774196660124879,0.13265909285209154,ok,False,True,False,0
4897,3787553.2339035794,5.410371139944955,0.13043005488992565,ok,False,True,False,0
4898,2342560.331742774,3.7811301302095393,0.1126446849823376,ok,False,True,False,0
4899,4523336.0801562425,8.949383924301065,0.14089547125002366,ok,False,True,False,1
4900,2349511.4431106183,3.7478665016939194,0.1055175934499133,ok,False,True,False,0
4901,2267725.2931199414,3.7263931591864896,0.17440355281064346,ok,False,True,False,1
4902,3947000.1462082462,6.245502806175962,0.08945131215595986,ok,False,True,False,0
4903,3631786.287245272,7.325589510699968,0.11050319876068715,ok,False,True,False,0
4904,3709084.647240629,5.813116951111296,0.13310867687120387,ok,False,True,False,0
4905,4657295.603951505,7.1574350509952955,0.10370738120840517,ok,False,True,False,0
4906,3628815.9828863405,6.158275556374769,0.11701844069217437,ok,False,True,False,0
4907,4434451.094633554,13.419487216512548,0.12157343663165332,ok,False,True,False,0
4908,3261364.380769941,5.51382202534682,0.11413523227831601,ok,False,True,False,0
4909,2342560.331742774,4.031579341286572,0.10131701956121575,ok,False,True,False,0
4910,3621613.1305658934,5.362721875729292,0.0860831051912756,ok,False,True,False,0
4911,4355538.198545166,11.612435161469863,0.13330894585022435,ok,False,True,False,0
4912,4495472.574074369,7.991625620161041,0.11358401484255298,ok,False,True,False,0
4913,3776557.99171007,7.250717019801772,0.11585494231953342,ok,False,True,False,0
4914,3261364.380769941,5.040577858714898,0.11281597526763562,ok,False,True,False,0
4915,3667475.3957573227,6.833263374732063,0.14279555439648545,ok,False,True,False,1
4916,3718774.1917042555,6.095768326460743,0.10986479875911037,ok,False,True,False,0
4917,3772582.7385599073,6.025753222523521,0.12611542651886945,ok,False,True,False,0
4918,4630817.4302896075,7.387767807606515,0.11456163825009935,ok,False,True,False,0
4919,3654703.1976861577,6.283657024641825,0.11900062732582217,ok,False,True,False,0
4920,4415160.764243737,5.458672618326404,0.11197794061190525,ok,False,True,False,0
4921,3595312.658888349,6.69998515575769,0.10083968057328674,ok,False,True,False,0
4922,2954199.321293613,4.784244721646737,0.12528718580255982,ok,False,True,False,0
4923,3608625.8757561757,3.874691658908713,0.11949300919237682,ok,False,True,False,0
4924,3617623.85366728,8.792059133388209,0.09381409113724137,ok,False,True,False,0
4925,3753647.72970761,7.0608690370759755,0.0956909567598073,ok,False,True,False,0
4926,3656391.534958758,5.13578240175356,0.10947733418575645,ok,False,True,False,0
4927,3795597.7271770444,14.464325560910966,0.1240624860369598,ok,False,True,False,0
4928,3670811.0617526458,6.176218626095115,0.08161796421228762,ok,False,True,False,0
4929,4462068.97218154,7.255996291781662,0.10667440889041013,ok,False,True,False,0
4930,3261364.380769941,4.482823858933218,0.11085191288187068,ok,False,True,False,0
4931,2349511.4431106183,3.7875331639604424,0.09945155220380952,ok,False,True,False,0
4932,4648841.893889008,32.63503008117638,0.15844240071972027,ok,False,True,False,1
4933,3597684.9121815907,5.997423952839064,0.15472310675509515,ok,False,True,False,1
4934,3616391.598346723,5.479953017776599,0.09536323685279335,ok,False,True,False,0
4935,4786498.041724575,10.535149725893904,0.10796705854179872,ok,False,True,False,0
4936,3585764.749189187,6.820420447007994,0.10994510155412762,ok,False,True,False,0
4937,3589698.2593007106,5.400498210448488,0.08546285535862824,ok,False,True,False,0
4938,3888384.2029087204,8.977640500419955,0.06990346088622723,ok,False,True,False,0
4939,2349511.4431106183,3.9970133456251817,0.15449802909726817,ok,False,True,False,1
4940,3158053.491710955,4.282722131626986,0.11880826043063009,ok,False,True,False,0
4941,3716464.430038085,6.402546993202782,0.10216289508665122,ok,False,True,False,0
4942,3803051.893654002,5.278970711921466,0.07486735294210578,ok,False,True,False,0
4943,3921916.0255608573,9.215331058594142,0.08584111787837098,ok,False,True,False,0
4944,4044364.4267376647,7.241681086387685,0.11537065519514422,ok,False,True,False,0
4945,2090177.9550635067,2.8700389012182086,0.14410488506187358,ok,False,True,False,1
4946,3822648.993136117,5.831646917658078,0.09868525631217978,ok,False,True,False,0
4947,2980790.490822688,4.477887525838492,0.09601205381439393,ok,False,True,False,0
4948,3610878.9180459166,7.978087132904801,0.08323857464739493,ok,False,True,False,0
4949,2678205.374785724,3.8465594679137536,0.1328507350253344,ok,False,True,False,0
4950,2142731.076122388,3.567795456170167,0.1020603439799943,ok,False,True,False,0
4951,3881226.8611578434,5.035666915093962,0.07346599835814033,ok,False,True,False,0
4952,4641177.851885131,13.617352912771757,0.13369929710208617,ok,False,True,False,0
4953,3652322.8939825096,4.408315246474764,0.06768316351693959,ok,False,True,False,0
4954,2342560.331742774,3.640298789434692,0.11512408706338717,ok,False,True,False,0
4955,3586944.809625084,7.572320581934521,0.07856817230127133,ok,False,True,False,0
4956,3636645.5630550575,5.771073797503451,0.07323671937148526,ok,False,True,False,0
4957,5503166.113637041,23.391921631120425,0.13592605493288712,ok,False,True,False,1
4958,3802518.644049281,8.034134289043056,0.15174400132131693,ok,False,True,False,1
4959,2581618.0750895645,4.091725424504622,0.1195004671385369,ok,False,True,False,0
4960,3594543.546391885,4.155281709573238,0.12640153541183752,ok,False,True,False,0
4961,3797032.1063014185,8.047330946793993,0.10382977142058214,ok,False,True,False,0
4962,3910809.7793210256,6.1309523102469745,0.07817520497209163,ok,False,True,False,0
4963,3663814.631772538,6.2606029460874355,0.058742949187243765,ok,False,True,False,0
4964,3748931.247578348,5.738638603881153,0.0874549276851011,ok,False,True,False,0
4965,5212974.352823916,8.142851922562665,0.15064855241151098,ok,False,True,False,1
4966,3592208.4966128496,5.721692686839434,0.09726028606196191,ok,False,True,False,0
4967,3795473.883112521,6.313449598628781,0.08927889645077225,ok,False,True,False,0
4968,2628545.67143199,4.603013839609512,0.12948497432910222,ok,False,True,False,0
4969,3618575.3495727004,5.322360332577569,0.12448262555769374,ok,False,True,False,0
4970,3712436.623502186,4.546352903206868,0.09698138256214217,ok,False,True,False,0
4971,2581618.0750895645,4.431704090976343,0.12515544439991022,ok,False,True,False,0
4972,2267725.2931199414,4.002865950269172,0.12454913287790381,ok,False,True,False,0
4973,2772356.9728852585,4.143067800340836,0.10408289494020517,ok,False,True,False,0
4974,3633923.9890247504,4.467701019335898,0.07709788308455418,ok,False,True,False,0
4975,3591990.8268263545,4.378680614105114,0.09478973514991329,ok,False,True,False,0
4976,2267725.2931199414,3.511918097171362,0.12489762646827396,ok,False,True,False,0
4977,3607459.2847322915,5.01998335344003,0.13522491469328246,ok,False,True,False,0
4978,3796504.336261088,5.544811422288881,0.0974340744968486,ok,False,True,False,0
4979,3729800.680337364,6.247013103505457,0.0783526710432747,ok,False,True,False,0
4980,3613273.1937943334,6.116187575716725,0.1079125552721849,ok,False,True,False,0
4981,2349511.4431106183,4.264022885003422,0.10682252749050394,ok,False,True,False,0
4982,3663626.234797087,5.329175676487777,0.11362959161583264,ok,False,True,False,0
4983,3653218.289135355,7.0286197986244785,0.09492952684464351,ok,False,True,False,0
4984,3596859.448725155,5.61387421349906,0.12050343702728061,ok,False,True,False,0
4985,4395382.3579198895,13.173689770616708,0.17136645569403625,ok,False,True,False,1
4986,3868317.2072735303,6.762439871748547,0.11585788969965416,ok,False,True,False,0
4987,2142731.076122388,3.0460683910585518,0.16189906673137452,ok,False,True,False,1
4988,3709143.192270201,8.242228992779893,0.08478893433070922,ok,False,True,False,0
4989,2349511.4431106183,3.6021792421303167,0.08800439532320213,ok,False,True,False,0
4990,3608147.919409722,5.286039799103502,0.14875496594300786,ok,False,True,False,1
4991,3261364.380769941,6.317401669070169,0.13225780075284665,ok,False,True,False,0
4992,3588444.525693135,4.888117055917332,0.064095155639392,ok,False,True,False,0
4993,4238755.857381695,12.500033843470431,0.10360601078056869,ok,False,True,False,0
4994,3593341.564396567,6.000411373769438,0.11483743298015192,ok,False,True,False,0
4995,3620976.4411503305,5.924796768789983,0.0834666465103866,ok,False,True,False,0
4996,3666556.8622628143,4.415978960270757,0.09290747579143471,ok,False,True,False,0
4997,2773471.102127803,4.127437584558489,0.1029986895057673,ok,False,True,False,0
4998,3590754.6724135536,5.785336998940196,0.08770279981668072,ok,False,True,False,0
4999,3704716.444996103,6.624034401991846,0.09176582186733506,ok,False,True,False,0
5000,3726763.243470865,6.338807849826282,0.05741173963483248,ok,False,True,False,0
