replicate,alpha,xmin,n_tail,distance,status,exceeds_observed
1,3.9285790175901059,2349719.955294122,45,0.13771547018980068,ok,1
2,4.7933096759919227,3599761.4446123429,20,0.14822834518986561,ok,1
3,6.9208560326634458,3712525.1807414209,18,0.074631177465946053,ok,0
4,5.991867777059503,3677665.7186555518,21,0.10550787937141293,ok,0
5,6.7482586769935589,3758125.2873680741,18,0.080491807092469614,ok,0
6,8.0100077365969842,4509830.3576840293,8,0.11672571115814157,ok,0
7,6.1556010736310185,3734865.1184728043,15,0.068486595380360921,ok,0
8,4.4983778328370168,3590620.1056507537,28,0.17739511287421172,ok,1
9,4.4255282704052679,3620737.6013528821,19,0.092569846552464696,ok,0
10,3.4903712445070458,2008285.8541831209,47,0.15469982531000309,ok,1
11,5.1013069404913489,3668948.478907526,14,0.086649182224843802,ok,0
12,10.122140841709152,3907425.7505958322,14,0.084514319862361742,ok,0
13,5.3947129294545419,3800962.9183938685,19,0.17012582807628163,ok,1
14,3.9225043655425003,2267725.2931199414,43,0.086193437514056725,ok,0
15,5.498872475363199,4255385.4743336802,6,0.12928550755321211,ok,0
16,5.26990354148972,3600746.8523218408,24,0.06546967766610684,ok,0
17,4.667156997822036,3679405.0895826928,23,0.090780536946746371,ok,0
18,7.988241907753892,3771746.091310685,15,0.13717560074088742,ok,1
19,7.4704556594255651,4236577.1129829194,13,0.084137636927599901,ok,0
20,3.3977869640291103,2267725.2931199414,40,0.10004908854831562,ok,0
21,3.3098512331914383,2357307.6858878741,36,0.11751487764256885,ok,0
22,3.995281268702298,2772356.9728852585,28,0.10876529609121002,ok,0
23,7.0374833173302695,3597340.5812795279,17,0.10448014425034857,ok,0
24,3.9309750838004782,4495030.5069574006,11,0.099884553043539159,ok,0
25,4.6919524866707238,3639635.2453739368,18,0.10833425125286289,ok,0
26,10.991687613178978,4251484.3076830097,14,0.12555618607165153,ok,0
27,5.6322541158454262,3793791.7847726494,19,0.12144316342013006,ok,0
28,7.6077060606949036,3950073.6062205723,19,0.11009811217946774,ok,0
29,5.352128206644001,3614565.7136233589,24,0.096241054217563349,ok,0
30,3.6865306430418499,2342560.3317427742,41,0.15659087847513881,ok,1
31,6.6449058966201582,3615918.6297297734,17,0.10048447859986454,ok,0
32,3.5473145423602883,2349511.4431106183,44,0.14896869202400054,ok,1
33,6.9164590716927012,3590888.360267038,19,0.067123212947733712,ok,0
34,7.5140877962571162,3600841.6903062835,22,0.053522271992339387,ok,0
35,3.3121985146851691,2267725.2931199414,39,0.11792573732234823,ok,0
36,5.1526898138486743,3589805.240422932,22,0.11162918614729456,ok,0
37,5.8016657485295324,3590645.4869359559,19,0.14085878629734772,ok,1
38,6.1091736832397876,3844384.1868132451,17,0.091613904612843688,ok,0
39,4.5225251664317154,3763463.8703946201,18,0.081830842322386688,ok,0
40,11.055786546472897,4643783.4780234573,8,0.13081523262402839,ok,0
41,9.70946070226735,3653252.5878125182,19,0.14674421479707733,ok,1
42,6.7673053152990432,3747836.1949137882,19,0.073320586573023316,ok,0
43,3.9682654395213417,2609060.0868099569,34,0.14133222478670182,ok,1
44,3.7122795550628696,2342560.3317427742,43,0.13571176873569601,ok,1
45,4.5871929698614471,3684335.40789166,21,0.13466993647664061,ok,0
46,6.8229813149831777,4152721.2651670151,13,0.087005909535544101,ok,0
47,9.4745530385824139,4259840.5994151747,10,0.094396885815823284,ok,0
48,6.2860946827292672,3634941.189590706,21,0.10983635507534084,ok,0
49,4.5135715380528314,3933542.0105124982,15,0.076694444569692988,ok,0
50,4.6855239178627155,3596404.0795797687,20,0.113411223543603,ok,0
51,10.025256247655086,3764979.4745059544,18,0.079185164576515865,ok,0
52,9.1173279080763017,4684317.8201858858,9,0.10422670006090262,ok,0
53,24.681583454694998,4202689.9315923974,7,0.11748045340434737,ok,0
54,5.9842542872869418,4016930.991065619,14,0.10905282866140387,ok,0
55,6.1988458346685666,3612203.8348925188,20,0.13176442656503173,ok,0
56,4.523280970119858,2980790.4908226882,24,0.12027364667879148,ok,0
57,7.8527736034865256,3629341.8987033078,15,0.095001696884819742,ok,0
58,12.459438621751755,4145022.7537796735,7,0.10439735031603969,ok,0
59,3.7358067793121799,2349511.4431106183,38,0.14491198239602326,ok,1
60,4.5094690883783795,3693156.0695194495,17,0.083787136066536039,ok,0
61,3.5997078006501577,2342560.3317427742,38,0.14410241511154509,ok,1
62,6.7997757789903712,3754233.5081775542,16,0.080484969064771983,ok,0
63,10.551321298091528,6060698.457285489,5,0.13061269694464661,ok,0
64,6.8333672260002398,3973777.7358404654,17,0.076056192946416967,ok,0
65,6.6125042450300855,3901324.6248498494,12,0.10222728422185789,ok,0
66,6.3120884107565551,4459504.5169162638,14,0.099436165360731965,ok,0
67,5.2804757346395235,3586241.1334185945,22,0.082442141771257138,ok,0
68,8.8222714091881791,3937847.8700117366,14,0.10531717225572845,ok,0
69,5.5515706178017572,3648394.7864595954,15,0.070483837020718643,ok,0
70,5.3768709114639179,4109630.8332709754,13,0.096234812880061416,ok,0
71,12.99852230720554,4825749.7466085684,9,0.094089414974670826,ok,0
72,5.8743624433336592,3620582.74876743,21,0.093047043799649232,ok,0
73,3.8037490624420318,3998699.4882652406,9,0.11897256394428879,ok,0
74,5.887427051743706,3821148.128268919,22,0.091669247563622824,ok,0
75,5.1996983666721279,3656359.8137169164,18,0.067490298947250171,ok,0
76,6.8515582627856428,4077783.7426552586,13,0.079626514036138851,ok,0
77,6.3264189267934636,3837574.4259455684,21,0.11130703961280958,ok,0
78,3.0529548913762943,2008285.8541831209,37,0.10945733486302356,ok,0
79,6.156810519885596,3619980.9515768681,14,0.094385175481658812,ok,0
80,9.5505993321663851,5413796.1549665965,8,0.13205338101040154,ok,0
81,3.6532808148958051,2267725.2931199414,42,0.11878574513949131,ok,0
82,3.6842971452462812,2349511.4431106183,39,0.11762430541610203,ok,0
83,3.9902437488040157,2267725.2931199414,41,0.09347725830309972,ok,0
84,6.5714212184154581,3943076.4636323527,18,0.16833143260101863,ok,1
85,7.3957931593812791,4131372.1214399594,11,0.083307504826057754,ok,0
86,4.5006879510996516,2349719.955294122,30,0.12446847846417755,ok,0
87,6.9300158269249552,5950141.9570124354,6,0.14464798132429013,ok,1
88,3.3910538174508553,2609060.0868099569,34,0.10209699586847543,ok,0
89,5.6583323651618356,3633618.2520232457,23,0.1267388335193369,ok,0
90,3.854786950926163,2342560.3317427742,42,0.13288776968899707,ok,0
91,5.3549255545448577,3591346.2961368659,13,0.091893832373241335,ok,0
92,4.3791835196673894,3817983.3838749109,16,0.081966260319493833,ok,0
93,5.9938844744816162,3730179.368823865,19,0.11781933342647188,ok,0
94,5.3863252602337912,3626451.5902624275,12,0.071899082076887888,ok,0
95,6.3712195538510255,3633438.1452800198,19,0.12100787727634088,ok,0
96,5.7432083928860189,3587531.0940391538,18,0.13994442495541598,ok,1
97,3.9240436011637141,3674128.302455442,19,0.093169905830156829,ok,0
98,6.3280706211232438,3601922.5896552838,18,0.099060967650935305,ok,0
99,5.0390607932290772,4345091.7201918401,15,0.077338593195621252,ok,0
100,7.2364342180025805,4060023.2434826568,12,0.11234629449453608,ok,0
101,3.9266529811927722,2678205.3747857241,30,0.11309435397510553,ok,0
102,7.5183573429284225,3878381.8199091307,15,0.10430927152577213,ok,0
103,5.8463786012209011,3637249.2460045372,16,0.1156085417902476,ok,0
104,5.032525035815425,3756854.9781965562,30,0.13165318245216723,ok,0
105,3.6577458134443699,2267725.2931199414,42,0.11327300584779554,ok,0
106,7.8469685926357906,3596422.5371502261,19,0.096023347803838921,ok,0
107,6.3506363540669071,3869805.0925407545,17,0.10620908169314119,ok,0
108,3.6998088634635167,2342560.3317427742,34,0.13012585761164625,ok,0
109,7.9101196340124131,3767643.2842243542,21,0.076471604191649667,ok,0
110,5.6509408970937063,3722433.3806742388,13,0.12634267152725553,ok,0
111,8.0651123559819773,3590021.743301928,18,0.14753472367181969,ok,1
112,4.980071659835744,4132527.7094128095,14,0.098858383811006867,ok,0
113,7.5035340761277691,3708032.2079361579,20,0.075851647539278255,ok,0
114,9.4843298272526759,3830820.7468362651,17,0.10129369310978975,ok,0
115,5.3219490002249179,3639882.0362087274,19,0.095494760074790297,ok,0
116,8.9081487704089177,4596269.9849060467,10,0.07777556474694125,ok,0
117,7.380020932686703,3719287.6512484252,16,0.1022800061496304,ok,0
118,5.7719395149724866,4173560.2693776297,19,0.11452459531206893,ok,0
119,3.7670401692910431,2342560.3317427742,40,0.15104724304840911,ok,1
120,6.1112870492014837,3771349.4117762144,14,0.12698594580476236,ok,0
121,3.0992212708090063,2090177.9550635067,35,0.15807678375486661,ok,1
122,5.34353354716096,3703604.4888656586,21,0.10451439516934335,ok,0
123,5.9428671703760942,3606666.0605692905,18,0.074240599525190132,ok,0
124,21.565774089758794,4243422.6240652604,7,0.14184999372206308,ok,1
125,4.2863754861777208,2773471.102127803,31,0.1042688965069305,ok,0
126,3.9427992149577165,2609060.0868099569,36,0.14274676284688226,ok,1
127,3.8380585701661518,2609060.0868099569,32,0.10589989690213819,ok,0
128,5.952316241412837,4384871.1240362162,15,0.10746353141798082,ok,0
129,7.9177169371011624,3605504.3449899373,16,0.14631255542462618,ok,1
130,6.8298908043334521,3691735.8515505996,22,0.088244309096704582,ok,0
131,4.9766978642376714,3596540.922659189,19,0.094579846724799466,ok,0
132,4.5264818779790801,3624229.673526851,26,0.090714943926205827,ok,0
133,4.5755057182505539,3905628.2471358976,9,0.14895638889182361,ok,1
134,6.3945355853996748,3619526.796173071,17,0.076803067975880379,ok,0
135,3.8941492427704278,2267725.2931199414,37,0.11877486955292271,ok,0
136,7.1742988975980815,3586860.2730944585,18,0.092249702108614273,ok,0
137,3.9775041967091194,3789928.9316720613,20,0.1031610835807073,ok,0
138,7.1764660892073753,3631027.9942112635,20,0.12042917838420708,ok,0
139,4.380837145461097,3644807.7629271555,17,0.11422969135963279,ok,0
140,6.0445695623981566,3624979.5325490055,24,0.12287106888960908,ok,0
141,6.2053029491016547,3597213.0511796465,21,0.09329019400202232,ok,0
142,3.0870140405034547,2008285.8541831209,43,0.15777552811343692,ok,1
143,4.8938175817701293,3623940.3055614983,19,0.074652450743757703,ok,0
144,3.6810976505986921,2342560.3317427742,41,0.13657228085179285,ok,1
145,7.564409459430264,3901413.3110752967,21,0.065237158958786901,ok,0
146,7.6747643117834752,4125119.6831465601,16,0.11481570388019258,ok,0
147,5.1197701825319832,4193341.4514427544,8,0.11521444931394342,ok,0
148,9.0984847357279559,4583130.4560127435,11,0.080295649032182115,ok,0
149,4.11264593388292,2773471.102127803,30,0.096127252835422394,ok,0
150,14.924427181704278,4172413.4752479936,10,0.13386497075363901,ok,0
151,6.0237661562982527,3832317.7216265146,20,0.11547051165054956,ok,0
152,7.5563477759816218,3692915.0375861088,16,0.12653135169906859,ok,0
153,5.7147182701378902,4237121.6991748996,17,0.122479240941618,ok,0
154,7.3488914238503602,3610207.4944290435,20,0.0790653422954809,ok,0
155,6.1421724795166774,4114325.5015508807,11,0.094925247206043617,ok,0
156,7.3943431302298261,4257498.8615624784,12,0.12577113210853075,ok,0
157,6.8481797208810713,3683480.7278979947,20,0.083785517742819213,ok,0
158,9.5115112084828457,4024424.6626783363,14,0.091609053851589128,ok,0
159,3.9658365871545653,3825843.8739128406,15,0.10456337096001239,ok,0
160,3.1444514514306006,4490610.8879168956,7,0.11859645441258826,ok,0
161,6.3897443575195911,4356180.5203436818,7,0.11221636299576832,ok,0
162,8.7417001518978648,4035756.2614471512,14,0.1318722480778084,ok,0
163,12.854263553058194,4605347.0619290825,10,0.15060369460418566,ok,1
164,4.1114987467002582,2349719.955294122,35,0.10359745105944806,ok,0
165,6.112467457246396,3594066.0140765538,17,0.11878724358640669,ok,0
166,6.760865602652264,3694091.3732425878,15,0.096613183790878354,ok,0
167,9.54941736063744,4507600.8198531847,10,0.089228046368272362,ok,0
168,6.9131537425335621,3587329.0312909372,17,0.059008338087471301,ok,0
169,4.2459623793615835,3635067.333938871,21,0.10336369981112414,ok,0
170,5.220980106185344,3653011.1921285717,17,0.075483027561473182,ok,0
171,4.2033176369043677,4146242.2003559568,7,0.12084782179634357,ok,0
172,3.9222689128921386,2342560.3317427742,40,0.094771204134069476,ok,0
173,5.8185024178566396,3611395.1230427842,22,0.13610393167261003,ok,1
174,6.7764387758655769,3626876.2345942231,16,0.091713384403429687,ok,0
175,5.3863948240013029,3633829.1885857051,21,0.12169903284425276,ok,0
176,3.8743347932408323,2349511.4431106183,44,0.10415961052150578,ok,0
177,6.5033977917982861,3828437.4569571735,15,0.11251004489868222,ok,0
178,3.3616392258869605,2267725.2931199414,42,0.13970990452899862,ok,1
179,7.0365393036499189,3714042.9552822784,22,0.098185545814857278,ok,0
180,5.3432660191721029,3636620.4153640387,21,0.11208051130205204,ok,0
181,6.9167366886861981,3659649.046118231,22,0.13163336813288007,ok,0
182,7.6235581133123489,3640358.9216078077,21,0.15561860654657361,ok,1
183,3.3069673511342526,2267725.2931199414,40,0.12246641586653051,ok,0
184,6.346193975620225,3880570.9580024411,19,0.11504182535994051,ok,0
185,5.7538835163880373,3689731.6512831324,19,0.088162726774222433,ok,0
186,3.5554668572024344,3158053.4917109548,20,0.08105312285400218,ok,0
187,6.0285793235390317,3647151.437525786,18,0.14992087729457015,ok,1
188,6.4007286916447175,3661388.2497974504,26,0.12623085581667992,ok,0
189,4.4810180421498522,3598798.6166917351,17,0.10142526403105773,ok,0
190,9.5152614929402457,3722900.3500940525,17,0.13492092609711415,ok,0
191,4.9977437030507872,3648639.5554328668,21,0.12943987717396921,ok,0
192,6.5471342501933805,3661848.6950160521,18,0.079937787019386308,ok,0
193,8.5349683205010258,4169896.0825237203,14,0.0880357000065074,ok,0
194,7.183412721593184,3710879.6542477775,19,0.081250908058112525,ok,0
195,5.7331886514179589,3698461.3460270548,20,0.097245052834540768,ok,0
196,6.9313010889940756,4320407.7380479332,13,0.08881117044164577,ok,0
197,3.7386953114285606,2267725.2931199414,39,0.11836198651098773,ok,0
198,6.6994034210444537,3742836.7873547762,12,0.089977958889912335,ok,0
199,7.7084777002166796,3997156.5692055118,15,0.059428627315537774,ok,0
200,3.6470723583920908,2142731.0761223878,43,0.14046896681745391,ok,1
201,6.2001779295603869,3867631.7498917491,9,0.091463564402271547,ok,0
202,4.4654405362887708,2772356.9728852585,29,0.094156120526836196,ok,0
203,4.5801084219223149,3686945.8415405373,15,0.082625195622734293,ok,0
204,9.4155166968216335,3882864.75411447,11,0.11684542910676349,ok,0
205,4.7746147272665116,3591401.1798095983,16,0.097004015800573495,ok,0
206,4.4924979053586185,3654570.6134288367,20,0.073427924697249458,ok,0
207,3.9014732192976291,2267725.2931199414,41,0.15403916047835992,ok,1
208,4.6915244587011546,3663281.1282345415,20,0.090067069975366731,ok,0
209,23.806311570888585,5189314.7840179978,6,0.12556521115574548,ok,0
210,5.155983291437086,4630872.989693555,13,0.089564760914832675,ok,0
211,6.3868459892904257,3606883.2269823602,20,0.081511756340622799,ok,0
212,13.959569834388036,4904827.6424798816,5,0.15447824362232543,ok,1
213,3.9490634042852237,2581618.0750895645,36,0.10721525610303299,ok,0
214,4.1473498223142027,2609060.0868099569,28,0.12964110876915835,ok,0
215,3.4372528108577889,4046063.8975382689,10,0.091728248556728342,ok,0
216,3.7151035005647381,2267725.2931199414,42,0.12487823538423959,ok,0
217,5.483460678605435,3617074.6881073266,19,0.13020082365013241,ok,0
218,10.025704891067743,4215783.6711370619,13,0.13460222949195955,ok,0
219,3.5331561341280486,2142731.0761223878,42,0.12564360627266724,ok,0
220,8.0835221035222702,3869909.360317295,17,0.091099313492768619,ok,0
221,5.5391099278588438,3617271.6891132947,19,0.091865355125584469,ok,0
222,3.8492037854992214,2267725.2931199414,44,0.1042836960845899,ok,0
223,4.6280501197931976,3856287.619604107,20,0.10752155876402858,ok,0
224,8.2007628982615692,3969419.8189518373,15,0.095676109903776119,ok,0
225,5.3275152206483796,3944528.0710923336,20,0.070969239090725056,ok,0
226,3.73466726706256,2357307.6858878741,33,0.13735920182350603,ok,1
227,4.4335687901377412,3739491.5558094215,15,0.0916530136859669,ok,0
228,5.9545434206423939,3795791.3465230367,13,0.15994889923026723,ok,1
229,6.4986438080008266,3588607.4489277988,16,0.11676644663505042,ok,0
230,5.6701044638642761,3612605.1039256477,18,0.089459247677493914,ok,0
231,7.6670716533116199,3770592.7306315568,13,0.13641167669814597,ok,1
232,6.3307043348334187,3601170.7264113263,20,0.16169286869818833,ok,1
233,24.408828624433234,5231810.8567164,6,0.1328524386609819,ok,0
234,4.2502368976825284,2628545.6714319899,32,0.12785459452889825,ok,0
235,3.7513774617936377,2349719.955294122,38,0.13563092197827686,ok,1
236,17.666873230707367,4845679.307203793,7,0.10799905684293121,ok,0
237,7.9112763378673865,4100421.7687903321,16,0.13305389908062037,ok,0
238,6.0037291569727342,3705177.3802077738,22,0.077436671680260472,ok,0
239,7.3971921152893296,3630525.6679989817,19,0.10652084062235595,ok,0
240,5.9381582601542622,3617078.5748287165,24,0.1648576289627407,ok,1
241,5.3552368257498575,3625771.9806013843,25,0.10232059567802987,ok,0
242,9.0343836219475318,4473881.1108646123,6,0.11578435852158098,ok,0
243,9.1079863917729256,4380766.4476406556,8,0.11107805188689612,ok,0
244,6.1237076033610656,3593977.1439802288,19,0.11157441463314721,ok,0
245,3.8938700123732879,2349511.4431106183,38,0.15636082737148238,ok,1
246,3.697431313796784,2342560.3317427742,37,0.10874243768191527,ok,0
247,6.8308119361541495,3604742.0896922671,17,0.11304619760540235,ok,0
248,4.3654841507423381,3706644.535206032,26,0.075935472504563006,ok,0
249,3.5247135080362004,2349719.955294122,41,0.11325070413156724,ok,0
250,5.4517696640667808,3662319.0820056656,18,0.10189382577378348,ok,0
251,3.4129309629408011,2142731.0761223878,44,0.1026662614683849,ok,0
252,4.0654746478715129,3261364.380769941,24,0.13330532956690888,ok,0
253,6.0894781131792124,4115921.6730021141,11,0.10897606624343392,ok,0
254,4.8459879861554267,3666941.8774394463,17,0.10830053600618261,ok,0
255,4.0331866932761686,2581618.0750895645,29,0.095113672613062694,ok,0
256,5.013942187428869,3835207.8158358126,14,0.086476579346180249,ok,0
257,4.1835440489474314,2628545.6714319899,34,0.12656754418060212,ok,0
258,5.9786709608340294,3622310.570307144,23,0.11936700312917453,ok,0
259,5.8082836274433634,3739370.987437177,17,0.12390704664627505,ok,0
260,3.6699657741235923,2581618.0750895645,40,0.12606352219704953,ok,0
261,5.0275131886858029,3667385.3420189614,18,0.099076769983845459,ok,0
262,3.5660745210113189,2090177.9550635067,38,0.10982537370889192,ok,0
263,4.1169208218019477,3752284.663026548,21,0.072572066622676124,ok,0
264,5.0846013389202698,4107361.8558354429,12,0.13222735896855647,ok,0
265,9.7659014026890834,4218915.1078858394,11,0.12313552200688438,ok,0
266,3.9664793991931213,2267725.2931199414,39,0.11567015878014525,ok,0
267,4.8175049447549672,3611036.2763375584,19,0.11107218074510961,ok,0
268,4.7308418553366156,2628545.6714319899,33,0.1107601661133043,ok,0
269,4.6054737051887322,3598425.0792751899,26,0.092787875834682954,ok,0
270,5.9997892892608595,3635108.3467603433,21,0.10673337355784496,ok,0
271,3.4305339503572356,2090177.9550635067,38,0.15344288840491901,ok,1
272,27.121497022822084,6117080.5761247622,5,0.15260940378197707,ok,1
273,12.975392844595543,4122720.2810007795,16,0.082863834602830089,ok,0
274,4.6081123254263368,3591769.5400974886,18,0.11123287293075634,ok,0
275,13.550713832265451,4388542.0586654721,8,0.12881457946760022,ok,0
276,7.109668607161991,4450261.260245434,13,0.11413318461584754,ok,0
277,4.0769566064820397,2628545.6714319899,36,0.070875857636034989,ok,0
278,5.3212776383334743,3595180.293222791,22,0.095871757392775925,ok,0
279,4.4240835770912241,3662746.6257160907,23,0.11798498644364791,ok,0
280,3.4085962404594952,2980790.4908226882,27,0.10810959527599556,ok,0
281,8.0549168289626714,4219572.7980284933,13,0.13223411010844688,ok,0
282,6.231245448919533,3646406.3149255333,10,0.090380663355828783,ok,0
283,4.5310661247865536,3733567.9806592478,19,0.10114637841051144,ok,0
284,3.9044777444791099,2342560.3317427742,38,0.12448277536486091,ok,0
285,5.3352771891815598,3651411.2947466974,17,0.12417304146365027,ok,0
286,5.8952067533963994,3957526.4046798875,17,0.11707209861963486,ok,0
287,6.2478839039962466,4411513.6945200106,15,0.073645941450428298,ok,0
288,3.4160045829882368,2342560.3317427742,40,0.10406070825957353,ok,0
289,5.4159208648561643,3606775.4629238294,23,0.1187736940812093,ok,0
290,7.7687330407055164,3628119.3970708521,18,0.12351701378359492,ok,0
291,13.994263702466712,3963142.3287484688,10,0.090647718486844497,ok,0
292,5.6792343542383659,3594967.5227532648,19,0.083529229969104835,ok,0
293,3.7754666471047797,2142731.0761223878,42,0.13111623419046203,ok,0
294,3.842123524134831,2349511.4431106183,35,0.12928217106169693,ok,0
295,3.8531656721528611,2267725.2931199414,41,0.099505907893939649,ok,0
296,7.0428610425918432,3617346.0532193435,24,0.075788211532291705,ok,0
297,7.1709140514542886,3700258.6444612457,20,0.066161111494041358,ok,0
298,2.9798176106743206,2008285.8541831209,46,0.096663763021677895,ok,0
299,3.6646100437190094,2581618.0750895645,24,0.072067594756330178,ok,0
300,5.5460370288039078,4174412.3718211548,9,0.11887585815883794,ok,0
301,4.6690273318762383,3819532.1893896577,21,0.11998064605379405,ok,0
302,12.456729881430272,4260916.1951306397,10,0.13156495503958188,ok,0
303,4.3241819207788783,3599404.1268048347,19,0.075418034912231202,ok,0
304,8.2672804711321746,4536692.1912016887,11,0.087126109194909956,ok,0
305,10.098120187281211,3617559.9024221096,16,0.10593719807074675,ok,0
306,6.9262463718002749,4276848.6101657944,11,0.13558162662721807,ok,1
307,6.4121167922856781,3638788.1065931572,17,0.12235658032024921,ok,0
308,4.0139749465011541,2267725.2931199414,44,0.12284510688793759,ok,0
309,4.6770866902472026,3648440.1215689699,23,0.12475186477379863,ok,0
310,3.3088120246822061,2342560.3317427742,34,0.1585452363162424,ok,1
311,4.0702695842747039,2773471.102127803,29,0.14569998708887189,ok,1
312,3.7397335856528042,2267725.2931199414,40,0.11566875170385893,ok,0
313,9.8452955192271077,4230869.8935864437,12,0.13848049147020114,ok,1
314,6.1591311427945099,3667026.3358250302,16,0.12270607519987531,ok,0
315,4.3797780213806732,2581618.0750895645,37,0.081081081081081086,ok,0
316,3.3795266524392233,2090177.9550635067,45,0.12592102911129288,ok,0
317,6.3423965467781089,3607777.8609728417,22,0.069652571186735068,ok,0
318,6.6256231754143489,4129096.2034918489,16,0.11229209928771045,ok,0
319,5.5317694472340273,3610868.0262139128,17,0.116803919440224,ok,0
320,7.8538496210511992,4042487.9612228414,16,0.12003057641003467,ok,0
321,4.8836408873353925,3654114.1665629684,22,0.085523124440800791,ok,0
322,5.0706183750297162,5176466.8378551733,8,0.10868133146808145,ok,0
323,6.9157119842671424,3635668.9228911283,27,0.076221558862642536,ok,0
324,5.981464617549495,3614213.3375898898,18,0.10688707472221684,ok,0
325,7.1402725123135449,4985888.1237172727,9,0.085009487900125635,ok,0
326,3.7827664405273436,3663414.7747001713,20,0.10993994495990789,ok,0
327,3.7906078530618523,2342560.3317427742,40,0.15004309995264176,ok,1
328,3.7611807847942087,2786813.40424396,25,0.11220885426920946,ok,0
329,4.9178629007674441,3751303.7686534189,20,0.10433514229315199,ok,0
330,7.2507432427093566,3638828.1541310446,18,0.10809684171518419,ok,0
331,6.5564968440329743,3609603.1143498626,18,0.13683835517170073,ok,1
332,5.916520380705113,4425550.2268662201,16,0.081557334524446468,ok,0
333,4.0464441593969216,3664502.2871718733,19,0.0749423866341139,ok,0
334,3.724367885188995,2609060.0868099569,37,0.15443979690064291,ok,1
335,5.2982608339278308,3619354.6882000435,21,0.10770846557877345,ok,0
336,9.5717282372288199,4501234.9582097335,10,0.095116446366433349,ok,0
337,6.8221603811117246,3608475.7866053507,16,0.12088331194635071,ok,0
338,4.7255088902308522,3596655.8501876635,20,0.11946247825758471,ok,0
339,6.3208088299958396,5426950.1757285325,9,0.099829679044504682,ok,0
340,4.1931045198098928,2267725.2931199414,46,0.13412644533546303,ok,0
341,3.700257309693332,2342560.3317427742,37,0.12222466782337488,ok,0
342,6.8832017345920491,3630077.2914707805,22,0.10291495031379405,ok,0
343,5.5259190819907626,3820220.9007721059,17,0.11754719193227081,ok,0
344,3.6868144127231757,2349511.4431106183,41,0.10146443166686908,ok,0
345,6.4922212143268148,3590008.4213671386,18,0.10099325226017131,ok,0
346,4.5162357552079957,4221037.7634917051,9,0.094161626956486888,ok,0
347,6.1508868712237543,3661748.9854336637,17,0.066298836670033778,ok,0
348,6.0996129819703047,3627060.8519038777,15,0.13469220037128349,ok,0
349,5.2745318135289114,3659008.1761827036,21,0.10301727261993232,ok,0
350,6.00925230479465,3587652.2653152253,24,0.14329360799016466,ok,1
351,3.2801660891355677,2142731.0761223878,41,0.13171920096094902,ok,0
352,8.0757291973539544,4151320.9797676811,17,0.074533978776757936,ok,0
353,3.638096369562883,2267725.2931199414,42,0.14510132293128025,ok,1
354,7.4221217653871809,3627808.328452508,19,0.084117279499206221,ok,0
355,5.0292352163938894,3685376.9975780547,21,0.096151426382222072,ok,0
356,3.5106797637645037,2342560.3317427742,36,0.10813024119979925,ok,0
357,6.1331670194232419,3648990.8235263396,18,0.10707746680530772,ok,0
358,5.3633943441398264,3605723.9469820634,26,0.10175048384253949,ok,0
359,3.8356547405295642,2267725.2931199414,40,0.10651018724365868,ok,0
360,6.1053310457958432,3590343.9226492168,23,0.08738625859749527,ok,0
361,7.1634678992284631,3605432.6792305056,17,0.11847357159392879,ok,0
362,5.8518772440728055,3605722.5996168558,24,0.092330503717788615,ok,0
363,5.5695028341886719,3630971.6194481486,23,0.1172308665118279,ok,0
364,5.6374153397246491,3662019.158622331,22,0.079977515628883888,ok,0
365,3.8888348211334116,2357307.6858878741,33,0.12365919084033594,ok,0
366,5.8779742842292428,3672332.5860730945,16,0.11734156947667929,ok,0
367,5.697284806067783,3613224.9000157621,24,0.13666069428561223,ok,1
368,6.2253540719540004,4283667.8839624207,10,0.095302482548656281,ok,0
369,5.7015608801187296,3597678.3736555004,16,0.097621503790414899,ok,0
370,8.8208549665035889,5269070.5081301853,6,0.12474281632889317,ok,0
371,5.4519111969717784,3684242.6755857361,18,0.10995441855346522,ok,0
372,3.7994536589943713,2342560.3317427742,37,0.11751404331330395,ok,0
373,6.0026390794741218,3772588.4364280673,18,0.13945290199898019,ok,1
374,6.4499130083656722,3634174.1550611844,21,0.14921363234176532,ok,1
375,4.3120116241468747,2581618.0750895645,35,0.0802460370818322,ok,0
376,8.4851502210973777,3825959.4967202921,17,0.13215997858308393,ok,0
377,5.0430142714687554,3703758.1611597147,20,0.1420390795290698,ok,1
378,6.7051153793306071,3587907.5222421926,18,0.12358608876565658,ok,0
379,5.3063642368274442,3700627.1446878598,18,0.079804975792395094,ok,0
380,4.0927369270625213,3737920.4631830305,14,0.081253021271858572,ok,0
381,3.9402862320209868,2342560.3317427742,41,0.177871431271032,ok,1
382,5.3573280194116375,3669904.5638693869,20,0.079350739229598344,ok,0
383,4.3514401505488607,3628673.9374047299,16,0.079760171636164667,ok,0
384,5.4758988627560807,3871965.3640735601,12,0.12646281288385663,ok,0
385,3.6517852319881143,2267725.2931199414,40,0.092761445461652992,ok,0
386,9.6054342214203583,4060883.7772658644,12,0.074437270763286989,ok,0
387,5.1360299937015812,3701413.4862560844,17,0.052937861568878142,ok,0
388,6.1446220203441451,4500169.3439278565,11,0.12158230396106284,ok,0
389,8.4765259271627471,3607705.2693117564,19,0.15870588421545329,ok,1
390,6.123396892845629,3585791.7740709269,27,0.12362152076761057,ok,0
391,6.0397417378675406,3586274.3869771669,17,0.087435352709249181,ok,0
392,9.0695133887357571,4654734.6802815823,14,0.13485134895845197,ok,0
393,6.2382746113807137,4470621.4473488731,9,0.099617211866573685,ok,0
394,9.1519323591937134,3833102.4506436526,14,0.099028253689819379,ok,0
395,4.5088962054801431,2342560.3317427742,39,0.10942974798653751,ok,0
396,3.7315567243209928,2349719.955294122,36,0.093552326834352884,ok,0
397,4.2553967180151169,2342560.3317427742,37,0.11654919968697686,ok,0
398,3.8449681820226123,3885430.622358772,18,0.089122399296033605,ok,0
399,17.844480077673254,5076151.9789472204,6,0.13895139491136932,ok,1
400,6.4988629919609995,3648947.8682378861,18,0.10399881240133346,ok,0
401,6.4213947019149762,4205287.4546048772,19,0.077809535282993836,ok,0
402,4.2801740981876826,3816012.2217718684,18,0.092766416178760469,ok,0
403,5.156872605537612,3634226.6731563392,18,0.12321855710924889,ok,0
404,12.833604158327057,4695581.5941499854,10,0.18808251882247939,ok,1
405,6.4179816799115033,3625950.4059447115,18,0.14004011345093648,ok,1
406,6.6591630433454574,4200536.6732339719,11,0.10317659108554766,ok,0
407,6.5070613003993598,3765723.5133538246,9,0.091805819421112211,ok,0
408,4.0619583436460429,3634005.2980962982,19,0.14138022057519939,ok,1
409,8.7601853885197407,3627003.7139777835,20,0.089125386513292382,ok,0
410,7.4439729876715202,3628491.7688684696,19,0.13886038617904806,ok,1
411,3.0913538392735851,2267725.2931199414,36,0.11716751230221123,ok,0
412,4.3147811309698447,2628545.6714319899,31,0.13625275003865445,ok,1
413,4.730186873453226,4127657.8293539681,11,0.097952697330600635,ok,0
414,10.045877442825294,4185110.9560411344,12,0.1053833576233989,ok,0
415,5.8130475274630626,3617720.2819524095,18,0.11609110247736415,ok,0
416,7.0324361687974513,3698277.3283965937,22,0.10872696576779173,ok,0
417,3.3131526840372136,2142731.0761223878,44,0.13075543799308692,ok,0
418,6.5817936958341656,3710338.9641512851,18,0.11900494549876312,ok,0
419,3.9952182045740336,2342560.3317427742,38,0.094627680153766824,ok,0
420,5.9002449329912245,3859509.4035728853,17,0.072670286441337439,ok,0
421,6.1177087580941585,4765781.7089704936,7,0.10826623552795678,ok,0
422,3.8396835523379043,3261364.380769941,25,0.10544460636719799,ok,0
423,5.8132640968528895,3637821.4347418295,20,0.078728097407477216,ok,0
424,6.7337417916196927,3655311.8350913641,12,0.10632812601916231,ok,0
425,7.960540654166973,3589332.3242364815,19,0.14369137027418982,ok,1
426,5.3664653599365266,3610523.0263907476,18,0.074680261275723359,ok,0
427,5.5480845911258827,4280235.2920468161,16,0.14649977675234871,ok,1
428,7.0156612547213184,3586103.602088511,17,0.13453248437262671,ok,0
429,4.7108431156455204,3634221.2759913504,27,0.087755445624765005,ok,0
430,3.3917585534364871,2267725.2931199414,40,0.11731923461369986,ok,0
431,3.4849149142095293,2773471.102127803,33,0.089043408615638531,ok,0
432,12.626162840504801,4444823.6608767416,9,0.1536449354971941,ok,1
433,3.6092997122408019,3727222.4440052374,12,0.13382265239655888,ok,0
434,4.8177479460559969,3631410.8999587572,18,0.13741569265607639,ok,1
435,9.6430978615895189,4081046.2039218484,15,0.11029157503290932,ok,0
436,5.4922320014549264,3594698.6553667402,18,0.086112766361048809,ok,0
437,5.0243210775996801,3591728.1631069705,25,0.092641528695860287,ok,0
438,7.0808616756129146,3616386.4045537286,17,0.15106758665806808,ok,1
439,3.3264474297175881,2090177.9550635067,42,0.10995581127501708,ok,0
440,5.8824451054401106,3596549.8510768902,23,0.12765011635293844,ok,0
441,3.2234275380328041,2581618.0750895645,32,0.10044537316434665,ok,0
442,6.6723770810707714,3627261.8864330612,20,0.16004123890785305,ok,1
443,6.2587027072697134,3931261.4931418705,17,0.085918958928173028,ok,0
444,6.345802654279014,3603723.2573022512,21,0.088549520073451959,ok,0
445,6.8686775385966898,3642319.1836282583,18,0.11266046158091725,ok,0
446,3.3464797128992405,2142731.0761223878,41,0.094446546926148067,ok,0
447,3.9249584930167987,3158053.4917109548,28,0.1527028812136707,ok,1
448,4.831649242353345,4369057.5079226736,14,0.10226558184604262,ok,0
449,7.3410973978110556,3609285.72998812,15,0.12202033998040496,ok,0
450,10.745776468554137,4812707.6084484579,8,0.17488176744828543,ok,1
451,5.840089600623938,3601381.9847243205,20,0.11404073672043435,ok,0
452,5.1846139547994001,3645514.8083980465,22,0.099294233037235169,ok,0
453,5.1428942238700346,3597579.6307452698,23,0.095876105669127965,ok,0
454,3.7085311233849918,4308834.2870346643,7,0.12799761010427346,ok,0
455,7.3785599373307331,4331030.6249775812,8,0.10671902361683017,ok,0
456,4.4740288005074671,3636669.1463709651,19,0.059610716558836596,ok,0
457,5.1716274550576875,3605976.8128620079,21,0.095731003913997803,ok,0
458,5.7819031134329606,3612390.5131793455,17,0.1127367421410308,ok,0
459,5.2526509867379669,3646244.3030855949,18,0.10020070058464858,ok,0
460,6.6963724530076476,4286938.5982610444,15,0.13833663181591105,ok,1
461,5.2517957027043289,3676012.9503743551,18,0.084280049869251306,ok,0
462,3.6152933899827469,2342560.3317427742,42,0.14203518101274695,ok,1
463,7.863183965175101,3892986.1943788459,15,0.12093817369045189,ok,0
464,4.0820139236035153,2678205.3747857241,31,0.14605242278192271,ok,1
465,5.9280292223689059,3972740.1767831095,15,0.1045367512862625,ok,0
466,9.2066782235355742,3596110.9071952254,17,0.078880538513862786,ok,0
467,17.500539265325575,4557846.7488232246,6,0.13181314894099416,ok,0
468,3.5114746914811006,2267725.2931199414,40,0.11700341425054728,ok,0
469,3.3939607486232424,2267725.2931199414,41,0.093197328191144457,ok,0
470,3.8409833633565955,3938205.7305725343,12,0.091980151201390026,ok,0
471,6.6578265584675558,3624146.3315399019,20,0.075633629616487563,ok,0
472,5.1570809727618396,3614024.5396459671,25,0.13947118518581103,ok,1
473,8.1138647377702036,3626616.0630962146,19,0.15861363611419843,ok,1
474,5.3889847088884135,3645217.9441012559,24,0.077885585432429627,ok,0
475,11.379538552827611,3674875.3227683739,19,0.13088017761385329,ok,0
476,3.9261963692649871,2342560.3317427742,43,0.13821429160009979,ok,1
477,7.259408132131532,3876721.8242765502,16,0.13114463135725507,ok,0
478,7.156531807143792,4138660.0854022074,14,0.09665848130994148,ok,0
479,7.5416779246067351,4181284.1136533059,10,0.10036679552254002,ok,0
480,9.0346375843994426,3611869.4910907061,20,0.11687533936614469,ok,0
481,3.5899151863062344,2349511.4431106183,40,0.12403663608989801,ok,0
482,2.9927203464338179,2090177.9550635067,41,0.1308221317583117,ok,0
483,5.2353236305815845,3683682.4480184298,21,0.10305496545514448,ok,0
484,10.179307964105584,5100991.0117163602,8,0.11424002187725557,ok,0
485,7.0477163567617067,4296510.4449348254,11,0.099452159760864078,ok,0
486,9.4941513330884568,4470781.3636242012,12,0.15863429076037694,ok,1
487,4.147278896694937,2267725.2931199414,37,0.11881183916536642,ok,0
488,4.5157573214174178,3747824.3959956337,26,0.091262485856956621,ok,0
489,5.624232781155702,3846705.0221713679,18,0.13203720653268936,ok,0
490,5.0375356603003478,3605037.2718146495,22,0.13920279660368851,ok,1
491,4.5887129349859244,3805106.0688149072,15,0.12095287391827242,ok,0
492,6.2249758138260143,3590135.1145161092,22,0.083394661339916243,ok,0
493,6.9739651915411738,3958579.0485804505,15,0.11374130994570808,ok,0
494,7.9849050705671241,4000384.3188109887,16,0.058196408676102651,ok,0
495,5.942946989287158,3848259.223050124,12,0.085695391812210753,ok,0
496,6.0032433133981602,3865871.2166717146,16,0.096929520054419793,ok,0
497,7.4945704964158155,3630784.8299103826,22,0.14951304459274606,ok,1
498,5.4529351107243889,3602404.6167145693,17,0.10725109080955131,ok,0
499,5.6951512663394555,3752017.906501208,16,0.089453369592063403,ok,0
500,3.4855286656246278,2267725.2931199414,43,0.1015480468211305,ok,0
501,5.3519567361222382,3604175.9453906966,22,0.15981946734236074,ok,1
502,7.3454184861212344,3621112.7440521442,18,0.080732847649890471,ok,0
503,6.2298893178874071,3969486.840685972,11,0.10767922828721077,ok,0
504,4.2477131744621914,3832449.2342078383,24,0.11338507153890498,ok,0
505,5.61417673895762,3626287.1640424849,21,0.1085102576954734,ok,0
506,5.7046973368557055,3633688.7092233347,13,0.11373061151724828,ok,0
507,10.089942765528143,4331085.6592876483,11,0.13648726968493496,ok,1
508,8.539987813525773,4368921.7838976346,11,0.14918089198426066,ok,1
509,3.9837998480173979,3886219.9444875964,13,0.076444646013004269,ok,0
510,3.0755956535287297,2267725.2931199414,39,0.11361301918963895,ok,0
511,27.334346457012078,4345575.2482276773,7,0.14580450736944484,ok,1
512,6.8412017562979912,3595362.1055945959,17,0.08498091658450474,ok,0
513,5.6346654428252325,4117915.1853440069,16,0.12012929474190026,ok,0
514,3.8299098704199959,2349511.4431106183,42,0.10971665049931398,ok,0
515,5.8051109355491644,3936200.3528868314,16,0.091024069837726596,ok,0
516,5.7160866991538386,3593232.8634597622,16,0.089368253184473612,ok,0
517,3.7769858805387506,2349511.4431106183,43,0.11540094578470139,ok,0
518,3.4521015456684929,2349511.4431106183,40,0.10120173725461745,ok,0
519,7.2629860162877788,3700792.5899559846,15,0.10673407012823144,ok,0
520,8.2068614739350405,3680695.7099658414,22,0.090520915981562144,ok,0
521,5.5792589397773575,3605995.926357192,17,0.11356896320236737,ok,0
522,9.7692029679407781,3964770.9223451745,10,0.087511482258840201,ok,0
523,6.3128922369846752,3928595.4227109225,15,0.059370525166113963,ok,0
524,5.9494283203713243,4031883.5081822569,22,0.080172052141484734,ok,0
525,8.0865061395966062,3830115.923601822,17,0.083415266054061715,ok,0
526,5.3402528728288914,3687982.4394510337,18,0.073634153827948134,ok,0
527,5.6548681434991162,3748615.3150652428,12,0.10601014667364717,ok,0
528,4.922455260476748,2954199.3212936129,29,0.11113397212051668,ok,0
529,3.9631105953153312,2349511.4431106183,42,0.12052606246132469,ok,0
530,3.8950432118927441,2349511.4431106183,40,0.16302504986947225,ok,1
531,4.0827069008795593,3860267.0692405608,15,0.070103288459616886,ok,0
532,6.5154946496638564,4395701.9079089072,11,0.11604147682657429,ok,0
533,4.2230076182775491,3620047.0294315363,19,0.055605622812756383,ok,0
534,6.50779613416932,3969218.8667634116,13,0.085774569173629245,ok,0
535,5.7573495768195944,3655088.1921635973,19,0.070837355221796017,ok,0
536,4.3386947121088797,2581618.0750895645,34,0.097725742916003833,ok,0
537,5.8883750912362407,3656972.4343232093,19,0.13597547170478608,ok,1
538,9.8833842350989034,3585989.9558662996,22,0.10674174861956021,ok,0
539,6.6347591036595235,4235197.324274946,10,0.096245352348252822,ok,0
540,5.1967241942525098,3609417.3814833877,21,0.10281700224075813,ok,0
541,7.3253834883903188,4060144.1354915337,10,0.08787197843508554,ok,0
542,4.3670019834070537,3928653.0269292369,8,0.13115844261333787,ok,0
543,10.571730902686836,3960831.1743379408,16,0.10281391114841587,ok,0
544,10.33093837358463,3705603.7079287521,14,0.11001986007998277,ok,0
545,8.829866349079925,3753551.4375557927,8,0.091920751437981174,ok,0
546,4.9487980404907042,3668497.5345544727,16,0.11229886687599944,ok,0
547,4.5685122862643954,3712513.7628836739,13,0.099844387595925177,ok,0
548,5.8404585771119653,3602764.0174313276,19,0.098221310907773529,ok,0
549,4.6045673764998973,3797602.1260400522,11,0.084011989095174822,ok,0
550,5.9455497996688553,3825131.432205582,19,0.10739819695942054,ok,0
551,6.695525539292011,3881775.729440813,16,0.077619792353825323,ok,0
552,7.4892824198243746,4195896.1049352139,13,0.13053942880439429,ok,0
553,5.2077743798971161,3961422.4477405869,15,0.10755589569605237,ok,0
554,6.2342716121500716,3599753.6042459845,17,0.092479587155843812,ok,0
555,3.9619742994342655,2772356.9728852585,24,0.10989575690858304,ok,0
556,5.0489166494289277,3660752.4472390176,17,0.13736670634892822,ok,1
557,5.0071247310384059,3636442.1505263159,25,0.17190259882219494,ok,1
558,7.3201953125446844,4025024.6425873274,18,0.077984848802774676,ok,0
559,7.6391219636263354,4159897.6042731036,14,0.10664376708531842,ok,0
560,6.0765660610669912,3594489.4029493094,21,0.12142439006004035,ok,0
561,10.351410246588545,3586962.8293710421,17,0.14298796885584641,ok,1
562,4.8570950776564974,4971235.9057090804,10,0.097247297468088245,ok,0
563,6.1618058771118998,4395673.9495942816,15,0.15193230535044955,ok,1
564,4.1698826678137539,3713464.626961947,20,0.070696202707654643,ok,0
565,3.4631800627727856,2342560.3317427742,37,0.11694855029099471,ok,0
566,6.9210015617341538,3786345.8754472742,17,0.12899374984411394,ok,0
567,8.080794287560952,3595460.9239815278,18,0.094713414384480221,ok,0
568,4.2727119007063985,2954199.3212936129,31,0.099407614967782748,ok,0
569,6.3251332118119228,3586850.2242366606,20,0.099172183093651667,ok,0
570,6.6123229431073209,3970653.5900149634,13,0.087808324100748902,ok,0
571,3.8607316968929273,2342560.3317427742,44,0.12128823117468457,ok,0
572,7.8863682431010069,3696677.6060679541,12,0.13503315705115196,ok,0
573,4.8956210122339767,3648134.2772749774,18,0.11312484693392533,ok,0
574,7.0050462613428097,3588691.3705977807,18,0.12842867005428313,ok,0
575,7.7757035183515368,3922847.4681731313,15,0.10121650466516552,ok,0
576,5.0326189525255192,3603866.3365004333,22,0.111355834266193,ok,0
577,4.8499966864158237,3594751.3642500397,24,0.12700588781926214,ok,0
578,6.5498772460125689,3713602.2655334114,16,0.063536538861433844,ok,0
579,6.2329569252880006,3615407.3240962066,21,0.085342470870539811,ok,0
580,6.2578881508180801,3585938.4315311434,18,0.11519288456746879,ok,0
581,6.7135033345835726,3607493.2331766938,24,0.12332094738006427,ok,0
582,4.4836199393754903,3711300.1874123523,13,0.09418682287145308,ok,0
583,5.1009933891322472,3650744.3838613746,17,0.11493840664118543,ok,0
584,5.8962255822640746,3641839.0854297606,19,0.11075681439679719,ok,0
585,6.557065757094457,3649778.1401271457,17,0.12762732779850616,ok,0
586,3.1033742597361225,2090177.9550635067,43,0.12017166846358535,ok,0
587,7.0930289493493799,3647006.9976873281,19,0.10579492276568525,ok,0
588,4.8952190968993694,4025058.3883152218,12,0.091560500536967238,ok,0
589,4.9601589590041453,3681056.7315530959,19,0.085443804896605746,ok,0
590,5.5690996105458828,5168966.857927639,10,0.10254001057915596,ok,0
591,3.1111206906356026,2142731.0761223878,44,0.15621260928238473,ok,1
592,5.9134167915991327,3609136.5953677706,19,0.11390855760569107,ok,0
593,6.361278814479741,3603277.5610797703,18,0.10329466362323503,ok,0
594,8.0533357146542635,3812902.0937966895,22,0.072126576396946307,ok,0
595,4.1864268176593082,2342560.3317427742,36,0.14827688874677336,ok,1
596,6.662875210284195,3764430.0113376486,21,0.087149650925494981,ok,0
597,4.1852019271354912,2267725.2931199414,39,0.13339586277965088,ok,0
598,8.1704150360048207,3735838.0084190648,25,0.096118572100433397,ok,0
599,4.3678406888208983,4017827.8370452994,18,0.11529723206707077,ok,0
600,5.8685204947117189,3590995.3904804601,17,0.12085234610897777,ok,0
601,3.560042594269325,2267725.2931199414,39,0.12889588337459901,ok,0
602,7.1306635865843973,3641131.2308362047,21,0.070333219788503931,ok,0
603,3.708340448117645,2142731.0761223878,40,0.11734397969200774,ok,0
604,4.2186651454102577,2342560.3317427742,39,0.16211919862842039,ok,1
605,5.2136917363788022,3796876.0693365391,15,0.09830260016256398,ok,0
606,4.5178081956736964,3831293.9944823133,22,0.14664413348394248,ok,1
607,6.6020490941683221,3869873.3920978839,15,0.093271017007130863,ok,0
608,4.0298113778776941,2267725.2931199414,38,0.12029082993928097,ok,0
609,5.730442654715679,3586817.2925518355,22,0.11149550067386294,ok,0
610,3.9272423699802057,2609060.0868099569,32,0.13500482712324124,ok,0
611,5.8435889995801427,3633154.0084057809,19,0.1253663133036419,ok,0
612,4.0609492188748213,3691140.9836394894,21,0.090774049819286384,ok,0
613,8.0185240026826428,4215853.4916210296,11,0.14249505312849953,ok,1
614,7.3622028399104007,3619766.5845821816,22,0.08426703227318344,ok,0
615,5.3402140979371335,3653455.6852304675,17,0.087397359844813005,ok,0
616,5.2996916192554515,3612872.1433205912,21,0.11805656813264553,ok,0
617,6.2999868093009006,3640209.0491656815,22,0.078485613684177058,ok,0
618,5.2241815197744152,3888195.6412473414,14,0.10583401644594159,ok,0
619,5.7597150415340117,3591719.4296853957,18,0.086731762494208442,ok,0
620,6.393703324469806,3683030.3780026808,21,0.099876887677375292,ok,0
621,4.4324212472968316,3640283.0048124227,17,0.085724847550587513,ok,0
622,5.7708867406146123,3590604.5983035653,20,0.1385910116356921,ok,1
623,5.0100173597697379,3605544.5030639083,21,0.11031373770208941,ok,0
624,5.9133455941243325,4185361.1980481623,13,0.076267228978986634,ok,0
625,5.0866288735301364,3610322.8062540637,24,0.12190462846930245,ok,0
626,3.9665824837524948,3631696.7274667989,20,0.074191399526865931,ok,0
627,5.6748905822494544,3592751.1138168778,24,0.074314752301844922,ok,0
628,4.2581053280841541,3676219.3258113898,9,0.1001500651593108,ok,0
629,4.7076618540553969,3597866.5523843779,17,0.11407559025184566,ok,0
630,3.5462364519441012,2142731.0761223878,43,0.1407054110644459,ok,1
631,9.5303569031636748,4295672.8543439917,12,0.12472451293707421,ok,0
632,3.7080344295301169,2267725.2931199414,41,0.078246485027732349,ok,0
633,7.7993316306265701,3881899.3191677765,15,0.12307513695410827,ok,0
634,3.4006654826707834,2267725.2931199414,42,0.12087972108823153,ok,0
635,6.8567601498965862,3776423.6851976789,24,0.088110867747637545,ok,0
636,4.9692526662145839,4274404.2671485189,10,0.12538462233715425,ok,0
637,10.035645157084517,4443034.8346418161,8,0.12119658989521143,ok,0
638,4.4856342085052017,2628545.6714319899,33,0.12230875319457271,ok,0
639,6.9198527104768068,3970028.7456917283,18,0.14764725524565703,ok,1
640,4.5069407117035691,3629441.0503298873,18,0.18123007187558388,ok,1
641,5.9668852162139645,3603149.5422561876,23,0.08950278018805613,ok,0
642,4.8777037926868623,3675274.8836675524,20,0.092024444632356595,ok,0
643,4.9066211276336702,3603653.3219021228,16,0.13369821177038277,ok,0
644,7.5291995874515329,3915356.5321070761,15,0.14850408356401879,ok,1
645,10.72301693829812,3629039.9178614789,13,0.11017941009610621,ok,0
646,5.0101366866606254,3619310.9840538525,21,0.086559507894744148,ok,0
647,5.4813322715542148,3604542.0004462181,22,0.10465321819415929,ok,0
648,5.3049758214164759,3791300.0619363487,15,0.11608327338320823,ok,0
649,6.7712895653444933,3683613.4395529632,16,0.13956343430974694,ok,1
650,4.4441426338281014,3261364.380769941,25,0.11878953381487692,ok,0
651,6.6850144034691876,3613345.9046106134,21,0.1181415081994594,ok,0
652,8.4520039440614418,3673585.6914744312,17,0.064745037975964537,ok,0
653,3.8057314190194189,2581618.0750895645,33,0.1200786129959146,ok,0
654,5.9395505375342772,3586330.1810421306,15,0.06902828027933916,ok,0
655,4.2861339484031573,3822608.2500069416,9,0.12427445074376131,ok,0
656,5.554182984191435,3640259.5069559379,22,0.11791340334595068,ok,0
657,3.5778810318963363,2267725.2931199414,43,0.10193349134717522,ok,0
658,6.8360698572905658,4617589.5777178658,9,0.10069965559758476,ok,0
659,6.22771457151807,3605276.9643490058,22,0.066806192227332112,ok,0
660,3.5875627508016179,2357307.6858878741,35,0.098135952233526114,ok,0
661,4.5300566008863061,3747113.1106468481,18,0.093845947168026966,ok,0
662,6.3357414244279973,3594543.4011401571,17,0.15198604041747865,ok,1
663,4.3876435894564523,2342560.3317427742,38,0.1225944133964661,ok,0
664,5.902449718409791,3601012.1143460027,25,0.16154398044875606,ok,1
665,16.888851899389429,4540950.3995247288,9,0.1178559467055158,ok,0
666,6.0891368163597761,3802772.234757816,18,0.059849929026975279,ok,0
667,5.918716770275207,4551371.0019099582,14,0.099341337633676752,ok,0
668,4.3195277397211669,2581618.0750895645,32,0.093294413024334388,ok,0
669,5.1440156206252992,3610944.7726087077,18,0.10501433412280337,ok,0
670,6.0619451643831246,3622510.0515135746,24,0.081444467360145656,ok,0
671,7.0657802918349901,3606077.5525926044,17,0.096938723007825023,ok,0
672,4.9726558518749204,3609434.0179771949,17,0.13564198123351845,ok,1
673,6.9013116211096124,3751198.8600118249,19,0.11354753213819685,ok,0
674,9.4502043285184474,3936884.9580844301,13,0.093572403572315443,ok,0
675,4.5564107436748351,3838534.489778677,12,0.13557182999416328,ok,1
676,7.198135805037194,3609309.7948149075,21,0.085718527409648582,ok,0
677,8.9493984389853534,4062457.806135613,14,0.11839540843583984,ok,0
678,3.8093499991442115,2609060.0868099569,31,0.072341826103114126,ok,0
679,3.4908086821369957,4417041.5243218206,7,0.13016481878339703,ok,0
680,3.7300583629601731,2349719.955294122,40,0.11623690357758576,ok,0
681,2.8456268382456438,2008285.8541831209,38,0.14208922710816363,ok,1
682,6.1066896487973183,4113484.9772760863,15,0.13429419638458248,ok,0
683,5.7726205224947469,3667766.6140956837,18,0.089201034252975708,ok,0
684,5.3170487301247205,3622694.7668378577,22,0.13963056393838236,ok,1
685,5.077068510773449,3822700.0059093856,9,0.12682452081416906,ok,0
686,4.8187348852994116,3598404.2237468353,24,0.10724309483027306,ok,0
687,7.0499259796660132,3625630.7593452586,22,0.053215418337446474,ok,0
688,8.7007602746647414,3857640.813694864,19,0.12176231719106179,ok,0
689,5.4985842145143602,3646192.6155448644,19,0.16222631449018377,ok,1
690,6.1271183209789433,3622168.7907296987,17,0.14081833264163068,ok,1
691,5.737356368511116,3586902.8124199137,20,0.077236717956496004,ok,0
692,5.4326191653806548,3592597.7035396919,15,0.056640598585143809,ok,0
693,8.7058409613429468,3886316.7902583904,17,0.12665204364254279,ok,0
694,6.125090809422435,3690847.2836253364,25,0.15065579057275197,ok,1
695,7.1179141969053248,3628197.2906115321,18,0.091877156525279835,ok,0
696,7.1088314362475504,3763317.8353836681,19,0.12366938945538419,ok,0
697,8.9562496122813258,3610771.0854297746,19,0.15368396656403238,ok,1
698,4.2575453044925169,3947076.3557264162,17,0.086669561100538306,ok,0
699,3.0962256942907196,2267725.2931199414,40,0.12145017896382926,ok,0
700,5.7177843920938258,3641519.829605313,19,0.13243392102055573,ok,0
701,4.3540223771868245,3951373.8056976059,11,0.081696919124006562,ok,0
702,8.2690463191810277,3948145.5776844863,7,0.12754203237113398,ok,0
703,5.2413387732282262,3660070.3340754313,19,0.056046577747090542,ok,0
704,5.3303999489150105,3661569.0364962695,20,0.097246242757818846,ok,0
705,16.051589935962724,4295226.1194147868,7,0.14287597115042511,ok,1
706,4.1188788282598114,2609060.0868099569,33,0.13737897119434689,ok,1
707,3.2192574368383253,2090177.9550635067,45,0.12969912539524012,ok,0
708,4.7844408973262205,3652807.7571508791,20,0.087844151348142385,ok,0
709,3.905266674216159,2349719.955294122,37,0.10553342452086778,ok,0
710,3.1023138162541493,2090177.9550635067,39,0.11053570259719644,ok,0
711,3.3011747261864697,2090177.9550635067,42,0.1678091809810931,ok,1
712,6.0552494418823315,3610332.1183588463,22,0.077589625353215952,ok,0
713,4.389067825253175,3589648.9041682333,25,0.069370768038268138,ok,0
714,6.8904184983460439,3633722.9570968398,20,0.098483689347802217,ok,0
715,3.520555502643731,2349511.4431106183,42,0.1108350683237167,ok,0
716,5.3453970231171306,3616923.0083463169,17,0.12206441052140371,ok,0
717,5.7166069757079896,3621662.1419252399,16,0.055034073220451396,ok,0
718,6.4005959058786086,3709226.1532332222,23,0.078726938441214367,ok,0
719,4.5532633927156381,3590035.6135927192,16,0.095157367483705402,ok,0
720,6.8465424435136688,3853930.9427525722,16,0.062922364416339582,ok,0
721,6.6805840992368033,3625150.8145095953,20,0.13859261805051781,ok,1
722,4.5878937345911819,2678205.3747857241,33,0.16701668799272751,ok,1
723,7.8881576634949964,3918782.5574505054,15,0.078362839740683088,ok,0
724,4.1847232956374611,2581618.0750895645,40,0.10236344091940375,ok,0
725,7.4908373310883922,4690343.8675356386,8,0.11377284432089918,ok,0
726,3.3674378935595612,2090177.9550635067,43,0.14883982586127659,ok,1
727,6.5853825915086368,3613639.0480189086,12,0.11885400045057959,ok,0
728,8.1840457180685267,3798227.1511943098,17,0.076181641818737544,ok,0
729,8.9139215731582055,4518889.9470132468,13,0.14358064866440834,ok,1
730,3.9482049127971823,3708029.7399424184,14,0.089270237071725766,ok,0
731,9.2221891296299052,3973342.8979510218,16,0.11668610213312003,ok,0
732,7.7118713060432311,3729425.1521245972,17,0.077236815653088486,ok,0
733,4.9122354714202867,3602942.1564294794,20,0.085575486979885262,ok,0
734,6.9591363516804199,3678228.8158197557,15,0.14775129290588473,ok,1
735,5.2998551161142391,3889023.0821807655,10,0.10121206722739107,ok,0
736,8.1278729864481978,4200883.7522664256,18,0.11986929586637562,ok,0
737,4.7758047182402628,3687716.267754931,21,0.0870979669525202,ok,0
738,3.519755553226195,2267725.2931199414,37,0.1165080633999962,ok,0
739,8.829002131248668,3710541.1548041846,11,0.11442910044852828,ok,0
740,4.5522053013186792,3608079.5483197551,18,0.058644365032359536,ok,0
741,5.4504115859852886,3741136.8649966945,15,0.092871024184331241,ok,0
742,6.6508925742552396,3604474.6573310541,21,0.11584943870620446,ok,0
743,9.3500312043969362,4031227.6888316241,17,0.12691096969588606,ok,0
744,4.9728209272857953,3628537.9260236495,22,0.086422220085781154,ok,0
745,4.8480617336873539,2581618.0750895645,28,0.090752485947775463,ok,0
746,5.5764993817159363,3670513.0377486367,15,0.11772646645109486,ok,0
747,3.5177699741721846,2090177.9550635067,41,0.14408468669970265,ok,1
748,4.1661255800917685,3845258.06633018,11,0.16790362322071695,ok,1
749,6.5163630479800148,3623575.4980892795,21,0.10904124694483308,ok,0
750,4.282050249680335,3911580.3707789448,12,0.12154607492368863,ok,0
751,7.2765292522688094,3631246.9135904908,14,0.11115843276260207,ok,0
752,6.6804207898969512,3697303.5318330075,19,0.093944987934959867,ok,0
753,3.4991246858584235,2416638.8374307705,31,0.11309362204915963,ok,0
754,4.969926406469007,3793053.8824668229,18,0.10350240550895645,ok,0
755,3.672662187939411,2678205.3747857241,36,0.10957602339419292,ok,0
756,5.8482545448646555,3621141.1585309817,18,0.12993068212133607,ok,0
757,3.7882013309916727,2342560.3317427742,39,0.13645946256968955,ok,1
758,6.7700135932072953,3602185.7171345251,21,0.089602645845840434,ok,0
759,5.2757189226726595,3623815.4774948857,18,0.079314225315986087,ok,0
760,5.3061050845368909,4337111.5455690594,10,0.082164603826746563,ok,0
761,4.4997617139148058,3684873.0292370412,17,0.093717817288170524,ok,0
762,9.908446536220147,3620101.9009665595,17,0.13093692969883142,ok,0
763,3.8305745556377802,3808061.0126009732,22,0.11618649005208953,ok,0
764,3.6191805108094313,2349719.955294122,34,0.10061603987264278,ok,0
765,5.6722186007992814,3683285.9328150246,21,0.14424352235247118,ok,1
766,7.0716813051211256,3634518.0037420797,23,0.11494750935464237,ok,0
767,14.362139732845803,4929025.1443985887,8,0.11484105454631666,ok,0
768,4.9006503898668177,3604414.8962158645,21,0.073620761980894789,ok,0
769,7.7466060745918144,4695927.566254287,7,0.1160681633983876,ok,0
770,4.6481899640168418,3610970.6028300808,20,0.065127236234794994,ok,0
771,4.8651802077048227,3823699.7103954549,18,0.13072525183051609,ok,0
772,5.4902165002498782,2581618.0750895645,33,0.15107647970481858,ok,1
773,4.6450580380371758,3659870.8406538572,18,0.083829183036377541,ok,0
774,3.4749140254832716,2609060.0868099569,33,0.11380802479107099,ok,0
775,14.745445934884053,4693538.4930482507,6,0.1412203681651415,ok,1
776,8.3457729090545421,3599925.1172777512,18,0.1434970729224419,ok,1
777,4.9933232038305899,3602997.7821566104,27,0.088570542881912795,ok,0
778,10.286309679548209,4632819.1427361397,10,0.093882530816305265,ok,0
779,3.442708838901086,2342560.3317427742,43,0.095015673435261058,ok,0
780,7.7849397699952139,4949543.8220943967,8,0.10471057912415915,ok,0
781,6.8115954602342628,4270482.1802658746,12,0.10669465447014437,ok,0
782,6.092530985839046,3593265.2534496337,20,0.10360840282444839,ok,0
783,6.1743865232393187,3642149.5010308516,18,0.092514189324302248,ok,0
784,8.33803881631205,4271108.8274581572,11,0.10454994130568807,ok,0
785,10.87283064067104,3609532.9158948148,13,0.13582838186150947,ok,1
786,4.4046476249602602,3661940.0417526267,19,0.10098797688939853,ok,0
787,6.8410020041928847,3757050.796174984,14,0.11159320723254196,ok,0
788,4.7692108932539217,3600707.7135603614,16,0.12017334837599081,ok,0
789,6.2325352577779043,3872657.5654305043,18,0.13990522327420607,ok,1
790,8.7429580375137146,3637953.255975462,19,0.073275771264444067,ok,0
791,4.0753887223108034,3720863.1521998099,18,0.093459654496641509,ok,0
792,6.0150983053863758,3620815.4478375036,20,0.10203040671096497,ok,0
793,5.3910497391372179,3645921.5512298462,16,0.12445398218335169,ok,0
794,3.1112928090465286,2090177.9550635067,45,0.14668024461091711,ok,1
795,3.2283385547669314,2349719.955294122,34,0.16121906757827945,ok,1
796,3.3338940662618559,4197610.4674892975,10,0.11009972220779685,ok,0
797,4.0073546761020271,2609060.0868099569,30,0.13354028553286934,ok,0
798,5.077389218202752,2581618.0750895645,32,0.099330099627620738,ok,0
799,3.3222904812760778,2090177.9550635067,45,0.14410479963009859,ok,1
800,2.9520619814525473,2090177.9550635067,45,0.12468292808018755,ok,0
801,6.2516050357595274,3878078.7189994268,20,0.15013747391735188,ok,1
802,5.0274393973167602,3643944.5479458268,22,0.11925022958648956,ok,0
803,6.9408688056324115,3639093.9219325157,13,0.12559865100238388,ok,0
804,5.3122448358935719,3647370.9585526022,17,0.059348556138315467,ok,0
805,5.4892806849179498,3612045.8636539509,21,0.1005542458051974,ok,0
806,6.1008655107928123,3630945.6090448182,20,0.099795070192198798,ok,0
807,4.5315146914414797,3261364.380769941,24,0.1433508352504522,ok,1
808,4.1214366490758545,2267725.2931199414,41,0.13164385568800452,ok,0
809,3.9595403918255481,2342560.3317427742,41,0.15523391141499693,ok,1
810,5.6227622927266108,3667712.8825105955,15,0.11576516547321525,ok,0
811,3.9003433103039673,2267725.2931199414,40,0.13839623792252603,ok,1
812,10.262211925977866,3615550.8413927765,13,0.13205498194626886,ok,0
813,7.7248394395837785,3665949.6295350264,16,0.078095137232656375,ok,0
814,6.1194085165958754,3867625.9046318326,19,0.11109477664370948,ok,0
815,5.1268370452399221,3660858.981284616,17,0.080570368942187276,ok,0
816,5.9881832367723389,3623572.6790381176,20,0.11551650308304529,ok,0
817,6.0096790277913774,3615946.0590961748,18,0.11276453544923631,ok,0
818,4.349852373836951,2342560.3317427742,40,0.10284207402641038,ok,0
819,6.3064491100503002,3633662.8409178853,22,0.083625804095450063,ok,0
820,6.2102154797265721,3622496.6998616396,15,0.12987094679202837,ok,0
821,5.3035376515286936,3894146.6768277134,23,0.080296700818534905,ok,0
822,4.399475731220253,3604667.2840813254,13,0.060152848426130667,ok,0
823,5.8561021600965137,3660129.9629442426,20,0.10895866469376614,ok,0
824,18.757155200890029,4010421.6207599486,10,0.16978433272009008,ok,1
825,4.6059109350083656,2342560.3317427742,40,0.095588882817937815,ok,0
826,3.6785095255898597,2349511.4431106183,43,0.12050765885559989,ok,0
827,4.5240856669500005,3632095.4984281398,18,0.12653556696613644,ok,0
828,4.8297471338846485,3811248.8537296057,19,0.12340401592127448,ok,0
829,3.6084735056560886,2267725.2931199414,43,0.14738405718247785,ok,1
830,6.1335519030999297,3606621.0415624389,23,0.088448255661338959,ok,0
831,10.172633802281746,4003900.204684746,9,0.09510033917284344,ok,0
832,8.3296068508510981,3590550.4817813649,20,0.14830217982568328,ok,1
833,6.0578922028993878,3700002.4615727761,17,0.083271443085674468,ok,0
834,3.5614162627815036,2342560.3317427742,38,0.16308567978569843,ok,1
835,4.0292810723059471,3585970.3405919513,16,0.11688417900622761,ok,0
836,3.8014478893149448,2267725.2931199414,37,0.13312984889954221,ok,0
837,6.4276468832148099,3691630.5208178083,23,0.081761045028692692,ok,0
838,4.5854721560223757,2773471.102127803,32,0.1419379571887589,ok,1
839,6.7465957912068175,4020145.7516946681,17,0.12097551948643404,ok,0
840,5.2948891587223805,3595887.4034024212,22,0.10137297984651189,ok,0
841,11.383390054402419,5050563.3558160067,7,0.12182990554468465,ok,0
842,5.8881927916919468,3627950.8237259565,26,0.11231447751946999,ok,0
843,3.5298622429935058,2349719.955294122,39,0.12993498075905408,ok,0
844,4.502343827389474,4289930.6112966277,8,0.1226971016683106,ok,0
845,5.1649282176851354,3613181.5398541889,15,0.10774866979331421,ok,0
846,5.2588537400964457,3643870.8494833158,19,0.10315142499670893,ok,0
847,7.9190966442936022,3714315.1976623675,19,0.11239783497984046,ok,0
848,4.0280259797166149,3626724.6695633745,23,0.1189492109611221,ok,0
849,12.100673033829107,3862324.3197638448,10,0.13463374016398733,ok,0
850,3.926960324657617,3704574.0327822408,20,0.08009946723726924,ok,0
851,7.8406590807847794,3597207.5305683347,13,0.0991969564811227,ok,0
852,6.8720003192458403,3613234.213416304,26,0.12412539706544545,ok,0
853,4.3731221783111502,2267725.2931199414,43,0.16030011680393652,ok,1
854,4.8369927709614586,3658526.565354344,23,0.057791051469999299,ok,0
855,5.1529503599075772,4332914.0478302017,13,0.082342322656928202,ok,0
856,3.595048959846777,2142731.0761223878,41,0.13339378864836532,ok,0
857,4.13001802660877,2609060.0868099569,32,0.13786782630472594,ok,1
858,12.187948053652873,4119650.9958144571,12,0.12990410723850254,ok,0
859,6.3481360937888152,3913676.5783274062,16,0.099207510440067592,ok,0
860,3.0580666634851559,2142731.0761223878,44,0.11191774988185577,ok,0
861,8.3802820496877253,3601112.6078213835,16,0.15776956283508958,ok,1
862,5.795206329810398,3888101.2592185088,11,0.096875775491677585,ok,0
863,7.7829896964467951,3709955.9440748002,19,0.085334196256435457,ok,0
864,3.2152607990311868,2349511.4431106183,39,0.15307013160356764,ok,1
865,8.3526456147418848,3907776.7981838174,17,0.10504506982099138,ok,0
866,5.8832084600015175,4103981.9173754491,14,0.10308566926543072,ok,0
867,10.869058640801688,4603652.5224526301,11,0.11210264644081058,ok,0
868,7.3679704247838629,3595924.9071702622,13,0.067749493017312479,ok,0
869,6.5507375609590666,3705670.006604623,17,0.088832411623269381,ok,0
870,5.585210125097781,3601879.7703493391,21,0.12230999567882805,ok,0
871,6.5769480488803618,3590264.2829765887,18,0.073203246600842986,ok,0
872,5.3327306716333238,3614360.6253737384,19,0.093844658198402098,ok,0
873,3.5004810953903953,2142731.0761223878,41,0.14285382708411321,ok,1
874,4.2438836647045548,2609060.0868099569,40,0.120662377550255,ok,0
875,5.9598939130158159,3608152.4558355813,19,0.13110334367555421,ok,0
876,5.3034011933937526,3721131.5270652156,19,0.078915571703707998,ok,0
877,5.0149996505919558,3972098.3490149044,10,0.087392861159889201,ok,0
878,4.6364993375771864,3666146.2689155755,21,0.07377150537886612,ok,0
879,3.3841212937841934,2090177.9550635067,44,0.14907854142864629,ok,1
880,6.2451549972980933,3799454.101808419,18,0.10955466650003431,ok,0
881,4.0641668486567752,3822083.4824030353,14,0.085188595753052154,ok,0
882,7.2981837484200653,4177756.4014036427,12,0.089981140984802421,ok,0
883,4.0783494379250413,2342560.3317427742,37,0.13508738738845694,ok,0
884,5.7408476925013554,3611471.3248456297,20,0.090706541432064025,ok,0
885,6.5260888901600103,3608077.9619939816,26,0.068892846568287425,ok,0
886,6.7657262056139693,3722035.3950815396,18,0.095117971509811383,ok,0
887,5.1522172274116995,3589440.3406699058,19,0.12571980017291706,ok,0
888,6.8986500118797718,3875695.9002997652,18,0.085576296931258455,ok,0
889,3.9897697419551035,2349511.4431106183,38,0.14190744890321128,ok,1
890,4.9356290046519771,3789012.8329563863,16,0.076771534045181555,ok,0
891,7.4870762361989165,4125273.2584551531,15,0.093546301246481334,ok,0
892,7.1559863008602047,3705428.2966600382,19,0.071587032250019333,ok,0
893,3.7292231275742997,2678205.3747857241,28,0.12770774844999527,ok,0
894,2.9278398683550506,2008285.8541831209,39,0.14019544135584433,ok,1
895,3.6999315497207226,2581618.0750895645,36,0.092629746213701056,ok,0
896,6.2382124969593047,3661569.0916919657,16,0.12001091512227269,ok,0
897,3.2454491488910651,2342560.3317427742,36,0.1275594378565103,ok,0
898,6.3661471363901434,3622615.5844130199,20,0.13493000462565552,ok,0
899,4.9498501373604302,3709489.5062487526,22,0.086750460463759893,ok,0
900,5.6344658332650104,3750881.4967821152,16,0.11973613347054901,ok,0
901,8.5153916800585989,3795930.4747851058,21,0.12209427348382457,ok,0
902,5.7916640523210221,4478163.3344995193,13,0.066573044774540735,ok,0
903,9.2726684297252984,3586933.0020144451,22,0.11614062901575095,ok,0
904,3.165224621538917,2142731.0761223878,44,0.13027488086494401,ok,0
905,4.2939023243855683,4027269.4032778749,15,0.094948221280175438,ok,0
906,4.5009673072339487,3682295.6504403297,20,0.12958157845601131,ok,0
907,4.775930197613917,3607839.2784538954,13,0.073387909192001777,ok,0
908,3.1580006045844229,2090177.9550635067,44,0.167098613951838,ok,1
909,4.6961632923845738,2609060.0868099569,36,0.071161323452125558,ok,0
910,5.410110465258021,3619155.4089383138,21,0.072873074507609381,ok,0
911,7.4423634179530875,3605396.9274081928,20,0.15010303574051909,ok,1
912,3.9701523514462673,2342560.3317427742,36,0.099028280922809464,ok,0
913,7.3040760037930967,3914612.7292586006,15,0.09359449568461442,ok,0
914,9.094261040361646,4082311.6531943064,16,0.075803556901534397,ok,0
915,5.9567151829199378,3887081.1984702116,14,0.073977979168215691,ok,0
916,6.6808104798546468,4666321.3305577002,11,0.15312359410145004,ok,1
917,5.6577182912895898,3763278.8627042975,16,0.096157317454203861,ok,0
918,5.109154047365398,3611753.1759296376,22,0.071098113772920746,ok,0
919,3.7176494177633064,2349719.955294122,39,0.15552158163913032,ok,1
920,6.3516294280708498,3606163.58202453,20,0.15562510350539949,ok,1
921,3.9481469922609649,2609060.0868099569,40,0.1348266566489148,ok,0
922,5.171214947349795,3603011.2858921364,23,0.097807416286623594,ok,0
923,14.570210944803486,4099031.2221601345,9,0.14965483906815258,ok,1
924,7.8343041774138049,3624881.7845773958,21,0.11698183771118176,ok,0
925,3.0173184375661006,2378837.9975668644,33,0.080071544603346312,ok,0
926,9.0281947777923417,3911580.0219055805,17,0.098226646754884905,ok,0
927,3.7211512585654289,3758144.297771628,16,0.10411405957230235,ok,0
928,8.1235467199205722,3589719.0747563448,21,0.090846365944944329,ok,0
929,6.4081480230590095,3628389.9216049719,20,0.14837927847929444,ok,1
930,5.0846051765175879,3678053.7889742353,16,0.12073101890531901,ok,0
931,6.4568969092302133,3963452.8441664041,20,0.094903661960080044,ok,0
932,6.8614525359405416,3706826.4260464138,16,0.10913035171587193,ok,0
933,3.7746400655968788,2267725.2931199414,37,0.16335528683230072,ok,1
934,3.1780660929590225,2090177.9550635067,46,0.13440335551735683,ok,0
935,7.6644799604979745,4167408.1305860067,14,0.14237880940699188,ok,1
936,4.798722479123108,3682126.7586848335,15,0.092561465209396676,ok,0
937,4.499384832320187,3756183.2658693823,20,0.084929928182553627,ok,0
938,5.8001669833768261,3586131.8556397213,22,0.14169592085670313,ok,1
939,8.7911136044028737,4798107.7162370905,12,0.13354520889378493,ok,0
940,6.3361326520687999,4190067.1782554784,16,0.16877955848303483,ok,1
941,4.2057233272026711,2342560.3317427742,39,0.11381073264048247,ok,0
942,6.5808151477433681,3601184.8921006559,20,0.099603709361098969,ok,0
943,3.8891400978734545,2267725.2931199414,43,0.13875037021982717,ok,1
944,8.9299348414460802,3589145.6504752156,23,0.070550655214406288,ok,0
945,5.4160372485180517,3624402.4497186551,19,0.095772483812572917,ok,0
946,5.5435317373709951,3674444.6967242514,21,0.11376525796781045,ok,0
947,3.0321940996680992,2142731.0761223878,42,0.12311826497067174,ok,0
948,5.6238763098846523,3594695.075356706,23,0.080165741872401775,ok,0
949,5.6327884642561861,3641984.3777173711,20,0.12233620539772672,ok,0
950,8.2305748129495058,3926329.6948072501,14,0.11212761883691569,ok,0
951,6.3945690018700416,3636973.7107697325,19,0.12338731325814989,ok,0
952,7.4429203359249216,3634203.4395305049,20,0.10378714075763695,ok,0
953,6.006122700237035,3961942.0806139908,16,0.076356350503753556,ok,0
954,3.5604875480931257,4305227.5975099523,7,0.12458777771543594,ok,0
955,3.1695339242574452,2142731.0761223878,42,0.11067624292267753,ok,0
956,7.2478486025480473,3834945.244446923,14,0.084085824816008459,ok,0
957,8.6113827687477738,3764478.3613483086,19,0.094548690824922788,ok,0
958,4.6967603658432484,3593435.2835908695,22,0.07666240399947799,ok,0
959,9.2730278945113191,3921126.4996774434,13,0.11188702355506441,ok,0
960,4.7738190975631998,3609597.9550599642,19,0.073524451113158917,ok,0
961,4.5747981115574898,3600732.0054366523,18,0.10006966633381842,ok,0
962,8.9664534330111927,5090981.0534853097,7,0.12125469714260984,ok,0
963,3.4561345960737548,2267725.2931199414,39,0.13742982740978138,ok,1
964,4.402350374310557,2581618.0750895645,37,0.083263894714418973,ok,0
965,6.2083541164018987,4020725.0362023721,17,0.07876339752003092,ok,0
966,5.6879518609931763,3703901.6684178039,18,0.12934891127925729,ok,0
967,9.2429133707994229,4395182.1469983608,9,0.094600890740086929,ok,0
968,7.3157743655913015,4677205.6769592501,11,0.12097212535688076,ok,0
969,3.2571520713483397,2090177.9550635067,45,0.13938345785732165,ok,1
970,6.394267314488415,3596298.3251645118,20,0.10473025398831293,ok,0
971,3.9622170211863441,3657623.3281480256,21,0.11344973650388768,ok,0
972,7.0411741501290237,4009087.5974262101,16,0.084403132740331621,ok,0
973,5.5639341438480434,3619340.1267679054,13,0.094979060216092814,ok,0
974,8.9869750637932935,4330624.1224540053,10,0.14502930599589203,ok,1
975,3.8740433369553009,2342560.3317427742,44,0.13761649255650066,ok,1
976,7.3738442341654338,3640378.8929772861,20,0.086184232747884559,ok,0
977,4.4467201373369543,3855415.1579790497,17,0.049367619641623617,ok,0
978,11.61437739473603,3596643.5145964194,19,0.10207804161384304,ok,0
979,9.1499739768642936,4226730.1087293718,12,0.084544590854219059,ok,0
980,4.2741691978838992,3663109.1551742968,14,0.10470752758100677,ok,0
981,6.6597840323774502,3628400.6234646323,15,0.12836844611528475,ok,0
982,5.2066736209638345,3634528.293792842,25,0.10305351089830173,ok,0
983,4.55870541227684,3637263.0931167477,20,0.077278195457784055,ok,0
984,6.5804018520527707,3721401.9675231883,18,0.12778904315734202,ok,0
985,4.0966572999675019,3661651.8880983195,18,0.090766985736581374,ok,0
986,4.3707813274610903,3158053.4917109548,28,0.10714285714285714,ok,0
987,3.9957088765030262,2349511.4431106183,41,0.13778647352372186,ok,1
988,3.3566472469895179,2267725.2931199414,41,0.13121663988991705,ok,0
989,4.2140462133980545,3678740.7441847357,22,0.11866323664930933,ok,0
990,4.0313515495654801,2342560.3317427742,45,0.12213992307639143,ok,0
991,7.1107332056277537,3778657.2205112432,18,0.12026071960743101,ok,0
992,4.9273852581528343,3621613.9900661516,22,0.10429704966701359,ok,0
993,3.3014414368375107,2349511.4431106183,37,0.079141953247399532,ok,0
994,6.6605060678138841,3586824.6308454215,22,0.13098011001450149,ok,0
995,3.818320717840864,2267725.2931199414,34,0.14087638437775318,ok,1
996,4.3575944445766401,3592675.6904801643,26,0.10203338261599859,ok,0
997,9.9419387581200986,4386739.0556753017,10,0.12737133571815829,ok,0
998,6.9849630684887325,4136552.8192162812,14,0.075611808620857701,ok,0
999,3.5321050916190737,4515299.6762804715,9,0.09461560214797915,ok,0
1000,6.6408802997300107,4185453.6716003413,11,0.092913348627261527,ok,0
1001,4.5401477629968845,3748257.9090231964,9,0.10213016632348626,ok,0
1002,5.9368897885009275,3599281.4829984461,18,0.10624666085972889,ok,0
1003,6.3805319903113764,4078060.4467133111,14,0.072443320212112194,ok,0
1004,7.1261333204742776,3889797.9496794068,23,0.088240311888066914,ok,0
1005,12.176813235021489,4083581.0316607361,13,0.14283324234005845,ok,1
1006,6.3689378973091406,3805660.0954985381,11,0.13142787875113882,ok,0
1007,8.4917877367019905,4089377.7002342045,12,0.092444819831597844,ok,0
1008,4.9681309050008791,3611717.8101500068,24,0.087846218996366465,ok,0
1009,5.444530632026062,4130345.3341107122,16,0.12375299458989786,ok,0
1010,7.6796116666750196,4010201.3675259524,18,0.16097081915275435,ok,1
1011,7.4431086445729679,4080649.7077138391,13,0.11468912481660276,ok,0
1012,3.6130630084865123,4126416.3949082107,8,0.11198159979850497,ok,0
1013,3.5910377307112231,2349719.955294122,40,0.11645410685655144,ok,0
1014,10.779928888857913,4424736.9247551812,10,0.088336334965778196,ok,0
1015,3.8993952526726114,2628545.6714319899,31,0.13274018832640422,ok,0
1016,7.6951347813553861,3628846.0236897613,24,0.075923580245337297,ok,0
1017,5.3062381805947885,3588024.7245994518,23,0.098299429496309654,ok,0
1018,6.2555664550489203,3642285.9028733843,17,0.1353196821987136,ok,0
1019,6.8204888758507618,3628523.5123042809,15,0.11819775189180198,ok,0
1020,9.7563183578980865,3899566.6843247074,12,0.097887276252925148,ok,0
1021,4.8833812489235013,3998495.0555530363,13,0.070178915004955877,ok,0
1022,3.5079043205089655,2267725.2931199414,42,0.16065439291128936,ok,1
1023,3.5612909767155227,2142731.0761223878,45,0.12750583476532712,ok,0
1024,9.835113764605163,4484773.23854871,12,0.13537956730150552,ok,0
1025,4.1976004544415133,2267725.2931199414,40,0.10149018252229181,ok,0
1026,4.9767856962886272,3653234.0814608587,17,0.10140018689883112,ok,0
1027,5.3623657169177239,4239662.5408373745,13,0.093562976376585061,ok,0
1028,3.6642846613174913,2267725.2931199414,44,0.15593288955748608,ok,1
1029,5.4910783409908674,3590843.0869390494,21,0.13415202936197412,ok,0
1030,4.907094485776649,3591616.9981275816,20,0.10331277002060479,ok,0
1031,3.7362862787888722,2609060.0868099569,36,0.11118995708693602,ok,0
1032,7.1953899050994528,4029493.777815579,13,0.10734146056068172,ok,0
1033,4.8418827990503903,4142809.1983988951,14,0.10543158031080341,ok,0
1034,5.8124611762186404,3591003.1233664458,17,0.11284421985844506,ok,0
1035,6.5254826407465831,3628501.3370207571,14,0.089046753178045446,ok,0
1036,5.9380724625296644,4959938.3511541924,12,0.12967393000184746,ok,0
1037,5.4064813442920174,3615894.5445964718,19,0.1061828831202174,ok,0
1038,4.6458644261765256,2954199.3212936129,23,0.085514806197574816,ok,0
1039,4.2185571603135452,2267725.2931199414,43,0.10348929834945764,ok,0
1040,3.7644593268459481,2267725.2931199414,44,0.14401773854944189,ok,1
1041,4.3047511632115647,2267725.2931199414,41,0.10456310187552087,ok,0
1042,3.6180736298804512,2090177.9550635067,39,0.11852090350374034,ok,0
1043,5.9408935245489092,3595674.3997026808,20,0.057577366827107984,ok,0
1044,3.9961993894587304,2581618.0750895645,38,0.12753863395370446,ok,0
1045,3.2562651809303684,2267725.2931199414,39,0.11735478080955508,ok,0
1046,7.5755770507475839,3742467.6702637319,18,0.096620997445981682,ok,0
1047,4.8641472721385037,3595308.3902636208,18,0.096259633091009711,ok,0
1048,3.5700601900928772,2349719.955294122,37,0.095259301253841744,ok,0
1049,5.4220763540871229,4310621.0699214553,13,0.071783026399131922,ok,0
1050,6.7140269323724402,3720938.9545427933,21,0.084411633216569859,ok,0
1051,8.4001147089858836,4128439.6664530602,13,0.10840753132391179,ok,0
1052,4.6462539544339938,3679660.5670264512,23,0.10552598152240605,ok,0
1053,10.507325326866019,4018206.0304340711,12,0.14273422637972788,ok,1
1054,7.4854432223775564,4562625.6609971672,15,0.099555881618973885,ok,0
1055,6.7147933222072114,3604491.9692976214,12,0.10781592229710135,ok,0
1056,3.6943715904855652,3158053.4917109548,29,0.10103008870883931,ok,0
1057,6.6105576363175906,4052516.8942747526,16,0.13782289897692734,ok,1
1058,3.3931152802122724,2090177.9550635067,43,0.19096999983567575,ok,1
1059,3.6666686583724375,2773471.102127803,29,0.14568114766295714,ok,1
1060,5.4789852538892427,3659370.6178076831,19,0.082758758657388243,ok,0
1061,5.5793236831992221,3610621.6440286832,18,0.12293345072682871,ok,0
1062,6.7268241689173438,4132754.8823996903,13,0.10107220093803782,ok,0
1063,6.4600895333288495,3585970.6264290065,25,0.088966400123997036,ok,0
1064,4.5126873288879565,4416427.7841002829,10,0.12779181025001593,ok,0
1065,4.8989153544567703,3604591.1229046909,27,0.073396568778579141,ok,0
1066,6.8785794814347119,3722029.3390592393,15,0.12578825983326669,ok,0
1067,8.5566455887210111,3700082.563018681,18,0.078446068456598184,ok,0
1068,5.4157227969010311,3848060.0158837433,9,0.12239549127128169,ok,0
1069,4.9088996430965022,3898450.2594714281,10,0.097386392534390409,ok,0
1070,8.6118825272949699,3608036.1380173704,21,0.074124829991139007,ok,0
1071,3.3409791664579171,2142731.0761223878,42,0.12048204306597887,ok,0
1072,5.1795731218902406,4022599.3740716553,10,0.097587238393881226,ok,0
1073,5.9487932079489614,3619228.7513296646,18,0.088566087433261109,ok,0
1074,5.6536295433744277,3646570.375562747,22,0.10484944085526196,ok,0
1075,6.3209265095878786,3671531.0439564236,18,0.11288211538648973,ok,0
1076,6.1060339051360515,4138785.3652246962,12,0.11232852726637327,ok,0
1077,8.2187376597309889,4229999.0515207183,17,0.11306147778595899,ok,0
1078,5.4506553254988122,3897155.1324582081,18,0.1285565340235314,ok,0
1079,3.7976145127282654,2267725.2931199414,40,0.099744404080909593,ok,0
1080,11.365517542752361,4512171.4871055838,8,0.10662667264649495,ok,0
1081,7.290066256808708,3835939.2249701098,17,0.067995339489311912,ok,0
1082,5.0878104542193707,3608642.1668554405,25,0.078569721062275,ok,0
1083,5.8827880540335071,3611484.2882155045,21,0.10815659805460454,ok,0
1084,5.2603592573351845,3697820.9493969078,18,0.10819816784312625,ok,0
1085,5.2958966170250852,4588388.5837214803,8,0.086562362516852787,ok,0
1086,7.5325444892726319,3632348.3724391004,20,0.11340140905350826,ok,0
1087,5.2573197072303195,3593747.9229509784,21,0.12920067077446273,ok,0
1088,4.0741657853119229,2581618.0750895645,34,0.095949489060112469,ok,0
1089,3.0053755731359435,4695816.8935478646,5,0.16573429031202824,ok,1
1090,6.1353228462794105,3623838.9238419915,15,0.14548133686754561,ok,1
1091,12.855707197237361,4487471.6044701543,9,0.11287950631187621,ok,0
1092,5.5512895509582991,3634687.9102638788,22,0.10688687034384517,ok,0
1093,7.237571182769484,4343051.9337777421,13,0.094183402143078743,ok,0
1094,6.7046165845058505,3636601.6629914753,20,0.085508651923408063,ok,0
1095,10.323447370307905,3608781.9395202217,18,0.13589190096928871,ok,1
1096,4.4850104955494192,3710311.7857332779,21,0.081296321788837056,ok,0
1097,4.5132808873962311,4008782.9431605372,11,0.092013772569604302,ok,0
1098,4.7963608620850717,3695815.4172821236,16,0.055527558999435511,ok,0
1099,6.4264426029294537,3623521.7874221164,14,0.076500693155903715,ok,0
1100,4.5528487648440059,2267725.2931199414,39,0.094659807867806478,ok,0
1101,9.0762549840798954,3839746.2970213862,16,0.1277359624125991,ok,0
1102,4.5490809732588007,3158053.4917109548,22,0.1048526064287042,ok,0
1103,4.2466269950989979,4014495.7556222016,10,0.085644567797295207,ok,0
1104,7.5402228269727329,3699480.5866430718,20,0.077766865662605267,ok,0
1105,8.1538942024313563,3596701.8139335578,17,0.12450306910475151,ok,0
1106,3.0890041328292765,2267725.2931199414,46,0.11537813239602179,ok,0
1107,3.3137000204095002,2267725.2931199414,43,0.11555551877234038,ok,0
1108,5.0644962258072193,3849414.7668651766,16,0.16285865536119148,ok,1
1109,5.9094065655173305,3649608.2530081891,13,0.11067990944619022,ok,0
1110,7.3959763899387703,3717842.154321732,11,0.10412361430765604,ok,0
1111,4.7716657540969081,3742622.3569628699,10,0.098357092374724453,ok,0
1112,4.9091299292880581,3158053.4917109548,25,0.12298171968967708,ok,0
1113,7.1321920089200335,3653971.9911755123,22,0.19550538898775022,ok,1
1114,3.9841802732242222,2349511.4431106183,42,0.12782494093251567,ok,0
1115,3.9269788703724533,2349719.955294122,32,0.099825372882935581,ok,0
1116,7.1268109326494997,3610975.4129616907,19,0.11032118541555436,ok,0
1117,3.2083644320154496,2142731.0761223878,40,0.15373134667590152,ok,1
1118,4.6050027428548566,3677632.3733145189,17,0.15815350375966586,ok,1
1119,8.0082121479946622,3615945.1012909296,17,0.11172234795607849,ok,0
1120,5.6527853194277977,3663157.9747430682,21,0.13802820858649689,ok,1
1121,5.4401383061351334,3595813.1489240159,21,0.083734463297458706,ok,0
1122,7.5141980071156604,4292680.644750095,14,0.095543355128560381,ok,0
1123,4.2838139443070524,3773463.9768893784,13,0.10035336947564666,ok,0
1124,5.3912651457599576,3611944.0511774556,21,0.070228374089549184,ok,0
1125,6.1607741718281659,3899707.3892183723,14,0.095666874524849455,ok,0
1126,14.32733566741217,4196739.3515907023,10,0.14420134928572267,ok,1
1127,4.3846760968922514,3595719.6454269779,20,0.12754559949788441,ok,0
1128,7.9540369115287026,4443659.78711823,12,0.1351652465633908,ok,0
1129,4.0582396149260429,2628545.6714319899,31,0.11322535392147692,ok,0
1130,5.1962144270020607,4934387.3701966424,10,0.094317815455505549,ok,0
1131,5.7438963536073997,3652133.5788412569,22,0.081208081156741052,ok,0
1132,6.6595690195567689,4371585.4698755657,14,0.11681919264453033,ok,0
1133,7.0397215160270541,3922480.4960274715,13,0.096108437178065331,ok,0
1134,6.0635901750565635,4111190.5137082711,14,0.082605186240245709,ok,0
1135,5.3409007657817913,3673844.8986078012,20,0.092277290498917225,ok,0
1136,5.4446044848558817,3158053.4917109548,19,0.12093671075325213,ok,0
1137,4.739233314498339,3896643.298767,15,0.12189096323369752,ok,0
1138,5.579144303836908,3615832.1851803837,14,0.073972251471445871,ok,0
1139,4.4596413454620301,4135078.3852533638,11,0.074232584275176206,ok,0
1140,4.2838876882425243,2581618.0750895645,35,0.10122739878344822,ok,0
1141,5.0590690770356801,3585905.7624060167,21,0.070254441900269193,ok,0
1142,5.9127460350314491,3592981.0544350133,14,0.12594531815887677,ok,0
1143,5.7512981775087342,3695120.4647027534,17,0.13819345669834909,ok,1
1144,7.6611292583269508,4596226.3129078811,12,0.15744830664312692,ok,1
1145,9.8611259338406398,3882631.1226997022,18,0.085614325242564959,ok,0
1146,5.0102408560517153,5209075.5095760357,7,0.12490623582943006,ok,0
1147,6.0512967992944233,3620626.9533291939,19,0.090526673005433711,ok,0
1148,5.8578874338741551,3797868.909754796,19,0.11496773212694389,ok,0
1149,4.6057064530814484,3613471.736211644,22,0.1124549152217037,ok,0
1150,4.3589301061088142,2581618.0750895645,37,0.13049355359239334,ok,0
1151,3.1795638452090755,2008285.8541831209,42,0.16121789126250516,ok,1
1152,4.4708215256096384,4041282.0541469296,8,0.11238150324151241,ok,0
1153,12.779719261014538,4412243.2702461863,11,0.14179633485759513,ok,1
1154,3.7770268045026794,2581618.0750895645,37,0.077257093473341365,ok,0
1155,5.9134823514865422,5654970.3739253934,5,0.15705370794936069,ok,1
1156,5.4170150176667509,3701234.2172831092,16,0.12292398013454275,ok,0
1157,7.2666286920684096,3794149.0188477472,22,0.056365380879075999,ok,0
1158,4.6188132550161818,3595131.8696888508,22,0.10263902754599741,ok,0
1159,4.8656722634234617,3866848.8537533516,10,0.14450514705452389,ok,1
1160,11.970820461868078,4308844.983362291,11,0.12032141076911129,ok,0
1161,9.3578800477478286,3779192.1808554926,18,0.14460425732266136,ok,1
1162,15.152938394127631,4549331.4929439463,8,0.1207577543462296,ok,0
1163,3.6547627299574876,2342560.3317427742,43,0.1410332212439499,ok,1
1164,6.149644820152953,4412704.46253422,13,0.066239428567367975,ok,0
1165,5.6247785774369534,3597950.0802942305,20,0.12276297589897645,ok,0
1166,3.2684917592365048,2090177.9550635067,38,0.14891877703446024,ok,1
1167,6.6145027103357315,3589302.2071832479,19,0.072607594052122582,ok,0
1168,4.2596225859143946,3884793.5353698088,9,0.086852293427870042,ok,0
1169,5.5948237259602829,4221943.7895602621,12,0.11039234338630977,ok,0
1170,3.7827224755311275,2142731.0761223878,40,0.15601307125316433,ok,1
1171,7.9421689460555029,4033525.6107123755,14,0.12107787190381261,ok,0
1172,7.1390420019831025,3656506.7346739545,18,0.1499921553013096,ok,1
1173,6.8579327392106348,3966804.5810861462,17,0.062365134230534136,ok,0
1174,5.6150835273943693,3625062.9644437847,28,0.090643096233869569,ok,0
1175,6.1981065521154353,3846645.5321943797,13,0.093150152168507194,ok,0
1176,9.2438967823282407,4165877.0738728931,16,0.10852445741605055,ok,0
1177,5.3128712782135041,3625072.0466732499,23,0.078640388527175031,ok,0
1178,3.16014953250306,2342560.3317427742,42,0.13250060055685176,ok,0
1179,8.8098153051617665,3927016.7792912005,13,0.12350307973357333,ok,0
1180,3.316147824778954,2267725.2931199414,36,0.1149804313876025,ok,0
1181,3.3287900162483308,2349719.955294122,39,0.11584089038764633,ok,0
1182,7.5064814504603454,4411563.4909614166,12,0.13546864677181014,ok,1
1183,5.141843761054905,3684903.9229188743,21,0.13338094620169005,ok,0
1184,4.2665161906415925,3261364.380769941,24,0.11853863727293043,ok,0
1185,5.4018962968191993,3603412.9419295494,19,0.13610228529019847,ok,1
1186,5.6175076006855749,3808052.0552501553,17,0.076303149351843569,ok,0
1187,3.4635444709126264,2090177.9550635067,42,0.10198800311959028,ok,0
1188,6.4077159010613487,3700598.1763529219,18,0.1302143951435476,ok,0
1189,9.2704638416712832,4133107.0774509767,15,0.10644978214970689,ok,0
1190,6.2335325103149133,3814610.6318875225,19,0.12455476488728062,ok,0
1191,3.789489844192818,2342560.3317427742,39,0.10574674506197423,ok,0
1192,9.2199692756711222,3788416.401498368,13,0.12641754871027722,ok,0
1193,4.8508579042844815,3674888.5911162053,17,0.067821362998107482,ok,0
1194,5.9721187351181237,4209081.6179657262,10,0.09592175295713673,ok,0
1195,7.676048608703816,3609646.5951353312,17,0.079377750348175735,ok,0
1196,16.301866205619334,4856194.4016888235,7,0.11788597152687708,ok,0
1197,8.8257738144754363,4400756.1714852322,12,0.095242301207938751,ok,0
1198,5.1926607658324642,3604571.99094002,21,0.13557046945386553,ok,1
1199,5.916840189664998,3619274.8850477585,20,0.11167371676330529,ok,0
1200,6.2903601088153911,3622289.7545225136,21,0.12827612001829325,ok,0
1201,9.4969778949255943,4913691.1186026558,6,0.11652780511304284,ok,0
1202,4.2277529901998498,3703922.2552786418,19,0.11049021111877677,ok,0
1203,6.5932299048986147,3743841.5257316334,20,0.074678473693274405,ok,0
1204,4.8128514309697472,3614385.1568553271,17,0.052060886700701303,ok,0
1205,6.0745261451913057,3627254.155975095,19,0.091991542588249819,ok,0
1206,4.9498123840637778,3644650.9870799538,14,0.1143640645506494,ok,0
1207,4.6763391707270223,3769694.0754920854,20,0.06695165742396525,ok,0
1208,6.2441163043604169,3850375.8061467619,14,0.1273991741102864,ok,0
1209,4.1738860422376192,3618195.4215456136,20,0.070099121151036614,ok,0
1210,4.9181697246000544,3700544.1266458672,21,0.14010022555052715,ok,1
1211,4.0585422749604181,4082608.9113485813,6,0.12324458319949627,ok,0
1212,7.0200252085612354,4579958.2145080473,10,0.14698497694733526,ok,1
1213,3.5103107929003907,2267725.2931199414,48,0.10045277110171424,ok,0
1214,4.7846326423567893,3675621.5990055678,15,0.12832717847396635,ok,0
1215,5.6416479408428017,3606995.9240913694,16,0.10168754699175786,ok,0
1216,6.9152727959342117,3658520.2116109277,17,0.12578190937034528,ok,0
1217,4.8947775784197649,3261364.380769941,20,0.1437995680200333,ok,1
1218,3.6490009586337147,2267725.2931199414,36,0.12321636867659957,ok,0
1219,8.0111477382468443,3602366.8778594029,19,0.098757538847960791,ok,0
1220,8.1816336870980759,3676973.9625787251,15,0.13237658274104669,ok,0
1221,12.917876459570369,5551195.5952478638,10,0.12057647264331017,ok,0
1222,7.6641307232155809,6108117.9662008965,6,0.1382176948538083,ok,1
1223,5.8620587526228389,3610342.5193149266,18,0.15764088801614884,ok,1
1224,3.3783235792005373,2008285.8541831209,38,0.14077085557237945,ok,1
1225,7.7094966579901421,4091079.7763857804,18,0.13505907227493896,ok,0
1226,7.1515521324682538,5203403.9836082477,10,0.11751404945174537,ok,0
1227,10.924550272132665,4710649.8280696198,9,0.14993557457020767,ok,1
1228,3.605417567879067,2581618.0750895645,35,0.10408949007144475,ok,0
1229,3.9529888409527283,2581618.0750895645,38,0.10421075564664672,ok,0
1230,6.4269936757834163,3831003.9920494305,11,0.11077065711763256,ok,0
1231,8.372433925980765,4833239.0709548611,7,0.15184940974643624,ok,1
1232,5.1693407319435529,3958836.290138721,22,0.079894807436149073,ok,0
1233,3.9099250143239206,3591330.0137331756,22,0.079866605885187125,ok,0
1234,5.6788750111824795,4342131.9881020226,13,0.09667613945314224,ok,0
1235,4.9191710973561253,3734734.1512772194,18,0.14555574723580975,ok,1
1236,5.9063270491795077,3637987.2419632743,20,0.099304383885868597,ok,0
1237,10.290454675527041,3805294.2031575032,15,0.14488059795613517,ok,1
1238,6.7337074549308946,3643517.7965534311,21,0.13461582077863221,ok,0
1239,3.1874373034954964,2267725.2931199414,44,0.18381999296143442,ok,1
1240,5.4593192993944291,3804559.2701581912,18,0.12628600124905487,ok,0
1241,4.832675931886901,3630373.4462739266,18,0.13930781330188985,ok,1
1242,3.9499627934412636,2142731.0761223878,41,0.13371890654430837,ok,0
1243,5.0114343717725456,3614935.0811110474,21,0.11377568703864371,ok,0
1244,3.4497565555297873,2581618.0750895645,32,0.1250438370843393,ok,0
1245,5.0756037232350568,3802560.2086764015,17,0.096157931663150231,ok,0
1246,5.790744150650081,3680773.0448139957,16,0.10658595408946536,ok,0
1247,5.521061547762776,3647422.8120671376,19,0.10824694176236394,ok,0
1248,4.9559198934391944,3653049.8052937905,20,0.16063079438394923,ok,1
1249,5.7531513855325143,3689380.0035753543,19,0.12334203964645296,ok,0
1250,5.6238494373053642,3629542.4157610266,21,0.081664354684577667,ok,0
1251,5.3313512931296234,3711452.799579489,15,0.083254481913269451,ok,0
1252,4.8210765376827585,3612692.3854652718,17,0.092328366777544635,ok,0
1253,5.8373275780674394,3587879.183005542,26,0.087199178049318649,ok,0
1254,5.8370550263226004,3673320.1495624841,19,0.12033915683504642,ok,0
1255,5.3351102539032587,3969858.3306783633,18,0.10965890869550698,ok,0
1256,3.7903115258089919,4143849.9275444434,14,0.12583456745159355,ok,0
1257,3.5486046028251623,2342560.3317427742,36,0.18238240033100814,ok,1
1258,7.3715119276729686,3905084.5862549255,13,0.089903475389784382,ok,0
1259,4.7003447592141177,3598335.7008941453,17,0.13031887956734756,ok,0
1260,6.9467390804014721,3624142.8051137049,15,0.083946884693888668,ok,0
1261,4.761398614519277,3597216.742290881,19,0.11091158586160266,ok,0
1262,6.519870508762116,4243476.6336426912,14,0.07875654530650833,ok,0
1263,6.895542164516268,3606036.1188683403,27,0.10905035162176946,ok,0
1264,3.752363611805015,2267725.2931199414,42,0.14825227518959472,ok,1
1265,9.0629192113870509,3689959.7958552944,23,0.13441393359020987,ok,0
1266,3.5047518067887573,2786813.40424396,32,0.10467812460298009,ok,0
1267,6.9884486544421254,4240421.244178229,15,0.12680938055965851,ok,0
1268,5.7866495878755844,3651374.3927798495,19,0.044687115574496339,ok,0
1269,5.5569249532769707,3642444.1209747894,19,0.10421601546789344,ok,0
1270,3.4722241785427559,3736339.4441347118,14,0.092134147424484558,ok,0
1271,13.65979599626136,4334316.3849267373,14,0.10224266223936229,ok,0
1272,10.102689169429267,4240852.2848114157,8,0.093678474164972214,ok,0
1273,3.0505024744196287,2090177.9550635067,46,0.15079730830394822,ok,1
1274,6.1579117392825493,3613931.7713984749,19,0.080800483268851475,ok,0
1275,4.2836467306484192,2267725.2931199414,34,0.13223568210550118,ok,0
1276,6.3256344696704048,3588793.3240836691,18,0.09455928904332056,ok,0
1277,4.6990278848498122,3732211.8311770004,13,0.12185028658644881,ok,0
1278,9.8325829030245906,4143565.7440818357,10,0.10026527991138712,ok,0
1279,4.9695006627944291,3718433.3516554674,18,0.11159288869781292,ok,0
1280,5.67503513749402,3614779.3090658374,19,0.13245626109727165,ok,0
1281,3.1532326462960336,2090177.9550635067,43,0.13333630301320709,ok,0
1282,4.8556484262965487,3622032.0927799582,18,0.10139113779725106,ok,0
1283,5.5073473620008402,3600090.9502020581,15,0.080237781531806829,ok,0
1284,3.1671793067431273,2090177.9550635067,41,0.08767875869703956,ok,0
1285,5.5607521110169067,3609723.4171072263,20,0.096278327118795581,ok,0
1286,4.7904917853741056,4032687.0987624819,19,0.086862993365282526,ok,0
1287,5.7615858444781898,3729367.3358484767,19,0.073240129692526412,ok,0
1288,4.3143214800634322,2342560.3317427742,37,0.14075504706522413,ok,1
1289,10.182319395570079,4534544.4778110422,10,0.12965790843259706,ok,0
1290,3.4216671686017963,2349511.4431106183,44,0.10291833043797119,ok,0
1291,7.8526447653298499,3768444.9270100538,22,0.12391135723160834,ok,0
1292,6.1672048766619643,3931355.9906139001,14,0.10846512907388062,ok,0
1293,3.2558419721483371,2349719.955294122,43,0.1560128998883325,ok,1
1294,4.2975460746696239,3599194.9708433342,23,0.14338233431681646,ok,1
1295,5.152315191122903,3590639.7008454297,24,0.11715085458865948,ok,0
1296,6.3651899932613247,3594937.8383982047,21,0.11751526589065986,ok,0
1297,4.1417901962500352,2772356.9728852585,37,0.12798563734682,ok,0
1298,8.7190707453882474,3592963.1082622744,18,0.1430207415755429,ok,1
1299,7.0346625353555474,3652604.8789749532,19,0.1147906048502782,ok,0
1300,4.2986012652278003,3616702.9942454826,28,0.095255688108031866,ok,0
1301,5.1225022690127791,3602166.9001125903,17,0.10877070301502401,ok,0
1302,8.3231140115170277,3984674.1772027682,14,0.14656348580812678,ok,1
1303,6.3826208187210876,3588361.9229696658,24,0.099482968958269913,ok,0
1304,7.7704327942239786,3794945.2971859034,19,0.095048070563983122,ok,0
1305,7.1390372398444439,6176115.7098093852,7,0.11885042395953438,ok,0
1306,7.0915724604096235,3740149.1179171912,21,0.10023190431643636,ok,0
1307,5.7320587786526449,3843055.0284424745,20,0.095673415129044426,ok,0
1308,2.983638152546642,2090177.9550635067,40,0.13281228841979975,ok,0
1309,5.386925780029153,3920917.3338391948,15,0.13454261679373691,ok,0
1310,7.8316572495355565,4183811.3064198121,15,0.11806901035788109,ok,0
1311,5.8739641890263128,3680219.1527439314,23,0.085944113426800195,ok,0
1312,3.8456953908326046,2581618.0750895645,32,0.11335725696307053,ok,0
1313,6.755904484047389,3820535.226592619,21,0.1230241051451697,ok,0
1314,4.5675586983581979,3598701.3339405982,19,0.083260612764300967,ok,0
1315,3.7653899377135729,3261364.380769941,21,0.10160997849859704,ok,0
1316,4.2656540167758372,2678205.3747857241,23,0.10015406680349836,ok,0
1317,6.7279993399870799,3609128.9334711693,21,0.12574117271252933,ok,0
1318,3.0492502207859156,2349719.955294122,41,0.12749418919007161,ok,0
1319,11.856661168074393,5228097.3302909657,9,0.13769304526262571,ok,1
1320,5.5288905702787305,3611794.0419882857,17,0.11855108617237525,ok,0
1321,6.1439271778789664,3683899.7866410934,22,0.096000481190257392,ok,0
1322,3.7101478883815702,2342560.3317427742,38,0.1559979097586548,ok,1
1323,7.0105947159542392,4274918.2850303529,15,0.13640973520447641,ok,1
1324,6.6016406942646118,5532495.5394663103,10,0.12012472095110649,ok,0
1325,5.7504037495953568,3596691.1328710839,20,0.12726598993848448,ok,0
1326,4.9626303997856018,3603691.512157388,25,0.10317214224742854,ok,0
1327,5.0892350996601561,3602635.4872785308,20,0.12510424708543993,ok,0
1328,5.8641566110604542,3660501.4748375257,19,0.15349302245690455,ok,1
1329,8.8278976922103425,4052862.8232808649,13,0.1032256318313759,ok,0
1330,3.8603184055318209,2267725.2931199414,38,0.096128063628434735,ok,0
1331,3.3000379491736456,2267725.2931199414,41,0.12743120272735137,ok,0
1332,5.4117291952864841,3808612.9013967547,17,0.12650052146871588,ok,0
1333,3.3466614313251668,2342560.3317427742,36,0.14278724060892239,ok,1
1334,6.0398504797256365,3633534.9971961668,19,0.092819002031464426,ok,0
1335,5.8714399637907517,3899646.9925234485,18,0.099640212122712124,ok,0
1336,4.0516585618869048,2342560.3317427742,34,0.13570718406430327,ok,1
1337,20.809030172593349,5441618.8783487836,6,0.14334712661101945,ok,1
1338,6.8043807897581878,3699954.4387200912,16,0.10462316087240686,ok,0
1339,10.429245031056258,3808842.5238079489,12,0.10514680637943463,ok,0
1340,6.7354487067576336,4582758.2351491638,13,0.067538382229601512,ok,0
1341,6.121514429498454,3985586.8212940791,15,0.086422852715880016,ok,0
1342,3.9830423929514871,3588370.1644041818,20,0.065978796316192551,ok,0
1343,6.947725157355503,3661838.6919927406,26,0.077329942531122131,ok,0
1344,7.4349787920225516,3603456.2809192557,15,0.10142512498082501,ok,0
1345,6.056501700658365,3660521.2118938318,17,0.11354467084580844,ok,0
1346,5.2358565442351539,3860909.8822945151,11,0.13145440619903481,ok,0
1347,8.3102521704295711,3631675.4910620474,23,0.10959437007347128,ok,0
1348,3.7519633437076672,2342560.3317427742,39,0.11456046450959956,ok,0
1349,3.260155298697232,2786813.40424396,25,0.12048802579571932,ok,0
1350,4.729219688435272,3601806.4561945726,14,0.10923006407299021,ok,0
1351,6.3177327810486172,4441245.6878856095,13,0.12963185022423729,ok,0
1352,3.3386436470105081,2090177.9550635067,40,0.13972446392512372,ok,1
1353,4.2580680388526595,2678205.3747857241,29,0.073987314584208846,ok,0
1354,7.34181867891325,3605120.3841652721,18,0.12194005376069411,ok,0
1355,7.9161425653874593,3701997.4912952832,17,0.14798248279063453,ok,1
1356,6.1513585840437637,4548196.628928856,13,0.10850555941718509,ok,0
1357,8.378050975922843,3952926.1319626174,10,0.13015698623781735,ok,0
1358,5.7252265974924628,3660791.0602758555,19,0.13193419676211859,ok,0
1359,7.0874675843181434,3641675.9479447217,21,0.11360716832101014,ok,0
1360,7.5837699353516603,3596827.366316597,20,0.13975019214556206,ok,1
1361,4.9258938397140852,3606155.8299056357,20,0.12340464053234179,ok,0
1362,12.089372527135266,3773384.7658078778,13,0.11867732514346874,ok,0
1363,4.0690142343137214,2772356.9728852585,31,0.12899235378498869,ok,0
1364,3.9946816234325513,2349719.955294122,40,0.099118438912147333,ok,0
1365,3.6256595327957113,2267725.2931199414,39,0.11354601876007264,ok,0
1366,7.1924581785945252,4377414.1152437665,13,0.15704925426682559,ok,1
1367,4.3931138881335094,3627856.1835053181,17,0.058247742892478471,ok,0
1368,4.9961788609517024,3624331.8620315292,18,0.12741581332936991,ok,0
1369,4.4656089505176357,2581618.0750895645,35,0.099404715144337019,ok,0
1370,5.8345016004139918,4224101.9356434476,13,0.11456606968866795,ok,0
1371,5.3678097374611546,3832130.9531768574,19,0.12440075148666663,ok,0
1372,9.9569484874629701,4070569.4302368253,10,0.11458610178699374,ok,0
1373,6.0277571392805571,3764959.7340819854,21,0.082535636307378701,ok,0
1374,5.5731747737167012,3611663.2593871146,26,0.11183909825464289,ok,0
1375,3.8144277693292157,2342560.3317427742,40,0.14437302139880237,ok,1
1376,3.4401811076550497,2349511.4431106183,46,0.14461263803793856,ok,1
1377,4.7391806704350223,2984801.2881630221,20,0.1223953631788478,ok,0
1378,6.8817493444106379,3606025.7933914019,17,0.091421513299811963,ok,0
1379,5.4481872922333991,3591822.7597176814,14,0.096822859677112794,ok,0
1380,7.9975721732151674,3866903.6623387085,19,0.10403460614853155,ok,0
1381,4.2144396384396661,2349719.955294122,34,0.12325305194570368,ok,0
1382,5.1268532502942534,3682717.1506287293,24,0.089237190814735468,ok,0
1383,5.6108078774081633,3598497.0173746739,15,0.091092222723053895,ok,0
1384,5.9574091807650902,3619311.6678934107,23,0.16571705794402958,ok,1
1385,4.7729383839616677,3592717.1157933716,16,0.089298485165038688,ok,0
1386,7.0049940601584426,3589998.4885481521,19,0.10083443918153412,ok,0
1387,3.4455348492631099,2142731.0761223878,41,0.11915447418462399,ok,0
1388,6.0995930065364981,3657080.5856057811,9,0.099663241603894948,ok,0
1389,6.0099905981008064,3620198.7291142163,18,0.074703522233335207,ok,0
1390,5.2905029795131782,3810295.7314237752,18,0.10831536920693419,ok,0
1391,6.1469161634382585,3591228.7706613927,27,0.12012720312980163,ok,0
1392,5.8917466522585702,3688892.848769634,23,0.083422843393848201,ok,0
1393,7.7306276214818928,3675766.3634625501,24,0.066019101173173222,ok,0
1394,3.7636787951534489,2357307.6858878741,33,0.1154266129271157,ok,0
1395,3.3672832312895786,2609060.0868099569,32,0.10261335279580652,ok,0
1396,6.4978129771392483,3636908.7978728185,19,0.081728549881641521,ok,0
1397,3.7896386265959223,2267725.2931199414,39,0.12935566284688549,ok,0
1398,3.9958689574964312,4206745.3364702379,13,0.1255125676643094,ok,0
1399,6.4798942818244925,3591976.7811642038,20,0.15024181106421197,ok,1
1400,5.3456404644194668,3602631.1316717435,21,0.11187963288168312,ok,0
1401,3.9342699922279385,2342560.3317427742,40,0.095240592845742489,ok,0
1402,9.7197864478352543,4615331.5204857551,9,0.13693091639588839,ok,1
1403,4.2132330280545256,3594771.6904882411,16,0.080884814440161712,ok,0
1404,6.4706069975940972,3594429.7044585645,20,0.089859496972203301,ok,0
1405,4.2655819580493404,2267725.2931199414,40,0.10631597949967675,ok,0
1406,4.9517294311613105,2581618.0750895645,35,0.10642790683171344,ok,0
1407,5.0810108363409139,4103392.7682994297,10,0.12267786556104576,ok,0
1408,7.000971225371277,4250214.3516404247,14,0.11712897851700876,ok,0
1409,3.694023934380104,2581618.0750895645,36,0.10393495093989324,ok,0
1410,5.1293087963490862,3612646.9041538108,19,0.10461239878634998,ok,0
1411,4.7988375190257901,2609060.0868099569,32,0.10414350127704552,ok,0
1412,8.6661225404385629,3934139.1005074969,8,0.096061384928980309,ok,0
1413,3.0669989055760385,2008285.8541831209,43,0.15629364024638326,ok,1
1414,13.985923542389433,4873648.3229978411,10,0.15082470000045178,ok,1
1415,5.0476003727462322,2678205.3747857241,28,0.1448715123572476,ok,1
1416,4.5606325904313785,3689795.3107241737,18,0.10325187497025723,ok,0
1417,6.6172902404782992,3985200.6429020199,17,0.10862892549469316,ok,0
1418,7.0462344376707042,3620216.0387446005,21,0.12334740479362083,ok,0
1419,5.1139669890012964,3807620.7438669456,18,0.067222671616296692,ok,0
1420,12.171170313879362,3761198.6071491791,13,0.092080682308234629,ok,0
1421,3.6770687852089181,2267725.2931199414,40,0.1100629305219174,ok,0
1422,4.4201547460097643,3637394.0481002708,22,0.14257485027811334,ok,1
1423,3.2059531319491121,2267725.2931199414,41,0.10436585621117334,ok,0
1424,5.2819406758587855,3657625.2177165071,20,0.066244006090266122,ok,0
1425,12.042811892419488,4834080.5890977792,8,0.1021401575403349,ok,0
1426,5.4587949811440497,3695169.1168289818,16,0.11084764487283727,ok,0
1427,8.2418430994140284,3691208.8233031579,18,0.089777774858872172,ok,0
1428,4.2257378499579801,2349511.4431106183,45,0.15094935215553545,ok,1
1429,6.0895738838245599,4495829.7132096533,10,0.09055654673112068,ok,0
1430,5.741116215602287,3746861.6047008061,15,0.051114082841246966,ok,0
1431,7.5303085286780416,3590684.0466067661,15,0.094004808646159566,ok,0
1432,5.2402155623552016,4445104.4932967313,12,0.12043555800887551,ok,0
1433,5.0982908821632966,3743610.076058106,16,0.066425174962333022,ok,0
1434,4.8582096239236074,3616889.3371457625,22,0.10426825496706649,ok,0
1435,7.3313537397594128,4387173.2831700165,10,0.11158850720720537,ok,0
1436,4.2922486774757438,2342560.3317427742,35,0.12621030287418467,ok,0
1437,6.1088243451783457,3669058.0008574473,15,0.087503406337255507,ok,0
1438,6.0117437305738974,3939096.1079525584,10,0.10174875133837402,ok,0
1439,3.6938446051743044,2267725.2931199414,40,0.11011648877944735,ok,0
1440,3.8692353425569506,2349511.4431106183,35,0.10210750395350532,ok,0
1441,5.574394956016345,4011594.9920653589,18,0.10216863304035317,ok,0
1442,4.0836720822056751,2609060.0868099569,35,0.13922414189168447,ok,1
1443,6.9725218902460879,3706487.9986817446,19,0.087700737974635068,ok,0
1444,3.4496099426588249,2267725.2931199414,37,0.10290325138873369,ok,0
1445,6.6497848339228636,3678639.9384999722,14,0.076599514153146281,ok,0
1446,5.2628946513462243,3666106.9913540357,21,0.098986755274571236,ok,0
1447,5.7156207780419548,3646686.5507462015,21,0.09137880444576385,ok,0
1448,10.308033356638393,3634250.0458225687,25,0.11527171560394966,ok,0
1449,19.2180564278238,4843595.1401880402,9,0.13954173213501642,ok,1
1450,11.213218087810132,4487702.1793837883,12,0.16812984342730913,ok,1
1451,5.036802451943359,3597964.6881749486,24,0.10232660222866041,ok,0
1452,5.1398521235991481,3664459.4760067463,17,0.10939868549001652,ok,0
1453,6.1606913270621915,4133618.4260111195,16,0.084650686039911438,ok,0
1454,4.070759072048233,2349511.4431106183,42,0.11566451254572008,ok,0
1455,8.0287595889560954,3615922.6034003291,12,0.12991172041196553,ok,0
1456,5.4202455851821503,3635188.0100727607,18,0.11111741275718756,ok,0
1457,6.7176729003100304,4553012.4085137788,13,0.098676426493617519,ok,0
1458,4.1746426191540138,2772356.9728852585,32,0.12838925917426325,ok,0
1459,5.8408304962759265,3686601.7575964825,19,0.12653467827215731,ok,0
1460,3.9766007548010891,4102996.4737054287,8,0.10860627912195242,ok,0
1461,6.3116021560496591,3617115.4247530019,19,0.071912825289879412,ok,0
1462,7.7921202415362369,3799267.002933336,18,0.10108989606989516,ok,0
1463,4.0228945275030075,3856872.3235248714,13,0.12053520597570644,ok,0
1464,4.7039300688826096,2798038.8762947805,19,0.13642899217943916,ok,1
1465,7.8494645835793646,3793037.0531323515,21,0.086965239011024986,ok,0
1466,3.6326588066482906,2267725.2931199414,43,0.12572630808495122,ok,0
1467,5.4123773548681529,3589491.1515840138,18,0.10747718437686071,ok,0
1468,6.1896189444216292,3918411.3204307826,11,0.079175799264501912,ok,0
1469,4.2682363045360692,2378837.9975668644,34,0.14636382716074203,ok,1
1470,6.4302268428246423,3646157.0730007966,15,0.081372700118578112,ok,0
1471,6.0977409622546084,3883796.8017576607,15,0.11646129965095964,ok,0
1472,4.7416370395325487,3596916.0227897335,20,0.099258686045340272,ok,0
1473,8.9457336465246868,5109894.5505967671,7,0.11164720985621823,ok,0
1474,3.6034903991552967,2349511.4431106183,37,0.14428040592389957,ok,1
1475,7.4558580416675397,3870957.1397983483,14,0.11418643883867335,ok,0
1476,3.0591326072702887,2798038.8762947805,20,0.10000000000000001,ok,0
1477,4.8292617738069117,3628978.7998853577,17,0.12670799163794297,ok,0
1478,6.3226146337002733,4208649.8973440547,11,0.11786879289625102,ok,0
1479,8.1339631832843367,3602395.3144284901,17,0.072201213665718522,ok,0
1480,7.1180555960059344,4074407.0119999731,19,0.13155458391867392,ok,0
1481,6.1605038514328925,3608782.3838606323,20,0.05850689010534027,ok,0
1482,6.9180541587359263,3755352.0293197562,19,0.096626470611722359,ok,0
1483,5.6678945717990317,3625479.5001388416,21,0.083267519041202109,ok,0
1484,5.1789284462501985,3608861.8911254574,19,0.09726835089191721,ok,0
1485,3.7420499770875089,2349719.955294122,38,0.13573147095184857,ok,1
1486,7.0148426462299973,4244359.4821385695,10,0.074941648572723674,ok,0
1487,6.1417519495837229,3745497.538993204,18,0.071395834531170432,ok,0
1488,5.2331328792221834,3654223.6774305077,18,0.12113773164432329,ok,0
1489,4.6312708715791002,3594825.2173533728,19,0.13786019433810426,ok,1
1490,4.4519137552196781,3590329.95356692,19,0.10374656629208517,ok,0
1491,3.9241190989982133,2142731.0761223878,42,0.13685093644947666,ok,1
1492,3.4387197457596872,2342560.3317427742,41,0.13517722552396028,ok,0
1493,10.223636925184614,4225603.4704092005,8,0.14647994476622217,ok,1
1494,7.9814204464411693,4336479.996268468,12,0.076558771683276627,ok,0
1495,4.6762499245870153,3786544.4699187353,17,0.097447232717123744,ok,0
1496,4.7578641397743429,3702374.4393600998,17,0.11412000436465647,ok,0
1497,3.2195263677376902,2008285.8541831209,42,0.15528445101627308,ok,1
1498,3.8904972965017608,2349511.4431106183,43,0.10419776570886097,ok,0
1499,6.1975307587114177,3653635.8395107705,17,0.095187288728064812,ok,0
1500,3.3503729688614583,2142731.0761223878,44,0.11582300366315368,ok,0
1501,4.5256104380931941,3687172.7876203335,15,0.084623729821497518,ok,0
1502,4.42055004937143,2786813.40424396,24,0.12434289605391596,ok,0
1503,4.6539575759389571,3655778.9943185314,20,0.11339325490049434,ok,0
1504,5.895508453124628,3632837.6888408465,18,0.092218744407902342,ok,0
1505,6.5795541312541506,3765409.4313884,21,0.15864095024648062,ok,1
1506,17.206268317769251,4554514.029378958,10,0.092805820881577183,ok,0
1507,6.3191117363677547,3679004.0005226745,16,0.085330778343384761,ok,0
1508,3.4869857318007518,2090177.9550635067,43,0.11669462270466813,ok,0
1509,10.670589079987646,5342467.4991405513,6,0.13736490521218181,ok,1
1510,11.060527590427796,4252277.7210426452,11,0.15233311031582469,ok,1
1511,5.0963408826872456,3722246.4974914296,20,0.077283844692231596,ok,0
1512,6.2708907707130219,3737868.5816538283,24,0.12063367353349874,ok,0
1513,9.8186868139944732,5079504.5880983779,7,0.12096217404530996,ok,0
1514,4.4764461345284463,3608817.3203458195,20,0.1037031758752921,ok,0
1515,4.4605253654874133,4089385.7424408444,8,0.096283488572226794,ok,0
1516,7.1566826320568957,3746843.3342906437,25,0.10684753978872913,ok,0
1517,4.9665458987824316,3592986.4956049374,21,0.15013045680106329,ok,1
1518,7.1211132224343432,3681771.2722766916,18,0.13011189354326813,ok,0
1519,4.9390991357351499,3976790.5048521156,12,0.17596972700477265,ok,1
1520,5.060243252125689,3607582.0453837598,19,0.12138267958821425,ok,0
1521,7.3959235519228823,3595715.8730632821,15,0.13437842396340549,ok,0
1522,5.9460564040134392,3590845.8202531724,22,0.066455213233669597,ok,0
1523,3.7170589169893504,2581618.0750895645,36,0.088327431808299994,ok,0
1524,4.6750578644613885,2786813.40424396,23,0.16565525321654551,ok,1
1525,13.472894155745738,4368831.8901379239,9,0.13491032330808161,ok,0
1526,3.8019429630003785,2349719.955294122,38,0.097658910313485087,ok,0
1527,5.8432050838481313,3597632.7436252232,16,0.12747123715089437,ok,0
1528,3.4054618898252165,4358147.5381671926,7,0.13926612975285818,ok,1
1529,5.3236348002258955,3673357.146868397,18,0.066216273338222414,ok,0
1530,3.5545620426649323,2267725.2931199414,45,0.1142141877320228,ok,0
1531,5.3164215163167867,3784366.5367871425,16,0.088770601023740792,ok,0
1532,3.3185316119006978,2142731.0761223878,47,0.12506037383345636,ok,0
1533,3.7604242081702033,3828976.5527452449,16,0.082035423032061017,ok,0
1534,3.9312002862805171,2609060.0868099569,34,0.11794311674955948,ok,0
1535,6.6122844437926371,4142828.894839027,16,0.10076259235524221,ok,0
1536,7.0035633067629215,3601684.5642742892,15,0.11433044929527481,ok,0
1537,6.8571843159347088,3699379.0746548162,20,0.11114768681423626,ok,0
1538,5.2827323334311673,3618091.8794011828,19,0.12279706212546182,ok,0
1539,7.5868364258506444,3596460.0932161217,17,0.14138745622675586,ok,1
1540,4.3451206287377051,2349511.4431106183,43,0.10063901914289497,ok,0
1541,3.7739103910947356,2267725.2931199414,43,0.15002276674071624,ok,1
1542,21.698194215743264,4069511.2557058884,5,0.14880647697710059,ok,1
1543,6.8908203218431607,3607798.255853801,18,0.10701638088691479,ok,0
1544,8.7029621467076499,4467746.1014401373,10,0.10976492198145682,ok,0
1545,3.7846422370152859,2342560.3317427742,40,0.12442393150125175,ok,0
1546,6.0954107364187937,3592570.6717813113,15,0.11476598368382895,ok,0
1547,5.897382151348336,3621828.9127108678,13,0.12143210951687466,ok,0
1548,7.0886784126768729,3645429.1843504705,14,0.10709792428994236,ok,0
1549,12.20459039184615,5039396.4136575544,7,0.13871558598435751,ok,1
1550,6.8847388376124705,3769865.3080945476,17,0.054615946803162008,ok,0
1551,5.8725531077211874,4203029.4133722521,15,0.068140764582723751,ok,0
1552,7.4623748050787704,3775241.8313557426,16,0.14950532798088512,ok,1
1553,8.1813158808069453,3821796.3937072307,18,0.12851026937174259,ok,0
1554,7.4275663245630987,3607799.9564141352,22,0.067523957201276796,ok,0
1555,7.4100979398135278,4736407.9499327159,7,0.12672704504401594,ok,0
1556,5.0002894329237799,3899827.3993834355,18,0.13486394165050153,ok,0
1557,5.4258241464435066,3902224.8376235892,15,0.098489990605021949,ok,0
1558,41.631382012674166,5392069.7550753662,6,0.11341990602572849,ok,0
1559,30.243333232681298,4180408.5699347612,6,0.11734061205850399,ok,0
1560,6.0772997484251308,3647049.057187988,22,0.11387198096687168,ok,0
1561,8.4206573504817648,4849520.2327682078,11,0.10436273014212005,ok,0
1562,7.4217267655149701,3671808.4149158308,21,0.093450439903893123,ok,0
1563,6.2507426495791005,3831898.3341814135,17,0.10351365661519052,ok,0
1564,7.2082829157806056,4113121.1070331712,13,0.10797805274826527,ok,0
1565,7.3082510581249513,4158728.9984484031,14,0.10924702417153498,ok,0
1566,6.4320124913946053,3650537.7586066094,25,0.10193713635855367,ok,0
1567,7.4468099930738916,3839896.0058045294,15,0.08331585068483649,ok,0
1568,3.8963489350629557,2581618.0750895645,30,0.12663089159209007,ok,0
1569,5.3921540702662201,3683899.2867732733,20,0.15155195495281881,ok,1
1570,5.8150125871957989,4030136.1198374224,14,0.11768318914365916,ok,0
1571,4.0247000565573199,4149333.1100360057,7,0.17631256697937969,ok,1
1572,10.110481840179265,4101685.5531065026,8,0.13522654030605252,ok,0
1573,4.4123754057705771,2349719.955294122,33,0.11035928842324674,ok,0
1574,4.5760948798851864,3643597.3486864315,21,0.081123406682186927,ok,0
1575,8.8691301670947329,3839652.6725149979,14,0.11594346235649844,ok,0
1576,5.4756514333583173,3684266.0720411725,18,0.063682620324620021,ok,0
1577,4.4629699167773644,4085883.1464948463,6,0.15228889103158771,ok,1
1578,4.9703146472490358,3591481.6209029718,17,0.11717331946764253,ok,0
1579,7.181289322581951,3588064.400573737,18,0.15336337792419452,ok,1
1580,6.988897468820559,3637881.7990720952,17,0.14594188780464235,ok,1
1581,6.8400922292107138,4659008.1425524922,7,0.12592842988058306,ok,0
1582,6.86468201717397,3635267.903421395,24,0.070806228845622377,ok,0
1583,3.2851268557825741,2090177.9550635067,43,0.13630571702216859,ok,1
1584,4.5961494507669398,3613636.6511592707,21,0.098243948145481874,ok,0
1585,9.516182187575545,3999571.620324736,16,0.1397667548667022,ok,1
1586,6.2953326455765684,3838772.028688598,19,0.096392289719414492,ok,0
1587,3.9239693829790947,4036817.1156426421,14,0.14939800407466242,ok,1
1588,4.7115647704981036,3743604.5862317481,16,0.09086164471577951,ok,0
1589,3.6880603226851303,2581618.0750895645,31,0.13051579431669946,ok,0
1590,16.82699877918423,4770673.9343219614,6,0.14699387432307409,ok,1
1591,5.817575420163358,4269023.458800192,8,0.11486344949281313,ok,0
1592,4.6798056346672112,3710339.8329727682,14,0.10894802312420593,ok,0
1593,5.722966301713738,3813653.5894762198,18,0.099289649110941625,ok,0
1594,4.5616417768370709,3777730.5019828412,15,0.11732585863279776,ok,0
1595,6.4467857197319507,3733447.2760329517,13,0.11844572264515396,ok,0
1596,4.0941892156152413,2581618.0750895645,38,0.14002670800348938,ok,1
1597,4.8133525446677723,2609060.0868099569,34,0.11708124648447704,ok,0
1598,3.1480485288131805,2090177.9550635067,46,0.13718053318052237,ok,1
1599,4.6949672733987473,4067961.7546237218,16,0.1075633067483982,ok,0
1600,4.7518135345925181,3701855.0573968012,17,0.10903384062022192,ok,0
1601,7.1775532687635826,3592523.7187122586,27,0.13903371862568503,ok,1
1602,4.4404755462225403,3802277.3736246158,22,0.10997275272802065,ok,0
1603,6.6769497989848086,4281643.6520567592,14,0.12004373507036933,ok,0
1604,3.0951197007385871,2090177.9550635067,48,0.09260800369557165,ok,0
1605,13.958262246318835,4567647.4659223473,6,0.13405669327447289,ok,0
1606,10.329870953215666,4227285.821570023,11,0.12473367253323686,ok,0
1607,6.4112597231729413,4007371.9191004974,15,0.12264833636696904,ok,0
1608,15.019658193070248,5412428.9174013017,6,0.1611002317698067,ok,1
1609,10.343440044857646,4771480.1168066142,7,0.15045489140978185,ok,1
1610,5.6989853634778243,3802827.56803934,21,0.095374783399619689,ok,0
1611,4.5956941119867238,2609060.0868099569,27,0.11570238213983342,ok,0
1612,5.7421208691805381,3969704.3340549599,14,0.059032299686901601,ok,0
1613,4.857976281270755,3632697.1989968037,18,0.11787623614136788,ok,0
1614,5.7135637736415283,3721115.8566928129,17,0.11055595617462946,ok,0
1615,4.9718221496659485,4103807.5281135519,14,0.082015551322801583,ok,0
1616,7.8775332830234586,3979078.3772253562,12,0.073157590376243545,ok,0
1617,10.709981590894477,4148319.9887423478,13,0.12482540987568913,ok,0
1618,5.6998371556683329,3642823.7049585651,20,0.11427455441137313,ok,0
1619,7.4574575393637401,3679566.6677704868,18,0.097538456105791482,ok,0
1620,4.749651183568858,3587972.3169713691,19,0.10295348302083712,ok,0
1621,6.9383601262023671,3900143.8184384643,16,0.11331536284831423,ok,0
1622,6.3356193188377734,4591155.638696691,11,0.13044056251383457,ok,0
1623,5.869539734034567,4060644.8658133158,11,0.073886066940347855,ok,0
1624,5.5746878740523789,3657837.5159700857,15,0.14562847630596776,ok,1
1625,3.3599240111217581,2349511.4431106183,42,0.13181151037980821,ok,0
1626,5.5512468604379839,3607599.9435667531,17,0.10150738630969858,ok,0
1627,6.3608546748153456,3653231.4157931646,18,0.13019448519442056,ok,0
1628,6.2726424281107187,3603097.7920354423,18,0.11993737432994023,ok,0
1629,4.7737029189655935,3158053.4917109548,19,0.12573808493798555,ok,0
1630,4.5740123893251008,3729177.2602957385,17,0.10889775382175992,ok,0
1631,5.6177472218218414,3991976.6724255006,14,0.078625086274986433,ok,0
1632,6.4307682759350842,3871550.6930961069,13,0.1156172972054953,ok,0
1633,7.1875070402922718,4364146.2607875559,13,0.10403061648938905,ok,0
1634,7.5873089072133677,4164070.9347739322,15,0.11587892972430391,ok,0
1635,6.3243281864185139,3883599.6907963911,17,0.083055456074294653,ok,0
1636,6.5203185820379588,4355376.7367841918,12,0.089575177095547631,ok,0
1637,6.8867167161348517,3655933.6056855326,19,0.1387463662546588,ok,1
1638,6.6454528749635777,3661412.8466334771,22,0.10105058583242765,ok,0
1639,5.4348587690527381,3607664.5353864054,22,0.14687991064429162,ok,1
1640,5.5654435109267197,3614740.639156526,21,0.11563354533454628,ok,0
1641,10.400433138690033,3776407.6515645948,14,0.12529128123549718,ok,0
1642,8.010231880573409,5044122.0597437751,9,0.11633664608571215,ok,0
1643,6.0370917796906589,4045620.3743578987,12,0.086664642747203202,ok,0
1644,6.1556294772031013,4306998.4738810509,13,0.11390348313437404,ok,0
1645,3.7235520977702166,2267725.2931199414,40,0.12144271247011135,ok,0
1646,7.2580034345462492,3933073.6461446453,13,0.089310677955398488,ok,0
1647,3.5081416614073251,2267725.2931199414,34,0.10111277471448324,ok,0
1648,6.9000425589272627,3617584.3994647078,23,0.10314225596847171,ok,0
1649,3.4483043649932625,2142731.0761223878,43,0.14470178280165802,ok,1
1650,6.2045430551447369,3621287.7670778292,22,0.16605110267543399,ok,1
1651,7.6771041195398464,4203428.1240567649,9,0.10827805949819108,ok,0
1652,6.3438296998079702,3820938.1432659379,19,0.10818561366848145,ok,0
1653,9.9492474641642339,4034581.1025512642,14,0.096917632050160463,ok,0
1654,7.7307116977655106,3672046.2786812461,17,0.11941233128556811,ok,0
1655,6.5314921129288646,3673755.2027061228,13,0.11656096788037695,ok,0
1656,5.2563721778161412,4726793.2422251841,14,0.091178088128656798,ok,0
1657,4.6241358350254398,2678205.3747857241,33,0.13339984289409557,ok,0
1658,6.2583245839718158,3640194.948805619,14,0.1278362793304415,ok,0
1659,4.9655498724125184,3820866.8594979364,13,0.092089008280752616,ok,0
1660,6.4253903825756176,3596639.2809311035,19,0.11580998464605807,ok,0
1661,13.862468218682672,5330639.8997055395,8,0.10309214955185053,ok,0
1662,3.4914612160727683,2349719.955294122,34,0.10067746546605028,ok,0
1663,9.8076866987766209,4103420.7562028705,15,0.14186634322920844,ok,1
1664,8.1093419184532642,3589970.5971248532,20,0.1092606545117023,ok,0
1665,7.9753522295738097,3592442.2880610679,18,0.078670697966270686,ok,0
1666,5.303306650753151,3973022.9847835382,10,0.13967633180548045,ok,1
1667,6.5009104959293653,3614756.0181193226,18,0.099220541198670298,ok,0
1668,6.3659579962004873,3623081.3929434093,19,0.072424492694811493,ok,0
1669,6.0643571730727395,3612302.9522171812,21,0.12038213852153046,ok,0
1670,6.4586290275393461,4603618.3633522429,9,0.10592775054473669,ok,0
1671,7.8434949786210364,3663151.3636749429,15,0.09087487186238552,ok,0
1672,6.3842337022473767,3741246.0062522735,21,0.088549443838999764,ok,0
1673,10.208097792813472,4463173.0909159295,12,0.1257868897405679,ok,0
1674,8.2372999891780321,4026233.2881261776,15,0.13146991339985403,ok,0
1675,7.7027798128070319,3601584.1814335543,23,0.13284253149960157,ok,0
1676,6.0989959054277714,3981490.6494592507,16,0.15164714293858939,ok,1
1677,6.7953978572779796,4007671.078936853,15,0.12193718310876051,ok,0
1678,5.2540981776759335,3639569.2251961669,16,0.134012904520043,ok,0
1679,11.936361259080734,4764403.8188833306,6,0.12191979949616805,ok,0
1680,5.140443064468518,3664686.0729826493,23,0.073569212506216286,ok,0
1681,7.4898152014113881,3595468.0923775258,24,0.10962360736670695,ok,0
1682,3.8862366585486301,2609060.0868099569,36,0.12419901982388293,ok,0
1683,5.3483030874870963,4119039.8266457804,18,0.10498995195097516,ok,0
1684,3.7412152096328475,2267725.2931199414,40,0.099867212091881652,ok,0
1685,3.4175381533283744,2090177.9550635067,42,0.12740656210252424,ok,0
1686,8.2259863773503685,3724179.2722644443,14,0.12701235821007845,ok,0
1687,3.4129113172145678,2267725.2931199414,41,0.11577528041530671,ok,0
1688,14.414932269900806,5298407.2998589296,5,0.14772651916744051,ok,1
1689,6.3081099321582945,3669519.6723972177,15,0.087731952637642996,ok,0
1690,5.275878918342106,2581618.0750895645,34,0.1448787568924661,ok,1
1691,4.8178076010481909,4069451.4535689368,11,0.1286999115238403,ok,0
1692,6.4575892470207243,3598696.2002754868,21,0.084971406122234916,ok,0
1693,6.8975034213580715,3636396.9434286812,15,0.12986594670128249,ok,0
1694,6.1750144457872178,3601704.1754474947,21,0.15358201195925159,ok,1
1695,3.9694326462125988,2581618.0750895645,38,0.14776589383382133,ok,1
1696,6.1405692859603436,3616640.0220294595,23,0.10876795173885134,ok,0
1697,5.6852898266886376,3811743.1428547925,17,0.092319506261605122,ok,0
1698,6.9572442382466733,3596380.2567702639,22,0.093032478349715952,ok,0
1699,6.6260955361369804,3621883.2128293291,17,0.13099641659743622,ok,0
1700,5.1784523949814547,3645032.4615866872,19,0.12062189487348551,ok,0
1701,3.3396384644080439,2357307.6858878741,39,0.14748721761704603,ok,1
1702,3.7933513450870344,3629444.7343108701,23,0.071491332746531966,ok,0
1703,6.3687713500722705,3627587.9218609831,18,0.092744072435758107,ok,0
1704,3.6857555301771292,2349719.955294122,38,0.10822922176224303,ok,0
1705,3.5415781778049724,4579397.4922462534,11,0.074116159514523439,ok,0
1706,6.7397603264030534,3905554.125367872,17,0.11506470428809157,ok,0
1707,3.6284847192745668,2581618.0750895645,33,0.099436085234766658,ok,0
1708,3.8555008849428374,2267725.2931199414,41,0.12780902860531163,ok,0
1709,5.3074869697800757,3647402.7541187704,17,0.11449455573801737,ok,0
1710,4.6529523215933919,3654083.3575722184,20,0.094169912357775942,ok,0
1711,7.0764278497031627,3591817.4990703329,19,0.12342173072714291,ok,0
1712,7.8356548197660256,3635657.2589714448,19,0.15823534563399572,ok,1
1713,7.876917689042366,3744045.7409032653,13,0.12665964045599398,ok,0
1714,4.6044768084725689,3634992.1211020593,18,0.10310043601394636,ok,0
1715,5.516714748623202,3700954.0868036812,25,0.091023139135438802,ok,0
1716,5.0435676149332203,3708442.0116524929,18,0.077505640869104331,ok,0
1717,8.2054738624377617,3590141.6872131373,19,0.11878355471829155,ok,0
1718,8.1043056890310297,5393501.7561759362,9,0.10082448526276766,ok,0
1719,10.838809002709652,3999836.7675456731,10,0.10696077340393617,ok,0
1720,7.2850964457556575,3796405.8250525491,19,0.090671267660051624,ok,0
1721,5.8548891414835298,4127546.6749892379,13,0.097186558092753006,ok,0
1722,3.9098775419456886,2349511.4431106183,38,0.10819276876368686,ok,0
1723,5.5727232239917903,3802506.7329373132,17,0.10835923537018821,ok,0
1724,5.9181981207561014,3610012.6642462867,20,0.10710354291051416,ok,0
1725,7.0236158747121467,3598629.2575240941,17,0.095754165430549709,ok,0
1726,5.412510052937364,3776134.9263155907,11,0.12612904506914935,ok,0
1727,5.9920135062216771,3602775.9179633372,21,0.08605165203820081,ok,0
1728,4.6484640700753683,2628545.6714319899,23,0.10090672231249465,ok,0
1729,7.3538972845825707,4285078.4250782849,9,0.099720388807896354,ok,0
1730,6.8609481900966705,4074578.9176564021,19,0.11412268545297122,ok,0
1731,8.2410368053340122,4724798.7399214441,6,0.12491024113773519,ok,0
1732,6.7811071608569398,4542032.2633107081,14,0.11022139122579711,ok,0
1733,5.490212497774742,3658318.9102214612,15,0.098637585009023754,ok,0
1734,6.6288941302677538,3602176.5882855495,24,0.119907919167731,ok,0
1735,6.2271259963426298,4259141.1151987361,9,0.087277766697853143,ok,0
1736,5.9379318953999967,3695887.7670757365,17,0.092848582359255472,ok,0
1737,5.4693895604158138,3586565.2460161466,22,0.096960787811222637,ok,0
1738,4.233627668874842,2628545.6714319899,33,0.11082207237563757,ok,0
1739,7.6699182968978556,3928499.4687935729,17,0.080972269214345305,ok,0
1740,3.4807375374824949,2267725.2931199414,39,0.1213099224033245,ok,0
1741,8.8727112970559556,3669549.2952364329,17,0.13132607866738344,ok,0
1742,9.191930871444022,4178668.9125553891,15,0.098891656234572411,ok,0
1743,9.1650942727543541,4134292.6101167696,16,0.12497134173964408,ok,0
1744,7.8943794255278181,3626612.3338479623,21,0.1305806585991206,ok,0
1745,5.350221458078388,3610179.799629441,20,0.16568116400491806,ok,1
1746,5.0738662180726184,3721261.1828980851,22,0.086307546406194258,ok,0
1747,4.7828902938829732,3644840.3946183645,14,0.082390838691454582,ok,0
1748,5.0419479988574052,3596009.1616102848,24,0.1146116875596298,ok,0
1749,5.5662883089936441,3654386.7464413717,17,0.12435849904811214,ok,0
1750,8.2616337759733334,3864860.2386821848,7,0.11314963124286925,ok,0
1751,3.4152855988247532,2267725.2931199414,42,0.13350590432142928,ok,0
1752,5.6192151962936521,3595801.6219442422,23,0.099851617306781659,ok,0
1753,3.8555520989327983,2349719.955294122,35,0.10512165219979315,ok,0
1754,3.5013891265101513,2342560.3317427742,36,0.10811679574001243,ok,0
1755,4.4761876956542599,2342560.3317427742,36,0.11964809220486716,ok,0
1756,7.8250085479328115,4695521.0014818236,7,0.1257119344706642,ok,0
1757,5.4136780271088556,3639031.2650118242,19,0.067791130082428985,ok,0
1758,5.1556995495102305,3596708.2632131884,19,0.10679443015037682,ok,0
1759,10.198666329097785,4079925.6612487938,10,0.08410792786273058,ok,0
1760,3.9513592810099341,3769723.9158826773,15,0.074286422984396305,ok,0
1761,15.056463636553518,4715061.6480145985,9,0.11575999590335917,ok,0
1762,4.4244532789069755,3603382.8866623826,21,0.097194734020521922,ok,0
1763,5.1634968997342572,3884118.6523421062,16,0.085390238903634397,ok,0
1764,12.733981685455017,4291981.3438795982,10,0.15292873395311024,ok,1
1765,4.4602449319658231,3662260.7365358742,20,0.1291751273985895,ok,0
1766,5.4765211346865224,4465824.7837606827,14,0.060135604204376913,ok,0
1767,5.4469349846607749,4087499.2238816698,16,0.071161573705563752,ok,0
1768,6.321003117634584,3617184.9199268161,17,0.13512852477788306,ok,0
1769,7.4507426940867711,3596218.6208543982,20,0.12140595998669576,ok,0
1770,7.0025026448004857,3600520.8023305172,16,0.068789038629998078,ok,0
1771,7.5790997633056891,4152035.0281140152,13,0.12747149291993354,ok,0
1772,4.639768901344997,3592667.1843459108,22,0.12850549876894768,ok,0
1773,4.8883126929171823,3601247.49739388,24,0.13203058371085197,ok,0
1774,5.9572263601165529,3648902.9497006661,16,0.11845777973431426,ok,0
1775,7.2678441062290924,3707362.1615489982,21,0.10512532232434385,ok,0
1776,5.1594341256772669,3762205.8944859398,15,0.14505486144961444,ok,1
1777,7.8561287382443217,5232873.6088468665,11,0.10682597729163534,ok,0
1778,7.8586105308735892,3967141.2876380277,16,0.090300232409872949,ok,0
1779,5.4922087997673907,3623923.9208575273,19,0.13539892372603135,ok,0
1780,5.5895763561563019,3593724.8874441618,18,0.092137728242862982,ok,0
1781,11.879980560376666,4634540.8359343205,8,0.14641966077826429,ok,1
1782,5.3769647303024204,3988494.4326679539,16,0.1103397723456857,ok,0
1783,4.1998393681606441,3158053.4917109548,23,0.12656595730797102,ok,0
1784,4.742475090028746,3614796.1330987359,22,0.11499773016034698,ok,0
1785,5.7368751957491186,3660515.3583297655,18,0.11335774851522462,ok,0
1786,4.2537160642709058,2773471.102127803,30,0.12080186645694885,ok,0
1787,5.4257233934049882,3878402.7447530073,16,0.086206689116895552,ok,0
1788,4.6099912034873523,3662103.7021005177,16,0.11434044821133316,ok,0
1789,12.390086173815684,4675580.1856498206,8,0.10827622174713203,ok,0
1790,6.3213649275050523,3625090.9144290662,20,0.16724377835004284,ok,1
1791,3.1124984821827697,2008285.8541831209,42,0.16736003264900634,ok,1
1792,5.9065045449124769,4603019.068218003,14,0.11702940505650128,ok,0
1793,6.7683002703854438,4177848.8565046261,17,0.075978137294646308,ok,0
1794,5.2727882952111624,3803106.8723443975,12,0.077237308462283993,ok,0
1795,7.5584875410771089,3626714.7993323132,18,0.1312555752944361,ok,0
1796,7.4646248168580538,3645100.8945269696,19,0.1085165513147025,ok,0
1797,5.9213882531106243,3809844.4545129025,17,0.074107742342066851,ok,0
1798,8.2161419017502304,4009370.3111724956,16,0.14014593686789156,ok,1
1799,3.711767011564838,2349719.955294122,38,0.093684377188316542,ok,0
1800,7.5164946010051867,3607246.7272418011,20,0.096993827617932182,ok,0
1801,3.74560277331158,2267725.2931199414,38,0.14308629359786496,ok,1
1802,6.4121234365489439,3695208.0995905851,17,0.07642002172063278,ok,0
1803,6.5805640298723116,3601727.2051959704,18,0.090683426383164401,ok,0
1804,3.7038003579997798,2342560.3317427742,40,0.1510367632618056,ok,1
1805,5.588480393285959,3623578.6344218897,24,0.088638239299577815,ok,0
1806,5.8037876590104567,4077182.517866862,16,0.11506007745404545,ok,0
1807,13.283491773389812,4020973.7967687277,11,0.15013710392486834,ok,1
1808,9.0282097551516056,4187063.2734889816,19,0.11569412721819516,ok,0
1809,4.3582604209264053,2609060.0868099569,29,0.08978866434987931,ok,0
1810,7.8907038607041295,5156491.8908912195,6,0.12257113908207629,ok,0
1811,4.4142307066362889,3869247.9434045334,10,0.13367096241343324,ok,0
1812,3.1307692721942164,2090177.9550635067,44,0.10768821136292961,ok,0
1813,6.5855507224050376,4033160.0798815065,16,0.090953982578847681,ok,0
1814,9.1898046012232033,3625224.6993061751,19,0.15244947616329052,ok,1
1815,4.0830164454531435,4119865.994110222,7,0.17094485877367238,ok,1
1816,6.2151519891969409,3704430.7845416958,22,0.08442181489463918,ok,0
1817,9.6310619657050101,3951822.3030239586,14,0.095338015465478765,ok,0
1818,3.8959319562650325,2267725.2931199414,41,0.13087782347078525,ok,0
1819,4.014230716995022,3861731.623291071,10,0.10540660570987914,ok,0
1820,4.3538185831063849,3261364.380769941,23,0.14275573205445258,ok,1
1821,6.8166731167225025,3662874.9893954047,15,0.11140608665882945,ok,0
1822,3.6133261687494231,2090177.9550635067,39,0.10761031509744623,ok,0
1823,3.3575177257447,2142731.0761223878,44,0.1512654901423871,ok,1
1824,3.882081043656985,3261364.380769941,23,0.1316056571085267,ok,0
1825,5.964011337948925,3640159.0457340726,17,0.13322326618750291,ok,0
1826,4.3140672175545642,2628545.6714319899,34,0.10176345733030817,ok,0
1827,4.0063520020004582,2349511.4431106183,38,0.12925772449539247,ok,0
1828,10.616207823681412,4916833.5539854327,8,0.12210446759444604,ok,0
1829,6.796681306614631,3605910.6146408794,21,0.078882993855319716,ok,0
1830,6.1416388124322552,3647607.0737343975,17,0.13012907915872651,ok,0
1831,6.1695875609171997,3664572.3933463022,13,0.12204465083347149,ok,0
1832,4.0910431758670693,2342560.3317427742,44,0.11715221712542867,ok,0
1833,4.2191394065316636,2581618.0750895645,29,0.14274262279559291,ok,1
1834,21.148193693138314,5577594.6377450926,6,0.16760139485181924,ok,1
1835,3.6754884369201228,3907565.3910609451,10,0.076242096369682488,ok,0
1836,4.2830504618318663,3837997.7121837423,15,0.13850008738894531,ok,1
1837,6.7804967163127348,3743643.7621206972,18,0.083454744325819452,ok,0
1838,3.4274605413797148,2342560.3317427742,33,0.12178933389131241,ok,0
1839,5.1618970358246496,3632740.1823508143,17,0.12848757842182879,ok,0
1840,9.950813826107856,3857312.0445296322,14,0.097613786756908349,ok,0
1841,7.8539676652258574,3858798.4682416986,17,0.090733352803978651,ok,0
1842,5.4161555284499387,3596844.8169886321,15,0.10979140871885718,ok,0
1843,4.0368885243122783,2267725.2931199414,41,0.12441519233499654,ok,0
1844,5.4042884915844347,3812432.4119230891,15,0.11852155582367985,ok,0
1845,11.556863692757364,4162506.7761987746,11,0.10838564384505167,ok,0
1846,3.5675569417027351,2349511.4431106183,45,0.11699310262246732,ok,0
1847,7.094899003720351,3645196.9586915104,21,0.0986221293627213,ok,0
1848,4.4965871150462142,4294255.9706430128,12,0.081765300414041203,ok,0
1849,3.0950084486696157,2008285.8541831209,44,0.11878852630035164,ok,0
1850,8.3321223368336881,3880554.9965496021,12,0.13555812043214643,ok,1
1851,7.929258137209894,3880901.7921766602,18,0.094780918791710689,ok,0
1852,5.7028539240431373,3732991.5062194248,17,0.12557227590942788,ok,0
1853,6.009876573461967,3783643.9100255058,22,0.086112356152558855,ok,0
1854,7.1615391921668685,3708145.6447276236,17,0.11257672007392028,ok,0
1855,6.0486591715561273,3732434.6949692681,23,0.083642766169415406,ok,0
1856,7.5173260256649108,4167976.0747889462,14,0.075984594937373251,ok,0
1857,7.6801546037488686,3595235.5589617714,16,0.10219012850803111,ok,0
1858,3.7186801802716336,2609060.0868099569,36,0.1099596817534193,ok,0
1859,5.7176414831703992,3629646.630900573,23,0.094061831221411762,ok,0
1860,6.0385902281987835,3596418.0106545528,24,0.098119082873338481,ok,0
1861,5.9052640975229647,3771409.8574575675,20,0.098538182814192188,ok,0
1862,4.8691063961531897,3702683.1466426505,21,0.10412458885974674,ok,0
1863,7.1871959455652297,3673779.3964632731,12,0.11674527174210014,ok,0
1864,5.0253006072548025,3602720.8233902254,23,0.11312656616987371,ok,0
1865,8.2932116474085831,4078276.7441533948,15,0.10763047336486919,ok,0
1866,6.3192192289770999,3593126.8000653922,23,0.075761290842846107,ok,0
1867,5.3733519601406767,3607612.9077767706,20,0.066032329495748776,ok,0
1868,5.7935474949458161,3720276.4183796053,16,0.10094545540065158,ok,0
1869,3.9601260786114034,2267725.2931199414,43,0.12036312217223588,ok,0
1870,6.5794796026920528,3589401.0783155244,18,0.14672415497242919,ok,1
1871,6.2468804343341011,3666060.6857683207,25,0.11630501442703522,ok,0
1872,3.7172809513752245,3280705.556872033,27,0.12268221564491505,ok,0
1873,5.3223524928519144,3592044.7526791859,19,0.088133810863837869,ok,0
1874,6.0319497229379673,3632381.4416419049,23,0.11614280409397337,ok,0
1875,9.9874273839323031,3903405.2577715246,18,0.12008623580933653,ok,0
1876,5.5610298034635646,3608789.9657123876,19,0.078215950481841601,ok,0
1877,3.7217197975070766,2008285.8541831209,45,0.10830677176958303,ok,0
1878,3.812167892257456,2267725.2931199414,43,0.10607121615517512,ok,0
1879,3.2742518466264738,2090177.9550635067,45,0.11726186860869187,ok,0
1880,5.1977045508109176,3655589.4064439968,22,0.090880502013981679,ok,0
1881,6.1973171457546998,3601898.255185599,29,0.10087074041679189,ok,0
1882,4.804433581688647,3596888.3958627176,19,0.11257566607764435,ok,0
1883,5.6792262305760728,3591719.2217943012,28,0.064751204690138287,ok,0
1884,8.5740932237707099,3843744.2704363372,14,0.1054885668266316,ok,0
1885,4.5496998204289048,3804684.4771781885,16,0.10201379411768396,ok,0
1886,4.5215721372597066,3643462.2773016933,22,0.10467636933776453,ok,0
1887,5.1312281075382415,3627528.9457190917,23,0.067309540678146762,ok,0
1888,4.954581956332242,3731675.1533732624,17,0.071545218214260742,ok,0
1889,3.790034989924957,2342560.3317427742,38,0.12908020291770156,ok,0
1890,5.8412583568484262,3592729.6052018525,20,0.1090758645760258,ok,0
1891,3.132957266007744,2349511.4431106183,39,0.14418115546331994,ok,1
1892,5.3646799108235399,3587926.3768152362,21,0.097492257938881499,ok,0
1893,4.578772077010612,2628545.6714319899,33,0.14325942757062879,ok,1
1894,3.761913182073326,2267725.2931199414,40,0.10805308425702753,ok,0
1895,6.2914206845607401,3868274.1579960361,21,0.089884579866765291,ok,0
1896,5.9536682682235371,3728891.3035939303,16,0.10894163418165181,ok,0
1897,6.3737176193097085,4686509.4735946674,8,0.15278239854581555,ok,1
1898,6.981155978929908,3711049.296124653,19,0.16284310769384114,ok,1
1899,3.6993819266501773,2349511.4431106183,38,0.15225153386929724,ok,1
1900,3.6879591289744016,2349511.4431106183,37,0.11582451966780777,ok,0
1901,3.7781161132708281,2267725.2931199414,36,0.11432826691708042,ok,0
1902,4.6317108280041257,3692066.0465313117,18,0.12451181488014873,ok,0
1903,5.9055274496658683,4401254.0437446246,11,0.073569173469162141,ok,0
1904,6.6655152708755594,5088500.8157596942,9,0.1305779151188684,ok,0
1905,12.961627778551986,4795569.0737393713,11,0.1465185439570893,ok,1
1906,4.0255674915751758,2773471.102127803,25,0.11446815756533701,ok,0
1907,15.123123627812177,5091121.1584458025,8,0.095502878585059903,ok,0
1908,8.8652073437549621,4061175.9713447434,10,0.079616785465795648,ok,0
1909,9.5397720641043868,3887390.1294577802,15,0.12949084010763273,ok,0
1910,6.8752228953933061,3588661.8701538909,22,0.090067789163501999,ok,0
1911,4.6485637496838859,3595450.9571682564,19,0.086951514232279425,ok,0
1912,5.7667416706889796,3623103.0967282294,18,0.072055246531205985,ok,0
1913,5.1310817546292586,3930266.2361195488,13,0.093398571202309877,ok,0
1914,6.8064538729241546,3701690.1233583381,17,0.10039171972491004,ok,0
1915,4.2354417084713134,3818404.5864175474,19,0.067110581447957673,ok,0
1916,5.2214106697090639,2581618.0750895645,36,0.14140628654456089,ok,1
1917,5.9130188845676352,4094181.0751616503,14,0.070846551154880144,ok,0
1918,6.9007446375965866,3771439.7368495585,23,0.11895708370354086,ok,0
1919,8.2172850101559725,4210801.8256063871,10,0.11074059597628672,ok,0
1920,4.6091119445193547,3937996.7572779744,15,0.093228861841063437,ok,0
1921,3.9906059442115414,2267725.2931199414,46,0.11661537963698967,ok,0
1922,3.7422388353526626,2342560.3317427742,40,0.11659365615286266,ok,0
1923,4.5302619769943391,3705729.4798983438,14,0.1056125884596186,ok,0
1924,3.7046415332254141,2798038.8762947805,23,0.10052908676691946,ok,0
1925,4.3879031227937269,4506981.4776520981,11,0.12332864517357947,ok,0
1926,6.4048787418305393,3663965.0640762756,18,0.1106575677459456,ok,0
1927,7.5403032887772445,3945273.9398753215,15,0.1048972585014134,ok,0
1928,6.3549623911765334,3627849.5492197643,20,0.075711791747395507,ok,0
1929,6.6542694330834573,3678836.2147341431,19,0.13044435189063475,ok,0
1930,3.6410216946313256,2349511.4431106183,39,0.10877754565707498,ok,0
1931,5.7146663147336678,4223896.5156035693,15,0.062473858246746006,ok,0
1932,11.947338461491345,4282859.4213154679,8,0.11317142845539796,ok,0
1933,7.5989409778511332,3687138.6770808632,14,0.064598710870100162,ok,0
1934,4.1855321410865081,3652758.4616052774,20,0.11564367969342143,ok,0
1935,4.8814799605983481,3733525.5502155619,21,0.098157930441919394,ok,0
1936,7.1021643377705415,3586792.1612405144,13,0.1079338467411276,ok,0
1937,8.8276846291778739,3850696.9346816745,15,0.13910231279353613,ok,1
1938,5.3501872282405483,3593243.6104964274,20,0.12970518163938161,ok,0
1939,5.2434972668335194,3614054.4343900182,20,0.097240269652716371,ok,0
1940,4.325346393654117,2581618.0750895645,30,0.083865736859790485,ok,0
1941,4.7134120785441027,4016397.8021178031,7,0.1109921503624286,ok,0
1942,3.6282881630052812,2142731.0761223878,42,0.14977722741516086,ok,1
1943,7.9894300941876395,3654996.1210367973,18,0.098203164064361054,ok,0
1944,5.917180269572925,3618852.6751487353,19,0.11329097321977927,ok,0
1945,4.9745365413003837,3690183.8271705513,22,0.14146216970670461,ok,1
1946,5.4199535467689639,3814093.7201226805,20,0.076247401684572447,ok,0
1947,5.3042176075006209,3593129.672190398,24,0.073333455862563957,ok,0
1948,4.6137824984136726,2581618.0750895645,30,0.13660594603322052,ok,1
1949,9.8722052517047612,3677263.2893887572,25,0.14109378196361266,ok,1
1950,7.3940720077269271,4260306.6771689793,17,0.11971725687411439,ok,0
1951,6.916866805467655,4130817.0504671931,9,0.11984038728865631,ok,0
1952,4.4611646538576881,3589032.0796052343,21,0.061013937512926442,ok,0
1953,5.9772495973665167,3626730.0156158959,22,0.1250390709576579,ok,0
1954,9.2991784127336246,4023265.0646984358,12,0.10133340273506752,ok,0
1955,7.5521056242656757,3588836.154773524,15,0.10376579728920865,ok,0
1956,7.2198965186370598,3602998.0940449648,16,0.099690750980863441,ok,0
1957,5.7137434611424869,4308208.8398971222,12,0.11826780789605218,ok,0
1958,5.5378821928730382,3631856.9132065917,15,0.094547118240626005,ok,0
1959,12.986332560760193,4950523.5764229521,10,0.10751284065752897,ok,0
1960,3.1773916252874868,2008285.8541831209,45,0.13206406818434246,ok,0
1961,7.4903550527602629,3908515.4555886504,20,0.090288689252410737,ok,0
1962,4.5330859356063229,2267725.2931199414,36,0.10430680375031931,ok,0
1963,5.7891994666701887,4564935.3806073926,8,0.11561308720169006,ok,0
1964,6.7205809831173422,3635022.7469937368,20,0.11884821313770721,ok,0
1965,10.796751417604817,4669269.1743948208,9,0.14645331892906177,ok,1
1966,10.487283262375978,4463516.1003816063,13,0.14358237016842557,ok,1
1967,4.7118614361432556,3631478.5980483848,22,0.10466698024278953,ok,0
1968,4.3832563071658495,3600206.5026442506,22,0.10010422246533257,ok,0
1969,7.7266350401682447,3790456.1924619693,17,0.10503549755474395,ok,0
1970,3.3135827529776409,2267725.2931199414,46,0.15569008781004401,ok,1
1971,5.0910690434849641,4165464.0864209435,11,0.090499564090208651,ok,0
1972,11.164163242253164,4232057.0644616298,11,0.13696766117953263,ok,1
1973,7.9270650908689761,5887413.8198118545,6,0.14110258639532913,ok,1
1974,3.7297672201996472,2773471.102127803,28,0.10407141268205633,ok,0
1975,4.2460875089100654,2349511.4431106183,40,0.15394256821238594,ok,1
1976,3.5359312484416332,2609060.0868099569,33,0.083212704116670033,ok,0
1977,5.5837407464486128,3616164.3067671671,13,0.082641829678739898,ok,0
1978,8.1046444228931627,4075016.368156604,18,0.096678152707586978,ok,0
1979,7.1217042594518976,3612130.0715197949,21,0.065886802631012764,ok,0
1980,8.043038388904387,3600228.6025717272,23,0.083937792340140316,ok,0
1981,5.6346458798593151,3614023.6780855479,25,0.09009749448442983,ok,0
1982,3.7652856410256978,2267725.2931199414,40,0.1212314336120891,ok,0
1983,7.836219170360553,4012565.8478483609,14,0.10959972108169275,ok,0
1984,3.7219856859111728,2267725.2931199414,40,0.14626059771635669,ok,1
1985,7.3557110258043794,3625855.1815630482,21,0.11956542448546248,ok,0
1986,3.9545115921815275,2267725.2931199414,45,0.10082558267319142,ok,0
1987,5.4174064085421483,3599781.0467121392,21,0.056669646499531878,ok,0
1988,5.0281060593492599,3602891.485500453,20,0.093958338144847109,ok,0
1989,5.3990596823922408,3637888.1657193033,22,0.1174119102705089,ok,0
1990,5.0259955089096806,3598196.9272438949,18,0.1339821381298979,ok,0
1991,5.6957070829481964,3641424.0429412625,22,0.092405032265846621,ok,0
1992,3.3147180910489187,2267725.2931199414,43,0.11609775914942033,ok,0
1993,3.8546677673604672,2342560.3317427742,34,0.090321357304115946,ok,0
1994,5.0419990861310788,3592916.8457079628,26,0.075078338790794175,ok,0
1995,9.0660335575660653,3967623.9748030952,16,0.10785582466402155,ok,0
1996,7.839944025119876,4739100.2188469451,10,0.1311803619127403,ok,0
1997,6.9757981181408502,3601771.4311837764,22,0.11236307736034246,ok,0
1998,3.6249115705398958,2342560.3317427742,45,0.12487421196440252,ok,0
1999,4.9058505980016314,3844094.1988587985,15,0.06052790566940669,ok,0
2000,5.8592949766445734,3604536.4107256052,26,0.084123404449297057,ok,0
2001,7.192339921778828,3979960.6246853713,16,0.086370014593201483,ok,0
2002,3.3439625253055238,2267725.2931199414,39,0.11584740540370836,ok,0
2003,4.8729725476329619,3702087.0860765567,23,0.11817242087617963,ok,0
2004,4.0974723306541154,2342560.3317427742,40,0.13227466048689318,ok,0
2005,5.0016894340656179,3642633.9181714919,20,0.065652901149698573,ok,0
2006,6.7506871984194152,3646666.7149111354,24,0.081190938932452661,ok,0
2007,3.921228363920179,2267725.2931199414,37,0.12327680887674941,ok,0
2008,4.0446290400619205,2609060.0868099569,32,0.10139322699454079,ok,0
2009,5.3210270799746908,3613550.7611274696,27,0.14067240193660113,ok,1
2010,5.8764220569715917,4080980.444459314,20,0.10121998411202093,ok,0
2011,4.5021555843168741,2609060.0868099569,33,0.15943970938271324,ok,1
2012,7.0088897223522606,3631166.074828912,22,0.05520347075895593,ok,0
2013,4.8281032837078897,3874135.5908927652,16,0.064140584986533522,ok,0
2014,5.2458755409991404,3597813.2276804866,20,0.07334179669235863,ok,0
2015,4.2821924432009197,3626645.6146146664,18,0.069189713669347785,ok,0
2016,3.2798613399779586,2142731.0761223878,41,0.14555261933354624,ok,1
2017,4.7902938150224248,4033596.2496932894,10,0.10029502341590946,ok,0
2018,8.4537931747184984,3788281.8796339976,20,0.069996794539664564,ok,0
2019,4.330026733690854,3699121.6100142589,18,0.098083448147762653,ok,0
2020,3.7656270311008568,2349511.4431106183,37,0.11087570285125359,ok,0
2021,4.6409569702486335,3681100.984223187,21,0.089791893568607284,ok,0
2022,8.4963060102186319,4193390.950363189,11,0.11194593950648041,ok,0
2023,3.7228400971105757,2773471.102127803,33,0.089547235066121333,ok,0
2024,4.4412519607539416,3677877.8387269997,18,0.096595555591351689,ok,0
2025,6.3633211089248807,3938821.7649249258,19,0.085349619666195253,ok,0
2026,6.4992307839648893,3598625.4155628514,16,0.14175428165441251,ok,1
2027,10.200013510049047,3703553.2013520501,18,0.12333059457146378,ok,0
2028,6.6003628237443923,3876257.8105705581,18,0.11966160164677631,ok,0
2029,5.6039581454822143,4261072.9547644481,12,0.088729443618472015,ok,0
2030,5.5405600623462909,3634179.5070813722,16,0.098557569919174526,ok,0
2031,8.7191339465009179,4366125.0465671793,9,0.09562255714726442,ok,0
2032,3.5963818855676815,2267725.2931199414,43,0.12300957871872248,ok,0
2033,7.7950387415242455,4204660.6330062086,13,0.13065942010344112,ok,0
2034,3.1721566799133378,2142731.0761223878,42,0.14741306247012798,ok,1
2035,3.3520763443768815,2142731.0761223878,45,0.15054232375184701,ok,1
2036,5.2660466806790538,3670371.3228439684,20,0.10521315732440517,ok,0
2037,4.3434461191203972,3626114.568038221,19,0.098724367166467708,ok,0
2038,5.1781234801736238,3617437.3250426385,17,0.12556499025344603,ok,0
2039,8.4045005403226281,4420444.7822939726,13,0.08543054259126065,ok,0
2040,4.2487738075001236,3158053.4917109548,27,0.11862452258481815,ok,0
2041,6.92712547123653,3900846.7818249697,9,0.10465964920636162,ok,0
2042,5.5196841044660232,3601988.4849913167,21,0.078276873652335044,ok,0
2043,4.1820695428057206,2609060.0868099569,29,0.11265655714418366,ok,0
2044,6.9080252871402017,3811731.0825597304,8,0.11313311518803182,ok,0
2045,4.2525550328205233,2342560.3317427742,39,0.14277687848172282,ok,1
2046,4.1801765771556321,3158053.4917109548,25,0.11811780161977903,ok,0
2047,3.862457944757506,2786813.40424396,25,0.088787259255198314,ok,0
2048,5.400039881069997,3761477.0542453127,12,0.12556376809181646,ok,0
2049,6.0179652501373715,3619189.0272336151,23,0.083000087805800093,ok,0
2050,3.7082724150040951,2349511.4431106183,36,0.15441506534019334,ok,1
2051,5.3034512537351439,3729201.0102450219,19,0.077095097630412779,ok,0
2052,6.8033525372397747,3837356.8526077676,12,0.084899635470942258,ok,0
2053,6.6848089409882627,3651961.7998655071,19,0.12799030329390199,ok,0
2054,3.3117491083011039,2267725.2931199414,41,0.12584757490592591,ok,0
2055,4.6431513682577776,3687061.4396140897,15,0.082890778413220123,ok,0
2056,8.5808852013928192,4273346.4067547135,8,0.10065202612950575,ok,0
2057,3.9652008679441009,3596114.6187848151,20,0.12072004272411596,ok,0
2058,8.9613136538812839,3603376.5004653805,16,0.13814237571912868,ok,1
2059,3.4604023748649535,2349511.4431106183,40,0.081888873047635924,ok,0
2060,8.2502663134303056,3914009.2478137687,17,0.084227617402949873,ok,0
2061,6.9049448700731535,4061404.0710102408,15,0.13365258622610338,ok,0
2062,5.2976029037956991,3654579.9218636164,12,0.1066744502927629,ok,0
2063,5.2182498387818228,3604289.7114000716,22,0.10735145712248173,ok,0
2064,5.9158115069868549,4922912.572403851,10,0.09947796795765812,ok,0
2065,6.7083995840003432,4810214.0748800151,12,0.10608124557664544,ok,0
2066,4.6594454819439202,3612906.24819801,14,0.073389149359636141,ok,0
2067,4.0894070997278575,3712660.9257916906,16,0.12064517574237676,ok,0
2068,9.0098060312585453,3732592.5474414555,15,0.11205447270385638,ok,0
2069,6.9563212808631416,3892086.8432141924,17,0.12242157304612611,ok,0
2070,5.1217745322009884,3637372.4778655921,27,0.072123413115751323,ok,0
2071,6.1539889164022963,3605102.087022773,22,0.086360124549109574,ok,0
2072,3.6219284519763564,2581618.0750895645,30,0.089233500611412442,ok,0
2073,4.1532109400469137,4024912.4580754861,17,0.13480229166300772,ok,0
2074,4.0415543497276012,2954199.3212936129,30,0.11229054380903752,ok,0
2075,3.4023345287373625,2090177.9550635067,42,0.12050989859379993,ok,0
2076,3.8329767586562173,2267725.2931199414,40,0.17819627355726952,ok,1
2077,3.3860903345265521,2267725.2931199414,43,0.10755317927573482,ok,0
2078,3.0038261818929874,2090177.9550635067,43,0.1498194171506344,ok,1
2079,7.2021700292042681,3678317.4281695941,18,0.13179543265281968,ok,0
2080,8.1930044490785257,3609568.8915914604,11,0.12060768680665401,ok,0
2081,6.1273810572225909,3607701.2863596585,22,0.064119507501931849,ok,0
2082,11.273737442710971,4412907.3986755321,7,0.12486526617017735,ok,0
2083,6.6576247747674042,3860965.6196291619,20,0.076939350512249982,ok,0
2084,5.4707549747307072,3586329.674216547,22,0.085352807651197848,ok,0
2085,6.1378688859765278,3598205.9300977457,18,0.13194037263452896,ok,0
2086,4.9051707966754998,3886906.9208611106,14,0.098040788050614558,ok,0
2087,7.7569623122111437,3693300.3524339879,18,0.060856321178520661,ok,0
2088,5.2868978227292107,3668208.5482007279,20,0.13299221673355122,ok,0
2089,8.0024032580059909,3882754.4343519425,12,0.091004924517592456,ok,0
2090,7.0617795187030206,4308418.7953315452,12,0.079516909471440966,ok,0
2091,4.7374581430242877,2581618.0750895645,33,0.11266413539043207,ok,0
2092,6.0253611425276024,4262436.0999895185,14,0.11741813724607875,ok,0
2093,4.7894139900136885,3590841.4550052839,22,0.11006857237930567,ok,0
2094,4.2446262589975738,3261364.380769941,25,0.15825858235312984,ok,1
2095,5.9026145119008824,3732866.2310736664,17,0.080124068418457428,ok,0
2096,5.5559632071965783,3603073.260196507,20,0.076487963423052752,ok,0
2097,5.9690506669848231,3605924.5878637414,18,0.12259031742475579,ok,0
2098,5.1827131758711769,3626029.0763384448,21,0.07639596489755951,ok,0
2099,5.5396961715953115,3602997.4629785321,20,0.12117504260189593,ok,0
2100,6.9409806965869034,3857380.4151474214,16,0.11996778111686501,ok,0
2101,5.8312708986571176,3753795.1332923174,12,0.14049301462068975,ok,1
2102,4.3241904268860978,2609060.0868099569,32,0.088330775238975034,ok,0
2103,5.9913073284468954,3749657.3236285443,22,0.054220710598635591,ok,0
2104,4.1504301337330762,2609060.0868099569,30,0.1049200948330814,ok,0
2105,4.4824152906379862,3611702.2776554069,22,0.12461110264532849,ok,0
2106,5.5639611289378292,3746613.7568961685,19,0.12690111024259287,ok,0
2107,4.8519883340306231,3692982.9751559887,21,0.068405402523826542,ok,0
2108,3.6454828776474915,2142731.0761223878,42,0.11779409876055247,ok,0
2109,4.9786098626027897,3980940.9668861753,11,0.13559049377531784,ok,1
2110,3.3639114736128186,2090177.9550635067,40,0.16261926233793833,ok,1
2111,6.1158442146902248,3600752.0407284764,23,0.068528467064644771,ok,0
2112,6.5448737439060736,3657150.7316647172,19,0.14046362980715921,ok,1
2113,4.9689478893276231,3766166.4465265516,20,0.10161063243659263,ok,0
2114,4.1908854032794673,2628545.6714319899,31,0.14951417143858525,ok,1
2115,8.8621863156393594,3634457.7604274242,16,0.1372058293087246,ok,1
2116,5.1101875626590862,3586942.0298401075,17,0.084166114119612945,ok,0
2117,5.7237665445458017,4144231.9777617534,13,0.13198604170031569,ok,0
2118,9.5955342005475277,3614896.4564316813,20,0.14727991186082767,ok,1
2119,3.9743380902462233,3261364.380769941,27,0.14138702128334607,ok,1
2120,7.0306992602054192,3705786.5715608718,18,0.068945747008186786,ok,0
2121,7.155333946501397,3633516.5131964777,14,0.13235908764834059,ok,0
2122,6.9837398684850811,3661353.7845798354,14,0.11045594327279329,ok,0
2123,4.2459043675693735,2581618.0750895645,35,0.14267023386443389,ok,1
2124,6.0681217813730779,3587020.172769988,17,0.14067156328548347,ok,1
2125,3.8021427024679686,2267725.2931199414,38,0.11137792447508921,ok,0
2126,3.575795650621159,2349511.4431106183,40,0.10459614522841554,ok,0
2127,6.7934218531814157,3763736.3851885847,18,0.056237043083409877,ok,0
2128,4.5277841597312669,3675453.7990649636,23,0.13881793400923209,ok,1
2129,10.466313245880848,4308109.9344585799,8,0.12645048936580516,ok,0
2130,8.8666067191328999,3629924.5125239445,24,0.1471407399742416,ok,1
2131,5.5185590753871514,3704340.6264018379,19,0.10679770818803325,ok,0
2132,4.3392257954870175,3587248.2984071816,21,0.1057886077849387,ok,0
2133,3.7554341927994872,2267725.2931199414,42,0.13811582575982806,ok,1
2134,5.6678115431539844,3756276.7579728737,12,0.069659641480890599,ok,0
2135,6.4063209112744142,3723950.2337068175,17,0.12031879963900016,ok,0
2136,4.7046147749824829,3636922.2782350313,19,0.10492901228251739,ok,0
2137,5.0171192904961908,3964805.1578583871,9,0.093840128477911455,ok,0
2138,6.6939594763645065,3833444.4964490621,9,0.10393583935831452,ok,0
2139,4.3802510081866286,2609060.0868099569,31,0.11972307188983378,ok,0
2140,11.229897646111697,3957106.4909334411,14,0.094031679805009039,ok,0
2141,3.1820697583664428,2008285.8541831209,40,0.13534679137671504,ok,0
2142,8.6974200017327465,4017501.2395106209,13,0.10199048465254995,ok,0
2143,6.4936861375784636,4391269.9766926132,13,0.11203194204068057,ok,0
2144,12.746770107344943,3955097.4827807271,12,0.092696358127565909,ok,0
2145,5.1925001966781164,3715434.0705361143,16,0.079013577408120428,ok,0
2146,8.3872083625198712,4042385.7037409442,15,0.11756966021805104,ok,0
2147,8.4013151213864141,3599455.0337879169,19,0.097375135406421842,ok,0
2148,5.5586337197219988,4328926.5175716383,15,0.089044825347655107,ok,0
2149,4.8707326941269233,4081921.2680153488,20,0.13295253743848395,ok,0
2150,5.2738047670275243,3720643.1834310303,17,0.069443210593094995,ok,0
2151,7.118277637693164,3769927.2753696954,17,0.076898027967909344,ok,0
2152,19.046631483993018,5059342.0020129764,5,0.15928979946135047,ok,1
2153,9.1154377516012755,4405926.6998507893,11,0.099645481908318012,ok,0
2154,4.9888094355878554,3594899.0881107044,23,0.069138254709607327,ok,0
2155,7.0617424637078914,3634721.5946675809,20,0.075971911954534982,ok,0
2156,8.6775943406431928,3609053.5365469614,20,0.12970785387589356,ok,0
2157,3.7557644173008247,2267725.2931199414,38,0.10938563877025242,ok,0
2158,3.7722068605449333,2342560.3317427742,37,0.13216898682144862,ok,0
2159,8.6546427668677239,4004718.7711963374,14,0.10637235223579722,ok,0
2160,3.9707401076962152,4270215.6770416526,9,0.12595363489433076,ok,0
2161,3.5161631269958655,2342560.3317427742,38,0.10930122109986148,ok,0
2162,5.8831288194615681,3619233.6102940966,23,0.12893205934265395,ok,0
2163,6.8067447677809731,3616312.0805815705,14,0.091076073308098526,ok,0
2164,6.4482776167544396,3656023.7908527497,16,0.068845715023450715,ok,0
2165,5.8768911418175973,3594865.11944811,16,0.086375782740206519,ok,0
2166,5.8137675354766074,3803265.886524912,17,0.11205541690984677,ok,0
2167,3.8559402083941614,2349511.4431106183,31,0.13192511342026425,ok,0
2168,6.735341547528007,3623057.0791568928,19,0.076344634986528714,ok,0
2169,5.5336480356081479,3610090.2176004294,23,0.16145536058687526,ok,1
2170,5.5187220639620147,3906166.8584385323,18,0.12096778215379622,ok,0
2171,3.2937125856045086,2798038.8762947805,23,0.07894755647487614,ok,0
2172,13.146537021882247,5208515.6958708661,7,0.12579600226392951,ok,0
2173,3.977877572994009,2357307.6858878741,39,0.10657860506232075,ok,0
2174,10.47429374770234,3775810.1613986921,19,0.086990406661139441,ok,0
2175,11.425538064361561,4156865.3343390729,11,0.11187660031556845,ok,0
2176,9.4608182170961488,4031085.4849799373,9,0.09921945221254802,ok,0
2177,7.9423814170517035,4006808.2685687426,13,0.1251531166755907,ok,0
2178,13.592912586009327,3947907.5324441665,14,0.14376392679229721,ok,1
2179,7.735698850223665,3614350.4066069745,18,0.10961218547487017,ok,0
2180,4.3298969216743703,3670437.6263406677,22,0.079938767513994424,ok,0
2181,8.2304183110140592,3665473.3753218981,19,0.11144071027446401,ok,0
2182,5.6163510530873628,3615250.5533890133,22,0.1041603866587455,ok,0
2183,5.3389902113761103,3696419.4353521168,16,0.10399821718654234,ok,0
2184,10.589417239853626,4428846.39377796,11,0.14503628877103114,ok,1
2185,6.4012527219242017,4058004.8502891087,11,0.071106869137070428,ok,0
2186,4.9154141498051196,3619971.1835487955,20,0.084646972819253263,ok,0
2187,5.6575025376923183,4000638.1744885719,12,0.088222776168958711,ok,0
2188,5.3734496415264843,3601205.7398419939,19,0.076250570986696187,ok,0
2189,4.0525584870769435,2267725.2931199414,42,0.11921024425974314,ok,0
2190,4.8338520374344931,3732650.4573994945,18,0.092800740064418963,ok,0
2191,6.6821976377283585,3958552.1243911805,17,0.087642163094434844,ok,0
2192,10.792550231451877,3852974.1139739412,14,0.11080074198432355,ok,0
2193,3.090913508232072,2090177.9550635067,42,0.13525795757732717,ok,0
2194,8.6704396399215078,4312503.5976239787,11,0.10141393905327928,ok,0
2195,3.8047452872311256,2342560.3317427742,41,0.09358484475395154,ok,0
2196,3.3996575459712433,2008285.8541831209,41,0.14050513665268022,ok,1
2197,5.010772412143111,3854995.3525866987,15,0.076182757556183645,ok,0
2198,7.7398489353646385,3661783.0019936389,14,0.12946118495333558,ok,0
2199,10.015609928373264,3910402.0561304991,11,0.10347163394231584,ok,0
2200,6.4801472908347595,3683996.6360522131,18,0.14223990107282636,ok,1
2201,3.9464096539764681,3804191.4749584449,10,0.12613892888556433,ok,0
2202,3.9462868935992574,2342560.3317427742,39,0.10339565310526999,ok,0
2203,5.6677138577725463,3593461.3270420744,22,0.091504668946291501,ok,0
2204,6.7781698104487313,3666365.4352149875,23,0.13180644613749926,ok,0
2205,5.2588605374211594,3613604.5686855586,27,0.11937704052974119,ok,0
2206,4.9070582063941739,3663439.2844238519,19,0.1032749664426626,ok,0
2207,5.8830357385458978,4601452.2657941347,12,0.097710952574573962,ok,0
2208,3.2313918329388813,2342560.3317427742,41,0.1302663489124718,ok,0
2209,5.5083777969628498,4081073.9973703772,13,0.067239125815662659,ok,0
2210,4.064718304553641,3674784.4645068301,18,0.079589525373639503,ok,0
2211,6.3837765591365008,3688280.0832531806,19,0.094489406589667202,ok,0
2212,5.4080872183776467,3619951.7032724996,20,0.12558627519446797,ok,0
2213,7.3907880532365331,3728615.3853692738,22,0.088116716532770367,ok,0
2214,9.3551995980169096,4346941.7277638493,13,0.094322342931117853,ok,0
2215,5.1155216888781601,3586642.8364541675,25,0.055382204224834086,ok,0
2216,6.8914145305519909,3807318.1058542542,15,0.10196146176341014,ok,0
2217,4.6671516253139789,3607712.6378847351,16,0.084070045193458398,ok,0
2218,11.960436944069015,3799547.8303111144,16,0.1182492552847918,ok,0
2219,6.8520502811513753,3592632.1029431247,16,0.15279091120211541,ok,1
2220,6.0016646499903512,3639985.5012398683,19,0.12440039486684151,ok,0
2221,4.678232174957178,3775287.5166005138,19,0.080405506716510033,ok,0
2222,5.2851428772847102,3698354.7951888223,15,0.075650962028352753,ok,0
2223,6.1652376482307885,3675291.140265523,15,0.097399690154753582,ok,0
2224,3.8116194866139228,2349719.955294122,37,0.1027944113077317,ok,0
2225,7.5092624142505935,3678618.6552448152,12,0.1132850453070936,ok,0
2226,7.0660618206008916,3599275.1353836497,19,0.13655935341027936,ok,1
2227,4.6226742314145177,3605689.4921923052,20,0.11138122673547807,ok,0
2228,5.4599476778025613,3888970.4941169186,22,0.09948216759485573,ok,0
2229,3.5973048565358328,2349719.955294122,37,0.11637504282731259,ok,0
2230,7.5779982282359351,5056222.6588868238,8,0.10772559584344066,ok,0
2231,3.7512453684619369,2581618.0750895645,32,0.1468305352072995,ok,1
2232,10.019525660413665,4982222.7391594611,5,0.14492971737620819,ok,1
2233,4.487938048183258,3621108.8063652185,19,0.10228842045667352,ok,0
2234,5.4962997985564037,3592024.1009372817,21,0.086124931431304175,ok,0
2235,6.1202560279556995,4001380.514800387,13,0.10990398152152347,ok,0
2236,6.3676917744579127,3686755.484533987,16,0.10527934168404096,ok,0
2237,4.0174270701216148,2581618.0750895645,39,0.12264009282751798,ok,0
2238,3.7833929765513337,2342560.3317427742,34,0.13660892376698297,ok,1
2239,5.7373433270942202,3597628.2449418367,20,0.1357602987057609,ok,1
2240,3.4420178442840723,2349719.955294122,37,0.12401627585909236,ok,0
2241,5.6859700707135623,3958673.7165108742,18,0.10089382337695407,ok,0
2242,7.7187391133402006,3626453.2520929314,19,0.14789914043235242,ok,1
2243,5.2072354292841672,2628545.6714319899,29,0.10406521587061357,ok,0
2244,6.0859203532723285,3598004.5630461639,19,0.10713539916805093,ok,0
2245,6.9248893937958007,3906805.765615352,18,0.14313081775437525,ok,1
2246,6.6558785596276149,3689824.9022416496,18,0.095556117170774335,ok,0
2247,2.9394008108880709,2008285.8541831209,41,0.12974332671248701,ok,0
2248,12.858725190755939,3648872.7217525234,11,0.086251765239251876,ok,0
2249,9.3627863703727279,3696571.6820585127,14,0.11459033355051462,ok,0
2250,7.6910341242399385,3633424.6474886751,16,0.14949801750603608,ok,1
2251,3.8703923156539739,2349511.4431106183,37,0.10785865965157482,ok,0
2252,6.0858714557380829,3596647.9307757085,20,0.093243201079505456,ok,0
2253,8.0877909894987479,3797058.6056405073,18,0.081345085100142933,ok,0
2254,6.3071214132315871,4041905.1791924569,14,0.12086899579150032,ok,0
2255,4.5078822410076143,3744429.1582291648,15,0.11541063199551227,ok,0
2256,27.780951936068156,4149805.4682103037,11,0.13205698769821128,ok,0
2257,6.6056978625866396,3588804.6725815674,18,0.093803888482939968,ok,0
2258,3.5618084751360994,2357307.6858878741,40,0.11962248943772269,ok,0
2259,5.2495186717713826,3599918.0691125798,16,0.12698244251511392,ok,0
2260,4.8609627716076043,3891611.8044569385,8,0.12611948461688505,ok,0
2261,7.5430545382976577,3902393.2952755392,13,0.099955956954165259,ok,0
2262,9.1688384913881702,4215029.9017775683,14,0.096811068918995574,ok,0
2263,5.692408757325282,3687415.7656399957,16,0.074237006282588669,ok,0
2264,3.5777838514251243,2267725.2931199414,45,0.096964023122275922,ok,0
2265,6.5152927608656226,3707208.359372485,24,0.10509847398924951,ok,0
2266,4.0108870544578519,2609060.0868099569,31,0.070278064259181511,ok,0
2267,4.563616678352477,3604794.2466685572,21,0.089272389575169919,ok,0
2268,5.3244730816931156,3944199.7554884362,7,0.11302809875883835,ok,0
2269,4.2807481036275021,3759904.0747986785,12,0.09812672548643192,ok,0
2270,5.8192818696586537,3598480.5326544512,24,0.099498203039000366,ok,0
2271,7.3436017837214171,3921824.799887619,17,0.12810172560371846,ok,0
2272,6.0791008939764781,3791481.1853093477,20,0.15485207481264063,ok,1
2273,5.7115579965402272,4048882.4215194569,13,0.10053680144328558,ok,0
2274,6.220500540954661,3778246.7343791551,13,0.12079356967541643,ok,0
2275,3.4280806724161246,2267725.2931199414,40,0.11021823498012245,ok,0
2276,6.7907227728529893,4381437.7043939317,8,0.10190052373283098,ok,0
2277,4.8565383360843182,2628545.6714319899,26,0.15098042522978994,ok,1
2278,5.122073776653397,3589968.6828568191,19,0.1122120203216963,ok,0
2279,4.4732618615429498,3997571.6787072867,11,0.1405448091255137,ok,1
2280,6.674633011106895,3845881.4091675268,21,0.18059475957169635,ok,1
2281,7.6093983947435886,3617591.3444813243,23,0.094905386663778901,ok,0
2282,7.3064729499761212,3843814.5431934064,17,0.11144997132044276,ok,0
2283,3.3715876593439864,2342560.3317427742,42,0.13818369282390386,ok,1
2284,3.8036025036019274,2581618.0750895645,35,0.1277686742811997,ok,0
2285,4.2739196087207114,2349719.955294122,40,0.090190998938020017,ok,0
2286,10.561718409112141,5615946.6487881113,6,0.14652374123762479,ok,1
2287,7.9854052441683381,3621257.7829299248,13,0.10858356770355282,ok,0
2288,8.1905654453313339,3888657.7688605129,15,0.11238472467622251,ok,0
2289,4.4507180944493063,3805347.4584761234,16,0.12843988384561489,ok,0
2290,6.5670750225903411,3610304.9281218355,21,0.11238732291978126,ok,0
2291,9.9681099770244206,4143807.3602060149,9,0.09217288715397931,ok,0
2292,4.680742053017088,3590597.7531803385,22,0.085131694975801642,ok,0
2293,9.4611307794387898,4035140.5467322776,12,0.11111229822425192,ok,0
2294,6.4413163685820169,3859344.9137058416,17,0.099581463472949619,ok,0
2295,8.6382721849937791,3695350.6114850515,18,0.14487488467172244,ok,1
2296,6.0351352429994529,3768737.5256581772,12,0.081545268615833555,ok,0
2297,6.0623632309071338,3614387.4187120222,20,0.10856295932021995,ok,0
2298,3.1368580615491202,2142731.0761223878,43,0.12313392003962031,ok,0
2299,6.1031147892929631,4513752.5608562613,8,0.1149519790202469,ok,0
2300,3.8924406592139564,2342560.3317427742,41,0.11316330675440756,ok,0
2301,6.021604001778373,3652310.7058799579,22,0.05532651640343772,ok,0
2302,4.3729156523420505,4160959.8214334268,20,0.10069326319378602,ok,0
2303,7.3429280619916018,4312307.3687894065,11,0.19544313477533409,ok,1
2304,5.6832572418336662,3597070.5353945242,23,0.10801258567369032,ok,0
2305,4.7819789685116803,3965431.8997568656,19,0.057761210144107511,ok,0
2306,4.5917252536764872,2786813.40424396,24,0.10567804063513879,ok,0
2307,4.7355469500736564,3711473.078072797,16,0.10086835195400146,ok,0
2308,5.1308334603667882,3610012.3970759297,21,0.09143270455229735,ok,0
2309,3.8030416773398059,2267725.2931199414,45,0.085164782779427628,ok,0
2310,4.0960797576474519,4092192.0402273242,12,0.080277412048780306,ok,0
2311,4.1947913917762776,2628545.6714319899,28,0.12941941073847285,ok,0
2312,6.4842973615479327,4196610.389233252,11,0.10857842757748415,ok,0
2313,6.3276492290601061,3874493.8221764318,20,0.092285764544512094,ok,0
2314,9.2595080958335814,4227152.6252235137,12,0.11000693423485308,ok,0
2315,6.7175699944795442,3638929.872565452,22,0.12403327282802029,ok,0
2316,11.783325639929348,4614264.3869973337,8,0.11029047305264172,ok,0
2317,4.671476747145884,3642185.8282059119,18,0.10547844802015,ok,0
2318,4.3685356278023146,3618131.7845499371,13,0.092407305434190734,ok,0
2319,3.7958682875755718,2267725.2931199414,43,0.093992491378277032,ok,0
2320,7.3557629511157927,3628560.4020602657,20,0.12483014420388217,ok,0
2321,5.0166845100744233,3612085.9270756752,21,0.13733469785190555,ok,1
2322,5.4212941953369205,3607540.8751763259,16,0.16648592654592809,ok,1
2323,5.3931425977414253,3663478.7255311869,23,0.10920813510103466,ok,0
2324,7.6599201142824622,4939135.5608550441,7,0.12731479062644435,ok,0
2325,6.0114043527356049,3608246.7319551427,15,0.1126930495674982,ok,0
2326,6.4311955211645779,3824417.4080394953,19,0.090670618034089934,ok,0
2327,5.4883987106145735,3646398.601523574,19,0.080775943316689802,ok,0
2328,6.7133594560604406,3695585.0757197007,19,0.13274373321227512,ok,0
2329,3.5397598639781607,2142731.0761223878,40,0.12764341944144525,ok,0
2330,5.5471202940215365,3628625.5159120974,16,0.12968768048765988,ok,0
2331,3.3872959522746515,2342560.3317427742,38,0.1155105295090042,ok,0
2332,4.9680102916586959,3618097.7950292891,19,0.11608403490998342,ok,0
2333,5.600362865576594,2772356.9728852585,31,0.10701036553150628,ok,0
2334,5.7805607557528802,3617278.9907301585,21,0.12261392938254856,ok,0
2335,7.3402623322336948,3686076.3173953821,26,0.13075034812074027,ok,0
2336,14.401245933957647,3968570.1698799091,11,0.11628682849152272,ok,0
2337,4.3947270552586195,3620526.8803999857,20,0.093259747004981075,ok,0
2338,4.9750791055983328,3636517.7177457204,25,0.11007924619438691,ok,0
2339,5.4217828765304583,3634197.0491125206,22,0.132364668756843,ok,0
2340,3.7521120814039879,2267725.2931199414,42,0.10159237157250667,ok,0
2341,6.3592681674100273,3612463.412859824,19,0.13460492883294739,ok,0
2342,5.6146171999175545,3716141.6727246135,11,0.099876620344273304,ok,0
2343,3.6483228617723822,2267725.2931199414,40,0.10601361668646395,ok,0
2344,5.757494049034821,3158053.4917109548,24,0.13172948130995715,ok,0
2345,3.8421328309371363,3628088.8008206598,21,0.12746331056204563,ok,0
2346,5.6545288241217895,3805530.2776221377,21,0.077830126147716616,ok,0
2347,12.29946889812302,4592355.3311342476,8,0.12837815811485975,ok,0
2348,5.162195157201305,3970291.6000329573,15,0.13130121659001592,ok,0
2349,3.3809396179271323,2090177.9550635067,40,0.10795645311327795,ok,0
2350,7.2643914731557677,3621450.0457652132,18,0.12837479429362686,ok,0
2351,6.4709078205882928,3593563.7371617383,20,0.10097651084545628,ok,0
2352,4.3927057226133801,2984801.2881630221,16,0.10064334868010028,ok,0
2353,5.1662329364434836,3598297.2407217738,21,0.10916752888705961,ok,0
2354,5.6671581883160345,3791115.931094537,17,0.12540908336614565,ok,0
2355,3.327351605629274,2008285.8541831209,49,0.14871565150385235,ok,1
2356,8.9836900047920878,4377727.2825157624,11,0.11468109745648603,ok,0
2357,3.2943017540049127,2090177.9550635067,47,0.10150442319721864,ok,0
2358,6.4505941017554189,3946636.3091095104,19,0.093076467425320164,ok,0
2359,5.3607243085785869,3599476.2731331191,20,0.13686135275746625,ok,1
2360,3.6322326079739473,2267725.2931199414,42,0.10230248822452082,ok,0
2361,3.4783226550249124,2267725.2931199414,40,0.16722228479453879,ok,1
2362,5.9552527006327018,3607349.6801138502,18,0.066096922668442026,ok,0
2363,3.6732900721036437,2628545.6714319899,26,0.079481976454588543,ok,0
2364,4.3648957559789618,3610437.3297871049,23,0.091349260750213407,ok,0
2365,3.5883875234348399,4244626.1668725275,12,0.10203909389068083,ok,0
2366,3.6060206207384335,2267725.2931199414,40,0.11207586059671137,ok,0
2367,3.7027632655101907,2349511.4431106183,38,0.12379398321210441,ok,0
2368,4.6150680740924113,3966592.9353470514,17,0.075695417944943943,ok,0
2369,10.283830627595993,4692631.1936585931,8,0.11561755813286134,ok,0
2370,10.234584263764857,4193614.6351129916,10,0.095373558956396709,ok,0
2371,10.789623653819625,3840088.2866939181,16,0.092775028743822929,ok,0
2372,6.5776296746883789,3628244.9516161694,20,0.10643637126854399,ok,0
2373,4.1949930773250337,3673671.0246299016,17,0.13847904284131995,ok,1
2374,8.2537214607556635,4799180.9525027983,10,0.10412521089291926,ok,0
2375,6.2943718833954305,3599515.7090492835,12,0.093841070353087086,ok,0
2376,7.4568343043434684,3657800.6534410752,18,0.18558225332876258,ok,1
2377,3.5464684661338417,2581618.0750895645,35,0.12010809661745742,ok,0
2378,5.3478207296020885,3630491.1006062687,19,0.12407370968180143,ok,0
2379,4.099521421515675,2267725.2931199414,43,0.12836372148977782,ok,0
2380,3.9688271440140177,2342560.3317427742,38,0.10304361706338083,ok,0
2381,11.622288297062893,4283263.9523225585,10,0.11193014534213341,ok,0
2382,7.2947493903454017,4168187.8779170928,17,0.14628946344823679,ok,1
2383,5.3927313673257684,3965651.7737021288,17,0.10025735098817701,ok,0
2384,5.7729203683385961,3613094.8128791689,23,0.10628394711804223,ok,0
2385,10.57688062390153,4199684.3876436725,11,0.14387257311764368,ok,1
2386,3.4676765402815444,2267725.2931199414,40,0.10835180750154089,ok,0
2387,6.6022032399142461,3595116.0247554211,16,0.11226488211526975,ok,0
2388,16.559925424315249,4130830.9636193104,9,0.13497785101388771,ok,0
2389,4.2607273176404146,3599326.7186391386,18,0.11179142236094963,ok,0
2390,5.0071418732404069,3618107.2729158639,26,0.10878106647337127,ok,0
2391,3.3830724214904291,2349719.955294122,39,0.10289166514969161,ok,0
2392,4.6056630440297095,3703119.2110615117,22,0.12616805811524778,ok,0
2393,4.6713486977638894,2954199.3212936129,30,0.10452649975270795,ok,0
2394,5.107021157549978,3781415.5579574942,17,0.083039607530929205,ok,0
2395,9.3043674495844595,3605218.6480211318,18,0.12091857371895354,ok,0
2396,6.7586055479510589,3593232.3735322761,24,0.11217113279076341,ok,0
2397,3.6091626348994854,2342560.3317427742,39,0.13976520532466941,ok,1
2398,6.5249725816745414,3587517.4392696316,16,0.089219312033116283,ok,0
2399,6.4850976290014026,3594608.3266604268,18,0.1283355126614264,ok,0
2400,6.1721407270206639,3597055.4508766183,18,0.12075819200344573,ok,0
2401,5.9657985392500708,3605313.7293570843,19,0.12901028308471096,ok,0
2402,6.7418732040211138,3818523.8368266141,23,0.10793401103802003,ok,0
2403,3.5002861447908127,2357307.6858878741,37,0.11419278636296193,ok,0
2404,3.5111147281553747,2267725.2931199414,42,0.11049924227848629,ok,0
2405,3.5195124677514533,2142731.0761223878,40,0.13090822052470819,ok,0
2406,5.5223563801958822,3633895.7233018344,20,0.080253813084096071,ok,0
2407,6.2547375302208259,3635653.0647566449,18,0.10933607240476351,ok,0
2408,5.511454957177695,3647124.0743061313,16,0.10450755009320334,ok,0
2409,7.7185080966484199,4020612.2365205134,23,0.13812679552899554,ok,1
2410,11.440654043213597,3619413.3527164161,11,0.089168174046553278,ok,0
2411,6.3245006410422331,3888153.2920443458,13,0.11665674335733656,ok,0
2412,6.7230814278717759,4381335.9038156969,7,0.098111844598804621,ok,0
2413,3.3445059695340831,2090177.9550635067,42,0.10476518916424993,ok,0
2414,3.3383586261464444,2378837.9975668644,28,0.10127574461215083,ok,0
2415,4.0229355944274623,3815953.4183756635,14,0.087380310608695666,ok,0
2416,8.0945908785623857,3601260.5447525918,16,0.11391962862879157,ok,0
2417,6.5643063039198815,3752660.2718334943,10,0.10842037345757016,ok,0
2418,3.2814144589682375,2378837.9975668644,36,0.10585339208648681,ok,0
2419,4.085626923789258,2609060.0868099569,32,0.096294620091583738,ok,0
2420,6.2042164371306292,3631176.3000547122,19,0.10818539712500064,ok,0
2421,6.1749349021987978,4509627.0267698029,10,0.10210204380255394,ok,0
2422,6.5798614762613266,3743272.4391309652,22,0.10338368361332795,ok,0
2423,8.0369938702877928,4104576.0038860724,9,0.084805728518001944,ok,0
2424,3.4649699189260792,2267725.2931199414,40,0.10407377038451715,ok,0
2425,2.9670643442793478,2090177.9550635067,42,0.13716371009165651,ok,1
2426,8.3090692763270155,3876909.1860676403,16,0.12001181320971299,ok,0
2427,9.2642971130498584,4369257.2942248061,10,0.1059956646405889,ok,0
2428,5.8113474169760506,3668251.2740324796,16,0.10373818393335932,ok,0
2429,3.3686357490362857,2090177.9550635067,41,0.13207090933319587,ok,0
2430,4.4673980286939603,3601549.7632865645,19,0.10158200220905422,ok,0
2431,3.9832603553611574,3612539.3340398599,19,0.086994636061168196,ok,0
2432,4.8458832141962365,3742520.9350922168,12,0.073893868443554278,ok,0
2433,3.8331005094581694,2342560.3317427742,38,0.10451615158378968,ok,0
2434,3.2863626720843309,2267725.2931199414,39,0.15008957580479865,ok,1
2435,3.6888641106866444,2267725.2931199414,40,0.13569556823873796,ok,1
2436,3.4680238057063209,2267725.2931199414,39,0.10140665000315197,ok,0
2437,6.758884190435297,4303344.6126669496,10,0.086772542827074917,ok,0
2438,6.2043783957276597,4074187.1891415413,9,0.10527742397801548,ok,0
2439,5.818850675057309,3599678.6242039246,21,0.12407932668383098,ok,0
2440,5.4800127812915225,3652760.0445473003,25,0.085849668360922338,ok,0
2441,4.0151004747558439,3608467.5504251905,17,0.07721694404821533,ok,0
2442,4.1290743221448647,3605872.2347360882,21,0.10649675804586956,ok,0
2443,7.1010112140708959,3717277.2301428639,16,0.093953878846619432,ok,0
2444,5.1745499917431417,4535496.1240765024,14,0.071228722214792817,ok,0
2445,5.5792973686665963,3668521.9481201097,19,0.13151757778964668,ok,0
2446,5.904111535058675,3790229.4922928344,16,0.10371546850381219,ok,0
2447,8.3862321245759368,3601895.0601592246,14,0.10615077941817619,ok,0
2448,7.1556569953046392,3765009.2327531646,17,0.089123002475430257,ok,0
2449,5.931326740894356,4064810.2366788988,18,0.074956325950201075,ok,0
2450,4.5639379112354392,3856812.4976263125,9,0.098779297019625401,ok,0
2451,3.3463712525606639,2342560.3317427742,43,0.1203528947941267,ok,0
2452,8.172468151866159,3601599.6322465758,18,0.14075901561089449,ok,1
2453,4.1199498015658849,2342560.3317427742,33,0.11001231232410033,ok,0
2454,6.4503473042306361,3613430.1878605378,15,0.097437740762269631,ok,0
2455,5.5682641739186103,3658919.7805151078,18,0.13811301914141788,ok,1
2456,28.245706403905281,5547974.5992926834,5,0.16039482876726407,ok,1
2457,7.2519510028268357,3794806.5147970296,16,0.13364278052149126,ok,0
2458,7.520016616880107,4164363.8814929202,11,0.081694467864535936,ok,0
2459,5.023201626642722,3766417.1316083032,15,0.14191551550573944,ok,1
2460,7.7914289272558905,3930539.4898713878,20,0.1658786325311199,ok,1
2461,3.2123441360921552,2008285.8541831209,46,0.13991257532829116,ok,1
2462,8.168238695191226,3669282.7465741867,16,0.10215499179884513,ok,0
2463,6.0821902926464668,3600931.3406266365,21,0.10611870330865725,ok,0
2464,5.8068847050877039,3919659.1071895235,16,0.11177331374640165,ok,0
2465,5.5099204797242587,3754792.0439589755,15,0.091069638127957486,ok,0
2466,9.9426308357023458,4222855.5113647077,12,0.15229932484851061,ok,1
2467,7.3119450403623727,3643043.4282013187,15,0.09832788363345113,ok,0
2468,3.6466271935796484,2267725.2931199414,43,0.10089176432470426,ok,0
2469,8.2463675881493863,4383419.4890038762,9,0.11478283035878445,ok,0
2470,5.6429178536416016,3600866.0516328802,16,0.10007435180803981,ok,0
2471,3.5502921165088055,2090177.9550635067,44,0.093185027609341081,ok,0
2472,9.2624040096330269,3590878.7193846973,18,0.098971345665178068,ok,0
2473,4.4300323066916416,3158053.4917109548,18,0.12004263982594865,ok,0
2474,8.3533409319230092,4853877.7945003845,10,0.089555973665035427,ok,0
2475,15.273069108451258,4629249.2390024476,8,0.09919735195041357,ok,0
2476,5.2167450122559869,3995901.6307054218,13,0.091224079833840732,ok,0
2477,5.9595431059438209,3787033.9026165861,13,0.095558966407069401,ok,0
2478,3.8395688354176296,2581618.0750895645,34,0.11471820115812781,ok,0
2479,5.4858270486323741,3616642.0477741961,19,0.086228879463934205,ok,0
2480,9.039520273101191,4499085.4423732767,8,0.12349825700501271,ok,0
2481,7.4497472102464624,4343775.5303592999,11,0.10730529396366828,ok,0
2482,4.6263742868482733,3817002.6473579463,12,0.12538312126569717,ok,0
2483,5.1175735365046489,4041327.4664929397,17,0.06096202754714819,ok,0
2484,5.2246636964747548,3633926.9484442393,16,0.077936130392770697,ok,0
2485,3.5761077874835503,3620884.8314308585,13,0.071133324385624197,ok,0
2486,8.8743978632086922,4210218.0394468531,12,0.11645804049409825,ok,0
2487,6.6443412757344653,3589875.5989333941,21,0.13122218471498248,ok,0
2488,4.1913191093910998,3799068.3440547092,16,0.09810478632887909,ok,0
2489,7.7251940220609789,3989092.8364174692,13,0.083703933845029721,ok,0
2490,6.0505394462547777,3670280.4153217436,25,0.095237562567773604,ok,0
2491,5.3079725158384656,3757542.5165546327,15,0.1343036275127486,ok,0
2492,5.9511241951993439,3775318.5074410667,14,0.13866199815993085,ok,1
2493,10.009624835742963,4222359.3607322322,11,0.1131501864029828,ok,0
2494,6.5122577209083978,3596838.7353821239,19,0.11423550168512231,ok,0
2495,4.7498998853688565,3589540.319804207,19,0.074163119235324371,ok,0
2496,5.3982274844058535,4474328.1008714391,11,0.07562523979308694,ok,0
2497,5.697073742421721,3587477.45216191,23,0.071094277427706964,ok,0
2498,4.4190393604400704,2581618.0750895645,31,0.12433866740430699,ok,0
2499,14.285782414149661,4241943.680556478,10,0.15896104755335272,ok,1
2500,3.9390641152015244,4294211.3613081528,12,0.081759019696126922,ok,0
2501,5.3950684126581052,3875178.8856910784,17,0.10413220864500961,ok,0
2502,7.5035950168787275,3596641.5328192846,18,0.13301396222084472,ok,0
2503,4.3325462380328261,2349719.955294122,32,0.10894530588764217,ok,0
2504,6.1596294321186207,3655519.9915420981,16,0.1079918067596275,ok,0
2505,3.7758994649419777,2772356.9728852585,31,0.13292190527808734,ok,0
2506,5.0308862895449149,3589037.0602707304,20,0.12636039930522289,ok,0
2507,5.6694989735793833,3971987.1702550566,16,0.0721715440014844,ok,0
2508,4.6758427726898386,3604427.6263706726,27,0.11572131397576291,ok,0
2509,6.1391463140960845,3598936.9324703626,25,0.11548016294127672,ok,0
2510,5.3110870001888379,3710890.655368295,22,0.090296252827326784,ok,0
2511,9.6780766820156181,3828421.5602049129,16,0.090191893251327815,ok,0
2512,22.274521001961354,5142499.1721790051,5,0.149630774319715,ok,1
2513,6.4058109267984813,3609132.9375846609,21,0.062640441417179393,ok,0
2514,6.1727471027222522,3641795.9604774229,18,0.10107975580047701,ok,0
2515,10.01540857599001,4054734.6809457573,11,0.096237093130211837,ok,0
2516,4.7730818546864917,3604118.0662518251,16,0.072012690977186988,ok,0
2517,3.4270926014303096,2142731.0761223878,41,0.077928144770162244,ok,0
2518,5.8956725365853782,4044617.9693845017,16,0.12515391012701138,ok,0
2519,4.8837154318973974,3605058.7080768272,18,0.056119219866507919,ok,0
2520,5.52910130565113,3603790.9431561767,19,0.074545827263985731,ok,0
2521,3.5677693020272798,2267725.2931199414,39,0.11803638317920961,ok,0
2522,7.765925554173184,3838107.6321191988,17,0.12172437885816947,ok,0
2523,5.1346853658714124,3625596.5040327203,13,0.090750258749209833,ok,0
2524,4.6690635925236563,3824606.8981467155,11,0.086460538007893106,ok,0
2525,3.9343042924847818,3977252.6270501781,8,0.10303562750176865,ok,0
2526,5.7975056594127414,3658008.5732432934,17,0.15456950442152784,ok,1
2527,4.7323069064687786,3637727.5971679133,24,0.076281366679251728,ok,0
2528,5.5210809891814687,3847230.1330553228,18,0.086827408574661313,ok,0
2529,2.8405755361906042,2008285.8541831209,44,0.12381803413413184,ok,0
2530,5.8304373688178623,3691434.6579551734,24,0.099868810726998714,ok,0
2531,3.5466086853266554,2342560.3317427742,37,0.096755660179636716,ok,0
2532,6.0212672204823203,3651879.2124624425,17,0.093397431978126222,ok,0
2533,4.2250541671679613,2609060.0868099569,34,0.13830966091353203,ok,1
2534,4.7040047478804894,3158053.4917109548,30,0.13504098848457008,ok,0
2535,6.7040707022462822,3587720.6850922657,23,0.10162051724873619,ok,0
2536,11.588843594012662,4376581.3697614819,11,0.1214017633758927,ok,0
2537,7.1308465255275992,3944807.4864046499,14,0.1111369799879357,ok,0
2538,3.6571564584675031,2416638.8374307705,32,0.15000816490058044,ok,1
2539,6.3369544095373485,4473234.8104832964,14,0.12635981980242617,ok,0
2540,4.6860445768563039,3675419.2777165719,18,0.063374306715021006,ok,0
2541,5.8581144381011772,3616224.294788925,18,0.10830963832512233,ok,0
2542,5.8531484018026276,3596496.8577862107,20,0.10456253785083414,ok,0
2543,4.7876345087941719,3969885.5687574833,13,0.10371421022832283,ok,0
2544,6.4595539043429451,3836868.7547868271,22,0.097007092247653692,ok,0
2545,10.206061779383887,3704434.5974119357,19,0.12610830462938244,ok,0
2546,6.5978016303535085,4036788.8045311412,13,0.12549873564995417,ok,0
2547,5.2229376259018467,3645040.7280759653,25,0.12187498994399482,ok,0
2548,4.040295264679397,2267725.2931199414,37,0.11041469452037544,ok,0
2549,3.9799218594533508,2267725.2931199414,46,0.108355694790117,ok,0
2550,5.7560187289119762,3845000.0555623509,11,0.08737495161002054,ok,0
2551,6.3263977381666425,4664638.8348375987,11,0.089556750957308251,ok,0
2552,7.3208665420159642,4159958.7724214224,10,0.093195195235945216,ok,0
2553,3.1526011639652283,2090177.9550635067,34,0.10497765616389054,ok,0
2554,6.5853227587884087,3593003.2378978557,19,0.16269867592575549,ok,1
2555,6.0655528696727457,5266561.8648405401,7,0.11338619600871053,ok,0
2556,5.8419746916440687,3623049.6390402112,21,0.11857313573453232,ok,0
2557,5.5200174338581505,3618149.0935779712,19,0.10949127638201794,ok,0
2558,7.9113431531027176,4079053.3055570885,15,0.11915287601891156,ok,0
2559,5.7300236044201425,3682958.150801125,18,0.13744502675267256,ok,1
2560,3.818261080509497,2349511.4431106183,41,0.13704872501765916,ok,1
2561,8.5098196483084809,3617223.5650908244,21,0.14256398244502533,ok,1
2562,5.0982721906804436,3703464.7584957043,16,0.077713848168212474,ok,0
2563,7.1147273784305041,3592293.7672108477,19,0.11678546844377691,ok,0
2564,5.1062371745261439,3687750.3167450456,23,0.11698067092195974,ok,0
2565,7.7865694434796362,4730295.1430737162,9,0.095617139365848924,ok,0
2566,4.0546436579996001,3790406.7543821828,11,0.095773560014852599,ok,0
2567,4.7741239547133389,3587365.8545529619,19,0.10802376249864121,ok,0
2568,3.3116047845344032,2342560.3317427742,37,0.089730332020363957,ok,0
2569,3.65947307164067,2628545.6714319899,35,0.084605627348432466,ok,0
2570,3.6694657262629922,2798038.8762947805,33,0.098529431490197439,ok,0
2571,7.3682116520119569,4050583.6380521883,13,0.10055556190217091,ok,0
2572,4.825098848851777,3783245.0928916722,17,0.11158878625512841,ok,0
2573,3.7384936654799836,2581618.0750895645,38,0.098130929230216268,ok,0
2574,5.4411343027466472,3608586.3879939653,15,0.10050945386240451,ok,0
2575,6.5360988566956415,4302987.0040529817,8,0.10007226823724358,ok,0
2576,3.5801020396502201,2416638.8374307705,31,0.10484478274829589,ok,0
2577,3.9470296732754333,2267725.2931199414,41,0.10822333758953884,ok,0
2578,5.1779428672285759,3740938.483039041,19,0.088916670453542512,ok,0
2579,5.2288862095778326,3613340.6568256547,19,0.071480293658346628,ok,0
2580,5.2268175513131823,3607437.2555036605,26,0.097722486378058027,ok,0
2581,5.3607152028295255,3603735.7310048356,20,0.10312982895553602,ok,0
2582,5.2332288189733323,3653619.6740642055,18,0.12928141736456111,ok,0
2583,10.105560800668355,3950931.3777655237,11,0.10721946683761729,ok,0
2584,4.7408329468865018,2581618.0750895645,36,0.11174544148962995,ok,0
2585,7.0013954914904115,3689274.0881879446,25,0.085666292630466767,ok,0
2586,5.6244501411604775,3586647.0419871621,24,0.12945461070335529,ok,0
2587,5.5167684111457218,3643780.2990706572,16,0.096354573910317209,ok,0
2588,7.2440945171423117,3725993.0082550417,19,0.12632881582880273,ok,0
2589,15.309986155591588,5447500.0567724127,5,0.14052100883772889,ok,1
2590,4.0487349914115223,2267725.2931199414,41,0.096531887341708367,ok,0
2591,4.6733902579366315,3626688.6989781293,17,0.10948821137686771,ok,0
2592,13.98636578428671,4111370.3191952989,12,0.10838860134412309,ok,0
2593,17.081084638582325,4643207.2261717906,9,0.16885610011363583,ok,1
2594,6.1219306910373259,3669390.8412321089,15,0.10752554811932169,ok,0
2595,4.8472697294075164,3711845.411374697,20,0.082796941934558221,ok,0
2596,4.8733415222551315,3831755.1108652381,14,0.11252777815081216,ok,0
2597,10.434658098600519,3839880.4780280222,13,0.12374126609574287,ok,0
2598,7.0058559776777845,3606961.9165594964,19,0.11267843374370323,ok,0
2599,9.2864396301455869,4070732.7117981417,11,0.10267625625492971,ok,0
2600,6.2743596512400215,3871692.8499566084,18,0.097098278733945276,ok,0
2601,5.280583051895805,3707115.1889937595,13,0.087922244991559206,ok,0
2602,8.0811735949569048,4829639.268769823,9,0.12701345301344136,ok,0
2603,3.4370507090390268,2378837.9975668644,33,0.12199183457164819,ok,0
2604,5.2327341616675653,3665577.4297626251,17,0.072676994035311915,ok,0
2605,14.848265309555073,4488707.0593205132,6,0.12403672612166072,ok,0
2606,7.7679352962235031,3681854.3994177612,11,0.08551114047562941,ok,0
2607,4.8377850259528827,3833072.8521630699,14,0.11070200503109395,ok,0
2608,5.2778229921671711,3832997.8777600825,15,0.090942581644708531,ok,0
2609,5.7465998215125094,3976068.5267274175,17,0.098338272388637016,ok,0
2610,3.3681640466395799,2357307.6858878741,41,0.082977684561971854,ok,0
2611,5.8523140250870158,3627651.233114847,19,0.13668972288302272,ok,1
2612,3.55393153422806,2581618.0750895645,39,0.10764898745860552,ok,0
2613,3.2492845084924449,2090177.9550635067,38,0.13527260369561356,ok,0
2614,7.2294041857921547,3603109.4369713869,21,0.17162891324843366,ok,1
2615,7.6470219282959562,4816547.6439792849,11,0.12512531668056071,ok,0
2616,4.677902391762629,3968131.6917405794,20,0.11173337515958356,ok,0
2617,5.1881634174055185,4156394.3090410037,18,0.10861509594537722,ok,0
2618,4.951571302272348,3600993.8143077022,22,0.10784877636815693,ok,0
2619,4.4804228550031127,2357307.6858878741,40,0.092122123502364428,ok,0
2620,7.7277165839768518,4075179.2124220096,14,0.094458571384651052,ok,0
2621,5.5831039333836312,3592347.5752661191,16,0.099378050944761376,ok,0
2622,7.8502455479139179,4233963.7961337827,10,0.10787038710959596,ok,0
2623,3.302890211681385,2349511.4431106183,41,0.12096277783228482,ok,0
2624,4.2691400255818097,2773471.102127803,22,0.11577248463040984,ok,0
2625,6.4510726744178495,3622645.7691017482,18,0.12044801422793527,ok,0
2626,5.439288419366787,3762210.5088476259,16,0.069440234406602741,ok,0
2627,11.413460052929199,4265683.8103367211,11,0.12103128388077999,ok,0
2628,19.855887225320835,4704306.0493134717,7,0.1676340411295395,ok,1
2629,5.5505562573797844,3598321.1962860976,15,0.071771440610213233,ok,0
2630,4.8048182970675981,3261364.380769941,24,0.13897589599353788,ok,1
2631,5.1883077418330075,3631507.4245748962,24,0.089543648541914656,ok,0
2632,3.5119317179381211,2342560.3317427742,41,0.10186038365594463,ok,0
2633,6.5788687302439364,3604674.0890066489,21,0.08658166525039912,ok,0
2634,5.3684661642663727,4592854.8404740542,12,0.11947959365674177,ok,0
2635,8.5831491439995435,4790338.1649771817,8,0.098232047419336221,ok,0
2636,8.5056817600978185,3742087.2347662062,18,0.087067652355224734,ok,0
2637,6.2297545978952176,3705254.9066782817,15,0.11574011649685889,ok,0
2638,9.0559725704420302,3829575.6774849375,12,0.11764340666863571,ok,0
2639,6.7641591181735743,4486815.4239166994,9,0.13119817969653269,ok,0
2640,6.9451138122948013,3869401.4955447023,9,0.10520487865755035,ok,0
2641,5.3533695233946466,4345721.4203323917,16,0.10784187692599301,ok,0
2642,6.5292393196430485,3765278.314810487,16,0.14589099620718937,ok,1
2643,7.2923870708423051,3591464.1303713052,16,0.088151339637779547,ok,0
2644,5.0212198104867918,3633841.7097467231,22,0.1244739036944541,ok,0
2645,5.0383868042025135,3680772.8630441995,18,0.082925540626010152,ok,0
2646,5.1257689757157445,3587676.7636878164,19,0.1230000968641215,ok,0
2647,4.2156849503585239,3605884.2690321682,22,0.1117745497228716,ok,0
2648,4.7877659985057957,4762921.5174084902,10,0.11033255131105768,ok,0
2649,5.3623079339845869,3896902.3593541211,9,0.10933170297416295,ok,0
2650,7.7043501636179545,4598293.2349654138,7,0.10895224623808342,ok,0
2651,15.152581228873661,4227031.8459420577,8,0.11927234824983335,ok,0
2652,4.9295824571639333,3738401.2643886744,13,0.085263909625800438,ok,0
2653,3.7463384001735496,2267725.2931199414,44,0.10901101848091099,ok,0
2654,4.3274585558749292,4182275.1582169994,7,0.10489564138712215,ok,0
2655,6.8948757264987499,4636693.3855406502,14,0.14274389804933874,ok,1
2656,9.2780674843928104,3592767.4256630004,20,0.088575427673802706,ok,0
2657,5.6930589218723027,3653436.2317092824,17,0.1328005039755813,ok,0
2658,3.6110795111172092,2342560.3317427742,39,0.11556389696389283,ok,0
2659,6.8760393912938094,3590306.7355024065,20,0.13824130794445871,ok,1
2660,3.6035158831170877,2267725.2931199414,40,0.097997285939253498,ok,0
2661,7.654896164802051,4308748.77229839,10,0.10506804635997757,ok,0
2662,4.7742596281566305,3624034.2441977225,22,0.084303024384937919,ok,0
2663,4.795629749733866,3651207.1437392514,19,0.083572177717538665,ok,0
2664,8.2874349274648953,3610797.6088029975,15,0.15038100852114678,ok,1
2665,4.1221056728322338,3158053.4917109548,23,0.13391454199182978,ok,0
2666,4.6973641165920732,4184314.3446030268,12,0.093059443666530794,ok,0
2667,7.4863456356648879,4787128.3197703641,7,0.12161293316386335,ok,0
2668,6.3916604465902447,3664007.6417552368,19,0.099020973962489989,ok,0
2669,6.7219766465838715,3604646.201356547,17,0.14542021707142372,ok,1
2670,7.0925995683591179,3698934.9679242466,19,0.083976758868544721,ok,0
2671,3.5523349665587016,2142731.0761223878,41,0.14596313109063253,ok,1
2672,8.342923384025335,4026229.7606936335,19,0.099618206224280637,ok,0
2673,4.2957362778697803,3752691.0468515949,12,0.11393897441133904,ok,0
2674,3.203760390746945,2142731.0761223878,37,0.13546049785826453,ok,1
2675,9.4337367647329966,5658857.4661414269,8,0.13123287516008464,ok,0
2676,3.8947473470895311,2342560.3317427742,39,0.12138552951506354,ok,0
2677,11.13307671654608,3947445.1550930836,13,0.15019141466899055,ok,1
2678,5.2315164980270721,3596997.8640950322,23,0.12440333720900998,ok,0
2679,5.4192773591253172,3769470.2356826379,16,0.097509324733958347,ok,0
2680,4.2937406487348184,2581618.0750895645,36,0.13001967953523552,ok,0
2681,6.5159422263258904,3739286.4354650383,19,0.11469872802347958,ok,0
2682,5.7128182236419827,3590823.4267934468,20,0.072245378237639046,ok,0
2683,3.5925623444737975,2267725.2931199414,39,0.13236442610374821,ok,0
2684,5.511478700968822,3603482.136278809,18,0.13063582743466734,ok,0
2685,6.620270527928847,3661764.3761489084,15,0.081975756579002468,ok,0
2686,5.4688295832170848,3620757.9950702498,22,0.099762853650378014,ok,0
2687,5.4788344346800155,3874353.7575990558,16,0.11321209126032561,ok,0
2688,4.2088573461002294,3592454.1423797603,24,0.10043083369055239,ok,0
2689,3.8963456838928092,2678205.3747857241,33,0.10684341707325207,ok,0
2690,5.2145692503607863,3616510.1019579731,24,0.13307595856170096,ok,0
2691,7.0052770122905264,4129645.3856901852,9,0.1285569967611857,ok,0
2692,4.9644450478135225,3610811.744796373,23,0.097543508745421004,ok,0
2693,5.1623194107461687,3644224.7906566276,23,0.059561854678958914,ok,0
2694,7.8012859464363329,3601969.754331972,22,0.11054918410174691,ok,0
2695,5.0472909150971565,3595573.9062710674,17,0.1272248594404104,ok,0
2696,6.9531090800193454,3653512.4378960356,16,0.12302762619720364,ok,0
2697,6.8460871727775077,3652612.6569143417,23,0.086095710653089075,ok,0
2698,6.4220049956617933,3660629.0100963069,20,0.13094567883579833,ok,0
2699,6.6184785233259866,3782557.8243465628,12,0.14942147346101098,ok,1
2700,5.1272237860155778,3613989.4026104724,18,0.087968030882438875,ok,0
2701,9.2611001578794827,4057387.7681391919,14,0.1641127848958216,ok,1
2702,7.1904052355059811,3613458.2385902819,13,0.10451641877843521,ok,0
2703,5.5931969166654678,3617286.3851967677,22,0.086926148456044849,ok,0
2704,6.7343834293019098,4403086.4216187783,11,0.11707806905121243,ok,0
2705,14.76030872955611,4935488.6851188093,8,0.10068475728941895,ok,0
2706,9.459144313062934,3813936.6380627891,19,0.078269729726567094,ok,0
2707,6.2869634330523114,3773271.9013127512,17,0.071903636975176793,ok,0
2708,3.457933437814098,2349511.4431106183,36,0.13975458020753992,ok,1
2709,9.2025847301414334,4056606.6632090239,17,0.076950341333992811,ok,0
2710,6.1968512188754667,3870707.0301918909,18,0.096113457637555411,ok,0
2711,29.108200924971797,4403499.7055810997,8,0.11648443705311884,ok,0
2712,13.724853487403513,4904005.6056786841,7,0.12484007155188453,ok,0
2713,3.840062424576892,2267725.2931199414,47,0.099962710867471161,ok,0
2714,4.0912855664293239,2349719.955294122,39,0.099976925531260696,ok,0
2715,6.5657298382792915,3611680.19959075,21,0.099771948206733019,ok,0
2716,5.6753296216678839,3835721.4615631886,13,0.074034521868426184,ok,0
2717,4.4428922100361401,3734303.8753290535,16,0.13287213785859586,ok,0
2718,8.5765620975086385,3746437.4571074406,13,0.12544813799366272,ok,0
2719,4.9966264089531727,3850861.6382209603,23,0.11274341315205366,ok,0
2720,5.5922039611067049,3678553.9400524301,21,0.08147483721776605,ok,0
2721,5.3317758669665372,3633512.1538844877,20,0.056376771729437336,ok,0
2722,8.2915144707068276,3703439.9101560321,14,0.068065548390652097,ok,0
2723,5.0177019360197326,2609060.0868099569,32,0.12798277420295556,ok,0
2724,13.969523666338389,4921883.0120390765,9,0.1153552228164445,ok,0
2725,6.9571415499734446,4416713.7584048454,11,0.09802656019129441,ok,0
2726,5.6402021328271186,3654942.9774376829,18,0.11486867623002273,ok,0
2727,4.0296600915986822,2342560.3317427742,37,0.12944814458620757,ok,0
2728,7.0767668555885654,3617263.1743491557,15,0.093326669586367483,ok,0
2729,6.9160338094029497,4518248.859246009,11,0.095130856394631924,ok,0
2730,5.7819472884970953,3748405.057124225,19,0.088719499987062744,ok,0
2731,5.0251893932493408,3737911.2371682688,17,0.14455448207657223,ok,1
2732,2.842049086332441,2142731.0761223878,38,0.12011982524801845,ok,0
2733,3.7096423429319896,2378837.9975668644,32,0.09375,ok,0
2734,5.4033767968158948,3698443.8832125268,22,0.095240175664141724,ok,0
2735,7.4853942318707709,3907848.5375876571,15,0.086643875700385925,ok,0
2736,5.0390140537491517,3692803.5866215285,18,0.091124207375778754,ok,0
2737,4.6515013012508382,3590235.1807644111,18,0.099861262954104912,ok,0
2738,5.6360603524435904,3597363.5794281908,26,0.1164064591855889,ok,0
2739,5.484435344924754,3999675.518840156,13,0.076974092322834031,ok,0
2740,6.8886731566923425,4354924.0445247972,12,0.1103765972688221,ok,0
2741,4.4137013120936253,2349719.955294122,37,0.11263093735094354,ok,0
2742,3.5052521858024965,2267725.2931199414,38,0.10901146306560872,ok,0
2743,5.0325005903282838,3614347.1001677243,21,0.14433791997137013,ok,1
2744,4.7525812954992741,2581618.0750895645,26,0.12780074073270614,ok,0
2745,7.8596347783750824,4143145.8427171297,9,0.094758809307806446,ok,0
2746,4.915372148993483,3623295.0564086549,23,0.086647526116644724,ok,0
2747,4.5874104493083845,2581618.0750895645,30,0.148041512092072,ok,1
2748,5.9147789310408498,4879525.3662742022,8,0.11403076694342784,ok,0
2749,4.8789779971660785,3646291.5965002021,22,0.098195799856472199,ok,0
2750,7.1330199950300113,3619951.9826838258,16,0.093759421749423422,ok,0
2751,6.1447287784953151,3598514.4691391317,14,0.1183550251938319,ok,0
2752,7.5821254793306494,3804156.9093348272,18,0.11366018047443147,ok,0
2753,7.6808028643868456,3938239.1409843978,14,0.13164364235970505,ok,0
2754,8.806533139342374,4067883.193684143,12,0.088201224425277669,ok,0
2755,5.0674567358361564,3613502.6453055074,24,0.11933180860004067,ok,0
2756,5.8896827068146722,3158053.4917109548,19,0.14580581682655569,ok,1
2757,3.8976829695953503,2349719.955294122,35,0.10952696626799907,ok,0
2758,6.2859344097168881,3728689.5638384144,18,0.095975538231522495,ok,0
2759,3.8066346931278985,2342560.3317427742,39,0.088626245182285568,ok,0
2760,8.5412842006992538,4230532.2522453237,11,0.12576435800359231,ok,0
2761,4.7362546635844218,3919650.566560566,9,0.095789234519804145,ok,0
2762,5.1444845186859522,3627137.7186081293,22,0.1381946188278686,ok,1
2763,10.811569122884894,4088384.9207764543,15,0.092016207760283075,ok,0
2764,4.4844496748091416,3605777.8991930578,23,0.10279220684619439,ok,0
2765,7.7287238040952033,3647359.9693904077,21,0.098244964086126041,ok,0
2766,7.6277779922088413,3920233.471313437,17,0.11095323175960714,ok,0
2767,6.7034713919057536,3652203.5809471975,18,0.10516554101503706,ok,0
2768,5.643248753300381,3596751.7598429108,20,0.099971511210042663,ok,0
2769,6.8314568521861148,3600988.5350518362,19,0.10017890684016706,ok,0
2770,7.4117268903983344,4155663.4509741841,16,0.12448154314043314,ok,0
2771,6.6063597250684829,3629182.4240459297,14,0.085430195754763516,ok,0
2772,5.101707869250462,3619894.304368658,20,0.11672896351441309,ok,0
2773,8.6279061776722621,4418784.2723475108,10,0.1269058775291162,ok,0
2774,7.2968351673270204,3696119.9620254482,16,0.094991518518382057,ok,0
2775,4.7431874297142711,2984801.2881630221,14,0.097588572435179821,ok,0
2776,3.5139110204629675,2267725.2931199414,39,0.1061937662303768,ok,0
2777,5.7910483743741015,3726195.2546506831,16,0.10955611238665941,ok,0
2778,7.6796269852778671,3945269.7175959498,15,0.12907613522456907,ok,0
2779,6.0292437887521455,4578035.9206728563,8,0.12668469416890549,ok,0
2780,7.7209396369635526,3590757.0123929381,18,0.095958957857072424,ok,0
2781,8.0103210823261541,3684902.5664420011,23,0.11065069858877929,ok,0
2782,3.6901537248328204,2142731.0761223878,39,0.1440273670027985,ok,1
2783,6.2456137890909487,4701997.4194246046,7,0.13465448686582115,ok,0
2784,3.4312953653789777,2008285.8541831209,44,0.12477559346253775,ok,0
2785,7.1031382079887253,4179988.3639884633,14,0.11382940754662094,ok,0
2786,5.7080823219940653,3610414.7318913899,23,0.14154722341760773,ok,1
2787,5.6507538304797595,3622571.6055903141,25,0.078450404303100241,ok,0
2788,5.8926391519084511,3624374.0227693282,19,0.14988656738731443,ok,1
2789,4.4839777211204535,3637570.4887749813,27,0.11052049311348255,ok,0
2790,6.0802095014673405,3594305.8311196361,18,0.13152522695918267,ok,0
2791,8.0689135953737683,3740938.4259531214,19,0.090069853653121479,ok,0
2792,3.7485707504273074,2609060.0868099569,39,0.12519017206942451,ok,0
2793,3.2955663421238932,2349511.4431106183,42,0.10090713078754732,ok,0
2794,6.8227919603388356,3755801.0547824167,20,0.12566720462774517,ok,0
2795,7.7410219527230568,3680852.5974503686,21,0.10362469321342804,ok,0
2796,7.8762288151797657,4022200.9900227897,16,0.13367884124257234,ok,0
2797,4.4959328515883206,2609060.0868099569,31,0.12784081026217825,ok,0
2798,7.8931690614469021,4756835.5689691519,10,0.12722781046258258,ok,0
2799,8.1726893743683355,3760357.1661293143,15,0.1119610809882694,ok,0
2800,5.478982862038583,3626021.0763647701,22,0.081604962490154809,ok,0
2801,5.8577802083716843,3590274.0553979026,21,0.088200382746017492,ok,0
2802,5.6914181692484025,3617817.4244213635,16,0.085797758213332687,ok,0
2803,4.9162759031415257,3944766.0907996972,11,0.10238906790730395,ok,0
2804,6.4124064680332564,3630099.9329850753,20,0.096008512805811741,ok,0
2805,7.5602550345163486,4678575.2039107829,9,0.09166703810850485,ok,0
2806,4.7894368304490831,2954199.3212936129,28,0.13403166072552078,ok,0
2807,7.0320225719452809,3643805.376609779,18,0.14412688405437701,ok,1
2808,5.9205481341848349,3614895.0326814963,27,0.10808944452978753,ok,0
2809,3.661731420355463,3787364.5081487182,13,0.090901644870436726,ok,0
2810,3.6536326830897794,2267725.2931199414,42,0.10853951770287218,ok,0
2811,4.3626098614729463,2984801.2881630221,21,0.11289883059046324,ok,0
2812,8.271183814194508,3687240.9163352093,19,0.12717579418306429,ok,0
2813,6.5047585674808142,3944584.4834864582,19,0.15246794734559133,ok,1
2814,13.035914335566783,4597817.5818266273,7,0.12646618213224409,ok,0
2815,4.9409312628414721,3602178.5590753034,20,0.097235206020732656,ok,0
2816,3.6530283302593736,2342560.3317427742,39,0.11876766734919753,ok,0
2817,6.4752021982221075,3691830.4157845508,18,0.083170503997099243,ok,0
2818,6.5458719546957287,4354652.8642861843,12,0.10010495506088812,ok,0
2819,4.7328677371601913,3892424.4295459543,14,0.085743901512674414,ok,0
2820,3.9980731428086469,2349719.955294122,38,0.12854446969241479,ok,0
2821,5.4646261372179277,3621577.9434271129,15,0.083958755327856127,ok,0
2822,5.1084618166875826,3620824.128186116,25,0.12437429707926306,ok,0
2823,6.4194413717724723,3660074.6982991691,14,0.12632599058195992,ok,0
2824,4.3773328458065297,3588116.7198113245,19,0.095174254844556549,ok,0
2825,5.2051535399880651,3601046.4889134732,22,0.078233919829625076,ok,0
2826,9.1371828409796141,4423999.8516156208,11,0.095338345108783307,ok,0
2827,6.3845001049317602,3650586.5675499802,19,0.11292473151601423,ok,0
2828,5.3430443386303459,3603545.7964507188,20,0.083495276798751794,ok,0
2829,4.1575015286584733,4276633.3312934311,9,0.12002090316922898,ok,0
2830,5.1134010207213647,3589662.8992611486,21,0.1201551755450031,ok,0
2831,6.7794413475583264,4539153.575154081,9,0.10015580206348074,ok,0
2832,10.018930657724544,4024974.6673725676,13,0.11917699338690868,ok,0
2833,6.8957463295062507,3638415.3067692812,22,0.068892926451565639,ok,0
2834,8.339820094420066,4682129.6309921537,8,0.14108275918840785,ok,1
2835,5.096462017011099,3655157.8049252667,19,0.1512394652739138,ok,1
2836,6.8140302639840558,3635263.7988125784,12,0.12615564802944867,ok,0
2837,6.4067646069150159,3591904.3823477835,18,0.12314252278130833,ok,0
2838,5.1283720234658352,3749458.7111282628,18,0.099269228918453245,ok,0
2839,6.4804326029024644,4347803.1811067108,12,0.1122972792421118,ok,0
2840,5.8077816630241168,3658866.5826775525,21,0.12845826963287932,ok,0
2841,4.9989896713634643,3766381.5752752321,21,0.10905783327110419,ok,0
2842,5.9187226323544984,3597041.2568182624,19,0.1521504135691889,ok,1
2843,4.1364315108253935,2609060.0868099569,34,0.13871306395015637,ok,1
2844,12.453843536473407,3969526.2912755706,11,0.13621054660501192,ok,1
2845,6.122948677015108,3708860.4446596918,17,0.084780026644298859,ok,0
2846,4.5605609094572097,3634225.2571133762,18,0.092749410403861865,ok,0
2847,5.3748366755084476,3772246.9162561609,15,0.12764292465794164,ok,0
2848,7.829390547133249,3766864.8267040318,15,0.10643055998140627,ok,0
2849,5.3380040678113119,3734586.0454614479,25,0.10170564978447788,ok,0
2850,7.683331421603417,4433032.1099618645,9,0.10587954915552733,ok,0
2851,10.237457425187992,4428111.2513430929,8,0.1006946360288562,ok,0
2852,4.0901692823105478,3760354.2737984285,15,0.10176277111225143,ok,0
2853,7.0205780376383853,3703692.0826478307,25,0.089750157549289611,ok,0
2854,4.1928334529545772,2609060.0868099569,37,0.11557343060317338,ok,0
2855,7.5055108421573351,3596553.5375744039,21,0.089323283866965808,ok,0
2856,5.7558273397526225,3618436.4810163472,21,0.076121059005658576,ok,0
2857,8.5131684322994623,3751696.334353806,19,0.16173546151494478,ok,1
2858,6.0376093676903446,3623903.1251449892,26,0.13542675800004689,ok,0
2859,3.5207500546321642,2772356.9728852585,30,0.12264110672595879,ok,0
2860,11.683009427533024,4324907.6870857263,9,0.11583557642733611,ok,0
2861,5.4755847199489285,4582834.2250963449,9,0.12763433431561244,ok,0
2862,3.5545582149684227,2349511.4431106183,39,0.097527666913739153,ok,0
2863,13.065229492009681,5198098.7980141006,6,0.12601331979258834,ok,0
2864,5.9915663243817461,3750938.4876948954,16,0.076373915287855865,ok,0
2865,15.889093844921128,4105996.8749610404,9,0.16094598974966534,ok,1
2866,5.9369408669413835,4224797.6851232359,14,0.088003247113920491,ok,0
2867,5.1230289210026587,3612355.9314939743,21,0.12219391833597271,ok,0
2868,6.6639720357105068,3666351.9716015439,19,0.13180958289644173,ok,0
2869,16.240438527447122,3638834.6083717677,10,0.15510290272005628,ok,1
2870,8.4653773221151987,3681467.9047978329,20,0.10368527744694833,ok,0
2871,8.3967412435911015,3982304.9590666518,13,0.13573683455173624,ok,1
2872,3.4951428402795961,2142731.0761223878,41,0.15068456998331864,ok,1
2873,9.2080524895080877,3825242.5756469378,21,0.11432774287518044,ok,0
2874,5.0571726357612974,3599875.5783029352,16,0.11996761919265908,ok,0
2875,5.9608623899523563,3909646.0452473513,17,0.11380874469932312,ok,0
2876,3.8001132997587157,2798038.8762947805,20,0.13745880277637038,ok,1
2877,6.143178270767895,3585881.9173314045,25,0.079915644986731649,ok,0
2878,7.0348561186430407,3602591.3815382821,18,0.092314777342040744,ok,0
2879,5.015559199698318,4007788.7403713167,21,0.082021996443354173,ok,0
2880,6.0288762534926192,3600192.1050101896,23,0.085064020161552678,ok,0
2881,7.7858185030333065,3641522.7406134349,18,0.12079518473356476,ok,0
2882,6.6682519361428625,4407439.2898849146,11,0.10557385447400314,ok,0
2883,8.8331452939799764,3682820.860459086,17,0.14579895854147612,ok,1
2884,8.4767908469800233,4054086.7954368535,11,0.12587016874905954,ok,0
2885,8.2094327736726065,4624147.3515426116,7,0.11800550407040411,ok,0
2886,5.1028597455947979,4219588.5620977851,15,0.070425850481420027,ok,0
2887,4.9016047064905806,3694156.0104737873,23,0.086509221749546422,ok,0
2888,9.9067324986830698,5497101.3177025476,7,0.12076303226385909,ok,0
2889,6.7267288369847291,3885263.7040171041,19,0.13057190504473681,ok,0
2890,7.6062415165965458,3627171.5325981197,16,0.086203592948642216,ok,0
2891,3.5860471960330065,2349511.4431106183,35,0.11976695930048509,ok,0
2892,7.076513713102373,3642138.0223219809,20,0.047674160163001994,ok,0
2893,4.6439058318667552,3595575.8196250983,20,0.093893530488877608,ok,0
2894,4.6102739087412079,3631508.3343502451,21,0.1315506306276143,ok,0
2895,5.0812173537876459,3594569.8913072054,17,0.082952467369946548,ok,0
2896,7.8171713448650255,4162357.8628704469,14,0.078706089814345348,ok,0
2897,4.0692301143524467,2267725.2931199414,39,0.11583986627309373,ok,0
2898,4.3878610312931698,3664160.3608062118,19,0.097290596622230052,ok,0
2899,6.5708314700132853,3607308.5813911562,21,0.093208634961081671,ok,0
2900,10.642486272963231,5061359.5815911628,8,0.10178082534067245,ok,0
2901,6.9840080640514666,3671552.7420929875,17,0.15081004109634355,ok,1
2902,5.7911962947373343,3633280.3107412308,19,0.10274531270185905,ok,0
2903,7.0852128635274711,3801936.6682422264,19,0.10007651458480549,ok,0
2904,7.8005555532775164,3609789.9567190735,24,0.090633750851363382,ok,0
2905,4.9045345092001913,3620912.2287939433,15,0.098052385700242994,ok,0
2906,3.1475225036743617,2267725.2931199414,39,0.10796608105052763,ok,0
2907,7.3942434183590215,3666596.8090104605,23,0.069824106754271836,ok,0
2908,6.6314531312349159,4149585.3991416632,12,0.12461631551110186,ok,0
2909,4.5825010859863635,3681347.1714991657,22,0.14141097128981039,ok,1
2910,5.8209323035042049,3728514.6615662761,19,0.0773543964767201,ok,0
2911,12.377248258878415,3888996.5517090145,11,0.12014869955307189,ok,0
2912,5.8929252431225132,3609282.8581203758,24,0.13391257948980362,ok,0
2913,8.0514005952076708,3711743.8711053496,20,0.12927769945584389,ok,0
2914,6.1532030874272774,3648078.0089176083,24,0.10431082012064125,ok,0
2915,2.9880147910267767,2008285.8541831209,44,0.12730909706916793,ok,0
2916,12.146432116229336,4556817.0873583835,13,0.12997742741201634,ok,0
2917,4.7703175759258887,3261364.380769941,23,0.14895141778066434,ok,1
2918,10.089378424217697,3604074.9086584449,13,0.12252824637929061,ok,0
2919,7.1114509040922949,3601326.9252428715,21,0.1739252224958574,ok,1
2920,6.7468520453166461,3712579.5802459307,18,0.11935975177382308,ok,0
2921,3.6287971139456832,2267725.2931199414,41,0.097868330663317127,ok,0
2922,5.5500866344486139,3594282.4147332078,23,0.065340179077739258,ok,0
2923,3.6916288867996876,4083121.4980739993,12,0.13974131412230628,ok,1
2924,6.2235053868271963,3947243.0909331776,10,0.12690477012462054,ok,0
2925,4.5048517649428783,2786813.40424396,22,0.13518012954054065,ok,0
2926,7.5928037533207213,3615014.779750383,17,0.12903204478717334,ok,0
2927,4.438176288689573,4003699.5370818758,17,0.094196434016854458,ok,0
2928,5.885208134976164,3604685.7762257587,25,0.13415886389086462,ok,0
2929,4.0727193792078582,2581618.0750895645,34,0.1065792208273203,ok,0
2930,7.4374279653767372,3965597.7677716198,18,0.078242162506300839,ok,0
2931,4.7873179170565248,3761170.4539929056,9,0.096406264022602217,ok,0
2932,4.9252280497532759,3772677.3251559385,13,0.18244378421655988,ok,1
2933,11.272576243595703,5362066.8261522278,6,0.14134188534511383,ok,1
2934,5.3810184181902398,3645361.0603088979,16,0.092981295616418103,ok,0
2935,6.3643099587391871,3667385.779551262,20,0.10399951654083817,ok,0
2936,5.4889293857207972,3649035.0589478118,16,0.064739680943695421,ok,0
2937,6.0407774572086295,3626572.0293647698,16,0.126847882463345,ok,0
2938,4.9539830284677633,3588768.1871179091,26,0.12990725293393668,ok,0
2939,6.6232871101209208,3642643.7501337579,22,0.085633197219222579,ok,0
2940,9.4894809195931806,4816992.7659353511,8,0.13621718183317011,ok,1
2941,3.970337697923362,4076437.3331391206,9,0.14771911036359187,ok,1
2942,4.7617271920854556,3654217.448114431,23,0.15385971536545306,ok,1
2943,6.5152144202249627,4265021.7761036055,11,0.095370253148371775,ok,0
2944,6.1619987843102741,3745028.2629571655,15,0.11673831514108444,ok,0
2945,4.6581245591614859,3787950.6963346722,19,0.082942499150710391,ok,0
2946,6.6282116688789898,3891260.312087222,14,0.057765723317439233,ok,0
2947,7.1200044291138331,3705797.9627931295,15,0.068218329591086813,ok,0
2948,5.0043857872481983,3940111.7336798776,17,0.085119256680043276,ok,0
2949,2.9558669420329489,2008285.8541831209,39,0.15733069087474733,ok,1
2950,5.3257468462686193,3603128.415130862,19,0.083792026491583405,ok,0
2951,4.0726965459482694,2581618.0750895645,34,0.10819713031800193,ok,0
2952,4.3830449009762598,2581618.0750895645,33,0.10218015444236506,ok,0
2953,5.4321336273740846,3645465.6209519859,23,0.10401022018633632,ok,0
2954,6.1382158665361342,3746805.8905964796,22,0.17326569073216153,ok,1
2955,3.5117348430577082,2342560.3317427742,40,0.091567191953751959,ok,0
2956,5.9529615297502483,3626710.2353504556,19,0.10919914574345635,ok,0
2957,10.862766706387726,3734298.3216209239,15,0.10093652339431042,ok,0
2958,5.4822209895266205,3917352.0385060995,12,0.078139154970950142,ok,0
2959,5.736579692944324,3871440.4073577928,15,0.11205296900414441,ok,0
2960,7.9798643290884232,3808138.8218433158,14,0.14107401003021169,ok,1
2961,3.9822331844423702,3778832.8610066758,16,0.12941402822344428,ok,0
2962,5.6554223484277948,3597493.9337359369,19,0.11648329300694849,ok,0
2963,9.137807786090324,3777873.2597983796,17,0.12580495423053945,ok,0
2964,13.297048812168159,3908398.2555467547,13,0.098523543348906339,ok,0
2965,4.4321237013090862,3859379.0005957698,21,0.098444175343135765,ok,0
2966,4.796132143534571,4476541.7774174297,9,0.10276592928436207,ok,0
2967,3.1726781457421183,2349511.4431106183,33,0.10028616777802168,ok,0
2968,7.4529060610271038,3920706.7245697682,15,0.076537504634739351,ok,0
2969,4.5447075198996085,3694059.689594042,19,0.08393332368454165,ok,0
2970,4.2982452779115015,2342560.3317427742,41,0.12766620447135657,ok,0
2971,3.4283107215323354,2349511.4431106183,40,0.12409585114212074,ok,0
2972,3.9954592046777964,2980790.4908226882,27,0.13947964938068008,ok,1
2973,6.7168981515608159,3615205.2781484569,17,0.11718859203745036,ok,0
2974,4.9416669287569164,3597971.6681943885,18,0.13431756579455212,ok,0
2975,3.6188720313644365,2142731.0761223878,42,0.13353012233067513,ok,0
2976,8.6515938221327922,3629766.9084875961,16,0.14158686218973693,ok,1
2977,7.2611644913715541,3592346.2897130786,19,0.14584878122408818,ok,1
2978,6.6356893768617482,3768296.0332131544,19,0.071367220056986924,ok,0
2979,6.4710284614901719,3648639.0802044687,18,0.15023351058201939,ok,1
2980,4.8728103111107011,2609060.0868099569,35,0.080548961194288227,ok,0
2981,3.9447994970228257,2142731.0761223878,44,0.14001680917032769,ok,1
2982,7.5075666741590217,3883437.2043494,15,0.10947212467215267,ok,0
2983,6.6098806223695741,3743152.6297613056,17,0.10982949383369101,ok,0
2984,4.4546652402261948,3261364.380769941,28,0.12987945301677409,ok,0
2985,4.440181579689753,2609060.0868099569,28,0.093992528566765987,ok,0
2986,13.357969505423803,4744474.0234881202,6,0.15456494371582152,ok,1
2987,7.1435321095465216,3601456.2304352284,25,0.090667034180804906,ok,0
2988,7.1110564272666252,4286938.3871310446,14,0.16831970031556623,ok,1
2989,6.8382516111886105,3635314.789016603,20,0.088794789411509395,ok,0
2990,3.5894486355737345,2090177.9550635067,39,0.12608625748775371,ok,0
2991,3.1010631855406374,2142731.0761223878,45,0.17508830287258675,ok,1
2992,4.3946205378345358,2798038.8762947805,30,0.10541389191551387,ok,0
2993,9.8461285493170632,3675668.0849817721,18,0.070112110319624721,ok,0
2994,5.574525713869166,3644173.3169568051,17,0.11098812454772644,ok,0
2995,6.009182577465789,3654155.3849776927,19,0.13932731622945638,ok,1
2996,4.155693565801255,3723114.1897613266,14,0.096810747058836633,ok,0
2997,4.5732219706010309,3599655.2666399949,21,0.10732297969673849,ok,0
2998,4.1967135142344274,2628545.6714319899,29,0.089647773609528719,ok,0
2999,8.0107629891147383,4000505.8925137883,16,0.12709404391713419,ok,0
3000,6.0568768401991351,3598030.0119664948,19,0.1125778874185781,ok,0
3001,25.843182773289318,4419805.940803715,6,0.12792739555071853,ok,0
3002,8.8881740044453821,4175468.1294172495,11,0.1006079739812249,ok,0
3003,5.4410952090430156,3621784.0508401389,17,0.089730906329922977,ok,0
3004,5.2923344684007532,4427860.8351331232,12,0.093463446833630504,ok,0
3005,5.078860903282175,2609060.0868099569,29,0.11047239641605144,ok,0
3006,7.2003049125185541,3619819.1268222467,20,0.083917376019618295,ok,0
3007,7.1178965337343678,3832941.2925773384,15,0.14108456211059395,ok,1
3008,5.9452699486229728,3586085.4859266509,21,0.090057409361661622,ok,0
3009,5.3436354951796989,4462500.3008531863,13,0.096818895171413066,ok,0
3010,6.8974285372642328,3771051.1854885528,18,0.11296028967952221,ok,0
3011,8.1334197373321544,3596842.5935089625,25,0.10796911054022518,ok,0
3012,5.5332346002335528,3589779.2715233336,21,0.10046230478256479,ok,0
3013,5.9915061572769739,3688171.6569801569,17,0.12026342937389389,ok,0
3014,5.6605367330497156,3595532.7840185249,24,0.089723550792101925,ok,0
3015,3.518454321500204,2267725.2931199414,45,0.12285716274528191,ok,0
3016,5.9615094843101994,3630887.4332913239,25,0.10055229395296028,ok,0
3017,3.6124169697001296,4336364.9752312228,9,0.10351324075295487,ok,0
3018,3.0707921313473228,2090177.9550635067,43,0.12550308661023735,ok,0
3019,3.4674681655598167,2609060.0868099569,34,0.10484004591947782,ok,0
3020,5.190059645132731,3654434.1332610548,19,0.079186273169004395,ok,0
3021,7.0100547713551782,3735069.3746018494,17,0.093606835076108896,ok,0
3022,4.9087245250573073,3676788.7433217475,18,0.087620468277317953,ok,0
3023,4.9441621078534119,4106081.5187337776,7,0.14209337035491149,ok,1
3024,4.4094668245183808,3638688.7657808238,17,0.095477395816898292,ok,0
3025,6.5895987136842802,3615506.9784998386,22,0.11318846781047276,ok,0
3026,5.4355829459339162,3653694.839376031,19,0.12523069105343304,ok,0
3027,7.9297134211822895,3621201.9274501526,23,0.14385525970947377,ok,1
3028,9.4554163929694663,3688732.7262103301,22,0.14286401287213368,ok,1
3029,5.199638205150193,3590185.8431251091,28,0.13146181586333694,ok,0
3030,7.093797059440722,3615087.5475076116,18,0.1487092129692984,ok,1
3031,3.6099204358448711,2267725.2931199414,42,0.12236747819744509,ok,0
3032,5.7616379040134813,3715470.8902294473,14,0.084233392799372808,ok,0
3033,10.030434064556875,3586721.9099259647,19,0.10197660195924985,ok,0
3034,5.4348704740285019,3599713.1119115148,15,0.090663097232509482,ok,0
3035,3.3165754557798119,2090177.9550635067,45,0.14010619706296767,ok,1
3036,4.3219755846635994,2581618.0750895645,31,0.096252665549952376,ok,0
3037,5.3079896897593253,3614065.1890426818,18,0.070288679434287737,ok,0
3038,6.3806451929186139,3657032.4632516704,17,0.12881277549091752,ok,0
3039,3.3224680570013989,2267725.2931199414,45,0.11447784663653859,ok,0
3040,4.0662933157697196,2342560.3317427742,40,0.13505344140071773,ok,0
3041,3.689484543526611,2342560.3317427742,38,0.12383688237901491,ok,0
3042,6.4116077964749536,4038234.0096246782,8,0.099178663195929273,ok,0
3043,5.0173974146679088,3742683.4660974308,20,0.0707499333947329,ok,0
3044,5.5868956860063479,3645202.2985027721,18,0.099638634882049826,ok,0
3045,5.3033379637864488,3854132.7487785593,13,0.1124046275488213,ok,0
3046,5.2016173350095221,3666940.1697883024,14,0.10475203143205286,ok,0
3047,8.6569095147462871,4390295.7546586823,9,0.13938000020137786,ok,1
3048,5.5354419445424261,3880617.4759796164,17,0.11091626436804869,ok,0
3049,6.465657063191939,3590780.2988541033,20,0.11269117279755969,ok,0
3050,8.6267420071225338,4377170.3763422752,8,0.14790080591815169,ok,1
3051,6.5371073273855531,4757777.8827922828,8,0.093865330624909538,ok,0
3052,5.9667497425910963,3598582.1798897982,24,0.12527669971941124,ok,0
3053,4.5756551928040228,3677740.8392669521,23,0.098511752952922416,ok,0
3054,3.663441565833935,2416638.8374307705,38,0.12909408236764142,ok,0
3055,4.2232130803749328,3637514.977461305,14,0.10113010187557026,ok,0
3056,7.4193654085291714,3589325.8559890906,20,0.15915298188441873,ok,1
3057,3.5693144332309705,2090177.9550635067,39,0.14039184042881092,ok,1
3058,3.4632102787602537,2267725.2931199414,47,0.095758467316130802,ok,0
3059,3.5626485987760126,2349511.4431106183,39,0.12255716678967654,ok,0
3060,5.4288840968638361,4270125.4588823784,9,0.11454724332838795,ok,0
3061,3.2129333770007085,2267725.2931199414,37,0.096703728943020151,ok,0
3062,8.0900191847842819,4480535.5611196216,12,0.12297727227405508,ok,0
3063,3.8313213420553387,2267725.2931199414,40,0.12818700956909701,ok,0
3064,5.9514197724862905,3619942.7819699324,18,0.11113106251609162,ok,0
3065,5.0679758484804935,3697410.0574396853,15,0.10601069305534827,ok,0
3066,4.9793424798118089,4055213.7770487131,15,0.078048243181797372,ok,0
3067,3.2500850185810015,2267725.2931199414,43,0.11534437161501254,ok,0
3068,4.9771939952231836,3598307.1249765255,16,0.10882514454891989,ok,0
3069,5.8807309851989622,3601240.8177801529,19,0.10805439872923006,ok,0
3070,5.5021216096268297,3785814.2435072041,19,0.074483602327018228,ok,0
3071,5.3108961913568811,3630475.6517953803,24,0.13760893398381957,ok,1
3072,4.0286289024787827,2342560.3317427742,35,0.11863475696353154,ok,0
3073,6.016808868318642,3620322.9777920097,17,0.12787419458604882,ok,0
3074,7.074123140510431,3587340.3519670512,17,0.13763504791214254,ok,1
3075,10.037808251517948,4493266.4171758117,12,0.14930348775954411,ok,1
3076,9.731286690642273,3922416.0434869081,8,0.10231886342946139,ok,0
3077,4.2199335212266984,3591729.3095271401,15,0.09421688484180768,ok,0
3078,3.17777031802478,2142731.0761223878,38,0.097540604661270597,ok,0
3079,3.1933553365518752,2267725.2931199414,34,0.084441167893720359,ok,0
3080,3.2456116110049789,2090177.9550635067,44,0.15450354478436212,ok,1
3081,7.4073531576078278,3648133.3626904362,23,0.15742488401704124,ok,1
3082,5.3875366851759452,3595695.692495143,18,0.078205026301638281,ok,0
3083,3.6222076651478741,2628545.6714319899,29,0.098404408496371998,ok,0
3084,5.4667591271972373,3922927.579616128,16,0.10009409839778183,ok,0
3085,5.9101358114104228,3714488.3260709038,25,0.083899220637779104,ok,0
3086,3.5932605240200246,4216674.8632903164,8,0.10428057830048298,ok,0
3087,5.9642809433561776,3600807.8536796384,19,0.11283196079880264,ok,0
3088,5.1465545319440729,3591593.3597164606,21,0.12388118519535496,ok,0
3089,3.7016126292504401,3892686.5337651437,18,0.10735908593696186,ok,0
3090,6.0196427245211144,4026053.6288319849,13,0.072598439519594771,ok,0
3091,5.2048919058417749,3771026.633121951,20,0.070748569217085722,ok,0
3092,6.351560184105745,3595325.2432895633,17,0.08961685155175747,ok,0
3093,3.073107266803214,2349511.4431106183,38,0.13779477645276211,ok,1
3094,17.333487754863267,4262354.4297793191,10,0.18959400996642672,ok,1
3095,6.4796027722587848,3618906.5012357119,22,0.12460342332851604,ok,0
3096,4.0001411731179015,2267725.2931199414,40,0.12365331862895657,ok,0
3097,3.2083244715608248,4430966.8253203267,4,0.19377629278059749,ok,1
3098,5.7483642445741259,3605556.2138880915,15,0.090537902876947352,ok,0
3099,6.2794545993909887,3606328.3921525697,19,0.12848343159467968,ok,0
3100,4.5996915489973942,3614110.3571280958,18,0.098415597914421726,ok,0
3101,7.1327620458758556,3983202.443445642,15,0.093944857846373853,ok,0
3102,10.405456960991609,4275483.7883189814,13,0.1044885461822741,ok,0
3103,3.6978729145311373,2267725.2931199414,43,0.10545959186937204,ok,0
3104,4.8455486199485307,3666013.7860401389,10,0.12466578044376952,ok,0
3105,6.1861473422457038,3688013.6368601536,19,0.14454193482788136,ok,1
3106,3.1244203851235315,2142731.0761223878,44,0.14983404157948108,ok,1
3107,5.540700224659183,3741333.0206704806,13,0.092745358992164073,ok,0
3108,7.8490259306651931,4057905.658645398,12,0.09465101479821203,ok,0
3109,4.5744363196295756,2772356.9728852585,28,0.12990369768687415,ok,0
3110,4.4191288094496226,2581618.0750895645,36,0.10266794032000592,ok,0
3111,4.3728910694141039,2142731.0761223878,37,0.12459316645373802,ok,0
3112,5.9314316059286032,3597620.6305157514,15,0.12906031481434954,ok,0
3113,6.2559966880993665,4034835.6477517011,11,0.084890482188431649,ok,0
3114,5.5513042658685841,3758601.136550229,18,0.11051962904403445,ok,0
3115,6.6562113635101863,3589056.4039745708,20,0.14764615661958636,ok,1
3116,7.0455513622642387,3701322.770394004,18,0.13415566326917805,ok,0
3117,10.790488599749155,4191460.2142852428,7,0.11166824895669786,ok,0
3118,3.773607187338158,2349511.4431106183,41,0.1079978553884996,ok,0
3119,11.033673752143009,4616474.410002009,7,0.10012340392614039,ok,0
3120,6.1062421277248262,3780173.0579049485,11,0.11548102498278337,ok,0
3121,7.5561156913687197,4091691.8399869907,10,0.098110357733867393,ok,0
3122,4.2471618273375356,3822871.3062976673,13,0.091740811385052301,ok,0
3123,5.2971652481964586,3745083.1804165477,17,0.089224976806005829,ok,0
3124,8.3470854015297373,3605638.4455669126,25,0.090486661357092268,ok,0
3125,4.1833240917083412,2581618.0750895645,35,0.16331627708589508,ok,1
3126,6.150526720394355,3700241.4724439955,13,0.14051913541384653,ok,1
3127,7.4813222918412858,3827444.3608208285,14,0.095196521263767542,ok,0
3128,6.2186526178140173,3652831.3636442698,14,0.12774605773107611,ok,0
3129,5.6499405420569229,4169941.8902222756,16,0.11846764532876175,ok,0
3130,6.9382625200812553,4891703.7993341982,10,0.10751465942520355,ok,0
3131,6.5200188754434398,3697421.8270557416,16,0.12471491628284403,ok,0
3132,6.1943097346937996,4342132.0778927812,9,0.09821782649540145,ok,0
3133,6.286828481717043,3674321.0127025214,19,0.096450682327977821,ok,0
3134,3.0473503400588982,2090177.9550635067,42,0.10609546479773935,ok,0
3135,3.5033827368383768,2267725.2931199414,43,0.12781987988137911,ok,0
3136,11.02230659640211,4677101.5855984883,8,0.13281017695981157,ok,0
3137,4.8598306371606492,3683902.8783748881,16,0.094512060185873215,ok,0
3138,5.2967767504433905,3665383.2170427069,22,0.087736902792002192,ok,0
3139,4.8059020100764389,3593682.5826623207,24,0.095838282383034268,ok,0
3140,8.9485552839511655,3798448.203422985,16,0.097833395374083421,ok,0
3141,7.9674186781143073,3715812.4086804041,17,0.12787458453478273,ok,0
3142,8.6193006348451799,4459877.0774875982,13,0.095049500556588007,ok,0
3143,6.2214867844759052,3698523.5022784742,20,0.062611063368369219,ok,0
3144,6.1769049029654735,3611405.0250922581,23,0.098771481141692985,ok,0
3145,5.3608498611893332,4286709.53345217,8,0.090729735018367119,ok,0
3146,7.1475736355089046,3593839.427989135,20,0.098250868531546992,ok,0
3147,7.0628966059607112,3956668.0038757003,14,0.086156768635960002,ok,0
3148,6.483631529300272,4760402.7422424294,9,0.09957549669858845,ok,0
3149,5.7566068052204376,3593974.0660556136,20,0.083859952724384512,ok,0
3150,8.4446685448191232,4743083.8483423581,11,0.14837902940492675,ok,1
3151,3.7807723864659946,3716819.7649639389,11,0.06898926407623529,ok,0
3152,3.9298231317616872,2267725.2931199414,39,0.11159708933949847,ok,0
3153,3.2479904638623296,2267725.2931199414,40,0.13245783918663059,ok,0
3154,5.8298329385571508,3741094.6851533088,14,0.09418842288422502,ok,0
3155,5.7062054010526841,3687407.7632392952,20,0.1485652501656744,ok,1
3156,3.7282762166976005,2773471.102127803,31,0.098082326277081688,ok,0
3157,16.938755689041635,4325725.15597138,9,0.097694989842685098,ok,0
3158,4.8882303172040125,3639776.7475796468,22,0.08745031602133635,ok,0
3159,5.338031899893708,3677855.6852543894,12,0.10874348950505031,ok,0
3160,4.9233764368639514,3597068.870300238,20,0.14231826749717147,ok,1
3161,5.8570572703752317,3680918.5977549907,20,0.14184365382397313,ok,1
3162,7.6911776545763546,4393299.1578137539,17,0.10440571046213198,ok,0
3163,4.3156400594930222,4377479.76653245,16,0.085739175352364527,ok,0
3164,7.0971740951645605,3825742.8495586845,17,0.13504070386455569,ok,0
3165,8.1586661395025235,3868656.7968342281,17,0.13308106562082778,ok,0
3166,3.7293309597406963,3718919.667689458,23,0.095419438837433312,ok,0
3167,3.6777719077071018,2349511.4431106183,34,0.12701042864204784,ok,0
3168,5.6902766295460028,3714532.1481458037,18,0.094284754066898901,ok,0
3169,7.0502540270642662,4101275.6369379275,14,0.11231057114194989,ok,0
3170,5.0869921908990445,3650928.7408746467,16,0.14366001233794168,ok,1
3171,4.4124451176973061,3719534.4328434453,19,0.098994088776977462,ok,0
3172,6.9045354231508895,3748325.132526645,14,0.11672492026854803,ok,0
3173,3.3603951695422674,2349719.955294122,40,0.12322294204431611,ok,0
3174,3.2371747429833664,2142731.0761223878,39,0.12955628062526675,ok,0
3175,5.6931171696790104,3663710.435826248,18,0.10844971767715894,ok,0
3176,8.8110129901566516,3915873.7666262942,14,0.12456249420267734,ok,0
3177,3.6792784099506934,2342560.3317427742,39,0.10245187360978869,ok,0
3178,9.1776163252184428,4108137.0505544441,19,0.11309629165322577,ok,0
3179,3.6425538084526607,2342560.3317427742,39,0.11510696199474735,ok,0
3180,5.0096368844424743,3651616.4622739381,19,0.096283277863630445,ok,0
3181,3.4457616391374213,2342560.3317427742,38,0.1148388001848738,ok,0
3182,7.9633861230361065,3612205.2981224502,22,0.1133632594212548,ok,0
3183,3.9003882655796218,2267725.2931199414,42,0.084495118440233774,ok,0
3184,5.2960123334107285,3663128.2485793135,22,0.08562217046933901,ok,0
3185,4.0007526250901062,3611457.7149118073,19,0.11192815665367517,ok,0
3186,8.3493958669042243,3609723.9386824151,18,0.12548484849936248,ok,0
3187,5.5646194466964713,3669285.6587990029,23,0.064178736578300311,ok,0
3188,5.2752748809251582,3594602.7269904292,18,0.093465250031249059,ok,0
3189,3.375366246390314,2090177.9550635067,42,0.12351814644942752,ok,0
3190,6.4614568134325374,3708024.1549385637,15,0.10922952426558596,ok,0
3191,4.9656227356074378,3673016.5656987429,18,0.072321453630501797,ok,0
3192,5.162256763522632,3645865.876322262,24,0.13801664494747823,ok,1
3193,3.5972118964516717,2786813.40424396,29,0.1060928416061457,ok,0
3194,7.1029423167841612,3792149.8660613969,18,0.096692072884847186,ok,0
3195,9.7124143811464432,4274705.368074947,9,0.088990850955116607,ok,0
3196,3.3472215919062087,2628545.6714319899,35,0.071763128267746279,ok,0
3197,3.655574572706962,2267725.2931199414,41,0.12386384647782445,ok,0
3198,3.6614608765848629,2267725.2931199414,45,0.10543504066025278,ok,0
3199,6.279033098469248,3953876.5399675234,14,0.087275536641316154,ok,0
3200,5.8040943162516632,4007836.0670303372,19,0.065303251897009418,ok,0
3201,9.5062814852920905,3787616.5856331373,21,0.1061577220856107,ok,0
3202,11.550321266784355,5096025.5382023603,7,0.10114214344943451,ok,0
3203,3.5012139239227689,2267725.2931199414,42,0.1169231248420437,ok,0
3204,4.800542427157966,4025424.4080372895,15,0.063154934938480511,ok,0
3205,5.6649690802100876,4133263.1507928823,17,0.086008924794660713,ok,0
3206,3.6750977706051415,2357307.6858878741,32,0.15640233998264885,ok,1
3207,5.3239601181359051,3625094.0608364628,21,0.098676823914141343,ok,0
3208,4.4534542977373626,2349511.4431106183,36,0.15912513588082289,ok,1
3209,4.5106054065917256,3720549.9279300682,17,0.092008242761530856,ok,0
3210,6.4130197937077362,3706628.4734357903,18,0.075980712532879857,ok,0
3211,8.6483518275841913,3613385.4835853432,15,0.10630335975792504,ok,0
3212,3.4599685431322285,2378837.9975668644,38,0.14048340868601206,ok,1
3213,3.3112789424651634,2342560.3317427742,41,0.11643714787806503,ok,0
3214,5.9308365418779685,3604747.2901955652,21,0.11608201421994024,ok,0
3215,6.6829213054376995,3650736.5817252523,19,0.14369445724715413,ok,1
3216,8.4250861278144917,4529075.4302206738,13,0.12196754461892345,ok,0
3217,5.7014576454044885,3689718.7981568421,24,0.06722370258898136,ok,0
3218,12.815619366678265,4381309.3929878529,11,0.11149899108422046,ok,0
3219,6.1130648787278359,3671319.625935534,13,0.10245640536925982,ok,0
3220,11.231774439460873,3622541.156703942,17,0.064259291676674768,ok,0
3221,5.3685332606333196,3721975.5055339551,26,0.090674063224882917,ok,0
3222,3.1248198662071012,2142731.0761223878,37,0.096857463599048399,ok,0
3223,3.5611958724109876,2267725.2931199414,41,0.13240154275134342,ok,0
3224,7.9579606411750712,4447017.2852664059,9,0.11063496120838689,ok,0
3225,5.968008928185732,4594362.9774831338,10,0.099211024937128134,ok,0
3226,5.3836741887447168,3688784.5649919398,19,0.096612238055610811,ok,0
3227,6.0532321396546234,4287420.1243110923,13,0.087804828524551071,ok,0
3228,4.7326340123486048,3589738.1222833144,20,0.11178452861727861,ok,0
3229,6.7944328903461786,3613348.3508565929,18,0.078727263694900684,ok,0
3230,3.5529880421385971,3697096.7017272562,15,0.058653317513279846,ok,0
3231,6.0908778571462925,3589013.8093123422,19,0.09961850727188426,ok,0
3232,4.2748979268247815,2628545.6714319899,31,0.095560342185081193,ok,0
3233,7.0711769074744675,4038780.0374079058,15,0.062126909233806371,ok,0
3234,3.6322581397202005,2772356.9728852585,36,0.11192775448824555,ok,0
3235,4.7811438781983719,2773471.102127803,26,0.11215344674469196,ok,0
3236,7.4594670286821927,4356029.6037994632,10,0.080869050075313309,ok,0
3237,6.9143758865167655,3601406.5835901704,23,0.11672905564892144,ok,0
3238,4.2329677399814294,3614154.4115126692,15,0.096626089683003846,ok,0
3239,5.8907489838444524,3746270.9034880158,20,0.15050433673579289,ok,1
3240,6.2594117823913704,3607789.4110248787,23,0.081587558271295602,ok,0
3241,3.8051540519850859,2349719.955294122,40,0.10704311662978006,ok,0
3242,10.608138568696624,4064322.9946728232,13,0.14889913104380503,ok,1
3243,6.1753347107729439,3649847.7144787563,19,0.065216795958959739,ok,0
3244,5.2263102180147332,3717563.3049669713,25,0.08371837264495291,ok,0
3245,3.4071791296214866,2142731.0761223878,42,0.14419992088727041,ok,1
3246,7.7793665435682291,3628177.7853038432,14,0.12364432639046441,ok,0
3247,9.2997808649467331,3690969.917751248,21,0.14438800936799034,ok,1
3248,6.4897475756031762,4812159.8760332596,11,0.101764175217397,ok,0
3249,4.3880815891679159,3707285.0039694458,16,0.095351343919908294,ok,0
3250,3.6886768760411193,2142731.0761223878,40,0.13640866502248894,ok,1
3251,4.8670627261931916,3605538.3237845697,24,0.13400373259823928,ok,0
3252,7.0306388242667159,4196119.7446573824,17,0.12621303778484438,ok,0
3253,6.7026272530544109,4222690.342560458,13,0.16048512447649088,ok,1
3254,6.2718804636126331,3891245.8845379814,15,0.11354769492445216,ok,0
3255,12.437470321840093,4268361.0022692084,12,0.07383522103817064,ok,0
3256,6.4689091661711746,3689181.4245280246,19,0.10646757739648727,ok,0
3257,6.2861682563174686,3610780.9532186976,25,0.11482049279081824,ok,0
3258,5.3294241283475552,3665609.8704045895,21,0.084718153691813902,ok,0
3259,5.7824266592894178,3755734.6796891573,17,0.10952324413193482,ok,0
3260,6.5307393296514347,3589434.7615227783,24,0.09615403861181937,ok,0
3261,3.9151893743633175,2349719.955294122,39,0.122001208583986,ok,0
3262,5.1434473329562547,3626238.0831035245,21,0.10305528536787278,ok,0
3263,12.736380905193377,3821874.5425500823,17,0.13360461955209446,ok,0
3264,4.0612244942517748,2581618.0750895645,32,0.07374059273909106,ok,0
3265,10.01418671164185,4566487.7032672036,11,0.15040474088354805,ok,1
3266,4.5039753581969322,3611097.9681402962,20,0.080299968783342335,ok,0
3267,10.891558346932177,4601074.2992312377,8,0.12773572933060617,ok,0
3268,3.4960372073719443,2342560.3317427742,34,0.11603368541154996,ok,0
3269,5.9207264136442639,3597907.5098109692,16,0.11431151627497238,ok,0
3270,4.3308645566121733,2772356.9728852585,27,0.079607968537494245,ok,0
3271,4.9951085677741913,3775893.6715492457,14,0.059489191889217141,ok,0
3272,10.656115228816102,4594805.7001402425,6,0.11266315940624583,ok,0
3273,9.7115219866137714,4089413.4609146598,12,0.12575090331650252,ok,0
3274,5.7058266779776599,3665013.8455847534,18,0.080419243636403959,ok,0
3275,5.7328283099290331,3916629.044555183,14,0.068838034126389003,ok,0
3276,3.8301321099786927,2342560.3317427742,39,0.13903335276806295,ok,1
3277,5.3407474323006126,3592048.813863188,19,0.13803831770838793,ok,1
3278,7.7056581231709815,3680812.2735376395,14,0.10590600547628426,ok,0
3279,5.0161664234587269,3630819.4894551095,21,0.077118147809954962,ok,0
3280,4.8175709999707834,3620250.0559994671,21,0.1007527613403687,ok,0
3281,4.6042237079836426,2581618.0750895645,39,0.12583405435517969,ok,0
3282,5.3277860378632358,3880388.024345933,10,0.13717865783364402,ok,1
3283,5.6653879602801904,3681149.0055022109,22,0.079555064564695188,ok,0
3284,6.5498842408530056,3988182.1623350484,13,0.10504537090723753,ok,0
3285,7.1363786348620621,3611865.2173819696,17,0.10580596378925033,ok,0
3286,4.4484560914293203,3689445.6173427268,18,0.083876054126582167,ok,0
3287,3.3994308744870132,2090177.9550635067,40,0.1035203031603934,ok,0
3288,6.6143796323819872,3629356.7208872293,19,0.0777826721088693,ok,0
3289,3.6979064976090696,2349511.4431106183,38,0.079051003340648962,ok,0
3290,5.3983999220777763,3968762.9901257176,19,0.10735707264611261,ok,0
3291,4.6753855345722126,3780762.315732074,13,0.09568172824844412,ok,0
3292,4.8432194068434828,3857168.9044652809,22,0.084627195572921865,ok,0
3293,6.3697835617800056,3615725.8463958399,10,0.10617934815446489,ok,0
3294,3.6576094966276753,2342560.3317427742,42,0.13258968612037342,ok,0
3295,4.1436999951084639,2609060.0868099569,33,0.11767832030492087,ok,0
3296,5.3182161819263429,3641055.1818101001,20,0.080815085087942273,ok,0
3297,3.4947024039838164,2267725.2931199414,40,0.14049014241980595,ok,1
3298,6.5711942995811672,3610389.7864379799,26,0.10588174669508577,ok,0
3299,6.107062732578175,3589245.2000327441,20,0.12435354405052901,ok,0
3300,5.4138481021116238,3699487.0424520434,21,0.1107624122754779,ok,0
3301,6.8445190716198141,3618925.909692151,22,0.097112747487868023,ok,0
3302,5.1752722756368987,3697198.7029645075,23,0.095106641393250646,ok,0
3303,10.977390068547864,3632348.1351972101,16,0.10430757507192678,ok,0
3304,8.4127761308914017,3864585.6093596504,16,0.11457740152011164,ok,0
3305,8.8562089960952921,4654988.7094416823,11,0.14424905555988166,ok,1
3306,4.0154512395799724,2342560.3317427742,44,0.11632476732348007,ok,0
3307,6.8252178366648231,3641753.1476480868,19,0.10960277872571111,ok,0
3308,5.1894547104019102,3650836.638388406,20,0.13076308212527732,ok,0
3309,6.8511033850642633,3593907.9258670742,19,0.10002422002868228,ok,0
3310,9.3480427976470573,5242468.8087813379,6,0.13244989009759134,ok,0
3311,8.583423195230143,3746675.83709219,21,0.12665746684048207,ok,0
3312,5.0720850874704162,3605831.5351986829,15,0.099079385505756346,ok,0
3313,4.7628676358343034,3598568.5419515148,17,0.083512410850290819,ok,0
3314,4.8144622445386123,3602174.7845702958,19,0.089746708015819354,ok,0
3315,9.6556158776273069,4040972.4956471962,13,0.132725301725657,ok,0
3316,5.9865719909696029,3649011.7244298323,18,0.09627434403817503,ok,0
3317,7.1792344059159188,3725815.3338638814,15,0.12506964296746126,ok,0
3318,5.2457948333619031,3631104.2040054696,22,0.10251122972558097,ok,0
3319,3.6301721796301916,2267725.2931199414,38,0.13277895896766861,ok,0
3320,6.3379948658553573,4494600.7479824312,12,0.10873975620645275,ok,0
3321,7.1399663467641945,3977665.202031923,14,0.14557225484803057,ok,1
3322,6.3268678551974347,3613997.7292496157,21,0.079758700008841221,ok,0
3323,3.9838681733876267,3280705.556872033,17,0.11960167667667179,ok,0
3324,4.5706037187510393,3592606.8038032488,20,0.062672818033897737,ok,0
3325,7.4103072866922348,3744057.4366605324,23,0.1137966681072281,ok,0
3326,12.104652872369822,4277925.0903939512,11,0.169437885624662,ok,1
3327,12.881832723284115,4080400.8034430882,11,0.10782663534268244,ok,0
3328,5.2003134098765251,3603274.9924072605,17,0.088708345252450777,ok,0
3329,8.0534765742020546,3711341.8956370577,22,0.11950750449979169,ok,0
3330,7.4554955267056959,4013659.9188686782,14,0.064229913798074967,ok,0
3331,6.3562681685054478,3588933.4895270932,28,0.078327531134070871,ok,0
3332,3.2313355867652325,2008285.8541831209,41,0.1099235552362926,ok,0
3333,6.0662188855258634,3764814.8489938215,19,0.10987331043551496,ok,0
3334,4.7582209153904937,3843265.7870711708,14,0.063215718807172944,ok,0
3335,5.2993835908338864,3622591.796219666,16,0.10800302671583561,ok,0
3336,3.6681865956841615,2342560.3317427742,42,0.14774491174032292,ok,1
3337,6.0530138562813285,3969469.32610207,18,0.074963523846970026,ok,0
3338,5.1174830536092299,3663750.1549722212,14,0.12057458337880511,ok,0
3339,6.0729690290824525,4407679.6822071392,11,0.10154942014848323,ok,0
3340,8.1040872359110026,3702452.7819656944,20,0.069255022407531563,ok,0
3341,5.5390092355999867,3684658.4201103584,19,0.10209504378141515,ok,0
3342,3.3883645285803254,3280705.556872033,25,0.092036350820893953,ok,0
3343,4.6828987461981342,3589198.8560937326,21,0.070507027260387156,ok,0
3344,8.3653851567338045,4355075.8331783935,10,0.12984398414775727,ok,0
3345,3.5815814022980912,3941856.6808915148,16,0.092495990646166315,ok,0
3346,5.4291073646058194,3629818.2250490747,18,0.097574699184863056,ok,0
3347,4.9114582985614135,3588090.5517817116,22,0.10428821797879151,ok,0
3348,3.8948804680396054,2349511.4431106183,38,0.13343370401264687,ok,0
3349,4.9756648146479936,3638384.5698469048,11,0.10607297182512754,ok,0
3350,9.7578600142869956,3806651.3377438532,17,0.1041953688721981,ok,0
3351,7.47322399831077,3946777.4541613953,17,0.1127860934092374,ok,0
3352,5.4244687340804285,3621729.0122237517,23,0.080519852465271491,ok,0
3353,5.4838097287807637,3624663.6376728239,22,0.065841710512314799,ok,0
3354,10.186147635105792,5645442.7990967715,9,0.11155341066622376,ok,0
3355,3.5398546748743436,2090177.9550635067,40,0.12817559108030629,ok,0
3356,5.4986917756481901,3668535.3257462168,24,0.13803464123338138,ok,1
3357,8.7076603744201169,3828142.0455258489,11,0.093363906008528952,ok,0
3358,7.0195055932838857,3644397.7128693392,12,0.076535152546246654,ok,0
3359,6.1286780367261198,3628417.8106178697,19,0.061331428320302916,ok,0
3360,4.6153975188134098,3924507.7639629114,12,0.10137111311207259,ok,0
3361,6.5180794107255533,3695263.6067591081,14,0.082012167653630563,ok,0
3362,5.4225520985570341,3593345.4890737399,21,0.14375647567471139,ok,1
3363,4.358775657260975,2342560.3317427742,38,0.15168500154658304,ok,1
3364,7.0454134976275551,3835118.6118938713,14,0.098682558565803324,ok,0
3365,4.4339718305552189,2628545.6714319899,32,0.11085000049663063,ok,0
3366,3.6137565355220893,2628545.6714319899,34,0.07803118005759041,ok,0
3367,3.6318214612360147,2609060.0868099569,37,0.092825814423146691,ok,0
3368,4.8227988502782964,2678205.3747857241,28,0.10273793870898473,ok,0
3369,6.6931225915266843,3712445.979695078,14,0.09388343513201125,ok,0
3370,5.2817489898536358,3820959.4100473127,9,0.097280886854948623,ok,0
3371,3.048062240480407,2090177.9550635067,42,0.1367896301512169,ok,1
3372,3.5555112308722672,2581618.0750895645,31,0.12712269519389202,ok,0
3373,5.1131805315148346,3678942.275648342,15,0.08172646404380457,ok,0
3374,5.3208157771461728,3788123.1822544984,18,0.10212716526651899,ok,0
3375,5.9335197058727385,3596836.050598084,20,0.071265646533711258,ok,0
3376,3.5209069405387807,2349719.955294122,35,0.12180641021619953,ok,0
3377,5.9758032555321856,3616638.7299066451,18,0.13460279435876832,ok,0
3378,6.392354554421475,3783594.1662238319,19,0.11820740484043984,ok,0
3379,4.8115443154109538,2772356.9728852585,31,0.13903195629408865,ok,1
3380,6.5733009103088662,4939687.8924215473,6,0.12934039392678942,ok,0
3381,5.4051133618345286,3597681.5387596684,15,0.095523612517391276,ok,0
3382,5.765717070778555,3598548.2008448211,19,0.17117225761105814,ok,1
3383,9.5292753005560193,4030406.4166756179,13,0.095709247962111776,ok,0
3384,8.3788044065262213,3721891.0710564209,16,0.12414797929490917,ok,0
3385,7.1196417607607385,3821256.4815322976,21,0.10998737351173549,ok,0
3386,7.2898241040185123,4002402.2424985575,14,0.10193218463137066,ok,0
3387,6.3929699422645392,3628560.8368685371,19,0.093938555678666824,ok,0
3388,4.9155486510637001,3740973.8063873961,20,0.056790506758651271,ok,0
3389,3.0636303507829519,2090177.9550635067,44,0.17433059037512688,ok,1
3390,6.9201929586354911,3592712.5278383954,26,0.10601262217852492,ok,0
3391,5.6305725845028016,3639632.8596649305,21,0.13215941507087103,ok,0
3392,4.8867543281317793,3639634.6642842498,18,0.091921736823930955,ok,0
3393,6.9236272720699095,4670828.0671858033,8,0.1185655761643617,ok,0
3394,6.7608123368514299,3587394.7990943491,18,0.10703674453519685,ok,0
3395,6.9423996163340123,4420136.9247710072,11,0.099982069722689415,ok,0
3396,3.379395441262361,4192729.8597596893,9,0.10214784425678708,ok,0
3397,5.8968450154637768,3629702.9188874359,19,0.11193946723360859,ok,0
3398,9.9152338257134272,3919577.7093898277,14,0.063184818538645909,ok,0
3399,3.480957980529801,2342560.3317427742,39,0.12990687713230664,ok,0
3400,6.1861079275839392,3599557.4089454217,18,0.10705623880879611,ok,0
3401,4.4838419803906833,2954199.3212936129,27,0.11590077171137186,ok,0
3402,6.9236264508580447,3739296.8030682257,12,0.11633604781352186,ok,0
3403,4.3043006200520635,3595481.6457704073,19,0.098599576903888653,ok,0
3404,5.8586647840031993,3818448.4701076993,23,0.09638758633335931,ok,0
3405,8.5844713190794426,3892385.5493525919,11,0.10843256051761807,ok,0
3406,3.7606386585053477,3671970.7034560726,20,0.114836629026417,ok,0
3407,6.2272852040293944,3602197.034009174,23,0.11330697447558458,ok,0
3408,4.8961618098802822,3641869.1032104688,23,0.10356747116615805,ok,0
3409,10.672217413955476,4195625.5397227732,14,0.11487908023849427,ok,0
3410,4.570853036122525,3598647.1091215583,25,0.086097268588090303,ok,0
3411,4.2071662755472428,3595333.7541113431,17,0.09858237284550575,ok,0
3412,5.051544618170178,3682270.2370967949,19,0.10540333267439272,ok,0
3413,5.767607355222693,3600610.3871561978,24,0.14254793927214349,ok,1
3414,5.9552146896353131,3656809.7813392268,29,0.11475898170599241,ok,0
3415,5.3682167975251458,4647408.2221613871,11,0.075267536088984011,ok,0
3416,6.113419603214612,3660368.8789887824,12,0.10790920013721794,ok,0
3417,6.9276927141861702,3613517.7363648377,19,0.086026703187268239,ok,0
3418,3.3279486455721012,2090177.9550635067,44,0.11561736723892579,ok,0
3419,8.1688563957338065,4923123.8344522361,7,0.10122841671043181,ok,0
3420,7.6997967196294246,3998870.2578276843,11,0.094948306944875105,ok,0
3421,6.7222223153485308,3879003.6112480685,14,0.1251497648512474,ok,0
3422,5.8146328437419541,3931594.6607663766,17,0.13654772433795637,ok,1
3423,5.8683201365371156,3657617.2336899797,22,0.077051743184304189,ok,0
3424,3.4653105963026283,2349511.4431106183,38,0.10857255224027484,ok,0
3425,5.2777425990572757,3668715.4152587079,16,0.094532426240462208,ok,0
3426,6.6934563102175861,3606774.6668345062,23,0.091740453030054403,ok,0
3427,8.2959734577707103,3741897.8811061392,13,0.10566098511949812,ok,0
3428,5.9009530723630448,3845240.7837656387,20,0.074495186680951675,ok,0
3429,5.373924860028402,3680743.4200630323,21,0.080725263531695068,ok,0
3430,8.0714631759783231,4710889.0985625144,7,0.115145669997891,ok,0
3431,6.6579002275499652,4584010.0980777377,11,0.098000978091967283,ok,0
3432,6.5134145446463343,3678288.5867676958,19,0.085001615678096942,ok,0
3433,7.4282728996562568,3752279.2722675176,15,0.10741327162509628,ok,0
3434,3.2373693683666676,2267725.2931199414,42,0.15783972945805069,ok,1
3435,5.8552005381687797,3627420.8616088573,19,0.068716982890660971,ok,0
3436,6.2760357716293704,3594575.7948212028,17,0.078163933310615899,ok,0
3437,5.5162031735364803,3605837.1188511802,27,0.12000185545777486,ok,0
3438,6.2913075152507201,3597694.9366666814,19,0.076661556487362836,ok,0
3439,3.3656034760588298,2142731.0761223878,40,0.13147542591612646,ok,0
3440,5.6104301350841173,3591872.0935653625,17,0.083520406569950745,ok,0
3441,7.6540727140452596,4244847.7922470551,9,0.097053556513183148,ok,0
3442,10.427877565557932,4098366.6633954146,13,0.10138663708963097,ok,0
3443,3.8151820748352132,2267725.2931199414,42,0.11206771131691179,ok,0
3444,3.7675884965999455,2786813.40424396,24,0.11842683795052172,ok,0
3445,6.3904551159152359,4933903.1948496038,12,0.117177502088463,ok,0
3446,5.8833693878934632,3654403.1880598352,18,0.10544705514079888,ok,0
3447,3.0408810424925341,2142731.0761223878,42,0.1279567211531546,ok,0
3448,6.8575818797278831,4320592.0786677459,8,0.10362745775163029,ok,0
3449,4.1284637555271537,2773471.102127803,21,0.1074339539564646,ok,0
3450,6.9273823076546721,3597330.6942183222,26,0.10780563635696117,ok,0
3451,4.6308034411812207,3708723.092705979,19,0.12163236123670468,ok,0
3452,8.6270255392689261,3598619.2450200687,14,0.060416033393871915,ok,0
3453,7.5284349700808129,3655048.6405716157,21,0.12179395786091168,ok,0
3454,5.7824242412179929,5011948.7060939511,9,0.10730584323450842,ok,0
3455,5.139054079289604,3601991.347988158,20,0.1233425164523545,ok,0
3456,5.6296634603362552,3598179.6026498387,25,0.13228056790076237,ok,0
3457,8.5601741047599305,4120605.0821815203,13,0.087438289299352878,ok,0
3458,9.4917042560368952,4642048.9871821711,8,0.11218729790848203,ok,0
3459,8.1284659371083627,3587088.2945078979,19,0.10281918908651627,ok,0
3460,5.1353082757119894,3854326.2125800047,18,0.061939171815389549,ok,0
3461,5.1561531824739646,4149791.7895335825,8,0.10996442578124765,ok,0
3462,4.3425669165322507,3632143.9074639925,23,0.060313619585282585,ok,0
3463,5.5843317042176484,3761738.3505568532,12,0.11367451364653217,ok,0
3464,8.1850318352210998,4287339.0651958762,10,0.092237374015610468,ok,0
3465,6.5198395237280486,3645980.9555734047,20,0.079449655384832618,ok,0
3466,9.1168718703153644,4080879.1400227612,17,0.13285784426982927,ok,0
3467,3.3095617613166417,2090177.9550635067,40,0.10647266222204055,ok,0
3468,6.2937462572970073,3629771.1261632894,16,0.098294209199583982,ok,0
3469,8.7577058604111695,4105953.7176089976,10,0.10418429983320462,ok,0
3470,7.5711735005631278,3604327.2199459895,19,0.1566687294603345,ok,1
3471,4.3304516392544983,3868125.9271826479,12,0.067807295329304296,ok,0
3472,4.6250352479610326,3890986.6201217473,15,0.07392396058567241,ok,0
3473,6.0765455142832865,3605023.4995685648,18,0.087387928044908803,ok,0
3474,9.3538032786670371,4173900.20073087,12,0.16452137183807858,ok,1
3475,3.5708565687652039,2357307.6858878741,39,0.18777090235429728,ok,1
3476,3.4925769588954712,2090177.9550635067,43,0.16599893029308793,ok,1
3477,5.8701730890811348,3802061.5004897807,10,0.13022152672694953,ok,0
3478,6.8819959742684294,3607202.178581445,24,0.1433475023436484,ok,1
3479,4.1519157805882063,2349719.955294122,38,0.15143939040843701,ok,1
3480,6.0315192171491683,4793809.8262382783,10,0.090286488470081361,ok,0
3481,6.7754697451047932,3793257.9479086958,19,0.13905707828047337,ok,1
3482,3.209171718325345,2090177.9550635067,39,0.081813220858933944,ok,0
3483,5.9217895698088743,3631803.5290440866,25,0.094645192270452427,ok,0
3484,5.6193376025374384,3718148.6370015419,19,0.072598405371109176,ok,0
3485,5.1124266047441225,3697285.0001951735,19,0.057625233910871376,ok,0
3486,3.6725293532474734,2581618.0750895645,34,0.090493479731384663,ok,0
3487,6.0090923981277777,3610403.0224788939,14,0.11721925051532889,ok,0
3488,5.8796516280228266,3623258.5573970806,18,0.12121589972318136,ok,0
3489,3.0509528754031279,2342560.3317427742,39,0.12219363414833173,ok,0
3490,5.3840531429994334,3715368.7474017921,18,0.1113773381281925,ok,0
3491,6.1992969073171693,3594276.3329232913,20,0.10364256003684735,ok,0
3492,3.6038957402740119,2142731.0761223878,39,0.13026706481114264,ok,0
3493,11.347291640358515,4080759.8343432695,17,0.086542846364921377,ok,0
3494,5.8693309555188433,3859064.5062143607,14,0.10699469279554596,ok,0
3495,3.8512046753743543,3685811.3632855071,16,0.064727198288024201,ok,0
3496,5.0030886447234932,3624779.1574482149,23,0.11536396041281016,ok,0
3497,3.8823749782514771,2581618.0750895645,37,0.098857792411579881,ok,0
3498,9.8885585656241659,3978989.7680645664,18,0.12212418107939138,ok,0
3499,8.445132904636246,4085584.7440830641,13,0.11859550521638684,ok,0
3500,3.4464250768411571,2349719.955294122,35,0.10439562719257134,ok,0
3501,3.5263763034001805,2142731.0761223878,44,0.11072277471946465,ok,0
3502,7.0678727827303227,4821396.8523185654,8,0.11974567819937765,ok,0
3503,5.132087582550878,3670686.1118163504,21,0.0665678608613538,ok,0
3504,4.2980678957450511,3598349.0664400994,25,0.065806841297552765,ok,0
3505,8.4910920053087935,3698994.9412011029,21,0.092296927565871378,ok,0
3506,5.9100969308775309,4351103.8681733403,7,0.12209041877692006,ok,0
3507,3.3399558116270409,2349511.4431106183,40,0.12847938315615737,ok,0
3508,6.0459379213342483,4427517.8045712868,14,0.066930284397330342,ok,0
3509,5.113892516808451,3590379.1068908069,21,0.12010362225484816,ok,0
3510,5.9859112838689867,3953166.4897424169,15,0.11409832656761087,ok,0
3511,3.3449868011358403,2342560.3317427742,43,0.12044618551053099,ok,0
3512,6.2857183725199333,3721094.6564103612,10,0.10773864384849852,ok,0
3513,9.5813085289740023,3661404.7835062463,16,0.11726967913390518,ok,0
3514,3.4297557058979695,2342560.3317427742,42,0.10327749303235634,ok,0
3515,6.5363098073124721,4613045.0333548477,7,0.11579066034279228,ok,0
3516,5.412378111425439,4117843.3796889177,12,0.077350923867308907,ok,0
3517,6.9900384102244688,4998589.8072200716,10,0.10861336873524186,ok,0
3518,6.7035186913036471,3976684.0491198604,14,0.097076177106103279,ok,0
3519,7.6059861112667626,4020503.2154280017,10,0.084192438107053236,ok,0
3520,4.8862315571309249,4074327.7485040231,9,0.10530382139500405,ok,0
3521,7.1259714328855432,3988461.9600967155,18,0.090909653384722233,ok,0
3522,3.2395183849817921,2267725.2931199414,40,0.1194876200187738,ok,0
3523,3.5870027792583401,2267725.2931199414,37,0.11132012895356802,ok,0
3524,7.32458320687872,3638481.597937068,22,0.10230396346955734,ok,0
3525,8.2248482113211949,3933566.4336647927,16,0.17266053351025967,ok,1
3526,8.3376708222511624,3588263.508785734,19,0.18644503974941862,ok,1
3527,4.9236975213393821,3733058.6806148249,13,0.077032355104726724,ok,0
3528,6.8334086916288301,4393220.6945788376,14,0.1063945513304545,ok,0
3529,5.1499355150407355,3617498.6105531203,17,0.084106332328616085,ok,0
3530,9.2880643359021224,4023801.9412245881,16,0.14381472136429141,ok,1
3531,9.8445085987928707,3623010.6699782982,18,0.099366190816444488,ok,0
3532,4.5233252351374205,2267725.2931199414,36,0.13391187362128265,ok,0
3533,4.2452874907812257,2628545.6714319899,36,0.15115062160654813,ok,1
3534,4.4435794016678409,3694612.5566996085,18,0.08478306259800239,ok,0
3535,13.68449208269738,4470983.0496593565,9,0.15572355944238581,ok,1
3536,3.6618340832472338,2772356.9728852585,31,0.091859716978681061,ok,0
3537,5.8223645149354146,3830604.622966182,15,0.12596950537466234,ok,0
3538,10.403459998733149,3610709.3069019299,19,0.097488321239666664,ok,0
3539,3.5906907402484105,2267725.2931199414,39,0.12111342391872448,ok,0
3540,6.5186886741725463,3599684.6440935684,24,0.12943938355673112,ok,0
3541,6.6570454968783928,3607214.9579041898,17,0.090955344028388119,ok,0
3542,6.4460614800734399,4033670.7730495348,15,0.12480264793635008,ok,0
3543,3.5264679503216581,3774970.3359631612,15,0.079038019631056944,ok,0
3544,8.484725390796342,3800325.9882133096,17,0.11206153124657225,ok,0
3545,6.8512552943654885,3736324.4513775008,19,0.11383118169699191,ok,0
3546,6.3584370080872974,3930856.0804785392,22,0.1131151603987236,ok,0
3547,7.1952541961621499,4162766.7343281289,15,0.11051289309123191,ok,0
3548,3.9164985643712136,2267725.2931199414,41,0.13923250489369876,ok,1
3549,3.1270116146522908,2342560.3317427742,40,0.1132811202419759,ok,0
3550,11.900154563520323,5086667.8328731032,6,0.14959798475164188,ok,1
3551,5.394764513125712,5416066.8439465687,7,0.12485685441159061,ok,0
3552,3.7097674208537459,2342560.3317427742,39,0.11007336771949894,ok,0
3553,5.0693359622749554,3692014.9998356644,22,0.084965380073288521,ok,0
3554,8.0159100353417401,4418795.3384861173,7,0.1234715952455957,ok,0
3555,3.4023221073995757,2267725.2931199414,38,0.075652634345945907,ok,0
3556,8.4613408924438929,3642357.286603333,20,0.072737312688435862,ok,0
3557,5.1620990956238595,3590249.4569995399,17,0.06932625162226469,ok,0
3558,6.8351751743673708,4215068.9135580575,15,0.11838828038716359,ok,0
3559,4.9423785205650415,3726019.424552056,15,0.06356166345876868,ok,0
3560,6.2183854910643355,3815724.7829532544,13,0.12155168197933608,ok,0
3561,6.8198328400251755,3750974.5870309784,18,0.096295886425103283,ok,0
3562,7.093776916452442,3638862.7894216222,24,0.047096562531249456,ok,0
3563,5.9006779580279547,3588575.2178579853,21,0.12106114569838178,ok,0
3564,5.2518705242145796,3620700.4628372132,19,0.098587340385148381,ok,0
3565,5.7616955475722991,3644287.570705743,20,0.13453032122926345,ok,0
3566,5.9258371967344079,3616957.8713720171,21,0.098794952390051538,ok,0
3567,6.5829803957728714,3719717.7642636825,21,0.074005655765909339,ok,0
3568,6.326050250249005,3836893.8641060414,18,0.084102962353267419,ok,0
3569,5.8528210013988566,3611904.8582263002,23,0.12491645343612601,ok,0
3570,7.0950007267224731,3623056.6813527439,21,0.092418005847894114,ok,0
3571,8.6069358737356687,4299505.425955927,20,0.091524607502199706,ok,0
3572,4.8424429923907493,3597548.6910795807,20,0.11219160820056751,ok,0
3573,6.3818623243034258,3751213.8174018739,26,0.062739881455733282,ok,0
3574,12.758028832841228,4131244.5055886246,9,0.099308156207302711,ok,0
3575,4.9011521006015215,3638081.8988975585,20,0.12160727815945593,ok,0
3576,4.8819747596884833,2581618.0750895645,37,0.13061820084883102,ok,0
3577,7.448336339241048,3695097.7568591735,14,0.13855378450574829,ok,1
3578,10.183584250367673,4292421.0283557093,9,0.13923605018692331,ok,1
3579,4.4841570347958069,2581618.0750895645,29,0.095650981632758314,ok,0
3580,4.7902226566028467,3587183.5704915947,21,0.078855694725353587,ok,0
3581,6.6576380116740159,3630149.8216298772,26,0.083312260670840632,ok,0
3582,5.5778434859026609,3833632.8996273694,17,0.060542891577388458,ok,0
3583,6.5176897711971709,3642743.9535392332,14,0.072445849068955792,ok,0
3584,4.0204488634864379,3826800.8038552958,13,0.12412436254539971,ok,0
3585,6.0721951370309988,3873233.1233656267,15,0.12592633570611622,ok,0
3586,6.7903971374970071,4086919.0064785285,16,0.090827422434119565,ok,0
3587,6.7670930951662891,3645162.9348898372,19,0.11458570237278876,ok,0
3588,7.1150918943488781,3816408.2034284933,17,0.13921758378295013,ok,1
3589,7.6572991932509851,4318444.9336014334,11,0.11559883024565726,ok,0
3590,4.0136663656896481,2581618.0750895645,35,0.1166190165899208,ok,0
3591,5.4833634772829267,3596741.8576190867,21,0.12809386928211286,ok,0
3592,3.4981821022222439,2142731.0761223878,43,0.1686973781522606,ok,1
3593,6.2720883972107302,3885391.6072574146,15,0.12307162481832939,ok,0
3594,11.166954410741972,3990808.4447663082,17,0.097726383362364611,ok,0
3595,14.079205767485755,5023642.9376400495,6,0.14597470667030954,ok,1
3596,5.9026683890368679,4590629.6728797136,12,0.092970461689027672,ok,0
3597,6.4556450830691254,3622276.6281855013,19,0.130012265967695,ok,0
3598,4.9838427931701679,3616034.8785837027,20,0.13851356890287514,ok,1
3599,5.0687282423804945,3792313.4495671871,22,0.08961842614844473,ok,0
3600,3.4131504743758612,2342560.3317427742,38,0.14981458121017402,ok,1
3601,6.4453195375168901,3754920.0078633935,18,0.10346072169075016,ok,0
3602,5.1067488068957276,3614248.9670782764,24,0.071291517385607073,ok,0
3603,12.047974750436447,4895367.7169732498,10,0.1012706901468664,ok,0
3604,5.1020631875964035,3667746.7835863424,23,0.0925567837958996,ok,0
3605,4.990387363332264,3646721.121206908,16,0.11023606980183498,ok,0
3606,8.6522483451148045,3585874.8515186948,23,0.095639313485249122,ok,0
3607,4.255949035321235,2267725.2931199414,43,0.12680437884205742,ok,0
3608,6.1214114163238404,3663704.7063901033,21,0.1304989538332928,ok,0
3609,3.6254524847959053,2267725.2931199414,42,0.16266874972439005,ok,1
3610,3.8845422601208797,4101925.3936820193,11,0.096426919981907999,ok,0
3611,6.7305408828209554,3605144.6524562459,18,0.09832197547290189,ok,0
3612,3.9241638020116327,2581618.0750895645,28,0.090272802646172767,ok,0
3613,5.5401058913822343,3588142.0775193926,22,0.112080464453996,ok,0
3614,3.9914322145521575,2954199.3212936129,25,0.13280727518504548,ok,0
3615,3.4589022792542865,3158053.4917109548,28,0.096847231308009651,ok,0
3616,4.019968053413419,3647026.8247116101,20,0.092170755145789984,ok,0
3617,5.3997897787733242,4865572.2528808359,11,0.11026255705803306,ok,0
3618,4.551203743404491,3792598.7344954507,13,0.096452504070389078,ok,0
3619,4.379128715205729,3587859.2966482374,21,0.10072009021204031,ok,0
3620,4.7338477890264334,2628545.6714319899,28,0.12530404792235622,ok,0
3621,9.1147147738409959,4307777.4687983589,13,0.12201502617783877,ok,0
3622,3.7883817709213607,2267725.2931199414,44,0.13694819815553916,ok,1
3623,4.8447337896782745,3625954.2298006224,23,0.093687934713762577,ok,0
3624,3.4892561876623107,2349511.4431106183,34,0.12346986925076492,ok,0
3625,5.0180069377705516,3877972.9218536355,14,0.064300596387004166,ok,0
3626,3.8957805338568008,2267725.2931199414,37,0.11749056811741543,ok,0
3627,9.3482773834936062,4047309.8227194804,8,0.12700669894601302,ok,0
3628,3.2116717087206959,2008285.8541831209,40,0.17427981410504367,ok,1
3629,4.5408111923947665,3742565.1966633759,13,0.081179995518923742,ok,0
3630,3.6372731169437462,3754130.6342395591,21,0.072532211478961384,ok,0
3631,8.9956907483097162,4013121.5823289799,14,0.062253811982372897,ok,0
3632,8.2780976058912881,3940114.9487188733,22,0.11364381185701644,ok,0
3633,6.3133776991867592,3690967.2525592069,15,0.1003467685593501,ok,0
3634,4.3421164225226025,3885487.1092386241,22,0.094522423840277592,ok,0
3635,5.7379535765699456,3643913.8092339654,16,0.11837639267390354,ok,0
3636,8.9548232365151321,3631089.7202803255,15,0.11787246248848038,ok,0
3637,5.2359608257666572,3695253.9437019983,13,0.090973863171822322,ok,0
3638,6.377945612075286,3760168.9130822145,15,0.11906799552515357,ok,0
3639,6.8530449568935481,3594358.2557578203,21,0.10216714629778856,ok,0
3640,6.4108771426401088,3709065.8241214659,22,0.097542216895083578,ok,0
3641,6.3371502333697274,3655364.1573374695,27,0.095420316277745942,ok,0
3642,4.3840777930247068,2609060.0868099569,34,0.13155265543159689,ok,0
3643,3.4682313867119183,2581618.0750895645,33,0.080701001434490216,ok,0
3644,4.174673806820774,2786813.40424396,31,0.11159745306474411,ok,0
3645,5.8890895296149086,4240374.1662877295,8,0.097911234712321105,ok,0
3646,4.063375152837601,2267725.2931199414,39,0.12629340891885438,ok,0
3647,4.8269769609282882,2609060.0868099569,32,0.097147532883131049,ok,0
3648,5.4456772208543036,4022935.4250411331,22,0.096303174487621379,ok,0
3649,6.7882753871469301,4093112.0973375854,15,0.13669248568720505,ok,1
3650,7.497562141097565,3624524.7372666495,17,0.10792976594987613,ok,0
3651,6.4272037741514403,4269825.4159899717,14,0.10238452738286147,ok,0
3652,4.3285676892400868,3612603.7827215083,21,0.11113929337250955,ok,0
3653,6.4657284554318091,3852563.5238536424,22,0.12469759192975727,ok,0
3654,5.026471027068375,3617466.872476127,22,0.10806275183631331,ok,0
3655,8.1638971762418784,4137721.1039912412,12,0.07346938738408515,ok,0
3656,5.7342152995605025,3904793.7250017626,14,0.062412721544524818,ok,0
3657,4.4389924257358686,3675326.8982464401,22,0.12650162063415515,ok,0
3658,4.5666011570713199,2772356.9728852585,35,0.12840775277285033,ok,0
3659,5.2947342728413975,3616463.4631705368,16,0.12585977215764887,ok,0
3660,6.0260016356577255,3699546.9222251102,14,0.1045918208509744,ok,0
3661,9.1737292903015462,3757958.662254184,17,0.094115527642047891,ok,0
3662,6.0227317566849843,3608714.3427747134,16,0.078211633044549034,ok,0
3663,5.0184066194375401,3608471.1072747433,19,0.092636019545131565,ok,0
3664,6.6972901425443725,3634805.2039952162,19,0.10714798299783612,ok,0
3665,6.118469096867126,3837830.2565419241,12,0.087217602185008514,ok,0
3666,6.0700270121092927,3731410.6160694589,17,0.137019467954267,ok,1
3667,9.6352043355202603,4809874.2828566106,8,0.10033757454771319,ok,0
3668,4.2546617844401053,3589078.7781245322,16,0.088164505295472373,ok,0
3669,9.5047555087016686,5144590.7665811367,8,0.11637542522291011,ok,0
3670,7.9822330085946795,4376718.4237357425,11,0.15088155488254751,ok,1
3671,6.5422273070719221,3626610.6489804094,21,0.088455599276041963,ok,0
3672,5.5624929204038684,4152882.4217052949,11,0.12249953342228026,ok,0
3673,10.706252155723014,3779126.4198154001,17,0.10103992779879417,ok,0
3674,5.0015252671002308,3638354.3717547888,26,0.088043091113741201,ok,0
3675,3.6146073602797602,2609060.0868099569,36,0.086101553751259496,ok,0
3676,6.859752580291743,3631425.0108078821,18,0.10837046590491639,ok,0
3677,4.2835964864679905,2628545.6714319899,34,0.11266756069493389,ok,0
3678,6.7482775374657562,3621434.0046510044,25,0.077748232802392625,ok,0
3679,4.3043723295179444,2581618.0750895645,38,0.088419122143344575,ok,0
3680,4.9880652494261906,3261364.380769941,21,0.1269405387839273,ok,0
3681,6.2142567867118874,3595105.8953946936,18,0.11386153340611604,ok,0
3682,7.0713082549172297,4296137.2338313274,14,0.09939038021311597,ok,0
3683,5.6235427208050206,3784094.8032191461,12,0.12325373459496658,ok,0
3684,5.3695477471491415,3664020.0539000216,22,0.066713241855252292,ok,0
3685,8.263100060881758,4336476.6004818371,13,0.10277800193325831,ok,0
3686,8.5098241408923592,3600193.7129073041,18,0.058262425105626681,ok,0
3687,3.497244142805997,2142731.0761223878,46,0.097012851126135335,ok,0
3688,6.1788554662176987,4443080.0075868275,12,0.10628142700657914,ok,0
3689,5.4452457146000537,3604746.4769414249,21,0.098126258927912213,ok,0
3690,4.6094624632118162,3624393.8978779665,20,0.094902842501000229,ok,0
3691,4.7240266719112523,3598877.7662770795,19,0.082271177502946657,ok,0
3692,6.2475364582516404,3593601.0689479951,24,0.1515858512019902,ok,1
3693,4.6791135928365186,3591847.9217925398,16,0.11482605761184006,ok,0
3694,4.8736319571022904,3630606.0483936481,17,0.10500977828122127,ok,0
3695,18.790266994886039,3962343.6619308689,7,0.14086112863636935,ok,1
3696,6.8111782132474348,5268509.7784716254,8,0.10649337328466491,ok,0
3697,7.1003078837210385,3604298.1616264372,18,0.079659861860532755,ok,0
3698,7.4595851380761609,3619500.3835557154,15,0.11590607478300563,ok,0
3699,5.681936575351215,3615155.4888962279,23,0.084473066184982071,ok,0
3700,6.0593705747742419,4538058.7374139288,9,0.092582995414310976,ok,0
3701,12.182307450388898,4798423.9967372762,6,0.12861803620561074,ok,0
3702,5.7151632749174315,3586522.1997851729,21,0.12311865542052525,ok,0
3703,11.483894406835139,5000244.4341768948,7,0.10730185202203679,ok,0
3704,4.53282958989276,3597728.9138918696,21,0.10743375528739518,ok,0
3705,3.8721037590028136,3261364.380769941,27,0.12225252998303138,ok,0
3706,4.7936247848833791,3595232.3350395374,19,0.11945824517330283,ok,0
3707,5.281210733322002,3602650.8974401765,25,0.11430188200912524,ok,0
3708,6.0733785093975028,4223265.681943398,10,0.11641320799502552,ok,0
3709,3.3236497030868168,2142731.0761223878,39,0.1106913769224851,ok,0
3710,7.5928445669138052,3638594.2366043427,25,0.083637532148659322,ok,0
3711,6.8826762802195756,3647185.5415741936,18,0.044714197269091538,ok,0
3712,7.2624923079467969,3919574.2191319424,15,0.088142530897449362,ok,0
3713,4.3382139107793058,3815417.7048474881,13,0.070368236762986425,ok,0
3714,6.2600931520220051,4151604.8484557332,15,0.08116036644668001,ok,0
3715,4.9209935005073921,3629783.3533893321,21,0.13045482437590761,ok,0
3716,11.174111819128415,4239713.2226667544,7,0.12776397870165102,ok,0
3717,5.1089251915978258,2772356.9728852585,30,0.12140368481785624,ok,0
3718,11.73122763742794,4503219.6271461723,13,0.1399331361498628,ok,1
3719,5.7183271438020862,3587396.6147869718,19,0.089922239867612441,ok,0
3720,5.9756001552861777,4405432.9835532401,12,0.11316078477346136,ok,0
3721,5.3601081522084852,3880472.433216623,18,0.13431797481570429,ok,0
3722,6.1249565887785149,3691992.5433767042,20,0.083852169260134946,ok,0
3723,5.8113997745341841,3708337.1352394181,18,0.11174785837124457,ok,0
3724,5.9484548536291824,3642308.3986022351,15,0.122549002293589,ok,0
3725,5.2987347228944985,5087302.2612310043,11,0.12843185749368757,ok,0
3726,3.2226495653194021,2090177.9550635067,41,0.1377095397559216,ok,1
3727,3.648560928420391,2342560.3317427742,38,0.090625228755516207,ok,0
3728,9.231214248119807,3649889.5572078349,25,0.071549445824119484,ok,0
3729,6.9993104508215431,3664711.7592263953,14,0.14850057992009802,ok,1
3730,6.4891718353835142,4800203.0841157138,11,0.11149615408678737,ok,0
3731,4.4675065219435091,2628545.6714319899,29,0.11553424000459439,ok,0
3732,7.316533433144297,4111627.5607985687,13,0.07155943875471682,ok,0
3733,4.3772300325792575,4329789.7755565317,10,0.098210015049266852,ok,0
3734,3.124022973965495,2090177.9550635067,38,0.14285248412599516,ok,1
3735,4.2122920383738975,3657117.7441288899,26,0.10874178677681517,ok,0
3736,8.6114249345424057,3590719.4187288219,23,0.13248245340242593,ok,0
3737,4.0327123580053126,2349511.4431106183,31,0.1194862187999377,ok,0
3738,5.4906113128495537,3626752.2359171617,19,0.07443091945763658,ok,0
3739,7.9936215842643286,3640409.9406124824,24,0.09720801568277071,ok,0
3740,10.544679953402566,4074868.9678678368,9,0.094549542420651722,ok,0
3741,4.1954646058961895,2267725.2931199414,41,0.12772636838770879,ok,0
3742,4.4466820950892938,3593983.2712947247,16,0.10106344817011537,ok,0
3743,6.2629663092368304,3660759.2261043563,20,0.097729575995946782,ok,0
3744,7.7684897729466798,5092910.8702545613,6,0.15576690331416543,ok,1
3745,8.9907190485056159,4117441.9565880098,13,0.14218088402375995,ok,1
3746,3.3214738066312659,2678205.3747857241,23,0.09430087051353675,ok,0
3747,4.60004048644916,3607575.3905690121,18,0.10324322025037325,ok,0
3748,6.1905415499106669,3915490.9397301497,14,0.11144432874024685,ok,0
3749,5.2281400551536361,3600233.0782520003,22,0.10457743816349074,ok,0
3750,7.215117411179568,3606408.6146605471,15,0.16081320478933392,ok,1
3751,4.2232142590368991,2581618.0750895645,33,0.15195774214484425,ok,1
3752,8.4092946844969489,3623981.2373496122,23,0.092539851931970896,ok,0
3753,3.7487140584968142,2267725.2931199414,38,0.089239770830435661,ok,0
3754,7.8850111055540495,3596423.3778721103,17,0.12117214434372114,ok,0
3755,6.559086711348102,3600341.381126652,23,0.086635425629898233,ok,0
3756,6.3253054301569165,3667200.1540318648,19,0.092718690555298133,ok,0
3757,13.07045240115618,4451057.8313915348,9,0.14966411017606873,ok,1
3758,5.9669666418519363,4509227.8892387943,16,0.085126180759040104,ok,0
3759,6.1369040023860606,3908933.3551267474,13,0.072421291309960667,ok,0
3760,7.5397241378863304,3780166.0167541732,20,0.12474704625141547,ok,0
3761,5.7958868972948849,3676604.4248416377,15,0.091586090383993901,ok,0
3762,7.8303322050274184,3624826.9967725794,18,0.13275462772621838,ok,0
3763,6.9951434971964161,3596396.1235267501,16,0.11993166393119992,ok,0
3764,4.1098019206791543,2786813.40424396,24,0.099467836169860158,ok,0
3765,3.6519958614271646,2609060.0868099569,37,0.094651213030422121,ok,0
3766,6.2571484492167109,3841618.4686849057,20,0.11178346120410088,ok,0
3767,6.4315974137577605,3627150.1243011109,21,0.11523849948523601,ok,0
3768,5.8727123799429979,3933035.900478207,16,0.11374779471340513,ok,0
3769,5.3965193466894172,4025595.0003054645,10,0.11650997637706062,ok,0
3770,7.9717261379803031,4019080.8107290417,8,0.10515658507347925,ok,0
3771,3.3509017515965915,2090177.9550635067,42,0.12806331442519042,ok,0
3772,4.5163996108721758,3674594.5713304626,14,0.10445521083886217,ok,0
3773,6.026729572489061,3793367.6129448507,18,0.10748854199050639,ok,0
3774,3.2069054946656044,2267725.2931199414,39,0.15524448747348785,ok,1
3775,6.4816775667207747,3590290.7632658007,14,0.087373096732714872,ok,0
3776,2.733303319365989,2008285.8541831209,44,0.16604133640398749,ok,1
3777,9.0368422387580036,3972397.722409131,14,0.15796446751931967,ok,1
3778,6.174737151891355,2609060.0868099569,31,0.14362455957336084,ok,1
3779,4.3671090748420198,3633957.3918956732,15,0.065517271758893381,ok,0
3780,3.2568955607281151,2008285.8541831209,41,0.16665161599040362,ok,1
3781,5.3661039947884559,3843432.1746610692,16,0.075047097721087086,ok,0
3782,5.2314715490291128,3703162.6753071109,20,0.12749459405390884,ok,0
3783,3.8569875127589803,2349511.4431106183,38,0.1380930884247677,ok,1
3784,5.2888428049181719,3600149.6216198099,19,0.087387546784922887,ok,0
3785,3.6556408543491186,2349719.955294122,37,0.097329473260747146,ok,0
3786,7.4775185664055419,3644981.9478911334,18,0.080014097745684742,ok,0
3787,5.0323764462954736,2628545.6714319899,36,0.17171451710750885,ok,1
3788,5.1944457624951799,3627688.3558389605,17,0.085883595889664766,ok,0
3789,6.8998606212379752,3675964.347181797,19,0.11703399751488996,ok,0
3790,5.4840287637994676,3617394.1861592205,20,0.11191169184777106,ok,0
3791,10.107625445205919,3935816.1531396173,18,0.1474385444756896,ok,1
3792,3.861928879761054,2581618.0750895645,38,0.13589680578633292,ok,1
3793,7.6040579956639336,3617415.2750103869,19,0.11594796446127159,ok,0
3794,7.4296891306939239,3897774.0454133968,14,0.10862406435146121,ok,0
3795,4.4206096400367336,2581618.0750895645,32,0.0917906975444438,ok,0
3796,5.5854900766593438,4058449.4727398427,16,0.068852538936735486,ok,0
3797,3.6375912826640553,2628545.6714319899,31,0.099175128245631017,ok,0
3798,6.0123311682390241,3730963.6426236224,15,0.10078589201821683,ok,0
3799,7.1523995822209798,3631775.8677531118,20,0.078829830167608916,ok,0
3800,6.8352408898050738,3777497.5774754426,23,0.061074975507763973,ok,0
3801,9.5591666613563007,4222440.2244270751,11,0.1149836537088319,ok,0
3802,6.0476392746862055,3596458.7593831029,21,0.096111768067617342,ok,0
3803,3.6033861249031087,2267725.2931199414,43,0.13856815896093155,ok,1
3804,7.0594596986522307,3758402.1684640162,19,0.12443799411891165,ok,0
3805,3.6593777911802388,2342560.3317427742,42,0.10249674644050252,ok,0
3806,6.1272037371454378,4274416.7637680145,12,0.09624340506202117,ok,0
3807,4.407495909808766,2628545.6714319899,33,0.13814043661760045,ok,1
3808,4.411475234261756,2581618.0750895645,32,0.10264995472391458,ok,0
3809,4.9036599775264289,3876779.5171312806,16,0.083238596331398962,ok,0
3810,3.897643836001115,2609060.0868099569,34,0.13921766633402333,ok,1
3811,3.7989403881047319,2772356.9728852585,29,0.16478654179935298,ok,1
3812,7.104688844566529,5000151.3820551839,9,0.10348106814173896,ok,0
3813,8.3804668974808152,3614075.1228983719,15,0.077066768438937339,ok,0
3814,7.8506590755267052,4727352.4617594918,9,0.10133886567070877,ok,0
3815,3.3528229744072866,2142731.0761223878,37,0.11169783054672039,ok,0
3816,4.1618519033748598,2267725.2931199414,40,0.11615212143997,ok,0
3817,14.065292913445058,4243424.5665370617,8,0.10896241707125631,ok,0
3818,3.7143291161975229,2267725.2931199414,44,0.11337981814457909,ok,0
3819,10.418865362694437,4284684.8261464415,15,0.09300598983316366,ok,0
3820,6.6423926791554218,3651416.9830551306,17,0.10593997926844828,ok,0
3821,3.9167877081049167,3924245.9119515601,8,0.10624296000753253,ok,0
3822,6.4205581943624068,3684265.3772261655,24,0.10396497981536568,ok,0
3823,6.9764577926898648,4341766.6449261485,9,0.15109692650583106,ok,1
3824,4.0980065801855918,3692192.2834095149,22,0.099318534247982759,ok,0
3825,10.175083167988776,4441487.2008811571,10,0.10717870425384229,ok,0
3826,6.8646501244011437,3755358.5518933306,18,0.074096662842483396,ok,0
3827,4.069509058717756,3158053.4917109548,26,0.14322207793208058,ok,1
3828,5.3298953187452769,3931049.8184418245,15,0.05036579931106322,ok,0
3829,5.1293465011110593,3777445.4676501811,18,0.094293144088759329,ok,0
3830,4.8057659244553594,3591757.9791927924,16,0.10731578199449965,ok,0
3831,7.4548637604534935,3648879.7485104776,21,0.13084291849161211,ok,0
3832,3.7658126239573164,2609060.0868099569,38,0.11388568222641238,ok,0
3833,3.568268960807365,3261364.380769941,22,0.1075228367369474,ok,0
3834,6.9862029882370633,3626484.1809970378,23,0.1028033818360149,ok,0
3835,6.5078311604729739,3812384.7969153202,15,0.10696968760724163,ok,0
3836,5.4640259757645389,3990121.411273574,18,0.13025700315155456,ok,0
3837,6.7409071800750997,3684226.2684845747,24,0.076802286578823598,ok,0
3838,8.3744609119371614,3592900.2895636843,20,0.10864250848989998,ok,0
3839,6.6268221640592238,3708157.188543722,28,0.088963350440825151,ok,0
3840,13.302527566307214,5141245.1692565726,7,0.13936965241960469,ok,1
3841,4.227912378663941,3614601.7150715278,19,0.11837346199363896,ok,0
3842,4.4530410997449863,3684532.7023079377,19,0.06068959057022294,ok,0
3843,7.7208499274815612,3955857.4436202245,15,0.12870094744430788,ok,0
3844,7.9814556002094044,4342994.2510336703,15,0.085791310092028339,ok,0
3845,5.1790492583146905,3696324.207602283,19,0.13383363150417454,ok,0
3846,14.303777739500489,4306529.4043312324,10,0.11180271440197398,ok,0
3847,19.016332688721292,3941722.0920887687,12,0.10592443976918764,ok,0
3848,11.640756330777133,4450757.7114488324,7,0.11509066063354034,ok,0
3849,5.5616798942241834,3694913.6846563304,14,0.06292829290835128,ok,0
3850,6.5996311100661753,3596535.4407361946,21,0.15518207223971603,ok,1
3851,6.2147927865932289,3607294.2158106752,20,0.095433489411946737,ok,0
3852,14.446267496403667,4114821.7243645913,10,0.096745307931208058,ok,0
3853,3.9397315620666036,2609060.0868099569,36,0.17365479782986937,ok,1
3854,5.870374636515753,3589088.2235521115,24,0.05276178570293566,ok,0
3855,6.2933533564819326,3710451.0633257306,21,0.068760623295289092,ok,0
3856,10.3413575315129,3600020.5929918941,19,0.07585766299075597,ok,0
3857,6.6860245679606711,3600654.7081130161,23,0.1219032862819589,ok,0
3858,12.345937061339752,5316941.6463079667,7,0.119999626940549,ok,0
3859,5.2873491195180655,3620026.1206649742,15,0.10657464561150554,ok,0
3860,4.3285063389660756,2342560.3317427742,42,0.16743624951985359,ok,1
3861,3.342221819246332,2090177.9550635067,44,0.11468590316611349,ok,0
3862,5.7197944587478853,3624757.2377472804,20,0.084769769462088695,ok,0
3863,4.0372256726690789,2349511.4431106183,35,0.15221820554692722,ok,1
3864,5.0438995968483136,3616970.9886909504,15,0.090571003474264833,ok,0
3865,3.0142272910679209,2581618.0750895645,31,0.16962105481162509,ok,1
3866,5.4432761825816911,3678716.8816454438,16,0.1193456128592647,ok,0
3867,4.5480733029086284,3587489.8918265747,27,0.13645451259613095,ok,1
3868,7.6444420776108766,3805569.4015863291,24,0.099152722419723657,ok,0
3869,4.9977020538983101,4063548.211775823,11,0.098459514033342688,ok,0
3870,7.6801875252660299,3896570.6840348169,12,0.081866066961988337,ok,0
3871,3.3498375250220027,2342560.3317427742,38,0.10384103467008754,ok,0
3872,5.5443211261552863,3748676.9410866508,22,0.080227110461420975,ok,0
3873,5.3677427933719182,3658142.4811912258,20,0.10282267101720044,ok,0
3874,4.7187173188495368,3602418.5560142067,19,0.078808443838236653,ok,0
3875,5.4939225590352736,3757672.7925519352,16,0.092005605065644369,ok,0
3876,4.4143042901048215,3691685.0808027405,17,0.078072594729122646,ok,0
3877,5.6369484701987016,3622874.1701100213,22,0.1275180432980797,ok,0
3878,3.5615119102227095,2581618.0750895645,33,0.097317642615646793,ok,0
3879,3.6646395404495817,2142731.0761223878,45,0.13005135084794195,ok,0
3880,3.0444241824094678,2142731.0761223878,41,0.11785783706917789,ok,0
3881,3.2835619889418912,2267725.2931199414,40,0.17379571307618857,ok,1
3882,10.17059535522464,3960118.0552317691,16,0.10525792257655886,ok,0
3883,8.10207236730907,4938301.6203194857,9,0.15091127422816264,ok,1
3884,6.6203556218400132,4568122.6307309745,11,0.11256335920124738,ok,0
3885,7.045708995856331,4914599.9023632603,11,0.10798961227490889,ok,0
3886,9.0004445841433043,4653253.1381407594,12,0.096894602865408519,ok,0
3887,6.324088367030404,4233367.1905707261,14,0.10414158247790656,ok,0
3888,9.503273156554112,3619069.336666442,22,0.10927272542854627,ok,0
3889,4.6136315635018512,3869405.8158167931,13,0.086223673033448245,ok,0
3890,5.4677712484029888,3586902.6292912685,22,0.14542026963985988,ok,1
3891,6.7152601042997571,4093433.6656938824,14,0.072378056181802208,ok,0
3892,12.225041866423258,4899329.7622540109,8,0.13148502222463709,ok,0
3893,4.6498702585273577,3704001.3246167493,22,0.06305553646076445,ok,0
3894,3.3936341488067039,2267725.2931199414,44,0.081985369000977637,ok,0
3895,4.5313953150011956,3591112.5882380023,20,0.08785437979837396,ok,0
3896,5.5628081960615052,3620412.5399909113,15,0.0819235416917522,ok,0
3897,4.0892654935517854,2678205.3747857241,31,0.083935824604427833,ok,0
3898,3.8121771824427597,2628545.6714319899,33,0.11157382801246307,ok,0
3899,5.7798515110067017,3748050.8945083786,20,0.14184241330163427,ok,1
3900,4.5065827401540961,3261364.380769941,22,0.14614145444846682,ok,1
3901,6.9019022157237844,3984143.1461823117,15,0.14589646325618252,ok,1
3902,3.3808914998809714,2090177.9550635067,41,0.16452568348343127,ok,1
3903,8.4309278734722604,3841071.849978738,18,0.11230233163034531,ok,0
3904,5.7331134775912238,3619946.4613515451,18,0.088451484157908128,ok,0
3905,5.6411786753032027,3820585.116665049,13,0.11310368196925968,ok,0
3906,4.0349513766211391,3594651.8509066734,21,0.121151484482244,ok,0
3907,4.8516592270812628,4267606.5042226957,11,0.097006891476412727,ok,0
3908,4.6706975933295087,3603148.5263717319,20,0.1093097701634359,ok,0
3909,5.7015245439855722,4219356.3881701324,12,0.11679669048708385,ok,0
3910,7.2356495156830709,3640026.3466079617,16,0.14761308365887726,ok,1
3911,4.6136064272815229,2581618.0750895645,35,0.11901600231679055,ok,0
3912,3.8962537513275337,2342560.3317427742,39,0.13037946186989724,ok,0
3913,4.8048683450515419,3669412.662981749,14,0.094612640884972898,ok,0
3914,5.187678134561013,4163788.426263561,15,0.086291478468889293,ok,0
3915,3.4551018553071375,2090177.9550635067,44,0.10775438488548272,ok,0
3916,5.7271072218822825,3594733.1751458887,25,0.092305361918397999,ok,0
3917,6.0074385101637775,3618533.4697368918,20,0.11841641768697586,ok,0
3918,3.4542823314177351,2267725.2931199414,41,0.11736396935453536,ok,0
3919,8.3263174509761839,3628660.8333930937,21,0.13301395705638208,ok,0
3920,7.3524946128465833,3636883.372013703,13,0.10106472725542531,ok,0
3921,3.2440499791344157,2267725.2931199414,35,0.13478337395096374,ok,0
3922,3.5542472822428053,2267725.2931199414,42,0.096256079945629569,ok,0
3923,4.7053515706776192,3706763.382089321,17,0.086344070534433048,ok,0
3924,6.504247753022649,3592929.0616599699,18,0.10187907584620592,ok,0
3925,7.1932839043592995,3592237.7165820496,20,0.11294748667934862,ok,0
3926,7.0214748142236783,4016665.8817606987,18,0.078191009321684435,ok,0
3927,3.4771810895484756,2416638.8374307705,36,0.1104573132448784,ok,0
3928,4.5979422604029754,3674162.9125659768,21,0.1031280021909346,ok,0
3929,7.9903072497780538,3675548.6820952161,25,0.091450504279976919,ok,0
3930,5.3247157392323601,3609786.8387098927,23,0.07309708811370258,ok,0
3931,4.9835323484615737,3588933.789363984,19,0.11102375288953092,ok,0
3932,6.9344589647831825,4634635.3606312508,10,0.15409243788368976,ok,1
3933,3.1728023519219795,2008285.8541831209,42,0.12748018536519623,ok,0
3934,7.6129911778693344,4210715.9374778708,11,0.1104152285058273,ok,0
3935,8.9927635520687694,4298559.6408783104,12,0.077740294469587634,ok,0
3936,3.8781084786041995,3646507.4136986607,22,0.070606737886542204,ok,0
3937,3.428833690663613,3853201.0500159417,13,0.096061045525644928,ok,0
3938,6.5458142107325532,3590047.6761665274,19,0.090966390306655653,ok,0
3939,3.6360085916076015,2581618.0750895645,35,0.1014786310009777,ok,0
3940,2.9796047205101948,2142731.0761223878,42,0.11923723222153965,ok,0
3941,3.1599379851316538,2008285.8541831209,45,0.13712723496740176,ok,1
3942,4.5971223563882919,2581618.0750895645,37,0.094125990395533266,ok,0
3943,7.4948059710102983,4160504.9636810506,18,0.10727951022999133,ok,0
3944,13.578440592169812,4245695.8839804502,10,0.17515756640189939,ok,1
3945,4.3212734722697368,3711118.7802489181,13,0.10012124657274135,ok,0
3946,6.15966033043102,3725104.6511413082,16,0.12149163384773365,ok,0
3947,4.9140606571860985,3607301.0706978068,24,0.11706680210988452,ok,0
3948,6.7285227711087963,3911018.3965976196,18,0.085321939502588373,ok,0
3949,5.3977804720236371,3777706.7694317042,16,0.14894115318714229,ok,1
3950,9.4941678403533967,4149136.3841425399,10,0.075006858362165474,ok,0
3951,4.6406245270315107,2628545.6714319899,29,0.11306499383606794,ok,0
3952,5.0386239051381034,3712810.741213006,16,0.12111094732765659,ok,0
3953,5.2931034299363606,4161440.1965929735,16,0.091589315063677068,ok,0
3954,9.3455390267456142,4088182.3332668352,16,0.12724304681843179,ok,0
3955,7.9016265876240857,3747801.4241290623,17,0.14654446833657314,ok,1
3956,4.845223745760542,3612936.2642578389,16,0.072422907432096562,ok,0
3957,15.41055799929463,5832457.8443969442,6,0.12788948727835747,ok,0
3958,5.1993995965638646,3629928.095180741,24,0.11255646054099633,ok,0
3959,5.4000446802804865,3588817.9191366015,21,0.1006469886547694,ok,0
3960,7.7558245478253047,3882196.3002704573,13,0.12444378376396426,ok,0
3961,4.1052791447150039,2772356.9728852585,30,0.079037446045413046,ok,0
3962,7.2318973207727852,3660727.0109503744,18,0.086623762533073689,ok,0
3963,3.8991463005835207,2772356.9728852585,32,0.13309380920591318,ok,0
3964,3.8461495508555674,2357307.6858878741,38,0.14222279375591118,ok,1
3965,5.7593127466854597,3992365.9740881654,16,0.071827976831627005,ok,0
3966,6.3762003724039165,3652859.5652401941,15,0.082951016701983848,ok,0
3967,4.3373448216866173,3615118.0706303404,23,0.060566705355905248,ok,0
3968,3.6423886664123173,2267725.2931199414,43,0.12335151461867455,ok,0
3969,5.2596187675777815,3652151.1824394432,20,0.13077181455742626,ok,0
3970,6.1171098199978609,3655431.9745032568,17,0.12427408776831395,ok,0
3971,8.0398022185484574,3589040.7684880025,17,0.15002114609423645,ok,1
3972,3.7806540233155013,2342560.3317427742,35,0.11746119202423932,ok,0
3973,7.3045154356099271,3625416.8322608951,25,0.08170308319031705,ok,0
3974,5.2672756203139643,3693579.0954633681,19,0.11213384455655273,ok,0
3975,8.0453592171435027,3617495.3156564594,24,0.11739008130031525,ok,0
3976,6.3083949386168499,3738933.7591582783,19,0.12768875158204296,ok,0
3977,6.0377840260811846,3588528.1189602548,21,0.11372072408059575,ok,0
3978,11.525942134386561,4361749.5202954374,9,0.11040727074213863,ok,0
3979,7.4945512468712803,4183548.0483118021,12,0.07250564121788261,ok,0
3980,8.4439722515765858,4061214.046423194,15,0.1679347234455878,ok,1
3981,8.0165837301696072,3602860.7049486977,19,0.13010463384724558,ok,0
3982,4.7563199411691901,2773471.102127803,30,0.12165500047667654,ok,0
3983,4.3126221688729771,3620750.2213392835,19,0.14516806542907734,ok,1
3984,6.5649554151096847,4118292.9154416635,19,0.13513795967714937,ok,0
3985,10.443251758585678,4736839.8935712827,9,0.10272364244429266,ok,0
3986,5.7348776235071162,3657750.4313599519,30,0.086804333298100653,ok,0
3987,8.4077378253214299,4699323.8312139045,11,0.1381282530052842,ok,1
3988,7.1489981894101877,3738835.1424684757,17,0.10193770080192643,ok,0
3989,4.5883640973015662,3588260.6036243057,23,0.063157468915494758,ok,0
3990,5.3517481208806732,3627546.2973363223,22,0.11132893957725243,ok,0
3991,4.1554233436142871,2267725.2931199414,42,0.11238590395040743,ok,0
3992,5.3541132060008012,3696854.5346097285,16,0.084397328070746513,ok,0
3993,6.009540384588111,3627703.7950682961,24,0.076107869145710494,ok,0
3994,5.7964836487341778,3596096.0544112762,19,0.083454757932843515,ok,0
3995,4.5907688406661773,3609649.7696030359,17,0.10514957548403681,ok,0
3996,4.895614834271063,3600050.2037432226,22,0.11935616469406929,ok,0
3997,4.3938881820890812,4735170.9150849683,7,0.10726584828491759,ok,0
3998,10.894364280419133,4104136.3806547732,12,0.12541357799705377,ok,0
3999,5.0226816748121212,3602732.2760918196,19,0.062859377434306807,ok,0
4000,6.1576165885501792,3617579.5104541495,19,0.12705063991718057,ok,0
4001,5.1578728053039145,3673779.0258899201,24,0.098844664478125788,ok,0
4002,14.622071314192613,4174945.7345290631,11,0.11139686287878425,ok,0
4003,3.5153520220863483,2142731.0761223878,44,0.13272443807968765,ok,0
4004,7.1449698077040473,3594390.78815659,24,0.10579905941246504,ok,0
4005,11.166227872322111,4194515.6532648392,13,0.14191171640053835,ok,1
4006,3.6422396777142461,2342560.3317427742,40,0.14432773980816327,ok,1
4007,4.3764279596753735,3665649.1912192483,13,0.094274832318712642,ok,0
4008,6.9291390830536246,4060988.5587275443,14,0.10169934988007412,ok,0
4009,6.10091411897585,3617201.4632717371,22,0.15655307087718895,ok,1
4010,7.7966846861161878,4300869.1719161728,12,0.086412592589452109,ok,0
4011,5.229423876275475,3620242.8057271931,23,0.11380675073425905,ok,0
4012,6.4378519133598582,3722396.5486409818,22,0.085949880271020462,ok,0
4013,5.4817005758745987,4069920.9728988782,10,0.089399266994209969,ok,0
4014,11.458848547387749,3920361.7030395577,13,0.10355934310693793,ok,0
4015,5.6793718744907249,3625728.3761679744,13,0.097725266410124023,ok,0
4016,4.3287175297347389,3663627.9470378174,13,0.072029829200899953,ok,0
4017,5.1776369493059633,3594151.9575810712,26,0.079377786979873743,ok,0
4018,5.593361453303352,4181338.4636971648,16,0.088573468756001139,ok,0
4019,7.2598228828333777,3598607.6847271305,18,0.10893014757433195,ok,0
4020,6.3133534608019097,3983819.5352426735,18,0.088857585377329684,ok,0
4021,4.4614810570790464,3662073.3399116588,19,0.12749306537474925,ok,0
4022,5.6099154799378965,3615986.5753600923,16,0.087265836049568724,ok,0
4023,3.7666933126203004,2142731.0761223878,44,0.1136696461371573,ok,0
4024,3.7538471572354584,2342560.3317427742,42,0.14594983562599118,ok,1
4025,7.4738069119364061,3593314.83143534,18,0.11648911157695119,ok,0
4026,7.1126234917998756,4358308.1383502698,7,0.11247004390478765,ok,0
4027,4.9123565324154388,3607201.7505463269,17,0.079069761744129829,ok,0
4028,4.2958249038979552,3833107.2556732735,12,0.11532792215799648,ok,0
4029,5.6069626044758412,3725015.0171898957,24,0.12768136861592558,ok,0
4030,9.3039113455613247,4174782.3064292357,12,0.13640746543754467,ok,1
4031,3.3625432853872264,2349719.955294122,41,0.12834140835974811,ok,0
4032,3.4968950200662792,2142731.0761223878,40,0.10331006355454408,ok,0
4033,3.3196806658569131,2342560.3317427742,39,0.12561098221486844,ok,0
4034,4.0314247065648292,3158053.4917109548,22,0.095590170071203212,ok,0
4035,12.024385069779752,4085110.8810966383,14,0.15111764035613912,ok,1
4036,5.6015244400548223,3728093.0602088044,16,0.087411007842549848,ok,0
4037,5.1699331675247899,3604972.9681059835,19,0.11837330161288118,ok,0
4038,6.228900446833042,3651591.9452776117,24,0.12822089647517521,ok,0
4039,5.8562141864614548,3676055.0485608033,19,0.10828330639997918,ok,0
4040,3.693407496801667,2349511.4431106183,40,0.14133361875723816,ok,1
4041,5.2794618012207684,3588538.2930634795,21,0.094793512382649103,ok,0
4042,7.8635126760315348,3633095.8413342549,20,0.083346578650233094,ok,0
4043,11.801466753265803,4633493.5059362138,10,0.1303542284948179,ok,0
4044,7.21033616249996,3661895.9843067327,22,0.083126070117850004,ok,0
4045,3.4999471743159978,2267725.2931199414,40,0.11160593116883244,ok,0
4046,3.425488721776329,2342560.3317427742,39,0.14215657344759036,ok,1
4047,5.2606627972368951,4006582.7416072274,16,0.099878849848124229,ok,0
4048,6.790834420832601,3820057.5841478109,17,0.12393510160845533,ok,0
4049,5.0413382639191635,3671812.1562564429,22,0.14337403943963545,ok,1
4050,10.197999085069773,4721935.9417069387,11,0.093905155378888827,ok,0
4051,5.3709651126191593,3621798.9487560457,14,0.13693434075940825,ok,1
4052,5.1614923578080925,3606428.1974500497,21,0.092416216650559102,ok,0
4053,5.1076244341156469,3792613.6627815128,23,0.080209767126840914,ok,0
4054,6.4468344532534783,3773393.9892997886,23,0.082789563788567833,ok,0
4055,3.7528796234804256,2609060.0868099569,34,0.12439537224268593,ok,0
4056,6.0298504970064783,3981786.764262625,15,0.10211930943314729,ok,0
4057,9.7688177526867506,3588025.688213056,18,0.12240452408367397,ok,0
4058,9.9019611895697217,4147347.6620214805,15,0.12768737710409506,ok,0
4059,6.201635256238303,3745922.3548666611,13,0.12074945581159169,ok,0
4060,7.3027848841341552,3705832.9293503026,20,0.087492221468863263,ok,0
4061,3.5903014920411032,2090177.9550635067,38,0.10204165629960649,ok,0
4062,5.8983302821498009,3684190.899562913,19,0.13941016361391523,ok,1
4063,6.2443387967734409,3710384.082758978,20,0.11493869367017728,ok,0
4064,3.4837889399513733,2349511.4431106183,39,0.11798808049885412,ok,0
4065,6.9631604833709071,4266317.7663223343,15,0.10906857097527861,ok,0
4066,4.7324135734262054,3589360.1086395634,16,0.097146739647686831,ok,0
4067,5.264401668939346,3626105.7073084684,26,0.074044764982698297,ok,0
4068,4.0336393398501542,2267725.2931199414,41,0.14878269819268908,ok,1
4069,10.945295430613408,3829850.2523495411,14,0.10086860254844343,ok,0
4070,7.5065621226905623,4083128.827703008,18,0.061281102105311902,ok,0
4071,4.8768468939880822,3884767.1759361047,9,0.096130032549628486,ok,0
4072,4.5740984263646487,4378601.7482654965,10,0.11342779343096432,ok,0
4073,6.0507142948209749,3637610.8501765644,20,0.10639262395313609,ok,0
4074,4.1199014537599066,4050205.9681119067,12,0.075999920202823479,ok,0
4075,7.6254002977481514,3590317.1825363473,18,0.11705955917371552,ok,0
4076,10.049327927833367,4248066.9228788437,14,0.152902191001485,ok,1
4077,5.1887874513687287,3774886.1482750466,15,0.10742262951794301,ok,0
4078,4.7141659751570106,3878542.384595328,14,0.12242270548080114,ok,0
4079,3.8283916220361176,2357307.6858878741,37,0.10235957190704947,ok,0
4080,3.0337578081928864,2008285.8541831209,44,0.089955977717469993,ok,0
4081,4.1032668507179668,2342560.3317427742,43,0.11513310720870817,ok,0
4082,4.6212009244148398,3804757.9276588312,15,0.14026953308638129,ok,1
4083,4.3681793483510063,2786813.40424396,24,0.10611714364312907,ok,0
4084,5.9820072095592991,4043208.2052391707,21,0.1074851298756816,ok,0
4085,8.4253479614761595,4040366.977378726,12,0.08866744486547562,ok,0
4086,6.0918856322223993,3897222.5339433346,9,0.13276295338290478,ok,0
4087,3.8812326016981507,4063924.0807410823,8,0.11138601727200759,ok,0
4088,5.6062519264319022,3724253.6591399759,18,0.07284076593891764,ok,0
4089,3.5327388361400858,2267725.2931199414,43,0.11608775644400504,ok,0
4090,17.683608837644254,4577426.2910646368,12,0.19683031658114902,ok,1
4091,4.7323937985608922,2267725.2931199414,40,0.10110304393906921,ok,0
4092,7.372576115301178,4089706.8963801363,16,0.077560006511285584,ok,0
4093,7.0564406046389561,3783385.5783041753,14,0.099564090239321557,ok,0
4094,7.1433007265630852,4799438.3852353729,6,0.11786959285622955,ok,0
4095,6.9686516563669523,3950037.1732364637,15,0.095265566841736593,ok,0
4096,4.4658289026634659,4030844.8228175058,17,0.12901802589897543,ok,0
4097,9.2667892566719683,4127325.2524117716,13,0.12869543518588955,ok,0
4098,4.0674899869234054,2349511.4431106183,40,0.11809327723621899,ok,0
4099,3.9398835101226717,2267725.2931199414,40,0.14728921714102872,ok,1
4100,6.221095154641521,3659899.6424338743,21,0.090584471688019697,ok,0
4101,5.3111096808651492,3692054.7025448568,19,0.12388473851419979,ok,0
4102,5.4521575299955929,3637994.6662765481,17,0.1045905637120903,ok,0
4103,9.2543655436623578,3653977.1961920233,12,0.14226841010288704,ok,1
4104,3.3721633522831214,2267725.2931199414,39,0.15042977754177622,ok,1
4105,5.2187942109690457,3967038.6795057994,16,0.13823109126842748,ok,1
4106,6.2756986879886814,3853720.7329181414,16,0.088523983915981708,ok,0
4107,4.3719193130229348,3591885.9360483019,23,0.11006886045732023,ok,0
4108,6.6969892352578357,3635733.5833136509,19,0.13128569775833748,ok,0
4109,5.4840122240448732,3618918.1458796696,19,0.08364191980412139,ok,0
4110,6.2169990421278456,3624434.2072926643,17,0.12184158654728161,ok,0
4111,3.6500374035069973,2349511.4431106183,36,0.12616607874891539,ok,0
4112,8.2422744588137462,4348796.8243776485,12,0.10838293523013598,ok,0
4113,9.6790696340181306,4452966.8564492008,9,0.091931854219992726,ok,0
4114,3.9211237321968828,2349719.955294122,41,0.10208317233876618,ok,0
4115,4.5826725946669402,3604504.8926465088,23,0.090734244000715392,ok,0
4116,5.1869740317759723,3913047.1737372116,18,0.073379414184611469,ok,0
4117,3.0452291701064014,2142731.0761223878,43,0.14139086032268011,ok,1
4118,5.8378011284319253,3640607.5266730106,20,0.089147201500026196,ok,0
4119,10.018594236094829,3649622.2793331174,14,0.11678215416197885,ok,0
4120,6.589873216258745,3684947.5609048642,26,0.059295055075918757,ok,0
4121,4.0071693356461822,2342560.3317427742,38,0.15662035400333169,ok,1
4122,5.3825112544592493,3599167.2760355496,19,0.073418980577761861,ok,0
4123,3.7105657098977303,2349511.4431106183,28,0.15193708783400972,ok,1
4124,7.6837681537394902,3655951.0439678337,21,0.1108847328835304,ok,0
4125,6.0558269635409445,3599010.2914383584,16,0.11619720444590764,ok,0
4126,4.3309532148974341,3620291.5894632684,18,0.061348331512579291,ok,0
4127,5.0235403687746194,3652828.516131741,18,0.1119969066405474,ok,0
4128,4.2573470578484578,2349719.955294122,38,0.13246302502834525,ok,0
4129,4.7372432284993504,4241709.459425156,16,0.085477522116585103,ok,0
4130,3.4485827517696062,2678205.3747857241,31,0.11763935796796293,ok,0
4131,3.8985836238331206,3763825.5507073835,17,0.10871392859786189,ok,0
4132,5.1921400169530774,3639904.7195887789,24,0.085932080069626715,ok,0
4133,4.0596301818612428,2581618.0750895645,36,0.087237302213211243,ok,0
4134,5.0815325219203027,3617362.9653924922,22,0.079333706189652187,ok,0
4135,3.8124992927113737,2267725.2931199414,42,0.095142498524685482,ok,0
4136,6.2176739656507714,3598395.4372066506,14,0.09531286899701219,ok,0
4137,6.1234361775224988,3603431.3620297536,14,0.092075430029677829,ok,0
4138,5.9917411928321096,3645305.8078095098,25,0.11074792177556725,ok,0
4139,5.3020824706645824,3682731.8229749245,20,0.088668486546222947,ok,0
4140,7.4735471624732739,3615992.3169405418,12,0.07691607743116502,ok,0
4141,4.6454934587989758,3632760.7913865475,21,0.091471555570414087,ok,0
4142,6.4873619674497602,3773884.4188442719,22,0.11652045649789529,ok,0
4143,6.4464928888534834,3591393.110609855,20,0.093860250300747461,ok,0
4144,3.4189042306838968,2267725.2931199414,47,0.091757730768756485,ok,0
4145,3.9394729225947547,3723609.2163716294,22,0.11360493204453344,ok,0
4146,4.3508617835892949,2581618.0750895645,33,0.098751497692361689,ok,0
4147,5.3618141988359387,3600192.3406517352,17,0.10175077533274846,ok,0
4148,7.3895292791990261,4283017.4426013166,11,0.10853045984907572,ok,0
4149,6.3018925772398324,3598426.0209358642,18,0.1119876319878621,ok,0
4150,4.4672894818061044,4608903.1923588496,11,0.080667620960428454,ok,0
4151,5.8275843265595153,3603504.1077458905,24,0.12845443259089928,ok,0
4152,7.2282948595574377,3690443.0222893492,14,0.12530523261028725,ok,0
4153,3.6517113078207877,2342560.3317427742,43,0.1518519715383837,ok,1
4154,6.6022266388307136,3649558.1349050836,23,0.10193123120961983,ok,0
4155,3.8754997630047368,2678205.3747857241,34,0.10297822641689969,ok,0
4156,4.7332330907583628,3605272.8751226994,19,0.12243532025348347,ok,0
4157,6.4596454399792629,3614444.6689698473,16,0.063013155249941999,ok,0
4158,6.1407875241318637,3718791.380199417,17,0.10456761296143224,ok,0
4159,4.086369597114877,2349719.955294122,33,0.12910093143989529,ok,0
4160,5.9157695439994606,3872721.3971378645,12,0.07340988210039856,ok,0
4161,7.345107958173454,4157803.2521699988,18,0.10729264473343447,ok,0
4162,4.7975529283436549,2772356.9728852585,30,0.13340286260497503,ok,0
4163,4.6169865241362009,4079122.6918687625,22,0.098529083339077173,ok,0
4164,3.4050475895150267,2267725.2931199414,41,0.093109926722820036,ok,0
4165,5.2791448687194347,3588179.8036582079,18,0.11547760707252952,ok,0
4166,4.4122000909161398,3741288.5174238849,21,0.14019922435710186,ok,1
4167,6.2561640649607417,4072325.0207424676,13,0.11627511799844681,ok,0
4168,4.990977377373321,3880297.8450084277,15,0.11612266218553752,ok,0
4169,5.6024755365064225,3669869.5990611794,19,0.091054971014573272,ok,0
4170,5.9983889079731387,3667830.3235737779,15,0.099302444506217391,ok,0
4171,6.8925880473179397,4008747.2962447354,10,0.10847339464003786,ok,0
4172,5.4081641960553251,3605738.1683674334,19,0.12257391308430909,ok,0
4173,5.0488280360272126,3690017.1327719879,18,0.098336165206027282,ok,0
4174,6.0508448694385644,3608214.9877624032,20,0.089261346900531779,ok,0
4175,7.9389245628768643,4578484.0019810898,10,0.14495885360790928,ok,1
4176,4.8565374835906532,3813174.0233364091,22,0.092999436424122062,ok,0
4177,3.2199322646674684,2378837.9975668644,32,0.10711332748917246,ok,0
4178,5.3817231409651951,3628861.0127311465,17,0.11687243911925616,ok,0
4179,6.1953265604071976,4567871.5976912966,13,0.12393657315836737,ok,0
4180,18.3390396737272,4612532.5076836366,6,0.13476729164062728,ok,0
4181,12.740630087971685,4193807.7017275617,10,0.11516168813326455,ok,0
4182,5.9704658555836616,3769226.3267090311,17,0.11411290783555994,ok,0
4183,6.8671274172569108,4288291.3999593863,12,0.095878622435762062,ok,0
4184,5.0265695854403774,3952319.249549076,19,0.11024879816139055,ok,0
4185,3.6798185256886091,4163836.9787695417,8,0.15755465905226529,ok,1
4186,5.472192838411841,4249873.9144605864,12,0.12148848027228147,ok,0
4187,4.7506282735339056,4130653.786942529,10,0.099810853839861102,ok,0
4188,9.9887287677074532,3978645.5708088875,11,0.10197747790466982,ok,0
4189,3.275691044207544,2267725.2931199414,43,0.082333635554477147,ok,0
4190,8.6130826026412031,3934483.0062129097,11,0.11910490343873581,ok,0
4191,4.8782305773139072,3598389.8311557537,16,0.070670483027654107,ok,0
4192,6.625197034285244,3608024.0587131022,11,0.082654200936082223,ok,0
4193,5.9513526835178139,4151717.6451414111,12,0.099336774279518036,ok,0
4194,14.531846870553098,4987642.0801713699,9,0.10361794740070362,ok,0
4195,3.8024213425569453,2267725.2931199414,40,0.12609328446090562,ok,0
4196,7.5990368107459743,3769018.3338677511,8,0.11549211037973317,ok,0
4197,5.8091219354006407,3589560.3634208427,24,0.11312978400458007,ok,0
4198,6.1404089881555741,4218469.8483748343,11,0.084113915366469616,ok,0
4199,7.5499769702138106,3623172.3511256599,17,0.096047623816251759,ok,0
4200,4.9448881610661841,3611671.550218774,23,0.099512129265321825,ok,0
4201,4.017595506279557,2142731.0761223878,39,0.12691392233180704,ok,0
4202,6.7642601016851263,3934602.2755084089,18,0.053441501326634611,ok,0
4203,4.4729345692533391,2581618.0750895645,36,0.11179936956409919,ok,0
4204,4.8635892575356205,3660297.5121289501,19,0.085880497544835621,ok,0
4205,12.799092306839629,3974530.0633831075,13,0.13575544544529616,ok,1
4206,12.024686308096626,4212492.2707558293,14,0.15755765290668555,ok,1
4207,6.5742427255118825,4652443.7297532652,9,0.079352510158512746,ok,0
4208,4.1835073338065989,2581618.0750895645,35,0.092790245883426437,ok,0
4209,3.2728168740824377,4742180.8800736619,7,0.11779800092996939,ok,0
4210,4.5063299974205711,2772356.9728852585,34,0.16953988805146231,ok,1
4211,6.5520540838419601,3590989.8996145376,14,0.1422777592693808,ok,1
4212,7.0891951178402106,3669717.2690881998,17,0.097864467811986766,ok,0
4213,3.811245547294698,3656489.2523664362,16,0.087356612572630388,ok,0
4214,5.2276666521463415,3911325.9590926412,19,0.10465549901275456,ok,0
4215,5.1965931644973216,3774465.9222672624,21,0.1285477824183201,ok,0
4216,5.7818399969843828,3641870.6604520697,19,0.10540652737664591,ok,0
4217,4.6236063097233409,3770209.0377212414,14,0.098386568977825689,ok,0
4218,5.4484696282969267,3601903.833486598,24,0.17389779793255572,ok,1
4219,8.0760957367600348,4383580.4964454435,10,0.080126561542499197,ok,0
4220,4.4390669445488697,2267725.2931199414,40,0.088394382587523412,ok,0
4221,4.1290325164272073,3669063.7000814755,24,0.069651265244725535,ok,0
4222,9.3171237414177828,5294061.8406038405,8,0.11165776017386841,ok,0
4223,3.0941080000628349,2090177.9550635067,41,0.15859540202543654,ok,1
4224,7.1614584310361913,3586041.0186662115,22,0.11681920497469422,ok,0
4225,3.8098502523804019,2349719.955294122,36,0.121710356437713,ok,0
4226,12.201417814663827,4986046.5155210458,6,0.12622872159627563,ok,0
4227,3.8211663037041168,3607303.9353319774,19,0.088619487786159579,ok,0
4228,4.253618057504859,2581618.0750895645,37,0.12092079407599515,ok,0
4229,7.5908645226382525,3784118.6277418761,14,0.11487060425772933,ok,0
4230,5.4578786216435731,3895285.5617938526,13,0.071886297495427465,ok,0
4231,12.866378879899212,4304894.2115410473,11,0.1125426537616544,ok,0
4232,8.5634669222956337,4567898.6636804296,7,0.11710047133455459,ok,0
4233,4.7953849508833466,3593466.2851128704,19,0.088722110692983913,ok,0
4234,3.534677489823562,2581618.0750895645,36,0.10665843999705305,ok,0
4235,6.3669456482881559,3613396.9438961484,26,0.07457855718184081,ok,0
4236,4.52502255159893,3606479.8441659696,22,0.073807355255212315,ok,0
4237,4.8913453965370195,3864390.2586695505,15,0.11592699612328505,ok,0
4238,6.3051091597682394,3597528.655362214,14,0.094672425867141308,ok,0
4239,3.3808615057324891,2342560.3317427742,38,0.081592432598713738,ok,0
4240,6.8606763735565242,4106151.7882948956,13,0.13440337689596038,ok,0
4241,4.7927524599030757,3881533.6714397515,18,0.0795832889521223,ok,0
4242,5.5040115043261491,3674158.1053439281,17,0.10292932650910058,ok,0
4243,4.7372429779708165,4765485.9612203091,13,0.072997776999557007,ok,0
4244,5.0874158373859624,3622636.5016922993,19,0.088764078762481602,ok,0
4245,12.61050657202445,3713038.5755008389,10,0.11137905460564079,ok,0
4246,3.2320732200008067,2142731.0761223878,44,0.0734151022457354,ok,0
4247,4.8264653321480218,4104198.0168319363,7,0.14196412944968129,ok,1
4248,6.8072880315437017,3588178.3990537208,20,0.12504431516421644,ok,0
4249,5.4110882351074645,3587014.842852788,24,0.092101759560766494,ok,0
4250,5.3593574592220268,3996674.7841610676,18,0.098749767975669034,ok,0
4251,10.669749290928637,4588853.8433250375,12,0.11766273954424289,ok,0
4252,3.345330726140975,2267725.2931199414,41,0.14102775148312308,ok,1
4253,8.6728437508790996,3603601.5177901089,21,0.12713507573900273,ok,0
4254,6.6708177109357916,3596862.9565154151,18,0.13811821015053383,ok,1
4255,3.1272860618524465,2008285.8541831209,46,0.13127415112511481,ok,0
4256,3.2730703339802236,2142731.0761223878,43,0.13808110828940479,ok,1
4257,3.433073766820582,2267725.2931199414,44,0.091216974647386373,ok,0
4258,6.7976050072017635,3709356.662255208,17,0.13722360685580609,ok,1
4259,4.2293031931019289,3639903.8667507507,22,0.085993256000348239,ok,0
4260,9.077770626633713,4563694.8828810584,10,0.12143996305889337,ok,0
4261,7.8844124545052434,5094404.6636572285,10,0.11198267103113557,ok,0
4262,5.5501087074178006,3612906.228604021,21,0.09228315777372087,ok,0
4263,6.9510267369032723,3801883.6635005395,14,0.11005835294054156,ok,0
4264,7.1350266326799474,3649272.6377064744,20,0.1225039995773855,ok,0
4265,7.4755123570211639,4462155.271568249,10,0.10361616772928345,ok,0
4266,6.7591228475799232,3684638.934927261,22,0.14123053080544834,ok,1
4267,4.0618882215955283,2581618.0750895645,36,0.14195636423138691,ok,1
4268,8.6564314130994795,3654285.2601589961,21,0.10244117152446985,ok,0
4269,4.7991635752102679,3628913.9544981085,20,0.090462562427066268,ok,0
4270,5.1396180198618744,3594732.4700431363,20,0.13405730025518409,ok,0
4271,6.4228185060840977,3598603.8836033861,16,0.12686736604663773,ok,0
4272,8.7563808208014606,3708291.6195813543,14,0.11244252696721252,ok,0
4273,3.0174425190296605,2378837.9975668644,33,0.095977821605213065,ok,0
4274,5.0807180623748893,3618648.7684971597,24,0.09578032053719665,ok,0
4275,7.2839150999700024,3699529.4036120512,18,0.11890960112411414,ok,0
4276,10.742519531114308,4983662.6590172295,9,0.096751675490534539,ok,0
4277,5.3709180875670137,3888103.5351344808,18,0.0885386177724449,ok,0
4278,4.2970022828729295,2581618.0750895645,30,0.15546901123277912,ok,1
4279,3.478973140555309,2267725.2931199414,41,0.10078151574415817,ok,0
4280,4.3745187771745933,4084852.3847455392,16,0.075391226094751129,ok,0
4281,4.878438729618809,3881494.201793218,15,0.08697871077021796,ok,0
4282,7.1276878049464694,3616346.3520523724,17,0.077008257877794306,ok,0
4283,5.6662471955250604,3629592.479024481,18,0.094762832172145539,ok,0
4284,7.3531360166278672,3661873.6395062814,18,0.12402587899389816,ok,0
4285,5.2495433975112693,3597964.8014019299,28,0.10497029098976418,ok,0
4286,11.025740576807122,3593039.9862565943,14,0.12771491867602824,ok,0
4287,8.1396686285844861,4065855.0058073499,10,0.098262809130931439,ok,0
4288,5.0699243217531329,3627265.9061916601,23,0.058258869564012605,ok,0
4289,23.278331108357939,4175813.8376159617,8,0.10763359369987291,ok,0
4290,5.6859422346376203,3616795.0287355715,20,0.11311322238790189,ok,0
4291,5.0199827726112298,3651837.200598829,14,0.10623594485948429,ok,0
4292,8.5767274245481104,3616748.0881811096,22,0.1150721377776085,ok,0
4293,5.9630780385410764,3901725.896469723,22,0.064438977691549049,ok,0
4294,3.8323332720279613,2581618.0750895645,37,0.14715499107826785,ok,1
4295,6.7942927322140454,3970843.8762272801,15,0.10293989066679832,ok,0
4296,9.1901090568112789,3736040.8084896738,13,0.099403491747528772,ok,0
4297,8.9196098449804353,3763304.4375900528,13,0.088268381972843368,ok,0
4298,3.7139796110348025,4146329.4994541975,7,0.1187667666522142,ok,0
4299,8.3468035951474029,3587394.491474309,23,0.064254892272435082,ok,0
4300,10.384961926982204,3996272.7276555942,12,0.11118310934649933,ok,0
4301,7.5065074241294196,3590483.2885123356,16,0.079332602968104737,ok,0
4302,5.8075755784501837,4017537.3562257462,12,0.099046848300604506,ok,0
4303,3.7537500778751083,2772356.9728852585,34,0.07447002841742445,ok,0
4304,9.0340387386800511,4680397.0562621318,10,0.096359720705176344,ok,0
4305,4.8430745757737421,2581618.0750895645,29,0.084309181687152179,ok,0
4306,12.605015415498784,3693432.3445796343,15,0.10509457410951428,ok,0
4307,4.3054799340779377,3593614.2655172856,17,0.072865161441931003,ok,0
4308,10.498577333234332,3618183.9918464273,16,0.11268588443766892,ok,0
4309,5.6498794730653188,3624873.4069927102,21,0.12302168492929844,ok,0
4310,5.430491641423381,3644133.4805489038,19,0.097028807641293069,ok,0
4311,4.8211935857976691,3589030.5904300935,16,0.10573744351838943,ok,0
4312,5.1946317959681139,3664052.9750741711,20,0.11025411371339455,ok,0
4313,10.248510774045268,3971949.1321714669,11,0.10150782741693537,ok,0
4314,4.5804030226667303,3595579.8552435217,21,0.12295909413944217,ok,0
4315,5.8174021047662041,3600536.5271447632,22,0.10993960117225637,ok,0
4316,5.9234540310642787,3959890.6584137762,12,0.090751814344493753,ok,0
4317,6.9929478021606242,3603971.2105784663,18,0.08430996490423126,ok,0
4318,5.0696098410321424,3622527.6259723869,20,0.11905433801318366,ok,0
4319,4.7404105069442082,3665106.7299987855,14,0.13891371364609467,ok,1
4320,6.828944600814097,3673018.4200060046,16,0.1095287960595317,ok,0
4321,7.6512278418577813,3643508.229319205,14,0.14354411550285728,ok,1
4322,7.0111278753290787,3610443.1098622587,22,0.10374556673146318,ok,0
4323,9.557227351098593,3634717.7227551597,14,0.081339722347689269,ok,0
4324,3.1060306719817765,2142731.0761223878,40,0.12635904936954051,ok,0
4325,4.8101524405118861,3587810.7875130023,22,0.083245012265764973,ok,0
4326,5.5714567655547436,3595236.8816060014,22,0.077245655679508557,ok,0
4327,4.9072787068771886,3818061.2670571175,16,0.096327209546337444,ok,0
4328,3.4807213661372027,3158053.4917109548,24,0.077699645439458065,ok,0
4329,3.4389988075730131,2267725.2931199414,39,0.11557050031980454,ok,0
4330,7.4202747212321745,4426473.7990035275,9,0.12064076442104832,ok,0
4331,3.4907210258784751,2267725.2931199414,44,0.13724976393649146,ok,1
4332,5.9843741550898786,3696451.7743973304,14,0.15974227240172156,ok,1
4333,5.8588748638907351,3614337.4915090417,21,0.11003769122854368,ok,0
4334,4.9036569430139352,3602863.5992329917,23,0.10174401371171787,ok,0
4335,4.2839043364800773,2349719.955294122,37,0.10678369349738093,ok,0
4336,6.2882501749815107,3603371.731014194,19,0.12625585028593189,ok,0
4337,3.4261206667873028,2008285.8541831209,38,0.10630434771055941,ok,0
4338,5.0470520118702256,3726543.9603278907,17,0.09471471142245752,ok,0
4339,5.9791244659362981,3587409.1705745622,26,0.13189191296904634,ok,0
4340,7.9263009261060811,4104988.2224127403,10,0.12305759651127202,ok,0
4341,3.8051284843759925,2349719.955294122,42,0.087818161989082849,ok,0
4342,3.8956473095926154,2980790.4908226882,28,0.095819258989257194,ok,0
4343,10.633497162418418,4371315.4647919703,6,0.14456940039486499,ok,1
4344,4.5670533018965767,3655677.5319108893,19,0.097700868323540913,ok,0
4345,3.0488712165653302,4161815.6717835721,6,0.13361491924223534,ok,0
4346,5.8802095683020132,3637675.7378344769,16,0.092193370918856821,ok,0
4347,7.2563375973481774,3639026.5414715009,16,0.12598221493793516,ok,0
4348,6.9778321095958651,3604627.0464983373,24,0.076676766807458607,ok,0
4349,5.0177688422143047,3750960.6111242259,13,0.08373290280154333,ok,0
4350,3.9742762979266844,2609060.0868099569,35,0.11337952839113785,ok,0
4351,6.83427078941319,3601933.5816647746,23,0.14777910047977427,ok,1
4352,5.6148669128143798,4048108.3561614435,11,0.09023203579591732,ok,0
4353,6.5195206711109632,3620226.93305407,17,0.10139182111873857,ok,0
4354,6.3259797985763644,3622614.5282825911,19,0.08489857470372808,ok,0
4355,5.8091557523016375,3586720.8731826479,25,0.094416233384004289,ok,0
4356,5.2009491212337426,4384503.2599854656,8,0.10404742992456295,ok,0
4357,6.2614489283624426,4035544.0722540491,11,0.073204640011276578,ok,0
4358,5.9384930475094109,3617441.9026444792,19,0.10459257549153766,ok,0
4359,6.3313862956456077,3612216.9305736339,17,0.0893523302613001,ok,0
4360,3.7726075228222653,2772356.9728852585,33,0.15238408397579695,ok,1
4361,4.6316164815232934,3635109.7369602928,23,0.13733433401792072,ok,1
4362,8.58931698914812,3695196.9614342665,16,0.14528269224255641,ok,1
4363,4.3651498243747229,3854445.0893838676,13,0.086144853690498735,ok,0
4364,3.3317992816389661,2008285.8541831209,42,0.10989272910534104,ok,0
4365,3.8504427532332306,2267725.2931199414,37,0.11538777078013296,ok,0
4366,3.5299682805090722,2342560.3317427742,34,0.10419911874055754,ok,0
4367,3.3705764431632375,2267725.2931199414,37,0.12525472377416713,ok,0
4368,7.5810992511827306,3621103.5842145202,17,0.12284123701232574,ok,0
4369,6.4233342309480266,3649242.9027740094,17,0.14136652670268912,ok,1
4370,5.1862880448392543,3619237.5774517097,25,0.1370135122081062,ok,1
4371,4.1190026816553758,3596675.2084054793,22,0.11032701380628029,ok,0
4372,6.1860326078738384,3794342.3080779775,17,0.087435308112815413,ok,0
4373,5.0414798162825551,3615483.6169083407,21,0.12300434811396543,ok,0
4374,8.9464515213826807,4325694.1863098163,10,0.14741350407319032,ok,1
4375,5.5922113961979631,3659447.746585235,18,0.093110605051365314,ok,0
4376,7.6600146850329836,3669380.2669995935,27,0.096246059095616288,ok,0
4377,3.5226358724255316,2342560.3317427742,42,0.12215852690937834,ok,0
4378,4.6413032101645344,3587824.7258298788,18,0.079277858971933179,ok,0
4379,3.7444934565438648,2342560.3317427742,43,0.1111091264867452,ok,0
4380,4.8179969883332916,4206755.2444424853,12,0.11835661060893488,ok,0
4381,5.0217635692420828,3644762.9867733647,19,0.067993865037131951,ok,0
4382,4.522420866831296,3622130.9755176418,16,0.12322631722212352,ok,0
4383,9.1541174125844833,4347671.609515246,11,0.13426266913222507,ok,0
4384,4.3696988593487287,3680573.008482527,17,0.10323707172802732,ok,0
4385,5.5971538320997052,3986002.0758421156,19,0.1018263288433206,ok,0
4386,3.2422919500361655,2090177.9550635067,44,0.11279774146315624,ok,0
4387,3.4469762029490436,2267725.2931199414,44,0.095665360727590909,ok,0
4388,3.7523721334269426,3994171.2132701888,12,0.088771563902475009,ok,0
4389,6.2101438883861251,3686980.7029444408,17,0.085803199231613059,ok,0
4390,3.5198793266089359,2349511.4431106183,40,0.11016025023488141,ok,0
4391,6.1291592551906451,3712138.3472638656,19,0.083616657279721451,ok,0
4392,5.4406125233867364,4247797.8307349496,14,0.10251759338030508,ok,0
4393,5.3943937438652902,3658390.9318647496,19,0.073216967869701,ok,0
4394,7.8137319920081962,3681726.7595296022,18,0.099863389714276218,ok,0
4395,4.7785051527489557,3655215.1387568181,16,0.11629618423857824,ok,0
4396,4.895209557981433,3647901.504217274,23,0.16161770361990146,ok,1
4397,4.4784113485033821,2349511.4431106183,39,0.12557287797599126,ok,0
4398,5.021271634464922,3639182.4368649847,23,0.066500583217858067,ok,0
4399,9.2269959946214808,4370044.9143123692,14,0.12445470659525282,ok,0
4400,7.0563874918276985,3788789.7493621623,15,0.13190680499207186,ok,0
4401,3.8323300069857194,2267725.2931199414,42,0.093029844123566213,ok,0
4402,3.4053144404231599,2378837.9975668644,43,0.11748043560822419,ok,0
4403,10.498714096752062,3645627.2306632157,15,0.1083946125619325,ok,0
4404,6.5061953291951538,3594670.0136797582,17,0.14693555392890978,ok,1
4405,5.5440303775230966,3588884.0840640413,18,0.11801348801716804,ok,0
4406,8.4872328699496205,4576567.8830621513,13,0.13379325703181022,ok,0
4407,4.9402642586420118,3589680.5897882837,20,0.069833981219797642,ok,0
4408,5.8356020037554606,3595781.874063821,21,0.1017864993568578,ok,0
4409,5.6736976842717768,3595218.6499509881,23,0.078131940930609378,ok,0
4410,3.1915628724026606,2267725.2931199414,45,0.14768488195389362,ok,1
4411,9.2526647658828249,4437830.7743011853,11,0.10474354051513246,ok,0
4412,5.1914232111368426,3846871.879648916,17,0.12296400531695617,ok,0
4413,6.9685660639464562,4490249.3264992246,8,0.11305357232105073,ok,0
4414,4.7277529445564275,2349719.955294122,36,0.12687751032983791,ok,0
4415,6.631408949293303,3805146.8204433969,18,0.096479021397409853,ok,0
4416,4.1408861579217913,3589444.9518910581,19,0.087157716494709603,ok,0
4417,3.6693531859945461,4023436.2943865694,8,0.15047174759388027,ok,1
4418,7.6378373851046764,3605947.6952212192,21,0.071832013726691124,ok,0
4419,7.1416341845386455,3587591.5350247696,20,0.13322585927489805,ok,0
4420,6.7897197894229304,3600087.5993463211,19,0.13508122668066536,ok,0
4421,5.6024588234809114,4052461.3033059924,15,0.10864213360493036,ok,0
4422,5.0148965075743064,3713493.7830533762,22,0.11493365269240363,ok,0
4423,10.972757487563973,5010801.9976302059,7,0.14392738416477047,ok,1
4424,3.4374941300579684,2267725.2931199414,41,0.10567460753850488,ok,0
4425,3.4525670506294612,2267725.2931199414,37,0.11879871547640064,ok,0
4426,5.588308124910931,4061726.0143344207,12,0.071159613224182072,ok,0
4427,4.4821620485241693,2342560.3317427742,34,0.11059668037744722,ok,0
4428,9.8820398221103893,4847398.434722905,7,0.14199610840270976,ok,1
4429,6.2008289463286808,4936365.7907183943,11,0.11890352409895821,ok,0
4430,6.1350626767902066,3785065.9637228497,17,0.10561677404467662,ok,0
4431,3.4468966613071825,2267725.2931199414,40,0.10728077850262019,ok,0
4432,4.9375166743891645,3627453.0105195087,19,0.10034871338248186,ok,0
4433,6.8304694099515855,3747043.2678497401,13,0.089799491072064086,ok,0
4434,4.9727159940768901,3668496.1206822637,14,0.10788249090201929,ok,0
4435,4.6187643775498817,3625658.0665157787,17,0.089272963693947327,ok,0
4436,9.587351180620626,4006800.7693245579,10,0.091186976557437682,ok,0
4437,6.4254755327218067,4751366.972573339,8,0.096647023215152283,ok,0
4438,4.6022132882298754,3626797.6046349267,15,0.10918275192241181,ok,0
4439,3.4156736153615208,3261364.380769941,28,0.1529776751143333,ok,1
4440,3.8064073085435637,2090177.9550635067,41,0.13272936797096641,ok,0
4441,5.6622363819477286,3764027.174486557,15,0.12783791845615089,ok,0
4442,6.8216133645703421,3858487.6017280831,18,0.072872219703732033,ok,0
4443,3.5499530405768871,3280705.556872033,22,0.091523109256395507,ok,0
4444,7.6768105543556384,3765355.6338844243,15,0.10034004617319103,ok,0
4445,4.6911602823007943,3668748.5644270917,24,0.11263106930614075,ok,0
4446,3.8670866540252389,2581618.0750895645,35,0.12561397345328335,ok,0
4447,8.1386989605295916,3587231.6807467574,20,0.098209029042600648,ok,0
4448,8.8250295829110712,5123362.1500508357,8,0.10492529404530515,ok,0
4449,7.7216153376226941,3687336.5179809742,18,0.10371289682178475,ok,0
4450,4.662097045463554,3605422.4503893005,18,0.10877662821585787,ok,0
4451,5.3934364912604327,3611714.4990066956,22,0.099393828310652799,ok,0
4452,5.8807378462609261,3828746.3945408859,24,0.053237782608783833,ok,0
4453,4.8515446751888085,2342560.3317427742,37,0.1642284229824551,ok,1
4454,7.4614094403230258,3588255.6479938133,21,0.088010293808408246,ok,0
4455,4.7169848603767726,3743050.118003191,17,0.079582542083107638,ok,0
4456,4.9889721009973638,2678205.3747857241,30,0.11574616167327056,ok,0
4457,6.6954799099564957,3639328.6611805568,15,0.089765718864725952,ok,0
4458,5.3256876631458416,3626540.0031791208,24,0.10344396461298377,ok,0
4459,29.175629220604677,4676732.6997600133,7,0.13160325160131903,ok,0
4460,7.0928054849110245,3639653.5062765535,21,0.12719962978671318,ok,0
4461,6.8090813884712089,3600390.6287944862,18,0.1163198672511484,ok,0
4462,6.7172797571985194,4478372.3261510963,12,0.12200738902124866,ok,0
4463,8.7001228779919266,3945007.555305304,15,0.096030705050736964,ok,0
4464,6.6033768052033022,3951293.5648561362,12,0.072548930081611007,ok,0
4465,6.1276501675310628,3618262.7537097568,17,0.13591537642205254,ok,1
4466,6.5371269194909134,3634485.3722039685,22,0.13364318708692841,ok,0
4467,7.0826337153542482,3818348.8254002831,15,0.10899122536673639,ok,0
4468,6.362709029669217,3587022.2137067928,18,0.13905201457745575,ok,1
4469,8.0732525986367421,3910327.4565015985,11,0.10820416553517564,ok,0
4470,11.617841878540064,3881954.8670624262,14,0.12281082518040423,ok,0
4471,6.8356157584884798,4687543.7146147583,12,0.094293000329474796,ok,0
4472,6.5292777676262519,3662159.5785460328,28,0.11434708876657484,ok,0
4473,5.6749012211620338,4007783.1978771123,15,0.12280665283229031,ok,0
4474,3.7290749563949057,2342560.3317427742,37,0.098270467607535106,ok,0
4475,4.6724291342228232,3660817.5089681703,18,0.097446134855723204,ok,0
4476,5.4054293001412095,3587085.6416840577,17,0.088021053433148672,ok,0
4477,10.635706331577673,4527608.9281560099,8,0.11077465449120061,ok,0
4478,5.9119168240250133,3587201.5000297045,20,0.16166210462989561,ok,1
4479,8.9044059087560363,3832871.8695873744,19,0.073087978786085583,ok,0
4480,4.3257706681666539,3903417.9754046313,11,0.11947532884870538,ok,0
4481,12.502456831124537,4405495.7911202842,6,0.1447287569452147,ok,1
4482,4.448455890195139,2798038.8762947805,25,0.093108056780205284,ok,0
4483,9.5600594520106998,3755956.1635736171,16,0.13923168851790413,ok,1
4484,3.4784256148672634,2581618.0750895645,33,0.084464304111530053,ok,0
4485,5.2115430635961904,3639856.8397660558,19,0.12335771679893909,ok,0
4486,3.6409041146038725,2090177.9550635067,36,0.12107079175630603,ok,0
4487,5.4450462288244887,3668139.5142212459,14,0.11057295304822745,ok,0
4488,7.2201257804623289,3613301.5744140865,16,0.11808158339540864,ok,0
4489,3.402694270030846,2090177.9550635067,46,0.15075941497933953,ok,1
4490,2.8365237874412186,2008285.8541831209,47,0.1124680378209193,ok,0
4491,3.9641057988694968,2609060.0868099569,28,0.13052569784372314,ok,0
4492,7.2067592338100752,3587427.214528597,17,0.15949365237797986,ok,1
4493,3.6554839059830591,2954199.3212936129,25,0.11100828585953071,ok,0
4494,4.7614609112347352,3617983.099575277,17,0.13727705019986403,ok,1
4495,5.126847515318314,3612037.0029271943,16,0.10353106992207572,ok,0
4496,15.626476846766012,4268000.417169516,9,0.11753584422089436,ok,0
4497,7.2154948828515053,4190175.9626034377,15,0.071235710295665389,ok,0
4498,6.0712213921953406,3617642.0322158351,22,0.12917992899301534,ok,0
4499,5.4066287683540377,3700379.0618404071,17,0.088703575493844,ok,0
4500,5.270161414882983,3661638.3724567266,21,0.10465187685679744,ok,0
4501,4.0085902323691585,2267725.2931199414,35,0.14507239351844065,ok,1
4502,4.3883880545292859,3759664.558456507,19,0.12009001170575917,ok,0
4503,3.6572516307169582,4312772.9657570273,7,0.14166846431605556,ok,1
4504,5.6172484682139636,3650330.3379236581,27,0.069246463471194897,ok,0
4505,10.073074375275297,4327696.0586785041,9,0.11061181308659851,ok,0
4506,5.5678045358415886,3852712.4020715682,18,0.10572310260384044,ok,0
4507,5.4864011778415902,3603752.7632420906,22,0.10897936069702308,ok,0
4508,6.0692444351111536,4038671.9466560748,18,0.089344015341776051,ok,0
4509,5.7811019259271195,3590081.6525665475,16,0.08271456206030281,ok,0
4510,3.6937065731969234,2142731.0761223878,39,0.11632310292357778,ok,0
4511,4.8792738105738342,3637878.6990586119,18,0.091918695307587894,ok,0
4512,9.9509407098523148,3866173.2706722985,18,0.089351017071726602,ok,0
4513,5.3669434661104809,3659937.2372263037,15,0.10119543430431932,ok,0
4514,5.1764536536702161,3624558.241771962,23,0.081079904243109624,ok,0
4515,6.4815852747408345,3810755.2550137849,14,0.07853882042531557,ok,0
4516,3.3597585069041851,2142731.0761223878,39,0.14646342387757771,ok,1
4517,4.5353457685907506,3867433.9888654109,9,0.10077813207393194,ok,0
4518,4.6224302699642781,2349719.955294122,40,0.11943083759248052,ok,0
4519,6.7241013809898629,3607802.9565146333,19,0.079483898236960226,ok,0
4520,6.8953138939404957,3622050.5793753355,20,0.1158565680480611,ok,0
4521,6.6183883131325087,3747182.6959935385,17,0.091427921568039194,ok,0
4522,3.7763871281405259,2267725.2931199414,44,0.12379236633896695,ok,0
4523,6.5885520028032891,4151121.8026661281,13,0.11785576269631504,ok,0
4524,3.3378656051317153,2357307.6858878741,36,0.098601433804605065,ok,0
4525,5.7594704511492569,3261364.380769941,23,0.17335004832909781,ok,1
4526,5.488671660022165,3599733.6419788585,16,0.14707050247235798,ok,1
4527,5.5865209414597299,3704045.0594489952,15,0.10414575234466955,ok,0
4528,5.5584291104839778,3690359.4759257091,15,0.092034577730026323,ok,0
4529,5.8813839102426346,3635327.9604664329,18,0.14818178415632877,ok,1
4530,6.1375803716198787,3708739.3477400024,20,0.077659720746870109,ok,0
4531,6.2740635427966369,3621540.0512303691,18,0.16745351978638379,ok,1
4532,4.3282747622057238,3873229.3142027315,15,0.11006643711263214,ok,0
4533,7.4831842252561609,3737268.3621906927,20,0.084057591508279628,ok,0
4534,5.8190149356567629,4038058.8853159701,16,0.11083708899756983,ok,0
4535,9.5985059727359179,4540822.5438681301,6,0.13783384039450508,ok,1
4536,12.976089166375161,3730084.8447966781,15,0.12306523211767439,ok,0
4537,5.063147653585685,3674427.8611907647,19,0.10656272769528441,ok,0
4538,5.9842221018801567,3905055.3695764458,9,0.13239286527454852,ok,0
4539,8.9258285831531765,4683716.4493173379,12,0.14133843524482803,ok,1
4540,3.391349393895255,2142731.0761223878,44,0.12384025072430577,ok,0
4541,4.4318043430090022,2609060.0868099569,32,0.10574351259560311,ok,0
4542,5.4475700409114918,3609104.5404852149,24,0.10255121006575613,ok,0
4543,5.1998450834186558,3611262.8142665452,24,0.13089605314189068,ok,0
4544,7.5742551587077456,3643052.5336550511,18,0.098351982307146979,ok,0
4545,12.669222708598133,4954532.1444461392,6,0.12843226329678259,ok,0
4546,4.280242442927932,2954199.3212936129,27,0.10060520509541016,ok,0
4547,3.5979453343276764,2267725.2931199414,41,0.11742541056063271,ok,0
4548,3.9754771031687692,2267725.2931199414,37,0.10383526853713965,ok,0
4549,4.445392215550136,3678376.4888705621,18,0.093956166660068008,ok,0
4550,4.9694835959041361,3608802.6640591915,22,0.095298910256131575,ok,0
4551,4.1573265357212286,2342560.3317427742,40,0.12121996866834683,ok,0
4552,8.3465172929001898,4694617.4299036488,6,0.14997084818776596,ok,1
4553,7.9563477702633039,3605691.1395728579,18,0.10981832391121024,ok,0
4554,9.0283933589552863,4539789.3348241476,11,0.13278996738018606,ok,0
4555,6.8814201519644493,4250487.5733803697,10,0.12235911435811697,ok,0
4556,9.7168790869597021,4682499.5720630633,6,0.11913006619898081,ok,0
4557,3.3307529793114172,2267725.2931199414,40,0.1223788833676196,ok,0
4558,6.5336931328157899,3832945.1137359338,19,0.085918880897505101,ok,0
4559,7.6555176879992608,4159392.5088282935,16,0.10336308663867311,ok,0
4560,4.2025841692746848,4042362.0456254543,10,0.082966436055893961,ok,0
4561,4.2573282042601974,3607938.6085713357,17,0.084918544698195403,ok,0
4562,5.0786133594222527,3750197.3034297153,13,0.1171765984823363,ok,0
4563,3.8234432160453617,2349719.955294122,38,0.081321584118525525,ok,0
4564,5.3220337453473228,3609811.9479789711,15,0.081746814942667889,ok,0
4565,6.2001354155144224,3692443.2818529638,14,0.062901434933814282,ok,0
4566,7.0844255806850152,5116705.9069283642,8,0.10032932437948006,ok,0
4567,4.8198630870320294,3593756.6384752607,24,0.081559247192686035,ok,0
4568,8.4077702551317639,3645390.87333505,16,0.10242426853064523,ok,0
4569,8.9304737965309968,4591063.1387319006,9,0.13077361615012095,ok,0
4570,6.2503343020020461,3691769.4886441245,14,0.092439913192256362,ok,0
4571,5.3278829984210692,3716246.7283960604,27,0.092787626364388642,ok,0
4572,9.5124553754062831,3597582.2878141426,17,0.15440036994454942,ok,1
4573,12.177929844108952,3887621.3484728341,11,0.10076512789681735,ok,0
4574,6.6571269129696482,4172531.0132421297,15,0.14345956135217869,ok,1
4575,8.9945793401013745,3696098.2671092814,23,0.13130340793115824,ok,0
4576,5.3755688798373971,3594596.1317060888,17,0.11365376567761522,ok,0
4577,6.1121094786339096,3900642.2909388011,21,0.15349414629903169,ok,1
4578,3.5049127648517926,3158053.4917109548,24,0.091179091812017776,ok,0
4579,3.8820559324270096,2267725.2931199414,38,0.16637005976279684,ok,1
4580,2.9013552642555993,2008285.8541831209,39,0.10412845106771695,ok,0
4581,6.6738828837367832,3611931.8592127115,17,0.098512041716597026,ok,0
4582,7.6707239745846039,3903320.5422983812,21,0.11629107922804816,ok,0
4583,7.2472287392376433,3694956.393477737,15,0.10227592971523108,ok,0
4584,6.3949711487978078,3771243.1108897752,13,0.099993648252720391,ok,0
4585,3.4932437732686092,2349719.955294122,39,0.088427200859724164,ok,0
4586,5.3809610511600665,3702026.0064647049,17,0.070701277077074631,ok,0
4587,11.382967972586689,4638519.3457685914,9,0.15927751524364941,ok,1
4588,6.0348815672378517,3721492.0522048264,21,0.074721161399599612,ok,0
4589,4.1439481911010692,3670918.3839039551,16,0.086849711844385613,ok,0
4590,3.2930280180521629,2267725.2931199414,45,0.081776652710295106,ok,0
4591,4.0269529449911561,3613479.8043373153,24,0.09238391963978751,ok,0
4592,7.1574390778164343,3607019.8366206237,17,0.14465218772147825,ok,1
4593,6.2472050244058801,3626003.3570567882,20,0.12843856015356037,ok,0
4594,8.1254673530785482,3626274.9335973617,21,0.096825874800368972,ok,0
4595,4.4537276205641536,3748381.4352126895,21,0.05967552817749544,ok,0
4596,5.4198728347673697,3727388.7033114168,17,0.11536749308113403,ok,0
4597,3.4998234677633806,2342560.3317427742,39,0.12334150720789672,ok,0
4598,3.6203740676089149,2342560.3317427742,34,0.15595060988720855,ok,1
4599,6.1686872751246575,3669697.5005556648,19,0.076039108776323694,ok,0
4600,6.6445206393527059,4964506.5458417088,7,0.11499662342739497,ok,0
4601,5.3538120141395629,3782691.0852472065,18,0.07561257268672128,ok,0
4602,8.2857945194153402,4582755.5743001308,10,0.10881065692976399,ok,0
4603,6.8351870039133846,4115806.6119014211,13,0.099515144811910039,ok,0
4604,3.2173306439587099,2342560.3317427742,37,0.13977718058257949,ok,1
4605,9.1022993342501426,4408916.978388492,14,0.098804815620603725,ok,0
4606,3.4777421147704644,2267725.2931199414,36,0.15122256605834183,ok,1
4607,6.5648392885378133,3641289.2419329132,21,0.14173915487648803,ok,1
4608,8.2254665194129455,3614805.8521399214,20,0.06820498890931781,ok,0
4609,6.1238744038005786,4229548.608205297,12,0.1096539003312425,ok,0
4610,3.486022988920046,2142731.0761223878,40,0.1223261195142723,ok,0
4611,3.7615494213816887,2008285.8541831209,44,0.10321303503740958,ok,0
4612,4.9512469611017931,3792206.341350114,14,0.08106904816439553,ok,0
4613,4.7506565902561224,3667617.6435760744,14,0.098068595530790559,ok,0
4614,4.9366008415644602,3771256.6829133327,14,0.078619278839121232,ok,0
4615,4.624806955921807,3626359.8713672538,20,0.084385171744951748,ok,0
4616,3.1307490612364806,2090177.9550635067,44,0.16184787309837223,ok,1
4617,3.3905058391372291,2267725.2931199414,44,0.10262634570574025,ok,0
4618,5.7924140434094937,3682019.6120198346,20,0.11402922186747716,ok,0
4619,5.0835996533950851,3600050.4544396619,25,0.13131893764674674,ok,0
4620,4.6183786138881455,3707487.9328128174,21,0.1197996784578475,ok,0
4621,3.0082983345753802,2090177.9550635067,41,0.16507692477947489,ok,1
4622,5.3751534922720721,5145358.4929322945,7,0.11421528568784373,ok,0
4623,7.3009520809534925,3598978.3652189476,25,0.1153530094523755,ok,0
4624,8.1586590147058011,3827154.9295334439,19,0.078916364617064305,ok,0
4625,4.2406557112308292,3811715.5402496299,15,0.087723763886928929,ok,0
4626,5.2203395345323944,3803203.4501168025,17,0.079357164050226192,ok,0
4627,5.4544620890429805,3598149.6607654467,24,0.11674553289157485,ok,0
4628,5.2387193695150964,2609060.0868099569,33,0.10677690362506376,ok,0
4629,5.8645144076429059,3593399.3756094594,22,0.10776693204616894,ok,0
4630,5.6495034264453565,3688150.4309670236,17,0.077342417402713637,ok,0
4631,9.2975040728192866,4337873.4294458488,8,0.11016465962612187,ok,0
4632,9.5429471671774504,3814153.6103786184,15,0.085009181264476152,ok,0
4633,7.2296713905319123,3848160.5028005624,15,0.098298091464528226,ok,0
4634,5.6507205908982598,3942727.5427465285,15,0.086805039532408812,ok,0
4635,5.3184042161678464,3643691.482781766,18,0.14275025200700586,ok,1
4636,9.8509294005629897,3756695.9317765329,17,0.088818806843685039,ok,0
4637,5.7411920733760597,3623786.9124104436,20,0.090788913217221046,ok,0
4638,4.1484824471247874,2342560.3317427742,40,0.11357209534071269,ok,0
4639,5.4190529423234484,3729904.3979844148,19,0.048858838116948133,ok,0
4640,8.2527362368489925,3616991.567508074,25,0.057756092210196397,ok,0
4641,6.4404879793714676,3635736.6626037308,15,0.10030083800838729,ok,0
4642,6.1638584332176487,3745950.4565755934,19,0.093863591806305824,ok,0
4643,3.275669425499939,2357307.6858878741,32,0.12028074967006397,ok,0
4644,3.7912926490111096,2378837.9975668644,30,0.085840462948310603,ok,0
4645,7.4019354231960062,3886088.3390142019,14,0.1091378128484139,ok,0
4646,5.2275479799548483,4380622.6900498159,8,0.10756401805990845,ok,0
4647,5.0437638208151752,3598168.0045253234,25,0.073719084883520747,ok,0
4648,2.9633470445426839,2090177.9550635067,43,0.12046140034711317,ok,0
4649,7.3246719347801941,3993673.2300186227,13,0.10103601920183902,ok,0
4650,5.5796630705152594,3591070.0973103778,16,0.10149769794908559,ok,0
4651,3.8540803087288733,2267725.2931199414,45,0.10984635791753294,ok,0
4652,8.5771485883822471,3641859.2135678851,19,0.14042828113142158,ok,1
4653,12.62802048216407,4853309.5172296818,8,0.14663539212541987,ok,1
4654,5.7138542834002664,3677787.1947649405,17,0.11292289741082662,ok,0
4655,4.2792666207323826,3632251.5187936476,18,0.086011365478935425,ok,0
4656,3.5931657744736722,4560041.8856738545,9,0.092845532890331317,ok,0
4657,4.3083260801218852,2267725.2931199414,40,0.11057774672354559,ok,0
4658,8.7342623830680495,4054020.1528800786,16,0.15766033360492693,ok,1
4659,3.7377780044577809,2267725.2931199414,42,0.10829644225095003,ok,0
4660,5.9834238953295511,3612939.704964113,18,0.084950575106743198,ok,0
4661,5.7043936660062844,3771415.4318092316,18,0.092299029942678856,ok,0
4662,4.3642598941741575,2609060.0868099569,31,0.14129519323826512,ok,1
4663,5.9651509242400254,3631266.9929480758,22,0.127609515250101,ok,0
4664,6.7954804919480933,3702185.5238960385,21,0.11169674924655193,ok,0
4665,7.9891246386302308,3588461.1970595974,17,0.15371209387282991,ok,1
4666,4.1839389374285849,2342560.3317427742,43,0.12292837528987588,ok,0
4667,6.6674898399188036,3587979.2053086264,20,0.13365817919290601,ok,0
4668,7.9031366210021066,4747140.3561442895,8,0.11405571117778013,ok,0
4669,6.0480650201624782,4214760.2745149424,14,0.11279341635420881,ok,0
4670,6.4390749618701939,3676679.9224781464,20,0.12772281456375867,ok,0
4671,8.3541469883716566,4766834.7768634707,12,0.092030789955592815,ok,0
4672,3.3604262086319503,2090177.9550635067,47,0.13947475075973681,ok,1
4673,6.9068057663656353,3649525.663067597,12,0.11400802873829874,ok,0
4674,4.4795345195437477,3628866.758041542,25,0.14730186379686805,ok,1
4675,6.02549247333517,3732860.8223648951,21,0.099025409277968879,ok,0
4676,3.450407236569466,2349719.955294122,36,0.1563376961237225,ok,1
4677,3.4208472450983649,2267725.2931199414,44,0.10916925889720697,ok,0
4678,7.010699687964947,3818064.6366673266,22,0.11297299232839575,ok,0
4679,5.3740263161579813,3672949.7299015336,17,0.11507036641351587,ok,0
4680,6.9427381007510718,3887880.0867326991,16,0.11536319199584122,ok,0
4681,6.0868168229367399,3627894.7640905837,19,0.1212697514937473,ok,0
4682,8.3123910405779107,3707406.2293152832,18,0.082978884686818133,ok,0
4683,3.5937969389869862,2090177.9550635067,38,0.11283576538410034,ok,0
4684,4.0419033948696548,3603285.5490200431,18,0.077246275157574373,ok,0
4685,7.1804584687613984,4218318.4193140622,11,0.082973136047934049,ok,0
4686,4.3984516780261114,4061692.3916101973,10,0.106680166840596,ok,0
4687,4.5515674613279344,3687465.5255524432,23,0.11637849896071789,ok,0
4688,5.9524848449039425,3609863.853592868,19,0.13534972821258962,ok,0
4689,9.2713362849237164,4311246.4337961972,14,0.10629636168775664,ok,0
4690,3.567759183036201,2267725.2931199414,42,0.12453100641552439,ok,0
4691,4.8991691849370298,3684506.7159713889,12,0.1186126741281871,ok,0
4692,5.9576621365880422,3713793.2198677608,21,0.12814643226677291,ok,0
4693,4.4247448036811852,3650496.9056654158,19,0.068885430577021844,ok,0
4694,7.0547597130508812,3586422.4185289252,20,0.094550176854782841,ok,0
4695,3.6013684319389485,2267725.2931199414,42,0.10591944928054542,ok,0
4696,7.1566959785079893,3607531.6917605754,23,0.13305752159753303,ok,0
4697,6.7643722916114237,3699076.4072883674,16,0.10110251391764591,ok,0
4698,10.42833370599265,3924467.1647366323,14,0.16548001148010372,ok,1
4699,5.7152478134809721,3604128.8180419458,20,0.12363979119152135,ok,0
4700,5.777990390354848,4195042.9068938764,14,0.11119873419368331,ok,0
4701,8.7199749821534169,3806610.464710285,19,0.082029120814887224,ok,0
4702,7.4324070405322287,5052699.8135144627,6,0.11194508079485022,ok,0
4703,3.4118260772003604,2954199.3212936129,24,0.089202032596693681,ok,0
4704,4.1030819536202863,3599068.317526761,22,0.10476415394645122,ok,0
4705,5.509266039802954,3626370.6909471974,19,0.12074372702749792,ok,0
4706,3.7543946433118247,2378837.9975668644,32,0.090848509093872987,ok,0
4707,3.7493942039031305,2267725.2931199414,42,0.12451382910556485,ok,0
4708,6.7033868390874201,3591118.8576950468,21,0.10270857443475623,ok,0
4709,6.3341558784399403,4320218.896555352,12,0.086202205669783399,ok,0
4710,5.0352181234781819,4311578.2959805354,11,0.14245616615900625,ok,1
4711,4.9234559442259327,3616515.3074717536,21,0.14141420457961018,ok,1
4712,6.3879246025381349,3586188.962385769,22,0.13784551893134378,ok,1
4713,6.6626226380277487,4112028.4294738653,17,0.11851846695618462,ok,0
4714,3.2473215214019202,2267725.2931199414,39,0.095608929199861303,ok,0
4715,4.7442064136734121,3975480.4490443971,13,0.10912670397134716,ok,0
4716,5.5942373258625029,3839276.2443463048,14,0.10841017979153522,ok,0
4717,4.7049785809892395,3633485.3217499745,14,0.12651054909347259,ok,0
4718,6.9732265688147947,4141923.4637724464,16,0.084611790117808505,ok,0
4719,7.818678729248572,3808179.6838957057,17,0.067757959020667335,ok,0
4720,3.8464804029842004,2984801.2881630221,28,0.08889957606874227,ok,0
4721,6.4696138692203293,3600904.3131916909,22,0.130647821563175,ok,0
4722,15.940300071319406,5227937.8238627892,7,0.13019133492714485,ok,0
4723,4.9901689239149931,3605635.547846389,24,0.12205011482655992,ok,0
4724,4.1294323485899538,2581618.0750895645,38,0.11969376067969151,ok,0
4725,9.2016352804716188,4837324.321766749,6,0.12290858102487145,ok,0
4726,4.1726906360127529,2609060.0868099569,33,0.12035748258584134,ok,0
4727,4.5193480415184375,3757845.4386157473,17,0.14715625664451831,ok,1
4728,7.5449734321306945,3707112.3043733523,15,0.15066967592432989,ok,1
4729,4.0622474511807525,2342560.3317427742,34,0.14028125623556076,ok,1
4730,5.3457439593422684,3654023.3725375435,24,0.10337012419110861,ok,0
4731,9.0050770993275098,3914265.3794628968,13,0.0995206769614293,ok,0
4732,7.1562619760306898,3638622.4949203888,17,0.12795314447090023,ok,0
4733,5.6131158342361402,3596021.6602829671,18,0.14177914844542494,ok,1
4734,6.2574575792416551,3621476.7542616227,26,0.11055025813749619,ok,0
4735,3.324160910962318,2267725.2931199414,43,0.11881645394839702,ok,0
4736,5.6873928230785964,3649362.3139861347,13,0.12664915773723606,ok,0
4737,4.8974847567899058,3598979.8673971565,17,0.10630518205754824,ok,0
4738,3.7124298543153791,2349511.4431106183,32,0.10049810882141086,ok,0
4739,6.1071987098335061,3587262.3482189006,20,0.13975553244628891,ok,1
4740,4.437824621993979,3596521.2816502638,21,0.1353749073594005,ok,0
4741,6.1556681350729008,3628057.9571174695,17,0.11522255146929383,ok,0
4742,4.1681087697777688,4088013.3849460836,11,0.11243060864210164,ok,0
4743,3.9386883651907585,3783869.666722422,10,0.12914309687245951,ok,0
4744,6.1366483374010512,4386257.0573720112,11,0.080346191600331185,ok,0
4745,3.3344147821519545,2008285.8541831209,44,0.13331191957013833,ok,0
4746,7.9765413701853642,3598531.9227262903,16,0.11184631428479774,ok,0
4747,3.2577185742947163,2142731.0761223878,44,0.124855167543927,ok,0
4748,5.9645748383265849,3969688.8672664696,20,0.14019490519647182,ok,1
4749,6.7786954135093058,3621282.6797823072,24,0.13818288657745603,ok,1
4750,3.6619618338571915,2357307.6858878741,37,0.11703362815698937,ok,0
4751,4.136616363098832,3280705.556872033,22,0.13636363636363635,ok,1
4752,6.9911142922445801,3604904.0524385679,21,0.09998257083241946,ok,0
4753,4.1720060324864328,2349719.955294122,36,0.10093666551662456,ok,0
4754,4.4170650605642949,2609060.0868099569,29,0.11420474411962772,ok,0
4755,8.4655821142240875,3623726.6799054346,18,0.12994748102519893,ok,0
4756,8.4499093834837993,3595775.5009105685,19,0.15962365066672113,ok,1
4757,6.5256295381748863,4313808.7358943354,10,0.12095853743070889,ok,0
4758,5.5660144333840877,4750489.6997036254,11,0.08816282952772303,ok,0
4759,7.78805667736719,3653858.8102451172,19,0.11024685165920617,ok,0
4760,29.117874221371014,4316549.468618108,6,0.14982323307494172,ok,1
4761,2.6153280703282125,1636214.7916851614,46,0.17905005326756979,ok,1
4762,4.531567464297952,2342560.3317427742,36,0.1517794844905257,ok,1
4763,6.5526514741180168,3649969.8515934693,21,0.14758804303506684,ok,1
4764,5.0270569424215106,3643568.9569726172,15,0.065561199603436537,ok,0
4765,5.8542143847772348,3798561.052278399,20,0.10665081336678439,ok,0
4766,6.2763161549136006,4077905.9960300154,10,0.091681656592890626,ok,0
4767,5.373749310781788,3631330.7081595506,25,0.10433460056765664,ok,0
4768,15.104738278840159,4219620.4988892619,11,0.1181063524407448,ok,0
4769,7.6408277854511626,3662859.905497977,18,0.17500315561770208,ok,1
4770,5.8650880032193253,3824060.3174465341,17,0.073518165920680389,ok,0
4771,3.5775008401796438,2342560.3317427742,41,0.11177692504431158,ok,0
4772,5.7782251172043066,3874844.5866110716,16,0.14562876965386051,ok,1
4773,6.8986308178499938,3861546.6958821304,18,0.093048424473661961,ok,0
4774,5.8777181494137105,3650944.4887681748,24,0.086025173653266562,ok,0
4775,4.4918019226186434,3703620.0033169282,16,0.098150258628242781,ok,0
4776,10.67481241888105,5208557.2571675349,6,0.13081778711447944,ok,0
4777,3.2567062868996262,2142731.0761223878,39,0.17938572831150856,ok,1
4778,9.1637135234233185,4614904.1068549668,15,0.10657864400188055,ok,0
4779,5.5532205716336209,3708453.2854531249,10,0.11176608170946734,ok,0
4780,4.3777324986209045,3783274.719227348,13,0.1094897062179182,ok,0
4781,3.8240879782708634,4114420.8660344277,11,0.13544782666198635,ok,1
4782,3.8527656654633344,2342560.3317427742,45,0.15074153269071483,ok,1
4783,5.7808758647041634,3601163.6304154908,21,0.084836397653995366,ok,0
4784,3.8735506855697843,2349511.4431106183,40,0.12474502471259719,ok,0
4785,5.3656312427723236,3773526.5362026207,10,0.089794199279081499,ok,0
4786,7.4887114035459295,3604064.828669806,20,0.09282954058704862,ok,0
4787,4.1362329080009861,2342560.3317427742,38,0.12166765072309516,ok,0
4788,3.5476252593529658,2342560.3317427742,44,0.10809464386100254,ok,0
4789,5.8499228526843785,3590216.0215043677,21,0.13604368524857502,ok,1
4790,6.9222474184480465,4396911.5016451245,10,0.13006694586091705,ok,0
4791,7.6187009709723377,3629515.4873851938,19,0.10161302480404188,ok,0
4792,6.4472987633114087,3593414.5253479904,20,0.080098193083144476,ok,0
4793,3.7842453165698884,2628545.6714319899,31,0.10852857212764144,ok,0
4794,8.0521108046796819,3605682.1753630317,16,0.093381264979232381,ok,0
4795,5.6335860302085807,3668714.6834658566,21,0.088283289109689189,ok,0
4796,3.7243329714536042,2267725.2931199414,43,0.085877284831457734,ok,0
4797,4.561525147353235,3806954.7709580739,15,0.15314263264056072,ok,1
4798,3.2748004956265144,2267725.2931199414,42,0.13584016852640379,ok,1
4799,3.4559654350887614,2267725.2931199414,38,0.10926218199269827,ok,0
4800,5.3546067945794444,3606321.3115277872,24,0.10733111816312635,ok,0
4801,5.3399387782201355,3666689.2410913263,21,0.11867355565008408,ok,0
4802,10.994521540869972,3968908.8015678911,13,0.12016055400077963,ok,0
4803,6.0393660431243861,3678588.1821342092,16,0.077233083773120881,ok,0
4804,11.359372997409961,3927690.1967609441,13,0.13100166454018258,ok,0
4805,4.8716112681210202,3634589.0229212311,20,0.074317415870171155,ok,0
4806,8.8707519310370806,4564757.1361324936,9,0.11931291024635471,ok,0
4807,5.6348420607612146,3776148.1586973197,17,0.10140023178881835,ok,0
4808,3.2783990696979015,2142731.0761223878,39,0.13628907148099467,ok,1
4809,7.1768380211662439,5903753.010449023,8,0.12712177435615701,ok,0
4810,10.137126689145127,5418846.0438363831,6,0.12951494457195767,ok,0
4811,4.6519367978191202,3588849.7596256956,23,0.077777310071492245,ok,0
4812,6.3099300231922628,3679919.2920139357,18,0.1232380129900367,ok,0
4813,5.224974847347581,3608132.3760313937,16,0.10235410848960869,ok,0
4814,4.8255429444834235,4946019.4288864685,7,0.11322558828382256,ok,0
4815,4.4980995516859004,3628238.0257701227,19,0.14474699322435447,ok,1
4816,3.29488223111569,2267725.2931199414,33,0.1121966759714379,ok,0
4817,2.9950028024363244,2142731.0761223878,42,0.15601920373401668,ok,1
4818,3.3197410032963912,2267725.2931199414,40,0.10972175277596943,ok,0
4819,11.151798018862193,4084311.4946596459,12,0.11650935307624488,ok,0
4820,5.4352234944823348,4295346.47587616,9,0.086309124876287391,ok,0
4821,5.1074637493927106,3587390.9382613171,22,0.1053929801361323,ok,0
4822,6.649548537835793,3760714.8799440777,18,0.066142347296916371,ok,0
4823,3.3062423788013651,2342560.3317427742,37,0.11210948188022829,ok,0
4824,4.5731991501241183,3807979.6487926161,19,0.069398004339609465,ok,0
4825,5.5095585927294906,3587248.5857517528,21,0.081194045801400105,ok,0
4826,6.3616632583081918,4084148.1041110358,20,0.068090608670141606,ok,0
4827,5.6013886225846337,3712625.0536095561,14,0.13098519630688321,ok,0
4828,7.6233680984974868,3715374.4621791076,19,0.10097565010555787,ok,0
4829,5.6877821110400539,4074634.586109431,17,0.10340172585932716,ok,0
4830,6.1756279427918699,4199308.9113555942,15,0.084012836067996088,ok,0
4831,5.0495406253418178,3805828.5424065772,17,0.075138409746508095,ok,0
4832,3.6561147200314252,2342560.3317427742,40,0.13369091940839728,ok,0
4833,6.8147591440774145,3815271.6135332743,16,0.076459742389014318,ok,0
4834,4.9523876313521278,3728641.0040562712,18,0.061551726134171147,ok,0
4835,16.157769621550855,4232214.4571694499,9,0.079106540126051006,ok,0
4836,5.1856829601050922,3618995.7541196537,20,0.09603243461802935,ok,0
4837,4.7976038964916068,3596878.4570693546,17,0.099234681834926564,ok,0
4838,6.3671163350411746,3604614.4761037137,25,0.072740164218403458,ok,0
4839,5.5445545928722,3594931.1372307059,22,0.12139700826681499,ok,0
4840,7.1959780996197464,3793506.1538188867,21,0.10536296832969305,ok,0
4841,4.9867402915633612,3720883.348171676,16,0.095963488562420096,ok,0
4842,6.9976145343392737,3706722.2585670049,13,0.12762061721223572,ok,0
4843,4.9447318047341202,3628881.0844774335,21,0.13690726023262978,ok,1
4844,8.9835888252855263,3749945.0474545597,18,0.12558145090886641,ok,0
4845,14.322650528500629,4707693.0855081193,6,0.12947855526006835,ok,0
4846,4.135873012751329,2267725.2931199414,42,0.1222172601992596,ok,0
4847,4.9698082880073366,3698716.5998422718,16,0.08538368069846114,ok,0
4848,5.8385829943843248,3721219.4864248717,15,0.11957631886539477,ok,0
4849,4.9333967363216438,3871164.1021148916,14,0.11190189881263776,ok,0
4850,3.8884887904461949,3627128.0516522555,17,0.10037230744265035,ok,0
4851,5.4428868843556435,3626315.2155302833,18,0.11569851380045826,ok,0
4852,5.0736277319582674,3591748.9599807239,22,0.12450657973727752,ok,0
4853,3.9968551537792147,3599726.3550459398,21,0.12164813603830399,ok,0
4854,6.1845672750999841,3744890.0243039615,19,0.066317953313111633,ok,0
4855,6.7504475168531926,4243873.153417076,14,0.070661769146693476,ok,0
4856,6.3311621791962978,3751325.8356456757,12,0.10973143077818037,ok,0
4857,6.488360078027064,3617769.1046810951,20,0.087239802599721694,ok,0
4858,5.5448261991151808,4867448.0937188752,8,0.13154713288855358,ok,0
4859,3.8882760029885821,2342560.3317427742,39,0.14677478809856015,ok,1
4860,4.898753155706717,3596655.5792835252,22,0.11342570888334169,ok,0
4861,6.764757627726774,3893503.0081566414,13,0.074718361785114373,ok,0
4862,3.0353809324275582,2008285.8541831209,40,0.15662574040426519,ok,1
4863,6.2308815565919771,3746588.7886299845,16,0.11278223443461233,ok,0
4864,5.4896736203324359,3694265.7580541996,16,0.082573926721019819,ok,0
4865,5.2866189352626458,4164614.1680583796,11,0.073024016003390924,ok,0
4866,6.8158487047704828,3623327.1483091037,15,0.11510049762003249,ok,0
4867,5.7753157079833528,4054665.0816148459,13,0.11916089482369036,ok,0
4868,3.4886972960106024,2267725.2931199414,39,0.10800097214011056,ok,0
4869,4.6030759508075807,3597581.129608355,19,0.1001193764480186,ok,0
4870,7.8765769358803857,3806877.9224782116,16,0.095882281215328713,ok,0
4871,3.5627935851763324,2267725.2931199414,41,0.11248621487912736,ok,0
4872,9.093536007991796,3651750.7271235799,16,0.076779404225136738,ok,0
4873,5.8194552309766072,3605703.0650031785,23,0.12827992618317652,ok,0
4874,6.4253449451352598,3650870.286070996,18,0.13356849261826065,ok,0
4875,5.4895104188656871,4143013.730968195,8,0.10750853853499198,ok,0
4876,7.7659844184358704,3735132.1654061615,18,0.089250108344260393,ok,0
4877,3.8828702256319816,3701574.0728284479,20,0.13017749439901127,ok,0
4878,6.6278955217511522,4103958.7787081711,11,0.074303402844334121,ok,0
4879,3.9526508421316104,4093958.8967136359,10,0.13214166281028028,ok,0
4880,8.8342380137976022,3597911.0617946712,15,0.11433730853813978,ok,0
4881,7.9784189833081403,4374420.0939970631,13,0.093101105877101076,ok,0
4882,3.9206901334011239,3261364.380769941,24,0.13364797936941025,ok,0
4883,7.776937369567392,4090701.9549695738,14,0.098445110178652095,ok,0
4884,4.6437422930733145,3696185.8420259175,15,0.12285660798522902,ok,0
4885,14.196398788831905,3994570.985853598,14,0.09530790422691704,ok,0
4886,7.3692145999382763,3687991.310255304,17,0.10255903461678118,ok,0
4887,5.8443489915645035,3614346.891787657,18,0.1328543399704174,ok,0
4888,5.2047463765130892,3660047.2331908494,12,0.065039082816272908,ok,0
4889,3.947920061861232,3591466.5849989871,23,0.088357607768423052,ok,0
4890,3.863344587734963,2349511.4431106183,40,0.14010440284203912,ok,1
4891,8.9328847179562132,3883191.4275206276,15,0.080747359806105923,ok,0
4892,5.6025536673047602,3613596.7640593965,21,0.053049473221144394,ok,0
4893,5.3212527666906695,2678205.3747857241,28,0.1088465893515419,ok,0
4894,6.3308144445755916,3586946.2232063287,18,0.10533156216674067,ok,0
4895,14.068036247483258,3606056.3037997629,16,0.066504051283103216,ok,0
4896,5.2603613741629021,3604914.4166654795,22,0.087342228278144252,ok,0
4897,3.1550205083601504,2008285.8541831209,42,0.1236548105654206,ok,0
4898,10.299993162718074,4312212.8208166296,13,0.13016013515096791,ok,0
4899,5.6664031708572331,3590637.0124735855,25,0.10443810208164261,ok,0
4900,5.3433266913291062,3970585.2763202037,15,0.099697893316168545,ok,0
4901,7.337842625468542,4891188.2180015193,10,0.13786248625853981,ok,1
4902,5.9296635500092973,4280086.4266913459,13,0.10255118065229241,ok,0
4903,3.7854898295445856,2267725.2931199414,42,0.11651067485094446,ok,0
4904,4.8129147620323405,2954199.3212936129,32,0.18021793806605735,ok,1
4905,3.8837490252592315,3600673.3013074221,19,0.10496373094716649,ok,0
4906,3.8372444466186515,2267725.2931199414,40,0.12942980611948418,ok,0
4907,6.0866588761035239,3975742.7231588941,14,0.10101990870384961,ok,0
4908,4.0887423625206907,3800019.3368226429,13,0.093536309036769572,ok,0
4909,7.0396318528166981,5683922.9137680065,9,0.12918015205430344,ok,0
4910,3.2648424906290061,4724365.0677098799,7,0.11359423117964729,ok,0
4911,4.3761278188047594,3594517.3330363818,20,0.11256672660019651,ok,0
4912,7.7541447812754711,3673971.6272358457,15,0.094102854294538116,ok,0
4913,6.4623126801167006,3697838.2484248555,23,0.12297313620526762,ok,0
4914,3.948799063657038,2267725.2931199414,44,0.15545225681767372,ok,1
4915,4.908757855479692,3637750.6333872848,20,0.078564111705884176,ok,0
4916,5.811369277995122,3703382.3296614997,22,0.10373640766550851,ok,0
4917,3.0347543746163383,2342560.3317427742,40,0.092668421390937006,ok,0
4918,4.6322504854541435,3708992.7286587609,17,0.070335775198806627,ok,0
4919,6.6856061405138751,5652080.2459258521,7,0.10656243136327082,ok,0
4920,5.7086076257809513,3625820.1486564544,19,0.1016906233784407,ok,0
4921,5.6256374328013043,3589217.5010714997,21,0.13359308501408151,ok,0
4922,5.5901965796549629,4265003.0509498902,16,0.1115565268708103,ok,0
4923,11.861068467603946,4446359.6233394416,8,0.14499069827948208,ok,1
4924,8.2307529874331244,3650972.7142567048,17,0.078078738759383759,ok,0
4925,4.4512369276820243,3742319.2987193451,14,0.079188253851227131,ok,0
4926,4.831606659093425,3615355.5331774261,20,0.092544088489021958,ok,0
4927,5.1050334666169075,2609060.0868099569,33,0.14440624856248674,ok,1
4928,7.5935007674691155,3639514.70006304,21,0.097049101593805864,ok,0
4929,3.340221862158828,2090177.9550635067,42,0.1490515608281564,ok,1
4930,6.2166353035109978,3610849.8852715385,20,0.13989948608956593,ok,1
4931,5.8374014627698507,4094291.9918517889,9,0.078025696889035712,ok,0
4932,6.6750658536289711,4119847.1751669673,11,0.11951410939924112,ok,0
4933,6.6243305322681971,3599000.9854007512,17,0.13335928967824373,ok,0
4934,3.9432274498170887,2267725.2931199414,36,0.11308999345528864,ok,0
4935,3.9451056786047021,2267725.2931199414,40,0.14773764557533453,ok,1
4936,7.2368929611974,3595289.0818745238,19,0.089267005481902917,ok,0
4937,12.259499924743782,5478656.2170853503,8,0.12035444500839332,ok,0
4938,9.9304579762684906,3932913.1530873589,12,0.13872840460317981,ok,1
4939,3.7425648652416785,2581618.0750895645,36,0.14470604471815085,ok,1
4940,5.6989027092094986,3631598.4175984729,17,0.13312496412982389,ok,0
4941,5.3499942072807816,3597107.2216352676,24,0.091963954178382212,ok,0
4942,9.2511373025654837,3923669.8003798393,10,0.15481195985662485,ok,1
4943,5.2438748492252936,3737450.2757115592,17,0.082429262748788368,ok,0
4944,6.7192860090024729,3791332.7374650538,13,0.10709506166089844,ok,0
4945,8.3403548915372578,3760672.1319105742,10,0.10017308750638787,ok,0
4946,4.2698810699435015,2984801.2881630221,29,0.13399351985362679,ok,0
4947,6.8643637225405749,3657608.6621223483,20,0.12928482887452913,ok,0
4948,3.9210499595008401,2581618.0750895645,28,0.12009446744874652,ok,0
4949,5.4161822776863708,3593980.4983567479,18,0.10530873793517548,ok,0
4950,9.4115889866932978,3991972.1134828674,21,0.15987387044857881,ok,1
4951,5.9668800148353354,3645403.1952056941,16,0.11670962772174109,ok,0
4952,6.2593142364400425,3639758.489610414,21,0.08286141013876569,ok,0
4953,3.9039476637178252,2349511.4431106183,34,0.1118126124762906,ok,0
4954,5.8605517353624013,3659893.2988510691,24,0.077403421071906398,ok,0
4955,4.532946524797465,3688518.6064729397,22,0.12218191631899322,ok,0
4956,6.5020489775891841,3646093.5471274653,20,0.11928603618509259,ok,0
4957,4.7028647523712817,3737393.6319690887,17,0.11751175284431936,ok,0
4958,4.0711457170164316,2581618.0750895645,38,0.093073218770585664,ok,0
4959,3.5992272057738335,2142731.0761223878,39,0.12993697965127732,ok,0
4960,5.7219616430601539,3591336.5487606344,18,0.082382559159226987,ok,0
4961,6.3177687338903317,3615538.8282506154,20,0.14198372144103777,ok,1
4962,5.7206725944900407,3725977.0236776322,17,0.10964926714012851,ok,0
4963,5.0279311650485532,3774261.6037456482,17,0.084475264248430881,ok,0
4964,9.5705453816054238,4238494.8067944171,14,0.14415329202224569,ok,1
4965,6.6418704739331549,3607871.5634194906,10,0.086072280867830142,ok,0
4966,6.5606851155476331,3840544.2740905648,18,0.10742691128435677,ok,0
4967,8.3155974101340639,3855162.1290698261,17,0.11968886087554709,ok,0
4968,6.6620364280002686,3761905.8102174238,17,0.083370575985110829,ok,0
4969,3.9139028458203242,2581618.0750895645,36,0.14978107393624507,ok,1
4970,4.5247495394670221,3769212.4165645866,15,0.094124993068586793,ok,0
4971,6.2242717779176031,3601314.5821467061,22,0.12069633678207098,ok,0
4972,7.3431407927967181,4073342.0280305892,16,0.100755828289676,ok,0
4973,11.811246129188202,4626256.7814981919,9,0.11337156880746591,ok,0
4974,7.6262097507531417,4669222.4956894331,10,0.12228154315712986,ok,0
4975,7.406989865645083,3787450.84832901,17,0.095854826797925674,ok,0
4976,6.7229294740652872,3606491.7207727516,19,0.1742256533228369,ok,1
4977,4.1365794388900738,2357307.6858878741,36,0.12264285191379631,ok,0
4978,6.8399739024029742,3608362.4849349405,15,0.12471503918698579,ok,0
4979,5.1519808382867556,3972371.6999616567,10,0.13238172500608569,ok,0
4980,9.651977221131574,4327675.1043113805,11,0.13166372423947925,ok,0
4981,3.574493372448976,2581618.0750895645,40,0.099446564221746581,ok,0
4982,4.6748056347220661,3865939.0308509865,17,0.15474864767320154,ok,1
4983,8.4564855608971232,3598544.5225807349,20,0.14182578160327486,ok,1
4984,2.9516638358825729,2142731.0761223878,42,0.09711146740329224,ok,0
4985,3.881977874417367,2342560.3317427742,43,0.10983940075922627,ok,0
4986,4.8752158205637057,3639175.8637664733,21,0.12951644330633783,ok,0
4987,3.8904208140430927,2678205.3747857241,35,0.11576524018270379,ok,0
4988,6.857283950369764,3889499.1810370544,19,0.13529840036471286,ok,0
4989,6.6466520404677754,3608966.9409878571,24,0.11885728146186247,ok,0
4990,4.4948714450779415,3717094.386007261,23,0.081854953895044186,ok,0
4991,4.8089893225847078,3613231.4751323969,22,0.14319709554172089,ok,1
4992,6.6773458116283892,3643011.268709491,15,0.098180340513448039,ok,0
4993,4.624326657869366,3635888.1337026921,17,0.12279883050724594,ok,0
4994,3.6255171701067348,2267725.2931199414,40,0.13677963835636042,ok,1
4995,5.2508136226864943,3602620.3125837068,18,0.12734247416635291,ok,0
4996,5.6054273473168568,3586201.6414348832,22,0.13851932387648691,ok,1
4997,6.7419157272873775,3610404.2399837943,17,0.09437996681291394,ok,0
4998,5.1220046000557486,3685222.4923023814,21,0.05602119148168816,ok,0
4999,4.108102887754729,3611016.7629259531,24,0.081206572147082823,ok,0
5000,9.1535984661339125,4015500.0814652639,12,0.14720251800402162,ok,1
