replicate,xmin,alpha,distance,status,fit_noise_flag,pl_in_range,pl_noise_flag,exceeds_observed
1,2350940.4044707846,2.9937100467822804,0.08006907785080308,ok,False,True,False,0
2,2357375.0686763045,2.980576592147064,0.07946172052531102,ok,False,True,False,0
3,1711514.164844361,2.9366750867038833,0.22823659730176477,ok,False,True,False,1
4,2305036.1995957396,2.9799282666479865,0.11868810775608862,ok,False,True,False,0
5,1691752.0450769467,2.7484565189019525,0.24561442800656305,ok,False,True,False,1
6,2015906.9151421192,2.7387957623289787,0.05999143487081032,ok,False,True,False,0
7,3028347.8257225435,2.9847862010868442,0.10792384302770708,ok,False,True,False,0
8,2549349.9238297516,2.9772585591508554,0.0980495139962212,ok,False,True,False,0
9,2083412.0403948582,2.837412539502821,0.055352852943902686,ok,False,True,False,0
10,2058813.1602274426,2.754953203668194,0.0582916606617548,ok,False,True,False,0
11,1711514.164844361,2.8029857239937392,0.19430181266972005,ok,False,True,False,1
12,1691752.0450769467,2.832491427998824,0.2086155216098314,ok,False,True,False,1
13,2373115.7763229464,2.983438414258014,0.0690327376764874,ok,False,True,False,0
14,2252666.871471678,2.988780848318595,0.07537116917191045,ok,False,True,False,0
15,2032280.0611363791,2.9156684531462416,0.09439633181600937,ok,False,True,False,0
16,2042171.0335387636,2.6141468892052453,0.1457030693617397,ok,False,True,False,0
17,2533747.574923969,2.9752402024347973,0.09128934246784653,ok,False,True,False,0
18,1691752.0450769467,2.951149523194245,0.25218044092127895,ok,False,True,False,1
19,2014407.575693556,2.8009655670137183,0.09431097985195125,ok,False,True,False,0
20,2173882.706119261,2.9688021179374458,0.09346561166636713,ok,False,True,False,0
21,2022475.649682575,2.902879648033247,0.10688460073176753,ok,False,True,False,0
22,2008327.8202812166,2.94235836202518,0.09054080794976638,ok,False,True,False,0
23,2078630.1581669431,2.9584704236707635,0.08965853915249444,ok,False,True,False,0
24,1691752.0450769467,2.8414387893943216,0.21093108136669014,ok,False,True,False,1
25,3467287.447641052,2.997205375520733,0.08067312958973116,ok,False,True,False,0
26,4011473.126205301,2.9165872182779786,0.1315978868640434,ok,False,True,False,0
27,2946320.6512339744,2.9332721011649276,0.10415725742276105,ok,False,True,False,0
28,2038742.9466071457,2.8403237458962027,0.06258436727525352,ok,False,True,False,0
29,2133169.182846919,2.810804283293432,0.09998546394780233,ok,False,True,False,0
30,1711514.164844361,2.727851025471384,0.2329098599416273,ok,False,True,False,1
31,1691752.0450769467,2.579110630639639,0.2670854501536056,ok,False,True,False,1
32,2015713.8512633392,2.5152368687253683,0.10986325113354822,ok,False,True,False,0
33,2583570.711657372,2.9870048592127127,0.05740359598439693,ok,False,True,False,0
34,1691752.0450769467,2.602598947536179,0.25418830660338604,ok,False,True,False,1
35,1691752.0450769467,2.7127568016616865,0.25688357023775465,ok,False,True,False,1
36,2075086.1352450387,2.887725977423199,0.06551906309990241,ok,False,True,False,0
37,2818422.5851833043,2.857487534363505,0.0890664467343088,ok,False,True,False,0
38,2249427.8356390498,2.99590595226244,0.08780959881429962,ok,False,True,False,0
39,2023006.5175739601,2.7717242989819773,0.061002947135779695,ok,False,True,False,0
40,1691752.0450769467,2.9750727691722343,0.2237976671653435,ok,False,True,False,1
41,1691752.0450769467,2.6770444380816696,0.22573645717982505,ok,False,True,False,1
42,1691752.0450769467,2.654586508918819,0.19775928817520835,ok,False,True,False,1
43,2250754.4312580577,2.9741684451218626,0.04799854969401163,ok,False,True,False,0
44,2035987.5999127591,2.851109093866303,0.0692631038177739,ok,False,True,False,0
45,2267347.85461352,2.4168383387004564,0.05840209280300834,ok,False,True,False,0
46,2031492.4538112842,2.7855108349616597,0.07103718269665049,ok,False,True,False,0
47,2423092.8144228877,2.6890722199811297,0.07515553283892551,ok,False,True,False,0
48,1691752.0450769467,2.7403027774984006,0.201697855189185,ok,False,True,False,1
49,2972613.804548347,2.375015837430966,0.11017437222882909,ok,False,True,False,0
50,2288188.0416683434,2.9995730179958455,0.10316656762960186,ok,False,True,False,0
51,1691752.0450769467,2.64240541980363,0.2109036012409662,ok,False,True,False,1
52,1636214.7916851614,2.6413583654026933,0.2527343942562528,ok,False,True,False,1
53,2024505.5270774032,2.6552072608778916,0.09095123459574961,ok,False,True,False,0
54,3076017.101593142,2.9066475200975703,0.19221517524745058,ok,False,True,False,1
55,2934876.681439495,2.320029339702668,0.08714524966210457,ok,False,True,False,0
56,2523272.382272075,2.5923725206760517,0.05719056981427362,ok,False,True,False,0
57,2803456.931734447,2.9382888966657674,0.09912847468892105,ok,False,True,False,0
58,1691752.0450769467,2.815146858936592,0.2532539880515939,ok,False,True,False,1
59,2354941.382298505,2.647511156171187,0.08547981572378394,ok,False,True,False,0
60,2022886.5641334406,2.974299186391915,0.08104266265266169,ok,False,True,False,0
61,2089704.4892027027,2.972721719796236,0.10756144496620412,ok,False,True,False,0
62,2125895.4267283296,2.98837727909432,0.045957814629451255,ok,False,True,False,0
63,2235653.9467926193,2.9635868382078234,0.07394623624875651,ok,False,True,False,0
64,2019473.8117985355,2.8421346085178865,0.08686417287786896,ok,False,True,False,0
65,3402523.2189403404,2.1087721827561428,0.2083392199993136,ok,False,True,False,1
66,1691752.0450769467,2.739940055649006,0.23077647753778757,ok,False,True,False,1
67,2325833.7649213555,2.859412397511386,0.08654625906476276,ok,False,True,False,0
68,1636214.7916851614,2.601980239935707,0.26709540619709105,ok,False,True,False,1
69,3368793.032543534,2.9936102860514833,0.10944742545403191,ok,False,True,False,0
70,2085404.3108800906,2.9565249466203003,0.0946761317798972,ok,False,True,False,0
71,3483799.6178213404,2.920728675173457,0.1294719813238887,ok,False,True,False,0
72,2015101.972269097,2.7691269649075156,0.096580179371891,ok,False,True,False,0
73,3286611.3088463205,2.783545820437571,0.10312532875811065,ok,False,True,False,0
74,2165905.092380741,2.647530635224137,0.07592954494008242,ok,False,True,False,0
75,2383830.123589727,2.6278083795225813,0.07837934272677083,ok,False,True,False,0
76,3700051.127313761,2.932144157256003,0.13425534947001433,ok,False,True,False,0
77,2026207.9630394045,2.632117901196886,0.07979958533745268,ok,False,True,False,0
78,2035673.937000905,2.996868618161302,0.11896236563253382,ok,False,True,False,0
79,2074665.1954607926,2.8560345229469095,0.08458744561901588,ok,False,True,False,0
80,2517002.783221206,2.596977003198732,0.08163186732025474,ok,False,True,False,0
81,3078246.6012719707,2.9972975280371976,0.1225824542562533,ok,False,True,False,0
82,1636214.7916851614,2.697911028190676,0.2511612574914562,ok,False,True,False,1
83,2268933.9161078646,2.9700372574726197,0.09478743365690448,ok,False,True,False,0
84,2069383.847259023,2.959550810795103,0.10700182178312515,ok,False,True,False,0
85,2046939.134744533,2.746887552026137,0.07564538333181825,ok,False,True,False,0
86,2008759.026354675,2.9949535350620886,0.14182528550898055,ok,False,True,False,0
87,1711514.164844361,2.6501485364122344,0.22434192203142803,ok,False,True,False,1
88,1691752.0450769467,2.622381864986938,0.2421614235712387,ok,False,True,False,1
89,2624094.6495540626,2.9730175504034646,0.15014904739112572,ok,False,True,False,0
90,2129624.235967077,2.995866465575636,0.1750460924767705,ok,False,True,False,1
91,2893266.4268301073,2.962011576063605,0.11253857853402222,ok,False,True,False,0
92,2978469.9244150426,2.328384879743474,0.11846887761042796,ok,False,True,False,0
93,2392799.0648248037,2.6493792525285946,0.07346494390285363,ok,False,True,False,0
94,2105518.7952772193,2.9753336161336277,0.14318325827972062,ok,False,True,False,0
95,1484707.709926356,2.5379199929240017,0.3534860905535905,ok,False,True,False,1
96,1691752.0450769467,2.6891294126059035,0.1955024807523583,ok,False,True,False,1
97,2442231.933057759,2.860412915989534,0.0924765687140936,ok,False,True,False,0
98,4404847.563073925,2.951037488863514,0.10613757983252192,ok,False,True,False,0
99,3247378.4859393686,2.9736879919548613,0.1588360900953476,ok,False,True,False,0
100,2050147.2055055564,2.8297798623539063,0.08156056893376451,ok,False,True,False,0
101,1636214.7916851614,2.9894646501038125,0.26975243728390835,ok,False,True,False,1
102,1636214.7916851614,2.671468407028837,0.28718725389470795,ok,False,True,False,1
103,2053161.8441035529,2.6732344978885103,0.056160895836071645,ok,False,True,False,0
104,2430700.7096674806,2.7879010691377557,0.09931390000305629,ok,False,True,False,0
105,2053429.8657938458,2.506836751476992,0.07458663563825804,ok,False,True,False,0
106,2117135.822905909,2.8814174699950312,0.08785200955096728,ok,False,True,False,0
107,1484707.709926356,2.3725021674444644,0.3212080082014854,ok,False,True,False,1
108,2009457.9078877345,2.772244826423451,0.06886408866124616,ok,False,True,False,0
109,2012280.803794065,2.784945033590619,0.08660060001471892,ok,False,True,False,0
110,1691752.0450769467,2.6971095028679795,0.18721227263381596,ok,False,True,False,1
111,2341190.0440525794,2.5285511336055517,0.06077210509162523,ok,False,True,False,0
112,1711514.164844361,2.8175366164615694,0.24714948961295027,ok,False,True,False,1
113,2030181.7208832223,2.819307544956886,0.07268454026182236,ok,False,True,False,0
114,4574998.650555829,2.8982441531189442,0.1096411980215104,ok,False,True,False,0
115,2044578.2706640668,2.9365078008147165,0.06391697002718955,ok,False,True,False,0
116,2613114.6778346268,2.736613516861497,0.0649188437371202,ok,False,True,False,0
117,2548953.8085605986,2.9730181261194213,0.16433989865226695,ok,False,True,False,0
118,2171062.3260696786,2.473575520377369,0.07077042900246933,ok,False,True,False,0
119,3469692.0532726636,2.9925710498366724,0.09284115479086685,ok,False,True,False,0
120,1691752.0450769467,2.659128419796596,0.24882195953364097,ok,False,True,False,1
121,2601298.4880109797,2.984935255968251,0.1697743831358268,ok,False,True,False,0
122,2115330.621206747,2.8252071921193025,0.08362970702275252,ok,False,True,False,0
123,2020837.1739794263,2.5774370163720066,0.08257664388191921,ok,False,True,False,0
124,3459606.6850851704,2.87549528370413,0.05556622536104605,ok,False,True,False,0
125,2018874.5923875214,2.5095736842005323,0.09439528221775717,ok,False,True,False,0
126,1636214.7916851614,2.7019097935742336,0.22107856546950838,ok,False,True,False,1
127,1636214.7916851614,2.9251951814388266,0.26404785078468446,ok,False,True,False,1
128,2748165.911421024,2.826289467414461,0.07576070341504126,ok,False,True,False,0
129,2035572.4887864846,2.6362618244822964,0.0640137524811833,ok,False,True,False,0
130,2036074.037959,2.902259154606474,0.1767624362373218,ok,False,True,False,1
131,2011033.4815951455,2.4563964345676434,0.07653312790561406,ok,False,True,False,0
132,2020019.9497582042,2.81870234608987,0.13028503016492077,ok,False,True,False,0
133,3482849.7580044796,2.9961501888274626,0.1027299371842566,ok,False,True,False,0
134,2691639.7594599132,2.962790992195513,0.07792786938753979,ok,False,True,False,0
135,2453706.066157651,2.916122109512094,0.07099601340717421,ok,False,True,False,0
136,1711514.164844361,2.6762114914858337,0.20431500097520067,ok,False,True,False,1
137,2065805.7221753628,2.9152680706458396,0.17076222338610597,ok,False,True,False,0
138,3351411.0569867617,2.984671799414315,0.21739180275048842,ok,False,True,False,1
139,2016388.8689026025,2.8683503158189714,0.07159964442291655,ok,False,True,False,0
140,1691752.0450769467,2.760213305017336,0.23210055955704695,ok,False,True,False,1
141,2013666.6421767212,2.7434494277078074,0.07595463009682779,ok,False,True,False,0
142,3359322.2842543703,2.898717451515343,0.14457892465490207,ok,False,True,False,0
143,2543881.3974529025,2.9952964470249865,0.08149950106566484,ok,False,True,False,0
144,2166264.18560127,2.965197916166966,0.08177223935447053,ok,False,True,False,0
145,3790167.6952278824,2.9370436877179396,0.22728481770430609,ok,False,True,False,1
146,3363997.990670232,2.182048996431244,0.10480390813793772,ok,False,True,False,0
147,2028164.3022387803,2.948978274861785,0.05673137085938473,ok,False,True,False,0
148,2159149.8929484566,2.9835783698456146,0.09531141547718835,ok,False,True,False,0
149,1484707.709926356,2.7203011857004142,0.2871790452551176,ok,False,True,False,1
150,2068507.3652280218,2.999226233472691,0.15620904331725322,ok,False,True,False,0
151,1636214.7916851614,2.496720725229839,0.2565528745899081,ok,False,True,False,1
152,5202577.755097307,2.7764250640598984,0.29428003361009114,ok,False,True,False,1
153,2200960.270410655,2.7927894812450478,0.06168964621126127,ok,False,True,False,0
154,1636214.7916851614,2.773287904366865,0.23551130883725005,ok,False,True,False,1
155,1711514.164844361,2.7288191310551135,0.2226376072726467,ok,False,True,False,1
156,2328296.704170834,2.9848276288667055,0.06754730028865175,ok,False,True,False,0
157,2369696.684007271,2.97831674216008,0.09729049440602475,ok,False,True,False,0
158,1711514.164844361,2.7442180702510015,0.23734448447705842,ok,False,True,False,1
159,2157735.7497388823,2.81948008026882,0.04708616016047806,ok,False,True,False,0
160,1691752.0450769467,2.602616265893982,0.20826693526675139,ok,False,True,False,1
161,2489112.8410221017,2.6162964650404614,0.08644411452655426,ok,False,True,False,0
162,2122029.4846064583,2.9817204150406944,0.1171236883133282,ok,False,True,False,0
163,2508737.0991285876,2.9903328356567282,0.04797021093897813,ok,False,True,False,0
164,1691752.0450769467,2.8151354325200084,0.25613776035131897,ok,False,True,False,1
165,2138544.7465589275,2.8993804036509,0.13643028985681682,ok,False,True,False,0
166,1691752.0450769467,2.620577796279364,0.20406402368853377,ok,False,True,False,1
167,3509710.728303157,2.9623208958369953,0.09649315253998947,ok,False,True,False,0
168,2020610.340866337,2.8898027556739967,0.1474809940277111,ok,False,True,False,0
169,2378845.9558220874,2.7906899538124588,0.07189887598622835,ok,False,True,False,0
170,3350885.045443182,2.1456961879046053,0.0729194783077356,ok,False,True,False,0
171,2234459.94231371,2.974714861547615,0.09968587260926276,ok,False,True,False,0
172,2015629.2200709651,2.961069462112971,0.07891445349088594,ok,False,True,False,0
173,2650513.1323510334,2.3538680041905384,0.1052632606347319,ok,False,True,False,0
174,2064715.3575084072,2.995855452266041,0.07759006630562615,ok,False,True,False,0
175,2016739.6660340813,2.989770947626229,0.08654031575670373,ok,False,True,False,0
176,2011294.160681678,2.9371632941776626,0.10228833809807591,ok,False,True,False,0
177,2032931.397891552,2.8792817920922253,0.05331574470537598,ok,False,True,False,0
178,2110655.585896725,2.850889160163115,0.06082116491286871,ok,False,True,False,0
179,2082452.5139497882,2.877639954841735,0.07859479922423063,ok,False,True,False,0
180,2466891.405160126,2.9465267666487183,0.08017651194247778,ok,False,True,False,0
181,2037892.616985874,2.696763850668007,0.0783318783815048,ok,False,True,False,0
182,2026420.797738682,2.950027482440381,0.0838374190710034,ok,False,True,False,0
183,1691752.0450769467,2.5327067870053988,0.23357792691890725,ok,False,True,False,1
184,2042782.450675813,2.6303278040672193,0.12417863437427779,ok,False,True,False,0
185,2026540.8462915167,2.9444420921443073,0.0720978239411893,ok,False,True,False,0
186,2105292.5861268067,2.89524085105945,0.04908713437500112,ok,False,True,False,0
187,2145779.235680932,2.7247838478247886,0.05186584902781477,ok,False,True,False,0
188,2020349.4030362319,2.8472745363138525,0.08443587081502324,ok,False,True,False,0
189,2854442.617187172,2.994901635403068,0.17360949463642006,ok,False,True,False,1
190,2012819.4129869447,2.5438835552007344,0.08305960626397935,ok,False,True,False,0
191,1636214.7916851614,2.900678986194357,0.20403170117345015,ok,False,True,False,1
192,3624068.68664746,2.592816820827284,0.12243415168137894,ok,False,True,False,0
193,3028267.312317867,2.6485429068176893,0.09301259840933522,ok,False,True,False,0
194,2612954.0144089744,2.9766450984953954,0.07609483264372285,ok,False,True,False,0
195,2036461.3967258737,2.8314093680696724,0.05617155928683645,ok,False,True,False,0
196,2167261.2811061037,2.8491263351348763,0.07803704896648123,ok,False,True,False,0
197,2332926.011052976,2.8672904359966562,0.061462989476806396,ok,False,True,False,0
198,1711514.164844361,2.615996668687442,0.19973274348076148,ok,False,True,False,1
199,2022427.8409002142,2.951274966775329,0.08680144169989712,ok,False,True,False,0
200,1711514.164844361,2.7869942883181977,0.2297960248869096,ok,False,True,False,1
201,2789276.297263883,2.979298846624314,0.12796968560776556,ok,False,True,False,0
202,2548458.9487032914,2.9848659782102507,0.11496628115253182,ok,False,True,False,0
203,1711514.164844361,2.8026478436387,0.21022913591811432,ok,False,True,False,1
204,1636214.7916851614,2.792019386385266,0.2651744670813656,ok,False,True,False,1
205,1636214.7916851614,2.57577157320083,0.28289200827096295,ok,False,True,False,1
206,1636214.7916851614,2.987755650089737,0.25566537987517357,ok,False,True,False,1
207,2050741.0787068885,2.648879402972873,0.09700834726041907,ok,False,True,False,0
208,2084420.2788835876,2.9886352068862676,0.0832701503543336,ok,False,True,False,0
209,2018565.3478893186,2.962228500111631,0.06582459559190557,ok,False,True,False,0
210,2711219.088787545,2.920324452996781,0.07395328720950735,ok,False,True,False,0
211,1391604.936285155,2.3730158403090016,0.33522419756026833,ok,False,True,False,1
212,2199364.60771621,2.974851439236738,0.1019211101376325,ok,False,True,False,0
213,1484707.709926356,2.335113510722563,0.3149134341912261,ok,False,True,False,1
214,2031053.87970659,2.9121374078133204,0.09082715287071036,ok,False,True,False,0
215,2258005.810170963,2.83277215803327,0.07315941345326454,ok,False,True,False,0
216,2046182.0883130764,2.9434489293140467,0.05845600662532463,ok,False,True,False,0
217,1691752.0450769467,2.6491913889923904,0.24677555734852974,ok,False,True,False,1
218,2101092.87075337,2.996741417091453,0.0817786191710328,ok,False,True,False,0
219,1636214.7916851614,2.4020628277468226,0.2852222886517924,ok,False,True,False,1
220,3108022.018364806,2.9558332475166464,0.18091791482203096,ok,False,True,False,1
221,2276421.68027953,2.9990540586576335,0.09929679425526627,ok,False,True,False,0
222,2120508.0577421645,2.985644279311928,0.0919803036969693,ok,False,True,False,0
223,2266131.315506722,2.6022160234666893,0.07626261980522786,ok,False,True,False,0
224,2882543.9420707626,2.9613021550657503,0.13411454351606522,ok,False,True,False,0
225,2033269.306484734,2.8923590973488507,0.1836060180674979,ok,False,True,False,1
226,2228973.817924037,2.819591923963302,0.07161566887835802,ok,False,True,False,0
227,2025282.9939709175,2.856831813175188,0.11427089806513058,ok,False,True,False,0
228,2289635.2269912926,2.85344116689644,0.05377633624976341,ok,False,True,False,0
229,1636214.7916851614,2.744771555710509,0.2449204347705109,ok,False,True,False,1
230,1636214.7916851614,2.6965158482560354,0.24958832021780164,ok,False,True,False,1
231,2138600.30379935,2.8845524953855968,0.0927972933779807,ok,False,True,False,0
232,3570591.498694033,2.7971751585120255,0.12015012461477569,ok,False,True,False,0
233,2154873.3989733635,2.9754421711595853,0.12952110665272543,ok,False,True,False,0
234,2066117.6751114444,2.993149427403757,0.09368351305652234,ok,False,True,False,0
235,1691752.0450769467,2.689137754025027,0.24047618728254855,ok,False,True,False,1
236,2051839.2855189913,2.6574057737274384,0.08834223466762692,ok,False,True,False,0
237,1691752.0450769467,2.648572439588346,0.24360844887512653,ok,False,True,False,1
238,1691752.0450769467,2.697218749256905,0.2578949446464952,ok,False,True,False,1
239,1691752.0450769467,2.656832751858494,0.20602439466705677,ok,False,True,False,1
240,2078384.5158947532,2.980614853589516,0.0797533442513072,ok,False,True,False,0
241,2009056.4826416285,2.63090643053358,0.13521243957911944,ok,False,True,False,0
242,1691752.0450769467,2.6769733673404397,0.2618233197481337,ok,False,True,False,1
243,3031761.0235267454,2.639944546492128,0.0643689943262773,ok,False,True,False,0
244,2825443.557154274,2.96871483587675,0.13356621982195416,ok,False,True,False,0
245,1636214.7916851614,2.923969806144658,0.24458638735038665,ok,False,True,False,1
246,2146009.02649794,2.946334586186509,0.08305647187991594,ok,False,True,False,0
247,1711514.164844361,2.6343902457678867,0.21610058543189062,ok,False,True,False,1
248,2016847.4860376674,2.971088533446851,0.13627695104128587,ok,False,True,False,0
249,1636214.7916851614,2.65851778129018,0.2288976334101605,ok,False,True,False,1
250,2264161.6790302363,2.637639383499562,0.05221014845211158,ok,False,True,False,0
251,2142875.8460250525,2.8860938052674117,0.09955947133588428,ok,False,True,False,0
252,2051080.1742055106,2.9035692104822943,0.0701988862474816,ok,False,True,False,0
253,2040149.6049798857,2.9453976528479107,0.08250738688622528,ok,False,True,False,0
254,3781250.3080452182,2.912247072186263,0.09416159204799346,ok,False,True,False,0
255,2033370.08818316,2.844614647501173,0.08077201580517412,ok,False,True,False,0
256,2039253.6277089005,2.943947663274038,0.07843337327376809,ok,False,True,False,0
257,2012757.572548719,2.6055649630143805,0.11157766963340288,ok,False,True,False,0
258,1691752.0450769467,2.791572458168144,0.23065181294584225,ok,False,True,False,1
259,2278461.761046022,2.792741102555812,0.06029409025449339,ok,False,True,False,0
260,2065123.3825080893,2.819714683773708,0.06721553264926228,ok,False,True,False,0
261,2845520.0613324395,2.8705540751121448,0.09542751893623783,ok,False,True,False,0
262,2046440.1317917944,2.893836518564556,0.08621712727293762,ok,False,True,False,0
263,2063037.9734442562,2.702319766394883,0.0475179427623188,ok,False,True,False,0
264,2016752.2910301895,2.601503813585899,0.09296317579588531,ok,False,True,False,0
265,1711514.164844361,2.743452035687003,0.20459411500419586,ok,False,True,False,1
266,4442916.448655067,2.8188415901325348,0.181073931718017,ok,False,True,False,1
267,2047539.904392759,2.988022006350171,0.12485214094765351,ok,False,True,False,0
268,2023263.9739326716,2.951563757814842,0.10193517867315122,ok,False,True,False,0
269,1691752.0450769467,2.756759923006469,0.20608043444563265,ok,False,True,False,1
270,3549014.6585057257,2.9990812019682958,0.06872239186544493,ok,False,True,False,0
271,1691752.0450769467,2.9832298149631242,0.2195821286318227,ok,False,True,False,1
272,2078909.2817453784,2.793080730277631,0.07779921828237879,ok,False,True,False,0
273,2081363.2096835866,2.5795095285137135,0.08473111749599327,ok,False,True,False,0
274,2234618.5619620294,2.756703686468912,0.0792869191035922,ok,False,True,False,0
275,2140540.064937156,2.978630132080334,0.07633377909468786,ok,False,True,False,0
276,3046048.4811327388,2.9676056184200523,0.1241198197498532,ok,False,True,False,0
277,1636214.7916851614,2.9097945044639095,0.24316392901806982,ok,False,True,False,1
278,1691752.0450769467,2.700993925256146,0.24595822348344423,ok,False,True,False,1
279,1691752.0450769467,2.6856835886734953,0.17135539628866242,ok,False,True,False,1
280,1711514.164844361,2.633653624753431,0.19804281173065652,ok,False,True,False,1
281,1484707.709926356,2.5665174165985363,0.20401207079867023,ok,False,True,False,1
282,2021284.2135544464,2.759294785962144,0.09429480030362225,ok,False,True,False,0
283,2104391.277880243,2.864202852540155,0.09032079974298174,ok,False,True,False,0
284,3370055.3178974865,2.9035137656650996,0.2108104320565129,ok,False,True,False,1
285,2040853.4447867575,2.7210476661014713,0.0883898282045471,ok,False,True,False,0
286,1691752.0450769467,2.7476592883838524,0.24492080198344063,ok,False,True,False,1
287,1691752.0450769467,2.816523425785841,0.1591346214284423,ok,False,True,False,0
288,3024597.398575637,2.7851932953143885,0.05767780714708859,ok,False,True,False,0
289,2315395.9511575554,2.951888902263396,0.11278319987908703,ok,False,True,False,0
290,2429857.975576542,2.9705470488406847,0.06398242582359182,ok,False,True,False,0
291,2075109.2762259133,2.6448000593259087,0.059778331692812325,ok,False,True,False,0
292,2019829.9207976034,2.9549556291066015,0.056478894849394334,ok,False,True,False,0
293,2558654.320508415,2.9520648502801343,0.12304772084156423,ok,False,True,False,0
294,2895237.622268017,2.6077934832883574,0.07059090758364406,ok,False,True,False,0
295,2023063.6431790092,2.8919689114837377,0.05795610234204773,ok,False,True,False,0
296,1636214.7916851614,2.7961585029183214,0.18842380131799086,ok,False,True,False,1
297,2249255.578304951,2.367594555608132,0.06449306875157168,ok,False,True,False,0
298,2026928.9783491194,2.8720384831804706,0.14733063500863774,ok,False,True,False,0
299,2593863.0255817785,2.382040495452606,0.07521124271489454,ok,False,True,False,0
300,1691752.0450769467,2.6840230904880613,0.20221686796842758,ok,False,True,False,1
301,2345897.308656984,2.8847059470231198,0.09705145936023504,ok,False,True,False,0
302,1636214.7916851614,2.617022356933462,0.26689473069240693,ok,False,True,False,1
303,2013331.5602155952,2.821998991312512,0.10093561460331224,ok,False,True,False,0
304,2159618.0481096427,2.9855146654241,0.12215788046545853,ok,False,True,False,0
305,2455089.5293540764,2.639197900999334,0.08911284838250844,ok,False,True,False,0
306,1691752.0450769467,2.8394874063513265,0.20716127868888828,ok,False,True,False,1
307,1484707.709926356,2.415110507292593,0.32345410599827734,ok,False,True,False,1
308,2097301.1689386414,2.9569747186610957,0.08010387989236634,ok,False,True,False,0
309,3106763.138131821,2.773185462653121,0.11362767638992544,ok,False,True,False,0
310,2087085.829891832,2.6565121401345158,0.08464678062479036,ok,False,True,False,0
311,3546316.8379871827,2.4361514480372386,0.06611594903017215,ok,False,True,False,0
312,2322424.318339861,2.985812531318245,0.14865362472159604,ok,False,True,False,0
313,2639002.9343482326,2.9407536338085274,0.09170706538461826,ok,False,True,False,0
314,2055936.5516701029,2.8257585662570746,0.1164927861422494,ok,False,True,False,0
315,1691752.0450769467,2.643075755863247,0.22826557359765326,ok,False,True,False,1
316,2352205.44286669,2.879179471144761,0.04365791342781644,ok,False,True,False,0
317,1691752.0450769467,2.5882270387419353,0.23666978005913203,ok,False,True,False,1
318,2009503.3120304628,2.9814329488346027,0.16725107960383467,ok,False,True,False,0
319,2094164.748758867,2.994416339165117,0.09696830062086026,ok,False,True,False,0
320,1636214.7916851614,2.7075360447963805,0.16718365440702218,ok,False,True,False,0
321,2013400.7316715606,2.8167920986192216,0.0917190999968659,ok,False,True,False,0
322,2044933.6088541532,2.8118553198547502,0.10612533077095587,ok,False,True,False,0
323,2025501.7300567057,2.9892665314631834,0.10493750042216543,ok,False,True,False,0
324,2220840.153016558,2.9920648093768105,0.11291512655048902,ok,False,True,False,0
325,1636214.7916851614,2.735103872875054,0.23852984582160472,ok,False,True,False,1
326,2722664.9510267815,2.96137426683992,0.09336986913220724,ok,False,True,False,0
327,2010152.783245267,2.9680374840124015,0.06421105840721886,ok,False,True,False,0
328,2017486.606093497,2.9987304541581095,0.08655563947544986,ok,False,True,False,0
329,2046336.3863578276,2.91617097564486,0.11263948426879361,ok,False,True,False,0
330,1636214.7916851614,2.903678239412451,0.18689950408062386,ok,False,True,False,1
331,2727421.193205369,2.926601351884713,0.10512655811228411,ok,False,True,False,0
332,1691752.0450769467,2.590761688685611,0.21897067973579068,ok,False,True,False,1
333,2811715.7212684187,2.9024320733832027,0.07969440631679803,ok,False,True,False,0
334,2018401.8564172084,2.9695424659243956,0.07339459019562677,ok,False,True,False,0
335,2025664.9309667838,2.9955144645198772,0.09912851511194154,ok,False,True,False,0
336,2228485.066990098,2.9754816874155914,0.12103819413216527,ok,False,True,False,0
337,2050534.392938255,2.949681911279189,0.08770461982269512,ok,False,True,False,0
338,2011028.448977964,2.7689450618598435,0.1056374832095483,ok,False,True,False,0
339,1636214.7916851614,2.8434810460888897,0.1600657308949564,ok,False,True,False,0
340,3142720.968628864,2.493969807925135,0.09183022282032749,ok,False,True,False,0
341,2117223.621382462,2.9638376981838594,0.06433118460011256,ok,False,True,False,0
342,1636214.7916851614,2.7918999184883164,0.32422139807290973,ok,False,True,False,1
343,2021992.6425476226,2.9148923600682144,0.06956998694536043,ok,False,True,False,0
344,1636214.7916851614,2.645969034899049,0.18930090963017285,ok,False,True,False,1
345,1636214.7916851614,2.6567239777840204,0.2599656414451928,ok,False,True,False,1
346,2062535.6948940132,2.8016851615016387,0.08106983104905086,ok,False,True,False,0
347,2380923.2760369675,2.9331345720166495,0.08060431462399786,ok,False,True,False,0
348,1484707.709926356,2.32213746962522,0.31386675893397853,ok,False,True,False,1
349,2091161.4135864042,2.9934756469106016,0.08761220189244145,ok,False,True,False,0
350,1691752.0450769467,2.6752464762597166,0.22896157342653423,ok,False,True,False,1
351,3048457.3506923155,2.94600072698664,0.126929793010648,ok,False,True,False,0
352,1691752.0450769467,2.8355011820054887,0.22247398535144522,ok,False,True,False,1
353,2280690.837823916,2.9711776442955244,0.1170547275847581,ok,False,True,False,0
354,2189968.6544250385,2.980450431361887,0.13788481068685104,ok,False,True,False,0
355,3496423.1429174705,2.9922738040725805,0.15068554396134526,ok,False,True,False,0
356,2241021.256700426,2.627076365274716,0.07589326351879344,ok,False,True,False,0
357,2411718.3133769077,2.8461142637550374,0.0731299257275434,ok,False,True,False,0
358,2191823.048060236,2.9731683831820552,0.12312058385868824,ok,False,True,False,0
359,1711514.164844361,2.6663670587898958,0.24620526282293426,ok,False,True,False,1
360,2015007.508738901,2.3762445323552766,0.09038102499131484,ok,False,True,False,0
361,2027198.4171190918,2.9939145202011233,0.11449252371609084,ok,False,True,False,0
362,1691752.0450769467,2.930371508200218,0.2600705634838001,ok,False,True,False,1
363,2082457.2841952054,2.873910754814167,0.1354630917847366,ok,False,True,False,0
364,2036225.145656431,2.7773567993212653,0.06308190873556757,ok,False,True,False,0
365,1484707.709926356,2.7633869569342417,0.2464128282474077,ok,False,True,False,1
366,1691752.0450769467,2.7852082644845884,0.24375037023802082,ok,False,True,False,1
367,1636214.7916851614,2.745630956304659,0.22481130541434105,ok,False,True,False,1
368,1691752.0450769467,2.8875920863288806,0.23863001386315358,ok,False,True,False,1
369,2602446.259862144,2.7701786635484167,0.08044094236156596,ok,False,True,False,0
370,2101897.5483096745,2.6036684255308975,0.08895478204412932,ok,False,True,False,0
371,1711514.164844361,2.684477807442268,0.2040357890648548,ok,False,True,False,1
372,2943812.71516531,2.3471578270859794,0.09707846910813156,ok,False,True,False,0
373,1691752.0450769467,2.835089521036594,0.27701821642146585,ok,False,True,False,1
374,2121145.710693135,2.9319539831994605,0.07947898557857308,ok,False,True,False,0
375,2029007.3388616384,2.9348004377979864,0.07305841060987162,ok,False,True,False,0
376,1691752.0450769467,2.6329642946180156,0.24594175499420534,ok,False,True,False,1
377,2769700.1588476193,2.8484600748978552,0.053074914296418974,ok,False,True,False,0
378,3907363.896708236,2.9536560482002425,0.12476579580160863,ok,False,True,False,0
379,1636214.7916851614,2.8000179758839465,0.19340845197443787,ok,False,True,False,1
380,2023842.7515608983,2.827414721424359,0.09284113728748006,ok,False,True,False,0
381,2042303.4946270906,2.886454258738533,0.13258632969402373,ok,False,True,False,0
382,1711514.164844361,2.5434899896754324,0.24385163185960984,ok,False,True,False,1
383,2081887.636490569,2.9736387012764833,0.08299611589556866,ok,False,True,False,0
384,2098454.3683732576,2.99826771656255,0.0686478326212896,ok,False,True,False,0
385,2035713.2374113447,2.973414114710372,0.09854776386968284,ok,False,True,False,0
386,4263448.925138006,2.7820990868574773,0.1925213177841748,ok,False,True,False,1
387,2033420.8349694181,2.9990917205148118,0.09076695486015207,ok,False,True,False,0
388,1691752.0450769467,2.4274431823922025,0.1333753085026781,ok,False,True,False,0
389,2029091.7826158097,2.9686409966957017,0.14076197568676307,ok,False,True,False,0
390,2039691.075929246,2.939824817426839,0.0879087958634597,ok,False,True,False,0
391,3113735.3057300397,2.620483583082666,0.04902524213624493,ok,False,True,False,0
392,3020006.42729652,2.7101444839699353,0.1377958452446325,ok,False,True,False,0
393,2036963.4602411247,2.982930862113024,0.0861645794009237,ok,False,True,False,0
394,5929373.22293358,2.8865757422584526,0.141928673334342,ok,False,True,False,0
395,3447427.378022107,2.981056058909114,0.12656548522199534,ok,False,True,False,0
396,1484707.709926356,2.6554624751827944,0.3555305313053819,ok,False,True,False,1
397,2128384.48086731,2.977722353675336,0.11266050918287851,ok,False,True,False,0
398,2109300.6962932996,2.986396451467746,0.09340052219523642,ok,False,True,False,0
399,2579516.851637873,2.9752805975771133,0.10899502800535632,ok,False,True,False,0
400,3073151.650366472,2.5556572768375903,0.08867626229880443,ok,False,True,False,0
401,1636214.7916851614,2.8260851540853347,0.20866949916030317,ok,False,True,False,1
402,1711514.164844361,2.6820165097611834,0.21787005420743713,ok,False,True,False,1
403,2009051.06145912,2.979099968413255,0.13277552840930507,ok,False,True,False,0
404,3649781.2877863804,2.9721981021072112,0.10026790023836296,ok,False,True,False,0
405,2113691.713494019,2.963925456253934,0.07621132491671928,ok,False,True,False,0
406,2008582.226866386,2.850152761829825,0.05841977169166179,ok,False,True,False,0
407,2130824.305769895,2.7277320285167574,0.0888368359285322,ok,False,True,False,0
408,4663293.971548941,2.999905792826297,0.06877760133243827,ok,False,True,False,0
409,2018902.9193942384,2.9758497045601766,0.07603999706359554,ok,False,True,False,0
410,1691752.0450769467,2.944549659916287,0.20401131676017098,ok,False,True,False,1
411,1711514.164844361,2.8277045038260815,0.25296588839371376,ok,False,True,False,1
412,2286985.3081855965,2.9790691817455888,0.13219609627676254,ok,False,True,False,0
413,4825630.353460768,2.738233846708349,0.26570123523943223,ok,False,True,False,1
414,2024505.7800906627,2.893357586060725,0.12442835706021832,ok,False,True,False,0
415,1691752.0450769467,2.742735874932885,0.24700258243192147,ok,False,True,False,1
416,2411859.9122346365,2.5477239222419135,0.05084578238039117,ok,False,True,False,0
417,2037305.084856702,2.5769408579167,0.05515628550682017,ok,False,True,False,0
418,1711514.164844361,2.72909058323522,0.2306628262095166,ok,False,True,False,1
419,1711514.164844361,2.8245836902939785,0.20720531460337785,ok,False,True,False,1
420,2334589.2134447847,2.985764864576974,0.0608799486915077,ok,False,True,False,0
421,2135036.118695176,2.996908275076759,0.061061320421433085,ok,False,True,False,0
422,1711514.164844361,2.8568299078531814,0.2709672689060437,ok,False,True,False,1
423,1691752.0450769467,2.8694775808420294,0.2321581483954212,ok,False,True,False,1
424,2014089.4312656936,2.993557276019625,0.07100014879988614,ok,False,True,False,0
425,1691752.0450769467,2.9605012661827907,0.22782099137015863,ok,False,True,False,1
426,3468660.275813921,2.639825805020844,0.053600870359372665,ok,False,True,False,0
427,2035857.302265607,2.98555049412551,0.06960646807319099,ok,False,True,False,0
428,3424954.654808921,2.651784715159645,0.060503598632190236,ok,False,True,False,0
429,2098452.5601779134,2.8062090132226936,0.11697361805703399,ok,False,True,False,0
430,2051529.394150821,2.9963085839587023,0.06496390784151307,ok,False,True,False,0
431,2142506.8661884815,2.885198176791933,0.08069240117510684,ok,False,True,False,0
432,2283601.4729609755,2.9908888189782106,0.10038326051951241,ok,False,True,False,0
433,3071914.7684304304,2.973200242266469,0.09892631748023217,ok,False,True,False,0
434,2016352.722814674,2.8417350982988747,0.06920800400138394,ok,False,True,False,0
435,2377192.0733436886,2.9922544769256127,0.07087467861084884,ok,False,True,False,0
436,2061434.389633914,2.931585185422853,0.08226559370420083,ok,False,True,False,0
437,2731819.352396393,2.46262145207844,0.0967039524382769,ok,False,True,False,0
438,3297788.477124297,2.9612376444793647,0.14000635775067094,ok,False,True,False,0
439,2537451.096556656,2.957344465792754,0.17044427919813698,ok,False,True,False,0
440,1484707.709926356,2.6272756164321587,0.3080768768254526,ok,False,True,False,1
441,2058335.4355405727,2.7971348785266983,0.08678889280450108,ok,False,True,False,0
442,2385859.7829032717,2.940846266842614,0.16902006298689828,ok,False,True,False,0
443,2160196.223636166,2.954807483249129,0.08016986771513414,ok,False,True,False,0
444,897540.1852786447,1.9461270248366245,0.4138099552089228,ok,False,True,False,1
445,2047614.2177516227,2.824109936979131,0.1388845010190416,ok,False,True,False,0
446,2018270.2440206436,2.723646867374649,0.10635189001401474,ok,False,True,False,0
447,1691752.0450769467,2.850968371544636,0.27169873745023426,ok,False,True,False,1
448,2034908.5271694781,2.9654214299024773,0.08608388621909843,ok,False,True,False,0
449,3812849.380762766,2.775647091700958,0.10534245490162791,ok,False,True,False,0
450,2541120.83052816,2.9940058070741893,0.078908533763964,ok,False,True,False,0
451,2111877.01623118,2.7465917332558254,0.08368753606823887,ok,False,True,False,0
452,1691752.0450769467,2.6173123666531484,0.20870638826607726,ok,False,True,False,1
453,1711514.164844361,2.7395255965547127,0.1620753048470599,ok,False,True,False,0
454,2816167.989137178,2.9974029241600713,0.11955028301720194,ok,False,True,False,0
455,2018047.0945947417,2.7776520701597525,0.09898728022945524,ok,False,True,False,0
456,2923162.1365385037,2.7220768608294352,0.08519763161887095,ok,False,True,False,0
457,2012825.3453502448,2.9808497483885823,0.1346165601802995,ok,False,True,False,0
458,2017393.1539981414,2.876113890843891,0.07609677586629171,ok,False,True,False,0
459,2053473.855391863,2.893539472928297,0.08664568964267977,ok,False,True,False,0
460,1711514.164844361,2.757241826452244,0.24459626389182984,ok,False,True,False,1
461,1691752.0450769467,2.9340576920909065,0.2734549733493375,ok,False,True,False,1
462,2027347.4544002411,2.8793786265782915,0.11720458367511466,ok,False,True,False,0
463,2061788.541429919,2.5557531145965298,0.07451725750048499,ok,False,True,False,0
464,2012731.9505514107,2.671761070318656,0.1120270309131498,ok,False,True,False,0
465,1691752.0450769467,2.9122819207205755,0.2359680656372122,ok,False,True,False,1
466,2033122.262895422,2.8572975730902725,0.17447452990487422,ok,False,True,False,1
467,2293675.472203929,2.99802339869861,0.11584660148886194,ok,False,True,False,0
468,3990165.580952212,2.9899951008521377,0.12241265218040032,ok,False,True,False,0
469,1636214.7916851614,2.912601303167449,0.28104966721146,ok,False,True,False,1
470,2008930.629128687,2.836198148928479,0.11590069619121324,ok,False,True,False,0
471,2779341.839168185,2.8490725811812005,0.12376506538605714,ok,False,True,False,0
472,1691752.0450769467,2.743432189726981,0.2227814424303171,ok,False,True,False,1
473,2064981.9983654544,2.9584922956044624,0.09936440984114478,ok,False,True,False,0
474,2916983.457890796,2.957432357727602,0.1360660879453331,ok,False,True,False,0
475,2015660.5809134278,2.838171476452992,0.11985981051914751,ok,False,True,False,0
476,3503196.545798881,2.9677682996364565,0.22041018274162943,ok,False,True,False,1
477,2078085.736763845,2.8907614898704903,0.09084452472917415,ok,False,True,False,0
478,2708298.1378389783,2.961120198853042,0.11574932680917938,ok,False,True,False,0
479,2029324.8723990312,2.9284085178642068,0.11433484500872593,ok,False,True,False,0
480,2078451.2355766548,2.5381391320092344,0.07228013600606165,ok,False,True,False,0
481,2074420.4344398498,2.936858226107103,0.07357664965494604,ok,False,True,False,0
482,2081195.2849778633,2.9960611963121506,0.07773366344159205,ok,False,True,False,0
483,4022610.01218862,2.981599409349867,0.07979314679905525,ok,False,True,False,0
484,2060185.6775543946,2.9424505953585456,0.09104223654742477,ok,False,True,False,0
485,2898312.4034409868,2.92752474853913,0.15883452509297485,ok,False,True,False,0
486,2044939.1772869695,2.6201400391160408,0.13656443838207522,ok,False,True,False,0
487,2649077.8644930045,2.9906283271740213,0.12565591631934503,ok,False,True,False,0
488,4644485.12202172,2.9107345500361537,0.1775752223235454,ok,False,True,False,1
489,2045172.1377534624,2.984746634623364,0.08111799097632633,ok,False,True,False,0
490,2026892.3807525875,2.8817749929883627,0.09067431928529279,ok,False,True,False,0
491,1691752.0450769467,2.9620741641127957,0.22723553611887468,ok,False,True,False,1
492,2756044.236518818,2.3879898618572546,0.08962886779282642,ok,False,True,False,0
493,1636214.7916851614,2.5224400701088343,0.23593096958466617,ok,False,True,False,1
494,2297872.068950606,2.9428060851832902,0.046800827587713145,ok,False,True,False,0
495,1711514.164844361,2.6762639473945176,0.20273891711087808,ok,False,True,False,1
496,2155513.14969002,2.691700983949654,0.07383961941386907,ok,False,True,False,0
497,2894381.0152620315,2.9397954037742995,0.08968412167702156,ok,False,True,False,0
498,2075080.308301261,2.97005409958978,0.08206550945372368,ok,False,True,False,0
499,2197738.8454438415,2.9653389217779327,0.11853193724714961,ok,False,True,False,0
500,1691752.0450769467,2.7393897890368093,0.22174294093455302,ok,False,True,False,1
501,1691752.0450769467,2.5863196284470775,0.22380406522533225,ok,False,True,False,1
502,1691752.0450769467,2.692704569284772,0.24284870102313577,ok,False,True,False,1
503,1636214.7916851614,2.822196905273331,0.22874891734833075,ok,False,True,False,1
504,2154723.09066057,2.977495643871709,0.054407868311980745,ok,False,True,False,0
505,2013782.8254909543,2.761235354463622,0.07512730723893346,ok,False,True,False,0
506,2642030.6310328236,2.981313548816013,0.11041809057094676,ok,False,True,False,0
507,2107146.3132200525,2.8345964860114954,0.08154343140733339,ok,False,True,False,0
508,1636214.7916851614,2.793590555547803,0.21805590981725836,ok,False,True,False,1
509,2022581.5297364485,2.78711527987444,0.09963550490205075,ok,False,True,False,0
510,2008736.04230027,2.8213856592049624,0.11177584387940454,ok,False,True,False,0
511,1484707.709926356,2.797077151370206,0.27687201361349,ok,False,True,False,1
512,2062873.1669915398,2.995483975606514,0.07731001515358982,ok,False,True,False,0
513,1711514.164844361,2.7696566315976274,0.2410302468793279,ok,False,True,False,1
514,3468957.0200139717,2.6019581948391375,0.14006887139411517,ok,False,True,False,0
515,2209284.173455305,2.9876167179518607,0.17971139688298254,ok,False,True,False,1
516,2058527.1598284189,2.96668494328842,0.12934612959177114,ok,False,True,False,0
517,2229224.5654042554,2.987595469701013,0.07349997612507847,ok,False,True,False,0
518,2029254.7742256396,2.874470679141975,0.1487805818952163,ok,False,True,False,0
519,2342932.997320942,2.985598306957022,0.08819786620055403,ok,False,True,False,0
520,2475001.8637519595,2.9782803742157986,0.07801523838394686,ok,False,True,False,0
521,2660321.200109453,2.9823035191843097,0.09591957081676139,ok,False,True,False,0
522,2614267.5355159165,2.9329492932428223,0.0692531778737864,ok,False,True,False,0
523,5396381.4131538775,2.824367768413448,0.1725793927415019,ok,False,True,False,1
524,3710637.2311488343,2.0961134871970533,0.09741882092428877,ok,False,True,False,0
525,1711514.164844361,2.605289227484511,0.22144694501946763,ok,False,True,False,1
526,2012360.2733151556,2.9195907314292158,0.1313183232991662,ok,False,True,False,0
527,3508996.56008464,2.90118051044133,0.13352967658471693,ok,False,True,False,0
528,2026184.862512064,2.99691543923832,0.10212006617859082,ok,False,True,False,0
529,1691752.0450769467,2.9246082419439072,0.23837381918714245,ok,False,True,False,1
530,1691752.0450769467,2.9607399863304344,0.2483859567710047,ok,False,True,False,1
531,2022275.5302639224,2.639125471245377,0.11677500009702546,ok,False,True,False,0
532,2011560.9380757757,2.760388260147006,0.083801481770166,ok,False,True,False,0
533,2021665.1803064714,2.9899906324543926,0.09661519723230727,ok,False,True,False,0
534,2809394.7590355286,2.848654683067103,0.14050243194209333,ok,False,True,False,0
535,2262290.1469587195,2.9990571414186133,0.11518600093643735,ok,False,True,False,0
536,2619890.783053635,2.9691761385438236,0.10657553259940397,ok,False,True,False,0
537,2504713.440940202,2.9806685791553345,0.10050579638167789,ok,False,True,False,0
538,1636214.7916851614,2.941349884198428,0.2764222812192718,ok,False,True,False,1
539,1691752.0450769467,2.5324700950229855,0.24211119897117966,ok,False,True,False,1
540,2008878.0684563338,2.9190816232713095,0.10093573699713931,ok,False,True,False,0
541,2572116.3630633443,2.4934390882918835,0.09999195447932796,ok,False,True,False,0
542,1636214.7916851614,2.604520129627125,0.2638774831856884,ok,False,True,False,1
543,2042033.2315226463,2.9130744689914114,0.05111542333157548,ok,False,True,False,0
544,2593223.270634953,2.996849039090182,0.1491344649939561,ok,False,True,False,0
545,2083245.6667909087,2.871456137077998,0.07967738508674982,ok,False,True,False,0
546,2072807.0376246425,2.979883935475894,0.08333081040057266,ok,False,True,False,0
547,3305602.368983053,2.949912719564642,0.17313531819050243,ok,False,True,False,1
548,2612900.3823194928,2.9255893170654157,0.11960040640689296,ok,False,True,False,0
549,1636214.7916851614,2.727687374822757,0.24075254904496907,ok,False,True,False,1
550,1711514.164844361,2.752082623453888,0.22301659451094016,ok,False,True,False,1
551,2231899.7848953614,2.9975664574847496,0.11509137911465145,ok,False,True,False,0
552,1636214.7916851614,2.7031962800335285,0.20039553790822462,ok,False,True,False,1
553,2008489.3990685728,2.750617516877198,0.06804273061924815,ok,False,True,False,0
554,2458011.6345085497,2.9792367662781,0.09525067113481556,ok,False,True,False,0
555,2022235.8668565592,2.573903088694606,0.070719671968137,ok,False,True,False,0
556,1711514.164844361,2.830926956720565,0.21638534627834,ok,False,True,False,1
557,2018269.6124705933,2.7350885574541905,0.07531556958528862,ok,False,True,False,0
558,1691752.0450769467,2.5916444533254146,0.24676190557112732,ok,False,True,False,1
559,3207389.6505922587,2.9742232920844502,0.1055749366278056,ok,False,True,False,0
560,2970031.152412246,2.0450331244947293,0.08484756223942475,ok,False,True,False,0
561,1636214.7916851614,2.8892079556157553,0.2351194103217713,ok,False,True,False,1
562,1691752.0450769467,2.862386367708861,0.21181903662373724,ok,False,True,False,1
563,1711514.164844361,2.8949950326237963,0.2344082405797094,ok,False,True,False,1
564,3183158.9813224673,2.91362198705806,0.10424646423428591,ok,False,True,False,0
565,1691752.0450769467,2.8377566483420913,0.2691093345812808,ok,False,True,False,1
566,4072938.1674530944,2.865285787080842,0.17275967061636854,ok,False,True,False,1
567,2068168.4963873683,2.874331992894028,0.06791797397854937,ok,False,True,False,0
568,2382258.066469497,2.785384722064321,0.0432946449557059,ok,False,True,False,0
569,1691752.0450769467,2.652653231120427,0.23210617770625408,ok,False,True,False,1
570,1691752.0450769467,2.61671017651216,0.21631511675144455,ok,False,True,False,1
571,2128934.372218439,2.9757456381783696,0.06112849855876079,ok,False,True,False,0
572,4202284.334839632,2.919848889258169,0.20451858580992166,ok,False,True,False,1
573,3700098.908201672,2.9966937009013837,0.09084963097299514,ok,False,True,False,0
574,2264740.9998461967,2.9536511814001543,0.08008066457324314,ok,False,True,False,0
575,4956413.147190316,2.9014397232695437,0.08757817810621227,ok,False,True,False,0
576,1484707.709926356,2.464533732327468,0.32576750172540714,ok,False,True,False,1
577,2013577.1362635691,2.537765359705097,0.09277795396225097,ok,False,True,False,0
578,2338661.6597161256,2.7715738862532326,0.06598226866643264,ok,False,True,False,0
579,2085131.0867733313,2.7356028039601643,0.0745595228493364,ok,False,True,False,0
580,2045720.4288085494,2.6545337523477794,0.09237577983621315,ok,False,True,False,0
581,1636214.7916851614,2.669232694805313,0.24277716143217656,ok,False,True,False,1
582,1691752.0450769467,2.6077220344541883,0.23612461246467079,ok,False,True,False,1
583,2008382.5447898214,2.6170413977134195,0.07217823376220756,ok,False,True,False,0
584,2027693.1631278116,2.6958244126029434,0.05671421576036417,ok,False,True,False,0
585,3016361.6170249865,2.996424026204429,0.0860676931920833,ok,False,True,False,0
586,2182778.547219318,2.9152751312591025,0.10942232921712958,ok,False,True,False,0
587,1691752.0450769467,2.8854945186358867,0.2492154479467162,ok,False,True,False,1
588,1636214.7916851614,2.5718570342476497,0.25655643934253686,ok,False,True,False,1
589,2428538.366178731,2.982630933038881,0.11239404186362045,ok,False,True,False,0
590,2030737.8013320973,2.7552817840266046,0.0924084911247392,ok,False,True,False,0
591,2050275.244030328,2.622729848032868,0.08025855268166704,ok,False,True,False,0
592,1691752.0450769467,2.619183424929866,0.23235591039275444,ok,False,True,False,1
593,2254298.7701088428,2.6217002633591484,0.06003024471753937,ok,False,True,False,0
594,2145266.1045250315,2.975347483479445,0.05001120987346619,ok,False,True,False,0
595,3190022.915734813,2.877541948963897,0.1870928728036677,ok,False,True,False,1
596,2115778.890702456,2.9697647080035985,0.08031613577823715,ok,False,True,False,0
597,2593928.97761411,2.970176173363282,0.09521937211428783,ok,False,True,False,0
598,2010351.102844216,2.7936060928761233,0.10085384024096272,ok,False,True,False,0
599,2027313.8978588027,2.432249373255423,0.04757081078079184,ok,False,True,False,0
600,1711514.164844361,2.8110648474493285,0.23379934883670828,ok,False,True,False,1
601,1636214.7916851614,2.7731579850901102,0.19791926947449803,ok,False,True,False,1
602,2027642.751682531,2.9630846852203074,0.10922079310983579,ok,False,True,False,0
603,2017091.6276209825,2.76606505834515,0.09421901895680429,ok,False,True,False,0
604,2204380.6227711225,2.9922974238066606,0.09233460526807602,ok,False,True,False,0
605,3318365.380919112,2.142303186539712,0.09396931105891393,ok,False,True,False,0
606,2255911.275771529,2.9773295965179916,0.17397829516136415,ok,False,True,False,1
607,2113517.0135020083,2.9353083998034304,0.061680875478037134,ok,False,True,False,0
608,2026963.9204611615,2.6889757843941773,0.056980023647868694,ok,False,True,False,0
609,2087831.3357941336,2.9153433271900733,0.09132114097232624,ok,False,True,False,0
610,1691752.0450769467,2.7634874136870637,0.2132670126222444,ok,False,True,False,1
611,1711514.164844361,2.6642775061286104,0.2162816050858704,ok,False,True,False,1
612,1691752.0450769467,2.575102994747795,0.23077166828350865,ok,False,True,False,1
613,4159675.908143484,2.9172580887595423,0.12052949391866302,ok,False,True,False,0
614,1691752.0450769467,2.7172074274538147,0.15671739457338363,ok,False,True,False,0
615,2018892.743473686,2.9284091614506926,0.1914792254337375,ok,False,True,False,1
616,3137909.5700751804,2.996892433497326,0.13825309704762578,ok,False,True,False,0
617,2350001.203740829,2.985288860352573,0.18979293865210828,ok,False,True,False,1
618,2019559.7876345364,2.7717973061462935,0.08245276259493334,ok,False,True,False,0
619,1691752.0450769467,2.610903879649482,0.24383071611658746,ok,False,True,False,1
620,1484707.709926356,2.5078166701107842,0.34866709220931513,ok,False,True,False,1
621,2294909.707309502,2.7469251101234105,0.04759919653871758,ok,False,True,False,0
622,2024650.1052386933,2.9417573280144405,0.10396992021839202,ok,False,True,False,0
623,2557994.084617548,2.9294975766038727,0.0863692591665125,ok,False,True,False,0
624,2090476.218370132,2.9824844890482227,0.06217886694356878,ok,False,True,False,0
625,1691752.0450769467,2.6434811552644613,0.22308519545310956,ok,False,True,False,1
626,2531970.682464765,2.75795186525591,0.0674912101445374,ok,False,True,False,0
627,2013980.9765482957,2.818180911393968,0.0820683796206102,ok,False,True,False,0
628,1691752.0450769467,2.7540381711779074,0.20118474255550095,ok,False,True,False,1
629,1691752.0450769467,2.9874757934187697,0.24469118313952548,ok,False,True,False,1
630,2032063.236195222,2.726570116709604,0.10129446720952484,ok,False,True,False,0
631,2082501.558394656,2.823284024989804,0.06796886512135103,ok,False,True,False,0
632,1691752.0450769467,2.8651566066761793,0.23845907586857998,ok,False,True,False,1
633,2041939.7613645361,2.5297503826666548,0.11792863808199217,ok,False,True,False,0
634,1691752.0450769467,2.6920864278624332,0.22037801693817446,ok,False,True,False,1
635,1691752.0450769467,2.8993820993987347,0.21588462124140204,ok,False,True,False,1
636,1691752.0450769467,2.8185849062853086,0.181758202632125,ok,False,True,False,1
637,2925236.743172368,2.960663279298007,0.2022014451042316,ok,False,True,False,1
638,2033199.30918607,2.7914195558891963,0.10847719084475077,ok,False,True,False,0
639,2010653.4441723262,2.8089012310024364,0.08492808372024341,ok,False,True,False,0
640,2018410.4825773374,2.92614893535731,0.10205851896879037,ok,False,True,False,0
641,2145674.786511003,2.7339480325840735,0.08678014222763075,ok,False,True,False,0
642,2013085.2753042823,2.7977458415207983,0.07990821222299416,ok,False,True,False,0
643,1636214.7916851614,2.6586538426552675,0.2557093810903593,ok,False,True,False,1
644,2056846.4673263482,2.9809029915970613,0.09044559102367566,ok,False,True,False,0
645,1391604.936285155,2.250672674785606,0.349956031839064,ok,False,True,False,1
646,2100156.3424075563,2.622461543656751,0.09081407876303604,ok,False,True,False,0
647,1636214.7916851614,2.412158886498691,0.1260069070763425,ok,False,True,False,0
648,2987318.450916805,2.810942976962986,0.09991643220047264,ok,False,True,False,0
649,1691752.0450769467,2.744769833242832,0.2109645299806108,ok,False,True,False,1
650,2036665.2274118064,2.9704111699897138,0.07219593918276346,ok,False,True,False,0
651,2038944.2636374831,2.9526746334627294,0.06334284507843885,ok,False,True,False,0
652,2019928.2972928693,2.9967533471923407,0.09814628644631351,ok,False,True,False,0
653,2098582.2380469856,2.926717247417014,0.05433408914959659,ok,False,True,False,0
654,2031516.4342481878,2.966816217096585,0.09055046774780218,ok,False,True,False,0
655,4907665.112126429,2.82681870874965,0.18927352544889264,ok,False,True,False,1
656,1391604.936285155,2.5801748293263653,0.3176220724942851,ok,False,True,False,1
657,2542917.7433994324,2.9989110831803107,0.12761521288205335,ok,False,True,False,0
658,2953592.979296663,2.8314613737054266,0.1410035803449261,ok,False,True,False,0
659,2053368.952733832,2.789619021106554,0.0505914679182915,ok,False,True,False,0
660,1636214.7916851614,2.709888191967475,0.25415380298256374,ok,False,True,False,1
661,4131601.635731511,2.8444710411762237,0.07837260631719462,ok,False,True,False,0
662,2034718.400243239,2.757757962831079,0.047953117391183686,ok,False,True,False,0
663,1711514.164844361,2.704702244435608,0.24215133451506113,ok,False,True,False,1
664,2031888.9201404324,2.711528207033937,0.0925035719527757,ok,False,True,False,0
665,1691752.0450769467,2.73307982059743,0.1940876485928644,ok,False,True,False,1
666,2082644.4151775364,2.578456343882134,0.10401888690461586,ok,False,True,False,0
667,2228099.743200465,2.998448530706874,0.1145500493594073,ok,False,True,False,0
668,2669626.2590179523,2.6262288025764287,0.08154183746938592,ok,False,True,False,0
669,3543969.2298682425,2.9826453104297244,0.11667552629210265,ok,False,True,False,0
670,4036325.4901860724,2.9990019187214987,0.1994951021360798,ok,False,True,False,1
671,2922802.393342439,2.951385364237529,0.17685696823912933,ok,False,True,False,1
672,5212890.071858036,2.4980563470858654,0.10188915017742495,ok,False,True,False,0
673,1691752.0450769467,2.6973075758872236,0.2143423784377831,ok,False,True,False,1
674,2020632.5385342864,2.978250683115015,0.07613084811425339,ok,False,True,False,0
675,1636214.7916851614,2.805280319665424,0.23420134395633427,ok,False,True,False,1
676,2443946.2199922437,2.983713719879286,0.07655346177674327,ok,False,True,False,0
677,2043762.9557414674,2.930420439460616,0.059494305582266205,ok,False,True,False,0
678,1691752.0450769467,2.648696873205048,0.22557229460665487,ok,False,True,False,1
679,1711514.164844361,2.7761523346668455,0.22686137700211387,ok,False,True,False,1
680,1636214.7916851614,2.611526435456569,0.21891742766365982,ok,False,True,False,1
681,1711514.164844361,2.6056925607844876,0.20357662394679144,ok,False,True,False,1
682,2158329.0201886073,2.6960610930230677,0.09117567931621517,ok,False,True,False,0
683,4592113.642784768,2.8742305638745678,0.17337500882126122,ok,False,True,False,1
684,2767418.9049711362,2.986789610958044,0.13162879273015304,ok,False,True,False,0
685,1636214.7916851614,2.611739104098334,0.2685857794124704,ok,False,True,False,1
686,4344318.040848655,2.178061170803434,0.06965533556609849,ok,False,True,False,0
687,2009514.5360873393,2.6161627467834907,0.09004655014309615,ok,False,True,False,0
688,2034673.0533964196,2.9648416868449,0.06090128086865676,ok,False,True,False,0
689,2060496.878746388,2.906944898967004,0.08295390853577145,ok,False,True,False,0
690,2084150.3572545564,2.9762369827859336,0.11195998023469661,ok,False,True,False,0
691,3540474.900455691,2.754265523050395,0.09201772867401459,ok,False,True,False,0
692,2053627.68331991,2.69137465115345,0.11667507854939496,ok,False,True,False,0
693,1691752.0450769467,2.6462157665236967,0.24095381029947766,ok,False,True,False,1
694,3568085.2625551093,2.841362645079745,0.15306857308439492,ok,False,True,False,0
695,2114530.325030309,2.985500639069219,0.13155934325891805,ok,False,True,False,0
696,2441909.7660961724,2.9814183415090145,0.17870447878623497,ok,False,True,False,1
697,2372077.2256652056,2.955689025771515,0.06435003121002905,ok,False,True,False,0
698,1691752.0450769467,2.719202558167562,0.21517760673745256,ok,False,True,False,1
699,1691752.0450769467,2.634052771798718,0.23369952979197378,ok,False,True,False,1
700,2367828.234170344,2.8265722769087382,0.05954983655423577,ok,False,True,False,0
701,2958462.9807459037,2.9453437359773558,0.15938508072601953,ok,False,True,False,0
702,2732020.3734045606,2.8953846283777818,0.050096163337952415,ok,False,True,False,0
703,2830940.168685613,2.9983632282225656,0.12940729640847037,ok,False,True,False,0
704,1691752.0450769467,2.58471138725879,0.22629824380012256,ok,False,True,False,1
705,2430356.057528382,2.9438517919633673,0.09818981622665612,ok,False,True,False,0
706,1711514.164844361,2.665152025595206,0.19424192752489017,ok,False,True,False,1
707,1711514.164844361,2.726458643836766,0.27857341618479653,ok,False,True,False,1
708,2031696.1258114045,2.9864879091296994,0.12880727428286332,ok,False,True,False,0
709,2345491.960121591,2.983376889172625,0.11048252009441811,ok,False,True,False,0
710,2027574.4242751834,2.9418791032692555,0.08460883557483989,ok,False,True,False,0
711,2020425.9802849365,2.74332581178035,0.11261897140302457,ok,False,True,False,0
712,2307361.596858153,2.5769076755785028,0.051742798829509384,ok,False,True,False,0
713,3638666.1688261693,2.788326840051356,0.14295352707725872,ok,False,True,False,0
714,1636214.7916851614,2.8501062773877126,0.19799211741299225,ok,False,True,False,1
715,1691752.0450769467,2.7598711242830936,0.22246077692258787,ok,False,True,False,1
716,2028514.5319044727,2.868884206822772,0.09535320940446684,ok,False,True,False,0
717,2269275.8130385377,2.9937348084439854,0.1613766092956903,ok,False,True,False,0
718,2138796.1783459117,2.3377832680905937,0.045786648384035566,ok,False,True,False,0
719,2362433.4470879463,2.6356967587530127,0.08827024419481222,ok,False,True,False,0
720,2071016.4542799753,2.823120556502934,0.051408994000496505,ok,False,True,False,0
721,2137162.951698926,2.9610226024465804,0.09184904592241808,ok,False,True,False,0
722,2515376.8856587624,2.918787777264716,0.08654093736484986,ok,False,True,False,0
723,1691752.0450769467,2.7619121744116315,0.23852376129234643,ok,False,True,False,1
724,2559477.039362518,2.909026315567497,0.07761678244407816,ok,False,True,False,0
725,2023514.1882858898,2.764636969084412,0.09929182835384032,ok,False,True,False,0
726,1691752.0450769467,2.826785420876202,0.21469765625441092,ok,False,True,False,1
727,2077011.7994145171,2.49357206959241,0.04945275659218462,ok,False,True,False,0
728,1691752.0450769467,2.7553443869477148,0.2937881608449346,ok,False,True,False,1
729,2096611.8112827,2.911788018306546,0.07219981928631303,ok,False,True,False,0
730,2393955.828765384,2.6030447640017185,0.08006243516333689,ok,False,True,False,0
731,5712686.028552636,2.90611877937226,0.08619215534343794,ok,False,True,False,0
732,2017033.9933191708,2.6442772004023967,0.11736972507409515,ok,False,True,False,0
733,2048596.4880067043,2.9800042308462116,0.06757648952770245,ok,False,True,False,0
734,2114922.335698797,2.9660976851226915,0.06872501025690003,ok,False,True,False,0
735,2009494.0176559112,2.797192768557501,0.05855706392442189,ok,False,True,False,0
736,2028679.7977027681,2.8342568937082993,0.09734701505693133,ok,False,True,False,0
737,2009007.225215338,2.779857162972733,0.1037800464548726,ok,False,True,False,0
738,3049233.5184898153,2.5767058697199396,0.07255377114464623,ok,False,True,False,0
739,3166899.9808239085,2.578963132309804,0.06211856952546391,ok,False,True,False,0
740,2579365.1327370005,2.997641393391046,0.09823259889188052,ok,False,True,False,0
741,1636214.7916851614,2.6541288286478384,0.26649023810919176,ok,False,True,False,1
742,4154708.777099582,2.843468641674418,0.25281983115472073,ok,False,True,False,1
743,2192108.413994818,2.954328805488692,0.19388398903287202,ok,False,True,False,1
744,2086541.000164497,2.986207243755916,0.06839140218589534,ok,False,True,False,0
745,2076106.2767365258,2.938560081297051,0.07021489341584869,ok,False,True,False,0
746,2028186.9842164079,2.8769336056823516,0.10038059241652808,ok,False,True,False,0
747,2048803.6117894026,2.692463963659204,0.08917419490640899,ok,False,True,False,0
748,3629274.633286381,2.575430310598085,0.17123617619389886,ok,False,True,False,0
749,2704656.2005362287,2.8087618328361716,0.13753937549208645,ok,False,True,False,0
750,2047616.8422039598,2.7783648382925534,0.07785956168991093,ok,False,True,False,0
751,2029997.8580645432,2.6589829005555066,0.07836830389954719,ok,False,True,False,0
752,2036476.980240207,2.8343916906029154,0.09840907086240391,ok,False,True,False,0
753,4223741.917089705,2.7611547141974646,0.19003775985439544,ok,False,True,False,1
754,1636214.7916851614,2.7320280517036433,0.25671068976853734,ok,False,True,False,1
755,2027146.1312482017,2.6497238648366546,0.07198148910830227,ok,False,True,False,0
756,2018294.883550716,2.972303226267319,0.09695703872741246,ok,False,True,False,0
757,2363554.8248345153,2.9775620992356036,0.07927281039702125,ok,False,True,False,0
758,2019427.469886532,2.845359464035415,0.04689495479468897,ok,False,True,False,0
759,2034209.5077023318,2.855446654331727,0.06668110542942063,ok,False,True,False,0
760,3584363.812896167,2.9390626699510642,0.11334040521718403,ok,False,True,False,0
761,1636214.7916851614,2.796907596802776,0.24290414479749764,ok,False,True,False,1
762,3274788.0127719287,2.8996392026159095,0.08404085007619788,ok,False,True,False,0
763,2020389.5905596414,2.61427160029414,0.066583484042601,ok,False,True,False,0
764,1711514.164844361,2.8069010771790848,0.23848322967361527,ok,False,True,False,1
765,3212806.9705723017,2.6281679543588363,0.10508102701752775,ok,False,True,False,0
766,2030315.3455840356,2.7266497305899122,0.11841738534628787,ok,False,True,False,0
767,1636214.7916851614,2.8889360771021533,0.2718240974281394,ok,False,True,False,1
768,1636214.7916851614,2.6553977210227675,0.1751232472435477,ok,False,True,False,1
769,2018036.6630405243,2.5523996310862707,0.09243201710085147,ok,False,True,False,0
770,2263474.6635520053,2.604824644615608,0.06394056489752997,ok,False,True,False,0
771,1691752.0450769467,2.7186543628022015,0.24317292747894798,ok,False,True,False,1
772,2516332.802389614,2.9975914397777137,0.11342259580325131,ok,False,True,False,0
773,2054671.1866149304,2.727406379385646,0.059621263389646906,ok,False,True,False,0
774,2960668.4302544016,2.9966287192366075,0.09447495225395763,ok,False,True,False,0
775,1636214.7916851614,2.766435646577177,0.278611006151717,ok,False,True,False,1
776,2053153.951153148,2.885092548176548,0.09873295299416174,ok,False,True,False,0
777,2145793.9689076785,2.9879939388513197,0.060261990683208366,ok,False,True,False,0
778,1691752.0450769467,2.6667216428968468,0.21405234347982613,ok,False,True,False,1
779,3764316.1335752644,2.803527639602379,0.11905156802293948,ok,False,True,False,0
780,2033043.557601688,2.975014443029974,0.07975078556925486,ok,False,True,False,0
781,3030436.8304958506,2.9722822253679406,0.17985103971623784,ok,False,True,False,1
782,1711514.164844361,2.7927462499213505,0.24055416574450364,ok,False,True,False,1
783,1691752.0450769467,2.5685212731150355,0.2274995036674676,ok,False,True,False,1
784,2606245.371857329,2.740717452336889,0.06607901703356911,ok,False,True,False,0
785,2022339.3102982475,2.906293649597842,0.048051399636562575,ok,False,True,False,0
786,5364978.203426253,2.7968827133242544,0.2380006051495741,ok,False,True,False,1
787,2121283.83646093,2.8606543088426513,0.08316131919200631,ok,False,True,False,0
788,1636214.7916851614,2.6709524330248815,0.27244481441565727,ok,False,True,False,1
789,2044838.7913826078,2.7871536317718064,0.10981507400337531,ok,False,True,False,0
790,1711514.164844361,2.7742010310505396,0.24910349825732736,ok,False,True,False,1
791,2530050.3383299764,2.9686898191778037,0.13943527243097548,ok,False,True,False,0
792,2027894.4995355546,2.6535614978345645,0.08961653480539067,ok,False,True,False,0
793,1691752.0450769467,2.476025689036336,0.2390496545942351,ok,False,True,False,1
794,1691752.0450769467,2.7072793767093017,0.2523472412366485,ok,False,True,False,1
795,1636214.7916851614,2.5929594706045096,0.25681226834309306,ok,False,True,False,1
796,1636214.7916851614,2.5027964725997416,0.2536627498541951,ok,False,True,False,1
797,1691752.0450769467,2.6589703305996775,0.24444351396973965,ok,False,True,False,1
798,1636214.7916851614,2.740897381273961,0.31003125415214244,ok,False,True,False,1
799,2098032.407927403,2.986824494759948,0.1015512479563957,ok,False,True,False,0
800,2207256.7172430693,2.9631729047205404,0.06763955149414541,ok,False,True,False,0
801,3142613.382602219,2.8696142290749296,0.06975832074135269,ok,False,True,False,0
802,2101350.9159968668,2.847227513052699,0.10323378273547157,ok,False,True,False,0
803,1691752.0450769467,2.809044339668194,0.1869876498476463,ok,False,True,False,1
804,2362369.8225876745,2.7491687521345103,0.07121524197387719,ok,False,True,False,0
805,1711514.164844361,2.7337450725577543,0.23016373924623448,ok,False,True,False,1
806,2078142.2604243888,2.5306154582906064,0.08669857035626782,ok,False,True,False,0
807,2020155.191787578,2.769036033269469,0.07366444145146844,ok,False,True,False,0
808,2018802.0250688381,2.8283798237430804,0.07456211687342518,ok,False,True,False,0
809,2267610.842393458,2.984075766739715,0.07397400155572764,ok,False,True,False,0
810,1636214.7916851614,2.588380419278608,0.22968464485143053,ok,False,True,False,1
811,2104498.3550861324,2.9844568619790586,0.12034525739272273,ok,False,True,False,0
812,2020616.0540941053,2.9992584210295448,0.08434654215731313,ok,False,True,False,0
813,2283969.106907582,2.6756175707786864,0.0768103554354092,ok,False,True,False,0
814,1691752.0450769467,2.5073134007771984,0.2506954453038641,ok,False,True,False,1
815,2153175.2220216347,2.908591780180289,0.12426238530045064,ok,False,True,False,0
816,1636214.7916851614,2.7520681434853396,0.18472220096962982,ok,False,True,False,1
817,2954803.407973756,2.9865379998257042,0.11086533636308454,ok,False,True,False,0
818,3089082.486151943,2.9862096280354518,0.12906412836857517,ok,False,True,False,0
819,2549210.0472259433,2.6232517415144647,0.06790207650870084,ok,False,True,False,0
820,3588160.2907714406,2.999856918462521,0.1857362346522644,ok,False,True,False,1
821,2756889.8518774984,2.6083038166781627,0.07750598290754618,ok,False,True,False,0
822,1636214.7916851614,2.9473137882384988,0.25419967702338736,ok,False,True,False,1
823,2273216.8417661316,2.4712213669807817,0.04877968881300099,ok,False,True,False,0
824,2206743.555538971,2.9726648958945985,0.1459627236454723,ok,False,True,False,0
825,2384698.214985202,2.7416303230545074,0.05865913209677154,ok,False,True,False,0
826,2312337.845406306,2.9924765328611924,0.13040905815607884,ok,False,True,False,0
827,3895917.6165639516,2.8857144054269113,0.19915367672601908,ok,False,True,False,1
828,3585769.0178728295,2.957806494656999,0.15981179252781585,ok,False,True,False,0
829,2015622.8741635084,2.3535511688577353,0.11975913540369998,ok,False,True,False,0
830,2246962.1229908494,2.720392005501134,0.13651288936202932,ok,False,True,False,0
831,1691752.0450769467,2.5980146778957875,0.21906952248511777,ok,False,True,False,1
832,2630232.5661916034,2.985033217004415,0.07647013035646266,ok,False,True,False,0
833,2011965.7038591045,2.9789566161760996,0.07342318140932633,ok,False,True,False,0
834,2042968.287962787,2.8132235840925945,0.07114743013936975,ok,False,True,False,0
835,1691752.0450769467,2.722264686493653,0.2348436760742268,ok,False,True,False,1
836,1691752.0450769467,2.8022989153357556,0.22899003248029243,ok,False,True,False,1
837,4008048.302661793,2.9323010620542584,0.17334321943572095,ok,False,True,False,1
838,1711514.164844361,2.994902450829094,0.28404687307232535,ok,False,True,False,1
839,2047275.100067035,2.8984742545230233,0.1001396787579979,ok,False,True,False,0
840,2519224.7563894507,2.951014713298594,0.0679677294653378,ok,False,True,False,0
841,2028422.0116702113,2.8675149413901835,0.06102296794790818,ok,False,True,False,0
842,2085736.7267679374,2.973201569904151,0.08142039390875289,ok,False,True,False,0
843,2992610.862831692,2.720542344011074,0.1319458110543169,ok,False,True,False,0
844,2583714.44727037,2.6493849643490934,0.10206413774483208,ok,False,True,False,0
845,2087935.4666391488,2.991643428805552,0.16024667571741136,ok,False,True,False,0
846,2016161.331927536,2.861810087922244,0.052688153469392596,ok,False,True,False,0
847,2022628.0414044266,2.9943288998981403,0.06313590815155912,ok,False,True,False,0
848,1691752.0450769467,2.8496166343800775,0.27045807841773595,ok,False,True,False,1
849,2045670.5686716007,2.6713312733745838,0.08754329005960515,ok,False,True,False,0
850,2192215.967775079,2.8187209444940375,0.05974150427295405,ok,False,True,False,0
851,2050931.5897273722,2.753474704889685,0.15307355926174054,ok,False,True,False,0
852,2075933.077826497,2.9945803121421166,0.07367570643500598,ok,False,True,False,0
853,2171402.0120350514,2.967784219505707,0.08573932200592727,ok,False,True,False,0
854,1711514.164844361,2.811041660066646,0.2126576983656267,ok,False,True,False,1
855,3486677.8370954744,2.9485621646479365,0.09956866878180537,ok,False,True,False,0
856,1636214.7916851614,2.775885585189232,0.22154057987069348,ok,False,True,False,1
857,1691752.0450769467,2.834567858943873,0.18976508526854724,ok,False,True,False,1
858,2016372.918059799,2.9918746502731755,0.057656890902962554,ok,False,True,False,0
859,1636214.7916851614,2.853855794150652,0.2474448120855075,ok,False,True,False,1
860,2239269.616751557,2.8726419189994177,0.058979231054874015,ok,False,True,False,0
861,3612023.6651120656,2.9065331564964962,0.1330689346558137,ok,False,True,False,0
862,4928401.76286455,2.724134202156591,0.22185065486050182,ok,False,True,False,1
863,3989520.130177905,2.5239521929218287,0.1469846814180633,ok,False,True,False,0
864,1711514.164844361,2.8183471413240415,0.19179313079486068,ok,False,True,False,1
865,2272606.2490490996,2.6195491195312943,0.06915626275348297,ok,False,True,False,0
866,2038424.6271843968,2.9986461641224444,0.14153931344654289,ok,False,True,False,0
867,1636214.7916851614,2.753751646881653,0.20747616252353948,ok,False,True,False,1
868,1691752.0450769467,2.81153760476297,0.24650956239568653,ok,False,True,False,1
869,2008931.047836925,2.878637393783964,0.10903221705033361,ok,False,True,False,0
870,2346954.8142783884,2.599751055624745,0.05359248525235327,ok,False,True,False,0
871,1636214.7916851614,2.5505374545577446,0.2136077699627406,ok,False,True,False,1
872,2025070.2347452904,2.8434752587937986,0.08106893981039065,ok,False,True,False,0
873,1636214.7916851614,2.8456323224893953,0.1918818298618443,ok,False,True,False,1
874,2094492.0880770804,2.8594621849684616,0.07362987458269415,ok,False,True,False,0
875,2241762.825864677,2.9683018600817688,0.10187829467328613,ok,False,True,False,0
876,2053765.9124888123,2.9781995340586116,0.08350652870669761,ok,False,True,False,0
877,2024717.826670118,2.9137479577596106,0.10384503873068246,ok,False,True,False,0
878,2531779.3941154103,2.5381767187260964,0.08453039242696814,ok,False,True,False,0
879,2196755.376941169,2.9954217038824327,0.08934660269448375,ok,False,True,False,0
880,1391604.936285155,2.202433621962737,0.3403016822901096,ok,False,True,False,1
881,2148146.645527263,2.9753328542808037,0.10837334701199941,ok,False,True,False,0
882,2092868.5545903512,2.9892516795714017,0.09079529222065308,ok,False,True,False,0
883,2062258.0525138648,2.640027396708488,0.06555347497592623,ok,False,True,False,0
884,1691752.0450769467,2.7155325815316163,0.23477365739093925,ok,False,True,False,1
885,2021359.7971278708,2.828765713938763,0.06409266736651031,ok,False,True,False,0
886,2037879.4620194423,2.7315664044920034,0.04623046621750643,ok,False,True,False,0
887,2038729.8060691513,2.9890196484871563,0.05736278290829144,ok,False,True,False,0
888,2024883.292566676,2.7150149485064397,0.09936459540292397,ok,False,True,False,0
889,2025561.6168924503,2.6870984188081826,0.03773864589136139,ok,False,True,False,0
890,2127611.53664988,2.5701787207240576,0.07940472076240201,ok,False,True,False,0
891,2915945.7422713866,2.9879580170616262,0.11487153041594383,ok,False,True,False,0
892,2016779.245967079,2.8767363605812895,0.0772658623270609,ok,False,True,False,0
893,2030773.3767965643,2.6665702759247463,0.0682873466092021,ok,False,True,False,0
894,3884334.360273686,2.808515779496096,0.20517854657026524,ok,False,True,False,1
895,2881226.798747324,2.93445007358304,0.06848759798328186,ok,False,True,False,0
896,3692826.291804758,2.99698370612243,0.12698029534584154,ok,False,True,False,0
897,2026645.1313288899,2.852570296724036,0.0379136632234377,ok,False,True,False,0
898,2665634.473336273,2.9695557345432526,0.19269427392291322,ok,False,True,False,1
899,2035929.8599945381,2.982127562338513,0.1270029776436955,ok,False,True,False,0
900,2055789.065806888,2.6438318696122147,0.05698999718729181,ok,False,True,False,0
901,1691752.0450769467,2.923915310787681,0.22675410011362632,ok,False,True,False,1
902,2011470.109925195,2.7006591821670254,0.07388124136416474,ok,False,True,False,0
903,2017584.5424631904,2.9737593424948807,0.11398436849972432,ok,False,True,False,0
904,1711514.164844361,2.605194314198963,0.2427584876714296,ok,False,True,False,1
905,3939338.4682282996,2.917520251570542,0.10492764329467086,ok,False,True,False,0
906,2152347.884743423,2.5806959260805176,0.07589252066092644,ok,False,True,False,0
907,2061679.660932583,2.374720859033367,0.062211276350986555,ok,False,True,False,0
908,2024118.2337847254,2.6767361976522146,0.09169225157805139,ok,False,True,False,0
909,2129360.304290732,2.972742875399167,0.11120568705915068,ok,False,True,False,0
910,1691752.0450769467,2.8912625146709865,0.2178104625276639,ok,False,True,False,1
911,1711514.164844361,2.8502711707340236,0.25083126903969455,ok,False,True,False,1
912,1636214.7916851614,2.5914794853788683,0.21369612552402906,ok,False,True,False,1
913,2709965.1693897415,2.9744174275357143,0.08993463148418257,ok,False,True,False,0
914,1691752.0450769467,2.7872542408867598,0.23693851849567316,ok,False,True,False,1
915,3382224.9415960433,2.8897331376841757,0.12795440027913485,ok,False,True,False,0
916,2298958.112030987,2.7066308410452473,0.0829086731711009,ok,False,True,False,0
917,1636214.7916851614,2.6295419051157034,0.1784080647640313,ok,False,True,False,1
918,3559553.250717795,2.866560268616208,0.06077833145421674,ok,False,True,False,0
919,2134148.9376331544,2.967144530690362,0.13315250850938715,ok,False,True,False,0
920,2119572.1907996167,2.9964773404024934,0.10128004814903796,ok,False,True,False,0
921,1711514.164844361,2.92891238387997,0.18150277655351776,ok,False,True,False,1
922,1691752.0450769467,2.6664815321454833,0.23657522336749998,ok,False,True,False,1
923,5767562.516531309,2.9249664862187257,0.27416684968861493,ok,False,True,False,1
924,2010670.5182249553,2.882034917539274,0.07251504448043167,ok,False,True,False,0
925,1636214.7916851614,2.5395717086330105,0.20933697640220605,ok,False,True,False,1
926,2315192.070388432,2.4935027400877487,0.09904815982139648,ok,False,True,False,0
927,2089109.191760161,2.775605910029511,0.05718425933779997,ok,False,True,False,0
928,2428926.379376864,2.878991887699435,0.1142952188203997,ok,False,True,False,0
929,2069045.3231591014,2.7655429584573756,0.08188317898885616,ok,False,True,False,0
930,2044067.9041005399,2.864536388051391,0.059259224799287635,ok,False,True,False,0
931,2044176.4995961322,2.928006041945755,0.10579538207080164,ok,False,True,False,0
932,2768562.3676989414,2.9880630412348754,0.08777847529661278,ok,False,True,False,0
933,1691752.0450769467,2.804486056626013,0.26575013503693207,ok,False,True,False,1
934,2021394.3671366645,2.8776478571299293,0.13373410140142517,ok,False,True,False,0
935,3011197.4879352525,2.5447384663837536,0.10528973455539592,ok,False,True,False,0
936,2126541.6849387875,2.9809703745920375,0.11512476599815427,ok,False,True,False,0
937,1391604.936285155,2.5450527676622885,0.29799960442360207,ok,False,True,False,1
938,2020927.8156471837,2.9856632855154057,0.0825400927337494,ok,False,True,False,0
939,1391604.936285155,2.3147947998470615,0.32940749903900385,ok,False,True,False,1
940,2139529.4970856626,2.5700587012661735,0.09860903510111085,ok,False,True,False,0
941,2020873.7451761917,2.645131635209691,0.05524455780043591,ok,False,True,False,0
942,2077042.383795095,2.7210439927010013,0.05281634779060734,ok,False,True,False,0
943,2104999.0761613715,2.6107785377531307,0.09076789777173944,ok,False,True,False,0
944,2225839.632819627,2.9745828674725017,0.1160334830871611,ok,False,True,False,0
945,1636214.7916851614,2.8802458818300987,0.18821623790423023,ok,False,True,False,1
946,2039486.717153124,2.8033507990011346,0.06283346067068979,ok,False,True,False,0
947,4036679.3875600914,2.3317109105551617,0.1834085035132904,ok,False,True,False,1
948,1691752.0450769467,2.656537913679369,0.2294416214077233,ok,False,True,False,1
949,3878551.1480583036,2.9219707401524335,0.10020124692716204,ok,False,True,False,0
950,2019620.2158092572,2.9653343177350475,0.08346649773341547,ok,False,True,False,0
951,1691752.0450769467,2.9449455795221406,0.21986462130515994,ok,False,True,False,1
952,1484707.709926356,2.8514396974015717,0.28809393757256796,ok,False,True,False,1
953,2172900.3110176646,2.9063363669240525,0.09735972589231545,ok,False,True,False,0
954,1691752.0450769467,2.620386125060171,0.18126815503301014,ok,False,True,False,1
955,2647261.1786370515,2.635893103902102,0.061507045113630476,ok,False,True,False,0
956,1711514.164844361,2.641422475541051,0.21426919200159505,ok,False,True,False,1
957,2013945.4814623452,2.8698690812705765,0.19731784540545813,ok,False,True,False,1
958,1691752.0450769467,2.648344149477998,0.22515621146194825,ok,False,True,False,1
959,2097586.8129755943,2.8823223670381144,0.08335468490005848,ok,False,True,False,0
960,2476708.703018891,2.9642255372803925,0.18279696105030807,ok,False,True,False,1
961,2034750.0192427582,2.959599252714395,0.06469952088380893,ok,False,True,False,0
962,2245270.1278658938,2.868640318358641,0.09509303154514437,ok,False,True,False,0
963,1711514.164844361,2.582267801344052,0.25941245397819124,ok,False,True,False,1
964,2046528.71651874,2.675336622081833,0.057456744895738154,ok,False,True,False,0
965,2029556.5073625317,2.9779461876585436,0.14172343684858774,ok,False,True,False,0
966,2162402.9927384346,2.5563658793517394,0.10794997881388235,ok,False,True,False,0
967,2027958.936200848,2.698145575572834,0.08342033711595687,ok,False,True,False,0
968,2115288.261860233,2.9946292486099564,0.12413235050053834,ok,False,True,False,0
969,1691752.0450769467,2.6921764548599727,0.23239601381051553,ok,False,True,False,1
970,2015616.6937802657,2.718038697903643,0.07554905982034499,ok,False,True,False,0
971,2015632.7149005348,2.851157887848891,0.06904831907387321,ok,False,True,False,0
972,2587971.3170965523,2.4618730036929817,0.0751660340997925,ok,False,True,False,0
973,2013578.2099473902,2.8701145030316724,0.09354375698543399,ok,False,True,False,0
974,3032284.0151456143,2.8219794637959135,0.12663821537675146,ok,False,True,False,0
975,2134064.174397976,2.849706355786614,0.09041958301748887,ok,False,True,False,0
976,2032097.4751935701,2.7938516296766083,0.0837108161556529,ok,False,True,False,0
977,2104011.7432770855,2.8262000924420985,0.05047314443087714,ok,False,True,False,0
978,2049078.3168881757,2.999165507094507,0.06142948929001418,ok,False,True,False,0
979,3376129.6058291253,2.501043196200257,0.12651204337965682,ok,False,True,False,0
980,1484707.709926356,2.377119426386497,0.311299835188716,ok,False,True,False,1
981,2049472.4333873705,2.944151656200787,0.04703553810439287,ok,False,True,False,0
982,2497493.660466482,2.987103919027067,0.1236085095298246,ok,False,True,False,0
983,2635646.0565403965,2.9366069545187496,0.1372035059897047,ok,False,True,False,0
984,1691752.0450769467,2.7932479856314107,0.15816672964992398,ok,False,True,False,0
985,1691752.0450769467,2.8420482983710516,0.23807222789182275,ok,False,True,False,1
986,1711514.164844361,2.670030561529232,0.23320752744798987,ok,False,True,False,1
987,3197006.7450980297,2.6232068910018134,0.08159386122680534,ok,False,True,False,0
988,4299343.789506072,2.875036633050531,0.15499778037467268,ok,False,True,False,0
989,2040677.686012878,2.5366515110793086,0.08072072396593422,ok,False,True,False,0
990,3009852.4829091844,2.9597149714124824,0.1543785390004455,ok,False,True,False,0
991,1711514.164844361,2.796965514001446,0.23116365213324888,ok,False,True,False,1
992,2020340.8064387853,2.998144048035605,0.07544267779010608,ok,False,True,False,0
993,2069594.1687613751,2.715433165522265,0.08800036912398318,ok,False,True,False,0
994,2426762.6218557446,2.9700594969097156,0.11710761657297797,ok,False,True,False,0
995,2864880.9040813847,2.9213324886966268,0.16200203396325152,ok,False,True,False,0
996,2038586.38701776,2.5512954718217573,0.07263534144127015,ok,False,True,False,0
997,2043494.6023020754,2.968840869148181,0.045522862051690205,ok,False,True,False,0
998,2086314.5314278968,2.5040148873169765,0.08214636389175611,ok,False,True,False,0
999,2330498.6445810194,2.98690518901809,0.11084080935531401,ok,False,True,False,0
1000,1186516.1254582698,2.3227557787882396,0.362648047361413,ok,False,True,False,1
1001,1691752.0450769467,2.8356266131608683,0.20300358878867542,ok,False,True,False,1
1002,2853296.2362631448,2.9306842872384777,0.08795608522294052,ok,False,True,False,0
1003,2488889.4594280017,2.9477518247991004,0.08462075436321215,ok,False,True,False,0
1004,1711514.164844361,2.9943436866355837,0.18488742662374213,ok,False,True,False,1
1005,2056157.5552711175,2.982874053504056,0.19968779066518533,ok,False,True,False,1
1006,1711514.164844361,2.7451222815986576,0.2357603465199055,ok,False,True,False,1
1007,2082595.5960204585,2.911121852336618,0.16267174816417856,ok,False,True,False,0
1008,2204605.815585421,2.633620573873671,0.04627652430952223,ok,False,True,False,0
1009,3613184.7748329937,2.9957459158407325,0.09636513400430846,ok,False,True,False,0
1010,2043968.297179717,2.6381486276145747,0.14191688950888615,ok,False,True,False,0
1011,1636214.7916851614,2.6352563786280436,0.18019227658516038,ok,False,True,False,1
1012,2532257.278152294,2.925624490384834,0.06879399769027333,ok,False,True,False,0
1013,2068100.4345849513,2.9944369696462507,0.07628523608438498,ok,False,True,False,0
1014,1711514.164844361,2.8826648237524712,0.254556076490484,ok,False,True,False,1
1015,2516515.9476329344,2.8369084098098907,0.07420326965170243,ok,False,True,False,0
1016,1691752.0450769467,2.7370738025382164,0.20172398368479327,ok,False,True,False,1
1017,2042911.6666659883,2.465843985653807,0.07534975520962461,ok,False,True,False,0
1018,2119145.08795242,2.946197302446155,0.1448298715366781,ok,False,True,False,0
1019,2869864.0904724984,2.994844106715879,0.12979889570463288,ok,False,True,False,0
1020,2112368.4738609414,2.771651557883881,0.12371442251855747,ok,False,True,False,0
1021,2679696.901300732,2.979934887872301,0.14328312251376374,ok,False,True,False,0
1022,2191830.5127705326,2.780654283930331,0.051233490345879096,ok,False,True,False,0
1023,2483393.0834410405,2.841440627082719,0.08393416382416397,ok,False,True,False,0
1024,2023875.6384968222,2.9576898325940064,0.08289783702136508,ok,False,True,False,0
1025,1691752.0450769467,2.6428514627832778,0.23721929581951784,ok,False,True,False,1
1026,2122038.3078522626,2.919723507398434,0.09593559854351125,ok,False,True,False,0
1027,2009734.3744752335,2.6877787414213214,0.08518890414668634,ok,False,True,False,0
1028,2016390.649824139,2.85956997156618,0.10945789635842684,ok,False,True,False,0
1029,2165705.037646488,2.6259201883421492,0.05572619125386824,ok,False,True,False,0
1030,2944399.3526956737,2.9648959465319944,0.1429716994332903,ok,False,True,False,0
1031,2151653.1517030443,2.917435265634384,0.0670436373469962,ok,False,True,False,0
1032,2943619.170912973,2.9681173423001246,0.12292704782169894,ok,False,True,False,0
1033,2828395.062520385,2.8897686828120506,0.1264295934420474,ok,False,True,False,0
1034,2026746.1303238089,2.8933033435787405,0.0854993985782519,ok,False,True,False,0
1035,2555159.4698460535,2.4988033533034337,0.06893324970600412,ok,False,True,False,0
1036,2168901.5123662576,2.985007380051512,0.058258636961365906,ok,False,True,False,0
1037,2343410.8813565704,2.6398874602523854,0.08371262726428541,ok,False,True,False,0
1038,1711514.164844361,2.667918259404631,0.21597837840905695,ok,False,True,False,1
1039,1691752.0450769467,2.596456505360365,0.2291352724180713,ok,False,True,False,1
1040,2028346.6429529134,2.841854200486126,0.07582301198052399,ok,False,True,False,0
1041,2050492.6806798924,2.883754978312494,0.06759463392126464,ok,False,True,False,0
1042,2038667.8587726345,2.8791226932036658,0.0841849984077041,ok,False,True,False,0
1043,3976553.8130768733,2.747323521970914,0.12707333235108542,ok,False,True,False,0
1044,2156075.797235435,2.6343101240752724,0.06805887614967687,ok,False,True,False,0
1045,1691752.0450769467,2.7410668217370815,0.19452524939205795,ok,False,True,False,1
1046,2075657.4437751889,2.9829964798759128,0.09784871160688757,ok,False,True,False,0
1047,2090615.505578872,2.8313689532388757,0.09392150245220471,ok,False,True,False,0
1048,1391604.936285155,2.5830432008081337,0.3025173280712371,ok,False,True,False,1
1049,2050027.2161257498,2.6524690123503625,0.08396811273711002,ok,False,True,False,0
1050,1691752.0450769467,2.7141009215433556,0.22139405760143857,ok,False,True,False,1
1051,2076374.5171934832,2.9677834620533208,0.11434828444600292,ok,False,True,False,0
1052,2096022.240843965,2.9228252879408547,0.06984315133745467,ok,False,True,False,0
1053,1636214.7916851614,2.493581817361844,0.23349532599980763,ok,False,True,False,1
1054,2871895.2427842263,2.5889025794942215,0.1073774359721077,ok,False,True,False,0
1055,1636214.7916851614,2.8414762730698575,0.20777745024926808,ok,False,True,False,1
1056,2253042.8567466126,2.3232522872556904,0.07117944435186352,ok,False,True,False,0
1057,4882867.5718248775,2.8980305347926016,0.19349093737891043,ok,False,True,False,1
1058,2010564.1672059926,2.805002992487448,0.06496251356895855,ok,False,True,False,0
1059,2026448.4882780493,2.568728709057864,0.08537005715660906,ok,False,True,False,0
1060,1711514.164844361,2.719189713152332,0.2448268994865447,ok,False,True,False,1
1061,2013806.5616849733,2.724426226501625,0.0878789102276738,ok,False,True,False,0
1062,2046066.7993987177,2.994823255567872,0.09676012334516781,ok,False,True,False,0
1063,2212928.9812070993,2.9940443033408037,0.080435485250272,ok,False,True,False,0
1064,2324372.4867237867,2.90984990477585,0.10820117866057033,ok,False,True,False,0
1065,2356418.2953058174,2.348289919764999,0.09101757703830471,ok,False,True,False,0
1066,2307329.6199101605,2.9115929131242213,0.05445125366336634,ok,False,True,False,0
1067,2353162.4103544983,2.980815984135768,0.0875775751775289,ok,False,True,False,0
1068,3057935.3563010283,2.8158142090039133,0.13152766306645425,ok,False,True,False,0
1069,2030007.3595023775,2.9433572627555398,0.06290434418410684,ok,False,True,False,0
1070,2077029.8516391234,2.655994557044124,0.07986586057520617,ok,False,True,False,0
1071,1636214.7916851614,2.930699055298098,0.22169628315243972,ok,False,True,False,1
1072,2287048.133096546,2.7148227236102276,0.06059403575295058,ok,False,True,False,0
1073,1711514.164844361,2.8066290777196916,0.248713557102501,ok,False,True,False,1
1074,1636214.7916851614,2.8819647388805647,0.2834091538606017,ok,False,True,False,1
1075,2721358.356583824,2.991833663835431,0.20175112409876078,ok,False,True,False,1
1076,2103144.306236083,2.5156751584964505,0.059783759107477685,ok,False,True,False,0
1077,2579725.04187662,2.8064933893752944,0.09250668345513398,ok,False,True,False,0
1078,2640520.724326651,2.996510468106255,0.1924142908317722,ok,False,True,False,1
1079,2012098.667150155,2.9285469572915037,0.13173855236355525,ok,False,True,False,0
1080,2408170.23411149,2.7069359482794555,0.08156851346882787,ok,False,True,False,0
1081,2069892.7387759893,2.972183243636077,0.08824019098103852,ok,False,True,False,0
1082,2091881.1130243782,2.6521837335265013,0.08534124741065507,ok,False,True,False,0
1083,3454898.1058981125,2.8078063782779843,0.09882257025687369,ok,False,True,False,0
1084,1711514.164844361,2.7221510212202435,0.22310814723203268,ok,False,True,False,1
1085,5544210.255197505,2.743048472563399,0.22114879403376742,ok,False,True,False,1
1086,2715792.5375159476,2.942136107326514,0.11103433206722302,ok,False,True,False,0
1087,2029666.726163364,2.9778384647310903,0.060292477273913514,ok,False,True,False,0
1088,2531818.9117000415,2.9967051098880164,0.09312378836846258,ok,False,True,False,0
1089,1636214.7916851614,2.889552717635733,0.132912266689465,ok,False,True,False,0
1090,1691752.0450769467,2.828031388753179,0.2765670866574697,ok,False,True,False,1
1091,2077657.2622945234,2.9240418723005095,0.0804058959384113,ok,False,True,False,0
1092,1711514.164844361,2.7601146951011457,0.19919114928180945,ok,False,True,False,1
1093,2009322.8300771115,2.9910891826331643,0.09180977066623419,ok,False,True,False,0
1094,2009962.9032426076,2.819824093302921,0.18949789846087295,ok,False,True,False,1
1095,2034969.937053358,2.984109934408913,0.09272456428333437,ok,False,True,False,0
1096,2010707.2794124382,2.9798877355124747,0.08410117537147954,ok,False,True,False,0
1097,2019733.9948980364,2.846285707907313,0.06493602806625351,ok,False,True,False,0
1098,2016464.039520406,2.7331425047824007,0.11063224385074655,ok,False,True,False,0
1099,2800698.026534178,2.9679685598972623,0.1168618894847464,ok,False,True,False,0
1100,2012568.2197145391,2.6936433768032213,0.09089962177225525,ok,False,True,False,0
1101,1711514.164844361,2.6351679595366653,0.21458139011296087,ok,False,True,False,1
1102,3165484.487452086,2.299058711336678,0.08885336094100993,ok,False,True,False,0
1103,2375447.6411261302,2.980804447269013,0.06807151916363918,ok,False,True,False,0
1104,2077939.356460013,2.987299713813327,0.06119583271307452,ok,False,True,False,0
1105,1636214.7916851614,2.7958976034776293,0.2614733179199213,ok,False,True,False,1
1106,2675107.535837567,2.9527575608987,0.08394417350698902,ok,False,True,False,0
1107,1636214.7916851614,2.646354096532151,0.2707725846368131,ok,False,True,False,1
1108,1691752.0450769467,2.688007122403749,0.1763063596200102,ok,False,True,False,1
1109,1636214.7916851614,2.5099574774193796,0.24287353580468946,ok,False,True,False,1
1110,2496344.894893695,2.59869921611283,0.12933093243138327,ok,False,True,False,0
1111,1691752.0450769467,2.7686737278660534,0.18695030051849115,ok,False,True,False,1
1112,1691752.0450769467,2.717174941055222,0.18621075620773045,ok,False,True,False,1
1113,3692094.1155397343,2.7879555186654983,0.11601657786335756,ok,False,True,False,0
1114,2921780.576433482,2.607665586856214,0.12890272799810443,ok,False,True,False,0
1115,2257215.7348410278,2.884695529144438,0.054258285123705285,ok,False,True,False,0
1116,2475862.170767621,2.9444877372198457,0.07158189280658969,ok,False,True,False,0
1117,1484707.709926356,2.699453536329505,0.31567371314588527,ok,False,True,False,1
1118,2162954.7747361283,2.8880221869160256,0.11286321258347443,ok,False,True,False,0
1119,2377426.0302713565,2.9518902158018405,0.06038263396365451,ok,False,True,False,0
1120,2035895.7223530496,2.908004930274032,0.09417113543354011,ok,False,True,False,0
1121,2058186.8146735681,2.7590583926798473,0.0714728855309047,ok,False,True,False,0
1122,4103799.4626875194,2.967842242765114,0.16484632724690873,ok,False,True,False,0
1123,2040949.9650152673,2.757470837129568,0.1339221989435631,ok,False,True,False,0
1124,1636214.7916851614,2.8312837816777305,0.24011583987957189,ok,False,True,False,1
1125,2297725.660992801,2.9843939348238915,0.07235353175170456,ok,False,True,False,0
1126,3715326.563527052,2.9018525543423674,0.0751685402063842,ok,False,True,False,0
1127,2283070.119124138,2.5148787999982334,0.059575664327850664,ok,False,True,False,0
1128,1711514.164844361,2.8284257609574306,0.26492814960489325,ok,False,True,False,1
1129,2032182.1077354571,2.9907183457800643,0.14810797664043113,ok,False,True,False,0
1130,2068311.3706473801,2.960408306952403,0.07175954552048136,ok,False,True,False,0
1131,2067454.3762393573,2.905341653121111,0.08781282145253766,ok,False,True,False,0
1132,2147130.782381037,2.740362357179671,0.18362986830725495,ok,False,True,False,1
1133,1636214.7916851614,2.7503785836935633,0.2305602112518808,ok,False,True,False,1
1134,4403818.7017609775,2.9653969833465923,0.11475238587275666,ok,False,True,False,0
1135,2382582.8426406607,2.4539871133275417,0.07805587922139129,ok,False,True,False,0
1136,3669198.054114759,2.190723904112832,0.0985867972380077,ok,False,True,False,0
1137,2015646.4616833571,2.6511140084938605,0.13621427196245695,ok,False,True,False,0
1138,2246468.717370148,2.989279120767514,0.08503855765216331,ok,False,True,False,0
1139,1636214.7916851614,2.6372965503320076,0.19939325893495002,ok,False,True,False,1
1140,2829578.392190316,2.943322175641679,0.10798301958509399,ok,False,True,False,0
1141,2014397.8268755814,2.9687844105254273,0.0802562382578953,ok,False,True,False,0
1142,2166597.2227176386,2.8389248097161985,0.106021334276442,ok,False,True,False,0
1143,2010470.5295703108,2.98873512895653,0.10159994535214245,ok,False,True,False,0
1144,2615316.551253022,2.9529216128368487,0.06931591947888327,ok,False,True,False,0
1145,2014547.8629009177,2.9700924198217757,0.20555651462722438,ok,False,True,False,1
1146,3496617.6383505245,2.98329867626467,0.15954421527661988,ok,False,True,False,0
1147,2084288.2350523118,2.9270669445693773,0.14632320349175115,ok,False,True,False,0
1148,1484707.709926356,2.7352702048341415,0.3180645502445197,ok,False,True,False,1
1149,2016771.533088215,2.9812425265386198,0.14408254586795197,ok,False,True,False,0
1150,2318864.435645983,2.644153711618287,0.06140974586571968,ok,False,True,False,0
1151,2089095.2825113214,2.891340239294474,0.06782259428653686,ok,False,True,False,0
1152,2254268.09050618,2.9551501811574923,0.1983799126267891,ok,False,True,False,1
1153,1636214.7916851614,2.6319424572530075,0.16202618990959142,ok,False,True,False,0
1154,1484707.709926356,2.693051950021636,0.3569087851150028,ok,False,True,False,1
1155,2028023.492664504,2.4000299603326933,0.05270795590318311,ok,False,True,False,0
1156,1711514.164844361,2.5487274839535266,0.24406989048842287,ok,False,True,False,1
1157,1636214.7916851614,2.5271475720518435,0.25479518361692094,ok,False,True,False,1
1158,2342362.3007852584,2.996589966279358,0.07804103701018217,ok,False,True,False,0
1159,1636214.7916851614,2.966662544573113,0.2371916363644589,ok,False,True,False,1
1160,2991669.126323756,2.9478523913654566,0.1528011443073662,ok,False,True,False,0
1161,3062133.7276116083,2.9615192596486457,0.17621977800523542,ok,False,True,False,1
1162,2923991.719114102,2.982125038560395,0.09708723877129471,ok,False,True,False,0
1163,2634143.811727526,2.1376783829117256,0.08447289947335537,ok,False,True,False,0
1164,2107699.838907568,2.788914042196133,0.06396743854744791,ok,False,True,False,0
1165,1711514.164844361,2.5811873843108444,0.2536677533154836,ok,False,True,False,1
1166,2090206.4484601363,2.656547319334383,0.07775676199690662,ok,False,True,False,0
1167,2017984.0092394128,2.988760265927519,0.11824996106832242,ok,False,True,False,0
1168,1691752.0450769467,2.7993311165640935,0.2368549605921457,ok,False,True,False,1
1169,1691752.0450769467,2.7962442573891693,0.13796326837561423,ok,False,True,False,0
1170,4238116.663110924,2.9525657079932977,0.1909857035034216,ok,False,True,False,1
1171,2532568.4393916097,2.9940927186738096,0.13903803692943484,ok,False,True,False,0
1172,1711514.164844361,2.6688886859878775,0.18032058322618238,ok,False,True,False,1
1173,1691752.0450769467,2.741612594557982,0.20518719597562063,ok,False,True,False,1
1174,2035197.421324168,2.8304921808516608,0.17933527948659364,ok,False,True,False,1
1175,2031936.269120349,2.907939337631703,0.06320909897034821,ok,False,True,False,0
1176,2576494.4750651405,2.655187172532187,0.08275058936360369,ok,False,True,False,0
1177,1691752.0450769467,2.756730025100599,0.2097088786958847,ok,False,True,False,1
1178,1391604.936285155,2.2911531180987317,0.34157436082765574,ok,False,True,False,1
1179,1691752.0450769467,2.703730959257724,0.20246967890390571,ok,False,True,False,1
1180,2210892.3864770816,2.8376052416675144,0.09567393753995213,ok,False,True,False,0
1181,2044490.0315651628,2.951832148683282,0.10762040555041102,ok,False,True,False,0
1182,2054169.417626491,2.7206479343948025,0.060380494829182174,ok,False,True,False,0
1183,1711514.164844361,2.8778773875815156,0.2714982123949317,ok,False,True,False,1
1184,3906456.753852236,2.9477228745601467,0.10605732811592905,ok,False,True,False,0
1185,2120635.108542698,2.9796540263047637,0.1330627728087153,ok,False,True,False,0
1186,2013422.9204885133,2.661835406020214,0.10829046954706545,ok,False,True,False,0
1187,3238985.4160376526,2.916878925780659,0.10992737272368236,ok,False,True,False,0
1188,1484707.709926356,2.306794754414938,0.3049724961172682,ok,False,True,False,1
1189,2071921.9948561562,2.9928455501486173,0.10462335203108286,ok,False,True,False,0
1190,2161199.6077566505,2.980496145370367,0.0935987705101331,ok,False,True,False,0
1191,1636214.7916851614,2.7044604044205176,0.17452477539508962,ok,False,True,False,1
1192,2039230.668545737,2.707698025381857,0.11162617313595757,ok,False,True,False,0
1193,1691752.0450769467,2.75007163725764,0.15289701143609058,ok,False,True,False,0
1194,2015205.4327686084,2.762359969941976,0.10393583147964813,ok,False,True,False,0
1195,1691752.0450769467,2.679109197300951,0.21724244004628218,ok,False,True,False,1
1196,2464895.677002119,2.556904113951605,0.08902552569974431,ok,False,True,False,0
1197,2814337.1743988693,2.8893872516938894,0.14116229723629353,ok,False,True,False,0
1198,1636214.7916851614,2.885450535774387,0.1932452985666878,ok,False,True,False,1
1199,2027251.3828234994,2.6432252460417978,0.07110467542234677,ok,False,True,False,0
1200,1636214.7916851614,2.8705573515196354,0.25273808987287866,ok,False,True,False,1
1201,2021116.7067988715,2.7810326110646093,0.1072991210820824,ok,False,True,False,0
1202,3374052.8229865273,2.7341856186266624,0.12569126884644405,ok,False,True,False,0
1203,2010043.351932657,2.8943323012382365,0.06366416503474132,ok,False,True,False,0
1204,1636214.7916851614,2.677618970789598,0.269025800879994,ok,False,True,False,1
1205,2086412.704725037,2.9109037182407995,0.08049934330458375,ok,False,True,False,0
1206,2027895.5938286674,2.815503311408976,0.10212039266367717,ok,False,True,False,0
1207,2106558.1951025333,2.736013312098706,0.0784939077517014,ok,False,True,False,0
1208,2057541.5319663086,2.790014568955269,0.10093013852076471,ok,False,True,False,0
1209,1636214.7916851614,2.7134732088139066,0.24311508052716257,ok,False,True,False,1
1210,2367151.7444512914,2.9845143375688687,0.07854973703112555,ok,False,True,False,0
1211,2017918.606268576,2.830915283897968,0.1279352617111772,ok,False,True,False,0
1212,2174533.7366804117,2.651111404288023,0.1299014289419923,ok,False,True,False,0
1213,1636214.7916851614,2.963835153372684,0.20956090188984208,ok,False,True,False,1
1214,2429230.4218836715,2.9106144864973285,0.16837592892527165,ok,False,True,False,0
1215,2127156.139379584,2.9520870251100195,0.11198083453499497,ok,False,True,False,0
1216,2015676.624003272,2.9651583117707876,0.15656090043037973,ok,False,True,False,0
1217,2019466.3505172136,2.7256576659497576,0.07465655901555601,ok,False,True,False,0
1218,2235975.9538935386,2.6328640149572964,0.0366564697970978,ok,False,True,False,0
1219,2839432.5861697784,2.9881589307538823,0.1069071863372434,ok,False,True,False,0
1220,3065835.618109691,2.990918590194189,0.11953145268038667,ok,False,True,False,0
1221,2270308.4660784802,2.9639474978941855,0.15168174307083837,ok,False,True,False,0
1222,2551106.8837886397,2.9772133982603703,0.08145966153987505,ok,False,True,False,0
1223,2392339.072769293,2.580145761566275,0.08897360523444175,ok,False,True,False,0
1224,3637907.083454548,2.945369539149303,0.13960545358503873,ok,False,True,False,0
1225,2430330.1136700707,2.83738195118719,0.09741784029582579,ok,False,True,False,0
1226,2939753.8033403684,2.955410721133278,0.18829234517628712,ok,False,True,False,1
1227,2360091.9051152305,2.880325330832903,0.105304533719631,ok,False,True,False,0
1228,2011176.5272455185,2.8107926306827187,0.07235993479033154,ok,False,True,False,0
1229,1691752.0450769467,2.7505831407858685,0.21708570501691477,ok,False,True,False,1
1230,2148531.2138371496,2.9943730579192263,0.09948497783009769,ok,False,True,False,0
1231,2393921.393078303,2.9785825060025886,0.12218869069725513,ok,False,True,False,0
1232,2830553.909370366,2.9749304629722935,0.1352185792690982,ok,False,True,False,0
1233,1691752.0450769467,2.6624477908617235,0.24585509145112283,ok,False,True,False,1
1234,1636214.7916851614,2.87108900611011,0.14000706393136345,ok,False,True,False,0
1235,2106271.0433740206,2.789264725667281,0.12961122940840886,ok,False,True,False,0
1236,2066205.2534853464,2.9974202710304665,0.06942335546771983,ok,False,True,False,0
1237,2043393.8234673594,2.9378033299391513,0.07927945493680277,ok,False,True,False,0
1238,2142438.1240198156,2.7571729473924407,0.06697184872698014,ok,False,True,False,0
1239,2164070.9089614805,2.955307988543547,0.10899348487016047,ok,False,True,False,0
1240,1636214.7916851614,2.9330529974842032,0.26504118915377484,ok,False,True,False,1
1241,1691752.0450769467,2.7665252687646493,0.24283866785058722,ok,False,True,False,1
1242,1484707.709926356,2.715164635998633,0.26985941304153527,ok,False,True,False,1
1243,1636214.7916851614,2.7802291083168162,0.2977192239222182,ok,False,True,False,1
1244,1691752.0450769467,2.606075234659678,0.22454784522096025,ok,False,True,False,1
1245,2116467.012427623,2.7682415992631277,0.07570690839216299,ok,False,True,False,0
1246,2273885.2428159923,2.9126578513925727,0.08683912695259621,ok,False,True,False,0
1247,2122773.8244558154,2.7393929440178924,0.059883567860037124,ok,False,True,False,0
1248,1711514.164844361,2.6720062452352127,0.21961237141996418,ok,False,True,False,1
1249,2077791.4176290354,2.965819544597691,0.04897996141475969,ok,False,True,False,0
1250,1691752.0450769467,2.7809689669415913,0.21822441386857205,ok,False,True,False,1
1251,1691752.0450769467,2.699901460285135,0.1932180197581811,ok,False,True,False,1
1252,2072818.968251524,2.534841533178368,0.10317144993314853,ok,False,True,False,0
1253,3249541.8441969254,2.991955350205742,0.23886568134142533,ok,False,True,False,1
1254,2012046.3160183567,2.5056900030319875,0.08410839583845131,ok,False,True,False,0
1255,1636214.7916851614,2.5747081845102464,0.1441491855703383,ok,False,True,False,0
1256,2949579.321370952,2.6496076901600087,0.058944813593294065,ok,False,True,False,0
1257,2182921.6734443717,2.933433371375351,0.07984774599871636,ok,False,True,False,0
1258,1691752.0450769467,2.9374018847912557,0.24509694862648387,ok,False,True,False,1
1259,1691752.0450769467,2.8516368584612355,0.17261649832221537,ok,False,True,False,1
1260,1636214.7916851614,2.759264507695449,0.20630190906379606,ok,False,True,False,1
1261,1691752.0450769467,2.7626536044838943,0.19920264146598496,ok,False,True,False,1
1262,2062702.7628891321,2.9791332848744707,0.09143714288875349,ok,False,True,False,0
1263,1711514.164844361,2.6281165559258945,0.2159089471689058,ok,False,True,False,1
1264,2025287.7170636693,2.9990248708751155,0.10455195730756117,ok,False,True,False,0
1265,2027778.1449899822,2.574164809441803,0.06600252110356641,ok,False,True,False,0
1266,2040381.2890082086,2.857654434257875,0.08690535754987194,ok,False,True,False,0
1267,2094172.7854331646,2.8948152131570932,0.0710148521192756,ok,False,True,False,0
1268,3140098.3163289097,2.19849085408957,0.10195855872087944,ok,False,True,False,0
1269,3746922.7974974224,2.993139261251539,0.06787116851623998,ok,False,True,False,0
1270,2025404.6143474847,2.9366692276532538,0.08433535933162684,ok,False,True,False,0
1271,3846202.4540292807,2.4187887087185214,0.18544584777581807,ok,False,True,False,1
1272,2026010.3291230663,2.9898554604757788,0.12139753555264776,ok,False,True,False,0
1273,2269091.7665679995,2.975172989844899,0.07609200250461112,ok,False,True,False,0
1274,2342202.3083750857,2.715000025929518,0.07725154800459699,ok,False,True,False,0
1275,2087890.0286446582,2.9966764612878225,0.06343849334470131,ok,False,True,False,0
1276,2010006.5552523301,2.744089413415012,0.07507149723727158,ok,False,True,False,0
1277,2101560.7802831093,2.92998351593186,0.13220837911059657,ok,False,True,False,0
1278,1636214.7916851614,2.7121568558736815,0.24718547865520024,ok,False,True,False,1
1279,2316828.115643772,2.783766738499768,0.06596379105533523,ok,False,True,False,0
1280,4593649.090911987,2.9606768569594593,0.1703158832247492,ok,False,True,False,0
1281,1711514.164844361,2.7083293812379066,0.2616935757216739,ok,False,True,False,1
1282,2021016.6799049822,2.252051917860307,0.07282844878913619,ok,False,True,False,0
1283,2064547.950031517,2.9925264255924864,0.0682804758500074,ok,False,True,False,0
1284,2016313.1213750879,2.7910801169352464,0.14202806968793397,ok,False,True,False,0
1285,2150708.2969021173,2.9526083566892267,0.0660054729357783,ok,False,True,False,0
1286,2015590.6848530322,2.933089727691268,0.0972323523795241,ok,False,True,False,0
1287,2013033.366796104,2.9453365211317086,0.08232652488403625,ok,False,True,False,0
1288,1691752.0450769467,2.9086760400585487,0.20111026576578378,ok,False,True,False,1
1289,2009771.7796066138,2.9249874040891894,0.1109760839191834,ok,False,True,False,0
1290,2055509.4331969516,2.6958381686011226,0.05500907317532411,ok,False,True,False,0
1291,1711514.164844361,2.8538308386373537,0.20463894727770576,ok,False,True,False,1
1292,2067215.8487738161,2.8368108291218257,0.05490122810097586,ok,False,True,False,0
1293,2996377.8870871393,2.919168136752279,0.11291852089879184,ok,False,True,False,0
1294,2028665.2017366013,2.4347212809917447,0.10105625703008703,ok,False,True,False,0
1295,1636214.7916851614,2.5368409294761514,0.259167727652081,ok,False,True,False,1
1296,2152835.8078190517,2.8805303009933834,0.07443404184310065,ok,False,True,False,0
1297,1636214.7916851614,2.581191360275958,0.23100076236946945,ok,False,True,False,1
1298,2147902.5897476166,2.9752772108205154,0.07526121648371575,ok,False,True,False,0
1299,2705554.9934189795,2.9617221510848806,0.10773836609552978,ok,False,True,False,0
1300,1691752.0450769467,2.508268949011918,0.2683135024027358,ok,False,True,False,1
1301,2048802.0833195841,2.9588851235981126,0.1470270228814802,ok,False,True,False,0
1302,1691752.0450769467,2.8106477769054727,0.22536815016327735,ok,False,True,False,1
1303,1636214.7916851614,2.6270909671560125,0.26656111952281025,ok,False,True,False,1
1304,2029402.7261499607,2.876294733148992,0.11910906910892355,ok,False,True,False,0
1305,1691752.0450769467,2.8041420910507364,0.25465293746914264,ok,False,True,False,1
1306,2065514.898882572,2.8443061013312247,0.08143105322001631,ok,False,True,False,0
1307,2519110.9462892464,2.9894855700921816,0.08327341264979782,ok,False,True,False,0
1308,2161686.109778457,2.9994653640694753,0.09416846281963775,ok,False,True,False,0
1309,2067096.2852871374,2.515086164772145,0.070168853216381,ok,False,True,False,0
1310,1691752.0450769467,2.659213654903335,0.22499124030267056,ok,False,True,False,1
1311,1636214.7916851614,2.7801276400722457,0.24041739664121603,ok,False,True,False,1
1312,1391604.936285155,2.511223420125222,0.3745367887231393,ok,False,True,False,1
1313,1636214.7916851614,2.7004443257181365,0.2870327952329541,ok,False,True,False,1
1314,2274472.2787523847,2.9576988683221206,0.15959308460574206,ok,False,True,False,0
1315,1691752.0450769467,2.393541197649558,0.10625237438430044,ok,False,True,False,0
1316,2023861.4009957535,2.6388893773187334,0.0778637912226231,ok,False,True,False,0
1317,1691752.0450769467,2.767739787226554,0.1993106885397255,ok,False,True,False,1
1318,1691752.0450769467,2.8377407037568307,0.2555698721063945,ok,False,True,False,1
1319,3000603.8641179926,2.9787292315651923,0.12415643997688036,ok,False,True,False,0
1320,2045499.7768953773,2.9492039920973365,0.05463640867125519,ok,False,True,False,0
1321,1636214.7916851614,2.805491397573723,0.2313029031379576,ok,False,True,False,1
1322,2052927.1612640307,2.5749043279635835,0.09021156233031169,ok,False,True,False,0
1323,2325431.404974024,2.6652979214634502,0.07672881041457968,ok,False,True,False,0
1324,1691752.0450769467,2.5482464356872816,0.2281175520065641,ok,False,True,False,1
1325,1711514.164844361,2.6283057857870418,0.18820856019155371,ok,False,True,False,1
1326,2501990.409648199,2.985064005521152,0.11030144827849797,ok,False,True,False,0
1327,1636214.7916851614,2.546225715260899,0.19839956516107432,ok,False,True,False,1
1328,2220223.8324535475,2.6166747278714237,0.07066108880645106,ok,False,True,False,0
1329,2117771.1685661194,2.7227806843960063,0.07156841441631906,ok,False,True,False,0
1330,2098898.614248281,2.925070100238986,0.07381133438891241,ok,False,True,False,0
1331,2123131.8049858366,2.6802040992649445,0.05349813006880394,ok,False,True,False,0
1332,2050718.4653396572,2.9120315718212018,0.06463432999515306,ok,False,True,False,0
1333,2153398.397018492,2.767319769800613,0.04764162733946806,ok,False,True,False,0
1334,2137665.3682583733,2.979167629533028,0.11295479169444911,ok,False,True,False,0
1335,1711514.164844361,2.526808378606266,0.24025712621455358,ok,False,True,False,1
1336,2759929.1596634258,2.9416952194035515,0.14920415187200273,ok,False,True,False,0
1337,2523120.8967654477,2.9888326011756936,0.11923080238437056,ok,False,True,False,0
1338,1391604.936285155,2.75564581110225,0.2835975822731507,ok,False,True,False,1
1339,2370194.1940489304,2.7146586020159593,0.0526485135198449,ok,False,True,False,0
1340,3190558.6639925377,2.5597570395981073,0.1757154974639123,ok,False,True,False,1
1341,4560602.756752308,2.8161332983767187,0.06809420107978653,ok,False,True,False,0
1342,1711514.164844361,2.787166167759601,0.20585716716084373,ok,False,True,False,1
1343,2041707.915155868,2.5437487861785897,0.06199923558975867,ok,False,True,False,0
1344,2082878.6030278597,2.9081438154235455,0.07468480840740366,ok,False,True,False,0
1345,2014982.4708442998,2.871375226699966,0.10527193214914204,ok,False,True,False,0
1346,1711514.164844361,2.9647741396906495,0.2692812468748004,ok,False,True,False,1
1347,1391604.936285155,2.459478065462392,0.3738682599373682,ok,False,True,False,1
1348,2100317.138370086,2.472864261854143,0.057753256880501924,ok,False,True,False,0
1349,1186516.1254582698,2.1352732435813193,0.41499637055966576,ok,False,True,False,1
1350,2012190.2499861089,2.9882443499169975,0.07682241460743516,ok,False,True,False,0
1351,2016499.1457042347,2.9851823417700123,0.07855322291462452,ok,False,True,False,0
1352,1636214.7916851614,2.9730325906331334,0.1810494513964161,ok,False,True,False,1
1353,5876314.862391077,2.7535348551061753,0.10097960382925542,ok,False,True,False,0
1354,1636214.7916851614,2.8137403950156177,0.2034935660865393,ok,False,True,False,1
1355,2232961.173714464,2.962894857887176,0.09181357717132888,ok,False,True,False,0
1356,1484707.709926356,2.783790038194399,0.21507658119633807,ok,False,True,False,1
1357,2093050.7639535444,2.839834529239668,0.10028537627335429,ok,False,True,False,0
1358,2020831.599855976,2.7926962310728083,0.08069303123020721,ok,False,True,False,0
1359,2449374.042356507,2.198418464870152,0.09707605188784141,ok,False,True,False,0
1360,2016805.4879073943,2.9586396370260246,0.07911136891132292,ok,False,True,False,0
1361,2351296.558835884,2.9696635250623897,0.09588038446367358,ok,False,True,False,0
1362,1636214.7916851614,2.9019076610966983,0.2148807783117458,ok,False,True,False,1
1363,2163551.8017401425,2.970560575591257,0.08856550263871099,ok,False,True,False,0
1364,1691752.0450769467,2.682411175930146,0.1910399611698388,ok,False,True,False,1
1365,1636214.7916851614,2.6730168958450125,0.21190586513878712,ok,False,True,False,1
1366,1636214.7916851614,2.6332338830758824,0.17410581431200936,ok,False,True,False,1
1367,2616310.780823706,2.935149721716825,0.1370347966824792,ok,False,True,False,0
1368,2337998.4122612528,2.5073334834592282,0.05879519443251435,ok,False,True,False,0
1369,1691752.0450769467,2.542253505841612,0.25832001690251827,ok,False,True,False,1
1370,2099808.9405904193,2.7935607500747244,0.06481565601276759,ok,False,True,False,0
1371,2025201.0708283272,2.9990786566436274,0.08378569767179295,ok,False,True,False,0
1372,2042262.6765541288,2.842317795913517,0.10325496050860672,ok,False,True,False,0
1373,4158564.3937191064,2.8560625137044076,0.10788593558386461,ok,False,True,False,0
1374,2670820.6646331833,2.976847145321238,0.07457965719941018,ok,False,True,False,0
1375,1691752.0450769467,2.7382380678302765,0.26369030319673703,ok,False,True,False,1
1376,2036529.5384540146,2.983482740320884,0.09706162308658739,ok,False,True,False,0
1377,2696724.6462902343,2.9105040620312974,0.0852051235018888,ok,False,True,False,0
1378,2664903.431060507,2.9833082497603582,0.1014824406727341,ok,False,True,False,0
1379,1711514.164844361,2.860426832016644,0.2552386014498285,ok,False,True,False,1
1380,2286274.388818366,2.992666612660945,0.10484402355574285,ok,False,True,False,0
1381,1691752.0450769467,2.7349140360864004,0.24405543709563896,ok,False,True,False,1
1382,2020324.377618121,2.7124525090318556,0.1029093595027119,ok,False,True,False,0
1383,2189656.194263474,2.552120357697281,0.03867877720390156,ok,False,True,False,0
1384,2150216.1458454346,2.986431810830743,0.06269390805969544,ok,False,True,False,0
1385,3704482.3473552703,2.976167145574763,0.19770032941519822,ok,False,True,False,1
1386,2305673.413018333,2.6829521508729215,0.07914917127889462,ok,False,True,False,0
1387,2231593.7898793905,2.8963332452017707,0.06492934388279017,ok,False,True,False,0
1388,2190777.8720149035,2.721911271648179,0.05391677545624629,ok,False,True,False,0
1389,2096668.1002684047,2.988341859451767,0.15193725804224834,ok,False,True,False,0
1390,2275572.388772374,2.7467377409793166,0.08723818387068105,ok,False,True,False,0
1391,2139377.722835221,2.9814570426473157,0.09975700255837798,ok,False,True,False,0
1392,2087428.669018502,2.9774492359525833,0.10703736572188433,ok,False,True,False,0
1393,2109704.7895092615,2.909178563862323,0.09531422751078455,ok,False,True,False,0
1394,2252817.3446272262,2.9918397075438214,0.15173226749285412,ok,False,True,False,0
1395,1711514.164844361,2.6101828312565516,0.25797848904723225,ok,False,True,False,1
1396,2488568.964193768,2.9939712091596196,0.09698280667683898,ok,False,True,False,0
1397,2124095.0185173396,2.982859332943102,0.10255044127266133,ok,False,True,False,0
1398,2226268.7062418526,2.3152899061253436,0.08467460191570741,ok,False,True,False,0
1399,2054303.3736229152,2.993379519114634,0.07974420417991096,ok,False,True,False,0
1400,2144422.664056073,2.9640295435308115,0.10855885364216095,ok,False,True,False,0
1401,2041824.937667427,2.7056695294818445,0.07056635647953485,ok,False,True,False,0
1402,2109739.872470892,2.6060742964828467,0.04921709749520259,ok,False,True,False,0
1403,1691752.0450769467,2.836557700498739,0.21708985267276815,ok,False,True,False,1
1404,1691752.0450769467,2.719699746406346,0.24219596224816067,ok,False,True,False,1
1405,1691752.0450769467,2.91115401828539,0.24094117271553725,ok,False,True,False,1
1406,2727947.962328636,2.369573800556,0.08678907171697503,ok,False,True,False,0
1407,2082417.8983206279,2.732331379005964,0.05553996871897915,ok,False,True,False,0
1408,2534260.095485941,2.9612056495178978,0.13647465142799986,ok,False,True,False,0
1409,2035578.0263750043,2.8392003421547494,0.08142339436360424,ok,False,True,False,0
1410,1636214.7916851614,2.8432412416246136,0.2972319712353111,ok,False,True,False,1
1411,2025112.3874182447,2.887369518404273,0.11648475057568608,ok,False,True,False,0
1412,2086378.0125062738,2.7294360444549923,0.0488420176240324,ok,False,True,False,0
1413,2416222.4444638295,2.7682207045158886,0.06486691724520557,ok,False,True,False,0
1414,3241981.235047258,2.955934946591313,0.17939787606517754,ok,False,True,False,1
1415,3336148.5405456224,2.9190724560238337,0.17369454540959328,ok,False,True,False,1
1416,2018075.8206995681,2.8984637891336327,0.0795583852409335,ok,False,True,False,0
1417,2312998.2939309273,2.9728577876663147,0.07048377872782652,ok,False,True,False,0
1418,2048121.3024475721,2.6309876307766427,0.045966583620282206,ok,False,True,False,0
1419,2358370.8718994595,2.922728818052713,0.07124897439980385,ok,False,True,False,0
1420,2295308.7306265105,2.971159487444123,0.10934061616257307,ok,False,True,False,0
1421,1636214.7916851614,2.8392980424635805,0.23344281439352738,ok,False,True,False,1
1422,1636214.7916851614,2.866082172317445,0.22376753554846862,ok,False,True,False,1
1423,4848200.560735306,2.93451696232652,0.19104274946880317,ok,False,True,False,1
1424,2010077.0111821962,2.890958235139766,0.051716572849965115,ok,False,True,False,0
1425,2017202.0833795653,2.9054177966924364,0.12584084700408293,ok,False,True,False,0
1426,2273952.2098971168,2.9158944025977274,0.07553157746562789,ok,False,True,False,0
1427,2010868.3989468503,2.8607340831021135,0.14813822365664472,ok,False,True,False,0
1428,2018675.146025153,2.9152976312601715,0.06911896834370085,ok,False,True,False,0
1429,2016849.9013213064,2.8915186432986366,0.14333363879689942,ok,False,True,False,0
1430,2194441.243166484,2.7649046270478643,0.0698715472754512,ok,False,True,False,0
1431,2037515.2429672428,2.779825464849835,0.11615446674937635,ok,False,True,False,0
1432,2339731.6140750274,2.9786986378646576,0.09584833473086252,ok,False,True,False,0
1433,3372813.236175555,2.9923819370806397,0.17958764219119772,ok,False,True,False,1
1434,2082899.000583406,2.5479373521034736,0.07808093038622649,ok,False,True,False,0
1435,2024018.117936895,2.981020348221872,0.10518320828467734,ok,False,True,False,0
1436,2257381.866105337,2.9965595987410065,0.1460481300619309,ok,False,True,False,0
1437,1691752.0450769467,2.7294245982355614,0.2484763757349058,ok,False,True,False,1
1438,2013876.8053713767,2.927731629293474,0.13705709145786266,ok,False,True,False,0
1439,1711514.164844361,2.9699963236629294,0.24830633172185,ok,False,True,False,1
1440,3067684.838065175,2.8612766617865732,0.09697071033816637,ok,False,True,False,0
1441,1691752.0450769467,2.9418606452182674,0.23295046726893173,ok,False,True,False,1
1442,1636214.7916851614,2.8487539600118796,0.24422315046323334,ok,False,True,False,1
1443,2706860.4328617263,2.510135788198117,0.08686902329768575,ok,False,True,False,0
1444,1636214.7916851614,2.742425517974109,0.1966913370450047,ok,False,True,False,1
1445,2758147.792615955,2.9366396996467516,0.07541754082529861,ok,False,True,False,0
1446,2306725.004317075,2.938468384770993,0.08926192542759903,ok,False,True,False,0
1447,3035579.61266473,2.8933709327721315,0.0799563155917864,ok,False,True,False,0
1448,2058660.7608770935,2.631570587583845,0.08527921475158562,ok,False,True,False,0
1449,1711514.164844361,2.738363328273919,0.20743605428693707,ok,False,True,False,1
1450,2011052.258306391,2.9391743212381973,0.09408582450005876,ok,False,True,False,0
1451,1711514.164844361,2.975731273555855,0.26474789337522914,ok,False,True,False,1
1452,3009024.3280932177,2.859431625076915,0.0594752223588777,ok,False,True,False,0
1453,2025809.2589493552,2.8766271724785932,0.08038437618430194,ok,False,True,False,0
1454,2019370.4146570743,2.920884813531681,0.06719457974314383,ok,False,True,False,0
1455,2228398.349291821,2.996321342428632,0.10621587932299903,ok,False,True,False,0
1456,1691752.0450769467,2.870848215658304,0.22123583567286392,ok,False,True,False,1
1457,2225979.8653798387,2.859200549741967,0.10767886747849031,ok,False,True,False,0
1458,2104185.986340487,2.6660802167649997,0.06821898887331096,ok,False,True,False,0
1459,2411807.2266528234,2.424584802022829,0.0979887348412698,ok,False,True,False,0
1460,1691752.0450769467,2.7906730580104204,0.2008163380080556,ok,False,True,False,1
1461,2871900.920579439,2.9929056257429894,0.17644953634556476,ok,False,True,False,1
1462,2159844.0186100714,2.9844691501052623,0.11898169574543016,ok,False,True,False,0
1463,3331000.3769179583,2.500977896330361,0.07456512402549897,ok,False,True,False,0
1464,1711514.164844361,2.615837440774782,0.1924081247820691,ok,False,True,False,1
1465,2061891.153209543,2.8236639251932187,0.10716280962232516,ok,False,True,False,0
1466,3169268.8253102745,2.9178343203118375,0.1674890910561661,ok,False,True,False,0
1467,2033481.951901961,2.988501616808975,0.06848986488804376,ok,False,True,False,0
1468,2186562.6360196862,2.995942671226299,0.0917703017390209,ok,False,True,False,0
1469,2064823.5558578623,2.8132278869420713,0.11596434723779847,ok,False,True,False,0
1470,1691752.0450769467,2.7241953261012806,0.2174134093544854,ok,False,True,False,1
1471,3638139.4882341297,2.9167502446701636,0.12762854347940555,ok,False,True,False,0
1472,2109133.1948182844,2.962715456382789,0.13662588029531797,ok,False,True,False,0
1473,1636214.7916851614,2.5866868267004675,0.2138707776622581,ok,False,True,False,1
1474,2136946.475293692,2.992528598706093,0.09851136698276908,ok,False,True,False,0
1475,1691752.0450769467,2.7436924789800985,0.20302838224861036,ok,False,True,False,1
1476,2102393.322231076,2.793225357860231,0.08671826233854613,ok,False,True,False,0
1477,2020751.9327254624,2.9368372638678286,0.09169490696591265,ok,False,True,False,0
1478,2674092.8675634707,2.992224578888435,0.1738293496803497,ok,False,True,False,1
1479,1711514.164844361,2.642745325164584,0.22400470855393773,ok,False,True,False,1
1480,1691752.0450769467,2.6545970306278894,0.23461556119669005,ok,False,True,False,1
1481,2180368.33592285,2.949912298495464,0.11678619334376517,ok,False,True,False,0
1482,2068100.4922818684,2.4973173730698965,0.04828009620603052,ok,False,True,False,0
1483,2812084.354683376,2.9429235291013742,0.17155280301886422,ok,False,True,False,1
1484,1711514.164844361,2.5830128491077504,0.21678494459653538,ok,False,True,False,1
1485,2075173.051655584,2.9537452731931433,0.09306276915680645,ok,False,True,False,0
1486,2064077.1692516955,2.99315184816404,0.15544919994154976,ok,False,True,False,0
1487,1711514.164844361,2.7124829510354065,0.21812595565203557,ok,False,True,False,1
1488,2025343.3487521424,2.941939515014626,0.11915709560751103,ok,False,True,False,0
1489,1711514.164844361,2.712093488001234,0.24572398564302148,ok,False,True,False,1
1490,1691752.0450769467,2.8411117856187778,0.23470728677442865,ok,False,True,False,1
1491,3305333.9506324846,2.9026412026432693,0.13894874070480578,ok,False,True,False,0
1492,2161526.121311584,2.9496101775994585,0.11953464873416586,ok,False,True,False,0
1493,2124066.746160565,2.9769245311459005,0.0988669225512285,ok,False,True,False,0
1494,2717653.0581243495,2.997040849304073,0.14964953380143753,ok,False,True,False,0
1495,2018943.0413258616,2.99381460520533,0.11612641240063859,ok,False,True,False,0
1496,2013010.786182825,2.9130699809606444,0.07311252385459799,ok,False,True,False,0
1497,1691752.0450769467,2.7280173709016213,0.27925520889879524,ok,False,True,False,1
1498,1636214.7916851614,2.849822881748395,0.24728088651997648,ok,False,True,False,1
1499,1636214.7916851614,2.6373050864858727,0.1731538007345171,ok,False,True,False,1
1500,2236659.919477069,2.8974046425186892,0.16522168927146053,ok,False,True,False,0
1501,2206995.3226842918,2.996494777972435,0.06536641764035456,ok,False,True,False,0
1502,2264228.299683219,2.8684030713620317,0.07970440539946094,ok,False,True,False,0
1503,2039896.3454220423,2.965748178252234,0.05566143584600697,ok,False,True,False,0
1504,2134058.662565363,2.7650398878996327,0.08476605113655111,ok,False,True,False,0
1505,2533040.529546281,2.9721607606984706,0.06304238931331252,ok,False,True,False,0
1506,2336480.580523098,2.3246144433167046,0.07654919839358121,ok,False,True,False,0
1507,2165600.92812832,2.9724644418911597,0.10899091118231086,ok,False,True,False,0
1508,1711514.164844361,2.700191102732926,0.22509806470409371,ok,False,True,False,1
1509,1186516.1254582698,2.2758715651005783,0.39054720482593264,ok,False,True,False,1
1510,3266680.090379715,2.948011928892549,0.1002476102690576,ok,False,True,False,0
1511,1711514.164844361,2.757584586613805,0.23616191180768614,ok,False,True,False,1
1512,2661292.6739208284,2.99464348343076,0.13399791453034693,ok,False,True,False,0
1513,2490044.8143741568,2.912419403101874,0.1118621836707997,ok,False,True,False,0
1514,2532112.9318336993,2.986566755813019,0.1295838511778481,ok,False,True,False,0
1515,1636214.7916851614,2.9170746551471907,0.2636064357006541,ok,False,True,False,1
1516,2178185.0311216726,2.6372005937858995,0.05292113230594486,ok,False,True,False,0
1517,1711514.164844361,2.582020768529725,0.209788070644024,ok,False,True,False,1
1518,2100422.9421655596,2.9704335354106743,0.12128779232796694,ok,False,True,False,0
1519,2029075.6743325891,2.8288795386021564,0.07965123856952527,ok,False,True,False,0
1520,2745958.170672334,2.9716198082094136,0.1690370702030517,ok,False,True,False,0
1521,3108509.4128448567,2.2208374795115864,0.08450891929089466,ok,False,True,False,0
1522,2143159.5064044814,2.8512358205702326,0.0770068948391952,ok,False,True,False,0
1523,2049969.3244475957,2.9011479558534132,0.07556822271550467,ok,False,True,False,0
1524,2138879.3592998507,2.9804720205267548,0.10336141070292504,ok,False,True,False,0
1525,1636214.7916851614,2.867356040791826,0.2583774704410838,ok,False,True,False,1
1526,3157836.2947887154,2.973822596917964,0.17967377197648776,ok,False,True,False,1
1527,2573494.4294908117,2.8816339635241155,0.0678556192557423,ok,False,True,False,0
1528,2060389.822323027,2.9890739774099204,0.1391164788806205,ok,False,True,False,0
1529,1636214.7916851614,2.815406130195578,0.24456847099294526,ok,False,True,False,1
1530,2602123.9787602243,2.996379641441006,0.07283898125130883,ok,False,True,False,0
1531,2034895.6225975151,2.9878840620895666,0.08970351494261852,ok,False,True,False,0
1532,3576893.8876537695,2.284336762177968,0.06942569512108587,ok,False,True,False,0
1533,3520558.4729645564,2.3721282402375206,0.07953184461249602,ok,False,True,False,0
1534,2763737.0811295044,2.995023981906483,0.1199783922445875,ok,False,True,False,0
1535,1691752.0450769467,2.7667350904018333,0.22682696464369828,ok,False,True,False,1
1536,2301803.9565788144,2.9439838219301,0.07151916982745238,ok,False,True,False,0
1537,4106977.116889709,2.623972147052565,0.14037055265602782,ok,False,True,False,0
1538,1691752.0450769467,2.722870156259095,0.24100798770892667,ok,False,True,False,1
1539,2077329.3079078046,2.7916003008728367,0.12726364299901316,ok,False,True,False,0
1540,2292556.923187582,2.9932800058598708,0.08660328131978157,ok,False,True,False,0
1541,2131509.7139810557,2.6151086512633572,0.11290666794560933,ok,False,True,False,0
1542,1711514.164844361,2.9402599776264635,0.23595054993748008,ok,False,True,False,1
1543,1691752.0450769467,2.729540940668378,0.2537657137055898,ok,False,True,False,1
1544,1636214.7916851614,2.696374193218544,0.2734873498946345,ok,False,True,False,1
1545,2152394.7264142414,2.973777618317745,0.09505341050113114,ok,False,True,False,0
1546,2011569.5248899255,2.944606094198929,0.07618900949655338,ok,False,True,False,0
1547,2359540.268026696,2.476483057878646,0.09841158137201544,ok,False,True,False,0
1548,2017428.5877908436,2.829432600293893,0.07701766695184786,ok,False,True,False,0
1549,2015017.1243587364,2.740872651656924,0.08031982996834341,ok,False,True,False,0
1550,2588660.024377244,2.7844401468744566,0.101177115530343,ok,False,True,False,0
1551,2015434.2795698761,2.978413789308039,0.14569361453101837,ok,False,True,False,0
1552,2046600.9257726844,2.772257593301232,0.09241610508333495,ok,False,True,False,0
1553,2034990.5650006288,2.66212089461915,0.09159999356767878,ok,False,True,False,0
1554,2597681.9801973356,2.9556419418844975,0.11961634439052532,ok,False,True,False,0
1555,1711514.164844361,2.7861382583472634,0.2322478328139243,ok,False,True,False,1
1556,2035889.8794997653,2.870373100926292,0.09980371304010333,ok,False,True,False,0
1557,2014406.5739672892,2.9027736892645093,0.1016280393387281,ok,False,True,False,0
1558,2012996.682381056,2.7321814640584616,0.10042333073643867,ok,False,True,False,0
1559,2012819.7861426,2.5995549564182436,0.07481668599843849,ok,False,True,False,0
1560,2222521.720750822,2.885872537099236,0.07339645401823663,ok,False,True,False,0
1561,1636214.7916851614,2.5567227880232557,0.2297649900289091,ok,False,True,False,1
1562,1636214.7916851614,2.543902015211384,0.2410680690491945,ok,False,True,False,1
1563,2064432.050432943,2.740634849822444,0.08582298112827935,ok,False,True,False,0
1564,2027787.4687784612,2.996337381502923,0.12148924773436809,ok,False,True,False,0
1565,2542058.709114392,2.924672895335496,0.0579921576506201,ok,False,True,False,0
1566,1691752.0450769467,2.7691947799381422,0.1601138445939278,ok,False,True,False,0
1567,2166882.7952326615,2.9664318145060453,0.09836941317316769,ok,False,True,False,0
1568,2027582.8355032916,2.733998559353015,0.08468790739984677,ok,False,True,False,0
1569,2033953.8157793542,2.943803667494922,0.0795379494817311,ok,False,True,False,0
1570,2024333.3323172745,2.7201343054412783,0.100106705981297,ok,False,True,False,0
1571,1691752.0450769467,2.7946424369084504,0.2050697587908637,ok,False,True,False,1
1572,1691752.0450769467,2.821980025686125,0.2520324007712312,ok,False,True,False,1
1573,2028868.6767464073,2.976744686747862,0.09734479138088759,ok,False,True,False,0
1574,1691752.0450769467,2.777040998110336,0.23184143289448306,ok,False,True,False,1
1575,1636214.7916851614,2.41850007823436,0.08599661406275991,ok,False,True,False,0
1576,2105755.6893055895,2.9818936608999955,0.06712661604979742,ok,False,True,False,0
1577,1691752.0450769467,2.6336610898190203,0.23676559580065626,ok,False,True,False,1
1578,2069179.484985109,2.986528349413315,0.06895939423315967,ok,False,True,False,0
1579,2981412.473001407,2.9512674987378205,0.12758543778769071,ok,False,True,False,0
1580,2042699.9783772456,2.9847843247316406,0.1669539901111728,ok,False,True,False,0
1581,1636214.7916851614,2.641380280235488,0.2526869143538864,ok,False,True,False,1
1582,1636214.7916851614,2.5907512958524777,0.20019904148243073,ok,False,True,False,1
1583,1691752.0450769467,2.905957585250677,0.22564942946258842,ok,False,True,False,1
1584,1636214.7916851614,2.600729692382491,0.2690178836543314,ok,False,True,False,1
1585,1484707.709926356,2.3896544398061645,0.3170797240149581,ok,False,True,False,1
1586,2578779.42761073,2.9553913695299494,0.15406576709982522,ok,False,True,False,0
1587,2038233.1497569506,2.966708293846491,0.07746165321565612,ok,False,True,False,0
1588,2012105.133151249,2.8900669907499825,0.06593791309393138,ok,False,True,False,0
1589,2102541.2679834757,2.4055983615556937,0.06988774950852517,ok,False,True,False,0
1590,2214045.527441723,2.5990182188407465,0.10844580525404046,ok,False,True,False,0
1591,2347285.7167129507,2.987077479327322,0.1148142815527381,ok,False,True,False,0
1592,2280735.8807857153,2.9590015432980894,0.07011821366592091,ok,False,True,False,0
1593,2016581.7415840325,2.883202603294944,0.07660468424571287,ok,False,True,False,0
1594,3324756.63307501,2.708909239441388,0.0738743428602906,ok,False,True,False,0
1595,2012196.935924225,2.9480338196887748,0.0530182055285745,ok,False,True,False,0
1596,2540497.695427041,2.990854832946555,0.05313737434712229,ok,False,True,False,0
1597,1691752.0450769467,2.7490903741273396,0.25937478332204406,ok,False,True,False,1
1598,1636214.7916851614,2.6786389980604506,0.29814992991985645,ok,False,True,False,1
1599,1691752.0450769467,2.8819202206770855,0.22912074742808644,ok,False,True,False,1
1600,2152219.7387914867,2.805593346550949,0.07485900731393846,ok,False,True,False,0
1601,1691752.0450769467,2.859710459751761,0.21195978410162433,ok,False,True,False,1
1602,1484707.709926356,2.334741914285877,0.2952309582823791,ok,False,True,False,1
1603,2548583.570806493,2.96178142604972,0.07039930291978136,ok,False,True,False,0
1604,2150817.9336534697,2.8965145831084804,0.08078866693368858,ok,False,True,False,0
1605,1636214.7916851614,2.6127401818322147,0.2727575211478159,ok,False,True,False,1
1606,2149709.532000515,2.987405827250276,0.11042981751485492,ok,False,True,False,0
1607,2266286.5086262063,2.655258171486053,0.07820996562361704,ok,False,True,False,0
1608,2045794.6261053653,2.6035316649148004,0.08667626985414478,ok,False,True,False,0
1609,2058737.0842389457,2.929411642476029,0.12079569230366274,ok,False,True,False,0
1610,1711514.164844361,2.920165612924235,0.2070924353857731,ok,False,True,False,1
1611,2031713.5932617858,2.86946151933886,0.06370424082186132,ok,False,True,False,0
1612,2577444.281260711,2.558106403468561,0.07128122738148857,ok,False,True,False,0
1613,2205385.0229203957,2.6560547538728123,0.09182802315754135,ok,False,True,False,0
1614,2030556.541151959,2.9684972787658848,0.10852920877823592,ok,False,True,False,0
1615,2046601.3571279147,2.877973595715444,0.10104616919005177,ok,False,True,False,0
1616,3435304.780426339,2.9247324695213424,0.18171290029636966,ok,False,True,False,1
1617,4597697.964659081,2.944060239449451,0.16483900296493004,ok,False,True,False,0
1618,2057494.4704913602,2.9699881154162835,0.07602644983433215,ok,False,True,False,0
1619,2133069.1838072506,2.901518303307606,0.0742474555408405,ok,False,True,False,0
1620,1711514.164844361,2.7969161521626544,0.21495891480842086,ok,False,True,False,1
1621,2163793.8078281893,2.6461311037354323,0.07302089053311822,ok,False,True,False,0
1622,1691752.0450769467,2.6629743247674034,0.2830260487212655,ok,False,True,False,1
1623,2076029.9369982881,2.5968576228225357,0.08337829121384532,ok,False,True,False,0
1624,2361752.6568518034,2.682347960910435,0.09700988794188958,ok,False,True,False,0
1625,2275065.884255213,2.9526620859278587,0.1525642850782578,ok,False,True,False,0
1626,4934434.888596856,2.733382614922898,0.11045820782649152,ok,False,True,False,0
1627,3190922.0157694058,2.460736050504761,0.07353740546282539,ok,False,True,False,0
1628,2017166.0557500795,2.8768845327151533,0.13349141595389025,ok,False,True,False,0
1629,2022033.4584726666,2.6285840296314777,0.05861693353869324,ok,False,True,False,0
1630,2008892.6345462874,2.860724452221704,0.08798907114243226,ok,False,True,False,0
1631,2033596.3515086144,2.583106016124887,0.053137061631616356,ok,False,True,False,0
1632,1691752.0450769467,2.670850762831402,0.2281280292628474,ok,False,True,False,1
1633,1691752.0450769467,2.600211963804794,0.21667341435341994,ok,False,True,False,1
1634,2969806.8905523936,2.7495964934224237,0.1082649512032276,ok,False,True,False,0
1635,2059666.4259340563,2.903691974221551,0.08484021322046521,ok,False,True,False,0
1636,1691752.0450769467,2.7680005244786274,0.19685876536408828,ok,False,True,False,1
1637,2212530.3912113197,2.9950347189357185,0.1119290106083152,ok,False,True,False,0
1638,2595197.082729119,2.760279802161495,0.08432671158806171,ok,False,True,False,0
1639,2018436.0035141243,2.9780788499543114,0.06819976240748793,ok,False,True,False,0
1640,2456198.8660977334,2.79426260238611,0.10765711480083628,ok,False,True,False,0
1641,1636214.7916851614,2.7285134451093276,0.2096210623835799,ok,False,True,False,1
1642,2227299.2937205727,2.9755500268062653,0.14241074586715077,ok,False,True,False,0
1643,2930343.0098331696,2.973182090388925,0.19664805345269043,ok,False,True,False,1
1644,2105143.189799619,2.9858697579571194,0.06917530196053034,ok,False,True,False,0
1645,3437213.174985096,2.975585731662148,0.14462572018932165,ok,False,True,False,0
1646,1691752.0450769467,2.7191590398489955,0.1715576613140618,ok,False,True,False,1
1647,1711514.164844361,2.7954783645020083,0.21244908650778943,ok,False,True,False,1
1648,1691752.0450769467,2.8815618380502137,0.23272860354304686,ok,False,True,False,1
1649,2216214.02264567,2.982646757490061,0.1267901786433827,ok,False,True,False,0
1650,1636214.7916851614,2.8754319964381394,0.26147995719466915,ok,False,True,False,1
1651,2184277.295253446,2.981550024622721,0.08246294881143548,ok,False,True,False,0
1652,2150954.1601209235,2.789241094307075,0.0721093013706077,ok,False,True,False,0
1653,2027723.143032134,2.950741819645383,0.10217908996739589,ok,False,True,False,0
1654,1691752.0450769467,2.7036438261217763,0.20807747186420777,ok,False,True,False,1
1655,2010340.9201234349,2.8568107650401933,0.05163252151834308,ok,False,True,False,0
1656,2077735.1312638086,2.9940549946101154,0.12978066448579836,ok,False,True,False,0
1657,2080017.660892542,2.5469686173667343,0.09514836124114529,ok,False,True,False,0
1658,5005853.499440728,2.388829621265449,0.21950035246248412,ok,False,True,False,1
1659,3255578.8437584713,2.523611224234914,0.12406758855510802,ok,False,True,False,0
1660,1691752.0450769467,2.817543553397907,0.29078680497372067,ok,False,True,False,1
1661,2181380.996241934,2.9751298683847485,0.1090432041609477,ok,False,True,False,0
1662,2052052.245164725,2.973190132207929,0.08263517092929255,ok,False,True,False,0
1663,2255812.165554673,2.7090034324962255,0.11591816860408732,ok,False,True,False,0
1664,1711514.164844361,2.9566559761125806,0.21927479978240363,ok,False,True,False,1
1665,2015091.4398333072,2.977834804012116,0.11608888553206675,ok,False,True,False,0
1666,2097628.021259334,2.6157670490849005,0.11036121445882585,ok,False,True,False,0
1667,2105056.17549866,2.638538671694654,0.050125706817107596,ok,False,True,False,0
1668,1711514.164844361,2.7296793512869657,0.22057877000930085,ok,False,True,False,1
1669,1691752.0450769467,2.730122873831598,0.26657660693334595,ok,False,True,False,1
1670,4452103.345360427,2.958309621234987,0.17122398187142818,ok,False,True,False,0
1671,1691752.0450769467,2.6869854849469554,0.24359232575552275,ok,False,True,False,1
1672,2101150.646673261,2.7138044816473057,0.0743355580688822,ok,False,True,False,0
1673,2540674.5064667063,2.931890926997751,0.07692166877181705,ok,False,True,False,0
1674,1691752.0450769467,2.6845434287604713,0.2479766522906895,ok,False,True,False,1
1675,2418843.271989516,2.9916687774607107,0.11421265307372966,ok,False,True,False,0
1676,2040013.1672034184,2.5387058745002875,0.05783161262596437,ok,False,True,False,0
1677,2012698.0290046202,2.9932446430007307,0.0837518242415719,ok,False,True,False,0
1678,2013520.3637708465,2.9912267847423135,0.1080354617098539,ok,False,True,False,0
1679,2274114.1678103385,2.988962415935399,0.1146877347417789,ok,False,True,False,0
1680,2054337.9207869947,2.7413860381119894,0.0690129910952536,ok,False,True,False,0
1681,1691752.0450769467,2.680533621783085,0.1629076149164519,ok,False,True,False,0
1682,1691752.0450769467,2.7936897289303433,0.20710082921691214,ok,False,True,False,1
1683,1691752.0450769467,2.760545148742465,0.19991319374082683,ok,False,True,False,1
1684,3408829.701444323,2.94104622512122,0.13878521133966193,ok,False,True,False,0
1685,2031219.932380656,2.966222728340307,0.09773043364609213,ok,False,True,False,0
1686,1636214.7916851614,2.6916564743442004,0.21311949879987208,ok,False,True,False,1
1687,2034604.1422323196,2.9701921526470905,0.127262469878757,ok,False,True,False,0
1688,1186516.1254582698,2.273306368810405,0.4211454464468937,ok,False,True,False,1
1689,2365792.587499452,2.9566334691738274,0.10295247121334905,ok,False,True,False,0
1690,2108926.45762328,2.9719389831492036,0.08593894160750315,ok,False,True,False,0
1691,4242773.789941988,2.9103270862521278,0.0933706771263747,ok,False,True,False,0
1692,2137553.517704934,2.9014349450713057,0.05679055357796903,ok,False,True,False,0
1693,2033559.0594735888,2.9067666175691764,0.12153067254996275,ok,False,True,False,0
1694,1711514.164844361,2.790146064295458,0.19478427634441137,ok,False,True,False,1
1695,2520728.538707617,2.7440044454860484,0.0757277457410398,ok,False,True,False,0
1696,2825124.8367003356,2.5301285408499687,0.11619254431680498,ok,False,True,False,0
1697,1691752.0450769467,2.7883260383209176,0.22936787965402264,ok,False,True,False,1
1698,2051684.4804381991,2.681135747160547,0.07047073960055328,ok,False,True,False,0
1699,4807603.190475992,2.696788030098677,0.13225740443236356,ok,False,True,False,0
1700,2307895.92358238,2.6905985216114026,0.07035217148171902,ok,False,True,False,0
1701,2049800.9040929335,2.700023281091579,0.09478844194108882,ok,False,True,False,0
1702,2053300.4660639295,2.994239721280839,0.13664353127917583,ok,False,True,False,0
1703,2391132.8748359815,2.650527014670966,0.08519158692108686,ok,False,True,False,0
1704,3374139.741197371,2.868850591739335,0.07347783231781979,ok,False,True,False,0
1705,2736220.180495549,2.9799679571964806,0.16436471175247502,ok,False,True,False,0
1706,2202542.0130820777,2.48264051188188,0.06743132425757414,ok,False,True,False,0
1707,1691752.0450769467,2.6463032675466223,0.21974754648782174,ok,False,True,False,1
1708,1636214.7916851614,2.633795052658974,0.272642795838988,ok,False,True,False,1
1709,1691752.0450769467,2.723254729464564,0.20858405869545238,ok,False,True,False,1
1710,1636214.7916851614,2.5966777322500674,0.2729450475424383,ok,False,True,False,1
1711,2018364.5088871608,2.7506808843643498,0.0713810501347002,ok,False,True,False,0
1712,2021382.7785463084,2.9924142991643015,0.09946577248855953,ok,False,True,False,0
1713,1636214.7916851614,2.7876149392829888,0.21993049259073338,ok,False,True,False,1
1714,2191027.089014157,2.9268721634906845,0.060255504338132426,ok,False,True,False,0
1715,2706662.984099556,2.9264231218822374,0.13927063789108796,ok,False,True,False,0
1716,1691752.0450769467,2.759038185902094,0.2325230428501124,ok,False,True,False,1
1717,2042203.1990528444,2.971758142541348,0.06719158888772514,ok,False,True,False,0
1718,1636214.7916851614,2.585046672980404,0.2267768824624702,ok,False,True,False,1
1719,1691752.0450769467,2.6270091665270323,0.21550356479198138,ok,False,True,False,1
1720,3064774.612475996,2.9388016881199297,0.06859959289074768,ok,False,True,False,0
1721,1691752.0450769467,2.9623880900711326,0.18904121952907837,ok,False,True,False,1
1722,2029948.0778326746,2.8978372128015826,0.12354792845626794,ok,False,True,False,0
1723,1636214.7916851614,2.684814354968232,0.2931471439348454,ok,False,True,False,1
1724,1691752.0450769467,2.617000202701595,0.1919162862877446,ok,False,True,False,1
1725,2144554.134193946,2.646807396965838,0.08618627908024923,ok,False,True,False,0
1726,3072967.0851042885,2.8808082907536448,0.2154246481158087,ok,False,True,False,1
1727,2034989.2591802354,2.732538136654529,0.06696406858081982,ok,False,True,False,0
1728,1691752.0450769467,2.6129051387238054,0.2033208590349362,ok,False,True,False,1
1729,4623624.87586894,2.8269651748053057,0.15148383391046227,ok,False,True,False,0
1730,2264346.2850419576,2.9759486525469874,0.05172140963476701,ok,False,True,False,0
1731,3705182.827730962,2.887874926448882,0.1943101127274942,ok,False,True,False,1
1732,2046324.3014254824,2.9768044782690994,0.11490170863467747,ok,False,True,False,0
1733,3127929.4528883686,2.7493156232632026,0.05842272268129234,ok,False,True,False,0
1734,2016635.8714624054,2.81843333115002,0.08611979945617443,ok,False,True,False,0
1735,2030713.133355285,2.9352386294090143,0.07748766980113553,ok,False,True,False,0
1736,1711514.164844361,2.6561963763388654,0.23069247951855337,ok,False,True,False,1
1737,2271130.4764433983,2.9764061822118038,0.0668160466312262,ok,False,True,False,0
1738,2016260.896581921,2.9710734763072555,0.09963714962835762,ok,False,True,False,0
1739,2052958.0875529435,2.9969107930275136,0.0916637447868931,ok,False,True,False,0
1740,2854634.877168113,2.728517886463132,0.13965962050326491,ok,False,True,False,0
1741,2388283.3021582947,2.985469796801575,0.09103545784038074,ok,False,True,False,0
1742,2035181.527312165,2.8435071028084904,0.07101842164116334,ok,False,True,False,0
1743,2041391.6049608386,2.997948779876131,0.06447668126743863,ok,False,True,False,0
1744,1711514.164844361,2.936184989002353,0.22356501602608267,ok,False,True,False,1
1745,2030335.7616164945,2.660231990303155,0.12768302671240295,ok,False,True,False,0
1746,2009683.3134107753,2.8744157418787877,0.0621652362854751,ok,False,True,False,0
1747,1636214.7916851614,2.951589902276994,0.22651015418032677,ok,False,True,False,1
1748,4425038.857439475,2.9200473226612127,0.14411367220095506,ok,False,True,False,0
1749,1691752.0450769467,2.684277927394234,0.25126294372023317,ok,False,True,False,1
1750,2107108.2043914096,2.960928190624725,0.10512428111823824,ok,False,True,False,0
1751,2008409.7102151248,2.854945189474587,0.05772928386006149,ok,False,True,False,0
1752,2057609.1822469225,2.9444735431065645,0.1706835352440244,ok,False,True,False,0
1753,2034213.255941284,2.9645072307923535,0.15321856242392945,ok,False,True,False,0
1754,2010827.8823282472,2.6256365988370405,0.060997718915417276,ok,False,True,False,0
1755,2020658.9811547955,2.39418087630389,0.06511920039125563,ok,False,True,False,0
1756,3612985.4587918585,2.9491915591271196,0.11628264015776457,ok,False,True,False,0
1757,2020531.790305136,2.9724948050356548,0.06446095167133803,ok,False,True,False,0
1758,2033795.4407220602,2.971785142679705,0.14312325619148591,ok,False,True,False,0
1759,1636214.7916851614,2.6332554667527233,0.2753583070679154,ok,False,True,False,1
1760,1636214.7916851614,2.7055568346440992,0.25945938095061605,ok,False,True,False,1
1761,2223857.372729642,2.7245678906220534,0.05587721279002533,ok,False,True,False,0
1762,2574099.659302332,2.953201618954913,0.21204005150421962,ok,False,True,False,1
1763,2710526.0348150153,2.9818530365242966,0.14554733717763113,ok,False,True,False,0
1764,2024285.6043690224,2.7170569516682384,0.10581531945767775,ok,False,True,False,0
1765,1691752.0450769467,2.9815644256278615,0.256664502030366,ok,False,True,False,1
1766,3194232.489281807,2.980529801886255,0.07838440856005213,ok,False,True,False,0
1767,2655071.235192895,2.982863771002507,0.10408790507742996,ok,False,True,False,0
1768,2150012.144816966,2.7008525561761254,0.08026602281627798,ok,False,True,False,0
1769,2044779.6668013819,2.6237660704149435,0.05449081621149432,ok,False,True,False,0
1770,2680688.418169926,2.9913258933660414,0.09433821505732037,ok,False,True,False,0
1771,2884631.525552487,2.9544982351764584,0.1366964106176668,ok,False,True,False,0
1772,2377538.019712465,2.7011666920607684,0.09089246699605863,ok,False,True,False,0
1773,3129892.578419306,2.975569400924263,0.12146305067684537,ok,False,True,False,0
1774,4169580.4256446636,2.816882058948643,0.12787717940977134,ok,False,True,False,0
1775,2989666.579626568,2.7069122770736085,0.07393856671818333,ok,False,True,False,0
1776,1691752.0450769467,2.8628445445022734,0.206742276113018,ok,False,True,False,1
1777,2165175.3851813423,2.6908097994059696,0.08443497713060935,ok,False,True,False,0
1778,2224163.417842376,2.994987926833908,0.09898712424912992,ok,False,True,False,0
1779,2018132.0074268668,2.5039827123368825,0.09571765318450154,ok,False,True,False,0
1780,2137604.276439379,2.97885767139243,0.11279426626561406,ok,False,True,False,0
1781,2072814.2527325412,2.858545511706123,0.09193821511675691,ok,False,True,False,0
1782,1691752.0450769467,2.791342242822066,0.2436328784121219,ok,False,True,False,1
1783,2043684.6837516394,2.9924991907497107,0.09568431743862094,ok,False,True,False,0
1784,2244927.8679691334,2.647040314614148,0.10255799750315275,ok,False,True,False,0
1785,1711514.164844361,2.71776477141714,0.2187651174791421,ok,False,True,False,1
1786,2042802.1522451425,2.6887764031647636,0.03296189854662268,ok,False,True,False,0
1787,1711514.164844361,2.812073951839703,0.22432737588718735,ok,False,True,False,1
1788,1691752.0450769467,2.7161935680038476,0.2327743799444382,ok,False,True,False,1
1789,2133303.3619404268,2.8516174618396555,0.0831913786310523,ok,False,True,False,0
1790,1636214.7916851614,2.840827729579444,0.24940985133835797,ok,False,True,False,1
1791,1636214.7916851614,2.7954432824355617,0.21424909638659234,ok,False,True,False,1
1792,1636214.7916851614,2.682603496291157,0.2638422052748836,ok,False,True,False,1
1793,4366881.68269542,2.9207529876717633,0.13112315142873354,ok,False,True,False,0
1794,2222493.232739741,2.9592715188857106,0.10983297439703446,ok,False,True,False,0
1795,2008482.6065846065,2.9905512592161205,0.1029105776549466,ok,False,True,False,0
1796,2105428.790311858,2.976884542882653,0.08670031876846629,ok,False,True,False,0
1797,2014225.4090401842,2.913966790900412,0.10377857992999734,ok,False,True,False,0
1798,1391604.936285155,2.3386418106454605,0.35859856909785254,ok,False,True,False,1
1799,1691752.0450769467,2.5887613185164824,0.21648183803135423,ok,False,True,False,1
1800,4468226.6207329715,2.852965900445085,0.1695894209933868,ok,False,True,False,0
1801,1711514.164844361,2.926090590601751,0.23434444687415393,ok,False,True,False,1
1802,2088607.7086823091,2.7791561469972814,0.05469561314845878,ok,False,True,False,0
1803,3176363.986246407,2.9907058100453927,0.09771046223921875,ok,False,True,False,0
1804,2166189.9112689113,2.782993810673937,0.058379985366247666,ok,False,True,False,0
1805,1711514.164844361,2.7976821005307286,0.21388255110452364,ok,False,True,False,1
1806,1691752.0450769467,2.7594961770973074,0.2622500539616636,ok,False,True,False,1
1807,2099347.5285689477,2.9951143357276115,0.1013740146841351,ok,False,True,False,0
1808,4324515.959964408,2.932594677329888,0.1974806122939148,ok,False,True,False,1
1809,2098074.0663941656,2.8355361295109294,0.03810634393200796,ok,False,True,False,0
1810,3242217.2176640215,2.6148529044893003,0.06932529427264056,ok,False,True,False,0
1811,2015654.5554121595,2.7401121990395305,0.07358667893378346,ok,False,True,False,0
1812,2014514.413912673,2.560117079171115,0.07792479337676139,ok,False,True,False,0
1813,2043545.0741177374,2.7719866348095694,0.05609075053868351,ok,False,True,False,0
1814,2098570.5021238923,2.7674403842609667,0.08139845630418663,ok,False,True,False,0
1815,2691034.4561568736,2.981037191922228,0.09634465648777035,ok,False,True,False,0
1816,1636214.7916851614,2.575256348592345,0.20636005384639053,ok,False,True,False,1
1817,2830409.9067352675,2.435094832333799,0.07831428950490471,ok,False,True,False,0
1818,1691752.0450769467,2.7120043723849707,0.2504274845314134,ok,False,True,False,1
1819,2257885.320373616,2.980176891606357,0.09011662118342312,ok,False,True,False,0
1820,2130943.3034306355,2.9970083463519597,0.07368176257465288,ok,False,True,False,0
1821,5305764.474548875,2.568203880496633,0.2078180911730796,ok,False,True,False,1
1822,3647515.8449348365,2.970501484752562,0.11735111074397282,ok,False,True,False,0
1823,2110064.7593481024,2.9977999974207523,0.13278556869208785,ok,False,True,False,0
1824,2088155.6901135445,2.9880852843540353,0.07411992863991679,ok,False,True,False,0
1825,2028977.5906789594,2.739615175625073,0.09211001377757821,ok,False,True,False,0
1826,1691752.0450769467,2.0985188740378486,0.14050085739461635,ok,False,True,False,0
1827,2017991.9554012876,2.9458723206636983,0.10479192215528843,ok,False,True,False,0
1828,2121807.2847383944,2.451472612889921,0.05063913541899068,ok,False,True,False,0
1829,2258162.1136786705,2.9377775810911384,0.07156168778997066,ok,False,True,False,0
1830,3138408.467328301,2.9814966932860902,0.08122934757357309,ok,False,True,False,0
1831,2059514.1117197068,2.97850447123963,0.17434183956678884,ok,False,True,False,1
1832,2011020.1931592799,2.6828632611562107,0.11037923309303177,ok,False,True,False,0
1833,2343732.769695084,2.700106890519853,0.06717090077580834,ok,False,True,False,0
1834,3821811.8262573495,2.983778085530521,0.15314550554133255,ok,False,True,False,0
1835,2139563.107029244,2.9608205452532745,0.09298045293208651,ok,False,True,False,0
1836,2066775.9034135784,2.9241853567112166,0.10113129005667831,ok,False,True,False,0
1837,2044772.9419407013,2.9893896656580483,0.054496699751778344,ok,False,True,False,0
1838,2037813.7344879117,2.8856263322955424,0.0526688954669331,ok,False,True,False,0
1839,1691752.0450769467,2.913812695088503,0.25989198244901784,ok,False,True,False,1
1840,2302968.182479015,2.824726967799706,0.08660231588696321,ok,False,True,False,0
1841,2668820.338376982,2.9638240733044854,0.13631885301724278,ok,False,True,False,0
1842,1691752.0450769467,2.7363910108170373,0.24380938167564858,ok,False,True,False,1
1843,2050238.3677192319,2.921881838824193,0.0934952666829974,ok,False,True,False,0
1844,3017642.8655093396,2.9279380463182996,0.12137522597303751,ok,False,True,False,0
1845,2175453.1893193964,2.809854360155014,0.058239414447049886,ok,False,True,False,0
1846,2163733.6456592106,2.9877154255788576,0.11582558632460332,ok,False,True,False,0
1847,1691752.0450769467,2.833516235456795,0.2736270852063988,ok,False,True,False,1
1848,2311907.383851873,2.7428314780722087,0.06942243027890643,ok,False,True,False,0
1849,3040745.6740008327,2.9281440801004455,0.18953848966790848,ok,False,True,False,1
1850,2152975.9585501663,2.982201710181075,0.11737583310874716,ok,False,True,False,0
1851,2281157.0682308176,2.279233371807165,0.07154588387758526,ok,False,True,False,0
1852,2037982.6741689153,2.7590180027974163,0.08420736012042529,ok,False,True,False,0
1853,2284328.6711715963,2.4478260767393776,0.06726868756216525,ok,False,True,False,0
1854,2114183.3295906913,2.7928174418519385,0.06874525788853791,ok,False,True,False,0
1855,2096797.1942464067,2.8026893721706276,0.06285389543499376,ok,False,True,False,0
1856,2567143.3911037287,2.944724900928336,0.09954501854246878,ok,False,True,False,0
1857,1711514.164844361,2.884481422329106,0.21474104917407436,ok,False,True,False,1
1858,2201324.848093825,2.987450266657474,0.09829237819427017,ok,False,True,False,0
1859,2045396.358233869,2.754849130934244,0.06993184060843627,ok,False,True,False,0
1860,1691752.0450769467,2.6305502275286705,0.2551612830857386,ok,False,True,False,1
1861,2381857.078866046,2.5987281652364134,0.05768667059529098,ok,False,True,False,0
1862,1711514.164844361,2.9022698171142403,0.22981117209103363,ok,False,True,False,1
1863,2029338.3128749018,2.9230223727312605,0.07020776681647745,ok,False,True,False,0
1864,2034102.272924193,2.9966944006325544,0.12700474132089723,ok,False,True,False,0
1865,1711514.164844361,2.912334580238701,0.24462439392635393,ok,False,True,False,1
1866,3353164.8693528674,2.8969888407344184,0.11554988976308,ok,False,True,False,0
1867,3084812.7808309714,2.9221334005932187,0.09690154815629459,ok,False,True,False,0
1868,2670927.878343061,2.9649318237033295,0.09267362761321946,ok,False,True,False,0
1869,2089897.7044994307,2.9615707928543697,0.12902517690408266,ok,False,True,False,0
1870,1636214.7916851614,2.775980719161492,0.1632477742328192,ok,False,True,False,0
1871,2732340.9167313334,2.9675833354982473,0.18015026560375275,ok,False,True,False,1
1872,1711514.164844361,2.618975628924714,0.2168185111533702,ok,False,True,False,1
1873,1636214.7916851614,2.5675239389644373,0.2493527567663293,ok,False,True,False,1
1874,1484707.709926356,2.3788918733155624,0.318170520382823,ok,False,True,False,1
1875,1186516.1254582698,2.141343832664233,0.21850178457711478,ok,False,True,False,1
1876,2278231.676019378,2.5849950104686075,0.053834907945632615,ok,False,True,False,0
1877,2358889.6774972733,2.7885488360979274,0.09292435906059748,ok,False,True,False,0
1878,1711514.164844361,2.5868287804514245,0.2497616484815307,ok,False,True,False,1
1879,1691752.0450769467,2.910321963566695,0.19971278628122124,ok,False,True,False,1
1880,2017039.231698741,2.701605817689515,0.14728706369720196,ok,False,True,False,0
1881,1711514.164844361,2.6362427589847717,0.26545275252150713,ok,False,True,False,1
1882,2026477.894755636,2.9910367655151644,0.07325568173557007,ok,False,True,False,0
1883,1711514.164844361,2.6854032096232476,0.2173685609498976,ok,False,True,False,1
1884,2082328.638287641,2.7230531834685774,0.056469303986586894,ok,False,True,False,0
1885,3569189.1453641355,2.3086076257038792,0.07596965231137742,ok,False,True,False,0
1886,2290478.1771799778,2.9882313597594785,0.16077530617147928,ok,False,True,False,0
1887,2070578.8358174663,2.9776028214153554,0.11448558728157182,ok,False,True,False,0
1888,3376153.057882844,2.7925809354614755,0.19221315537318295,ok,False,True,False,1
1889,2657606.2529422124,2.9338311849274117,0.08267197911755997,ok,False,True,False,0
1890,2009113.0809503836,2.9374466785499447,0.09820977012318632,ok,False,True,False,0
1891,1691752.0450769467,2.817868871917189,0.18731553454905958,ok,False,True,False,1
1892,1691752.0450769467,2.75953238392852,0.255212172052286,ok,False,True,False,1
1893,2762043.8471067343,2.877779339226591,0.0806431287911944,ok,False,True,False,0
1894,1691752.0450769467,2.6302007159173275,0.21597956980934377,ok,False,True,False,1
1895,1711514.164844361,2.6846504750877385,0.2627777712423631,ok,False,True,False,1
1896,1691752.0450769467,2.901384712663983,0.1816189205209,ok,False,True,False,1
1897,2124458.6996541675,2.6917158137875905,0.058041813293266076,ok,False,True,False,0
1898,1711514.164844361,2.5887345715302734,0.22634339233818346,ok,False,True,False,1
1899,1636214.7916851614,2.4919054800747915,0.24825902790125146,ok,False,True,False,1
1900,1691752.0450769467,2.7322066336324724,0.2535574868733413,ok,False,True,False,1
1901,2013177.3083121995,2.6835344260744636,0.07650326413276515,ok,False,True,False,0
1902,1691752.0450769467,2.8871543182321275,0.2418068265091381,ok,False,True,False,1
1903,3988949.902749981,2.5900439359118588,0.11972997372239891,ok,False,True,False,0
1904,3106531.859884955,2.3809928529075277,0.06682616365164257,ok,False,True,False,0
1905,2586262.2802799162,2.9637110887091858,0.08550043111150318,ok,False,True,False,0
1906,2215282.6663338896,2.985415424191044,0.1073730438218827,ok,False,True,False,0
1907,1391604.936285155,2.37387578200285,0.26140091106757135,ok,False,True,False,1
1908,2030251.9286130678,2.968634464063463,0.09589659441373455,ok,False,True,False,0
1909,1691752.0450769467,2.9994728813016365,0.20010031713512547,ok,False,True,False,1
1910,1636214.7916851614,2.5840769620082344,0.2694279138737083,ok,False,True,False,1
1911,2217926.5611427906,2.735492641765365,0.10051084097070928,ok,False,True,False,0
1912,2133090.7996085975,2.9226462145418446,0.046784526847504004,ok,False,True,False,0
1913,3090080.447440682,2.982269749005391,0.13663950918578038,ok,False,True,False,0
1914,2143564.150449293,2.828257774084409,0.16802987733879576,ok,False,True,False,0
1915,2374307.427288717,2.918434842362828,0.09583820733916926,ok,False,True,False,0
1916,1691752.0450769467,2.8707352808960835,0.27775606191248214,ok,False,True,False,1
1917,3769891.2713313974,2.7913502195543005,0.15115254622308982,ok,False,True,False,0
1918,2102898.1494154534,2.929217649875894,0.0715111638331224,ok,False,True,False,0
1919,2108933.3636386893,2.989509399064719,0.10157606401054653,ok,False,True,False,0
1920,2403319.552388762,2.7507499656792156,0.08271201663835501,ok,False,True,False,0
1921,1691752.0450769467,2.7450632074874255,0.24304786453498797,ok,False,True,False,1
1922,2388370.325229021,2.4035036606050486,0.09341952512179669,ok,False,True,False,0
1923,2278539.763300211,2.9899694936165,0.08945988724209708,ok,False,True,False,0
1924,2065169.45480881,2.957516293472956,0.0982061125096152,ok,False,True,False,0
1925,2079044.7950837598,2.9676109785178806,0.08447891531683199,ok,False,True,False,0
1926,1691752.0450769467,2.7905417980602403,0.22722765991320465,ok,False,True,False,1
1927,2304339.01528957,2.988538848188986,0.09414322452316193,ok,False,True,False,0
1928,2612742.49524966,2.94206303964072,0.11109193388400329,ok,False,True,False,0
1929,2061282.3076753698,2.9963716855525737,0.08690861163821911,ok,False,True,False,0
1930,2010002.285023999,2.9849551762881417,0.11004754050822319,ok,False,True,False,0
1931,1636214.7916851614,2.9537074793921207,0.21182076019852225,ok,False,True,False,1
1932,1711514.164844361,2.5678970939658416,0.21435394750124026,ok,False,True,False,1
1933,1636214.7916851614,2.6563173913801292,0.22553074881867557,ok,False,True,False,1
1934,2459410.2020934266,2.6360034152822833,0.11172165689118696,ok,False,True,False,0
1935,2099385.765899794,2.960768815827988,0.12211837561211436,ok,False,True,False,0
1936,2590432.2828507796,2.6514523570804176,0.07868276676126063,ok,False,True,False,0
1937,2207642.606211248,2.9703008903680086,0.06535669809944161,ok,False,True,False,0
1938,2235012.2361699566,2.982948888125245,0.14810067367470942,ok,False,True,False,0
1939,2110497.6118863034,2.891742065223272,0.06493722964219906,ok,False,True,False,0
1940,1636214.7916851614,2.6368129515664185,0.18998572457364976,ok,False,True,False,1
1941,2355377.155494465,2.977486534363675,0.1597450384584158,ok,False,True,False,0
1942,1636214.7916851614,2.572967330328061,0.26661428704778545,ok,False,True,False,1
1943,3285628.5314000812,2.9577144075136506,0.1604244073245381,ok,False,True,False,0
1944,1691752.0450769467,2.7367517832435517,0.18803812955296018,ok,False,True,False,1
1945,2227450.360772191,2.6756014371592443,0.06871965216892251,ok,False,True,False,0
1946,2084568.2874673204,2.996300246094258,0.10539658225521287,ok,False,True,False,0
1947,2068768.1316065032,2.998709507223417,0.14894643228249937,ok,False,True,False,0
1948,2161635.4898460275,2.7653775182144047,0.07471522387078006,ok,False,True,False,0
1949,2038087.0346837605,2.9531577471812955,0.08549591328687464,ok,False,True,False,0
1950,1691752.0450769467,2.8971886556912128,0.2337202047739972,ok,False,True,False,1
1951,1691752.0450769467,2.918676230236674,0.2609759781228931,ok,False,True,False,1
1952,2053547.1344576497,2.9874166251411434,0.09837410678960579,ok,False,True,False,0
1953,2382517.3720234563,2.6280586088556963,0.11109827730346777,ok,False,True,False,0
1954,3968094.5082122535,2.9184902728191724,0.2381620096442642,ok,False,True,False,1
1955,2030260.7258887729,2.737572412359653,0.07493735024543569,ok,False,True,False,0
1956,1636214.7916851614,2.9222002104880964,0.250623878956845,ok,False,True,False,1
1957,2020146.1146500786,2.727348632657905,0.1145173210485616,ok,False,True,False,0
1958,2008425.2145206865,2.727971336328729,0.07447093468578037,ok,False,True,False,0
1959,2008450.1652099295,2.8197468536217585,0.10474572435038715,ok,False,True,False,0
1960,1691752.0450769467,2.8612376658549374,0.2619171513845679,ok,False,True,False,1
1961,2786014.8963861,2.9768499733360434,0.10502662863850443,ok,False,True,False,0
1962,2478057.334755237,2.591034825435762,0.10208313110956568,ok,False,True,False,0
1963,2725295.1017539706,2.9533365021072897,0.2001402844259761,ok,False,True,False,1
1964,2025583.7557689198,2.4552690561696027,0.08340917226785427,ok,False,True,False,0
1965,1691752.0450769467,2.6020936985738166,0.24797010478327242,ok,False,True,False,1
1966,2056615.2969431407,2.9118332108961162,0.06191680682158934,ok,False,True,False,0
1967,1691752.0450769467,2.811698381944027,0.188795620977299,ok,False,True,False,1
1968,2109153.2579213786,2.9988701869770282,0.06979026918005882,ok,False,True,False,0
1969,2568164.7965345834,2.967334737201107,0.11708542471354944,ok,False,True,False,0
1970,2021865.0345227888,2.7997724677193783,0.06941067217542762,ok,False,True,False,0
1971,1711514.164844361,2.7485184221591847,0.15797873038607257,ok,False,True,False,0
1972,3308245.2130909697,2.946822998185759,0.1266418149175178,ok,False,True,False,0
1973,2179117.1779110553,2.9912908351197363,0.08811475804998438,ok,False,True,False,0
1974,2010898.4150480095,2.8752173115638637,0.14826577066758984,ok,False,True,False,0
1975,1691752.0450769467,2.7731529481376276,0.204758142144836,ok,False,True,False,1
1976,2924830.1757203485,2.9847276082727077,0.08037061473706872,ok,False,True,False,0
1977,2030787.5195061539,2.7653576986460315,0.08139662168758233,ok,False,True,False,0
1978,2047748.7250796189,2.9867605436136824,0.1260947774851157,ok,False,True,False,0
1979,2017873.0922258848,2.8401955511505177,0.08880756283677371,ok,False,True,False,0
1980,2019513.4919335865,2.7858376458312364,0.0627710358371637,ok,False,True,False,0
1981,1691752.0450769467,2.6274677404882545,0.30696671072325094,ok,False,True,False,1
1982,2019710.3043020712,2.9030608511520555,0.11151798320538242,ok,False,True,False,0
1983,2014493.1182216948,2.9604915653375543,0.1172264809082636,ok,False,True,False,0
1984,3087894.574866371,2.14781677095858,0.07164066163487466,ok,False,True,False,0
1985,2126225.283416769,2.9814998443787832,0.07725746811316192,ok,False,True,False,0
1986,2075563.1437954428,2.923879290787266,0.0644897251794525,ok,False,True,False,0
1987,2048020.9825499798,2.807689932117298,0.05593001204917947,ok,False,True,False,0
1988,2455636.7618804895,2.979523007836521,0.13575830198716937,ok,False,True,False,0
1989,3896747.2789275395,2.35721031863431,0.12865858026660615,ok,False,True,False,0
1990,2056779.3308881603,2.974980651691117,0.07285465144122227,ok,False,True,False,0
1991,2032658.4781591168,2.8537379699052363,0.11398302237052227,ok,False,True,False,0
1992,2062862.2259693535,2.8739610237676674,0.10750611296814605,ok,False,True,False,0
1993,1691752.0450769467,2.709683764400366,0.21219275417938027,ok,False,True,False,1
1994,2014618.108003584,2.966320850230261,0.05151757825349898,ok,False,True,False,0
1995,2035655.1634767775,2.9412726884485223,0.05471117385214608,ok,False,True,False,0
1996,2150351.116708285,2.9923119395486517,0.11047125646518913,ok,False,True,False,0
1997,2147235.3420219035,2.565911934099505,0.06117014871076376,ok,False,True,False,0
1998,2380498.738211878,2.8860141878879686,0.046785656556285124,ok,False,True,False,0
1999,3164768.0516702887,2.762962865595335,0.10193108176119003,ok,False,True,False,0
2000,1691752.0450769467,2.74675453893969,0.20750780366373783,ok,False,True,False,1
2001,2114753.287174581,2.9259632740350123,0.08947316918523063,ok,False,True,False,0
2002,1691752.0450769467,2.825535382026975,0.25347610313180696,ok,False,True,False,1
2003,2053444.8959850958,2.767158905522437,0.06359016123059158,ok,False,True,False,0
2004,1636214.7916851614,2.6625685495523674,0.3151679972856638,ok,False,True,False,1
2005,2035049.216026535,2.760094534138698,0.08626006768227512,ok,False,True,False,0
2006,2236403.49035,2.9100784847960375,0.10906298553933763,ok,False,True,False,0
2007,1636214.7916851614,2.65968519827799,0.1958170507584761,ok,False,True,False,1
2008,1636214.7916851614,2.975823499607957,0.19175213338229283,ok,False,True,False,1
2009,2480948.9294969807,2.971412860333266,0.09239915398578086,ok,False,True,False,0
2010,1636214.7916851614,2.6251874446692214,0.21369521425908217,ok,False,True,False,1
2011,2584628.133934842,2.7883828164780624,0.09891759534851491,ok,False,True,False,0
2012,1484707.709926356,2.462571004099901,0.2953434717576132,ok,False,True,False,1
2013,2909733.207398469,2.9560144897729703,0.1383417554925257,ok,False,True,False,0
2014,2009536.4462086412,2.493832701026972,0.1513868958525586,ok,False,True,False,0
2015,1691752.0450769467,2.687445980078502,0.2524141067207797,ok,False,True,False,1
2016,2044068.5968072389,2.9438992331231293,0.049307506839749285,ok,False,True,False,0
2017,1691752.0450769467,2.6756719606634514,0.24860133725592237,ok,False,True,False,1
2018,1636214.7916851614,2.566389488032545,0.21299263923168055,ok,False,True,False,1
2019,2789492.1004100656,2.45471791231431,0.07792247348451953,ok,False,True,False,0
2020,1691752.0450769467,2.8280730055829184,0.24295188536167275,ok,False,True,False,1
2021,2108912.6449427158,2.49658565785917,0.055053894819268145,ok,False,True,False,0
2022,1636214.7916851614,2.7024386110354492,0.17769265669756565,ok,False,True,False,1
2023,2039182.4668448688,2.8587358326932018,0.09045516584110347,ok,False,True,False,0
2024,2458571.994491337,2.7127165633810684,0.06742288078182246,ok,False,True,False,0
2025,4242608.779946488,2.9907402061332147,0.19143536536234507,ok,False,True,False,1
2026,1691752.0450769467,2.716500328063181,0.2547254399449326,ok,False,True,False,1
2027,2061725.445611395,2.9631347019978342,0.07066204418713495,ok,False,True,False,0
2028,1636214.7916851614,2.6247315004669423,0.2063361790314956,ok,False,True,False,1
2029,3118377.9284972055,2.9867373713737946,0.07372317866449662,ok,False,True,False,0
2030,2071322.2069487206,2.9575974924755224,0.08160774600061504,ok,False,True,False,0
2031,2018445.3419943305,2.9032744569315785,0.12199995330124008,ok,False,True,False,0
2032,1636214.7916851614,2.847560865359223,0.22470297087751062,ok,False,True,False,1
2033,4988761.371321559,2.966060204260673,0.09333026969867186,ok,False,True,False,0
2034,2059926.7642907246,2.9738695246698006,0.05864532733105943,ok,False,True,False,0
2035,2099960.953427318,2.8287468616086366,0.1058759711547903,ok,False,True,False,0
2036,1636214.7916851614,2.9208018303205963,0.27229066758627973,ok,False,True,False,1
2037,2021132.516179286,2.9781078987186858,0.10402639647428366,ok,False,True,False,0
2038,1691752.0450769467,2.8242804201536154,0.28093993912446,ok,False,True,False,1
2039,1391604.936285155,2.664432362537628,0.2586067671169793,ok,False,True,False,1
2040,1711514.164844361,2.6378096530075883,0.20846122298971073,ok,False,True,False,1
2041,3159813.7021639417,2.9855425658349395,0.1034907284400306,ok,False,True,False,0
2042,2023085.3616093807,2.8797165966221367,0.12709527735786674,ok,False,True,False,0
2043,3081524.9312329893,2.719916106984299,0.08402200257791892,ok,False,True,False,0
2044,2647437.903077135,2.851523150477912,0.08558777823867547,ok,False,True,False,0
2045,2026402.1049426645,2.8944168329282696,0.07733835827967836,ok,False,True,False,0
2046,2044964.6061181298,2.7355844102905698,0.09099465563253095,ok,False,True,False,0
2047,3349393.197560547,2.9804504666842924,0.14308896595620813,ok,False,True,False,0
2048,1636214.7916851614,2.7030589358603327,0.21280528875088456,ok,False,True,False,1
2049,2038053.9246789303,2.7483677875291703,0.06144170175898034,ok,False,True,False,0
2050,2051372.2128318532,2.7601411521899166,0.05677413756290689,ok,False,True,False,0
2051,2128254.8242436484,2.756384717836073,0.10239415239296146,ok,False,True,False,0
2052,1691752.0450769467,2.6354038655592,0.18516641052416874,ok,False,True,False,1
2053,2160198.781612828,2.4958154285225245,0.055878656094973334,ok,False,True,False,0
2054,1636214.7916851614,2.9923472671336917,0.2740757368477218,ok,False,True,False,1
2055,1636214.7916851614,2.6663332311815484,0.2740836571010238,ok,False,True,False,1
2056,2767453.478674813,2.9842998193753756,0.1647012546586909,ok,False,True,False,0
2057,1711514.164844361,2.957264612623752,0.2416972875764351,ok,False,True,False,1
2058,3000502.0805834164,2.9695234437812723,0.1761873738743614,ok,False,True,False,1
2059,2292096.845739382,2.884345019828303,0.055392875200770575,ok,False,True,False,0
2060,2196319.2680069045,2.7817843942254266,0.07601701500826918,ok,False,True,False,0
2061,3559855.7299579843,2.892608744743157,0.11521187108299902,ok,False,True,False,0
2062,4361281.762197711,2.7762088801532565,0.08190163523422722,ok,False,True,False,0
2063,2164527.5887198052,2.7434079400649987,0.06957271957759881,ok,False,True,False,0
2064,2023874.1642811832,2.8159610842661307,0.076473046000331,ok,False,True,False,0
2065,2858336.285096656,2.6494239474273416,0.06885220994213731,ok,False,True,False,0
2066,2988417.8376153535,2.945391110073306,0.1604021383623193,ok,False,True,False,0
2067,2125522.6667498713,2.991658978421592,0.08257897580093734,ok,False,True,False,0
2068,2117244.157651249,2.9942795433538603,0.09452707764994717,ok,False,True,False,0
2069,2442067.853578562,2.909674264355914,0.08138309843728458,ok,False,True,False,0
2070,1691752.0450769467,2.770597838801465,0.2835287787857421,ok,False,True,False,1
2071,2057188.2315257688,2.8905400618637556,0.0883680092523973,ok,False,True,False,0
2072,2083228.0104139433,2.9424318969057213,0.06791417290698679,ok,False,True,False,0
2073,3939401.067718404,2.9358434668344553,0.12278422497383534,ok,False,True,False,0
2074,1711514.164844361,2.7264789477518105,0.21967502507102127,ok,False,True,False,1
2075,2138850.280998964,2.916821767556839,0.08174105797140252,ok,False,True,False,0
2076,1711514.164844361,2.8136423230196215,0.24971827214859937,ok,False,True,False,1
2077,1691752.0450769467,2.850898523107455,0.23730465978778476,ok,False,True,False,1
2078,2025596.9351789907,2.9872090408120804,0.0852735911159801,ok,False,True,False,0
2079,5099032.120876344,2.88973797167957,0.1826721890423634,ok,False,True,False,1
2080,1691752.0450769467,2.7043956810251535,0.18708080621142872,ok,False,True,False,1
2081,2077755.5185277814,2.8550978318438887,0.06982349473468386,ok,False,True,False,0
2082,2021760.3180675958,2.5588083805025654,0.07195615472013195,ok,False,True,False,0
2083,2051782.918980541,2.7088533855538266,0.09786907994452054,ok,False,True,False,0
2084,2297125.9023836087,2.9806194100541514,0.1351199717040027,ok,False,True,False,0
2085,2921340.4358337284,2.96470411851531,0.1430444740392337,ok,False,True,False,0
2086,2021921.0557592243,2.8446875045482427,0.07694413478689888,ok,False,True,False,0
2087,1691752.0450769467,2.631122768332983,0.21690274716999214,ok,False,True,False,1
2088,1711514.164844361,2.6579166069378912,0.2279847260616929,ok,False,True,False,1
2089,1391604.936285155,2.640499350740045,0.33437135374459204,ok,False,True,False,1
2090,2455113.325453051,2.9513564451214416,0.09645329615286535,ok,False,True,False,0
2091,1691752.0450769467,2.8358104806861872,0.22159425068734964,ok,False,True,False,1
2092,2021797.5548885365,2.8351920275562854,0.05916070363178161,ok,False,True,False,0
2093,2784873.916845641,2.9837667988014434,0.1379142739949054,ok,False,True,False,0
2094,2041686.2837309304,2.9613312679550985,0.09611986462805233,ok,False,True,False,0
2095,1711514.164844361,2.583805295922684,0.2106248194035821,ok,False,True,False,1
2096,2022919.901568567,2.995664014652247,0.110650708792986,ok,False,True,False,0
2097,2911487.06497479,2.8413053803719786,0.0614784085239235,ok,False,True,False,0
2098,1691752.0450769467,2.7155747347011525,0.20927246518055725,ok,False,True,False,1
2099,2047476.2744996713,2.6300538714848667,0.06042853340022891,ok,False,True,False,0
2100,5215992.892545228,2.8327105975555398,0.18178650770031113,ok,False,True,False,1
2101,1636214.7916851614,2.922368774335461,0.2284231182117836,ok,False,True,False,1
2102,2017610.4681129307,2.975527847499862,0.10409828820420997,ok,False,True,False,0
2103,2055682.7684849794,2.7835724958181234,0.12056800817812785,ok,False,True,False,0
2104,2698029.264410432,2.9960333269476385,0.21212079837553421,ok,False,True,False,1
2105,2012598.2417242303,2.801121871208185,0.08820002914517067,ok,False,True,False,0
2106,2330606.3557272754,2.994543153494675,0.0484884674965336,ok,False,True,False,0
2107,2020072.066978715,2.987358371695467,0.134637928980317,ok,False,True,False,0
2108,2317958.6585331303,2.36079835130119,0.06644576190097123,ok,False,True,False,0
2109,3711421.053852172,2.9904793566285024,0.16283092366266216,ok,False,True,False,0
2110,1691752.0450769467,2.748909087129568,0.2459762603225585,ok,False,True,False,1
2111,1691752.0450769467,2.7739955846676363,0.2486441834252943,ok,False,True,False,1
2112,2037297.0133866644,2.9104198834348916,0.054021522505009134,ok,False,True,False,0
2113,1711514.164844361,2.6997159666254333,0.18790287068096662,ok,False,True,False,1
2114,1484707.709926356,2.5194316589298653,0.1904530003558352,ok,False,True,False,1
2115,2015737.164746196,2.9833480803459587,0.15832008862051655,ok,False,True,False,0
2116,2035400.2543829246,2.9510796985236136,0.10087646703102393,ok,False,True,False,0
2117,1691752.0450769467,2.944744132454832,0.2542572769470056,ok,False,True,False,1
2118,1636214.7916851614,2.5733347986949004,0.23692865665136598,ok,False,True,False,1
2119,1636214.7916851614,2.593593212703844,0.25287365931693345,ok,False,True,False,1
2120,2291989.4737351476,2.992479856344907,0.18472547458875965,ok,False,True,False,1
2121,1691752.0450769467,2.7167404979681695,0.25536697744956144,ok,False,True,False,1
2122,3207989.0378544955,2.8844957626291556,0.19875004944231328,ok,False,True,False,1
2123,2147181.670809022,2.955388222846365,0.08142758221786062,ok,False,True,False,0
2124,1691752.0450769467,2.8779292018268468,0.21276962679447062,ok,False,True,False,1
2125,2046373.7950754967,2.755979286735619,0.07203188539903704,ok,False,True,False,0
2126,1636214.7916851614,2.8496881097106606,0.20774724626169322,ok,False,True,False,1
2127,2699789.3987537194,2.7740518142371795,0.07338883574405031,ok,False,True,False,0
2128,2154698.8078774307,2.9274111055787353,0.12096893931045413,ok,False,True,False,0
2129,2063184.8629540156,2.995122499119746,0.07846739369036498,ok,False,True,False,0
2130,1711514.164844361,2.6574465569350596,0.19685739209812758,ok,False,True,False,1
2131,2181611.8250522916,2.988859694989695,0.20194622591125883,ok,False,True,False,1
2132,2036381.0457929305,2.9202187775950303,0.06452883733449033,ok,False,True,False,0
2133,2127105.8699029423,2.9746891293306463,0.1284370327749093,ok,False,True,False,0
2134,1711514.164844361,2.5744334392387747,0.19671410494743735,ok,False,True,False,1
2135,4000759.4181709727,2.809205357205504,0.1292211804921245,ok,False,True,False,0
2136,2880235.11314383,2.9242906319949635,0.18962787313545298,ok,False,True,False,1
2137,2446242.040333224,2.490877348180984,0.10153892453795166,ok,False,True,False,0
2138,1691752.0450769467,2.683768137750409,0.18328844912885728,ok,False,True,False,1
2139,3480400.475482622,2.5805419281666864,0.15885690013543086,ok,False,True,False,0
2140,2116996.0938341697,2.8900767393416125,0.0896885897841635,ok,False,True,False,0
2141,2106948.0537484665,2.99084034261373,0.1185493657678951,ok,False,True,False,0
2142,2892366.3329956746,2.9431048677192226,0.1945953834316923,ok,False,True,False,1
2143,2094391.4331099475,2.8189455395562755,0.08049458501148521,ok,False,True,False,0
2144,3164003.603809732,2.910158495336439,0.06952761664247376,ok,False,True,False,0
2145,2300534.9516673456,2.986217884034433,0.04865009656357483,ok,False,True,False,0
2146,2239406.9896643236,2.9576446273979897,0.16665269584676812,ok,False,True,False,0
2147,2132758.586696117,2.988822370472783,0.10139403908763411,ok,False,True,False,0
2148,2902280.498450633,2.919718429542672,0.1634607763985966,ok,False,True,False,0
2149,2774689.3352089464,2.9675711438639016,0.10155907898427519,ok,False,True,False,0
2150,2209326.3423427185,2.9749423663645778,0.06034907133243017,ok,False,True,False,0
2151,1691752.0450769467,2.662037031682109,0.20519741849352863,ok,False,True,False,1
2152,3860747.199324929,2.0001496163686485,0.09585453042746628,ok,False,True,False,0
2153,2106095.263174228,2.9179953619493126,0.046098502654740914,ok,False,True,False,0
2154,2112623.128313831,2.9676324610491025,0.0951100792661903,ok,False,True,False,0
2155,2124642.5942894113,2.998538633707655,0.06517683486262338,ok,False,True,False,0
2156,1691752.0450769467,2.640264732298392,0.23729639166395758,ok,False,True,False,1
2157,2055093.0397336727,2.689424573083792,0.09009806893736583,ok,False,True,False,0
2158,2285738.042120857,2.6777316664401773,0.04693614972178284,ok,False,True,False,0
2159,1691752.0450769467,2.8722879598293423,0.20971255376509965,ok,False,True,False,1
2160,1691752.0450769467,2.732145596262921,0.1875231535856049,ok,False,True,False,1
2161,2066123.308080962,2.9704575138265206,0.09337200069391893,ok,False,True,False,0
2162,2797400.827727748,2.8444341120879906,0.15408742907173084,ok,False,True,False,0
2163,1711514.164844361,2.78850603490557,0.24070753406409273,ok,False,True,False,1
2164,1691752.0450769467,2.896002821704762,0.2355114460140309,ok,False,True,False,1
2165,2723339.481880048,2.9174331947632677,0.0766326150364961,ok,False,True,False,0
2166,1711514.164844361,2.8416869098431405,0.20083826673362098,ok,False,True,False,1
2167,3267119.733042205,2.2458434599408257,0.07345424973614434,ok,False,True,False,0
2168,3246858.525151502,2.782694513810813,0.13217899854837445,ok,False,True,False,0
2169,1636214.7916851614,2.5295198753549766,0.254088915835555,ok,False,True,False,1
2170,2176511.1106229722,2.9946959753973754,0.07669059962643227,ok,False,True,False,0
2171,1691752.0450769467,2.894826736398249,0.2614722471014393,ok,False,True,False,1
2172,2025270.4713684015,2.850564377777775,0.06322496657397947,ok,False,True,False,0
2173,2012346.398369897,2.761397050929061,0.07776104902937431,ok,False,True,False,0
2174,2021744.95331436,2.5793909687256553,0.07302238114084658,ok,False,True,False,0
2175,3301325.7039884916,2.8550909203760986,0.0933984062637444,ok,False,True,False,0
2176,1484707.709926356,2.2747233397463127,0.3296304411667072,ok,False,True,False,1
2177,3248424.9253127803,2.8517757559089922,0.09825796090826477,ok,False,True,False,0
2178,2208574.0853626495,2.7458650663166964,0.06507212364074588,ok,False,True,False,0
2179,1691752.0450769467,2.760849410584003,0.2641218746178001,ok,False,True,False,1
2180,1691752.0450769467,2.8132784808485,0.22725191425093533,ok,False,True,False,1
2181,2043418.1220831193,2.9794056358717516,0.050689104956468445,ok,False,True,False,0
2182,3020471.174850591,2.9764477754819363,0.2579184628654592,ok,False,True,False,1
2183,1636214.7916851614,2.93786870848088,0.2494360042850472,ok,False,True,False,1
2184,2027352.6546271099,2.9765975743249475,0.07981999692154601,ok,False,True,False,0
2185,2452331.360486383,2.996399719241096,0.12422442607325745,ok,False,True,False,0
2186,2490734.840331605,2.990974575774902,0.07747554114218835,ok,False,True,False,0
2187,1636214.7916851614,2.6408526791389164,0.2139617162164142,ok,False,True,False,1
2188,2187969.176761712,2.988953622406866,0.06139129205401872,ok,False,True,False,0
2189,3253774.404958308,2.49282774882745,0.18038103165939234,ok,False,True,False,1
2190,1691752.0450769467,2.8280909582841245,0.2285592384860508,ok,False,True,False,1
2191,2065898.7254850953,2.699248245666575,0.07178390241665633,ok,False,True,False,0
2192,2212769.108883845,2.70288563389356,0.06571879423131155,ok,False,True,False,0
2193,2067501.1298360585,2.951587367771914,0.10210152739325457,ok,False,True,False,0
2194,2116570.834278185,2.983609036407632,0.12862254145591323,ok,False,True,False,0
2195,1691752.0450769467,2.686939364099179,0.17967110313639073,ok,False,True,False,1
2196,2120829.9525293713,2.936194036490109,0.1255264192435358,ok,False,True,False,0
2197,2873861.832643044,2.933361702619841,0.14518038649475007,ok,False,True,False,0
2198,1636214.7916851614,2.58376566614968,0.22533060923190856,ok,False,True,False,1
2199,3671535.3496220834,2.5497536242107905,0.0671079813431188,ok,False,True,False,0
2200,2022784.6176159782,2.891966070813748,0.0762411614159656,ok,False,True,False,0
2201,3111267.7514600125,2.9487335395402097,0.110481597542824,ok,False,True,False,0
2202,2053704.87267561,2.923596644859223,0.1062211599665247,ok,False,True,False,0
2203,1636214.7916851614,2.5841667924524594,0.21567948638075515,ok,False,True,False,1
2204,2022675.7737146113,2.691061373439144,0.051191496243883416,ok,False,True,False,0
2205,2038188.4934158016,2.9942272479558074,0.08826245277608935,ok,False,True,False,0
2206,2018190.2936310114,2.6686701190767295,0.053228246819415376,ok,False,True,False,0
2207,3399441.073986379,2.9754912155856275,0.06613051524101743,ok,False,True,False,0
2208,2024153.047291155,2.8408563420132946,0.08841945963366538,ok,False,True,False,0
2209,1636214.7916851614,2.6741978573559644,0.19547661237899364,ok,False,True,False,1
2210,3532560.1263967175,2.949088411527839,0.14644474568254018,ok,False,True,False,0
2211,1691752.0450769467,2.6211796918999313,0.2046166705028875,ok,False,True,False,1
2212,2752608.0029118573,2.95495998405468,0.06329827828042456,ok,False,True,False,0
2213,2322921.4993534004,2.9184406775609375,0.07446420102525719,ok,False,True,False,0
2214,2012853.9025237064,2.8623595774475747,0.12017705480863401,ok,False,True,False,0
2215,1691752.0450769467,2.6687279032941627,0.19087553790771689,ok,False,True,False,1
2216,3228719.3620766182,2.8201728088449185,0.14316927573330218,ok,False,True,False,0
2217,2014012.6518039645,2.683042549231346,0.0638855047230632,ok,False,True,False,0
2218,2070943.3566303784,2.801800503593907,0.0624199615082838,ok,False,True,False,0
2219,2569792.80074205,2.380054342464225,0.0989573738076982,ok,False,True,False,0
2220,1711514.164844361,2.912040845768929,0.19726401582660555,ok,False,True,False,1
2221,2449898.3142974963,2.990355550785139,0.16706106383075625,ok,False,True,False,0
2222,1636214.7916851614,2.681130091515512,0.19827878455534448,ok,False,True,False,1
2223,2236151.1210714784,2.719322529666901,0.13321660681274433,ok,False,True,False,0
2224,2065190.0746983862,2.9846974941124564,0.07730301923473981,ok,False,True,False,0
2225,2123532.2323101773,2.8353730214303123,0.0639545582247566,ok,False,True,False,0
2226,2201962.9409665754,2.99431061865942,0.14503240817415136,ok,False,True,False,0
2227,2464727.235694098,2.9662206071321355,0.11365006187760862,ok,False,True,False,0
2228,2555671.3931856835,2.5666024376659315,0.06271041529047772,ok,False,True,False,0
2229,1691752.0450769467,2.5890794368226517,0.20112156878997967,ok,False,True,False,1
2230,2397888.690870045,2.592743665839497,0.07382305406752943,ok,False,True,False,0
2231,4527607.469967967,2.9917710418928607,0.21158972285904498,ok,False,True,False,1
2232,2113877.051218563,2.596315733602938,0.06880747523142022,ok,False,True,False,0
2233,1711514.164844361,2.7252689686473284,0.21047280079260117,ok,False,True,False,1
2234,2123228.642273706,2.9930954759148642,0.12339436707911028,ok,False,True,False,0
2235,4019568.5928135514,2.985611210148808,0.15924135357496627,ok,False,True,False,0
2236,2062811.2771319728,2.9530802549686785,0.07415559826973889,ok,False,True,False,0
2237,2088826.6513002014,2.9825201329688875,0.07336046984119399,ok,False,True,False,0
2238,2012151.291641589,2.973660035658031,0.10860510102655313,ok,False,True,False,0
2239,2137823.1090313476,2.5735728638160924,0.0525863852695887,ok,False,True,False,0
2240,2015669.085487456,2.546536517033821,0.11657113856397766,ok,False,True,False,0
2241,3286783.548174419,2.9794312713753213,0.09639764093604097,ok,False,True,False,0
2242,1691752.0450769467,2.889952864165042,0.2720520876417249,ok,False,True,False,1
2243,2059354.7524007345,2.9796791808467034,0.052217475737646235,ok,False,True,False,0
2244,1636214.7916851614,2.7713503277797127,0.2100131807931628,ok,False,True,False,1
2245,1711514.164844361,2.604436605882988,0.2557740995419574,ok,False,True,False,1
2246,3210268.5834307196,2.975105407571668,0.1463059874141699,ok,False,True,False,0
2247,2115662.771695571,2.9994742125158265,0.10457496424217047,ok,False,True,False,0
2248,2085220.5821214693,2.9610064498868374,0.13402682818948886,ok,False,True,False,0
2249,2103748.747196104,2.980875796863758,0.11045871109232624,ok,False,True,False,0
2250,2048911.2961386072,2.9857638130651556,0.08786854088251217,ok,False,True,False,0
2251,2417371.560615298,2.9887755340899065,0.13423575803533616,ok,False,True,False,0
2252,3614882.3587235087,2.9013359951403572,0.14893184334838183,ok,False,True,False,0
2253,2027692.1231307564,2.715047117766745,0.07494276670892153,ok,False,True,False,0
2254,2008314.9262104996,2.5513566893763526,0.07487975966261051,ok,False,True,False,0
2255,2377128.23851322,2.430621939236946,0.07828652318594453,ok,False,True,False,0
2256,3527120.357177682,2.970104649152925,0.1394549756018762,ok,False,True,False,0
2257,2054991.5985203001,2.8003546185461774,0.09616539384135869,ok,False,True,False,0
2258,2012223.0969040073,2.9519106960249175,0.09236028489695142,ok,False,True,False,0
2259,2253926.950215188,2.97142746880204,0.1350711742369184,ok,False,True,False,0
2260,1691752.0450769467,2.654818501199448,0.2214839629298157,ok,False,True,False,1
2261,2163707.007854964,2.996893741035851,0.05045346313787674,ok,False,True,False,0
2262,2093317.9776031617,2.38903694171752,0.06407140821791735,ok,False,True,False,0
2263,1711514.164844361,2.723722754955045,0.2259599599570612,ok,False,True,False,1
2264,3661582.996811464,2.9024097684282166,0.14597687506215212,ok,False,True,False,0
2265,1711514.164844361,2.7544201853223558,0.21602332124686568,ok,False,True,False,1
2266,2108734.4413379845,2.8099063847117938,0.0716323105327602,ok,False,True,False,0
2267,2010474.4688446403,2.7173432177821413,0.0708256420953568,ok,False,True,False,0
2268,1691752.0450769467,2.793311985497589,0.15127172239525322,ok,False,True,False,0
2269,1691752.0450769467,2.838315995432013,0.21106093969513418,ok,False,True,False,1
2270,2022346.0953448515,2.5892625747980604,0.0725469095650203,ok,False,True,False,0
2271,2499403.03501517,2.9125015764749715,0.06983728367714237,ok,False,True,False,0
2272,2289784.5100916927,2.992604131593514,0.06810364378918943,ok,False,True,False,0
2273,2795801.123179605,2.632980989679562,0.08434018057223391,ok,False,True,False,0
2274,2154035.325535838,2.9641439803351397,0.06639428055888452,ok,False,True,False,0
2275,1691752.0450769467,2.8332344267407548,0.18585263710729116,ok,False,True,False,1
2276,2083894.6921582695,2.7549160955157808,0.15097941084995775,ok,False,True,False,0
2277,1691752.0450769467,2.8126890176502357,0.20765665302974606,ok,False,True,False,1
2278,1691752.0450769467,2.6178576601640833,0.24165706386770913,ok,False,True,False,1
2279,1711514.164844361,2.7067884100673822,0.22518433116406344,ok,False,True,False,1
2280,2446054.0482045934,2.5631862156926806,0.05508477200010836,ok,False,True,False,0
2281,1711514.164844361,2.731132101727928,0.22071089937995808,ok,False,True,False,1
2282,2701823.8234956753,2.995804728795493,0.08034977326871412,ok,False,True,False,0
2283,2124683.323502282,2.8778306500614597,0.08030812722124009,ok,False,True,False,0
2284,2144767.107569885,2.6242657603379285,0.07362749895029541,ok,False,True,False,0
2285,3301395.047631068,2.944388381341443,0.16007422487350276,ok,False,True,False,0
2286,1636214.7916851614,2.756897524129195,0.2627232209299533,ok,False,True,False,1
2287,3727022.1712107453,2.938878415813387,0.09546759622407575,ok,False,True,False,0
2288,3927600.624816602,2.996148555677009,0.1493657235513549,ok,False,True,False,0
2289,1636214.7916851614,2.700176175004196,0.22720930714200563,ok,False,True,False,1
2290,2116366.3078289153,2.898170511884647,0.07364612349176178,ok,False,True,False,0
2291,2137483.455280983,2.9235373522213335,0.07753848522805118,ok,False,True,False,0
2292,4441603.234597858,2.069103005605424,0.14700844655526293,ok,False,True,False,0
2293,2945937.6066181557,2.9199115245078073,0.09479516193681936,ok,False,True,False,0
2294,2182992.438939353,2.9147019503425833,0.0848929131941048,ok,False,True,False,0
2295,4208079.832212785,2.6641647828348454,0.15740777578059542,ok,False,True,False,0
2296,2065665.6628752865,2.904250339657232,0.058430310977183986,ok,False,True,False,0
2297,1636214.7916851614,2.85351034089589,0.2982717380308112,ok,False,True,False,1
2298,3203940.3674291708,2.9190093557035226,0.1260505299947341,ok,False,True,False,0
2299,2138634.881981151,2.871212935114367,0.07632694124262496,ok,False,True,False,0
2300,2038192.2612456789,2.876207789394247,0.0945121816124449,ok,False,True,False,0
2301,1636214.7916851614,2.874997004021111,0.18542380754800197,ok,False,True,False,1
2302,2051242.5697363887,2.78311912601064,0.0949739415154025,ok,False,True,False,0
2303,2102342.2803718606,2.8194579257518995,0.1339537410637231,ok,False,True,False,0
2304,2136999.2542394768,2.6499244617546625,0.08300895675470044,ok,False,True,False,0
2305,1711514.164844361,2.7353929579909746,0.22188407995920992,ok,False,True,False,1
2306,3520431.128222203,2.9413225051039884,0.08866002877944545,ok,False,True,False,0
2307,2018709.0153966823,2.9271007428208025,0.057723304458455305,ok,False,True,False,0
2308,1636214.7916851614,2.747149812389166,0.1912681270710184,ok,False,True,False,1
2309,2020167.7563569453,2.677358056478684,0.092781789436992,ok,False,True,False,0
2310,1691752.0450769467,2.661011105248535,0.19206135870068988,ok,False,True,False,1
2311,1711514.164844361,2.8251099922317477,0.21058608910116344,ok,False,True,False,1
2312,1711514.164844361,2.6220188152972552,0.2318583312152198,ok,False,True,False,1
2313,2520586.73917791,2.9848177441831165,0.0722900021235161,ok,False,True,False,0
2314,2221884.6125584505,2.897028621223619,0.07523814098515347,ok,False,True,False,0
2315,2443346.298113988,2.9299228592725743,0.08831406021168048,ok,False,True,False,0
2316,3047080.94144648,2.9158612180644976,0.10968305344807822,ok,False,True,False,0
2317,1711514.164844361,2.849140183304642,0.22759561619542865,ok,False,True,False,1
2318,1691752.0450769467,2.6498241323420326,0.22034502714518694,ok,False,True,False,1
2319,3036669.8210771093,2.9282443360953403,0.2050765061365879,ok,False,True,False,1
2320,2171394.865092232,2.9992962050653293,0.05614407797961418,ok,False,True,False,0
2321,2814055.6287273434,2.4984894434053544,0.08835926872505517,ok,False,True,False,0
2322,1691752.0450769467,2.7005793422295383,0.1934758812115227,ok,False,True,False,1
2323,1636214.7916851614,2.723604182437323,0.3071152108520853,ok,False,True,False,1
2324,2032894.474894739,2.655708356393535,0.07244393933510329,ok,False,True,False,0
2325,1691752.0450769467,2.856561300231172,0.22790953678717435,ok,False,True,False,1
2326,1691752.0450769467,2.606554808008575,0.21082844941422835,ok,False,True,False,1
2327,1636214.7916851614,2.6349319518915264,0.19796700407475337,ok,False,True,False,1
2328,1691752.0450769467,2.6951993501982408,0.24070965582511644,ok,False,True,False,1
2329,3842376.7248879415,2.7576653457619735,0.17424474585897787,ok,False,True,False,1
2330,2293098.567916538,2.7096019233866606,0.06384108916480291,ok,False,True,False,0
2331,2803587.4703261973,2.67979052029607,0.08984632386419494,ok,False,True,False,0
2332,2497072.889985089,2.644360578986107,0.09544739400276625,ok,False,True,False,0
2333,1711514.164844361,2.61134263456057,0.27244368530216123,ok,False,True,False,1
2334,2112297.4417639174,2.870313251033423,0.11119084701902127,ok,False,True,False,0
2335,1711514.164844361,2.824370240779621,0.20776965857368754,ok,False,True,False,1
2336,1711514.164844361,2.6550143944983153,0.2526919737095532,ok,False,True,False,1
2337,2425305.9074531347,2.954169066679154,0.20276436755535676,ok,False,True,False,1
2338,2352648.9586228044,2.7750841294761015,0.05952268485993362,ok,False,True,False,0
2339,1484707.709926356,2.728850706660339,0.3228576598557411,ok,False,True,False,1
2340,3965842.7441818323,2.9702661487885558,0.10750949652820635,ok,False,True,False,0
2341,2141881.4818811826,2.8259806507982734,0.08594186961339734,ok,False,True,False,0
2342,2008313.5193486973,2.983593831140629,0.07279848087276475,ok,False,True,False,0
2343,1711514.164844361,2.8099041262519338,0.20965586395969024,ok,False,True,False,1
2344,2025860.1494549504,2.7599946970484033,0.07778422197681911,ok,False,True,False,0
2345,2221222.929744398,2.9978865624045117,0.11364164622033068,ok,False,True,False,0
2346,1636214.7916851614,2.5476513607880684,0.24988696329667884,ok,False,True,False,1
2347,2014683.319763057,2.9553003765734145,0.08674021156526479,ok,False,True,False,0
2348,2047020.2306230033,2.5235260225718568,0.05464945208843397,ok,False,True,False,0
2349,1711514.164844361,2.6335574488920037,0.21131997884097023,ok,False,True,False,1
2350,2274532.5203702254,2.9981053459295346,0.125349303525351,ok,False,True,False,0
2351,2472430.036286663,2.98615926645794,0.08647014159503086,ok,False,True,False,0
2352,2397249.9613811313,2.980154365442438,0.1321458841301668,ok,False,True,False,0
2353,2105868.6635292955,2.6913642667627795,0.08639181322083467,ok,False,True,False,0
2354,1484707.709926356,2.590074050959401,0.3477058932322999,ok,False,True,False,1
2355,2242717.1730554067,2.93362031482068,0.05987583828413379,ok,False,True,False,0
2356,2224908.4110479043,2.9973551719832,0.10464945582973365,ok,False,True,False,0
2357,1711514.164844361,2.5708029937119017,0.24611550555279874,ok,False,True,False,1
2358,2010742.3034791301,2.9153218918210735,0.0772266000215849,ok,False,True,False,0
2359,2966731.296828534,2.785705772454371,0.06448570275999455,ok,False,True,False,0
2360,2030719.5761877305,2.8772385740228037,0.07517456960820867,ok,False,True,False,0
2361,2235140.927052918,2.4394968783282094,0.07075606728682793,ok,False,True,False,0
2362,2087791.639075921,2.925907338046075,0.07499474541170337,ok,False,True,False,0
2363,2270564.2187083554,2.9956621191637067,0.11548467908193705,ok,False,True,False,0
2364,2014608.6958233758,2.9907813063938598,0.09787918451820254,ok,False,True,False,0
2365,3646590.0513621033,2.631177004584208,0.08682723881632215,ok,False,True,False,0
2366,2155121.209509813,2.9855151416980474,0.1000464490600847,ok,False,True,False,0
2367,1391604.936285155,2.7044229050952464,0.33045579538743697,ok,False,True,False,1
2368,1711514.164844361,2.8250502074561146,0.2787351059800878,ok,False,True,False,1
2369,2058049.8122801974,2.9916512994559237,0.07250445610260844,ok,False,True,False,0
2370,2008860.4468050713,2.701538782895796,0.069917772191465,ok,False,True,False,0
2371,1711514.164844361,2.7596880995975357,0.22797932375591,ok,False,True,False,1
2372,2470066.504397949,2.5953632718294113,0.045440412132137675,ok,False,True,False,0
2373,2202876.9489762397,2.9343568419242834,0.11226112032872315,ok,False,True,False,0
2374,1636214.7916851614,2.796688676673507,0.1925117654312418,ok,False,True,False,1
2375,2040768.9303548702,2.9721934177328007,0.12099415401596708,ok,False,True,False,0
2376,2043936.7889917176,2.989858294130096,0.07373927830361282,ok,False,True,False,0
2377,2247132.451426359,2.670476141347261,0.08910294467582053,ok,False,True,False,0
2378,1691752.0450769467,2.936319676084776,0.24254060833722885,ok,False,True,False,1
2379,3294684.734894658,2.927803557738641,0.1386625681962369,ok,False,True,False,0
2380,2108003.8351643328,2.5011301303683653,0.11015943285639784,ok,False,True,False,0
2381,2044979.0067243075,2.9981088374176146,0.11960156400211619,ok,False,True,False,0
2382,2057646.9867028738,2.9645861235051294,0.08992162480277649,ok,False,True,False,0
2383,1691752.0450769467,2.969072263627643,0.22839788474363587,ok,False,True,False,1
2384,1691752.0450769467,2.8858363635829165,0.18207434805735015,ok,False,True,False,1
2385,1636214.7916851614,2.692979499756197,0.21363452938377994,ok,False,True,False,1
2386,2059620.1465709705,2.769794142950772,0.08452059369640874,ok,False,True,False,0
2387,2030211.691425594,2.9011002767881426,0.13458939339045561,ok,False,True,False,0
2388,2821723.290633952,2.8753787578711836,0.0830344862805032,ok,False,True,False,0
2389,2036138.7841931905,2.969726381291797,0.05239048426325604,ok,False,True,False,0
2390,2865961.295025289,2.6441781277710774,0.09641381939923344,ok,False,True,False,0
2391,4430029.188750219,2.769168445932764,0.15487884330686774,ok,False,True,False,0
2392,2996312.0095732943,2.9606847428014156,0.09361179172040501,ok,False,True,False,0
2393,2019972.7576110766,2.984438552045713,0.08387933907395834,ok,False,True,False,0
2394,2018534.5394370826,2.66735004057949,0.1035941454559055,ok,False,True,False,0
2395,2024913.2160541038,2.6975666068812396,0.07492232762825546,ok,False,True,False,0
2396,2037220.625520233,2.5898331573582145,0.09490449551737234,ok,False,True,False,0
2397,2320502.025069282,2.958696845358967,0.05460230319581327,ok,False,True,False,0
2398,1691752.0450769467,2.624902015813203,0.21208499448253282,ok,False,True,False,1
2399,2361844.978265528,2.6489570709215418,0.11271722039020549,ok,False,True,False,0
2400,2754639.0356523707,2.92879307748992,0.16673436167756833,ok,False,True,False,0
2401,2008839.9052652428,2.862954562727894,0.07919056159476978,ok,False,True,False,0
2402,2501287.1130921976,2.9790911928674086,0.07175840633529496,ok,False,True,False,0
2403,2031672.8195729016,2.667940546905405,0.06464444815487758,ok,False,True,False,0
2404,1691752.0450769467,2.7422389640971616,0.2726706373074302,ok,False,True,False,1
2405,2981475.180121678,2.570152579403533,0.0927800762607966,ok,False,True,False,0
2406,1691752.0450769467,2.7381792391746025,0.21336569057382065,ok,False,True,False,1
2407,2026639.9802260364,2.72539478565682,0.10130435875262112,ok,False,True,False,0
2408,3554040.621100655,2.7049839914606504,0.06247378404723336,ok,False,True,False,0
2409,1691752.0450769467,2.7946573646526596,0.17637318810124203,ok,False,True,False,1
2410,2015641.4715218893,2.9771347021527674,0.14122600102651267,ok,False,True,False,0
2411,2185601.010939339,2.7785252575735377,0.08928895809038156,ok,False,True,False,0
2412,1636214.7916851614,2.77072267344228,0.23148047364547158,ok,False,True,False,1
2413,2232684.955951607,2.9441357078528263,0.07289793682489198,ok,False,True,False,0
2414,2017541.807717209,2.804820097890482,0.09078099223678837,ok,False,True,False,0
2415,1691752.0450769467,2.8253068267717247,0.23142976548377098,ok,False,True,False,1
2416,2021356.163945711,2.5709755762606536,0.07831783624985833,ok,False,True,False,0
2417,2143651.1910418263,2.5631682650761523,0.08925881358128673,ok,False,True,False,0
2418,2033225.916571458,2.573132112546392,0.08510496751305463,ok,False,True,False,0
2419,2009856.193341575,2.8567015888887055,0.13565009257567817,ok,False,True,False,0
2420,1711514.164844361,2.6963707767649288,0.24124884970004912,ok,False,True,False,1
2421,1691752.0450769467,2.7179327761659193,0.21498906757096253,ok,False,True,False,1
2422,2009766.0212998742,2.975418646768669,0.06007872793792979,ok,False,True,False,0
2423,2094334.3972666364,2.9860651992373723,0.08229284159549881,ok,False,True,False,0
2424,2340803.600631728,2.973067144824556,0.12310003549329762,ok,False,True,False,0
2425,2222180.594183364,2.961337018377579,0.13281364871568463,ok,False,True,False,0
2426,2009224.4047681892,2.8440458516834326,0.13545170970220188,ok,False,True,False,0
2427,2295088.8112776256,2.8216035437761766,0.09040264576109502,ok,False,True,False,0
2428,1691752.0450769467,2.7475400338501275,0.2747190346118741,ok,False,True,False,1
2429,3154995.8190730205,2.9487125546121353,0.1737235682740058,ok,False,True,False,1
2430,1691752.0450769467,2.7286055818076385,0.2334962170494775,ok,False,True,False,1
2431,2073551.430706953,2.8676511812166385,0.06120784435698312,ok,False,True,False,0
2432,2018084.2147823917,2.994472097372096,0.10323187390529626,ok,False,True,False,0
2433,4199322.296082645,2.4095299720166543,0.2137485367540013,ok,False,True,False,1
2434,2641751.805360252,2.9804471676656608,0.12232474497781387,ok,False,True,False,0
2435,1636214.7916851614,2.9305176853243697,0.23828236792865704,ok,False,True,False,1
2436,2032491.9275442744,2.9249973291682196,0.07782244036184605,ok,False,True,False,0
2437,2443625.502110307,2.3138211560025814,0.09624011743331484,ok,False,True,False,0
2438,2040870.7648630538,2.992421051482061,0.1008479670889364,ok,False,True,False,0
2439,2022324.0017343578,2.7901656075213506,0.0691344927159816,ok,False,True,False,0
2440,2847310.9555025003,2.3150463947763713,0.056843217043830885,ok,False,True,False,0
2441,3558737.50675488,2.1068906132568537,0.09581391275326956,ok,False,True,False,0
2442,5158972.2847628575,2.962656408232669,0.2240497065724687,ok,False,True,False,1
2443,3913068.341034398,2.886673121745267,0.08495928233271849,ok,False,True,False,0
2444,2017097.7255816585,2.9332755689953265,0.06629654315791472,ok,False,True,False,0
2445,3034163.3713993607,2.9856709265718973,0.11568210056084116,ok,False,True,False,0
2446,2412539.2601418626,2.8023787412452386,0.09675214647413721,ok,False,True,False,0
2447,2510763.1386958617,2.9360664851876708,0.1537797457809016,ok,False,True,False,0
2448,2142615.0154749346,2.75678450444262,0.11107485418572904,ok,False,True,False,0
2449,2025299.0472793668,2.9202935881902614,0.19643429351088215,ok,False,True,False,1
2450,1691752.0450769467,2.6402879966622463,0.2314741788921376,ok,False,True,False,1
2451,2021305.6110805233,2.6995309917853123,0.08084059470284743,ok,False,True,False,0
2452,3151558.8637101226,2.982068461778618,0.12546637641725655,ok,False,True,False,0
2453,2345330.8146143076,2.6163976593109117,0.06779908823803482,ok,False,True,False,0
2454,4278937.144262232,2.9996941659669174,0.11060062839987778,ok,False,True,False,0
2455,2010441.1301117348,2.8881876297242846,0.11969323235105511,ok,False,True,False,0
2456,2018692.424709159,2.5729454441945077,0.07418685873266073,ok,False,True,False,0
2457,1636214.7916851614,2.920627385223257,0.26444334819982096,ok,False,True,False,1
2458,1691752.0450769467,2.669372440346053,0.1826540457930878,ok,False,True,False,1
2459,2598618.642997013,2.6715649175833107,0.08476144662069901,ok,False,True,False,0
2460,4350372.5767559,2.9607703088286623,0.18129646607353112,ok,False,True,False,1
2461,2718617.021470778,2.8304246306477423,0.07212529267381795,ok,False,True,False,0
2462,2088608.6079473158,2.803207094671156,0.041116226713843684,ok,False,True,False,0
2463,2678500.753425555,2.644958090247551,0.07376064800795795,ok,False,True,False,0
2464,1636214.7916851614,2.725662494203485,0.27974081977871,ok,False,True,False,1
2465,3950495.5139791085,2.957664715439758,0.1452845804649761,ok,False,True,False,0
2466,2539772.0301544913,2.7548240409956994,0.1615463560066117,ok,False,True,False,0
2467,2037033.1609046825,2.9806973553415164,0.13617268579891845,ok,False,True,False,0
2468,2162676.8157513724,2.964056351193072,0.09834408445390397,ok,False,True,False,0
2469,2221012.776723194,2.9461346712417784,0.13045451198606983,ok,False,True,False,0
2470,2029574.3225549813,2.9179334868375166,0.07487362746075649,ok,False,True,False,0
2471,4223013.56707894,2.922979412667865,0.12697619771978041,ok,False,True,False,0
2472,2266429.910462889,2.983816774275587,0.09511872621441209,ok,False,True,False,0
2473,2044630.028283147,2.995773172314005,0.10708333507313395,ok,False,True,False,0
2474,1711514.164844361,2.783883354527607,0.24209694618375976,ok,False,True,False,1
2475,2278295.337886132,2.9510883295715242,0.07478959359258125,ok,False,True,False,0
2476,2094675.1751170887,2.7871513204847185,0.0943070976338245,ok,False,True,False,0
2477,2025620.398930148,2.669250240987558,0.0979305511980374,ok,False,True,False,0
2478,1691752.0450769467,2.8686320457879635,0.21744515101247505,ok,False,True,False,1
2479,1711514.164844361,2.741896431759793,0.2634622234281979,ok,False,True,False,1
2480,2029259.581932842,2.8143349472854595,0.0781246637538382,ok,False,True,False,0
2481,2039051.5746336652,2.98956283878082,0.09820031583406297,ok,False,True,False,0
2482,2139101.9751684214,2.9854280280899985,0.059535386265185286,ok,False,True,False,0
2483,2056508.9871863509,2.5449371065406483,0.06544365096821425,ok,False,True,False,0
2484,1484707.709926356,2.382734447399162,0.3056197590136022,ok,False,True,False,1
2485,2575442.523318448,2.713519508062233,0.10851699157127381,ok,False,True,False,0
2486,2027790.9622409076,2.937520221278475,0.09603372404178845,ok,False,True,False,0
2487,1711514.164844361,2.840641526646877,0.23673627609054287,ok,False,True,False,1
2488,2139040.502558836,2.936029408334072,0.07299142398982267,ok,False,True,False,0
2489,2156635.8653968857,2.648541412948752,0.09917381983525131,ok,False,True,False,0
2490,2311710.075119911,2.8558095448917618,0.056445294360086495,ok,False,True,False,0
2491,2011179.1710331908,2.842126761596737,0.07783916706084637,ok,False,True,False,0
2492,2105443.037131874,2.8874397973350554,0.08518383044462263,ok,False,True,False,0
2493,2761341.627965859,2.687732317378626,0.11751948027363823,ok,False,True,False,0
2494,3020733.10867444,2.99914821442527,0.07028554556866162,ok,False,True,False,0
2495,1711514.164844361,2.832945673045692,0.24629148911710325,ok,False,True,False,1
2496,2043710.6183531054,2.7182149739210058,0.07249590325039534,ok,False,True,False,0
2497,2938072.6672884407,2.9663436431609167,0.09709916734332791,ok,False,True,False,0
2498,4345456.233102222,2.9831252288077215,0.22302772538760585,ok,False,True,False,1
2499,3068640.9261438753,2.5315286479135874,0.11592802911063044,ok,False,True,False,0
2500,2136758.033169526,2.986797599279102,0.08145642743892717,ok,False,True,False,0
2501,1691752.0450769467,2.9234233770040072,0.2025643496668055,ok,False,True,False,1
2502,2015641.0593340383,2.730859341025104,0.06491132214850281,ok,False,True,False,0
2503,2240898.4016255345,2.953254282265563,0.14406361612251395,ok,False,True,False,0
2504,1636214.7916851614,2.6348913532362808,0.2421191137718074,ok,False,True,False,1
2505,2034571.4037726345,2.8946123199667655,0.08322303199557612,ok,False,True,False,0
2506,2033650.8058237922,2.7480461947734693,0.08923369533615999,ok,False,True,False,0
2507,3260054.8236865536,2.825159044994505,0.06682086733204545,ok,False,True,False,0
2508,1186516.1254582698,2.133553047538926,0.411320105677125,ok,False,True,False,1
2509,2358800.3827292817,2.5143284584156005,0.07961631676805891,ok,False,True,False,0
2510,1691752.0450769467,2.7606939908066246,0.23894492509738835,ok,False,True,False,1
2511,1636214.7916851614,2.9435285698568716,0.2610645869323072,ok,False,True,False,1
2512,3095708.568944869,2.860992742821036,0.11264392768451992,ok,False,True,False,0
2513,1691752.0450769467,2.707419739527995,0.21382888830529795,ok,False,True,False,1
2514,1691752.0450769467,2.7447217910971764,0.25566387600481105,ok,False,True,False,1
2515,2091570.5869580752,2.6193687818890967,0.06272398291894898,ok,False,True,False,0
2516,2398666.451485013,2.9802927345155474,0.10111161810524505,ok,False,True,False,0
2517,2030434.7302852152,2.826218628849757,0.056746176128953385,ok,False,True,False,0
2518,1711514.164844361,2.701122189416937,0.22142559858986016,ok,False,True,False,1
2519,2055139.677161228,2.8573924742871277,0.12790910324923632,ok,False,True,False,0
2520,2120410.123475123,2.9902611672632773,0.11535884072444803,ok,False,True,False,0
2521,2025335.1614855947,2.9184615585169,0.08193164941455555,ok,False,True,False,0
2522,1691752.0450769467,2.7855824014300135,0.26407275099103555,ok,False,True,False,1
2523,1711514.164844361,2.7371961971139616,0.22219937284680485,ok,False,True,False,1
2524,2015400.5237579672,2.8760073709319127,0.11177313041470038,ok,False,True,False,0
2525,1691752.0450769467,2.8565450121130693,0.26057017695086837,ok,False,True,False,1
2526,1691752.0450769467,2.7278300264964894,0.23399037721930754,ok,False,True,False,1
2527,1636214.7916851614,2.8870661877164716,0.21502693569835213,ok,False,True,False,1
2528,3305528.1571534756,2.825521115307013,0.1695889623480793,ok,False,True,False,0
2529,1691752.0450769467,2.7325299390718825,0.29294728885209803,ok,False,True,False,1
2530,2338404.363587991,2.443606906826272,0.08259901692321317,ok,False,True,False,0
2531,1691752.0450769467,2.6801691685824327,0.18439843450759225,ok,False,True,False,1
2532,1691752.0450769467,2.815252774095212,0.21140943979083882,ok,False,True,False,1
2533,1711514.164844361,2.7437191329415915,0.22430318943581953,ok,False,True,False,1
2534,4028014.4803205715,2.720738554256177,0.16860590811752085,ok,False,True,False,0
2535,1636214.7916851614,2.6529130182546465,0.21117759891733023,ok,False,True,False,1
2536,2017849.7337842304,2.808527448327697,0.09453009088607156,ok,False,True,False,0
2537,1711514.164844361,2.9536155017648116,0.23136996622691663,ok,False,True,False,1
2538,2009870.238489347,2.6801642372755206,0.1281942707889785,ok,False,True,False,0
2539,2054707.6740613866,2.983010933545315,0.1304719545380964,ok,False,True,False,0
2540,2022445.4400900218,2.961577226798367,0.08220163579234913,ok,False,True,False,0
2541,2318097.711965603,2.959976555919878,0.12140195565148632,ok,False,True,False,0
2542,3601374.91536595,2.8517332557410153,0.19158149334654095,ok,False,True,False,1
2543,1711514.164844361,2.637704509872558,0.2419379701647719,ok,False,True,False,1
2544,1636214.7916851614,2.6417891103674322,0.2528365545962476,ok,False,True,False,1
2545,1636214.7916851614,2.6724523541841902,0.19921170673495603,ok,False,True,False,1
2546,2400645.9794026674,2.998547506568754,0.10802227005170417,ok,False,True,False,0
2547,2468787.9524401263,2.7929763165794346,0.06357018337660325,ok,False,True,False,0
2548,3290550.9996318524,2.9186298699507187,0.18914859700559306,ok,False,True,False,1
2549,2656051.7850906327,2.892489704636824,0.06839528713390008,ok,False,True,False,0
2550,2014924.2221173935,2.468363180822698,0.07264908167214135,ok,False,True,False,0
2551,2035127.280212396,2.9914961410931094,0.1109539892596797,ok,False,True,False,0
2552,2625194.464340114,2.6219073128132413,0.06740078090265478,ok,False,True,False,0
2553,2919952.152958897,2.770534008947415,0.09798471034454015,ok,False,True,False,0
2554,2034176.7525393823,2.8747252914316257,0.10755668289481146,ok,False,True,False,0
2555,2812391.0923848944,2.4273866441620284,0.059244776050508485,ok,False,True,False,0
2556,1691752.0450769467,2.7078445800847564,0.19680972720297324,ok,False,True,False,1
2557,2344787.826927546,2.6665897581852147,0.06211720312834346,ok,False,True,False,0
2558,2545046.4630755014,2.954780185327801,0.1544615251667696,ok,False,True,False,0
2559,2117819.3584710695,2.6192454075300047,0.09689949733116121,ok,False,True,False,0
2560,2165401.103202368,2.986824139014354,0.10387095435772659,ok,False,True,False,0
2561,2015631.2152907313,2.9300698161928924,0.07442173378049455,ok,False,True,False,0
2562,2382557.7925473675,2.930380164967492,0.12343644615705884,ok,False,True,False,0
2563,1636214.7916851614,2.5416108147666785,0.24553190727928925,ok,False,True,False,1
2564,2348205.3465432553,2.9591802101663482,0.16561897647360557,ok,False,True,False,0
2565,3919386.8504075594,2.936446480778303,0.23098773502311742,ok,False,True,False,1
2566,2021931.9545400373,2.966711217366843,0.1143712748106564,ok,False,True,False,0
2567,2034807.385144922,2.9363003072480742,0.17218065805756239,ok,False,True,False,1
2568,1636214.7916851614,2.642233922711964,0.2094769513510426,ok,False,True,False,1
2569,2032725.9149851608,2.8446918882166687,0.10224131406924886,ok,False,True,False,0
2570,1636214.7916851614,2.868509104274871,0.20774364683454988,ok,False,True,False,1
2571,2008916.009580289,2.97082735808928,0.10724097690341616,ok,False,True,False,0
2572,1636214.7916851614,2.509280695313291,0.27421244590228305,ok,False,True,False,1
2573,2058700.58641752,2.9714919835859845,0.07850078378748698,ok,False,True,False,0
2574,2078136.0820055038,2.9679254307396192,0.15123312167092384,ok,False,True,False,0
2575,2488306.5989644895,2.9973646966342073,0.06009480076952323,ok,False,True,False,0
2576,2017889.1106907919,2.972757905675639,0.061341409623320464,ok,False,True,False,0
2577,2184601.2912948197,2.9430265294188827,0.16171705703100925,ok,False,True,False,0
2578,4431461.840442028,2.8433672898390396,0.111359912140645,ok,False,True,False,0
2579,4796639.674258523,2.606305116704667,0.3302091374631783,ok,False,True,False,1
2580,2021151.5761406498,2.8838449486147177,0.15717270009624662,ok,False,True,False,0
2581,3929951.6820046455,2.8209254811420523,0.10404970180818662,ok,False,True,False,0
2582,2012397.9406442451,2.952968592147596,0.08651937892436601,ok,False,True,False,0
2583,2177875.68367837,2.9995243294673926,0.07313282195900273,ok,False,True,False,0
2584,2582584.012297623,2.996244373620084,0.11285355568574174,ok,False,True,False,0
2585,4027328.257101081,2.7888113710973794,0.060809650919299685,ok,False,True,False,0
2586,1711514.164844361,2.753535219750721,0.18657993968955072,ok,False,True,False,1
2587,2706576.9324420653,2.963058902351686,0.11043858385081445,ok,False,True,False,0
2588,2188934.251487895,2.786653192609961,0.09349919766066583,ok,False,True,False,0
2589,1691752.0450769467,2.6920223087603325,0.2225503772047543,ok,False,True,False,1
2590,3386624.735200683,2.9892389945329194,0.15834175508348536,ok,False,True,False,0
2591,2135207.844943195,2.601854449159749,0.09196200973012081,ok,False,True,False,0
2592,2069056.3287827065,2.8777997551724708,0.0633415868627617,ok,False,True,False,0
2593,1636214.7916851614,2.593573017449283,0.20449867557846013,ok,False,True,False,1
2594,2057146.1632950958,2.6345606740183927,0.058146168713148816,ok,False,True,False,0
2595,2161957.5861083837,2.99788921321972,0.13076183750649933,ok,False,True,False,0
2596,1691752.0450769467,2.784673143550054,0.19315434087897,ok,False,True,False,1
2597,2116280.0400421997,2.8681523300270566,0.09828647913593741,ok,False,True,False,0
2598,1484707.709926356,2.6613410849889694,0.2620399669878284,ok,False,True,False,1
2599,1711514.164844361,2.7433007249318573,0.2275756016237504,ok,False,True,False,1
2600,2482318.602633915,2.992627336923295,0.07523885355577109,ok,False,True,False,0
2601,2028830.8507818086,2.59574587814946,0.05619612827924203,ok,False,True,False,0
2602,1691752.0450769467,2.8911227969551465,0.21845509799464566,ok,False,True,False,1
2603,1636214.7916851614,2.7563479913250695,0.20596867363611937,ok,False,True,False,1
2604,1691752.0450769467,2.6226207100076273,0.2433127303089044,ok,False,True,False,1
2605,2049361.7708693966,2.655738270121328,0.08335562185313761,ok,False,True,False,0
2606,3161271.723036345,2.9557764807617395,0.1947764919471155,ok,False,True,False,1
2607,2506750.9431055533,2.9996860245568406,0.12403445197273472,ok,False,True,False,0
2608,2031155.775757021,2.9922124844281885,0.15294855996745538,ok,False,True,False,0
2609,2095689.456544779,2.465927913813439,0.0702016898095772,ok,False,True,False,0
2610,1484707.709926356,2.432285988193341,0.34447837184994723,ok,False,True,False,1
2611,3177047.1081057014,2.8818550970305745,0.10528460626171987,ok,False,True,False,0
2612,2011242.7772806676,2.670904788831005,0.057206012219321645,ok,False,True,False,0
2613,1691752.0450769467,2.563845060821354,0.24881825829719445,ok,False,True,False,1
2614,2068286.8292993223,2.7697492854369012,0.0802421556951749,ok,False,True,False,0
2615,2055827.629831944,2.5450105035406043,0.07944072696344917,ok,False,True,False,0
2616,1691752.0450769467,2.577395271532464,0.254754154443681,ok,False,True,False,1
2617,1391604.936285155,2.5842283760926037,0.2747144184774686,ok,False,True,False,1
2618,1636214.7916851614,2.8438624965139523,0.17103918169871513,ok,False,True,False,0
2619,2094785.2041483354,2.9189792721496746,0.056124098818889356,ok,False,True,False,0
2620,2734812.9533294914,2.6247987885772535,0.06975645497955407,ok,False,True,False,0
2621,2031258.9440313051,2.9511668132258277,0.07747987518496358,ok,False,True,False,0
2622,2051965.1924744158,2.981594662162168,0.09052613710390828,ok,False,True,False,0
2623,3814410.2965685455,2.998183468141523,0.21327896358593607,ok,False,True,False,1
2624,1711514.164844361,2.8357097477598483,0.26714751870011716,ok,False,True,False,1
2625,2026483.8992521751,2.7685908541857027,0.07275111387235486,ok,False,True,False,0
2626,2195296.505150094,2.967037538992086,0.10647640438325659,ok,False,True,False,0
2627,2012017.6971821543,2.6464826152119247,0.07706101752965278,ok,False,True,False,0
2628,4395805.968649544,2.978183831523618,0.09741477490794892,ok,False,True,False,0
2629,3737629.855383264,2.979080969771884,0.1900515709466839,ok,False,True,False,1
2630,2553182.0513168573,2.529354883397247,0.08047143113011679,ok,False,True,False,0
2631,1711514.164844361,2.7642781351369825,0.22950988872800285,ok,False,True,False,1
2632,1484707.709926356,2.7121640299481427,0.2994311148804139,ok,False,True,False,1
2633,1636214.7916851614,2.815077470626721,0.23482434376131003,ok,False,True,False,1
2634,3494840.3339182674,2.7923500590102717,0.09384860519372917,ok,False,True,False,0
2635,1691752.0450769467,2.685282992151606,0.22288705572493392,ok,False,True,False,1
2636,1711514.164844361,2.9316493368774093,0.27362366380022124,ok,False,True,False,1
2637,2247578.179583186,2.9779669051416437,0.09089465645041439,ok,False,True,False,0
2638,3726264.1304266276,2.908210968910385,0.2208297664552047,ok,False,True,False,1
2639,2046586.4701509033,2.9903611778043553,0.0815150976377737,ok,False,True,False,0
2640,2039791.1838612524,2.9264473719181225,0.10375950264204598,ok,False,True,False,0
2641,1636214.7916851614,2.612893383517278,0.28641081608582536,ok,False,True,False,1
2642,2928093.295539488,2.9000524285380527,0.07842045326173874,ok,False,True,False,0
2643,2268227.304881506,2.923124284037331,0.04915540373461352,ok,False,True,False,0
2644,1636214.7916851614,2.695327380739031,0.23378401117358683,ok,False,True,False,1
2645,1691752.0450769467,2.712003914626249,0.20860819696373678,ok,False,True,False,1
2646,2044420.149018778,2.981176290435541,0.1134880002603299,ok,False,True,False,0
2647,1691752.0450769467,2.57767629233289,0.21125156767647632,ok,False,True,False,1
2648,2010173.4667121496,2.9021891800504216,0.05046306655880739,ok,False,True,False,0
2649,2019699.4863187417,2.5247944052037097,0.11899728610402505,ok,False,True,False,0
2650,2679122.7483367366,2.9287613345454497,0.1364986890667561,ok,False,True,False,0
2651,2082536.1307345002,2.977435862603747,0.09925008976148386,ok,False,True,False,0
2652,2903882.5290506072,2.9990915062969425,0.13724219480592326,ok,False,True,False,0
2653,1636214.7916851614,2.5363906436932258,0.22376265906439669,ok,False,True,False,1
2654,2059338.5263507175,2.9619004542897267,0.08775559395428945,ok,False,True,False,0
2655,2187727.2369414605,2.703382265586776,0.06843312640789317,ok,False,True,False,0
2656,2081788.8689324702,2.9974431169310938,0.11721336079524958,ok,False,True,False,0
2657,2739183.9369124616,2.8625951825184965,0.1753147084429038,ok,False,True,False,1
2658,2378300.6853111484,2.9833521315841836,0.08526388599913626,ok,False,True,False,0
2659,2395152.1556656607,2.9711088041919274,0.1888676674925226,ok,False,True,False,1
2660,4383520.651543849,2.8445876624304156,0.14787617215717064,ok,False,True,False,0
2661,2010395.8084728399,2.85014594709973,0.11289016502862625,ok,False,True,False,0
2662,2049435.4837427286,2.5231605355105255,0.06449707325025633,ok,False,True,False,0
2663,2141544.897882846,2.9968137018962846,0.1252170435186108,ok,False,True,False,0
2664,2227533.9553478616,2.722314744059415,0.03818093395023185,ok,False,True,False,0
2665,1691752.0450769467,2.8084700507315405,0.26488355899305355,ok,False,True,False,1
2666,4009164.171175783,2.5846310257365586,0.09079034254403817,ok,False,True,False,0
2667,2249481.9600332966,2.909598611961593,0.07106590718429673,ok,False,True,False,0
2668,1711514.164844361,2.681533503760457,0.21066352182109221,ok,False,True,False,1
2669,2030566.1499429732,2.9460259406425946,0.07768118688312187,ok,False,True,False,0
2670,2024462.2386545355,2.9252495264373257,0.06493829495406034,ok,False,True,False,0
2671,1636214.7916851614,2.726809073901134,0.27869031697860663,ok,False,True,False,1
2672,5020158.678541964,2.799616885345575,0.20897664774039948,ok,False,True,False,1
2673,1484707.709926356,2.8623189622681524,0.22051225350976295,ok,False,True,False,1
2674,2096288.736453125,2.6397624746971164,0.04934249429323234,ok,False,True,False,0
2675,2064496.1082710885,2.976629679045492,0.11019600402625657,ok,False,True,False,0
2676,2279151.2548691854,2.94834738079722,0.13209288167958622,ok,False,True,False,0
2677,2047954.753759082,2.97749061548455,0.07409983516371754,ok,False,True,False,0
2678,2022768.293033252,2.695653191408457,0.0504645181649408,ok,False,True,False,0
2679,2259437.0744376737,2.3632397686351148,0.09338747993555807,ok,False,True,False,0
2680,2211527.414217396,2.9338445677449685,0.0842390155917917,ok,False,True,False,0
2681,2523863.7730026515,2.9826187626740097,0.1518439976048918,ok,False,True,False,0
2682,3942629.79063528,2.8894487918442033,0.10922578312669723,ok,False,True,False,0
2683,2254382.0716173504,2.7215696378380017,0.05718206605512105,ok,False,True,False,0
2684,2812618.7256656354,2.973469058755616,0.10474936041856975,ok,False,True,False,0
2685,1691752.0450769467,2.7486701602584547,0.2730242687992639,ok,False,True,False,1
2686,2093460.5310292598,2.5628107627276995,0.06981714833445596,ok,False,True,False,0
2687,2200926.716827028,2.966263534897722,0.09469413601601259,ok,False,True,False,0
2688,1691752.0450769467,2.9529632006269866,0.24142391228556198,ok,False,True,False,1
2689,1711514.164844361,2.71873323624376,0.19905138367362293,ok,False,True,False,1
2690,2018366.773181937,2.856616200434583,0.07027984731114822,ok,False,True,False,0
2691,2217955.418280885,2.7299348194042445,0.0752518105678821,ok,False,True,False,0
2692,1691752.0450769467,2.7952469551997465,0.2237314846471175,ok,False,True,False,1
2693,2179982.674387302,2.9910959468848177,0.06032605519748746,ok,False,True,False,0
2694,2023342.834620019,2.9383534685747756,0.06585545093873685,ok,False,True,False,0
2695,2081394.952204016,2.9885713633432185,0.09541817270379768,ok,False,True,False,0
2696,2013022.5258637436,2.83354539075315,0.07949014477517702,ok,False,True,False,0
2697,2019614.9620136882,2.994566632353277,0.1587345290183525,ok,False,True,False,0
2698,2015086.1769123322,2.7721843974617153,0.08175531655339663,ok,False,True,False,0
2699,2588115.2436991325,2.6978687450813448,0.11242375884524336,ok,False,True,False,0
2700,3748372.664240923,2.725130085833783,0.17245889932890174,ok,False,True,False,1
2701,2096013.8024392945,2.831037636325201,0.06408025388260385,ok,False,True,False,0
2702,2015704.995245433,2.870471900227956,0.10865777527231857,ok,False,True,False,0
2703,3443734.124680919,2.492490205983438,0.09667647298215876,ok,False,True,False,0
2704,2150911.078581518,2.961205380629469,0.08947180806830585,ok,False,True,False,0
2705,2611097.287486882,2.9697559243434495,0.1013352588108053,ok,False,True,False,0
2706,2245323.1527009844,2.9757818860602203,0.1269114855810124,ok,False,True,False,0
2707,2092404.2425673371,2.997725877501056,0.0941487277100953,ok,False,True,False,0
2708,2064097.835013792,2.942623530028575,0.09729100297921056,ok,False,True,False,0
2709,1691752.0450769467,2.6593116232673752,0.2271832281814748,ok,False,True,False,1
2710,2178320.7550839554,2.9636562034978358,0.1444774560259764,ok,False,True,False,0
2711,2398290.6211826894,2.970483731751321,0.14332570428257707,ok,False,True,False,0
2712,1391604.936285155,2.3791957761782907,0.38014575965655295,ok,False,True,False,1
2713,3057992.3198820604,2.9677333755454978,0.15867293620729866,ok,False,True,False,0
2714,2053746.6458497948,2.733914930241072,0.09808929923304177,ok,False,True,False,0
2715,1711514.164844361,2.750471000386815,0.23104331648556908,ok,False,True,False,1
2716,2051410.9580352625,2.696440115072769,0.0945593017214943,ok,False,True,False,0
2717,2016579.7560896561,2.596661182106252,0.12365205840928534,ok,False,True,False,0
2718,1691752.0450769467,2.9309353796757915,0.2298130756761179,ok,False,True,False,1
2719,2809725.414701629,2.9980878540869873,0.15821369762400483,ok,False,True,False,0
2720,2114167.8141955025,2.977513400985151,0.10981567862770672,ok,False,True,False,0
2721,2048498.4170173875,2.963813543762328,0.0979140961792846,ok,False,True,False,0
2722,2462593.912504033,2.72428574545406,0.11381025108926801,ok,False,True,False,0
2723,3124092.0315295164,2.474770717097594,0.0794647951504458,ok,False,True,False,0
2724,2531584.746154548,2.9866011434088464,0.12518676690086394,ok,False,True,False,0
2725,2016671.2346344283,2.9633054523933238,0.06855469578344309,ok,False,True,False,0
2726,2140892.536563477,2.9802039617593366,0.07474101797208832,ok,False,True,False,0
2727,1691752.0450769467,2.804624312907791,0.1999435599905915,ok,False,True,False,1
2728,1711514.164844361,2.5541816980625818,0.24496281015507004,ok,False,True,False,1
2729,1711514.164844361,2.670657159336267,0.23760275539490994,ok,False,True,False,1
2730,1691752.0450769467,2.9336168950689414,0.18421627232356333,ok,False,True,False,1
2731,1636214.7916851614,2.54850974464923,0.2451960213914065,ok,False,True,False,1
2732,2153488.16824086,2.9927219384037227,0.13919128060351282,ok,False,True,False,0
2733,2022707.3254153382,2.9973761737880826,0.06499668656811397,ok,False,True,False,0
2734,2025053.8109712217,2.887848128512978,0.1277826469241532,ok,False,True,False,0
2735,1691752.0450769467,2.75180079210794,0.22025351429838558,ok,False,True,False,1
2736,2177870.971920979,2.982095069427231,0.0914438860126312,ok,False,True,False,0
2737,3580568.4786191913,2.5849950244668944,0.11868943278376454,ok,False,True,False,0
2738,2119162.505387987,2.981526505079752,0.08139005976531732,ok,False,True,False,0
2739,4649200.539076819,2.7179453688348474,0.0792892695976829,ok,False,True,False,0
2740,2731772.0410836297,2.6370801839309492,0.08503274794812044,ok,False,True,False,0
2741,1691752.0450769467,2.8621334913046823,0.22185118104813462,ok,False,True,False,1
2742,1691752.0450769467,2.898795375920649,0.21228801095721428,ok,False,True,False,1
2743,2010589.7680503577,2.6926787766919755,0.10359264155261444,ok,False,True,False,0
2744,1636214.7916851614,2.5538805637114566,0.2805544127315457,ok,False,True,False,1
2745,2561355.194598168,2.5935077113629683,0.0821559294520271,ok,False,True,False,0
2746,1691752.0450769467,2.91917451402031,0.2379900243194881,ok,False,True,False,1
2747,2036016.8626953827,2.9436282053174696,0.07956303992989261,ok,False,True,False,0
2748,2200365.305041574,2.987416317336308,0.12355854999052562,ok,False,True,False,0
2749,2109024.3069398045,2.95952017058596,0.09706003184113304,ok,False,True,False,0
2750,2121028.0868597296,2.9905757162950137,0.07773049382540465,ok,False,True,False,0
2751,2024691.508128373,2.786587657773513,0.06520188887909306,ok,False,True,False,0
2752,1636214.7916851614,2.590303262482086,0.20022356246338713,ok,False,True,False,1
2753,2038212.7322710538,2.9800528858407773,0.09198963266149202,ok,False,True,False,0
2754,1691752.0450769467,2.8008350565289915,0.21995743766012676,ok,False,True,False,1
2755,1711514.164844361,2.7334201625730223,0.20123542446071227,ok,False,True,False,1
2756,3135311.046895476,2.994658758738698,0.21647007914404326,ok,False,True,False,1
2757,1636214.7916851614,2.4543261561070753,0.07548965441342537,ok,False,True,False,0
2758,2992076.826169852,2.9550279763465417,0.16210250456952935,ok,False,True,False,0
2759,2012299.1150016296,2.8497720966792386,0.16243436677087894,ok,False,True,False,0
2760,3156025.784026133,2.9067129553402973,0.08311728863558898,ok,False,True,False,0
2761,1636214.7916851614,2.750188910793857,0.2456498401441642,ok,False,True,False,1
2762,2032918.5654178536,2.917454754392212,0.1919384843507454,ok,False,True,False,1
2763,1691752.0450769467,2.8014544184818373,0.23275385341971605,ok,False,True,False,1
2764,1691752.0450769467,2.6190679134749395,0.2398246465154751,ok,False,True,False,1
2765,1391604.936285155,2.524631038320533,0.31200451899425197,ok,False,True,False,1
2766,2016087.922895921,2.8788236778227017,0.08201262539083753,ok,False,True,False,0
2767,2010331.7346795972,2.6292254175931955,0.10085898377357294,ok,False,True,False,0
2768,1691752.0450769467,2.8517953157603326,0.2791122891866146,ok,False,True,False,1
2769,2033937.6275946384,2.7058910981142517,0.13861430034960798,ok,False,True,False,0
2770,1691752.0450769467,2.7567842525201502,0.22226091129428055,ok,False,True,False,1
2771,2075391.326116805,2.983351597249317,0.09883498309031424,ok,False,True,False,0
2772,2018322.3687515866,2.7515730683463273,0.05845847803774662,ok,False,True,False,0
2773,1711514.164844361,2.9673511208944614,0.21219710601910996,ok,False,True,False,1
2774,2280704.7935542027,2.340936324181768,0.06236629352455619,ok,False,True,False,0
2775,2449389.4629519368,2.695301613398475,0.057608862235319136,ok,False,True,False,0
2776,2991407.9469436626,2.9917670016186624,0.23031947300847527,ok,False,True,False,1
2777,2296298.9121506605,2.956677900691898,0.15586810799410672,ok,False,True,False,0
2778,1691752.0450769467,2.9682467320713557,0.22748926930134544,ok,False,True,False,1
2779,2016185.661740765,2.7134047504346954,0.14547096491141215,ok,False,True,False,0
2780,2132109.9934311663,2.989619620726396,0.06401863947184216,ok,False,True,False,0
2781,2321878.4930230016,2.7286929127079826,0.08257886075243959,ok,False,True,False,0
2782,2984234.3178902403,2.9816502474501947,0.08437749289705376,ok,False,True,False,0
2783,5129933.763584918,2.6633469280742754,0.15499980479593622,ok,False,True,False,0
2784,2160823.545683199,2.985415022078462,0.10161349972547495,ok,False,True,False,0
2785,2029623.9106131813,2.972093807154927,0.0631869655668682,ok,False,True,False,0
2786,2035329.9319632382,2.771821773873333,0.05752095597271811,ok,False,True,False,0
2787,2089468.8174275095,2.617161744431195,0.07842912046189066,ok,False,True,False,0
2788,2111712.3968714694,2.486425839266942,0.09671595773386388,ok,False,True,False,0
2789,2279095.9250652385,2.5078132914146343,0.09113590973347929,ok,False,True,False,0
2790,2114348.2760702106,2.8865553614659856,0.11838629248333726,ok,False,True,False,0
2791,2283544.903497107,2.5942808056434954,0.11610179734595527,ok,False,True,False,0
2792,2011145.7786444328,2.7305240110150835,0.10978390830707574,ok,False,True,False,0
2793,1691752.0450769467,2.6821584536244387,0.21004249084411492,ok,False,True,False,1
2794,2013004.3735857848,2.801492310173156,0.16719330216049527,ok,False,True,False,0
2795,1691752.0450769467,2.7204081418494024,0.21568127299564438,ok,False,True,False,1
2796,3068875.047633928,2.9168483352065824,0.12893179021794027,ok,False,True,False,0
2797,2230825.923247065,2.532213263867772,0.07769579970088947,ok,False,True,False,0
2798,5510263.822186117,2.8079754761185676,0.22194416044866183,ok,False,True,False,1
2799,1636214.7916851614,2.6268507743354466,0.2325198573556007,ok,False,True,False,1
2800,3103368.6564441663,2.9727337332815296,0.12654192881459658,ok,False,True,False,0
2801,2045573.224076983,2.3968155193039777,0.11198573880329887,ok,False,True,False,0
2802,1636214.7916851614,2.5016603332495095,0.22954617368160707,ok,False,True,False,1
2803,2235845.676279733,2.953228531474138,0.09209746746267222,ok,False,True,False,0
2804,2023641.3492758523,2.614302535825959,0.050659597718852645,ok,False,True,False,0
2805,3727961.0526984534,2.5536117817041397,0.09270550327582583,ok,False,True,False,0
2806,1711514.164844361,2.916098578597708,0.2524477748027619,ok,False,True,False,1
2807,1691752.0450769467,2.8695012855973916,0.24512918076911636,ok,False,True,False,1
2808,2146241.71535604,2.992647505778062,0.07885114608601407,ok,False,True,False,0
2809,2108652.6191608356,2.9993551995462293,0.10162030010467948,ok,False,True,False,0
2810,1691752.0450769467,2.734409593876064,0.19275393730834237,ok,False,True,False,1
2811,2147513.519148858,2.6295472682877836,0.0734016662987943,ok,False,True,False,0
2812,1691752.0450769467,2.721576156301122,0.2147549713306359,ok,False,True,False,1
2813,1691752.0450769467,2.9833555851734097,0.25365044674409043,ok,False,True,False,1
2814,2021095.0545490258,2.97805011570925,0.11084409066509648,ok,False,True,False,0
2815,2025428.331788531,2.963047848379602,0.12377477203625853,ok,False,True,False,0
2816,1711514.164844361,2.8253117317818934,0.18858301596619736,ok,False,True,False,1
2817,1711514.164844361,2.7038542131568493,0.22141313089222636,ok,False,True,False,1
2818,2039939.6786137659,2.9117271829473452,0.08415606969512002,ok,False,True,False,0
2819,2067679.9721780005,2.750441176392062,0.058565298063949944,ok,False,True,False,0
2820,2481537.7950498937,2.6272010521535236,0.06237626422073261,ok,False,True,False,0
2821,3061909.1647677226,2.7062530373458165,0.08519934279584884,ok,False,True,False,0
2822,1391604.936285155,2.3560711745890184,0.38150071412750075,ok,False,True,False,1
2823,2011962.7592911378,2.7944798741715706,0.060425809309385306,ok,False,True,False,0
2824,1691752.0450769467,2.658003168803905,0.18614112066774677,ok,False,True,False,1
2825,2760369.03452251,2.9727516636007216,0.1019044011830737,ok,False,True,False,0
2826,2125941.8146112785,2.535127325897454,0.07589531163084795,ok,False,True,False,0
2827,2020024.2373838176,2.7791906637003883,0.08716527643190264,ok,False,True,False,0
2828,2343206.665853073,2.67281752752388,0.07671275937689681,ok,False,True,False,0
2829,2377519.1594454036,2.9884396572475556,0.10499159615914666,ok,False,True,False,0
2830,2032504.6781628851,2.7148592706775636,0.09691531974795276,ok,False,True,False,0
2831,2049550.158024047,2.8752872649285974,0.07582122442080463,ok,False,True,False,0
2832,3096863.52735956,2.2582420817119906,0.12039165764742843,ok,False,True,False,0
2833,3558217.9285912053,2.9633779836207568,0.1702349257834947,ok,False,True,False,0
2834,2061808.2902776347,2.9875922119404565,0.054042526402111934,ok,False,True,False,0
2835,2056492.9365712823,2.828376255990621,0.06866025148472854,ok,False,True,False,0
2836,1691752.0450769467,2.5970501288660555,0.1985983046187264,ok,False,True,False,1
2837,4139257.2779308227,2.9447217405488413,0.2023692767915506,ok,False,True,False,1
2838,2034114.8047883988,2.7667436448702034,0.07392400930253062,ok,False,True,False,0
2839,1691752.0450769467,2.736984439237758,0.19538976424084742,ok,False,True,False,1
2840,1691752.0450769467,2.770436381740584,0.21354227878218207,ok,False,True,False,1
2841,1636214.7916851614,2.8208446322659353,0.19451692617947716,ok,False,True,False,1
2842,2030360.367528901,2.9203586609791388,0.09265132925861708,ok,False,True,False,0
2843,2063460.8390617038,2.717319687336851,0.09226648876403154,ok,False,True,False,0
2844,1691752.0450769467,2.9917430720460123,0.2622618316852751,ok,False,True,False,1
2845,1636214.7916851614,2.665959832203185,0.27149623829841774,ok,False,True,False,1
2846,2151385.1711308598,2.750920202816584,0.050649267401181204,ok,False,True,False,0
2847,2054313.0866730048,2.984767992067222,0.08430186632983638,ok,False,True,False,0
2848,3117353.826655204,2.9786519327188863,0.1825773354465141,ok,False,True,False,1
2849,2501521.3481892296,2.736658913684683,0.11278516541344041,ok,False,True,False,0
2850,2019508.9601685836,2.5887049225383945,0.07085499682419838,ok,False,True,False,0
2851,2049822.2198783122,2.7133745613065874,0.09919760465600819,ok,False,True,False,0
2852,1636214.7916851614,2.6659346121451906,0.1794902615004963,ok,False,True,False,1
2853,2047407.2927999424,2.8293363161823155,0.0673871395244452,ok,False,True,False,0
2854,1691752.0450769467,2.702394043133279,0.20939527567730676,ok,False,True,False,1
2855,2683677.993697752,2.988449128901138,0.06976214491145372,ok,False,True,False,0
2856,2316623.9572834857,2.973878149450763,0.10884090400981705,ok,False,True,False,0
2857,3221104.387540604,2.9989990097934913,0.19206473314388461,ok,False,True,False,1
2858,2018201.1020852122,2.9854464845247475,0.07905461717376588,ok,False,True,False,0
2859,2036145.2725963749,2.662560554614269,0.10283393155689002,ok,False,True,False,0
2860,2830081.757546956,2.9229493195222034,0.1803020930955176,ok,False,True,False,1
2861,2035120.339882736,2.9942228102237856,0.20565622088967234,ok,False,True,False,1
2862,2035116.9585201473,2.6176442568279583,0.07149466512832214,ok,False,True,False,0
2863,1636214.7916851614,2.457827322244123,0.2560096468969852,ok,False,True,False,1
2864,1691752.0450769467,2.6267859478026265,0.23577050683592063,ok,False,True,False,1
2865,2023289.6264064997,2.7986567751000817,0.06856510139159377,ok,False,True,False,0
2866,2099003.7281501046,2.9385621968042175,0.1643937580784477,ok,False,True,False,0
2867,5954525.619267186,2.6533404190253416,0.08894747223454247,ok,False,True,False,0
2868,1711514.164844361,2.656903743076184,0.2607223897797738,ok,False,True,False,1
2869,2571812.29052817,2.9404806532403756,0.0817691487115616,ok,False,True,False,0
2870,1711514.164844361,2.857154634882975,0.24807283236135955,ok,False,True,False,1
2871,2008955.1992566693,2.845030963265822,0.10262836018603405,ok,False,True,False,0
2872,1691752.0450769467,2.6153364604999045,0.20249966476300602,ok,False,True,False,1
2873,1636214.7916851614,2.5591732771871682,0.25454500131505375,ok,False,True,False,1
2874,1636214.7916851614,2.900897091380393,0.21901997095485223,ok,False,True,False,1
2875,1484707.709926356,2.629785815762262,0.3302691763323964,ok,False,True,False,1
2876,2032324.2058821993,2.558819803401767,0.08022406513367264,ok,False,True,False,0
2877,2014121.541565606,2.7663168333928714,0.05674477145827744,ok,False,True,False,0
2878,2292301.739480971,2.9977940058496713,0.08565696555331065,ok,False,True,False,0
2879,1691752.0450769467,2.7820910180519904,0.16977329588598172,ok,False,True,False,0
2880,2182546.801197927,2.980560313247938,0.114549555179014,ok,False,True,False,0
2881,2286283.2958682273,2.9671502042260522,0.08873275439061734,ok,False,True,False,0
2882,2017016.8728175291,2.62790928974103,0.10945918781036923,ok,False,True,False,0
2883,2019647.8116995476,2.942896848030629,0.1528708483984949,ok,False,True,False,0
2884,1691752.0450769467,2.8135164449109777,0.22103091668767147,ok,False,True,False,1
2885,3134194.119731676,2.9163921146768663,0.07879295515955398,ok,False,True,False,0
2886,1711514.164844361,2.705802509644082,0.2209676894835602,ok,False,True,False,1
2887,2033381.4453491098,2.732577540340575,0.08902136898681745,ok,False,True,False,0
2888,2027258.455424788,2.775718939761446,0.1033536082167163,ok,False,True,False,0
2889,2025388.8648564774,2.8049420303710626,0.08497630820916546,ok,False,True,False,0
2890,2074958.4902065836,2.9557982787686496,0.058935380911044236,ok,False,True,False,0
2891,2026123.6623911443,2.964851224728376,0.07739187084365973,ok,False,True,False,0
2892,3156504.652105684,2.747783060613242,0.0799918669782943,ok,False,True,False,0
2893,2923387.391819424,2.979831314973313,0.09026266267499727,ok,False,True,False,0
2894,2714707.31464385,2.9697468893933125,0.11042149486848107,ok,False,True,False,0
2895,2032160.7671846484,2.989778733829222,0.07104682577824506,ok,False,True,False,0
2896,2024477.1883615484,2.945484942623887,0.069795349071194,ok,False,True,False,0
2897,2014867.345873669,2.88524569356332,0.11311205821039999,ok,False,True,False,0
2898,1711514.164844361,2.6490486188029747,0.2569073902131126,ok,False,True,False,1
2899,1691752.0450769467,2.8734090832987205,0.23606956983706348,ok,False,True,False,1
2900,1691752.0450769467,2.8602484136761266,0.24413540734932387,ok,False,True,False,1
2901,2644213.369164712,2.9311475282433532,0.14556934841381652,ok,False,True,False,0
2902,2021637.449633088,2.9380312972801494,0.12356543754546567,ok,False,True,False,0
2903,2882889.2053767717,2.9171430980812643,0.15203227107406672,ok,False,True,False,0
2904,2859210.0824869494,2.925576309945772,0.2116129748551664,ok,False,True,False,1
2905,1691752.0450769467,2.6400527433068604,0.1856494344549676,ok,False,True,False,1
2906,2032337.0335864457,2.9587713913517257,0.05406733685862963,ok,False,True,False,0
2907,3058350.6097288425,2.970181206837806,0.09154708381612059,ok,False,True,False,0
2908,2036222.5866331125,2.9548997015383094,0.1559277165490155,ok,False,True,False,0
2909,2992138.432012229,2.9838264071420157,0.11919763016165774,ok,False,True,False,0
2910,1636214.7916851614,2.6608600064423618,0.27323407361081964,ok,False,True,False,1
2911,1711514.164844361,2.8726990796195633,0.22984790554071866,ok,False,True,False,1
2912,1636214.7916851614,2.925176517187011,0.25880963498124565,ok,False,True,False,1
2913,2033466.1853912463,2.9916225111191124,0.10719022314939458,ok,False,True,False,0
2914,2045182.046245936,2.9024143709060706,0.07363996426492006,ok,False,True,False,0
2915,2103959.723387688,2.5271937798257738,0.07725058576400612,ok,False,True,False,0
2916,2449377.4400450783,2.733676222254571,0.10108071198092285,ok,False,True,False,0
2917,4495955.015173054,2.8210405084622217,0.19749934217170395,ok,False,True,False,1
2918,2077127.0217362144,2.993634980864627,0.08473236494351222,ok,False,True,False,0
2919,2022012.797955036,2.932542935811144,0.09970941035796332,ok,False,True,False,0
2920,3169020.4143862063,2.476499209244294,0.08031122729816875,ok,False,True,False,0
2921,1691752.0450769467,2.7834592380753316,0.19628451204858133,ok,False,True,False,1
2922,2061251.2219087658,2.6145291946925564,0.08118169639107942,ok,False,True,False,0
2923,1484707.709926356,2.4598361948517846,0.3293341302162736,ok,False,True,False,1
2924,1691752.0450769467,2.584721617437311,0.21233015238421776,ok,False,True,False,1
2925,1691752.0450769467,2.847624245028716,0.22067461854465417,ok,False,True,False,1
2926,1636214.7916851614,2.7449347894900264,0.12407608363271228,ok,False,True,False,0
2927,2051439.520651173,2.8973369633713704,0.11226147046045021,ok,False,True,False,0
2928,2018667.3822475753,2.5437631451852285,0.09203133165682126,ok,False,True,False,0
2929,4066759.075965541,2.622179590401389,0.10679595074642506,ok,False,True,False,0
2930,2110087.652244904,2.5049015228601856,0.07992072460724031,ok,False,True,False,0
2931,2372755.8673166744,2.948926404639831,0.12990802041254923,ok,False,True,False,0
2932,2309117.3545104354,2.803242417597822,0.06452104494479227,ok,False,True,False,0
2933,3114095.6923185443,2.4877049196117884,0.07330522963131436,ok,False,True,False,0
2934,1691752.0450769467,2.7661632734173707,0.21803584914299895,ok,False,True,False,1
2935,1636214.7916851614,2.7081929511702354,0.22131074761081154,ok,False,True,False,1
2936,1636214.7916851614,2.7754312112661585,0.16919018588859125,ok,False,True,False,0
2937,2069840.7892333271,2.758383998114506,0.09840452696213253,ok,False,True,False,0
2938,2149573.753262429,2.8326196612512016,0.06621982356037398,ok,False,True,False,0
2939,2485717.682876666,2.9905089542450223,0.08461732281932888,ok,False,True,False,0
2940,2572599.210982377,2.900308097037714,0.11206116064546912,ok,False,True,False,0
2941,1691752.0450769467,2.707129259220417,0.2530106799677507,ok,False,True,False,1
2942,2156845.902101521,2.6825434873078273,0.13884550916167993,ok,False,True,False,0
2943,1691752.0450769467,2.6170147711159677,0.224801610780219,ok,False,True,False,1
2944,1711514.164844361,2.814711408068212,0.2154790796473674,ok,False,True,False,1
2945,2327804.669486821,2.8966415200708617,0.08127478868957455,ok,False,True,False,0
2946,2378587.5502657355,2.9622638345581755,0.12578580970125963,ok,False,True,False,0
2947,2039878.8291380708,2.791022918845094,0.12837590403437715,ok,False,True,False,0
2948,2644027.379480535,2.9926598601423104,0.12447240281073627,ok,False,True,False,0
2949,1691752.0450769467,2.753966234486089,0.26712187095729895,ok,False,True,False,1
2950,1484707.709926356,2.2969689599172476,0.215643963317033,ok,False,True,False,1
2951,1691752.0450769467,2.682016146679967,0.19832281327666057,ok,False,True,False,1
2952,2021977.7183640536,2.8523087880297258,0.1009343745849336,ok,False,True,False,0
2953,2016810.5932462371,2.7328469913342746,0.08406830867958848,ok,False,True,False,0
2954,1691752.0450769467,2.6500319249699915,0.20320293393825703,ok,False,True,False,1
2955,2609301.8192181964,2.9828980176723006,0.11419372373225212,ok,False,True,False,0
2956,2055463.8378978458,2.9914541084799655,0.0873048179879185,ok,False,True,False,0
2957,2244070.3027517283,2.5668285120210195,0.11325130684655427,ok,False,True,False,0
2958,2046171.805570376,2.9601215426079506,0.09571888828355479,ok,False,True,False,0
2959,2415465.6924124234,2.7685581431387627,0.06540652430076932,ok,False,True,False,0
2960,1691752.0450769467,2.8440622397150346,0.25608172024823256,ok,False,True,False,1
2961,5016616.4804177005,2.874876244378324,0.16926806657303028,ok,False,True,False,0
2962,3680867.7657044204,2.9764284318678067,0.15155649138929417,ok,False,True,False,0
2963,1691752.0450769467,2.7121188901819506,0.21540596695626898,ok,False,True,False,1
2964,1691752.0450769467,2.9163254307137176,0.2777848309167881,ok,False,True,False,1
2965,2434528.1627840013,2.9339552488464697,0.10695074669317461,ok,False,True,False,0
2966,2733127.2601205693,2.9552972288502026,0.1920478819758178,ok,False,True,False,1
2967,1691752.0450769467,2.6421707008935744,0.2830099006878475,ok,False,True,False,1
2968,3516536.9429432065,2.9991508165481315,0.07391801147083721,ok,False,True,False,0
2969,3014356.587173358,2.9731159600182204,0.18093760470356196,ok,False,True,False,1
2970,2149535.0192080634,2.5879527192576144,0.07158094756339428,ok,False,True,False,0
2971,2261324.135101772,2.938562230682191,0.11500834489503126,ok,False,True,False,0
2972,2028061.4576443806,2.9829909160483563,0.23099583441885502,ok,False,True,False,1
2973,2055550.0488765624,2.798887305092437,0.12454625803887373,ok,False,True,False,0
2974,2676719.8000495313,2.9831675673699625,0.09844283789239294,ok,False,True,False,0
2975,2156421.514189441,2.9621073246484864,0.12245654021207242,ok,False,True,False,0
2976,2970254.863788694,2.652752398350379,0.059092672110780814,ok,False,True,False,0
2977,2441230.12056464,2.9913129553393425,0.11293029615630867,ok,False,True,False,0
2978,2075589.0849376547,2.905714917384812,0.09627631288044353,ok,False,True,False,0
2979,2236460.3509185496,2.8873258063569933,0.05485785639710006,ok,False,True,False,0
2980,3067055.3455696087,2.998784634040189,0.09964203901464774,ok,False,True,False,0
2981,1711514.164844361,2.7410429042314695,0.20526073146160545,ok,False,True,False,1
2982,2815495.646947505,2.965941645901986,0.14720326295852848,ok,False,True,False,0
2983,5026010.796761182,2.871662258516461,0.214268941783606,ok,False,True,False,1
2984,2448601.030227707,2.7415662888171672,0.04045563047797546,ok,False,True,False,0
2985,2215843.701331273,2.964829105665266,0.09996110879702719,ok,False,True,False,0
2986,2052141.1028281732,2.8456287786771424,0.05696742968280988,ok,False,True,False,0
2987,2321524.3791209054,2.916339090028316,0.0990019434198624,ok,False,True,False,0
2988,2860820.201542,2.947655234412153,0.17542596598672772,ok,False,True,False,1
2989,3484493.604105804,2.9663683635692886,0.0755540834929842,ok,False,True,False,0
2990,2308592.746442927,2.739886387472045,0.04989429572042664,ok,False,True,False,0
2991,1711514.164844361,2.7587600523070472,0.21222469966009855,ok,False,True,False,1
2992,2026814.1304251018,2.7882878623646508,0.06104954670052265,ok,False,True,False,0
2993,1691752.0450769467,2.8711850234493506,0.22885608315120337,ok,False,True,False,1
2994,2257925.5088222576,2.6421422274308792,0.06206096585029497,ok,False,True,False,0
2995,1691752.0450769467,2.7872970673891917,0.17816097631570682,ok,False,True,False,1
2996,2139496.29911117,2.900918455633095,0.07726406566986221,ok,False,True,False,0
2997,1691752.0450769467,2.7495770420555896,0.22854244821779401,ok,False,True,False,1
2998,2013522.664810255,2.532139130410546,0.09843359444244038,ok,False,True,False,0
2999,2861123.4845271944,2.994011016671286,0.20441445878704523,ok,False,True,False,1
3000,2030043.1712279702,2.98512936991345,0.059371876147811614,ok,False,True,False,0
3001,2022631.8130687885,2.8530404843198944,0.08509629665425389,ok,False,True,False,0
3002,2030374.3518697633,2.945918905789245,0.08858710889514487,ok,False,True,False,0
3003,1691752.0450769467,2.5237725649651197,0.27015153235616557,ok,False,True,False,1
3004,1636214.7916851614,2.783841642424738,0.29134032198688375,ok,False,True,False,1
3005,1636214.7916851614,2.8631573825739194,0.19920869109327535,ok,False,True,False,1
3006,1691752.0450769467,2.5433068406347976,0.23565325617315663,ok,False,True,False,1
3007,1691752.0450769467,2.812790270770041,0.2629627385577869,ok,False,True,False,1
3008,3624443.8226784114,2.902076865481023,0.2294273958139697,ok,False,True,False,1
3009,1711514.164844361,2.5999945485180986,0.23223178157200203,ok,False,True,False,1
3010,2135845.1105397507,2.735194807339049,0.06545375642314599,ok,False,True,False,0
3011,3488009.392074165,2.4890967614722985,0.07440901729250027,ok,False,True,False,0
3012,1711514.164844361,2.8540023936548513,0.25500491940099235,ok,False,True,False,1
3013,2374659.7108195317,2.980775243642488,0.12633612793178628,ok,False,True,False,0
3014,1691752.0450769467,2.780616255853731,0.2518569217611207,ok,False,True,False,1
3015,2021909.9913193577,2.9334491985509126,0.11237745141432126,ok,False,True,False,0
3016,2104957.7086782847,2.543214301667331,0.07567049548964766,ok,False,True,False,0
3017,2316072.7275734595,2.995759251630554,0.09659177531971519,ok,False,True,False,0
3018,2012419.8433313107,2.734562023772162,0.09913182795595499,ok,False,True,False,0
3019,1691752.0450769467,2.6464772591728716,0.23434741064639086,ok,False,True,False,1
3020,2047708.6554928033,2.7662624427833,0.1050875243027325,ok,False,True,False,0
3021,3300814.8202797305,2.5025987521747117,0.07014754533014411,ok,False,True,False,0
3022,1636214.7916851614,2.633574058271882,0.20829807593795943,ok,False,True,False,1
3023,2024404.1270927454,2.8090681446321843,0.1241066250013787,ok,False,True,False,0
3024,2624908.4636200895,2.4691476651118656,0.11287550959843617,ok,False,True,False,0
3025,1691752.0450769467,2.910131735809526,0.21789726443356083,ok,False,True,False,1
3026,2028612.6688109755,2.7889087443889116,0.08682392532011729,ok,False,True,False,0
3027,1691752.0450769467,2.906378189892604,0.23414815235364758,ok,False,True,False,1
3028,2060074.215180952,2.93035202698469,0.14321867429130924,ok,False,True,False,0
3029,3033498.5976363323,2.955832493895497,0.15970798273760434,ok,False,True,False,0
3030,2017714.2338121175,2.6150104121743656,0.1362132358932322,ok,False,True,False,0
3031,1691752.0450769467,2.972286187605336,0.24342152879063608,ok,False,True,False,1
3032,2316020.455570266,2.8829138386636797,0.0638429581639317,ok,False,True,False,0
3033,2237679.5494968593,2.973867328178412,0.12971656064105364,ok,False,True,False,0
3034,1711514.164844361,2.66132077690047,0.2285707438991638,ok,False,True,False,1
3035,1691752.0450769467,2.8306933183748164,0.22681368895967025,ok,False,True,False,1
3036,6058682.998826993,2.957906063479424,0.24299602276178944,ok,False,True,False,1
3037,2079725.737775741,2.7943257215804707,0.07939262432232075,ok,False,True,False,0
3038,2017812.357562711,2.8810514537422396,0.09803665242821819,ok,False,True,False,0
3039,1691752.0450769467,2.650660945664386,0.23176870423292995,ok,False,True,False,1
3040,2064522.616525737,2.9834317648748545,0.10839144993354888,ok,False,True,False,0
3041,2110972.927260706,2.998747899512424,0.08008822820417416,ok,False,True,False,0
3042,1691752.0450769467,2.8883039006635287,0.15348146610870783,ok,False,True,False,0
3043,2273021.2966861445,2.9986186528009964,0.1611781657706443,ok,False,True,False,0
3044,2724749.4371876726,2.9771465465400344,0.07541085061999309,ok,False,True,False,0
3045,2036619.0213053192,2.8101208537994014,0.05197524582180435,ok,False,True,False,0
3046,2255206.369633134,2.977095653774162,0.043200142407102626,ok,False,True,False,0
3047,2739024.9078889387,2.791117733941635,0.08830258464971097,ok,False,True,False,0
3048,2458898.359437537,2.998711334321201,0.11062856786128725,ok,False,True,False,0
3049,1186516.1254582698,2.1482960210974476,0.4188950957585836,ok,False,True,False,1
3050,2063605.689532491,2.7478934485300277,0.08560178435174304,ok,False,True,False,0
3051,4401644.878766855,2.3398558575599058,0.21407081133386596,ok,False,True,False,1
3052,2437836.4070941024,2.8232864775677546,0.1270587754015589,ok,False,True,False,0
3053,2905311.718962534,2.972786378834231,0.1685217630409105,ok,False,True,False,0
3054,1711514.164844361,2.8031383020414307,0.2304945905760504,ok,False,True,False,1
3055,1391604.936285155,2.4474304742041975,0.35214868133334354,ok,False,True,False,1
3056,2534559.8070240314,2.6940497950041067,0.10190820960006663,ok,False,True,False,0
3057,2172074.361365977,2.9970955893578326,0.07531916334683975,ok,False,True,False,0
3058,1711514.164844361,2.7300328833516856,0.21288320356646812,ok,False,True,False,1
3059,2493438.321162695,2.984243769090095,0.13022718783054443,ok,False,True,False,0
3060,2128226.92662287,2.9228486020918485,0.048720597054541126,ok,False,True,False,0
3061,2513483.4804509627,2.8762430891629416,0.1854254279924161,ok,False,True,False,1
3062,2285128.5554643846,2.6495218269944445,0.1344314886502842,ok,False,True,False,0
3063,2603627.709379631,2.575777997484934,0.07626828229619786,ok,False,True,False,0
3064,4120457.5180570656,2.832927508406046,0.17570634784649053,ok,False,True,False,1
3065,2138391.4343265397,2.598063965523541,0.055335755791612984,ok,False,True,False,0
3066,3631653.5227655442,2.9973509481398857,0.08537909887407291,ok,False,True,False,0
3067,4243529.183828597,2.894394825646753,0.1684563609488492,ok,False,True,False,0
3068,1691752.0450769467,2.7696704259620586,0.27648528498624314,ok,False,True,False,1
3069,1691752.0450769467,2.951828579925325,0.27565511720759833,ok,False,True,False,1
3070,2258425.7492429707,2.988749355920042,0.08534059259681251,ok,False,True,False,0
3071,2417832.85179643,2.9642536202432583,0.12917107556549162,ok,False,True,False,0
3072,2069750.8497605491,2.6390271144627824,0.12321322509121468,ok,False,True,False,0
3073,3967766.6302956166,2.8570383563167656,0.16768574849819695,ok,False,True,False,0
3074,2144846.554487735,2.906137307652706,0.09753267507545538,ok,False,True,False,0
3075,2182166.762588685,2.9916365714434394,0.07928360714660698,ok,False,True,False,0
3076,2014102.9965966337,2.6585236456914734,0.0656695510979678,ok,False,True,False,0
3077,2329251.9487971505,2.8891931424874713,0.061735193634707475,ok,False,True,False,0
3078,1691752.0450769467,2.6398558417460496,0.18726739762105798,ok,False,True,False,1
3079,2532709.9109683563,2.9653184691027645,0.15882694509765044,ok,False,True,False,0
3080,2027464.502201782,2.9973463410622427,0.16599986165835723,ok,False,True,False,0
3081,2063695.4021667978,2.596459905301243,0.05796187454016183,ok,False,True,False,0
3082,1636214.7916851614,2.6310980002075537,0.21932617681314298,ok,False,True,False,1
3083,2152232.37481936,2.9029863806867615,0.08588780506766103,ok,False,True,False,0
3084,1691752.0450769467,2.711958877770047,0.2695746183374697,ok,False,True,False,1
3085,1691752.0450769467,2.8233731765167507,0.18819656137774618,ok,False,True,False,1
3086,1636214.7916851614,2.518153721228712,0.2880646096080951,ok,False,True,False,1
3087,2118207.026510116,2.928040518354446,0.07733604885188687,ok,False,True,False,0
3088,2274523.889937192,2.9837211633933602,0.0936277050315828,ok,False,True,False,0
3089,1636214.7916851614,2.8985683420443062,0.3050088791614217,ok,False,True,False,1
3090,2461888.505478329,2.5134829382120394,0.08548648618345978,ok,False,True,False,0
3091,2148704.146310553,2.721192823391812,0.057492382067834025,ok,False,True,False,0
3092,2942054.255825031,2.959598145982945,0.10122992994972912,ok,False,True,False,0
3093,2050913.4479961738,2.9140151955641462,0.08397809339642648,ok,False,True,False,0
3094,1691752.0450769467,2.6269849147098983,0.2028062066883844,ok,False,True,False,1
3095,2026533.3394574022,2.7756814918207255,0.07178710638683405,ok,False,True,False,0
3096,2017418.8905638505,2.80850920633417,0.09714109461086828,ok,False,True,False,0
3097,1484707.709926356,2.4286848535507857,0.3305159282581184,ok,False,True,False,1
3098,2751217.1727182753,2.981563307619767,0.18986566315966957,ok,False,True,False,1
3099,1636214.7916851614,2.6491081263806864,0.20838896505224425,ok,False,True,False,1
3100,2283219.872730392,2.629793804876704,0.11714366612244198,ok,False,True,False,0
3101,2684854.803671691,2.9740365589271325,0.14454603964641255,ok,False,True,False,0
3102,1691752.0450769467,2.7021318485782753,0.22040015127669582,ok,False,True,False,1
3103,1484707.709926356,2.6231767251074327,0.336530512090351,ok,False,True,False,1
3104,2561224.4362643287,2.91767198447287,0.10795182803765366,ok,False,True,False,0
3105,1691752.0450769467,2.6926333349173808,0.2141277747620502,ok,False,True,False,1
3106,2234979.1578320498,2.540607699330617,0.10071038015345118,ok,False,True,False,0
3107,2075151.7529797573,2.961779373228845,0.08017199308991485,ok,False,True,False,0
3108,2042472.809404233,2.626070954046889,0.11465067813982921,ok,False,True,False,0
3109,1691752.0450769467,2.9003561875116386,0.2020306152545634,ok,False,True,False,1
3110,3430567.008585918,2.954801102775858,0.11227400486147845,ok,False,True,False,0
3111,2640415.311000755,2.939739780892923,0.15395804684246683,ok,False,True,False,0
3112,1691752.0450769467,2.749950175611831,0.22067917897718778,ok,False,True,False,1
3113,2318096.4220632636,2.508394325693982,0.07092289774953264,ok,False,True,False,0
3114,2010598.339514047,2.7629106626138014,0.1492839439779476,ok,False,True,False,0
3115,1691752.0450769467,2.7362210451728615,0.2608193332602752,ok,False,True,False,1
3116,1711514.164844361,2.6080168330233806,0.23271082522200598,ok,False,True,False,1
3117,2025728.592373923,2.9804267436013014,0.08844577848970736,ok,False,True,False,0
3118,3923376.7578493343,2.9588455715887587,0.19915338398412424,ok,False,True,False,1
3119,2797460.9980309927,2.9305714861782644,0.09571844541920571,ok,False,True,False,0
3120,2895669.408753138,2.9175273005518827,0.08375238004762098,ok,False,True,False,0
3121,2222800.5477472562,2.9974333855641078,0.08923557305209322,ok,False,True,False,0
3122,3670025.643733247,2.856557251330038,0.10110673098695167,ok,False,True,False,0
3123,2150471.5208198144,2.5280836088782728,0.0913225748439056,ok,False,True,False,0
3124,1711514.164844361,2.9874950074010833,0.2896880985897233,ok,False,True,False,1
3125,2020385.80204331,2.8808415068732005,0.13129962022056646,ok,False,True,False,0
3126,1636214.7916851614,2.6660874420157965,0.12041202049936137,ok,False,True,False,0
3127,1636214.7916851614,2.534692739794279,0.29917842129008193,ok,False,True,False,1
3128,2181097.0508248718,2.6327998494929936,0.07505366174198846,ok,False,True,False,0
3129,2237457.2549363133,2.975373416267312,0.1366525683593799,ok,False,True,False,0
3130,1636214.7916851614,2.5427007477702563,0.27947335314197996,ok,False,True,False,1
3131,2047884.829908081,2.514328226066125,0.10043154445411362,ok,False,True,False,0
3132,1636214.7916851614,2.8241285043574944,0.23851191906784655,ok,False,True,False,1
3133,2100501.329857094,2.9812272267951507,0.1061618618975343,ok,False,True,False,0
3134,1711514.164844361,2.6864771306540587,0.19955122340331108,ok,False,True,False,1
3135,2140465.470991188,2.853354418807156,0.051517057086237994,ok,False,True,False,0
3136,1636214.7916851614,2.760942241668387,0.24260365089516472,ok,False,True,False,1
3137,2115664.2508219164,2.9753563508546677,0.06946328193461337,ok,False,True,False,0
3138,1691752.0450769467,2.778568537295465,0.2585526518499455,ok,False,True,False,1
3139,1484707.709926356,2.5493530467006735,0.3418079789973864,ok,False,True,False,1
3140,2267681.03206596,2.5117208591911817,0.09779818548077351,ok,False,True,False,0
3141,2025052.888592011,2.874314368578929,0.05036830515746715,ok,False,True,False,0
3142,2200245.315197795,2.937792075573066,0.11437777031704627,ok,False,True,False,0
3143,1691752.0450769467,2.7696377929012996,0.21447527242769684,ok,False,True,False,1
3144,2388014.6487313504,2.8584462620678837,0.08795715507207891,ok,False,True,False,0
3145,2031357.2510825635,2.9281710800591383,0.10696497358429502,ok,False,True,False,0
3146,3240896.0335839237,2.4788128644581615,0.06415561176335671,ok,False,True,False,0
3147,2020074.3945811798,2.957679364064811,0.09517434007209277,ok,False,True,False,0
3148,2019001.0976035765,2.9384753405241737,0.06807545298741335,ok,False,True,False,0
3149,2028419.0017560953,2.9945047533484934,0.0724421085250202,ok,False,True,False,0
3150,2305695.8208281356,2.984488791242463,0.10511280804655321,ok,False,True,False,0
3151,1691752.0450769467,2.9820403179284316,0.2723721560742952,ok,False,True,False,1
3152,2054240.9272214326,2.8241843848887713,0.06521370721105646,ok,False,True,False,0
3153,1636214.7916851614,2.466675168510719,0.09340265903058698,ok,False,True,False,0
3154,1484707.709926356,2.3630588201019416,0.307286946502684,ok,False,True,False,1
3155,2331152.367669645,2.9858349892418463,0.0864706597379361,ok,False,True,False,0
3156,2278022.2267217776,2.986487464106343,0.08925882440279026,ok,False,True,False,0
3157,2014640.835999302,2.9458251097378647,0.06992722834253007,ok,False,True,False,0
3158,1691752.0450769467,2.893614381728864,0.24605004987934787,ok,False,True,False,1
3159,1691752.0450769467,2.6249679509954342,0.20190186758386247,ok,False,True,False,1
3160,2441836.053361477,2.486452425560306,0.11272919681534477,ok,False,True,False,0
3161,4057605.287911877,2.8880874114365804,0.12871239334892703,ok,False,True,False,0
3162,2017728.7413147686,2.8490633343239775,0.08855527033139282,ok,False,True,False,0
3163,2017000.248493155,2.787265030749993,0.1351082288737065,ok,False,True,False,0
3164,2725705.352750591,2.8285025740768006,0.09352118622664918,ok,False,True,False,0
3165,1636214.7916851614,2.754554094271313,0.2570683687141111,ok,False,True,False,1
3166,1691752.0450769467,2.67173286782504,0.18772542086681998,ok,False,True,False,1
3167,2083348.326980684,2.9950967654146536,0.12205713935421002,ok,False,True,False,0
3168,2028420.5048249557,2.746931040113002,0.09328173380518923,ok,False,True,False,0
3169,2038529.1061305266,2.919304089741815,0.09436414277681593,ok,False,True,False,0
3170,1636214.7916851614,2.7797037460181655,0.2284495514419245,ok,False,True,False,1
3171,2079694.3541086016,2.814894764094312,0.09748739257028477,ok,False,True,False,0
3172,2503643.4460433614,2.879546667304931,0.10489590649487718,ok,False,True,False,0
3173,1711514.164844361,2.623252614599402,0.23735653775751886,ok,False,True,False,1
3174,1711514.164844361,2.60446326608412,0.21107932904399596,ok,False,True,False,1
3175,2306011.0295205857,2.9963301449026547,0.06461144548210096,ok,False,True,False,0
3176,2252148.282385984,2.96482835018615,0.1931211722019101,ok,False,True,False,1
3177,2021817.5047112356,2.8618472809195827,0.08749109516217057,ok,False,True,False,0
3178,2037885.272849789,2.7612442447321044,0.10530570373749548,ok,False,True,False,0
3179,4823169.1462900685,2.787808128979111,0.1943778955580472,ok,False,True,False,1
3180,3595614.256051047,2.414049138937548,0.10590534550620956,ok,False,True,False,0
3181,1711514.164844361,2.993392032257212,0.21583199155190624,ok,False,True,False,1
3182,2816304.0649450454,2.9619083492768996,0.12905484798051892,ok,False,True,False,0
3183,1636214.7916851614,2.794482542621539,0.19676184826487605,ok,False,True,False,1
3184,2237724.21009732,2.9699256779518772,0.05763232808240859,ok,False,True,False,0
3185,2541216.562755009,2.928994376407604,0.072414925239347,ok,False,True,False,0
3186,2312942.0554824504,2.967565806702379,0.052818717464352294,ok,False,True,False,0
3187,2223619.104933482,2.9661830508779587,0.15040971787458696,ok,False,True,False,0
3188,1484707.709926356,2.7137769472085607,0.3030958950584328,ok,False,True,False,1
3189,2166154.710718681,2.980574925988404,0.06253094254026459,ok,False,True,False,0
3190,2047492.4425787192,2.78053979872902,0.10496569916053533,ok,False,True,False,0
3191,2008536.9048284027,2.9280168923167103,0.08135660797587108,ok,False,True,False,0
3192,2061714.2784465158,2.955054185292839,0.1176488093180893,ok,False,True,False,0
3193,1636214.7916851614,2.71584783161862,0.21016130446692624,ok,False,True,False,1
3194,2567919.904669086,2.9989886955304694,0.13113827247727616,ok,False,True,False,0
3195,2012759.1146832018,2.7927542430144294,0.10379663389685312,ok,False,True,False,0
3196,2539672.803301841,2.771769655691167,0.09841713218187859,ok,False,True,False,0
3197,2072032.0863873106,2.704058586850734,0.08743208944604974,ok,False,True,False,0
3198,1691752.0450769467,2.824669215429026,0.18043131521897415,ok,False,True,False,1
3199,2110524.0291831587,2.9614408128049767,0.07168196459425757,ok,False,True,False,0
3200,2021998.5048367158,2.7638150332365843,0.09961765692798885,ok,False,True,False,0
3201,2130281.158263584,2.989539143293829,0.05311770733342658,ok,False,True,False,0
3202,3186540.782545792,2.7409617596822695,0.08992730012804681,ok,False,True,False,0
3203,1636214.7916851614,2.602784951497391,0.23741369160419998,ok,False,True,False,1
3204,2238697.174378551,2.559035102761076,0.07501642054909063,ok,False,True,False,0
3205,2042668.2881302233,2.85518139004208,0.08339243818865805,ok,False,True,False,0
3206,2043696.4704316384,2.900164132876158,0.09058439416508068,ok,False,True,False,0
3207,2028083.2218823547,2.7086765647242785,0.07330310104786475,ok,False,True,False,0
3208,1691752.0450769467,2.871869208265362,0.19329576150513655,ok,False,True,False,1
3209,3823930.3400754863,2.981949840603204,0.19135624749815344,ok,False,True,False,1
3210,2083529.3314506023,2.9824566115861995,0.11121171404389446,ok,False,True,False,0
3211,1691752.0450769467,2.7693398507673432,0.20656477299559617,ok,False,True,False,1
3212,3078841.9998552967,2.8063659870874123,0.06640698400480033,ok,False,True,False,0
3213,2061205.6892119483,2.8799857089784635,0.08866613530341583,ok,False,True,False,0
3214,3740521.466513691,2.8784991274145098,0.23855276702506312,ok,False,True,False,1
3215,1636214.7916851614,2.8773615514440043,0.2821477636111072,ok,False,True,False,1
3216,2033585.6451007733,2.9288990569450215,0.09694950538347502,ok,False,True,False,0
3217,2019417.566885227,2.9160204249476744,0.13916348787697785,ok,False,True,False,0
3218,2815896.893203141,2.430917961336185,0.1154498243138744,ok,False,True,False,0
3219,2136198.211392072,2.400667519733114,0.03944769654327848,ok,False,True,False,0
3220,4184754.809989953,2.9208826390512765,0.11710564041694793,ok,False,True,False,0
3221,2035433.0973071482,2.8313223794076325,0.13930115220650607,ok,False,True,False,0
3222,2054856.9464802288,2.6275559561649153,0.09977192469091811,ok,False,True,False,0
3223,4812333.928922274,2.7456739321210994,0.2587200683474927,ok,False,True,False,1
3224,2200995.041484635,2.938740896150554,0.07920929596557288,ok,False,True,False,0
3225,1636214.7916851614,2.801569307179048,0.22441564033158684,ok,False,True,False,1
3226,2382843.490643585,2.959088442516686,0.14384296721134482,ok,False,True,False,0
3227,2594699.8412245093,2.3893096551938724,0.08013781204160897,ok,False,True,False,0
3228,1691752.0450769467,2.762553929423147,0.22723704724519445,ok,False,True,False,1
3229,2017907.55461172,2.8986988627373584,0.08364732760448679,ok,False,True,False,0
3230,2019139.9610857735,2.9376678726717174,0.09781731470223637,ok,False,True,False,0
3231,2690848.6849087817,2.958988616361043,0.1598109566138205,ok,False,True,False,0
3232,2780907.23088273,2.9919287972796056,0.20148566281527552,ok,False,True,False,1
3233,1636214.7916851614,2.616236905067216,0.2772190162187815,ok,False,True,False,1
3234,1691752.0450769467,2.7278801038531233,0.2373946574706493,ok,False,True,False,1
3235,3825871.0084813107,2.827706118088999,0.0839724870669526,ok,False,True,False,0
3236,2351553.478607609,2.9783688784745417,0.1541854661445477,ok,False,True,False,0
3237,2058619.4015547836,2.945677890158289,0.1086170286253419,ok,False,True,False,0
3238,2102238.7387132365,2.942067916571256,0.07736517425104117,ok,False,True,False,0
3239,1636214.7916851614,2.7762808048060514,0.2173201738912971,ok,False,True,False,1
3240,2721749.329676447,2.96673491234122,0.13549697563539942,ok,False,True,False,0
3241,1636214.7916851614,2.5850784649689524,0.2553536081653286,ok,False,True,False,1
3242,2035916.6397652854,2.994248054181027,0.08524122311660542,ok,False,True,False,0
3243,1691752.0450769467,2.8124642708588574,0.16474078354833885,ok,False,True,False,0
3244,1636214.7916851614,2.9214342206341337,0.3015580976600971,ok,False,True,False,1
3245,2039462.800674828,2.7291862181725257,0.11640971775303843,ok,False,True,False,0
3246,2060133.100222486,2.9464136910109415,0.10424534162333676,ok,False,True,False,0
3247,2342289.759466256,2.8342271365088,0.10305316066722536,ok,False,True,False,0
3248,2990701.899267635,2.789980148437107,0.09855126203523279,ok,False,True,False,0
3249,2279892.7328675105,2.8279618383195597,0.06695998282566432,ok,False,True,False,0
3250,1691752.0450769467,2.5099674201501436,0.22054029614917198,ok,False,True,False,1
3251,1711514.164844361,2.9867927179236915,0.18204008296967472,ok,False,True,False,1
3252,2771625.906325601,2.978656743812487,0.07333570436941661,ok,False,True,False,0
3253,2258145.878231191,2.9751086400345175,0.08245677448565392,ok,False,True,False,0
3254,1691752.0450769467,2.948508072372836,0.24497415937450567,ok,False,True,False,1
3255,2490643.373544113,2.595614400779654,0.05447861781527907,ok,False,True,False,0
3256,2024236.717275689,2.883403312820578,0.12345828407345238,ok,False,True,False,0
3257,2055888.7550557663,2.9073289914259113,0.08020281278952945,ok,False,True,False,0
3258,1691752.0450769467,2.6848108615490487,0.18458326801721253,ok,False,True,False,1
3259,2371326.478910388,2.9380706294713974,0.07184388252089763,ok,False,True,False,0
3260,2988999.030582188,2.994324358065721,0.09263030866799571,ok,False,True,False,0
3261,2110630.6707817563,2.9338469076318137,0.09422761301272076,ok,False,True,False,0
3262,4638246.802196737,2.717380765257989,0.1754432438729724,ok,False,True,False,1
3263,1484707.709926356,2.6426003898663604,0.3356518061582105,ok,False,True,False,1
3264,2690329.173605736,2.9660019511496487,0.06378019523781686,ok,False,True,False,0
3265,2031289.215632113,2.9991959728172772,0.10490086569373935,ok,False,True,False,0
3266,3291643.2427606597,2.9720182433484092,0.17407845659017906,ok,False,True,False,1
3267,2718044.868902526,2.8313190719213073,0.08420452259063249,ok,False,True,False,0
3268,1691752.0450769467,2.7024653037479713,0.23164561769750797,ok,False,True,False,1
3269,2813298.4123695185,2.813758244902173,0.10461929128638325,ok,False,True,False,0
3270,2045004.575264393,2.83937775660608,0.12176926311214231,ok,False,True,False,0
3271,2021105.5697013407,2.6417239724761545,0.1438357737785918,ok,False,True,False,0
3272,3772386.8064445076,2.836040974958377,0.24509450642332575,ok,False,True,False,1
3273,1691752.0450769467,2.6791125271217098,0.24321446507693933,ok,False,True,False,1
3274,1484707.709926356,2.378995719338847,0.3274006658915525,ok,False,True,False,1
3275,1484707.709926356,2.6507502406274464,0.3263076264360689,ok,False,True,False,1
3276,2475204.4137988715,2.9770514911719492,0.10265202784193461,ok,False,True,False,0
3277,1636214.7916851614,2.761203927993492,0.2448190917990833,ok,False,True,False,1
3278,1636214.7916851614,2.674506235987169,0.2191815079522416,ok,False,True,False,1
3279,2169284.279346811,2.892795271912961,0.06925931622328785,ok,False,True,False,0
3280,2036667.5742660656,2.875547092562609,0.11678657121289349,ok,False,True,False,0
3281,1691752.0450769467,2.654098686379724,0.21562123773983208,ok,False,True,False,1
3282,2026074.6950631111,2.9319974806779943,0.07956551192042449,ok,False,True,False,0
3283,2443187.8513094247,2.942318017840079,0.13263532425491686,ok,False,True,False,0
3284,3146316.302284463,2.9645228480441865,0.07000825290095064,ok,False,True,False,0
3285,2682425.772572823,2.9926327307482676,0.10842745816660215,ok,False,True,False,0
3286,2024068.0083064665,2.9047644525171155,0.16248226584961134,ok,False,True,False,0
3287,2041338.0872488616,2.993508863203326,0.12340872566507038,ok,False,True,False,0
3288,2260534.7028469145,2.646008435752357,0.07608486565169215,ok,False,True,False,0
3289,1711514.164844361,2.807148777823082,0.21752220239116365,ok,False,True,False,1
3290,3700209.212958044,2.8994679260806997,0.11830120864006331,ok,False,True,False,0
3291,2036165.7327528242,2.954788921148233,0.10647367102916838,ok,False,True,False,0
3292,2072556.4792562085,2.9907907372978837,0.12003447183100358,ok,False,True,False,0
3293,1636214.7916851614,2.8352336033227425,0.23562930556409672,ok,False,True,False,1
3294,2016222.4376506694,2.96976469339618,0.10542129659044058,ok,False,True,False,0
3295,1691752.0450769467,2.6649420783291284,0.24126289385516533,ok,False,True,False,1
3296,2011929.721613593,2.7940878197827512,0.09019097171634405,ok,False,True,False,0
3297,1636214.7916851614,2.968340940270375,0.15635705134181366,ok,False,True,False,0
3298,2037441.6979236437,2.9111988587676674,0.12308502707309343,ok,False,True,False,0
3299,2034423.6454029125,2.913961647292968,0.09422406816173612,ok,False,True,False,0
3300,3203783.400948388,2.996424712211037,0.22329708075696572,ok,False,True,False,1
3301,1711514.164844361,2.783930485052185,0.19469438550245555,ok,False,True,False,1
3302,1711514.164844361,2.6763883974576785,0.20152765000877632,ok,False,True,False,1
3303,3542351.9707648586,2.82971371602447,0.09331151903235924,ok,False,True,False,0
3304,2135243.874376903,2.9295270851694815,0.0953558339530366,ok,False,True,False,0
3305,1691752.0450769467,2.8340707070375997,0.21584523383280158,ok,False,True,False,1
3306,2071359.9641778795,2.927250116933818,0.10987710071670215,ok,False,True,False,0
3307,2013534.1916257695,2.9542229137904457,0.0761490814896672,ok,False,True,False,0
3308,2014318.6893710068,2.952038320434661,0.07502816204429985,ok,False,True,False,0
3309,2033074.9831152693,2.945158706653509,0.055466708997915726,ok,False,True,False,0
3310,2012501.585849044,2.681284639096099,0.060679405035167,ok,False,True,False,0
3311,2316993.362792294,2.956114654021629,0.12025163657788074,ok,False,True,False,0
3312,2359452.461066035,2.9275465574889674,0.05829030654979939,ok,False,True,False,0
3313,2355774.251526735,2.9473850549316825,0.12345951086290141,ok,False,True,False,0
3314,2027699.8245277875,2.8143903807602157,0.13184678992529542,ok,False,True,False,0
3315,2643519.781397804,2.996974223419324,0.10672312752971996,ok,False,True,False,0
3316,3005004.766737406,2.4875549105491057,0.07559737546443318,ok,False,True,False,0
3317,2030094.0158543666,2.9284958414524827,0.10493855743575253,ok,False,True,False,0
3318,2094279.1999702123,2.9868164423680543,0.09467097744327702,ok,False,True,False,0
3319,1711514.164844361,2.8140844587374465,0.2458060470778739,ok,False,True,False,1
3320,2038502.799068748,2.822177794119181,0.13258220612584304,ok,False,True,False,0
3321,2014017.5569215915,2.6513997519367627,0.12730284233998945,ok,False,True,False,0
3322,2028804.4394460688,2.6470090055413102,0.05350557699159331,ok,False,True,False,0
3323,2027221.7929356596,2.9252584184603023,0.2340398440309883,ok,False,True,False,1
3324,2041325.2645826295,2.702242377789131,0.0644092085546829,ok,False,True,False,0
3325,2025984.8837061836,2.4640906806633587,0.07935306524459318,ok,False,True,False,0
3326,4748592.63053508,2.8680248516062323,0.15977344361478407,ok,False,True,False,0
3327,2162789.2419644366,2.950510298916746,0.13314692571053177,ok,False,True,False,0
3328,1691752.0450769467,2.8004251868707266,0.25016235259914077,ok,False,True,False,1
3329,2205864.012699308,2.9919575846345308,0.10475624399428496,ok,False,True,False,0
3330,2477327.5311313197,2.9973464505443466,0.08704640209911219,ok,False,True,False,0
3331,1711514.164844361,2.7693255888269235,0.24321834426119152,ok,False,True,False,1
3332,2013536.990005932,2.9445334798676415,0.12749305122677201,ok,False,True,False,0
3333,2019462.935742419,2.7496839836074667,0.07179126896002519,ok,False,True,False,0
3334,2155630.0652743583,2.970821753282381,0.07272402575689654,ok,False,True,False,0
3335,1691752.0450769467,2.651957259367009,0.22388810113694455,ok,False,True,False,1
3336,3210174.955408332,2.481616438800866,0.12170316782257151,ok,False,True,False,0
3337,2041256.694967175,2.9975245760912133,0.08401911384652316,ok,False,True,False,0
3338,1691752.0450769467,2.968709177906998,0.13702642881398996,ok,False,True,False,0
3339,2189590.116351786,2.7635992060017376,0.05668411838100129,ok,False,True,False,0
3340,1636214.7916851614,2.909144104738813,0.30388202716686097,ok,False,True,False,1
3341,1636214.7916851614,2.6606864679245747,0.21470328876166045,ok,False,True,False,1
3342,1636214.7916851614,2.6669986305006907,0.2150925309813791,ok,False,True,False,1
3343,2109571.329488875,2.910134492623456,0.14705682078509819,ok,False,True,False,0
3344,1711514.164844361,2.5603859332810357,0.2049055680708988,ok,False,True,False,1
3345,2877690.916614681,2.9743798398451045,0.16795409428254016,ok,False,True,False,0
3346,1711514.164844361,2.7362428905070972,0.2861029176852589,ok,False,True,False,1
3347,2284357.163102138,2.9620821228019976,0.1121891846620181,ok,False,True,False,0
3348,4973774.4329694975,2.9616052236812633,0.1561673524592283,ok,False,True,False,0
3349,1691752.0450769467,2.8452212721749652,0.24750845857423961,ok,False,True,False,1
3350,1636214.7916851614,2.9474796456438765,0.28440002860234653,ok,False,True,False,1
3351,1636214.7916851614,2.6972461283583913,0.20960767668773317,ok,False,True,False,1
3352,2163364.857790959,2.556174302390976,0.09939522953620328,ok,False,True,False,0
3353,2664569.230095162,2.9647280485153207,0.12386652366168593,ok,False,True,False,0
3354,1711514.164844361,2.670456714600432,0.2276052937590602,ok,False,True,False,1
3355,1711514.164844361,2.7435695095856465,0.22426696623525927,ok,False,True,False,1
3356,2022018.3086304558,2.944048020827263,0.05589706407634609,ok,False,True,False,0
3357,1636214.7916851614,2.716195519977853,0.2330862730712589,ok,False,True,False,1
3358,2228646.450597016,2.964298491181609,0.0858841106161694,ok,False,True,False,0
3359,2009849.5044294768,2.8235003017187044,0.07038338165765778,ok,False,True,False,0
3360,2178109.38749259,2.8438584914971843,0.07826847150620608,ok,False,True,False,0
3361,2080192.334875847,2.5985856354415215,0.06478947531461643,ok,False,True,False,0
3362,2887835.5555615304,2.8866780262798386,0.09421640021276356,ok,False,True,False,0
3363,1484707.709926356,2.7233120118595573,0.2967324375652143,ok,False,True,False,1
3364,1484707.709926356,2.357110991178005,0.32178479225902396,ok,False,True,False,1
3365,2071535.9407327494,2.6758546267987136,0.07845710803890568,ok,False,True,False,0
3366,1711514.164844361,2.7271490901402893,0.2757464492686005,ok,False,True,False,1
3367,2016324.133854523,2.754433606472442,0.11601772276176903,ok,False,True,False,0
3368,2096496.2087743795,2.846848241460785,0.07997558878738431,ok,False,True,False,0
3369,2300191.315246644,2.62493959968157,0.07239732687039291,ok,False,True,False,0
3370,2016511.13707813,2.974669771573242,0.060167174348585095,ok,False,True,False,0
3371,2009032.9111880907,2.8853675953071223,0.05997497468300858,ok,False,True,False,0
3372,2601353.7659352897,2.9550260749439055,0.17573855345811903,ok,False,True,False,1
3373,2024649.5347926586,2.71683348562084,0.12421452996132487,ok,False,True,False,0
3374,2067549.6053478806,2.79376856419929,0.10794603941803282,ok,False,True,False,0
3375,2059024.9496267121,2.92435320134463,0.08852596056415041,ok,False,True,False,0
3376,2294838.212786596,2.970696430594538,0.05131868435266407,ok,False,True,False,0
3377,2651112.3709848155,2.9914518634040332,0.10485412338656869,ok,False,True,False,0
3378,2088112.371638598,2.8992652184943104,0.0852565786377662,ok,False,True,False,0
3379,2436109.80570691,2.8036087446389084,0.09775257526973513,ok,False,True,False,0
3380,2281590.479685148,2.9950028903847503,0.10051565448059652,ok,False,True,False,0
3381,1636214.7916851614,2.5418518851598786,0.13512136737486272,ok,False,True,False,0
3382,2210076.919007991,2.9517500556832426,0.11647979899234462,ok,False,True,False,0
3383,2467492.473510957,2.504266032511433,0.08269009446712816,ok,False,True,False,0
3384,2024423.3942861194,2.99413050942029,0.0897727915544464,ok,False,True,False,0
3385,2010555.5300145282,2.8347287212085126,0.06832986615143499,ok,False,True,False,0
3386,2072502.3787621935,2.809731199450024,0.10956609854956678,ok,False,True,False,0
3387,2599032.935421497,2.7045065496232663,0.05908390249741291,ok,False,True,False,0
3388,2842119.5402867366,2.9955074313545405,0.07049547637326714,ok,False,True,False,0
3389,2103735.3500903477,2.9062000233747005,0.1528761578617303,ok,False,True,False,0
3390,2051594.7694504869,2.766618510626353,0.07310524847418265,ok,False,True,False,0
3391,2026984.4166860976,2.9664245488004815,0.05185736352889814,ok,False,True,False,0
3392,2009427.3480161086,2.875896760922707,0.07621807712769113,ok,False,True,False,0
3393,2811324.256741555,2.957735758364074,0.07671871721940615,ok,False,True,False,0
3394,1636214.7916851614,2.9055170500996095,0.306367531782129,ok,False,True,False,1
3395,1691752.0450769467,2.887182630065291,0.26782413613770256,ok,False,True,False,1
3396,2248878.8270197893,2.917134136132435,0.07940223183507122,ok,False,True,False,0
3397,2625046.799801248,2.39978989715404,0.04289703018071522,ok,False,True,False,0
3398,1691752.0450769467,2.657935024553699,0.23852633858531272,ok,False,True,False,1
3399,1691752.0450769467,2.700748594782532,0.22593424707388976,ok,False,True,False,1
3400,2050126.5066686424,2.999252815658667,0.07689833747379238,ok,False,True,False,0
3401,2798574.0066596293,2.9323029277002703,0.17815900497520532,ok,False,True,False,1
3402,2608282.7000101763,2.392357124629826,0.0958127978225437,ok,False,True,False,0
3403,2252213.1876589316,2.9950738624199778,0.07946179873087433,ok,False,True,False,0
3404,1711514.164844361,2.827764276137053,0.21914469063254624,ok,False,True,False,1
3405,2225514.885196255,2.97266430064077,0.08252427191201211,ok,False,True,False,0
3406,2012912.8064010479,2.9158649340898775,0.0994666440941896,ok,False,True,False,0
3407,2369032.536017267,2.6835707386240957,0.04550907204953994,ok,False,True,False,0
3408,2294103.08649513,2.5322746502289224,0.05242281113257985,ok,False,True,False,0
3409,2086046.173790802,2.9724191317640045,0.09407456459476887,ok,False,True,False,0
3410,1691752.0450769467,2.6402311702619707,0.2511835792810029,ok,False,True,False,1
3411,2627171.65385482,2.7622727819399904,0.16744509836471155,ok,False,True,False,0
3412,2009103.6631060927,2.996652179614161,0.09569202222678796,ok,False,True,False,0
3413,1636214.7916851614,2.6559303950839674,0.2716782727834121,ok,False,True,False,1
3414,1691752.0450769467,2.734477413526468,0.26418261623065753,ok,False,True,False,1
3415,2015304.529526298,2.6700474637098424,0.08642321450970292,ok,False,True,False,0
3416,2018601.5679606723,2.7402999121042386,0.15655885748661869,ok,False,True,False,0
3417,1691752.0450769467,2.851027401849316,0.28239297773159844,ok,False,True,False,1
3418,2081089.9449856787,2.9666570531047114,0.054156478276246145,ok,False,True,False,0
3419,2385912.837041329,2.998971528840203,0.10320706905252974,ok,False,True,False,0
3420,2162934.6712777554,2.389541058163874,0.08612602421166982,ok,False,True,False,0
3421,1711514.164844361,2.9922786979131972,0.2733743015379425,ok,False,True,False,1
3422,2056980.5277804988,2.987800456898606,0.15313069270013452,ok,False,True,False,0
3423,2021915.0159660927,2.8764458961961887,0.08277947390247753,ok,False,True,False,0
3424,2033411.6954232992,2.4321386042708184,0.1181533379013282,ok,False,True,False,0
3425,1691752.0450769467,2.5473440432755794,0.21813898226387882,ok,False,True,False,1
3426,1691752.0450769467,2.9195654090119962,0.22541135744680021,ok,False,True,False,1
3427,2080734.981125212,2.8250057090286473,0.08574417563527764,ok,False,True,False,0
3428,1711514.164844361,2.703099620409295,0.2673019783484842,ok,False,True,False,1
3429,2727290.9531259793,2.9710158669184747,0.12476080406153803,ok,False,True,False,0
3430,2389028.2215198465,2.988952355862046,0.10864253931951773,ok,False,True,False,0
3431,2224752.8024555477,2.8608824006950524,0.08223153986554999,ok,False,True,False,0
3432,3129844.693499708,2.7801288664940085,0.07900449955794844,ok,False,True,False,0
3433,2028783.7953624078,2.9260524832872816,0.07099153052279028,ok,False,True,False,0
3434,2021807.89664013,2.9370875119316433,0.06377250935805812,ok,False,True,False,0
3435,1691752.0450769467,2.601779804496467,0.2071492391145597,ok,False,True,False,1
3436,2965499.906587705,2.94596366204454,0.08363234962637778,ok,False,True,False,0
3437,1691752.0450769467,2.6039922235488433,0.27419088772779193,ok,False,True,False,1
3438,1711514.164844361,2.812031739259058,0.21373776065808708,ok,False,True,False,1
3439,2871264.805851808,2.830915412685658,0.08651707901608108,ok,False,True,False,0
3440,1711514.164844361,2.7304637332126145,0.22362330129938082,ok,False,True,False,1
3441,2076388.0248198805,2.6992030576971877,0.09779926612306977,ok,False,True,False,0
3442,1711514.164844361,2.815283219434425,0.24774998411794408,ok,False,True,False,1
3443,2243293.2613575687,2.8395159891037545,0.06851197799117675,ok,False,True,False,0
3444,2072541.277847869,2.399296502401106,0.06829870170505248,ok,False,True,False,0
3445,2057913.6600866506,2.9908759973554773,0.12025201802846291,ok,False,True,False,0
3446,3979635.798999139,2.959245448667532,0.09943972921874078,ok,False,True,False,0
3447,2141079.2723782673,2.940713134984742,0.1291883908158844,ok,False,True,False,0
3448,2092693.5223947614,2.936857137599061,0.06888298748041344,ok,False,True,False,0
3449,2062084.9298808833,2.695306501761361,0.07147765419590657,ok,False,True,False,0
3450,2012120.4872851039,2.8360367688078374,0.07248366360509384,ok,False,True,False,0
3451,2033203.8416698896,2.5920918151327452,0.09120271898743759,ok,False,True,False,0
3452,2028055.2209328183,2.906943921193723,0.09821484390743224,ok,False,True,False,0
3453,1636214.7916851614,2.5273642176947413,0.250139148469199,ok,False,True,False,1
3454,2210039.8985636225,2.9874852582776406,0.11120497736816692,ok,False,True,False,0
3455,2091820.3191697705,2.9646027372971373,0.1607724095686049,ok,False,True,False,0
3456,2706389.8903660104,2.6386854583654373,0.06426811352221118,ok,False,True,False,0
3457,1711514.164844361,2.9905163580716314,0.251729475818768,ok,False,True,False,1
3458,1691752.0450769467,2.7594460629252247,0.22391965107478323,ok,False,True,False,1
3459,2033929.810687794,2.753165596375854,0.06426113798727573,ok,False,True,False,0
3460,2880943.5868708743,2.381437422978723,0.10767751317590601,ok,False,True,False,0
3461,2099560.158623057,2.914120923420932,0.05464121652434173,ok,False,True,False,0
3462,1691752.0450769467,2.664330859162766,0.2183566017985725,ok,False,True,False,1
3463,2068272.482704365,2.9856296427136746,0.07201880969736252,ok,False,True,False,0
3464,3382720.928496548,2.937967729615308,0.13732823162677876,ok,False,True,False,0
3465,1711514.164844361,2.6012672124484135,0.20754705290609263,ok,False,True,False,1
3466,1691752.0450769467,2.7191779292031604,0.23596285390789096,ok,False,True,False,1
3467,2013271.8669012762,2.552606383249551,0.10614936006573383,ok,False,True,False,0
3468,2404285.6236511995,2.3776690555066002,0.0497536572628379,ok,False,True,False,0
3469,1186516.1254582698,2.364218482785827,0.32891667206813124,ok,False,True,False,1
3470,1711514.164844361,2.7016529453304408,0.22935354759128132,ok,False,True,False,1
3471,1484707.709926356,2.444010740756264,0.3240762754836833,ok,False,True,False,1
3472,1711514.164844361,2.619060646705993,0.21313226434528332,ok,False,True,False,1
3473,2168207.946478196,2.8098440675523877,0.09388193798374922,ok,False,True,False,0
3474,2026240.9691229002,2.5941785138162707,0.06690153419587397,ok,False,True,False,0
3475,2036739.6891161313,2.78276616985535,0.10757092502323712,ok,False,True,False,0
3476,1691752.0450769467,2.6959111616571194,0.245029744791527,ok,False,True,False,1
3477,1691752.0450769467,2.6664186116456046,0.22934173650136294,ok,False,True,False,1
3478,1636214.7916851614,2.746314037230319,0.21999282598797526,ok,False,True,False,1
3479,1691752.0450769467,2.603701259038381,0.23023132222408862,ok,False,True,False,1
3480,3290740.065689455,2.9659377202814117,0.18824423564211346,ok,False,True,False,1
3481,2107287.573172771,2.8314040654406756,0.06870409003730804,ok,False,True,False,0
3482,2154213.5301144444,2.8271395391928777,0.08779468310885491,ok,False,True,False,0
3483,2175192.6022516927,2.3978500969311325,0.07013131408562201,ok,False,True,False,0
3484,2024387.496167655,2.9280623100527245,0.11823493094246551,ok,False,True,False,0
3485,2010970.2814628817,2.7622734950954078,0.10273635074011955,ok,False,True,False,0
3486,2120036.839576791,2.831339957100038,0.06916111493886123,ok,False,True,False,0
3487,1391604.936285155,2.6511398961479364,0.31636835338806657,ok,False,True,False,1
3488,2021506.8600779793,2.9791955313905705,0.07414942209624636,ok,False,True,False,0
3489,2012556.4318854185,2.9043991734623615,0.08054419453499606,ok,False,True,False,0
3490,2033216.732612424,2.9911574187138523,0.10499631709476206,ok,False,True,False,0
3491,2394432.5510380208,2.992168996175154,0.10930110413712238,ok,False,True,False,0
3492,2025935.9083683633,2.864440283589194,0.14636136848040826,ok,False,True,False,0
3493,2848431.916396617,2.986893063594604,0.09568419987912302,ok,False,True,False,0
3494,1691752.0450769467,2.8929060695402704,0.2564370012551151,ok,False,True,False,1
3495,1636214.7916851614,2.7897230230083983,0.2756243425454005,ok,False,True,False,1
3496,2042665.026624047,2.6862171046524734,0.08693917774571724,ok,False,True,False,0
3497,2089877.0518916561,2.7399859796601165,0.07264172038399286,ok,False,True,False,0
3498,2048880.0133125144,2.9006250918847236,0.16447983760117274,ok,False,True,False,0
3499,1711514.164844361,2.9613030399355127,0.22105556178353808,ok,False,True,False,1
3500,3663557.1628779448,2.93994625471523,0.1337178588061987,ok,False,True,False,0
3501,2027761.9193376882,2.984267263119332,0.10267668191045021,ok,False,True,False,0
3502,2082588.0549055957,2.8787289493896617,0.12004456663109087,ok,False,True,False,0
3503,3129984.264891509,2.977732343128704,0.1267999953372122,ok,False,True,False,0
3504,2279285.2520720745,2.993714555219978,0.1300764578535999,ok,False,True,False,0
3505,2642129.6613957407,2.9844657541491886,0.06474484584217616,ok,False,True,False,0
3506,3924295.2883527633,2.9172798927059764,0.18320855752626042,ok,False,True,False,1
3507,2050084.183906268,2.9138922041901383,0.05337498498680571,ok,False,True,False,0
3508,2352051.0076597673,2.726320660123852,0.058917946565374246,ok,False,True,False,0
3509,2012776.2197340177,2.82743373298193,0.1043309574302338,ok,False,True,False,0
3510,2755336.7554130284,2.9935161111022976,0.12160053615941635,ok,False,True,False,0
3511,2012677.4062588834,2.720965041594192,0.06484815901935537,ok,False,True,False,0
3512,2028060.5672740717,2.9618977710134526,0.08707580647356739,ok,False,True,False,0
3513,2019327.6174566273,2.9189167245336622,0.11365647458356365,ok,False,True,False,0
3514,2042397.4484845742,2.7098155280978338,0.07354343839326771,ok,False,True,False,0
3515,1691752.0450769467,2.9044149960822248,0.2009113755900364,ok,False,True,False,1
3516,2041266.4086145754,2.774470333202829,0.0809690057877015,ok,False,True,False,0
3517,2011168.6989541398,2.836524683105562,0.05852682070987458,ok,False,True,False,0
3518,2826105.953583034,2.812305566553415,0.05678130868822656,ok,False,True,False,0
3519,2310379.070494083,2.397625186954598,0.0768713557979267,ok,False,True,False,0
3520,2053671.4150418579,2.9905742942869833,0.09062959584628577,ok,False,True,False,0
3521,2108594.335702504,2.9801516023538257,0.0552024305282004,ok,False,True,False,0
3522,2600612.851555682,2.7123015308770935,0.11072619377475246,ok,False,True,False,0
3523,2018611.8907549058,2.8004012472861715,0.11097482306995782,ok,False,True,False,0
3524,3003499.3358917343,2.965416364942519,0.0953331109220742,ok,False,True,False,0
3525,2877828.446972855,2.963227519709685,0.14691128591865232,ok,False,True,False,0
3526,2035446.5226530598,2.366595287196515,0.07306403508961506,ok,False,True,False,0
3527,2257013.21975045,2.927334833372157,0.060525184307377744,ok,False,True,False,0
3528,2018507.4627147224,2.9840106156924495,0.10018802442663799,ok,False,True,False,0
3529,2008410.2642276536,2.837695798015135,0.11314693435435114,ok,False,True,False,0
3530,3399550.3357668193,2.9235788134779592,0.15685305575034403,ok,False,True,False,0
3531,2017794.9272573842,2.8708045223828074,0.07318244122053946,ok,False,True,False,0
3532,2310874.7059414564,2.985471913231887,0.08824828719105937,ok,False,True,False,0
3533,2208081.6410302734,2.3746444492673566,0.09145559651513557,ok,False,True,False,0
3534,2051738.351504283,2.9961438373665166,0.09499494124981034,ok,False,True,False,0
3535,2015709.304066554,2.8377978646814364,0.08982096459239608,ok,False,True,False,0
3536,2106922.2846862203,2.915108020525198,0.12724937918522938,ok,False,True,False,0
3537,1691752.0450769467,2.762198512134452,0.21864001387074622,ok,False,True,False,1
3538,2052087.6989679935,2.9325634709254436,0.06149415344359399,ok,False,True,False,0
3539,3736166.865067551,2.53828589894923,0.11369723131892434,ok,False,True,False,0
3540,2047461.276860798,2.9576547433619806,0.102325761853239,ok,False,True,False,0
3541,2025459.7531566557,2.736529169492526,0.08342741861749225,ok,False,True,False,0
3542,2598196.0019197767,2.90711415476534,0.09347539420878392,ok,False,True,False,0
3543,2088968.2501658874,2.9963444088293567,0.08037457955348687,ok,False,True,False,0
3544,1636214.7916851614,2.9063470938874207,0.149115252592947,ok,False,True,False,0
3545,1691752.0450769467,2.785278456300864,0.26888587110349055,ok,False,True,False,1
3546,4453453.975495504,2.9241915470664317,0.12018594636470276,ok,False,True,False,0
3547,2021864.4601005644,2.8576220544855104,0.1368754259092344,ok,False,True,False,0
3548,2010822.5191105702,2.6797837088502234,0.1034598595978844,ok,False,True,False,0
3549,2127644.4987703967,2.942553587324806,0.1408625379815656,ok,False,True,False,0
3550,3365704.194852063,2.9736305890703116,0.14569215002572833,ok,False,True,False,0
3551,2034762.6691127366,2.755930759197267,0.06832166706314824,ok,False,True,False,0
3552,2046689.61772122,2.7931069108558093,0.08267072976568224,ok,False,True,False,0
3553,1636214.7916851614,2.87400684433198,0.3187085324801287,ok,False,True,False,1
3554,2028974.5057095538,2.942223224596395,0.10647024819075113,ok,False,True,False,0
3555,1636214.7916851614,2.9373216741497643,0.22156584263450568,ok,False,True,False,1
3556,2035875.3400186044,2.8746918603596106,0.06615263721887737,ok,False,True,False,0
3557,2088368.8204563968,2.9919037560170754,0.11119929703952358,ok,False,True,False,0
3558,1691752.0450769467,2.748651498180199,0.2441886137387282,ok,False,True,False,1
3559,2319297.708738783,2.7500390315120704,0.10824617000539771,ok,False,True,False,0
3560,2028396.9072527543,2.8953978227812964,0.10713979126348905,ok,False,True,False,0
3561,2213218.7246624543,2.9170217282975104,0.09701769920615744,ok,False,True,False,0
3562,2011358.2941370774,2.5405329892661754,0.09209301903475398,ok,False,True,False,0
3563,3350207.572735208,2.7180719246990996,0.07892983463526315,ok,False,True,False,0
3564,1636214.7916851614,2.620811477617502,0.24232328059871605,ok,False,True,False,1
3565,2923343.77338318,2.952271987534515,0.12671297076824606,ok,False,True,False,0
3566,2033294.1439157962,2.836527578462519,0.06800920362522,ok,False,True,False,0
3567,2012425.8668761228,2.859435717343331,0.08791851373510184,ok,False,True,False,0
3568,3729404.593027754,2.9828202281274088,0.08718953887146597,ok,False,True,False,0
3569,2529758.916031855,2.8373244330538334,0.050904548917043685,ok,False,True,False,0
3570,2137347.275583541,2.8737670090592906,0.04709090116953779,ok,False,True,False,0
3571,1711514.164844361,2.8483143519154845,0.2069270730032024,ok,False,True,False,1
3572,2161792.732772541,2.9827149768637007,0.10271708039787886,ok,False,True,False,0
3573,4153593.1261937274,2.5636264425759068,0.22650054152200916,ok,False,True,False,1
3574,2046798.763422326,2.898521724883742,0.11638497893047439,ok,False,True,False,0
3575,4128693.3604363683,2.883126801691314,0.1214801880048807,ok,False,True,False,0
3576,2052191.5587669807,2.928086048429904,0.0987953298380666,ok,False,True,False,0
3577,2070809.6098756297,2.6612774866259983,0.06419730763479425,ok,False,True,False,0
3578,1711514.164844361,2.6242299027471185,0.22492529324614496,ok,False,True,False,1
3579,2277696.806926397,2.3666665643483977,0.06094984328332542,ok,False,True,False,0
3580,1711514.164844361,2.719423055822615,0.19093447213969145,ok,False,True,False,1
3581,2138300.061580422,2.649543014564738,0.07339003818915135,ok,False,True,False,0
3582,2036480.4024866044,2.975044980736312,0.056386365775226044,ok,False,True,False,0
3583,2032876.9591294052,2.9875344248326163,0.09926834779499127,ok,False,True,False,0
3584,1636214.7916851614,2.928972177973491,0.21448914849326703,ok,False,True,False,1
3585,1636214.7916851614,2.501066711374307,0.24474041380506487,ok,False,True,False,1
3586,1691752.0450769467,2.7766544062707483,0.2630516746475963,ok,False,True,False,1
3587,2330654.734475854,2.8657283305937313,0.0776251515832228,ok,False,True,False,0
3588,2035718.3897095837,2.974769660248392,0.09517472495383106,ok,False,True,False,0
3589,2101787.4779325314,2.8415538741653084,0.06281217401468686,ok,False,True,False,0
3590,2019902.7876515023,2.9668427670677944,0.06619416756262958,ok,False,True,False,0
3591,3558439.0461538583,2.929712089010063,0.1688440530669426,ok,False,True,False,0
3592,2128460.88383482,2.9815051049019683,0.14883481248792862,ok,False,True,False,0
3593,2244674.8113792925,2.9896586009979593,0.13090504662430763,ok,False,True,False,0
3594,1691752.0450769467,2.8163512881678736,0.2431008546233387,ok,False,True,False,1
3595,1711514.164844361,2.9648654009661057,0.264944373067881,ok,False,True,False,1
3596,1691752.0450769467,2.6958845117656827,0.23183379621421002,ok,False,True,False,1
3597,2912878.1095172637,2.989174418659889,0.11518885645284532,ok,False,True,False,0
3598,2067410.450132113,2.9359697577370225,0.05789838657643781,ok,False,True,False,0
3599,2306679.5502619673,2.8396976742047055,0.07627248181034435,ok,False,True,False,0
3600,1691752.0450769467,2.7282692692393655,0.18590182638791614,ok,False,True,False,1
3601,2374350.512107566,2.686792441844741,0.07889908067112483,ok,False,True,False,0
3602,2713943.5267326506,2.562523914968768,0.07609098733196917,ok,False,True,False,0
3603,2171458.8714474994,2.9651426626669153,0.0940763634915659,ok,False,True,False,0
3604,2041340.7325434315,2.992799486520454,0.09919483101422508,ok,False,True,False,0
3605,1691752.0450769467,2.6307341879150705,0.20531200028886828,ok,False,True,False,1
3606,2056573.7939428736,2.9557590062749295,0.10307698919069985,ok,False,True,False,0
3607,2141392.632827612,2.9566801308612236,0.09851414316182577,ok,False,True,False,0
3608,1691752.0450769467,2.7322636990468014,0.2328709929973866,ok,False,True,False,1
3609,2030866.5731969776,2.7615755988608126,0.04073194547327397,ok,False,True,False,0
3610,2049818.9360126564,2.978401631539673,0.09355205649439369,ok,False,True,False,0
3611,1691752.0450769467,2.9131702898678613,0.27155684827243226,ok,False,True,False,1
3612,1636214.7916851614,2.9490251594039023,0.2619657029729946,ok,False,True,False,1
3613,2057639.1470772896,2.6971620942125343,0.09993871387766429,ok,False,True,False,0
3614,2010049.389820538,2.8456022332056006,0.09286020657312488,ok,False,True,False,0
3615,2075351.3226653242,2.9750154991638764,0.14327371594330557,ok,False,True,False,0
3616,2046863.1468047998,2.739044950991639,0.06677214531625825,ok,False,True,False,0
3617,2039110.3145888045,2.8614905002418722,0.10445767199430223,ok,False,True,False,0
3618,2050791.5573449815,2.8376146183504565,0.1429412630740617,ok,False,True,False,0
3619,2062027.7030961097,2.7436545629800086,0.11519560807464235,ok,False,True,False,0
3620,2021469.1328619295,2.9856147617521755,0.0983344975299476,ok,False,True,False,0
3621,2102507.9475607113,2.859072926913026,0.15763638157017168,ok,False,True,False,0
3622,2735779.7100668335,2.8171700092187653,0.09006237870639189,ok,False,True,False,0
3623,2652458.706012108,2.9473764362415116,0.11845644780729347,ok,False,True,False,0
3624,2105074.61462363,2.9816063132758366,0.12970316438494855,ok,False,True,False,0
3625,1636214.7916851614,2.5475101988561777,0.15355259372806543,ok,False,True,False,0
3626,3459876.7343465104,2.82871869141273,0.09238136085083892,ok,False,True,False,0
3627,3129503.232737958,2.995096931787994,0.17177407167109338,ok,False,True,False,1
3628,2027574.0978274194,2.964447745130355,0.07428856864673378,ok,False,True,False,0
3629,2028573.8930770294,2.987217560874747,0.1233750773372766,ok,False,True,False,0
3630,2048856.7953353822,2.887641092489247,0.056139588542395535,ok,False,True,False,0
3631,2298025.7656300557,2.7939539422622097,0.05560759601122767,ok,False,True,False,0
3632,2249389.826309377,2.987158254800636,0.1089250781052159,ok,False,True,False,0
3633,1484707.709926356,2.6830294191548028,0.33701575117661425,ok,False,True,False,1
3634,2009938.2904591742,2.809011112863633,0.051455483884675024,ok,False,True,False,0
3635,3059530.530535716,2.3741323599334763,0.11749688643567835,ok,False,True,False,0
3636,1691752.0450769467,2.6720394844201807,0.17178482437802356,ok,False,True,False,1
3637,2013114.8232099793,2.8842721074713156,0.1294201663828245,ok,False,True,False,0
3638,2039167.010649014,2.791899453301832,0.08461919640227522,ok,False,True,False,0
3639,1711514.164844361,2.7908864607661625,0.2119897791766858,ok,False,True,False,1
3640,1691752.0450769467,2.6047434939428213,0.20402311645957055,ok,False,True,False,1
3641,2234835.375658876,2.9707910529823796,0.10872139134334918,ok,False,True,False,0
3642,2225860.863320915,2.972197597873915,0.08375254339754734,ok,False,True,False,0
3643,2013826.3136788975,2.8757750996733797,0.12048873226007989,ok,False,True,False,0
3644,2114108.2915542447,2.966909006176377,0.10291522706925843,ok,False,True,False,0
3645,1711514.164844361,2.7467768461006825,0.22273986128324277,ok,False,True,False,1
3646,1691752.0450769467,2.9045432676949448,0.16432622743709624,ok,False,True,False,0
3647,1636214.7916851614,2.8271277932726813,0.2104215590544995,ok,False,True,False,1
3648,1691752.0450769467,2.739563307898388,0.23323377815473612,ok,False,True,False,1
3649,2157611.4422014207,2.994512988139241,0.05109691817194659,ok,False,True,False,0
3650,2024486.8063802628,2.980427011138332,0.08119131668547686,ok,False,True,False,0
3651,2014070.883455112,2.858056743023843,0.07772285537361201,ok,False,True,False,0
3652,4025396.20521993,2.873205113919444,0.10305649876227563,ok,False,True,False,0
3653,1711514.164844361,2.7695021446743064,0.2195011960883867,ok,False,True,False,1
3654,2517551.6450651023,2.9704907048696008,0.14971035495252705,ok,False,True,False,0
3655,2396455.5557917026,2.676059902215121,0.06491686955098996,ok,False,True,False,0
3656,2062783.3392666478,2.496565377870156,0.07811224120497606,ok,False,True,False,0
3657,2009806.7811591853,2.7185842689316644,0.11193375671403616,ok,False,True,False,0
3658,2252945.993878018,2.7206135669504268,0.09357270435851694,ok,False,True,False,0
3659,4004974.277395423,2.8873938523043092,0.21529590883790017,ok,False,True,False,1
3660,2016516.034132154,2.57315448448305,0.08546347447525193,ok,False,True,False,0
3661,2680793.341768635,2.4826530697904268,0.08540147969593526,ok,False,True,False,0
3662,2114366.9530704506,2.984097910576474,0.09780836913105223,ok,False,True,False,0
3663,2012600.2821680421,2.9654452063209464,0.09638204726950772,ok,False,True,False,0
3664,2163469.7802105597,2.9558035763420882,0.14214666223650035,ok,False,True,False,0
3665,2201528.065602893,2.84093970127047,0.09166020948223264,ok,False,True,False,0
3666,2050797.6707305089,2.836904911438112,0.10149629214642475,ok,False,True,False,0
3667,2014963.4205405882,2.8464498944312053,0.06962674745455522,ok,False,True,False,0
3668,2776475.845093382,2.959382425846986,0.09624170726264408,ok,False,True,False,0
3669,3357197.093433668,2.955872822292828,0.08111566177038748,ok,False,True,False,0
3670,2094392.9638481443,2.83577500881326,0.10583158208102983,ok,False,True,False,0
3671,2720934.9572336483,2.7163143124231386,0.06635922702014341,ok,False,True,False,0
3672,2154194.7538250657,2.6445544173178908,0.08202924745452544,ok,False,True,False,0
3673,1711514.164844361,2.630082370839762,0.19002819442334318,ok,False,True,False,1
3674,1691752.0450769467,2.804354302261266,0.20274724904186833,ok,False,True,False,1
3675,2011604.8293838988,2.9196865618107415,0.0533829548113722,ok,False,True,False,0
3676,2069557.2265379238,2.999873296339575,0.09812769111075115,ok,False,True,False,0
3677,2008965.0645022523,2.879686165299587,0.11973076732550403,ok,False,True,False,0
3678,2048822.2875360919,2.5578290366148573,0.05931968330363302,ok,False,True,False,0
3679,2077307.0600392253,2.983355448315038,0.05790902545564125,ok,False,True,False,0
3680,2170950.4137269994,2.983454389860157,0.08090058929564492,ok,False,True,False,0
3681,3235664.0383500275,2.8621403323516468,0.11035809035949518,ok,False,True,False,0
3682,2223821.280838704,2.9835625664002032,0.11997432334883518,ok,False,True,False,0
3683,2026590.3212299305,2.971652854507087,0.0663664404792318,ok,False,True,False,0
3684,1691752.0450769467,2.5734459553568625,0.23206154614344596,ok,False,True,False,1
3685,2014216.508432009,2.897034179926356,0.05350188308221904,ok,False,True,False,0
3686,1484707.709926356,2.4456898483409395,0.3182675487496388,ok,False,True,False,1
3687,2088026.5987604256,2.966979336333277,0.0787680419674921,ok,False,True,False,0
3688,1691752.0450769467,2.630856267198304,0.24531390537108988,ok,False,True,False,1
3689,1691752.0450769467,2.914781826527957,0.2741130015368229,ok,False,True,False,1
3690,2052090.7072970525,2.8739699496941915,0.11766827310729111,ok,False,True,False,0
3691,2016229.110150657,2.857358460963772,0.07168420654713403,ok,False,True,False,0
3692,2254981.8476228444,2.7862956161208254,0.07259357316656034,ok,False,True,False,0
3693,2147598.8424976887,2.8816613075116173,0.06848108867308109,ok,False,True,False,0
3694,2241359.915733696,2.979508672889695,0.10397862576292727,ok,False,True,False,0
3695,1691752.0450769467,2.8113106418709775,0.22755345102489882,ok,False,True,False,1
3696,1691752.0450769467,2.780396280302952,0.21056524240385285,ok,False,True,False,1
3697,1484707.709926356,2.6452049663651787,0.27023062159890276,ok,False,True,False,1
3698,2162751.765366967,2.997367024374568,0.0834363034009421,ok,False,True,False,0
3699,2143669.6874829438,2.9984934665467335,0.12418331782481007,ok,False,True,False,0
3700,2081058.224822374,2.8768197449231243,0.06199661606974935,ok,False,True,False,0
3701,2239048.73333856,2.946800645970181,0.10456257374754485,ok,False,True,False,0
3702,2181372.8078443003,2.9880988411828033,0.10266316054119218,ok,False,True,False,0
3703,2940068.6703849537,2.8683522649828617,0.09714689138878929,ok,False,True,False,0
3704,4108905.2261367138,2.9073708502764246,0.10051092241883758,ok,False,True,False,0
3705,2029147.6432733512,2.876528686365597,0.10336001355585173,ok,False,True,False,0
3706,2436876.5091641797,2.9894757307789805,0.06949367253881084,ok,False,True,False,0
3707,2025419.5818833313,2.6840599869029678,0.047730790629578024,ok,False,True,False,0
3708,3111641.2875457914,2.964230771759731,0.10631651508745332,ok,False,True,False,0
3709,2029016.083589661,2.988515707841376,0.1290806348164203,ok,False,True,False,0
3710,1711514.164844361,2.746642244512549,0.24969175108006786,ok,False,True,False,1
3711,2109395.402343779,2.948267106769277,0.1028081564621563,ok,False,True,False,0
3712,2125358.551076089,2.8808031924349224,0.16733186632492936,ok,False,True,False,0
3713,2032232.5390646467,2.730247875669861,0.06283979211026625,ok,False,True,False,0
3714,2400426.675685041,2.915175880159192,0.06381225011082448,ok,False,True,False,0
3715,2620492.370101656,2.9869714122586437,0.08724622964860673,ok,False,True,False,0
3716,3339476.473038489,2.9813273892271406,0.22887043046473476,ok,False,True,False,1
3717,1711514.164844361,2.717066000398351,0.21771158207627495,ok,False,True,False,1
3718,1711514.164844361,2.7607960463005297,0.22914832043265068,ok,False,True,False,1
3719,3968957.7420821497,2.9678848330271244,0.13086422393596941,ok,False,True,False,0
3720,3317886.5201117117,2.930871326899167,0.096241647979325,ok,False,True,False,0
3721,2016648.2264830829,2.6835718078458513,0.10787732457512589,ok,False,True,False,0
3722,1691752.0450769467,2.7224584252703674,0.23857394915988753,ok,False,True,False,1
3723,2029592.8980416027,2.777306257826493,0.06071179921877712,ok,False,True,False,0
3724,1691752.0450769467,2.7339796416509703,0.2359899974961996,ok,False,True,False,1
3725,2048390.5267825583,2.992029455393239,0.06182079128192847,ok,False,True,False,0
3726,1484707.709926356,2.4005796654473555,0.3152084707944142,ok,False,True,False,1
3727,3835278.184717685,2.2129478745158386,0.18578903942391023,ok,False,True,False,1
3728,2148220.7169301207,2.955548824581075,0.08539158340610603,ok,False,True,False,0
3729,3896462.006496124,2.886307888912408,0.09580953795728397,ok,False,True,False,0
3730,2237114.6605103025,2.9942781885023777,0.0924627108765731,ok,False,True,False,0
3731,2022487.7247111583,2.8726293421875373,0.08470988452149275,ok,False,True,False,0
3732,2188168.239050324,2.6540001869999283,0.06799941376349983,ok,False,True,False,0
3733,1711514.164844361,2.641575691916379,0.19464305061505377,ok,False,True,False,1
3734,2615274.5067354096,2.9723928113713995,0.11013832711183857,ok,False,True,False,0
3735,2213490.6874687974,2.6367271300291275,0.10391231512091326,ok,False,True,False,0
3736,4462739.848894702,2.977565316280919,0.14670393801816362,ok,False,True,False,0
3737,2060230.9196002258,2.931842766847982,0.09781745981294104,ok,False,True,False,0
3738,1691752.0450769467,2.785381141802241,0.2160176108386716,ok,False,True,False,1
3739,1711514.164844361,2.8426897490926626,0.2225090787507829,ok,False,True,False,1
3740,2028557.7587841793,2.980357797324079,0.10664497935595993,ok,False,True,False,0
3741,2462039.256293134,2.9515034944622522,0.13742685358588003,ok,False,True,False,0
3742,1636214.7916851614,2.7746524031806183,0.2544602922927368,ok,False,True,False,1
3743,2012330.8642470422,2.9362589208516736,0.14075577990287813,ok,False,True,False,0
3744,2029569.5063606491,2.9689893149789772,0.15758149080311346,ok,False,True,False,0
3745,1691752.0450769467,2.940691020988806,0.2194083560377546,ok,False,True,False,1
3746,3285682.5557698742,2.9974383187962887,0.14404589557226044,ok,False,True,False,0
3747,2026162.124491478,2.870600646678768,0.059332277032457914,ok,False,True,False,0
3748,3299132.677327676,2.9632516601044623,0.09754459622584466,ok,False,True,False,0
3749,2917501.491865102,2.5744731258530624,0.08000745976012447,ok,False,True,False,0
3750,2124056.117663641,2.9907599934861686,0.055823036312009716,ok,False,True,False,0
3751,1691752.0450769467,2.865712557412447,0.16982336952281157,ok,False,True,False,0
3752,2056869.1411015142,2.61170753210577,0.1522999245835478,ok,False,True,False,0
3753,3124552.2063841647,2.689419240496646,0.086993083774908,ok,False,True,False,0
3754,1636214.7916851614,2.9569886828875447,0.212404642739988,ok,False,True,False,1
3755,2022033.5354842625,2.9393241315517127,0.08933286132121798,ok,False,True,False,0
3756,2136420.611202866,2.9739074088412734,0.08751938231037704,ok,False,True,False,0
3757,2467182.144060144,2.803709524956296,0.06369378912370505,ok,False,True,False,0
3758,2132576.268415234,2.8276155434233985,0.045380751349376136,ok,False,True,False,0
3759,2067486.4201018875,2.9895602364667315,0.10642085069226914,ok,False,True,False,0
3760,1691752.0450769467,2.5855131548878267,0.2569231775873209,ok,False,True,False,1
3761,2043212.982839758,2.696492871064498,0.060770457187268145,ok,False,True,False,0
3762,2018695.0886245836,2.839259824212295,0.06281785415836616,ok,False,True,False,0
3763,2023760.213204572,2.9399332994050758,0.14453916278400847,ok,False,True,False,0
3764,1711514.164844361,2.7592919658134956,0.24188253155607828,ok,False,True,False,1
3765,1691752.0450769467,2.9858233975186934,0.1639522978838347,ok,False,True,False,0
3766,2038076.9051618224,2.899015068985002,0.06791991990746327,ok,False,True,False,0
3767,2188614.960860977,2.9224440003128374,0.09770701195573522,ok,False,True,False,0
3768,2068171.0492596978,2.787253389870644,0.0734369074840871,ok,False,True,False,0
3769,2035404.8946911565,2.9954380055112892,0.09455519872688056,ok,False,True,False,0
3770,2118376.0255262726,2.999588358737984,0.09165813868858808,ok,False,True,False,0
3771,1691752.0450769467,2.7411350892983712,0.20268468057327535,ok,False,True,False,1
3772,2399078.0269473568,2.669473570944513,0.11871721348708097,ok,False,True,False,0
3773,2053405.8045787318,2.986530152880274,0.11515476443469647,ok,False,True,False,0
3774,2009219.5524588528,2.9732948650202013,0.13025504991480197,ok,False,True,False,0
3775,1691752.0450769467,2.8340872382891105,0.19904263920464144,ok,False,True,False,1
3776,2030531.7739969818,2.8587827442082876,0.06522189592467037,ok,False,True,False,0
3777,1691752.0450769467,2.7469602869877936,0.21700695683779386,ok,False,True,False,1
3778,1636214.7916851614,2.5627872661223483,0.231816915662734,ok,False,True,False,1
3779,2072785.5610222397,2.7903280732071734,0.07693877866751869,ok,False,True,False,0
3780,2031810.2618371723,2.615069494981606,0.0734890840442709,ok,False,True,False,0
3781,3795685.520645479,2.9996056985667616,0.13847651932642074,ok,False,True,False,0
3782,1691752.0450769467,2.8067502915900313,0.29182392212336183,ok,False,True,False,1
3783,2516273.8993027746,2.9567772944354234,0.08123702504478653,ok,False,True,False,0
3784,5257459.365440518,2.7171705419420933,0.07513814067360203,ok,False,True,False,0
3785,2091054.1457723363,2.7500984620774527,0.08843643934434764,ok,False,True,False,0
3786,2570544.1102120765,2.9007478026999687,0.09008494291182212,ok,False,True,False,0
3787,2130556.2127773846,2.855258882076182,0.06966175911345454,ok,False,True,False,0
3788,2470384.644433761,2.43610970778518,0.07850767792579519,ok,False,True,False,0
3789,3206693.9554470656,2.969564448665839,0.1252575132827845,ok,False,True,False,0
3790,2298144.3698557904,2.936863082827226,0.07518379676169407,ok,False,True,False,0
3791,2095097.6475061455,2.6189350240026608,0.0707473113485253,ok,False,True,False,0
3792,2193249.723603999,2.9595020749893477,0.07988130947943661,ok,False,True,False,0
3793,2131980.2692498625,2.9787917453539463,0.11192440523241609,ok,False,True,False,0
3794,2226063.411661122,2.981917532200507,0.07733580377093474,ok,False,True,False,0
3795,3156553.1222578776,2.957192048950918,0.18638344053857514,ok,False,True,False,1
3796,1636214.7916851614,2.7267113068574926,0.18018064615472829,ok,False,True,False,1
3797,2053154.7441137799,2.327274519629791,0.12373282779591666,ok,False,True,False,0
3798,2778044.094457369,2.9813260007287914,0.12841987173590685,ok,False,True,False,0
3799,2544135.601054031,2.974500017578361,0.12530288358062402,ok,False,True,False,0
3800,2009397.3363123697,2.7322279584305402,0.08071470875867104,ok,False,True,False,0
3801,2081940.8017099428,2.982318786831123,0.08472924504625812,ok,False,True,False,0
3802,1484707.709926356,2.7239626170805185,0.37163217634882684,ok,False,True,False,1
3803,2736490.189118228,2.87605040731174,0.07613158248379931,ok,False,True,False,0
3804,1636214.7916851614,2.7053872912376438,0.28417904336556393,ok,False,True,False,1
3805,2010731.8411706178,2.9159815183004683,0.10145772976146272,ok,False,True,False,0
3806,2010980.5684954717,2.916443501958933,0.07414913036888116,ok,False,True,False,0
3807,2023808.656428981,2.94780679180203,0.04814975985299985,ok,False,True,False,0
3808,3193563.130824703,2.9865045659772402,0.08821164169235068,ok,False,True,False,0
3809,1711514.164844361,2.7926776530021593,0.15675256630051634,ok,False,True,False,0
3810,2030726.620863281,2.6550893837029634,0.06778010648800623,ok,False,True,False,0
3811,2017752.25939234,2.9778015700755414,0.18833381079355266,ok,False,True,False,1
3812,2078113.2953116347,2.96688820351486,0.07264640200917949,ok,False,True,False,0
3813,2248432.194354457,2.306064314227296,0.07728852498565508,ok,False,True,False,0
3814,2131171.7641616566,2.9999287040520195,0.09111469580407139,ok,False,True,False,0
3815,2025034.7064723666,2.699631811999317,0.10833093738006894,ok,False,True,False,0
3816,1391604.936285155,2.37503447643385,0.3386983998897992,ok,False,True,False,1
3817,2890822.459679789,2.895629238229688,0.10743712674115502,ok,False,True,False,0
3818,2018606.0347724503,2.9781579058141534,0.08950912860198912,ok,False,True,False,0
3819,2017104.558501227,2.956214962466649,0.08013622407800718,ok,False,True,False,0
3820,1691752.0450769467,2.7939978889729087,0.24919320126666222,ok,False,True,False,1
3821,1691752.0450769467,2.867500025324215,0.1948506698291542,ok,False,True,False,1
3822,3081901.049011504,2.9582861290289673,0.1343507320161067,ok,False,True,False,0
3823,2331053.29843763,2.973780403986019,0.07703831134738193,ok,False,True,False,0
3824,2071369.3610106383,2.984872553546853,0.09226473863250106,ok,False,True,False,0
3825,1711514.164844361,2.718182084848113,0.23095582055050878,ok,False,True,False,1
3826,1691752.0450769467,2.8231111811905736,0.24601931340393715,ok,False,True,False,1
3827,2141266.780334068,2.8181322772614603,0.07770606770642718,ok,False,True,False,0
3828,1636214.7916851614,2.666445307723502,0.2709526221862971,ok,False,True,False,1
3829,2074643.688632896,2.6861721967428447,0.06960158274770806,ok,False,True,False,0
3830,1691752.0450769467,2.819177274885689,0.20356083827110633,ok,False,True,False,1
3831,3736730.243659537,2.686340742626056,0.09024075926056963,ok,False,True,False,0
3832,1484707.709926356,2.3570263092163035,0.29143961324645945,ok,False,True,False,1
3833,2173898.891155987,2.825296062928905,0.10378694050808751,ok,False,True,False,0
3834,2429185.18327136,2.8135929800817316,0.05499998137602624,ok,False,True,False,0
3835,1391604.936285155,2.418728353457043,0.2876306581860121,ok,False,True,False,1
3836,1691752.0450769467,2.616424057630984,0.1934897295374067,ok,False,True,False,1
3837,2012420.165271684,2.927954683278596,0.082108964385048,ok,False,True,False,0
3838,3470274.8492328324,2.5047604182919203,0.07622645490455816,ok,False,True,False,0
3839,2109585.533435565,2.9029152049220848,0.0690714753480538,ok,False,True,False,0
3840,2034194.7234482758,2.887054276327077,0.07211524160073712,ok,False,True,False,0
3841,2389209.616874609,2.9931550997136798,0.13238571526311227,ok,False,True,False,0
3842,2078625.1366720877,2.969518845314922,0.054288205687110014,ok,False,True,False,0
3843,3660781.293763712,2.937754626974567,0.11495839541788189,ok,False,True,False,0
3844,3735619.7713747136,2.926491886370752,0.07906298781435883,ok,False,True,False,0
3845,2691818.769731739,2.986069400912635,0.09455240885628619,ok,False,True,False,0
3846,2034771.8351899781,2.8776762200387105,0.07088693922375333,ok,False,True,False,0
3847,1484707.709926356,2.422365574659086,0.3609772140483728,ok,False,True,False,1
3848,2022171.6361272521,2.8488156007571437,0.17524033861679533,ok,False,True,False,1
3849,2015073.1841867487,2.8946732512532067,0.06314993690434878,ok,False,True,False,0
3850,2008749.4732384174,2.937404744432487,0.07742694772468361,ok,False,True,False,0
3851,1636214.7916851614,2.5432319606112097,0.2582373483792224,ok,False,True,False,1
3852,1484707.709926356,2.3596360693052687,0.32332753687593657,ok,False,True,False,1
3853,1711514.164844361,2.93418374624369,0.2045762059530129,ok,False,True,False,1
3854,2159642.2541611944,2.4065954897075317,0.08397550137861942,ok,False,True,False,0
3855,2635677.8254023013,2.533163992541188,0.06387031228189088,ok,False,True,False,0
3856,2055843.7962360482,2.914398839307438,0.07863871100480102,ok,False,True,False,0
3857,2302593.280332158,2.909638786444546,0.06236993633386266,ok,False,True,False,0
3858,2063222.4889602491,2.9738859763253336,0.07361305571934451,ok,False,True,False,0
3859,4633907.2963075,2.3187332394908173,0.2165874810538656,ok,False,True,False,1
3860,2049985.3867598062,2.999081094020749,0.09486819729026269,ok,False,True,False,0
3861,2011389.0684267937,2.602713472627395,0.10803246753574092,ok,False,True,False,0
3862,1391604.936285155,2.670804930287857,0.3005821865353365,ok,False,True,False,1
3863,2039715.4711760192,2.5634881090773223,0.10442695815507086,ok,False,True,False,0
3864,2058415.248999652,2.9434314734443077,0.08171030360316012,ok,False,True,False,0
3865,2178431.194723599,2.9341487292079957,0.07965038438444363,ok,False,True,False,0
3866,1636214.7916851614,2.5490433434716886,0.23206437621660336,ok,False,True,False,1
3867,2087987.8242053308,2.8796060577655926,0.046617557247529,ok,False,True,False,0
3868,1691752.0450769467,2.902498529006084,0.21000327546793185,ok,False,True,False,1
3869,2654412.8244638247,2.503406343573455,0.09549074909040944,ok,False,True,False,0
3870,2015096.5997611557,2.9403384991064474,0.14781809119869854,ok,False,True,False,0
3871,2066109.3193243418,2.811129296521413,0.0518667002006068,ok,False,True,False,0
3872,1636214.7916851614,2.7064120403175096,0.21566420382890863,ok,False,True,False,1
3873,1711514.164844361,2.9917215917027065,0.208938356761931,ok,False,True,False,1
3874,1711514.164844361,2.9619032106577246,0.2509137563188045,ok,False,True,False,1
3875,2676073.5157340528,2.738355806717597,0.0758133541674032,ok,False,True,False,0
3876,2431104.375115943,2.9301612199969522,0.11821916893555517,ok,False,True,False,0
3877,2170729.3909429912,2.9486279388978316,0.05805771256948328,ok,False,True,False,0
3878,2055380.921685724,2.9603310883368197,0.15363786785926284,ok,False,True,False,0
3879,3201377.743369968,2.8833758605473903,0.1239919153289315,ok,False,True,False,0
3880,2582917.547542244,2.9550341728184693,0.1287170479863302,ok,False,True,False,0
3881,1636214.7916851614,2.849386938161963,0.2988409326406319,ok,False,True,False,1
3882,1691752.0450769467,2.895238712360558,0.23211153023187153,ok,False,True,False,1
3883,2048819.9890838568,2.546319472875262,0.08614919440768898,ok,False,True,False,0
3884,1391604.936285155,2.270037309600318,0.35265692694482403,ok,False,True,False,1
3885,2572953.94922521,2.8090876576792074,0.08445641770685491,ok,False,True,False,0
3886,2512311.181140668,2.4839714632979666,0.06265201310375013,ok,False,True,False,0
3887,2048602.1432892415,2.777139057790058,0.04874949192171074,ok,False,True,False,0
3888,1711514.164844361,2.670852873684247,0.2179833175640066,ok,False,True,False,1
3889,2818492.586079459,2.949151589098127,0.09646188810445977,ok,False,True,False,0
3890,2060754.838861954,2.6397856864305673,0.07349521201977216,ok,False,True,False,0
3891,1636214.7916851614,2.7078809514852678,0.23719380319894212,ok,False,True,False,1
3892,3094862.4372946136,2.9960418603646444,0.1714603379885422,ok,False,True,False,1
3893,2019462.472527606,2.8860060608737905,0.07520182230196526,ok,False,True,False,0
3894,1691752.0450769467,2.638717456122337,0.20854710038227592,ok,False,True,False,1
3895,2949742.749887906,2.7763131176529026,0.06280795698837077,ok,False,True,False,0
3896,1691752.0450769467,2.8986058098306797,0.21953104930143724,ok,False,True,False,1
3897,2402743.6403919663,2.9967975922651444,0.1153055934292424,ok,False,True,False,0
3898,2951582.444596651,2.8613949662859097,0.13967658924288784,ok,False,True,False,0
3899,2129079.435239232,2.8215434211162345,0.05437085516748119,ok,False,True,False,0
3900,2221366.968774109,2.879175233127451,0.06446716510015194,ok,False,True,False,0
3901,2400847.506941129,2.5577161712972374,0.0590561217415736,ok,False,True,False,0
3902,1484707.709926356,2.550583563165583,0.36051742269238074,ok,False,True,False,1
3903,1484707.709926356,2.51490235918543,0.3507184257846426,ok,False,True,False,1
3904,2161961.5411745324,2.9162944833783437,0.09299604190958621,ok,False,True,False,0
3905,1636214.7916851614,2.642493137689167,0.20071856916475378,ok,False,True,False,1
3906,1711514.164844361,2.6644229215949613,0.22107485079139408,ok,False,True,False,1
3907,1636214.7916851614,2.7750524851463245,0.25377108467058074,ok,False,True,False,1
3908,2052428.0894942747,2.9029037036839567,0.07927527544526192,ok,False,True,False,0
3909,2008838.8102223547,2.5539443963666137,0.06266894759768804,ok,False,True,False,0
3910,2023085.0072983436,2.920447823825466,0.10349274535376186,ok,False,True,False,0
3911,2041924.2430996378,2.981420597750497,0.15874350870254905,ok,False,True,False,0
3912,2067670.541693652,2.938213472677156,0.08364296371326768,ok,False,True,False,0
3913,2016500.177654808,2.804694728006984,0.05705355282231139,ok,False,True,False,0
3914,1636214.7916851614,2.984364605713526,0.2907997070509847,ok,False,True,False,1
3915,2028626.0230960757,2.9296798840483094,0.12123088948917232,ok,False,True,False,0
3916,2418579.1665573292,2.4635104562086028,0.06527681925164608,ok,False,True,False,0
3917,1691752.0450769467,2.8394016063146506,0.21789289177665028,ok,False,True,False,1
3918,2044842.7472367485,2.990380949644783,0.07669076478614317,ok,False,True,False,0
3919,2338358.3404010073,2.9436968629645968,0.06555848973723377,ok,False,True,False,0
3920,1691752.0450769467,2.815179782943564,0.2690320716072435,ok,False,True,False,1
3921,1711514.164844361,2.5642997830973067,0.22036275658525686,ok,False,True,False,1
3922,1711514.164844361,2.90176597304116,0.24517773492085454,ok,False,True,False,1
3923,3661961.4492011787,2.651475947439759,0.08310796764807049,ok,False,True,False,0
3924,1691752.0450769467,2.6565903947803853,0.2110119516166585,ok,False,True,False,1
3925,2035654.6982400832,2.9915631598042713,0.07411414816704398,ok,False,True,False,0
3926,2350102.3302088836,2.996842157577171,0.15738726354361335,ok,False,True,False,0
3927,1691752.0450769467,2.7429373373257344,0.24389929277967476,ok,False,True,False,1
3928,1691752.0450769467,2.8142450370795618,0.23232409711362706,ok,False,True,False,1
3929,2086328.4563169426,2.9860766355294333,0.10685240563549037,ok,False,True,False,0
3930,2070364.8435662994,2.9868049399247605,0.1511152392124906,ok,False,True,False,0
3931,2015486.5810566954,2.4251299289362205,0.07119086209643488,ok,False,True,False,0
3932,2091669.3386697832,2.966488921410355,0.07045307155957803,ok,False,True,False,0
3933,2663054.1232537073,2.7315352140162124,0.08124336853749867,ok,False,True,False,0
3934,2302130.100210998,2.9773281903002626,0.15136275778405756,ok,False,True,False,0
3935,2207616.5089028073,2.481389936785778,0.06519270635234264,ok,False,True,False,0
3936,1691752.0450769467,2.7248479777476806,0.19779994953322327,ok,False,True,False,1
3937,2061119.9039919903,2.4484171905140553,0.12698136365238827,ok,False,True,False,0
3938,1691752.0450769467,2.8723573833832106,0.21534292639090014,ok,False,True,False,1
3939,2273995.3244925113,2.9701675663176683,0.07964427239348071,ok,False,True,False,0
3940,3816244.12110163,2.966929905507733,0.08099324900764004,ok,False,True,False,0
3941,1691752.0450769467,2.963977116435612,0.2611149737842476,ok,False,True,False,1
3942,2083042.6425219288,2.5212690424716895,0.09922048248496074,ok,False,True,False,0
3943,2104673.0916082785,2.9567989510681,0.05100619895217706,ok,False,True,False,0
3944,1711514.164844361,2.712966623683015,0.2632255875154781,ok,False,True,False,1
3945,3720207.230040255,1.8733825387678305,0.09644655818663472,ok,False,True,False,0
3946,2016082.993246505,2.912782249173826,0.11785619114747414,ok,False,True,False,0
3947,2370184.871364096,2.990659796573741,0.07926698521494724,ok,False,True,False,0
3948,1711514.164844361,2.61191331290463,0.23828643563193982,ok,False,True,False,1
3949,2023228.957941988,2.74397894910914,0.08163539082079185,ok,False,True,False,0
3950,1636214.7916851614,2.65057618844326,0.24855259244241307,ok,False,True,False,1
3951,2099591.433085423,2.985178498295004,0.06747817658087096,ok,False,True,False,0
3952,1636214.7916851614,2.874997657799324,0.2362118600348775,ok,False,True,False,1
3953,2012345.5837293938,2.9119380627821885,0.06478341352217554,ok,False,True,False,0
3954,1691752.0450769467,2.7509350332354137,0.30509033016160025,ok,False,True,False,1
3955,1636214.7916851614,2.5936531400595353,0.26902351236093147,ok,False,True,False,1
3956,1711514.164844361,2.7966659113198213,0.2968188625597298,ok,False,True,False,1
3957,2692647.7605273467,2.9711454163654683,0.08256884779355919,ok,False,True,False,0
3958,1636214.7916851614,2.944272036131907,0.26452039630609625,ok,False,True,False,1
3959,2042836.510825388,2.843389005635742,0.061451052290806385,ok,False,True,False,0
3960,2148166.2512725703,2.846235955955758,0.08102986802703382,ok,False,True,False,0
3961,1391604.936285155,2.5263410534925868,0.3300809568747737,ok,False,True,False,1
3962,2940867.7074786937,2.998261323600607,0.15065434264953864,ok,False,True,False,0
3963,1691752.0450769467,2.87719147076223,0.21595777949267914,ok,False,True,False,1
3964,2284190.347412008,2.985849450241118,0.06805223127555293,ok,False,True,False,0
3965,2011399.416484487,2.668080640124062,0.07846205129462824,ok,False,True,False,0
3966,2089751.0743122376,2.6673115171393165,0.06235252818332193,ok,False,True,False,0
3967,1711514.164844361,2.792410493183994,0.2325655654012644,ok,False,True,False,1
3968,2031300.2451937627,2.9981973778292113,0.10663401617531665,ok,False,True,False,0
3969,1691752.0450769467,2.7404043226597232,0.24455261194443895,ok,False,True,False,1
3970,1711514.164844361,2.6626522091013043,0.23048362390173463,ok,False,True,False,1
3971,4122499.7623993135,2.6961437088915936,0.1876248283371731,ok,False,True,False,1
3972,2035515.0103842802,2.649113545392395,0.0752154011744926,ok,False,True,False,0
3973,2204164.296697629,2.6017332736863708,0.0945119391084942,ok,False,True,False,0
3974,2475516.6137249456,2.9941063021495333,0.11558049761879208,ok,False,True,False,0
3975,1691752.0450769467,2.72676150349396,0.2390309438267616,ok,False,True,False,1
3976,1636214.7916851614,2.9592488710082607,0.2910044449902361,ok,False,True,False,1
3977,2599428.342695838,2.924693976424879,0.11114447535290961,ok,False,True,False,0
3978,1691752.0450769467,2.693106316614108,0.19062616047369638,ok,False,True,False,1
3979,3939090.1912779687,2.9467177419177437,0.22317655393166047,ok,False,True,False,1
3980,2391501.4342224626,2.8956087238124484,0.11215956838991853,ok,False,True,False,0
3981,2021358.787447296,2.6794354707364514,0.12615616589752343,ok,False,True,False,0
3982,2029554.06320099,2.787092798646916,0.050780458660526384,ok,False,True,False,0
3983,2106104.4029622586,2.9457826930421094,0.06617949581491478,ok,False,True,False,0
3984,1691752.0450769467,2.785675102650579,0.24209517545088208,ok,False,True,False,1
3985,1691752.0450769467,2.7071804941168063,0.1599619664839131,ok,False,True,False,0
3986,3640552.502669805,2.9533212581855706,0.11746304508371752,ok,False,True,False,0
3987,4244441.711356515,2.862715148544556,0.1262557409593852,ok,False,True,False,0
3988,1186516.1254582698,2.2156703799147053,0.3727486405397644,ok,False,True,False,1
3989,4779468.487989166,2.93597152067834,0.20756272909137896,ok,False,True,False,1
3990,1636214.7916851614,2.9547529956154754,0.21578131181609042,ok,False,True,False,1
3991,1691752.0450769467,2.6297445230193226,0.2048493343706777,ok,False,True,False,1
3992,1691752.0450769467,2.762379713257344,0.23973169286440038,ok,False,True,False,1
3993,2078589.0536693025,2.543137337664101,0.06588946875390966,ok,False,True,False,0
3994,2363918.5661327248,2.975299669022057,0.1367310561012431,ok,False,True,False,0
3995,2009628.9674512302,2.9646517005546134,0.10219834515588566,ok,False,True,False,0
3996,2028427.422367013,2.5250461612703967,0.08684175285113649,ok,False,True,False,0
3997,2011888.4981359227,2.965267980895103,0.14856448804749456,ok,False,True,False,0
3998,3813834.9643279347,2.9493134521555677,0.1134036719234427,ok,False,True,False,0
3999,2008612.9742323942,2.7299280487309643,0.11577953089360543,ok,False,True,False,0
4000,2034350.5872517016,2.8771297022526072,0.09483962753218195,ok,False,True,False,0
4001,4627405.578313965,2.631550155001677,0.15591118488106714,ok,False,True,False,0
4002,1711514.164844361,2.726609819270532,0.17884291790614296,ok,False,True,False,1
4003,1691752.0450769467,2.8187206213772678,0.23248662643802906,ok,False,True,False,1
4004,2229216.6388096334,2.597766829032609,0.06706317476335522,ok,False,True,False,0
4005,2674395.366278541,2.8149511607522406,0.07449428887783116,ok,False,True,False,0
4006,2124570.586934752,2.955883255832017,0.07959855409488106,ok,False,True,False,0
4007,2236844.7815050557,2.942351550946249,0.13387482288720692,ok,False,True,False,0
4008,2008635.0063895008,2.9901131562103007,0.07353539098813566,ok,False,True,False,0
4009,2040055.596773986,2.80313710647205,0.07348509741286235,ok,False,True,False,0
4010,1691752.0450769467,2.6009119648573185,0.19622825426518742,ok,False,True,False,1
4011,2974084.5156782856,2.9908631035750055,0.17343275948287412,ok,False,True,False,1
4012,2033938.4543367154,2.949314794419191,0.11750653290876922,ok,False,True,False,0
4013,2019985.5466629993,2.8207216561769455,0.07549573350916766,ok,False,True,False,0
4014,2010141.0403362315,2.6604915536563025,0.04975225113784354,ok,False,True,False,0
4015,4293809.240047178,2.995067795794067,0.0841964763156276,ok,False,True,False,0
4016,2027075.112562288,2.9779692630699204,0.11217355171354182,ok,False,True,False,0
4017,2401905.973762389,2.9896885331087564,0.1605037096976688,ok,False,True,False,0
4018,2043328.8281823685,2.7491849582301864,0.06742253671844078,ok,False,True,False,0
4019,3482132.2237704545,2.8362042526342366,0.13877743146876687,ok,False,True,False,0
4020,2016919.4219076787,2.8926903848254204,0.1281923012509123,ok,False,True,False,0
4021,2058117.388441423,2.9801901734402483,0.12575079519945975,ok,False,True,False,0
4022,3490279.9463110934,2.79677988012995,0.08069911624967974,ok,False,True,False,0
4023,2153711.876401942,2.9807660646688943,0.15186495835788416,ok,False,True,False,0
4024,2884596.7047867556,2.9872219199259615,0.12801277056108318,ok,False,True,False,0
4025,3656228.049958814,2.7455214212373082,0.18139265653744774,ok,False,True,False,1
4026,2025383.5204633481,2.9205101976316783,0.0595102762041283,ok,False,True,False,0
4027,3581414.0905917967,2.9730583916126267,0.21848828140530485,ok,False,True,False,1
4028,3384918.078044357,2.9921640452799734,0.10796841960184045,ok,False,True,False,0
4029,2011703.1740786375,2.914737260619485,0.07551272551051236,ok,False,True,False,0
4030,2677527.7170764506,2.9780348165830928,0.16552718823602708,ok,False,True,False,0
4031,2022356.7157660066,2.7303402661468485,0.10531475947286167,ok,False,True,False,0
4032,4568425.207578064,2.9947350048902877,0.15482675213071617,ok,False,True,False,0
4033,2033997.6396809404,2.466599244207588,0.10388513922829545,ok,False,True,False,0
4034,3318337.6032263855,2.2377991488076336,0.118201855887344,ok,False,True,False,0
4035,2338005.4567672666,2.5740706389983936,0.08202104756546569,ok,False,True,False,0
4036,1691752.0450769467,2.689786862412377,0.2350578265766579,ok,False,True,False,1
4037,2137128.7522574826,2.8624360539406286,0.13823976349026534,ok,False,True,False,0
4038,2010398.5531186615,2.7360096178573357,0.15162709060248286,ok,False,True,False,0
4039,2077207.4942826098,2.632809126604655,0.07772141436749869,ok,False,True,False,0
4040,2624878.599282989,2.623822112489419,0.09279834759537586,ok,False,True,False,0
4041,2018268.912600121,2.8163723689163946,0.061851913708262485,ok,False,True,False,0
4042,1636214.7916851614,2.6493991088893827,0.20614237588533907,ok,False,True,False,1
4043,2029822.149313127,2.4804665793674108,0.07928600573685862,ok,False,True,False,0
4044,2033513.201359073,2.7349726604754765,0.08159620848117388,ok,False,True,False,0
4045,2020000.218272969,2.9026328515074895,0.12849332170502392,ok,False,True,False,0
4046,3228766.8900974058,2.699799983742757,0.09069061945749463,ok,False,True,False,0
4047,1691752.0450769467,2.73966073108594,0.22544190984137474,ok,False,True,False,1
4048,1711514.164844361,2.680454074013289,0.19358404993047368,ok,False,True,False,1
4049,2023614.9007374244,2.956754434269803,0.12075941407062427,ok,False,True,False,0
4050,2119086.3362058154,2.66509222671295,0.08199037551384603,ok,False,True,False,0
4051,4374296.928063132,2.9950180717074466,0.1311057138551912,ok,False,True,False,0
4052,3054813.4552089823,2.98449532284389,0.07868661777820884,ok,False,True,False,0
4053,2115332.736377427,2.7703196726956136,0.06147066781738286,ok,False,True,False,0
4054,2850105.871700313,2.9771898047845413,0.10235024194429843,ok,False,True,False,0
4055,2685532.528575526,2.924833987514531,0.16885696105177356,ok,False,True,False,0
4056,2071283.8248160116,2.2203776641914565,0.07147616729754858,ok,False,True,False,0
4057,1636214.7916851614,2.950441857055952,0.24776796541245455,ok,False,True,False,1
4058,2034699.1884303358,2.8244782999674345,0.09099674259520885,ok,False,True,False,0
4059,1711514.164844361,2.8803412153710948,0.24690807586209643,ok,False,True,False,1
4060,1691752.0450769467,2.803131796876937,0.2455438755191318,ok,False,True,False,1
4061,1391604.936285155,2.505708091243794,0.3412006911109368,ok,False,True,False,1
4062,1691752.0450769467,2.7915337126311064,0.25253834376852435,ok,False,True,False,1
4063,3027907.07876797,2.926232173196243,0.126832566719274,ok,False,True,False,0
4064,1691752.0450769467,2.85518756353885,0.19205310640184237,ok,False,True,False,1
4065,2200933.9649711004,2.39367269585621,0.09033741606389378,ok,False,True,False,0
4066,1636214.7916851614,2.8308105116797058,0.2561831430014513,ok,False,True,False,1
4067,2050104.341741531,2.6637913730569736,0.11648002379399647,ok,False,True,False,0
4068,2628614.3054534066,2.943883366040227,0.12919818064866662,ok,False,True,False,0
4069,2052993.2987897045,2.998801629384718,0.06282545532199396,ok,False,True,False,0
4070,2165575.5673649376,2.6801927502066016,0.07764133572897325,ok,False,True,False,0
4071,2275863.890299931,2.9582843946954904,0.0887466971876788,ok,False,True,False,0
4072,2447160.9410387776,2.975171529846784,0.07912103339713439,ok,False,True,False,0
4073,2008947.896827514,2.792782363569505,0.12115052682970417,ok,False,True,False,0
4074,1636214.7916851614,2.731349675867065,0.21129959479364874,ok,False,True,False,1
4075,2016159.7427016378,2.9219416511468004,0.09140747306929187,ok,False,True,False,0
4076,3102287.8551847315,2.9771996061305144,0.177514654349749,ok,False,True,False,1
4077,2012102.9842927437,2.786971389848631,0.16557179870808497,ok,False,True,False,0
4078,1636214.7916851614,2.5589991734414124,0.2507766578360151,ok,False,True,False,1
4079,2115952.2070953324,2.8460384180221254,0.08707700114414305,ok,False,True,False,0
4080,3323008.8372689434,2.725091870858658,0.13522221916184207,ok,False,True,False,0
4081,2348885.1649815757,2.9911827428218047,0.12802338626006082,ok,False,True,False,0
4082,2470221.4632069375,2.706562466987042,0.10467151686005566,ok,False,True,False,0
4083,1691752.0450769467,2.890474260067955,0.20385625660890247,ok,False,True,False,1
4084,2645653.4866995174,2.3042535337931835,0.08205104905409255,ok,False,True,False,0
4085,2009021.7870033865,2.7389858844274917,0.0864031487843342,ok,False,True,False,0
4086,2627668.1066812137,2.8494671617878518,0.1008468405489672,ok,False,True,False,0
4087,2046617.3079790443,2.9059061187014796,0.09320003649732239,ok,False,True,False,0
4088,2349298.2031231276,2.813775018665479,0.08616913333536341,ok,False,True,False,0
4089,2381809.3645507377,2.995944934337836,0.15479348770392964,ok,False,True,False,0
4090,2092320.0620227268,2.6677139954959355,0.08418591800204944,ok,False,True,False,0
4091,2281917.6005740175,2.9888717907614364,0.07115034820156274,ok,False,True,False,0
4092,2046820.8306186555,2.932584557478026,0.06758837962762043,ok,False,True,False,0
4093,2464173.0800509774,2.688135942889682,0.08704871057559083,ok,False,True,False,0
4094,3367965.673551765,2.9680819183432385,0.08163865034512607,ok,False,True,False,0
4095,1711514.164844361,2.759522196673245,0.24639117349180736,ok,False,True,False,1
4096,2045337.097169565,2.785223870183457,0.10062275840238721,ok,False,True,False,0
4097,2847416.6127065974,2.6207690840485096,0.08789961743982544,ok,False,True,False,0
4098,1691752.0450769467,2.7223535829845606,0.22007295206842187,ok,False,True,False,1
4099,2087919.296329487,2.9938786198765395,0.11365512177514114,ok,False,True,False,0
4100,2131583.572940873,2.608069971467226,0.06529370717582694,ok,False,True,False,0
4101,1484707.709926356,2.6005156853119367,0.3340963701691972,ok,False,True,False,1
4102,2012147.7572242555,2.4720392786537766,0.12481112999115429,ok,False,True,False,0
4103,2016710.9757977868,2.8550253879156062,0.08240044881734654,ok,False,True,False,0
4104,2112855.6204967536,2.5532300123685836,0.06260328801740873,ok,False,True,False,0
4105,2249412.212481298,2.9427936578009906,0.10357895272660012,ok,False,True,False,0
4106,3904552.3037683037,2.985895327093065,0.1826745924723412,ok,False,True,False,1
4107,1636214.7916851614,2.5798032966218587,0.25545858204584565,ok,False,True,False,1
4108,1636214.7916851614,2.5963788097369163,0.2695408782878978,ok,False,True,False,1
4109,1691752.0450769467,2.830278909369194,0.17518528150318197,ok,False,True,False,1
4110,1691752.0450769467,2.8117255040859446,0.15481572139319758,ok,False,True,False,0
4111,2474954.577239154,2.905933219179369,0.07205545612582137,ok,False,True,False,0
4112,1691752.0450769467,2.725989265011844,0.16285037465338587,ok,False,True,False,0
4113,2854805.882606245,2.976808910759516,0.1366519116367496,ok,False,True,False,0
4114,1636214.7916851614,2.8413218095637127,0.20042727111257397,ok,False,True,False,1
4115,2020316.8145634867,2.8019910771396592,0.060054504647475304,ok,False,True,False,0
4116,2124330.4711656505,2.784107469730067,0.05776197710060915,ok,False,True,False,0
4117,2500015.5674380283,2.9857482444310466,0.11346434827754115,ok,False,True,False,0
4118,2043830.2719801792,2.8883561265917264,0.05869880999009791,ok,False,True,False,0
4119,1636214.7916851614,2.8111874575884914,0.24401832802971962,ok,False,True,False,1
4120,2011478.7460915344,2.957349282354532,0.09166594655865057,ok,False,True,False,0
4121,2566092.40343104,2.995920321128496,0.13049817662812657,ok,False,True,False,0
4122,1484707.709926356,2.6616149934026976,0.33287078867874925,ok,False,True,False,1
4123,3062261.071688822,2.912766174542903,0.13530040673862753,ok,False,True,False,0
4124,1711514.164844361,2.8904265881158637,0.24956326398746678,ok,False,True,False,1
4125,3172119.6464251503,2.987110663100215,0.11921013744850584,ok,False,True,False,0
4126,2009527.4351631112,2.8171383811616413,0.14176320323200114,ok,False,True,False,0
4127,2055921.731826549,2.9586370786105176,0.07357022067307706,ok,False,True,False,0
4128,2131039.7785428227,2.9626061624862317,0.05152286273982132,ok,False,True,False,0
4129,2014441.5314836907,2.8266686621001647,0.16041499040625817,ok,False,True,False,0
4130,2072681.1303807579,2.981969559040599,0.08380711049411915,ok,False,True,False,0
4131,2596917.330172516,2.876967952310027,0.10951378627149266,ok,False,True,False,0
4132,3232208.29231945,2.9236870879212185,0.14145273235531275,ok,False,True,False,0
4133,2020464.9174566478,2.994198739672985,0.06771802166557672,ok,False,True,False,0
4134,2021978.559394549,2.79888223991724,0.17614454439065919,ok,False,True,False,1
4135,2248510.1042411667,2.753121441425873,0.09015351641393998,ok,False,True,False,0
4136,1711514.164844361,2.6369012292463125,0.21213613628925207,ok,False,True,False,1
4137,2207459.469612222,2.998540126926764,0.1254325530048365,ok,False,True,False,0
4138,2559817.3768978748,2.8951676949254104,0.0642368086812265,ok,False,True,False,0
4139,4560510.498570021,2.9031437133886264,0.1809744037133768,ok,False,True,False,1
4140,1711514.164844361,2.6831142441882125,0.22554370738580481,ok,False,True,False,1
4141,3168922.141275173,2.980149404915416,0.06744737194882798,ok,False,True,False,0
4142,2684075.630690293,2.8779929853392776,0.0876345101779315,ok,False,True,False,0
4143,3561472.1048514782,2.9629314235760082,0.16192287429545293,ok,False,True,False,0
4144,2043694.0646484587,2.944983282634106,0.09814832061331691,ok,False,True,False,0
4145,1691752.0450769467,2.679060500437722,0.20842252572828443,ok,False,True,False,1
4146,1636214.7916851614,2.962507116005484,0.2872672137364951,ok,False,True,False,1
4147,2480026.0551537853,2.9728245553809964,0.06711000220921237,ok,False,True,False,0
4148,1711514.164844361,2.7222418498575847,0.18571012037030882,ok,False,True,False,1
4149,1691752.0450769467,2.7902028121176694,0.20595544453852743,ok,False,True,False,1
4150,2179247.7266169125,2.5710425349167876,0.11956190385926202,ok,False,True,False,0
4151,2092891.9395962958,2.991153100382958,0.08143071626870158,ok,False,True,False,0
4152,1636214.7916851614,2.6103409237782715,0.27660470371479423,ok,False,True,False,1
4153,2096201.691232168,2.992640506278954,0.10057555386287476,ok,False,True,False,0
4154,2702721.83742866,2.9508017496118635,0.11009347458758484,ok,False,True,False,0
4155,1636214.7916851614,2.5691930151453395,0.23299943099066092,ok,False,True,False,1
4156,2279605.444009714,2.860774597136579,0.052492920234907925,ok,False,True,False,0
4157,2983200.3340863534,2.733312641792076,0.07827413195339938,ok,False,True,False,0
4158,2024843.1319234588,2.9417416618379653,0.06981426531454038,ok,False,True,False,0
4159,2495902.60618525,2.9360687599717377,0.08289330297521669,ok,False,True,False,0
4160,1691752.0450769467,2.7023846373776363,0.20946256825167642,ok,False,True,False,1
4161,1691752.0450769467,2.7035964446145346,0.19510168916959778,ok,False,True,False,1
4162,2020701.723481448,2.9951103259836156,0.05682899133515096,ok,False,True,False,0
4163,3353001.4565429725,2.9350671479852273,0.08031705263811262,ok,False,True,False,0
4164,2261096.193830052,2.9647142778347337,0.10613265925804025,ok,False,True,False,0
4165,2348708.294299592,2.8982072889503527,0.07916929024921504,ok,False,True,False,0
4166,2560543.558926219,2.9763437961124337,0.11033845832855238,ok,False,True,False,0
4167,2124303.202366491,2.970357174108174,0.10981822457461032,ok,False,True,False,0
4168,2026004.7678388413,2.867133670905531,0.0673631275172395,ok,False,True,False,0
4169,2050885.1107180468,2.496847925615839,0.07679262936506032,ok,False,True,False,0
4170,2237901.758245387,2.7414235438006354,0.13178622492034048,ok,False,True,False,0
4171,3284360.7292149165,2.9867892303587382,0.15129691909403098,ok,False,True,False,0
4172,1391604.936285155,2.204204592762982,0.341422279423856,ok,False,True,False,1
4173,3273547.0726456037,2.977087620246766,0.16483128181924755,ok,False,True,False,0
4174,1391604.936285155,2.6182497543918637,0.31588492243767263,ok,False,True,False,1
4175,2769368.4264938305,2.7717179556704816,0.16274725842494997,ok,False,True,False,0
4176,2010342.1702304343,2.9783463782947814,0.1142977488161857,ok,False,True,False,0
4177,2107731.156647801,2.9907258111142188,0.07538085133096556,ok,False,True,False,0
4178,2248747.188058536,2.2257168204622673,0.06847713884652415,ok,False,True,False,0
4179,2009173.9282760923,2.6740232239941646,0.07367066123407318,ok,False,True,False,0
4180,4191379.8694629506,2.8558490389928153,0.06838067741184495,ok,False,True,False,0
4181,2074464.730449879,2.969582867066948,0.18588297700719897,ok,False,True,False,1
4182,1711514.164844361,2.6156498791486777,0.22508882576895112,ok,False,True,False,1
4183,1484707.709926356,2.760499718835126,0.3231698537368815,ok,False,True,False,1
4184,1691752.0450769467,2.861477698451184,0.2117526511416009,ok,False,True,False,1
4185,4002040.510924939,2.899698173305297,0.07880689636678151,ok,False,True,False,0
4186,4121891.929553269,2.87170378731044,0.11428187698001657,ok,False,True,False,0
4187,790893.7982339282,1.842544113892565,0.4338259368437287,ok,False,True,False,1
4188,2110053.890639482,2.8778529441107152,0.05925860118897208,ok,False,True,False,0
4189,1691752.0450769467,2.832109773895766,0.22930678242956734,ok,False,True,False,1
4190,2031017.7928660042,2.644254997103646,0.08414561566912726,ok,False,True,False,0
4191,2076945.4610777623,2.977508091634999,0.16766515043274532,ok,False,True,False,0
4192,2223438.07966224,2.995762423420112,0.10185240290546227,ok,False,True,False,0
4193,2829541.338031224,2.9957916702160152,0.08525501566780719,ok,False,True,False,0
4194,2992781.7554237237,2.857473765502739,0.09136986734483332,ok,False,True,False,0
4195,1636214.7916851614,2.700470284133708,0.19232995392083033,ok,False,True,False,1
4196,2088747.6815938337,2.432088121633587,0.08034269627803747,ok,False,True,False,0
4197,2228181.145030315,2.866831074874296,0.11062245636360457,ok,False,True,False,0
4198,1711514.164844361,2.6472057864430587,0.22840579874935632,ok,False,True,False,1
4199,2041003.739598901,2.7172426180461793,0.060288541631400294,ok,False,True,False,0
4200,1636214.7916851614,2.7868052178829394,0.14094484289985676,ok,False,True,False,0
4201,2212769.7929357397,2.568678576451774,0.0530072203040918,ok,False,True,False,0
4202,1691752.0450769467,2.768061685445463,0.241781187790155,ok,False,True,False,1
4203,2020576.5765970629,2.7458483309199186,0.14385245159844506,ok,False,True,False,0
4204,1636214.7916851614,2.7533348985635664,0.21534865115809895,ok,False,True,False,1
4205,1711514.164844361,2.568607469720283,0.20874616773003246,ok,False,True,False,1
4206,2178629.1389162014,2.9937087094379606,0.11684303494388854,ok,False,True,False,0
4207,1711514.164844361,2.617581502769905,0.2124819584914812,ok,False,True,False,1
4208,1711514.164844361,2.6725801167788967,0.23734102246022093,ok,False,True,False,1
4209,2102519.7951104036,2.984036193564429,0.08944235372014764,ok,False,True,False,0
4210,2113538.6623962247,2.8126036070831084,0.1210620736603949,ok,False,True,False,0
4211,2017422.9943993804,2.7654945520337137,0.07050051770011245,ok,False,True,False,0
4212,1636214.7916851614,2.568004693439744,0.26500599607543296,ok,False,True,False,1
4213,2085415.03602558,2.9257969140540285,0.05837831888480305,ok,False,True,False,0
4214,1636214.7916851614,2.7382657423405767,0.19235331740501557,ok,False,True,False,1
4215,2035347.8198065697,2.6832930898162406,0.08432378202906854,ok,False,True,False,0
4216,2108941.0043491106,2.879886872230187,0.11820559535045178,ok,False,True,False,0
4217,2428766.3743112725,2.9750989852121275,0.12219405778092132,ok,False,True,False,0
4218,1711514.164844361,2.677109800792991,0.21579880494476436,ok,False,True,False,1
4219,2022551.2916274308,2.976228067498324,0.07340058296964008,ok,False,True,False,0
4220,1711514.164844361,2.9016469924269956,0.2600005837871091,ok,False,True,False,1
4221,2027998.7528170813,2.4257816813738544,0.05824242817446268,ok,False,True,False,0
4222,2044225.8621501138,2.736686691930781,0.09599847902741276,ok,False,True,False,0
4223,1711514.164844361,2.651907272262501,0.21734437525658998,ok,False,True,False,1
4224,1484707.709926356,2.2229126964627817,0.33995566558087914,ok,False,True,False,1
4225,1711514.164844361,2.7084303971811554,0.2175420685550871,ok,False,True,False,1
4226,2574782.6208850974,2.938999915680073,0.12886362477869245,ok,False,True,False,0
4227,2167408.3420740115,2.6961830267754783,0.09552626191632496,ok,False,True,False,0
4228,1636214.7916851614,2.591606968531665,0.2516751550773259,ok,False,True,False,1
4229,2054575.2424973783,2.7520093746439405,0.05995390990341676,ok,False,True,False,0
4230,1691752.0450769467,2.7821833006067207,0.1854117877985419,ok,False,True,False,1
4231,2061009.6727568442,2.9920003419620222,0.08244837485880852,ok,False,True,False,0
4232,2020990.1146896991,2.636271782344168,0.08482100057027475,ok,False,True,False,0
4233,2542036.8090799674,2.668919203777262,0.05976218982731139,ok,False,True,False,0
4234,2041070.1305776734,2.758885421191472,0.1331285962458157,ok,False,True,False,0
4235,2021994.8324756187,2.7932578412855973,0.10275113859820939,ok,False,True,False,0
4236,1636214.7916851614,2.794469314652263,0.24008854876025637,ok,False,True,False,1
4237,3376191.0635142187,2.9961211885385133,0.26095377997961244,ok,False,True,False,1
4238,3162242.2447106,2.9562039008138514,0.25010016610961405,ok,False,True,False,1
4239,1691752.0450769467,2.6018104714022248,0.2784812452163276,ok,False,True,False,1
4240,2093996.6626454913,2.9653288777172246,0.09677671706514501,ok,False,True,False,0
4241,2120906.995471775,2.9710597502869103,0.1013712980303309,ok,False,True,False,0
4242,2052319.7631617172,2.764632757739281,0.10333283155726058,ok,False,True,False,0
4243,1691752.0450769467,2.8548095997595073,0.23888752278069644,ok,False,True,False,1
4244,2945625.2241292843,2.993678654498519,0.15762937334992538,ok,False,True,False,0
4245,1636214.7916851614,2.5856524174294533,0.19820549669919696,ok,False,True,False,1
4246,2149848.2202864913,2.3905111716387433,0.04770466860998393,ok,False,True,False,0
4247,2011778.1050098096,2.9419432462097523,0.09044736180394924,ok,False,True,False,0
4248,1636214.7916851614,2.7740237441158953,0.20820410276656565,ok,False,True,False,1
4249,1691752.0450769467,2.6058099519953846,0.22361297803209476,ok,False,True,False,1
4250,1691752.0450769467,2.7371152689942058,0.1952486936035073,ok,False,True,False,1
4251,2408351.643603176,2.7434563952272253,0.04942354767627986,ok,False,True,False,0
4252,1636214.7916851614,2.7484295254675466,0.2866215248805157,ok,False,True,False,1
4253,2014309.4356765512,2.706083414882066,0.10030445377429575,ok,False,True,False,0
4254,1691752.0450769467,2.883982396268557,0.23976296842806327,ok,False,True,False,1
4255,2091957.6419345962,2.990615383516513,0.08972636881317408,ok,False,True,False,0
4256,1636214.7916851614,2.827836936186501,0.2656302429619493,ok,False,True,False,1
4257,1711514.164844361,2.7886629908231457,0.20132575718905432,ok,False,True,False,1
4258,2556833.0034186007,2.9704272843159667,0.12401205840110972,ok,False,True,False,0
4259,2644777.367099991,2.9800988030639197,0.07142028154422586,ok,False,True,False,0
4260,2142016.1731406874,2.99078669454604,0.14414906160300978,ok,False,True,False,0
4261,2017119.0039151567,2.820765233122105,0.060535600470609796,ok,False,True,False,0
4262,2805175.906302251,2.9154753011342236,0.10495233725836929,ok,False,True,False,0
4263,2044030.5464560965,2.7697982591513903,0.07570739641102853,ok,False,True,False,0
4264,2766475.2836650554,2.998982634927978,0.07700266715593551,ok,False,True,False,0
4265,2186351.3837857204,2.959077464832433,0.07546848109000681,ok,False,True,False,0
4266,1691752.0450769467,2.8659597561573484,0.25882922406120057,ok,False,True,False,1
4267,2035393.274891278,2.996411423085461,0.11731809875091437,ok,False,True,False,0
4268,2263378.186512678,2.6653519111018547,0.07716106057708139,ok,False,True,False,0
4269,3110578.327711232,2.693769338186855,0.12930380034285838,ok,False,True,False,0
4270,1636214.7916851614,2.672991847878241,0.20298158572181912,ok,False,True,False,1
4271,2743990.6177542317,2.9926660856314338,0.07186875861335751,ok,False,True,False,0
4272,2020904.4542022396,2.93803236906868,0.1218092661299256,ok,False,True,False,0
4273,1691752.0450769467,2.6794959734505794,0.19238835726313636,ok,False,True,False,1
4274,2093282.2007056929,2.779624271825452,0.05558947307168832,ok,False,True,False,0
4275,2070964.7921961655,2.873145170496324,0.04935469967151396,ok,False,True,False,0
4276,5102733.453532862,2.443995392599879,0.09436678211931859,ok,False,True,False,0
4277,3028838.3197841453,2.969176812873675,0.16477374605682193,ok,False,True,False,0
4278,1636214.7916851614,2.7451046055940616,0.2890150694619457,ok,False,True,False,1
4279,2300650.1243605614,2.997069970356656,0.1227842264013761,ok,False,True,False,0
4280,2138943.7887600474,2.9642318721148544,0.06240756991276353,ok,False,True,False,0
4281,2241062.6583206984,2.998967943283766,0.13838096345753886,ok,False,True,False,0
4282,1711514.164844361,2.970463901739727,0.2287746945744273,ok,False,True,False,1
4283,3388588.250215513,2.957509960113822,0.11349144318568016,ok,False,True,False,0
4284,2325147.379544189,2.6719113200469042,0.12071919115447882,ok,False,True,False,0
4285,2834757.3967819395,2.437110669214907,0.11507118329245636,ok,False,True,False,0
4286,1691752.0450769467,2.647396751062307,0.29790361746966054,ok,False,True,False,1
4287,3303806.9687194447,2.9877808527912126,0.078664310600846,ok,False,True,False,0
4288,3992660.4473580588,2.905370985678644,0.17685614507554515,ok,False,True,False,1
4289,2170468.706145806,2.624861950193451,0.05776081628862639,ok,False,True,False,0
4290,2012677.935808074,2.9622493479564778,0.08662438795395921,ok,False,True,False,0
4291,2311727.4275071877,2.9766587601435255,0.10516085884448934,ok,False,True,False,0
4292,1636214.7916851614,2.56427644822298,0.26551275738624935,ok,False,True,False,1
4293,2071847.1684444086,2.9763263002079974,0.15456297528423507,ok,False,True,False,0
4294,1484707.709926356,2.407261205824116,0.30554608765257324,ok,False,True,False,1
4295,2036408.539648765,2.912222503603091,0.055648843731753495,ok,False,True,False,0
4296,3612253.7924306574,2.8542530039278966,0.13906894570576667,ok,False,True,False,0
4297,4421481.256355683,2.410620908459647,0.2194639781999458,ok,False,True,False,1
4298,2077791.611467786,2.991703883480773,0.12934278447393732,ok,False,True,False,0
4299,1691752.0450769467,2.6122935686893847,0.24092190821483153,ok,False,True,False,1
4300,1691752.0450769467,2.872740777763763,0.13227968742014215,ok,False,True,False,0
4301,1691752.0450769467,2.8034822420009218,0.18335579310084527,ok,False,True,False,1
4302,2093565.3475562774,2.991593303627499,0.12681429710658604,ok,False,True,False,0
4303,1691752.0450769467,2.6642992532597605,0.21242358753147667,ok,False,True,False,1
4304,2129109.265154861,2.988127967795224,0.13214577317609943,ok,False,True,False,0
4305,2582797.4205194176,2.5050199010382017,0.07037076459081881,ok,False,True,False,0
4306,2343757.0464601344,2.9782139966031114,0.08869780431771679,ok,False,True,False,0
4307,3730594.094102579,2.39354328859202,0.09236243431935764,ok,False,True,False,0
4308,1484707.709926356,2.7609546574722437,0.34439788734566923,ok,False,True,False,1
4309,2020938.3249520066,2.612520918784533,0.05427582061309044,ok,False,True,False,0
4310,2142576.4046967733,2.9946216931221405,0.09307929689944039,ok,False,True,False,0
4311,2240178.6744944383,2.983413503928332,0.07751130923725333,ok,False,True,False,0
4312,2301796.6288319705,2.7547003569067217,0.07746300959424801,ok,False,True,False,0
4313,2082404.3330647699,2.9962913624920335,0.11574708873457418,ok,False,True,False,0
4314,2049459.0112357093,2.7839215036629823,0.07496438999844973,ok,False,True,False,0
4315,2149424.337360709,2.597606313052519,0.06442930241615158,ok,False,True,False,0
4316,2049173.7356628007,2.973239002624203,0.08583650826729483,ok,False,True,False,0
4317,2082978.0236696503,2.8486549003942416,0.13939958784738127,ok,False,True,False,0
4318,2020602.2602503086,2.918108944169647,0.10218420209352697,ok,False,True,False,0
4319,1391604.936285155,2.657449972376079,0.36571109505741156,ok,False,True,False,1
4320,1391604.936285155,2.398332125378759,0.32525906668908533,ok,False,True,False,1
4321,1691752.0450769467,2.7223707754302797,0.20255123626744548,ok,False,True,False,1
4322,2841350.6193031017,2.960163709969448,0.1504645736256777,ok,False,True,False,0
4323,1691752.0450769467,2.747220714853275,0.2308967661783645,ok,False,True,False,1
4324,2038623.7870133219,2.485439823699801,0.07417261163361333,ok,False,True,False,0
4325,2889419.8372111125,2.979221616249009,0.11391212918308335,ok,False,True,False,0
4326,2644754.4422932123,2.9826766433486394,0.08581392214472394,ok,False,True,False,0
4327,1691752.0450769467,2.807458544470066,0.19326652159256055,ok,False,True,False,1
4328,2253319.3670145795,2.9771144577590816,0.10166582864860374,ok,False,True,False,0
4329,1636214.7916851614,2.608945101232181,0.26820844863991944,ok,False,True,False,1
4330,2257052.8798562265,2.9003823459593736,0.06709894755981494,ok,False,True,False,0
4331,3980062.662675079,2.808865928905979,0.14100823749499303,ok,False,True,False,0
4332,2389128.3904259396,2.959737045820122,0.1510873427811939,ok,False,True,False,0
4333,1636214.7916851614,2.949720453122886,0.2871444221663758,ok,False,True,False,1
4334,1484707.709926356,2.437264109617523,0.29948892655568105,ok,False,True,False,1
4335,2085116.8112393185,2.916708448004696,0.06414453910029028,ok,False,True,False,0
4336,2009629.5739889112,2.5622405496684193,0.05447738854522166,ok,False,True,False,0
4337,2016759.5403245261,2.794136681336173,0.07873679115539478,ok,False,True,False,0
4338,2938630.957044547,2.887428015476935,0.1480818806060561,ok,False,True,False,0
4339,1636214.7916851614,2.8471268838894233,0.22606897070854387,ok,False,True,False,1
4340,2265763.424522835,2.9940080292423206,0.13131206963451142,ok,False,True,False,0
4341,2020672.11855146,2.7544829193779545,0.06944450051841855,ok,False,True,False,0
4342,2012619.5776448902,2.9268020827979235,0.08687794185818487,ok,False,True,False,0
4343,2685720.5759342494,2.904989481619156,0.12010144108905008,ok,False,True,False,0
4344,2084442.5854342538,2.9837893303449707,0.06300844477452461,ok,False,True,False,0
4345,1691752.0450769467,2.793330406078548,0.20077399101464316,ok,False,True,False,1
4346,1636214.7916851614,2.580720752459311,0.2632078161295515,ok,False,True,False,1
4347,2021255.3874622704,2.9145866563587233,0.17587411640938286,ok,False,True,False,1
4348,1691752.0450769467,2.648658247492103,0.18928676179651271,ok,False,True,False,1
4349,2016183.645534544,2.8500245944474116,0.07296431386069868,ok,False,True,False,0
4350,2216086.376327498,2.9997433591527596,0.09110288952630036,ok,False,True,False,0
4351,2065974.2716997257,2.8365697141081627,0.08561574360873603,ok,False,True,False,0
4352,1711514.164844361,2.7408421513705266,0.21290882052136156,ok,False,True,False,1
4353,1711514.164844361,2.631602083036415,0.23852609529644414,ok,False,True,False,1
4354,2224517.170096991,2.380269717310639,0.07256840937888698,ok,False,True,False,0
4355,2625765.467700249,2.9515993296291856,0.055730821387203755,ok,False,True,False,0
4356,2082153.3093490375,2.9974083656206845,0.08032567608390762,ok,False,True,False,0
4357,1391604.936285155,2.6531124882175994,0.2321964907619713,ok,False,True,False,1
4358,2046078.3850198195,2.656567383261935,0.08039956039559071,ok,False,True,False,0
4359,2931916.692294071,2.7235045372715314,0.09951105065024157,ok,False,True,False,0
4360,2032248.2849598026,2.9625153485758187,0.05919288449060858,ok,False,True,False,0
4361,1484707.709926356,2.5866206147120128,0.27348186019582166,ok,False,True,False,1
4362,2240610.7376167574,2.9955521263885747,0.14383367197768132,ok,False,True,False,0
4363,2511216.0979248034,2.7043261008734083,0.08286780916045722,ok,False,True,False,0
4364,2158909.132874244,2.8915470279886657,0.06642396630666936,ok,False,True,False,0
4365,2050042.8220149118,2.9782269448616736,0.11357612413487889,ok,False,True,False,0
4366,2066035.7368363792,2.9445879055580066,0.07098983146838378,ok,False,True,False,0
4367,2074167.7242753222,2.8172559654174645,0.08694971623001646,ok,False,True,False,0
4368,2687543.533124783,2.592331145871488,0.07001236491059282,ok,False,True,False,0
4369,2014904.570773804,2.9460454189488874,0.10137501945869853,ok,False,True,False,0
4370,1636214.7916851614,2.6886629999522107,0.26992727108596465,ok,False,True,False,1
4371,2038489.5469958321,2.856764848915252,0.1423426090150962,ok,False,True,False,0
4372,1484707.709926356,2.363803735002293,0.3161268891737205,ok,False,True,False,1
4373,1691752.0450769467,2.607462080824554,0.23802139661463442,ok,False,True,False,1
4374,2671121.4603964817,2.784248917080706,0.10761894401840577,ok,False,True,False,0
4375,2545266.610636015,2.9386018379950927,0.08290933026209357,ok,False,True,False,0
4376,1484707.709926356,2.8893297015936885,0.34151911778244476,ok,False,True,False,1
4377,2040427.3415558918,2.997632270041413,0.12378851232141286,ok,False,True,False,0
4378,2016581.6770833512,2.708613260934375,0.10465935328331794,ok,False,True,False,0
4379,1636214.7916851614,2.6395623304621276,0.18852779600792133,ok,False,True,False,1
4380,2018503.0940906056,2.8172009956852735,0.1376628651242639,ok,False,True,False,0
4381,2062039.2926558016,2.985219584761442,0.08584224705278665,ok,False,True,False,0
4382,2098018.3145842785,2.91231793048544,0.07749282092291276,ok,False,True,False,0
4383,2015118.4025625277,2.89481039235598,0.08431259280691039,ok,False,True,False,0
4384,2031079.9130828925,2.6128080984598414,0.11014693723896996,ok,False,True,False,0
4385,1636214.7916851614,2.5875158611939857,0.10248102101399381,ok,False,True,False,0
4386,1711514.164844361,2.7713056060558854,0.23246487297240084,ok,False,True,False,1
4387,1691752.0450769467,2.7898295827709143,0.25039760184636195,ok,False,True,False,1
4388,2020329.212552051,2.7107353383650645,0.0676271413470998,ok,False,True,False,0
4389,2069863.7127281437,2.6994858782716618,0.07358714205764594,ok,False,True,False,0
4390,2036274.9047061235,2.7564924251725302,0.06106851741153002,ok,False,True,False,0
4391,2019314.6967286286,2.952318194233038,0.06654431491472224,ok,False,True,False,0
4392,2043217.7897493364,2.792953682544764,0.09410576142868585,ok,False,True,False,0
4393,2399091.625481017,2.811863296762805,0.059156676489031,ok,False,True,False,0
4394,2071048.7682943556,2.937517215861285,0.07489968046494722,ok,False,True,False,0
4395,1691752.0450769467,2.840684168879801,0.20997322865627183,ok,False,True,False,1
4396,2166391.278793163,2.498945592867536,0.04457312531869839,ok,False,True,False,0
4397,2085287.340680808,2.733224183510358,0.06717391872993189,ok,False,True,False,0
4398,2827874.585696155,2.9518059743083116,0.08470478234828815,ok,False,True,False,0
4399,2285017.5808544476,2.7150764041265516,0.09901843785269629,ok,False,True,False,0
4400,2042236.8453278327,2.812599517685304,0.06851036094263402,ok,False,True,False,0
4401,2409310.1817800044,2.9908752006483748,0.10731166152562982,ok,False,True,False,0
4402,2013674.2366126394,2.540925444441826,0.10710571818182002,ok,False,True,False,0
4403,3715196.255881667,2.7908290005828,0.215210502654132,ok,False,True,False,1
4404,1691752.0450769467,2.698084456304775,0.23641545332123642,ok,False,True,False,1
4405,2028005.886250612,2.920601240675331,0.11349058909182291,ok,False,True,False,0
4406,2505260.7686481625,2.9879199744584515,0.0988413852274978,ok,False,True,False,0
4407,2671339.9469809537,2.95379552293599,0.10611830075024875,ok,False,True,False,0
4408,2047006.5817202537,2.9438509493341973,0.06022002191218423,ok,False,True,False,0
4409,2120956.084103203,2.8302702216904336,0.08720946033316901,ok,False,True,False,0
4410,2074731.9902824312,2.5997833967400057,0.06964912585570637,ok,False,True,False,0
4411,2220622.3617776134,2.400531297692913,0.0830598556038099,ok,False,True,False,0
4412,1636214.7916851614,2.511556894539242,0.22755074402217598,ok,False,True,False,1
4413,1711514.164844361,2.628117910114051,0.24396875666828627,ok,False,True,False,1
4414,4048335.2153153666,2.919148339404657,0.08699294257102785,ok,False,True,False,0
4415,2065167.2215415586,2.813210508969017,0.12707816616278178,ok,False,True,False,0
4416,2049906.3323091874,2.900804623538935,0.056008002734397044,ok,False,True,False,0
4417,3170399.9002780137,2.895581864356754,0.12705547227348513,ok,False,True,False,0
4418,2090276.0419886056,2.905394765379917,0.11064328284594704,ok,False,True,False,0
4419,2059623.7687484855,2.98762919286637,0.11850195121984641,ok,False,True,False,0
4420,2097465.5881511895,2.742232692825631,0.08607633045891538,ok,False,True,False,0
4421,2013753.106528231,2.755892220369859,0.15187134855880058,ok,False,True,False,0
4422,2016035.1401880102,2.883468947155248,0.08300170709495802,ok,False,True,False,0
4423,3121943.5630933293,2.9936959975580306,0.0775307605122929,ok,False,True,False,0
4424,1691752.0450769467,2.7738234069436403,0.23951758893822467,ok,False,True,False,1
4425,3244263.9537015157,2.966963561737268,0.10428887311920909,ok,False,True,False,0
4426,3165668.795652659,2.9506001484239888,0.11013697017052926,ok,False,True,False,0
4427,2251549.3166347123,2.999551535631802,0.09772199662957959,ok,False,True,False,0
4428,2034732.3212700065,2.79822721558046,0.07088980391666785,ok,False,True,False,0
4429,2951945.894819136,2.71002873040266,0.06894219104839883,ok,False,True,False,0
4430,1391604.936285155,2.534346144489608,0.33101732402913087,ok,False,True,False,1
4431,2040463.6170210997,2.8455355913132117,0.07158542882343999,ok,False,True,False,0
4432,2058132.774921773,2.8828954628019163,0.06483821857465044,ok,False,True,False,0
4433,1636214.7916851614,2.645897962282649,0.19611904771647956,ok,False,True,False,1
4434,2037584.422312715,2.603270136998601,0.08662287385125167,ok,False,True,False,0
4435,1636214.7916851614,2.6892861032565323,0.27712637462523915,ok,False,True,False,1
4436,1711514.164844361,2.70811212803046,0.22826170509185456,ok,False,True,False,1
4437,2118385.2403606707,2.743028697742318,0.07729859727465638,ok,False,True,False,0
4438,1691752.0450769467,2.791724599544274,0.16083335203459687,ok,False,True,False,0
4439,3285589.275537424,2.9211676545926473,0.1099937497564285,ok,False,True,False,0
4440,1691752.0450769467,2.5451857958730835,0.2098762817078299,ok,False,True,False,1
4441,1636214.7916851614,2.9151562459764153,0.23778351486564242,ok,False,True,False,1
4442,2013582.261955428,2.622680979915513,0.08801469949560159,ok,False,True,False,0
4443,4312785.739652004,2.3690053496094228,0.23686487709563242,ok,False,True,False,1
4444,1691752.0450769467,2.6016273260212586,0.2370919864221936,ok,False,True,False,1
4445,1691752.0450769467,2.7928663945721746,0.2588839646959556,ok,False,True,False,1
4446,1711514.164844361,2.778725968970181,0.14306595770719568,ok,False,True,False,0
4447,2015287.2386573164,2.9467296607467985,0.04097468393482262,ok,False,True,False,0
4448,2033422.5730809784,2.9079961178911096,0.13374854479745446,ok,False,True,False,0
4449,2059409.675419371,2.9758773383726895,0.11680382999661376,ok,False,True,False,0
4450,2462895.7162079387,2.9580095318540027,0.13509959651508935,ok,False,True,False,0
4451,2049470.6548603487,2.8644920466250356,0.08619954686632797,ok,False,True,False,0
4452,3860790.512668093,2.9546285569047464,0.11891519606531237,ok,False,True,False,0
4453,1636214.7916851614,2.5720733932509923,0.256889394597603,ok,False,True,False,1
4454,1636214.7916851614,2.820946772624873,0.21583838399061733,ok,False,True,False,1
4455,2076538.1995518561,2.9935460444739594,0.11730093741999548,ok,False,True,False,0
4456,2029292.1776241106,2.746009893980605,0.0827200921643233,ok,False,True,False,0
4457,2313128.940243286,2.9961559098199433,0.11541222813908991,ok,False,True,False,0
4458,1636214.7916851614,2.7836357102121134,0.16104634996714093,ok,False,True,False,0
4459,1636214.7916851614,2.688832113709088,0.2081564967446597,ok,False,True,False,1
4460,1484707.709926356,2.6978257650920603,0.23776249194883434,ok,False,True,False,1
4461,2255944.252955526,2.418266876904335,0.07537254271484517,ok,False,True,False,0
4462,1691752.0450769467,2.6754344316910528,0.2279608539029334,ok,False,True,False,1
4463,2383493.990564606,2.9625773240442386,0.1337374579581455,ok,False,True,False,0
4464,1691752.0450769467,2.644522552043909,0.2251003233362519,ok,False,True,False,1
4465,2318806.6359710605,2.9982735538709036,0.055682662971308916,ok,False,True,False,0
4466,2012163.5485311614,2.8413494017892784,0.07305655503369024,ok,False,True,False,0
4467,2038290.8061804415,2.811507164619143,0.05929740497946745,ok,False,True,False,0
4468,2041396.9970492998,2.8359886305110233,0.06285265003181609,ok,False,True,False,0
4469,3660473.587856598,2.989901530037063,0.14209832722342053,ok,False,True,False,0
4470,1636214.7916851614,2.5624321151722196,0.22681589148700168,ok,False,True,False,1
4471,2630215.8456813954,2.971892252007666,0.13843167726166028,ok,False,True,False,0
4472,1636214.7916851614,2.679894289056513,0.2192273418135181,ok,False,True,False,1
4473,2098047.919563706,2.998866567864122,0.07087879552539211,ok,False,True,False,0
4474,2151542.7448903774,2.8032257183746023,0.074856455649358,ok,False,True,False,0
4475,4399011.528021235,2.5352003238935463,0.24012512521698992,ok,False,True,False,1
4476,1691752.0450769467,2.9941663812614907,0.22776989776893591,ok,False,True,False,1
4477,2045301.8312427797,2.9450056587806674,0.10177964939388806,ok,False,True,False,0
4478,2048570.9586477033,2.964868409914061,0.11285405885496957,ok,False,True,False,0
4479,2311144.907439491,2.9505091762254083,0.05729462648219902,ok,False,True,False,0
4480,2310350.429153454,2.988056510701109,0.09103589158207061,ok,False,True,False,0
4481,2213563.654961438,2.971935936617373,0.10158167532680473,ok,False,True,False,0
4482,2073985.077479796,2.751688319695135,0.11055558877632726,ok,False,True,False,0
4483,2064949.1259750938,2.9876348877980172,0.07717705236568428,ok,False,True,False,0
4484,2028290.6048073436,2.9986295736820887,0.060989558258164545,ok,False,True,False,0
4485,2147471.6811247417,2.7879405693530535,0.07513628066673705,ok,False,True,False,0
4486,1691752.0450769467,2.75708708155946,0.20244694379980904,ok,False,True,False,1
4487,2063685.135704273,2.8383453806812216,0.0816605069221385,ok,False,True,False,0
4488,2025368.6821090858,2.8499811898953675,0.11907948396261192,ok,False,True,False,0
4489,2101455.268348065,2.9793381188382257,0.10927658209294389,ok,False,True,False,0
4490,1691752.0450769467,2.7559752020973516,0.23465998880059336,ok,False,True,False,1
4491,2288252.238994208,2.9803811860553484,0.12098977906245206,ok,False,True,False,0
4492,2114668.8055698187,2.977157887096417,0.09742348083049651,ok,False,True,False,0
4493,1691752.0450769467,2.8480805723316687,0.24031404324394118,ok,False,True,False,1
4494,3224328.67950323,2.8628620472552555,0.08136791109565278,ok,False,True,False,0
4495,2051521.246231668,2.783041460238011,0.05834029909867566,ok,False,True,False,0
4496,1691752.0450769467,2.6800108689054234,0.22928166660360472,ok,False,True,False,1
4497,2209480.434044887,2.8504114182299163,0.05053205371241115,ok,False,True,False,0
4498,4465554.689565502,2.9912177714693233,0.1226058045940987,ok,False,True,False,0
4499,2732872.9749933584,2.740160116907735,0.09257048604991724,ok,False,True,False,0
4500,2027540.7705107685,2.9567235859315693,0.115202122504105,ok,False,True,False,0
4501,2016393.238358937,2.821044491936314,0.10673718783981673,ok,False,True,False,0
4502,2920262.089250231,2.9779884648963075,0.14406312205751248,ok,False,True,False,0
4503,3289736.0453868033,2.921148207484996,0.14005016959587735,ok,False,True,False,0
4504,2203250.868251388,2.619247848603033,0.08919138025252527,ok,False,True,False,0
4505,1691752.0450769467,2.8134741868756645,0.21827866739399512,ok,False,True,False,1
4506,1691752.0450769467,2.7364007171693423,0.19562213596080014,ok,False,True,False,1
4507,2136185.0813312037,2.8932627495476604,0.09138925638677953,ok,False,True,False,0
4508,6687645.361849104,2.9397001271967955,0.13850177932400887,ok,False,True,False,0
4509,2447756.4393389313,2.9535422343910334,0.11360414162864685,ok,False,True,False,0
4510,2417713.7799748983,2.7600501380989906,0.06601760159199788,ok,False,True,False,0
4511,2160216.050412683,2.7881395621146603,0.05931818613663109,ok,False,True,False,0
4512,1711514.164844361,2.637094928462705,0.22836230853403086,ok,False,True,False,1
4513,3528315.369458958,2.636663171495041,0.12359342611298507,ok,False,True,False,0
4514,3520573.942948742,2.7303099595692077,0.11973512439847595,ok,False,True,False,0
4515,2020360.8426653016,2.802329179415872,0.0991841739746071,ok,False,True,False,0
4516,4947635.581464504,2.721073741600261,0.07110144479097569,ok,False,True,False,0
4517,1636214.7916851614,2.7279043294579512,0.2121426945556221,ok,False,True,False,1
4518,2199976.9118497022,2.644303245558125,0.1245810483680313,ok,False,True,False,0
4519,3145833.9985855883,2.9721764606423333,0.1951378005718739,ok,False,True,False,1
4520,1636214.7916851614,2.622007183334571,0.1762350415188674,ok,False,True,False,1
4521,2052108.7953692386,2.9960527340740013,0.04021010473016684,ok,False,True,False,0
4522,2018920.5907215534,2.663323453699734,0.09721884507589551,ok,False,True,False,0
4523,2401972.4063028656,2.816788203008051,0.1008202573191953,ok,False,True,False,0
4524,1711514.164844361,2.5314344310329795,0.258669838275829,ok,False,True,False,1
4525,2042336.6786990634,2.672598197834306,0.0651459831112135,ok,False,True,False,0
4526,2103808.0363513413,2.897600699215463,0.0752970645324797,ok,False,True,False,0
4527,3795697.5937121613,2.9541076373941557,0.22468423201849685,ok,False,True,False,1
4528,3059211.530659004,2.9821226725191723,0.1034107487986885,ok,False,True,False,0
4529,2070851.341711423,2.7087246074126634,0.09250717170356018,ok,False,True,False,0
4530,2719248.786263867,2.978134926875825,0.09315542732252935,ok,False,True,False,0
4531,6208744.359672087,2.9534979700428172,0.22968952410988774,ok,False,True,False,1
4532,2106868.4036454814,2.9835640290734347,0.07207142263604788,ok,False,True,False,0
4533,2013373.3067756544,2.6017719239314383,0.09846382642205609,ok,False,True,False,0
4534,2043903.3760870309,2.811783707573358,0.11191926676539377,ok,False,True,False,0
4535,3458307.96830427,2.426721971895093,0.14918462005640587,ok,False,True,False,0
4536,2171384.8627409344,2.995790610136287,0.062051358523087075,ok,False,True,False,0
4537,2557255.9613985866,2.9737495909340677,0.0604263527981414,ok,False,True,False,0
4538,2121994.9054954415,2.978237067509881,0.11691814605969297,ok,False,True,False,0
4539,2064190.9486844242,2.983616160729878,0.07726489531418768,ok,False,True,False,0
4540,2052672.7296540604,2.864152510275773,0.13983551833161245,ok,False,True,False,0
4541,1711514.164844361,2.981954199797827,0.23233598280308318,ok,False,True,False,1
4542,2426516.0714794826,2.9726505402412675,0.09802626589441754,ok,False,True,False,0
4543,2840889.6809449713,2.989796324157,0.10768764223881766,ok,False,True,False,0
4544,1691752.0450769467,2.8148253634099607,0.21990734851895546,ok,False,True,False,1
4545,3193606.520050862,2.934650265841234,0.15182952009401574,ok,False,True,False,0
4546,4317426.299024561,2.9461894856589192,0.09023911082812797,ok,False,True,False,0
4547,4616757.96511321,2.9317887824580904,0.16900582841020606,ok,False,True,False,0
4548,2077610.0003430445,2.97981326424698,0.07635931167069587,ok,False,True,False,0
4549,2008393.5416503889,2.677395503963958,0.13535845305201882,ok,False,True,False,0
4550,1636214.7916851614,2.4587134131121777,0.15116806141089606,ok,False,True,False,0
4551,1711514.164844361,2.7145287384878176,0.1792350701075101,ok,False,True,False,1
4552,1691752.0450769467,2.747200029040677,0.23220156855062873,ok,False,True,False,1
4553,2242148.354592964,2.878800112373181,0.11546019379016076,ok,False,True,False,0
4554,1691752.0450769467,2.934010678273828,0.2736220954876644,ok,False,True,False,1
4555,2264538.421993826,2.8857736489430583,0.051806925724187214,ok,False,True,False,0
4556,2096375.565473745,2.5748265049827888,0.05642270915697711,ok,False,True,False,0
4557,2498381.030678963,2.994495798383161,0.11188888710860923,ok,False,True,False,0
4558,2109525.0450601983,2.9899481812102717,0.05714462803422504,ok,False,True,False,0
4559,2787255.6332585765,2.5460363898177154,0.08554816129763687,ok,False,True,False,0
4560,2026670.814778045,2.840079920728673,0.08087990091331754,ok,False,True,False,0
4561,3809446.34954212,2.9558560415846467,0.20954453213650104,ok,False,True,False,1
4562,2889831.858643266,2.977449102328791,0.19369555716781228,ok,False,True,False,1
4563,2948149.9153673854,2.909011396058844,0.19330056211316493,ok,False,True,False,1
4564,2149142.6751183784,2.930373677644726,0.07388559447159715,ok,False,True,False,0
4565,2024690.284186684,2.5813000709959963,0.12548193768579086,ok,False,True,False,0
4566,2015934.8778136463,2.895858724594218,0.0735644384687989,ok,False,True,False,0
4567,2164996.865406189,2.714321129096808,0.05866473241989792,ok,False,True,False,0
4568,2029872.7003295256,2.8855918453925353,0.07658233812932924,ok,False,True,False,0
4569,1636214.7916851614,2.5531759010284407,0.20023193081504098,ok,False,True,False,1
4570,3974530.1696894835,2.8683415044071947,0.14831193225403616,ok,False,True,False,0
4571,2017730.8594371828,2.796372416773237,0.08603962441376467,ok,False,True,False,0
4572,3712808.1064722496,2.88256312879205,0.11078676498178303,ok,False,True,False,0
4573,2028547.4653717435,2.772515665436676,0.09977723704884456,ok,False,True,False,0
4574,1711514.164844361,2.5588677885116056,0.22859305499647325,ok,False,True,False,1
4575,1691752.0450769467,2.575469095063915,0.23459318924989672,ok,False,True,False,1
4576,2012621.1799492186,2.765868658127523,0.08463303469049777,ok,False,True,False,0
4577,3006314.411638511,2.6857159529464076,0.06306924471198111,ok,False,True,False,0
4578,2184921.8711871724,2.994665867245631,0.11982399169272603,ok,False,True,False,0
4579,1691752.0450769467,2.8189841039028316,0.2030925975674934,ok,False,True,False,1
4580,3225344.8839028524,2.947352024628242,0.148514239938496,ok,False,True,False,0
4581,1711514.164844361,2.7000343148891077,0.240867852765295,ok,False,True,False,1
4582,2013278.4064442904,2.986871499142933,0.07667995128076027,ok,False,True,False,0
4583,1691752.0450769467,2.666420982818003,0.21279873592258675,ok,False,True,False,1
4584,2479238.601797568,2.896769166933625,0.06893002107495916,ok,False,True,False,0
4585,2141344.7951973607,2.9931164331206217,0.08534233019164994,ok,False,True,False,0
4586,2278353.711922347,2.9667339048124255,0.08023135455438368,ok,False,True,False,0
4587,2340517.545059204,2.7351258300132404,0.057805308437759106,ok,False,True,False,0
4588,2015039.2595966181,2.43021201797628,0.11855749842276797,ok,False,True,False,0
4589,2073163.6094553561,2.9739968632903144,0.07395360297380338,ok,False,True,False,0
4590,2014531.7194238657,2.9390260571778484,0.10454915804020048,ok,False,True,False,0
4591,2027507.7227798596,2.9384331700143473,0.09707121159839505,ok,False,True,False,0
4592,2295674.299422312,2.9692404502668435,0.08733917443892031,ok,False,True,False,0
4593,2027946.568025735,2.994435310396075,0.11867200656377408,ok,False,True,False,0
4594,2838786.5743509918,2.894581852381231,0.09263304360202196,ok,False,True,False,0
4595,2127162.6409598626,2.7998456918865737,0.1083785386571825,ok,False,True,False,0
4596,4010059.4422995355,2.8634569066239286,0.09964003659547777,ok,False,True,False,0
4597,2048919.326410039,2.9843137683633087,0.07627808582722935,ok,False,True,False,0
4598,1636214.7916851614,2.724916082651715,0.25514480206604473,ok,False,True,False,1
4599,2013882.2501740726,2.652071932549992,0.07325853328534526,ok,False,True,False,0
4600,2319013.3570997054,2.917610019493967,0.06896305555056093,ok,False,True,False,0
4601,2047540.744637337,2.899606355308394,0.07576704074064444,ok,False,True,False,0
4602,2060755.3605534662,2.79147725278189,0.12624826668042843,ok,False,True,False,0
4603,2036391.1246959036,2.9023321000925346,0.07249585421898508,ok,False,True,False,0
4604,2036677.105220156,2.776139302229563,0.06564275063673297,ok,False,True,False,0
4605,1711514.164844361,2.6134320414097063,0.21670737914792562,ok,False,True,False,1
4606,2051927.5599192437,2.9386971820714543,0.0760563692280043,ok,False,True,False,0
4607,2011994.8658904051,2.6041336475996735,0.12342408509454428,ok,False,True,False,0
4608,1691752.0450769467,2.5430464800045294,0.23088719850357975,ok,False,True,False,1
4609,2133190.641955398,2.995277007229758,0.09568603562831493,ok,False,True,False,0
4610,1636214.7916851614,2.6346755133118194,0.18907189531744897,ok,False,True,False,1
4611,2566804.433821325,2.78650428079251,0.08767101286639806,ok,False,True,False,0
4612,2093366.2041987863,2.650337263317142,0.15901754675271157,ok,False,True,False,0
4613,1691752.0450769467,2.6918063251778923,0.21741169874673405,ok,False,True,False,1
4614,1691752.0450769467,2.9622788128659736,0.2994212847835216,ok,False,True,False,1
4615,2065794.4649776265,2.9127479945940853,0.1150711125764412,ok,False,True,False,0
4616,2060942.6667176392,2.7778163333445867,0.09147767204325984,ok,False,True,False,0
4617,1636214.7916851614,2.648211006392396,0.17905319964318633,ok,False,True,False,1
4618,2326599.069343244,2.9495881310735443,0.1411763338680077,ok,False,True,False,0
4619,1711514.164844361,2.7481442737275685,0.2374587075506013,ok,False,True,False,1
4620,2789478.3112799847,2.9670079312457673,0.10523860653463185,ok,False,True,False,0
4621,2036325.4886460763,2.9235541188403347,0.07969516439040214,ok,False,True,False,0
4622,2030616.9068759927,2.9194624023122655,0.08735468696046544,ok,False,True,False,0
4623,1691752.0450769467,2.7533067946977727,0.18336066876264612,ok,False,True,False,1
4624,2928920.5294700675,2.385256744619183,0.07102404566610199,ok,False,True,False,0
4625,2016097.7785755096,2.6813620703845586,0.09470685450167737,ok,False,True,False,0
4626,2041448.0240673283,2.5935651130326347,0.049011242150352796,ok,False,True,False,0
4627,2017484.2543785605,2.9742670033891976,0.05793226260964757,ok,False,True,False,0
4628,2482752.9644208606,2.5564569394513583,0.08489919467976609,ok,False,True,False,0
4629,2026268.8735736709,2.798210506986927,0.09968293750892865,ok,False,True,False,0
4630,2092365.8720553948,2.98874079043041,0.10061806238798715,ok,False,True,False,0
4631,2021091.062068301,2.952738507469757,0.15533411597129787,ok,False,True,False,0
4632,1691752.0450769467,2.660822003925386,0.2467260645356593,ok,False,True,False,1
4633,2064864.9644974617,2.9935586148089657,0.12344133314219918,ok,False,True,False,0
4634,1691752.0450769467,2.9764495599472145,0.24537459196039663,ok,False,True,False,1
4635,2026780.6882822711,2.5959359850558643,0.06369965595459659,ok,False,True,False,0
4636,1691752.0450769467,2.9051449836039724,0.20218187085709954,ok,False,True,False,1
4637,2057209.5663602455,2.935593507595533,0.12483944595178287,ok,False,True,False,0
4638,2030821.0757330735,2.7567410457257395,0.11121920760140852,ok,False,True,False,0
4639,2028252.3527980521,2.8118645922144907,0.07510258180880869,ok,False,True,False,0
4640,2047983.8020956381,2.7544719859398814,0.06801053838046406,ok,False,True,False,0
4641,2093815.1994388832,2.9939724143157633,0.14301469139962314,ok,False,True,False,0
4642,2048999.0808006872,2.8689504609297836,0.09332302323283631,ok,False,True,False,0
4643,1711514.164844361,2.742547602555184,0.20092317492409412,ok,False,True,False,1
4644,1636214.7916851614,2.7593260623264864,0.25396225589937843,ok,False,True,False,1
4645,2142917.5813009134,2.7513974667919907,0.0672607478013415,ok,False,True,False,0
4646,1691752.0450769467,2.6014534358400025,0.19472267320758627,ok,False,True,False,1
4647,2030028.251223622,2.972278423259982,0.09323988615430412,ok,False,True,False,0
4648,1636214.7916851614,2.6616329278596433,0.30155336859442644,ok,False,True,False,1
4649,2994014.991763554,2.533286598854734,0.11225604239397313,ok,False,True,False,0
4650,2063775.8910168796,2.9508265517257106,0.11228194227204746,ok,False,True,False,0
4651,2044608.8281960061,2.9362474660703386,0.12337085294229722,ok,False,True,False,0
4652,2028669.273330557,2.8983048633032675,0.10927200562645834,ok,False,True,False,0
4653,1711514.164844361,2.691093778290119,0.2179329094859015,ok,False,True,False,1
4654,7340258.193158372,2.5720025885305766,0.10020690332062704,ok,False,True,False,0
4655,2603969.5769955255,2.554521514223331,0.1084036910633317,ok,False,True,False,0
4656,2029336.6605477203,2.742358742485372,0.08589407393107285,ok,False,True,False,0
4657,2009821.980538561,2.515826102975991,0.07876293613087537,ok,False,True,False,0
4658,2425566.4766963953,2.9910496229055505,0.09496000168323626,ok,False,True,False,0
4659,1691752.0450769467,2.676681284838262,0.1983902376425633,ok,False,True,False,1
4660,3833804.7898989557,2.9578114446884225,0.18351216293117067,ok,False,True,False,1
4661,2103480.2157347905,2.9615120529375383,0.06926421132156928,ok,False,True,False,0
4662,2024895.825361339,2.9960221509509832,0.07537454161328444,ok,False,True,False,0
4663,2014943.0600620746,2.627519419912974,0.06786693260625787,ok,False,True,False,0
4664,2045488.8306738574,2.8803670083611825,0.1258607850278567,ok,False,True,False,0
4665,2145478.309787762,2.9913650945880557,0.05375560913740984,ok,False,True,False,0
4666,1691752.0450769467,2.70598027993654,0.21189857858420763,ok,False,True,False,1
4667,3235750.8978280425,2.9109266379873815,0.1658051175066214,ok,False,True,False,0
4668,1711514.164844361,2.7021635414020064,0.24961821191616046,ok,False,True,False,1
4669,2057233.0015012135,2.911962180355374,0.09851371617167692,ok,False,True,False,0
4670,1691752.0450769467,2.6896345564877944,0.25283193367411033,ok,False,True,False,1
4671,2234608.6260753428,2.9772862650370824,0.12140675471138906,ok,False,True,False,0
4672,2160967.0721554365,2.8675080125111805,0.09797021185743998,ok,False,True,False,0
4673,2012578.7087696716,2.8071762877286783,0.07447020969709228,ok,False,True,False,0
4674,3174012.3236436113,2.9189154761103295,0.17568897549580986,ok,False,True,False,1
4675,3461380.094154741,2.895906348018393,0.07733313827238975,ok,False,True,False,0
4676,1691752.0450769467,2.795577129690656,0.22587005858230202,ok,False,True,False,1
4677,1711514.164844361,2.6979722163266193,0.2192142996869505,ok,False,True,False,1
4678,2585408.0903950618,2.942388658930953,0.05957204242743541,ok,False,True,False,0
4679,1711514.164844361,2.9510699914400282,0.2310093443838643,ok,False,True,False,1
4680,2316467.490703904,2.9503392866140925,0.10714554842815793,ok,False,True,False,0
4681,2534554.149058081,2.2465538562633602,0.10162478436344102,ok,False,True,False,0
4682,2010114.5714393216,2.9740663303479673,0.08416807106533603,ok,False,True,False,0
4683,3142002.828779157,2.9814098835546283,0.13965550396143978,ok,False,True,False,0
4684,1691752.0450769467,2.621311349149598,0.2828110010850748,ok,False,True,False,1
4685,1691752.0450769467,2.5741565975724967,0.22994158437050277,ok,False,True,False,1
4686,1711514.164844361,2.9230027114805903,0.2650347809255355,ok,False,True,False,1
4687,2417831.5544655584,2.9735399305859693,0.11861945906955051,ok,False,True,False,0
4688,2571181.798325917,2.5739983001212554,0.09621232433887661,ok,False,True,False,0
4689,2810722.2408599346,2.947561525924467,0.13852015047617328,ok,False,True,False,0
4690,2922978.1751192613,2.8762422328787567,0.1481665581928758,ok,False,True,False,0
4691,2249911.916842142,2.4785175073422225,0.06741807259262678,ok,False,True,False,0
4692,2085006.9386405807,2.9491810078136163,0.06999739414603423,ok,False,True,False,0
4693,2575652.2085454753,2.966321181494153,0.08005388815279268,ok,False,True,False,0
4694,2024741.9457886447,2.7799893793838972,0.058703853785974314,ok,False,True,False,0
4695,1691752.0450769467,2.867632018552155,0.2632130970852205,ok,False,True,False,1
4696,1636214.7916851614,2.582501735874292,0.16085436744764312,ok,False,True,False,0
4697,2143834.8242223687,2.9932307373931257,0.06356840572001737,ok,False,True,False,0
4698,2270212.3205630584,2.998900639528555,0.0921426001505643,ok,False,True,False,0
4699,2317740.8791999794,2.9428662107185897,0.0751531929061462,ok,False,True,False,0
4700,2070907.6766065042,2.9930211548954446,0.08222695326361307,ok,False,True,False,0
4701,2447041.457058265,2.7511054107890898,0.06221954159201026,ok,False,True,False,0
4702,2563020.417787379,2.807588156724514,0.07804119717245306,ok,False,True,False,0
4703,2008886.8300495842,2.5504704480481433,0.11049583192342605,ok,False,True,False,0
4704,2269855.595148108,2.931878998024133,0.09678786904236913,ok,False,True,False,0
4705,2039310.040229417,2.959679611792932,0.10110550617099809,ok,False,True,False,0
4706,4465196.070710925,2.3163911250867635,0.0881161559267164,ok,False,True,False,0
4707,1711514.164844361,2.8595101936460976,0.25582491994216655,ok,False,True,False,1
4708,2294379.5012452076,2.9142530499443153,0.08104170838441377,ok,False,True,False,0
4709,2038657.6450944187,2.6062294037937894,0.06901187832460931,ok,False,True,False,0
4710,2011139.2505572175,2.720816117444505,0.08479398781973424,ok,False,True,False,0
4711,1691752.0450769467,2.7105554282746755,0.2347015302230374,ok,False,True,False,1
4712,4165805.840645017,2.9130857197525164,0.08416005582607128,ok,False,True,False,0
4713,2238107.6140708113,2.976079100215143,0.14025894966576669,ok,False,True,False,0
4714,2089581.5216628676,2.983096466535736,0.09723425191180701,ok,False,True,False,0
4715,3049416.4038841897,2.742166979980536,0.06581064446113838,ok,False,True,False,0
4716,3298275.6379382843,2.8989395322978835,0.06089204423235706,ok,False,True,False,0
4717,2015407.8329620475,2.6561348930357784,0.07586870048041838,ok,False,True,False,0
4718,3536603.4172025328,2.9739409658783176,0.07279221020840597,ok,False,True,False,0
4719,2035704.4259978079,2.7475622298658804,0.07780931575934881,ok,False,True,False,0
4720,3613737.7402588073,2.7349561368528654,0.08157376375873593,ok,False,True,False,0
4721,1636214.7916851614,2.6187993795150986,0.21649266891139798,ok,False,True,False,1
4722,2091287.3289580448,2.9419666618706994,0.07098842290478191,ok,False,True,False,0
4723,3958006.862995218,2.9320825869295417,0.1709791793063236,ok,False,True,False,0
4724,2114281.747402949,2.9816313728935913,0.09254798053772031,ok,False,True,False,0
4725,1636214.7916851614,2.9147426730359545,0.2619522350212222,ok,False,True,False,1
4726,2083132.0576307923,2.89249757641371,0.06585877755463487,ok,False,True,False,0
4727,2868791.403155161,2.963608578533246,0.16174181928187215,ok,False,True,False,0
4728,2009334.1483699775,2.97405348390284,0.1093090497441983,ok,False,True,False,0
4729,2205423.710357987,2.579238535820564,0.0671571119984766,ok,False,True,False,0
4730,2280634.5756773655,2.8573634030575716,0.0877873932767678,ok,False,True,False,0
4731,2823272.4774380676,2.4628331444539047,0.10791691878839138,ok,False,True,False,0
4732,1691752.0450769467,2.5935014893529686,0.25953006038508636,ok,False,True,False,1
4733,5383766.968352085,2.94351353671816,0.14181062772192043,ok,False,True,False,0
4734,2692620.4722414273,2.922357406375496,0.06886051531781201,ok,False,True,False,0
4735,2394487.6064116126,2.9400372722432455,0.057034647182190645,ok,False,True,False,0
4736,1691752.0450769467,2.9552770170392564,0.2996338479910207,ok,False,True,False,1
4737,4376433.789314784,2.913303636320954,0.09201054753407456,ok,False,True,False,0
4738,3154280.3940449604,2.6153450405791623,0.06909514758674151,ok,False,True,False,0
4739,2782273.046208578,2.911888195919531,0.07608382107263878,ok,False,True,False,0
4740,2015018.9096610853,2.9596650052401117,0.08579734071215939,ok,False,True,False,0
4741,2067719.6469519143,2.606954954625846,0.10607984811097793,ok,False,True,False,0
4742,2061579.1363240269,2.775401376139661,0.07094647166438262,ok,False,True,False,0
4743,2011654.9361436614,2.8991181207814147,0.11332218035990638,ok,False,True,False,0
4744,2220836.713179672,2.8868132828439474,0.07742696781229741,ok,False,True,False,0
4745,1636214.7916851614,2.6075649726626997,0.2903045648118238,ok,False,True,False,1
4746,2040516.6726769868,2.982794495927321,0.09534957695817636,ok,False,True,False,0
4747,1711514.164844361,2.905081720055427,0.23394590290141576,ok,False,True,False,1
4748,2129118.1486623557,2.800731327818009,0.06127714848613225,ok,False,True,False,0
4749,1691752.0450769467,2.755824240094621,0.26984511853955645,ok,False,True,False,1
4750,1636214.7916851614,2.7265015472636986,0.26713498455314977,ok,False,True,False,1
4751,1636214.7916851614,2.725190808348305,0.25948727870895033,ok,False,True,False,1
4752,2075639.047622184,2.952882564966648,0.085730786495534,ok,False,True,False,0
4753,2011944.6612962724,2.8353143490136197,0.05432291056335037,ok,False,True,False,0
4754,2062992.9683901675,2.666803237113956,0.08810385029037238,ok,False,True,False,0
4755,1636214.7916851614,2.6820250166442854,0.19033851809435676,ok,False,True,False,1
4756,2011365.027112086,2.855119828642611,0.16920332046862058,ok,False,True,False,0
4757,2009714.7295483977,2.6452918206731706,0.07610311495937833,ok,False,True,False,0
4758,1711514.164844361,2.577487128185688,0.25175067193795353,ok,False,True,False,1
4759,3575587.2193468884,2.9764717635299958,0.13247724409845452,ok,False,True,False,0
4760,2149299.5990526504,2.9677790189873083,0.08343764830851494,ok,False,True,False,0
4761,1711514.164844361,2.8767832515755405,0.21932420224050825,ok,False,True,False,1
4762,1711514.164844361,2.7958909381250954,0.2204768414791068,ok,False,True,False,1
4763,2545570.719325265,2.7878728632479497,0.0646197950376286,ok,False,True,False,0
4764,2014848.1274481844,2.7845962070809644,0.11125310824737611,ok,False,True,False,0
4765,2343369.4046566435,2.9686371692627684,0.09183837489978308,ok,False,True,False,0
4766,2022010.5958952834,2.8800677859956267,0.12268106989626398,ok,False,True,False,0
4767,1691752.0450769467,2.8419517804132615,0.24060782285827398,ok,False,True,False,1
4768,1691752.0450769467,2.9479941644807433,0.20257519669811683,ok,False,True,False,1
4769,1691752.0450769467,2.807889741715203,0.2177556462113142,ok,False,True,False,1
4770,2640284.1988712973,2.971166545930482,0.07200315347052977,ok,False,True,False,0
4771,1636214.7916851614,2.6647912347844356,0.16727326768568826,ok,False,True,False,0
4772,2471542.7376472736,2.998905059073204,0.10571855418688558,ok,False,True,False,0
4773,2572916.792479245,2.356681821234239,0.0669825210313632,ok,False,True,False,0
4774,2009987.7794919678,2.920285833287112,0.07330957439237473,ok,False,True,False,0
4775,2180524.219086773,2.9090656490706692,0.045924083168655094,ok,False,True,False,0
4776,2104510.8432239965,2.9997563991610763,0.08095649899016988,ok,False,True,False,0
4777,2288130.537048066,2.9544620826606964,0.07730065776072254,ok,False,True,False,0
4778,2324392.475640411,2.9770817570480386,0.11809076686866293,ok,False,True,False,0
4779,2038893.0672904372,2.9880889591615185,0.07030554936095329,ok,False,True,False,0
4780,2883733.090752005,2.984661310420712,0.09812270799198419,ok,False,True,False,0
4781,1636214.7916851614,2.317844030778498,0.11871799175667377,ok,False,True,False,0
4782,2847722.757086007,2.987113903637862,0.19979550675847463,ok,False,True,False,1
4783,3507671.920451146,2.985197628977767,0.10491126267477657,ok,False,True,False,0
4784,2280490.1195662627,2.9880883442244315,0.09154025113015696,ok,False,True,False,0
4785,2513079.576641493,2.6996968251157942,0.10109069823174877,ok,False,True,False,0
4786,2827368.357915277,2.525319042859133,0.10849920987262318,ok,False,True,False,0
4787,2038295.9700518395,2.7441453475214486,0.07197666492561333,ok,False,True,False,0
4788,2054898.2939666018,2.929470580536986,0.056466224248932384,ok,False,True,False,0
4789,2108289.6761164647,2.993863699872392,0.09170079777123574,ok,False,True,False,0
4790,2027382.2254558073,2.9184681268621686,0.06139991660876787,ok,False,True,False,0
4791,2320779.604237462,2.987467685147193,0.07423307378619981,ok,False,True,False,0
4792,2041942.9374280463,2.968725030038506,0.09632834536905469,ok,False,True,False,0
4793,2130588.820465009,2.9948451761896653,0.0656808424875881,ok,False,True,False,0
4794,2055092.1397258101,2.7137088933028224,0.0690418832488453,ok,False,True,False,0
4795,2113857.478146115,2.6454925720374556,0.06164251813517185,ok,False,True,False,0
4796,2700817.2140921694,2.507602656123534,0.0849535125887918,ok,False,True,False,0
4797,2338076.470207398,2.93914784835308,0.11588872152652008,ok,False,True,False,0
4798,1636214.7916851614,2.592946422949618,0.27875953925950187,ok,False,True,False,1
4799,2026729.6624965551,2.9203516591333987,0.10644212950658594,ok,False,True,False,0
4800,2073404.5684835925,2.3636203072001063,0.07258613726376162,ok,False,True,False,0
4801,2150810.531868204,2.981699842608075,0.07837728904006747,ok,False,True,False,0
4802,4059343.645003578,2.9280762475485087,0.18813949408298988,ok,False,True,False,1
4803,3013971.9183694636,2.897304228300075,0.07921427906155037,ok,False,True,False,0
4804,2656481.1620205124,2.934822938207212,0.13629432328806407,ok,False,True,False,0
4805,2107032.2519400436,2.967057394088596,0.15923029305712227,ok,False,True,False,0
4806,2373668.430665045,2.9136846002254497,0.0824894689031013,ok,False,True,False,0
4807,2010141.6087557008,2.6836778065371956,0.06190274992624267,ok,False,True,False,0
4808,1636214.7916851614,2.718586380616018,0.1852794060618134,ok,False,True,False,1
4809,3926242.3533163657,2.758194447687722,0.07244515848323352,ok,False,True,False,0
4810,1391604.936285155,2.598811418155441,0.3010511625199892,ok,False,True,False,1
4811,1691752.0450769467,2.7255536283180275,0.1896744337914406,ok,False,True,False,1
4812,2647436.1420300445,2.9925041408266972,0.07412983171369025,ok,False,True,False,0
4813,2271385.630729399,2.843846811758276,0.056879145502654604,ok,False,True,False,0
4814,2087520.5229140054,2.70730552174187,0.05471907913839291,ok,False,True,False,0
4815,2437232.058568093,2.4293145541114947,0.0837045746075537,ok,False,True,False,0
4816,3259436.8671166827,2.762562242435703,0.08548252265615697,ok,False,True,False,0
4817,2018127.8013714307,2.988344766748556,0.05631069534153399,ok,False,True,False,0
4818,2532302.639634714,2.2155306086989093,0.09445634726206276,ok,False,True,False,0
4819,1691752.0450769467,2.7569475809660027,0.18514160263179752,ok,False,True,False,1
4820,2321741.918255828,2.9558477042328875,0.08116327210250945,ok,False,True,False,0
4821,3064689.4107831465,2.172852969850881,0.12992284881037197,ok,False,True,False,0
4822,2328373.4397823727,2.9651255942784243,0.09812016702430548,ok,False,True,False,0
4823,2012573.1887584117,2.6054193460778734,0.09953166687584869,ok,False,True,False,0
4824,2026571.507548026,2.9045438199960474,0.07231023722379049,ok,False,True,False,0
4825,1636214.7916851614,2.5458022487296645,0.25980690933064066,ok,False,True,False,1
4826,1711514.164844361,2.6699048025828427,0.21981139402331373,ok,False,True,False,1
4827,3102341.6681995178,2.977479623539911,0.10522449779486637,ok,False,True,False,0
4828,2139372.789733304,2.9896903567578397,0.09116062629790636,ok,False,True,False,0
4829,1711514.164844361,2.7501719974775303,0.22152254054360537,ok,False,True,False,1
4830,1636214.7916851614,2.8052985950955374,0.24741103389622815,ok,False,True,False,1
4831,2019037.7060477703,2.935543042811079,0.11176037516160414,ok,False,True,False,0
4832,2217918.1126905265,2.434014287931063,0.08904720259973165,ok,False,True,False,0
4833,2039534.5863853847,2.67189712881602,0.059357939052320674,ok,False,True,False,0
4834,2402351.2074364554,2.5438416437145217,0.06357913706452717,ok,False,True,False,0
4835,2128270.409109536,2.968266070184188,0.07388652285696917,ok,False,True,False,0
4836,2083294.4630039963,2.98252926925155,0.08978645313557831,ok,False,True,False,0
4837,2274703.6072905264,2.983186515846862,0.09356403189638429,ok,False,True,False,0
4838,2306287.282831293,2.9888781795992223,0.07164127728997127,ok,False,True,False,0
4839,2468217.7086956594,2.9436576314392733,0.09952770481593731,ok,False,True,False,0
4840,2060700.3150584262,2.9717219444153216,0.10977252189178455,ok,False,True,False,0
4841,2125062.3118668115,2.8939642003616943,0.06436013118908723,ok,False,True,False,0
4842,1636214.7916851614,2.839366360105008,0.18784239042041417,ok,False,True,False,1
4843,2016634.4443108654,2.8786497993625266,0.05627672710774523,ok,False,True,False,0
4844,2181956.27273532,2.99049806831203,0.06880974847489907,ok,False,True,False,0
4845,1711514.164844361,2.71817911208217,0.24288121335464163,ok,False,True,False,1
4846,1691752.0450769467,2.8514217612960437,0.19393841982635163,ok,False,True,False,1
4847,1691752.0450769467,2.9358832893435656,0.21001120260210282,ok,False,True,False,1
4848,2254414.5151177645,2.988524656006916,0.16015558049041934,ok,False,True,False,0
4849,2289169.084943257,2.990050450509475,0.07731783186510613,ok,False,True,False,0
4850,1691752.0450769467,2.5828319474594617,0.22796907341662143,ok,False,True,False,1
4851,2138485.8700116966,2.975232471368049,0.10145179442990493,ok,False,True,False,0
4852,2418669.48413407,2.9804811019867574,0.15189849273495237,ok,False,True,False,0
4853,2027840.4816641496,2.882385547432227,0.09050165924330755,ok,False,True,False,0
4854,1636214.7916851614,2.6689750712462708,0.178188483402785,ok,False,True,False,1
4855,2099912.2014312507,2.933105633068023,0.04834940118151915,ok,False,True,False,0
4856,1636214.7916851614,2.7151897508467835,0.2127332276976598,ok,False,True,False,1
4857,2039570.5285674962,2.8205437527344976,0.08552995916358319,ok,False,True,False,0
4858,2027727.9530832865,2.798496089243205,0.05897707542650232,ok,False,True,False,0
4859,2012700.2707360706,2.7697807446058347,0.08030904834427344,ok,False,True,False,0
4860,1711514.164844361,2.6908824316969384,0.2517289849609563,ok,False,True,False,1
4861,4735845.684312252,2.9675825715558304,0.16418645799968568,ok,False,True,False,0
4862,1391604.936285155,2.2530993622286415,0.3285128096195938,ok,False,True,False,1
4863,2220540.30970133,2.8290271174621537,0.06698066458229529,ok,False,True,False,0
4864,2041268.5798711905,2.9902779781786166,0.07536258601791707,ok,False,True,False,0
4865,2398158.493652814,2.6751034217611593,0.08321224991936937,ok,False,True,False,0
4866,1691752.0450769467,2.943351702704037,0.20498627114481155,ok,False,True,False,1
4867,3960498.5466588167,2.591891540215649,0.1574148485071687,ok,False,True,False,0
4868,2176993.10680015,2.983258947222676,0.07881667596191877,ok,False,True,False,0
4869,2043660.519203,2.9953533485760047,0.10583138967443073,ok,False,True,False,0
4870,1391604.936285155,2.4590719284277185,0.3836555306402762,ok,False,True,False,1
4871,1711514.164844361,2.7012603100168686,0.225623656486207,ok,False,True,False,1
4872,2013655.065345584,2.9608345781708216,0.10046408606410895,ok,False,True,False,0
4873,2283749.7413506387,2.995304289377879,0.07972443993201417,ok,False,True,False,0
4874,3486780.8099524677,2.832857807313882,0.10148760017860331,ok,False,True,False,0
4875,2034668.6885593187,2.9615895036674242,0.10725305084076453,ok,False,True,False,0
4876,3207669.318189622,2.9629147115812158,0.0969459824027834,ok,False,True,False,0
4877,1636214.7916851614,2.670899483756601,0.2408082283179025,ok,False,True,False,1
4878,1711514.164844361,2.575460364674499,0.2246862037871228,ok,False,True,False,1
4879,1691752.0450769467,2.7341260027456142,0.22663959935197958,ok,False,True,False,1
4880,2099903.451062245,2.613863918573488,0.07151605431696234,ok,False,True,False,0
4881,2025206.265139375,2.9287655918388182,0.06824180160141435,ok,False,True,False,0
4882,2062277.7938679974,2.8263896228485965,0.080371286122075,ok,False,True,False,0
4883,1636214.7916851614,2.6641384005473783,0.20402734813474416,ok,False,True,False,1
4884,2013319.2580211773,2.637370667717937,0.08037965234975841,ok,False,True,False,0
4885,1691752.0450769467,2.7957401144853766,0.20179559245534548,ok,False,True,False,1
4886,1691752.0450769467,2.8555104972441283,0.18954913847395538,ok,False,True,False,1
4887,2283139.2674584514,2.9825898161964277,0.051884586493697205,ok,False,True,False,0
4888,2541603.473011053,2.4315258272797813,0.10220367427694932,ok,False,True,False,0
4889,2025874.1888719012,2.78266726165783,0.13605727656142108,ok,False,True,False,0
4890,2089485.4572957703,2.8486815509273846,0.08481139988503872,ok,False,True,False,0
4891,2129388.3703215364,2.4034194354790985,0.04995678709458107,ok,False,True,False,0
4892,2017300.6767518844,2.8843469131910537,0.10540442415923856,ok,False,True,False,0
4893,2041477.385692216,2.694570267369241,0.08341162949629344,ok,False,True,False,0
4894,4660995.418109648,2.7757028395438006,0.15002570306564703,ok,False,True,False,0
4895,2017005.420269616,2.840888981766559,0.1008464272060137,ok,False,True,False,0
4896,1691752.0450769467,2.6716933647541374,0.20598337946947684,ok,False,True,False,1
4897,5275461.667462612,2.893675415652828,0.1837694408713294,ok,False,True,False,1
4898,1691752.0450769467,2.658896543094186,0.23525746026904398,ok,False,True,False,1
4899,2026240.1337776647,2.840819210217945,0.060307062059193894,ok,False,True,False,0
4900,1636214.7916851614,2.699725628290186,0.18352202893340597,ok,False,True,False,1
4901,1636214.7916851614,2.9293700153333724,0.22168458082652723,ok,False,True,False,1
4902,2613736.1881286404,2.994490612218762,0.1261453197132515,ok,False,True,False,0
4903,1691752.0450769467,2.817338758274687,0.25792172062934055,ok,False,True,False,1
4904,2419518.6791355894,2.9717644110170007,0.12138094920441467,ok,False,True,False,0
4905,1691752.0450769467,2.9616300921925633,0.28900533673783085,ok,False,True,False,1
4906,1636214.7916851614,2.7853402925071857,0.19336686726740196,ok,False,True,False,1
4907,1691752.0450769467,2.8050497337841747,0.23254808817263012,ok,False,True,False,1
4908,1636214.7916851614,2.5856037214935874,0.2764642876830096,ok,False,True,False,1
4909,2741703.995657937,2.462106966641321,0.16298904121551328,ok,False,True,False,0
4910,1636214.7916851614,2.7954111752359245,0.15965206024959497,ok,False,True,False,0
4911,1691752.0450769467,2.794080148562503,0.24489804047339586,ok,False,True,False,1
4912,1711514.164844361,2.728029126271791,0.22705758339779786,ok,False,True,False,1
4913,2122728.391659833,2.9999861217404318,0.0731053393658212,ok,False,True,False,0
4914,1691752.0450769467,2.7581776827467133,0.21908415781575835,ok,False,True,False,1
4915,2409633.9712482267,2.4559602632379143,0.10534539984319058,ok,False,True,False,0
4916,2462785.1358852386,2.6858886042894548,0.08862838877893309,ok,False,True,False,0
4917,3708412.2213177807,2.9928191611532453,0.10165507905460047,ok,False,True,False,0
4918,2019508.1475415344,2.987360062921719,0.09030124343752813,ok,False,True,False,0
4919,1691752.0450769467,2.7389996601566136,0.23907882035713535,ok,False,True,False,1
4920,1711514.164844361,2.9689535889186915,0.2272282859868395,ok,False,True,False,1
4921,2529935.265680598,2.9878461185380694,0.12300963890851824,ok,False,True,False,0
4922,1484707.709926356,2.641799875832144,0.30613819006025056,ok,False,True,False,1
4923,2114376.205343543,2.9688099968698443,0.07838324054054358,ok,False,True,False,0
4924,3162035.7739855335,2.4671533086591295,0.0926288970080622,ok,False,True,False,0
4925,2062614.207423846,2.9867107778033852,0.09436788535105858,ok,False,True,False,0
4926,2942379.8204921563,2.404686437007343,0.09383588362120582,ok,False,True,False,0
4927,2214494.2330597565,2.990741418501062,0.07446517481940096,ok,False,True,False,0
4928,1636214.7916851614,2.720755783551789,0.23127401699899924,ok,False,True,False,1
4929,2765615.0590494815,2.9879378232426994,0.07550948695772206,ok,False,True,False,0
4930,2038506.2380381727,2.975933149079978,0.085971178318204,ok,False,True,False,0
4931,2027010.884362595,2.7209034101839835,0.11732646378890565,ok,False,True,False,0
4932,1691752.0450769467,2.8431245905287,0.2682241686137258,ok,False,True,False,1
4933,2069681.5677698199,2.4787106044903817,0.05914719168460347,ok,False,True,False,0
4934,1691752.0450769467,2.868678044123565,0.20656008104220952,ok,False,True,False,1
4935,2014494.1906596408,2.9725061817379075,0.07256265573553267,ok,False,True,False,0
4936,2036046.0169719583,2.7926837488409557,0.07731892432257581,ok,False,True,False,0
4937,2267008.18787034,2.984159200235059,0.1270749215641469,ok,False,True,False,0
4938,2023879.3849279068,2.7300984939552584,0.056135503795463504,ok,False,True,False,0
4939,1636214.7916851614,2.777278685783447,0.2926184657445172,ok,False,True,False,1
4940,2081011.7202077736,2.7400684728690186,0.07643617068066133,ok,False,True,False,0
4941,2015734.948797585,2.628437483178299,0.07665816079918786,ok,False,True,False,0
4942,1691752.0450769467,2.7359518976633606,0.23487367305418147,ok,False,True,False,1
4943,2117474.6262091687,2.990463316210443,0.0859916935720191,ok,False,True,False,0
4944,2066030.108574323,2.9666429047719545,0.05065031662248842,ok,False,True,False,0
4945,2083829.5160486198,2.894882653836348,0.05871695840397728,ok,False,True,False,0
4946,2575812.418355428,2.883536733655026,0.08162721603025216,ok,False,True,False,0
4947,1691752.0450769467,2.7026069170836715,0.16588172373875906,ok,False,True,False,0
4948,2011939.7129596504,2.836700963980407,0.12609954495268783,ok,False,True,False,0
4949,2089960.065730706,2.9954893550963284,0.08450661821488492,ok,False,True,False,0
4950,1391604.936285155,2.557877830515107,0.33160075511706594,ok,False,True,False,1
4951,2777597.101858307,2.9226790562961824,0.10460623960783011,ok,False,True,False,0
4952,1636214.7916851614,2.637975476446824,0.27101745608165034,ok,False,True,False,1
4953,3813459.7753241817,2.864445643923646,0.15091215409067776,ok,False,True,False,0
4954,2064618.1601470846,2.9890504350971128,0.15571786799915832,ok,False,True,False,0
4955,1636214.7916851614,2.530158514489589,0.24809473185276557,ok,False,True,False,1
4956,2859995.5201581344,2.937220261080368,0.08212682216894679,ok,False,True,False,0
4957,3412836.4308266914,2.9292419287942106,0.15500736773240742,ok,False,True,False,0
4958,1691752.0450769467,2.6742709458809317,0.23330216875335322,ok,False,True,False,1
4959,2015206.5899685093,2.9243291793592725,0.057432070218753184,ok,False,True,False,0
4960,2386195.68173823,2.9881270010345276,0.12080016951181555,ok,False,True,False,0
4961,3032934.2114896583,2.957991285408748,0.14010101255513685,ok,False,True,False,0
4962,2156190.800603731,2.9224818836576234,0.13414136402123744,ok,False,True,False,0
4963,3482680.471978175,2.9368275176598804,0.11176322656340976,ok,False,True,False,0
4964,1636214.7916851614,2.7591380622858814,0.2831232070352499,ok,False,True,False,1
4965,2507089.9526864616,2.6571496033032176,0.04765876002422065,ok,False,True,False,0
4966,4010487.969626052,2.8337963032746156,0.20755396865848635,ok,False,True,False,1
4967,2354040.5768412156,2.9533744293071154,0.09196970387079097,ok,False,True,False,0
4968,2474770.8016078034,2.99175944289662,0.08151127918449153,ok,False,True,False,0
4969,3052714.90648466,2.457168501965743,0.07215935715104009,ok,False,True,False,0
4970,1636214.7916851614,2.6827515089582157,0.22559767820936194,ok,False,True,False,1
4971,2020545.0785259644,2.957862252407421,0.10793673255885328,ok,False,True,False,0
4972,4311153.011379096,2.886575172999488,0.17782462395761423,ok,False,True,False,1
4973,2444067.9777566474,2.595879919748203,0.05446849551635155,ok,False,True,False,0
4974,2078239.5676261375,2.9752302795376,0.0825305731970021,ok,False,True,False,0
4975,2380096.805505787,2.98729598176389,0.08426561042539926,ok,False,True,False,0
4976,2217391.8294321466,2.7771513506598,0.09399960829317827,ok,False,True,False,0
4977,2868845.4038320724,2.962927332920653,0.10291840297674593,ok,False,True,False,0
4978,2058172.7311255927,2.9543739835534204,0.1269385217023412,ok,False,True,False,0
4979,1636214.7916851614,2.7405036813970955,0.21734413297110258,ok,False,True,False,1
4980,2011538.1096464705,2.9213067870805554,0.06203679445969362,ok,False,True,False,0
4981,2031648.9390198498,2.8794308755975346,0.04741357702891119,ok,False,True,False,0
4982,1636214.7916851614,2.548094114176724,0.23070096609298407,ok,False,True,False,1
4983,2134114.0637789425,2.9622009481065206,0.157755533035064,ok,False,True,False,0
4984,1636214.7916851614,2.7446482542739776,0.26108221907490653,ok,False,True,False,1
4985,1636214.7916851614,2.707844470406031,0.21107107846751477,ok,False,True,False,1
4986,2216496.1308149653,2.9803519188347503,0.09379102513356008,ok,False,True,False,0
4987,1691752.0450769467,2.6006665236496582,0.20432353464513583,ok,False,True,False,1
4988,1186516.1254582698,2.2258966812244116,0.4437514309440013,ok,False,True,False,1
4989,3160462.3237499218,2.899604041518433,0.2353357256339269,ok,False,True,False,1
4990,3613751.0473540416,2.8859736422074747,0.15729633793597375,ok,False,True,False,0
4991,2891597.868446208,2.9927898020878723,0.10990628467813013,ok,False,True,False,0
4992,1691752.0450769467,2.9877019773097677,0.26023664939437624,ok,False,True,False,1
4993,3159652.2055257806,2.8835629803648057,0.138675017023138,ok,False,True,False,0
4994,2062356.9803692878,2.79370457993514,0.07159687830277123,ok,False,True,False,0
4995,2295385.4198808256,2.978088900577774,0.11724695087591352,ok,False,True,False,0
4996,1691752.0450769467,2.666824491392034,0.22628084784729843,ok,False,True,False,1
4997,1391604.936285155,2.695752927126059,0.30866059295786297,ok,False,True,False,1
4998,1636214.7916851614,2.7377105477145625,0.20325192324119298,ok,False,True,False,1
4999,2087679.3375523125,2.830903409195158,0.13132367173627146,ok,False,True,False,0
5000,1636214.7916851614,2.9865070529240323,0.2924047598060412,ok,False,True,False,1
