replicate,alpha,xmin,n_tail,distance,status,exceeds_observed
1,4.0857845147320289,2628545.6714319899,30,0.12949724949419616,ok,0
2,6.463256685703394,3851916.770409286,17,0.12299917763342505,ok,0
3,4.3430383605505147,3597869.224273758,16,0.12079924101782746,ok,0
4,6.5347682406095178,3665648.4825682179,20,0.11072702207429125,ok,0
5,4.00898702637111,2267725.2931199414,40,0.12299890801379282,ok,0
6,5.7212219015090424,3158053.4917109548,26,0.14384588633168249,ok,1
7,4.1483900171047763,2349719.955294122,38,0.12487690001489202,ok,0
8,3.9760303973954199,2349719.955294122,41,0.10042944738908754,ok,0
9,10.975486509879099,3618513.8505676887,14,0.19108859759513486,ok,1
10,4.0709459382602313,2628545.6714319899,32,0.15710994264021361,ok,1
11,5.5745597116838175,3750363.6002559029,9,0.11846457743652422,ok,0
12,6.4135075108849087,3959368.6848074878,18,0.10897858565102791,ok,0
13,3.5283031354485566,2090177.9550635067,39,0.12778858040839902,ok,0
14,5.5710213075490449,3158053.4917109548,29,0.1817150919290465,ok,1
15,4.5314704467959253,2609060.0868099569,32,0.12706396780716767,ok,0
16,5.1859593966700803,3688476.8102534544,22,0.13715087703257706,ok,1
17,5.0483969949626779,3852568.0633418523,18,0.14540563507095974,ok,1
18,5.7087638405217502,3759056.0491516227,19,0.13379212445714744,ok,0
19,4.4118239458767174,2267725.2931199414,41,0.10592072155458687,ok,0
20,7.94531513640458,3648800.7517720228,16,0.16762123564339848,ok,1
21,8.2787674522131756,3713313.4996546516,16,0.14624113213652545,ok,1
22,7.3093807479690183,3597732.3544816719,17,0.148000420550361,ok,1
23,4.2988868865404086,4032435.7151581566,16,0.093180819255744396,ok,0
24,7.9882493037683364,3897201.0926954797,13,0.076923076923076927,ok,0
25,5.4173735110762244,3819806.0841216021,18,0.11959531004241247,ok,0
26,4.6480811474843442,2980790.4908226882,28,0.15856881120348615,ok,1
27,4.1678724514588188,2342560.3317427742,41,0.1208500047803614,ok,0
28,4.186595435221637,3744685.0212840545,16,0.13210748306451914,ok,0
29,3.1575103011420182,2090177.9550635067,46,0.12511874136669854,ok,0
30,3.0644276970342905,2142731.0761223878,41,0.12420652445872321,ok,0
31,5.9572642187885805,3632366.29483234,19,0.14358265520595759,ok,1
32,5.2665623390150502,3694976.1542067048,21,0.12495943074076721,ok,0
33,8.1377252174969001,3654618.5442832666,21,0.1178357084588238,ok,0
34,6.0154196803014051,3706404.3800642011,15,0.13620751726668023,ok,1
35,7.1370412901265476,3600901.1053971173,19,0.095074627706225989,ok,0
36,5.1761787161608588,3613985.0441777678,23,0.14117114468428316,ok,1
37,5.3254041601959941,3618517.3159465007,20,0.12861044236868124,ok,0
38,3.5728465034505219,2349719.955294122,33,0.09385483044301135,ok,0
39,5.6000919219049861,3767494.9844916034,17,0.10902681891355603,ok,0
40,4.0724522584217127,2628545.6714319899,31,0.10266506079597348,ok,0
41,5.6215234751108101,3714597.4636230893,11,0.11850341434886269,ok,0
42,5.4248323054173939,3826294.28782816,17,0.10720860083357747,ok,0
43,4.9961157198889907,3887858.8123892434,18,0.098135056083789918,ok,0
44,4.9806064799877126,3602094.6616660929,19,0.13960676373342407,ok,1
45,3.3038703496725708,2090177.9550635067,41,0.093407712564561929,ok,0
46,5.2843280532142112,3589509.9000806743,21,0.12727397618350378,ok,0
47,5.6121024839649269,3618195.2236637399,18,0.1471521548527035,ok,1
48,5.4806452470372227,3721497.4792778417,22,0.11905906726518845,ok,0
49,6.6619168106249491,3597100.501742139,16,0.1320390120068089,ok,0
50,5.8388459430926902,3671068.0095339068,13,0.12132168975406676,ok,0
51,5.1348548229251474,3633312.4095048248,19,0.093856525676560887,ok,0
52,4.3247188380857926,2609060.0868099569,29,0.1314776597142738,ok,0
53,3.7821902121714777,2349511.4431106183,43,0.1177898165907848,ok,0
54,4.3492070638943936,2267725.2931199414,36,0.10231617505917923,ok,0
55,5.7365354564256741,3852257.0158830443,11,0.11812532132429127,ok,0
56,12.755509115901178,3674234.3893998354,16,0.1247608970825409,ok,0
57,5.1057308209498888,3732142.6011011209,15,0.093669100292215063,ok,0
58,5.6062317550322716,3673048.7952369275,19,0.13743508208761573,ok,1
59,3.6530935725413931,2342560.3317427742,40,0.10225492560151273,ok,0
60,7.3207070526986602,4414980.7727704644,13,0.13022645004833477,ok,0
61,4.1801319963568933,3723091.9339622995,19,0.093348450511119063,ok,0
62,4.1958650473581294,3949595.618010777,12,0.13620979585905618,ok,1
63,5.075677073488305,3589864.9489398785,28,0.17434570906928648,ok,1
64,4.7221168820613038,3638518.1752613909,25,0.17341254720880472,ok,1
65,3.88612303028976,3982372.6127961548,13,0.12289504929674233,ok,0
66,3.3101850142967724,2142731.0761223878,39,0.16051259364447204,ok,1
67,5.5513832333374289,2984801.2881630221,18,0.12691365028011592,ok,0
68,5.8527177178267342,3729808.0367715061,16,0.12052074555050563,ok,0
69,6.2044967752392806,3762591.959142969,12,0.1328585002085142,ok,0
70,5.1557646097010066,3593957.7159473849,19,0.10286915438181488,ok,0
71,3.606478394487004,2342560.3317427742,39,0.12118259231700365,ok,0
72,2.9308891641169281,2090177.9550635067,44,0.1552264546983062,ok,1
73,4.6736897771424655,3927432.3036025884,13,0.11544189626136747,ok,0
74,4.8776631626367823,3632728.1484009894,11,0.10909394119746507,ok,0
75,3.4035774635668545,2142731.0761223878,39,0.15393355112910767,ok,1
76,6.2346156829222359,3611342.2222734368,22,0.11617368922589089,ok,0
77,3.4067397839075486,2342560.3317427742,43,0.13241880875364376,ok,0
78,4.8944005076171457,2980790.4908226882,23,0.12521188817406623,ok,0
79,4.4341571348371733,3955850.9811470392,14,0.13311018955549192,ok,0
80,3.4336180558373885,2090177.9550635067,42,0.13993715144352986,ok,1
81,3.2643418441354881,2267725.2931199414,41,0.11508131826042778,ok,0
82,4.3001672699184912,3617016.0689183515,22,0.12799644029100438,ok,0
83,3.5263510848256052,2349511.4431106183,37,0.15250582811479435,ok,1
84,3.5037238040149878,2142731.0761223878,41,0.13450317870011452,ok,0
85,7.3781708530939669,3848122.6976067601,16,0.13383999843672967,ok,0
86,5.2792648290827451,3586191.586876608,23,0.12815413208483478,ok,0
87,4.7752605751543671,2581618.0750895645,35,0.16072663253098707,ok,1
88,5.9143533909063883,3829594.9762245384,13,0.1142407142488705,ok,0
89,5.553337293179208,3599260.9377205106,20,0.13136491801935052,ok,0
90,3.5979051746312889,2349719.955294122,34,0.12868076219799407,ok,0
91,4.4089175248976851,3988730.6749129184,11,0.17285717986508975,ok,1
92,3.7075579927323399,2349719.955294122,32,0.11963690898393553,ok,0
93,3.4667177691074489,2786813.40424396,31,0.11916951648083773,ok,0
94,4.5330680153576113,2609060.0868099569,39,0.16225334806075198,ok,1
95,6.8443760157825366,4226172.905632142,12,0.13701101486485789,ok,1
96,5.2957255570352606,3972635.2758347117,9,0.15318544120899158,ok,1
97,6.318494094351065,3932176.5323494752,9,0.13180346451335379,ok,0
98,3.1760298018682787,2349719.955294122,25,0.14055319563610813,ok,1
99,7.228458586748328,3655910.5584655553,17,0.15868779784033077,ok,1
100,3.700332562684209,2142731.0761223878,39,0.13897684156176693,ok,1
101,3.0055682717245999,2349719.955294122,40,0.12832665721093373,ok,0
102,3.5989966314883168,2267725.2931199414,40,0.16108449895518845,ok,1
103,3.6817245429948833,2267725.2931199414,42,0.12699178345335979,ok,0
104,6.245628293391805,3586025.7439683815,17,0.11429310387901015,ok,0
105,4.6156578276113613,3612531.6999736549,22,0.11433614093763872,ok,0
106,3.0667515642723711,2090177.9550635067,42,0.12255193911013573,ok,0
107,8.3089735319354006,3919373.2014027843,21,0.12632388268883937,ok,0
108,4.9451011306850852,3591434.3898824994,23,0.12454669413958008,ok,0
109,5.4104844061600099,3649436.2659812924,19,0.11998149080722448,ok,0
110,3.7180132271235014,2267725.2931199414,39,0.15502976900593368,ok,1
111,5.3509007389043379,3669618.7074475982,26,0.11346597305993589,ok,0
112,3.2760439256756779,2349719.955294122,40,0.097807329966438705,ok,0
113,5.2091073007939235,3646542.5959155536,23,0.12834605288820899,ok,0
114,5.4854112499544883,2772356.9728852585,29,0.17618649769934525,ok,1
115,2.8827544092705493,2090177.9550635067,43,0.133396058634069,ok,0
116,7.0389564033784335,4139310.2923969128,15,0.15492827672127041,ok,1
117,5.9099038561555606,3586466.5833250368,19,0.099168343747712773,ok,0
118,6.6757249743982268,3619360.6288069156,22,0.10091625465616608,ok,0
119,3.9975348650634053,2342560.3317427742,36,0.14646112396661881,ok,1
120,6.6018039064778939,3653184.2635823917,23,0.08629429903043645,ok,0
121,6.1697094962995696,3859815.5487242038,15,0.11598360667473029,ok,0
122,6.9409265371863276,4195979.2279908583,14,0.11885878127695548,ok,0
123,8.9009755499502177,4248824.7288332302,14,0.14416371585753096,ok,1
124,4.4477605892689134,3742357.8900826704,14,0.11313849997818065,ok,0
125,3.4297469624075205,2267725.2931199414,37,0.12722529841721864,ok,0
126,3.433862889318863,2349719.955294122,39,0.11064131055405768,ok,0
127,5.7903207736450613,3611341.4824165786,25,0.1573515398117129,ok,1
128,5.4783777521425927,3674754.0641034981,16,0.13141956612426597,ok,0
129,9.040445324113465,3678744.6632924471,19,0.12275883071558091,ok,0
130,5.5509129167317113,3935219.0690216143,19,0.089079768575186957,ok,0
131,4.1514452913125339,3592992.8006309913,20,0.07193280605599095,ok,0
132,4.9399174816015492,3654855.0580657409,16,0.094116697724759391,ok,0
133,6.1348383257669798,3586944.0426449268,20,0.13904850377362399,ok,1
134,6.7625866264919914,3597470.9622006901,26,0.097994440717017572,ok,0
135,10.862670211848652,4267699.7738985773,13,0.12225217116717757,ok,0
136,3.8506446282371352,2267725.2931199414,41,0.12896824241331384,ok,0
137,3.895399574621857,2349719.955294122,32,0.084458654975260394,ok,0
138,5.6004287952907914,3658878.4097189265,18,0.11701330262940868,ok,0
139,5.6260375836705956,3657782.3123064972,19,0.13886170054013403,ok,1
140,3.5134282160584958,2267725.2931199414,42,0.16301278385566553,ok,1
141,7.9502701726119458,3885651.2777552628,17,0.087050522378589623,ok,0
142,3.2642024586611007,4396504.8800838152,7,0.18702659601738103,ok,1
143,5.1524752843609631,3612632.1952756643,20,0.12683756239002308,ok,0
144,6.3927710329480325,3606371.4421932017,19,0.15180393351713029,ok,1
145,4.0144280466858504,2267725.2931199414,41,0.15274456791263094,ok,1
146,5.5904973160320406,3600183.6035264968,22,0.1473531072545573,ok,1
147,13.053351305115115,4309644.8722157925,11,0.20103694917802695,ok,1
148,3.137666644667334,2090177.9550635067,46,0.16622475878189891,ok,1
149,6.3823884009429364,4264710.9048846513,10,0.16775522932177922,ok,1
150,5.3052438721587336,3596809.2441482116,19,0.14004146286093705,ok,1
151,9.7005309906659125,3835259.5042260829,16,0.15223149214380827,ok,1
152,3.8490748034628997,3679703.3932140204,17,0.11596314176900879,ok,0
153,4.9230786906508328,3727209.2077125302,13,0.12063074683104313,ok,0
154,3.575852816115614,2090177.9550635067,43,0.17068049005119346,ok,1
155,3.7558521907199758,2628545.6714319899,32,0.11570783083332226,ok,0
156,3.5038464903205351,2349511.4431106183,42,0.15515148284160829,ok,1
157,4.614963768500532,3825721.5983119193,19,0.12088068526844864,ok,0
158,3.6595710025966075,2349719.955294122,39,0.14914719071331761,ok,1
159,3.8871949665023942,2267725.2931199414,38,0.15660375059920484,ok,1
160,4.9490949762701391,3603210.3026178395,21,0.11975529057770429,ok,0
161,4.1819966736193761,2581618.0750895645,33,0.13263691582841408,ok,0
162,3.7093536001673777,2609060.0868099569,35,0.1228995521438892,ok,0
163,3.5007848614663577,2090177.9550635067,41,0.11631080886947631,ok,0
164,6.0122140590964994,4025998.3340744977,21,0.10130305740996071,ok,0
165,5.8063411548307613,3612994.5292882179,19,0.14553062353923751,ok,1
166,4.0547920608877943,2378837.9975668644,34,0.10135738153709151,ok,0
167,5.6299121282757509,3686525.2806968456,16,0.11938737643529818,ok,0
168,6.410404229788262,3598132.7769126263,20,0.12644061273451801,ok,0
169,5.0825513362601651,3709127.0486389669,19,0.14168932378894439,ok,1
170,6.1115900205692162,3659445.6809067535,17,0.12573644375387916,ok,0
171,3.9292915025903268,2609060.0868099569,39,0.10388283521830743,ok,0
172,6.3363933709100557,3660214.4015929583,21,0.13538962727530335,ok,0
173,7.3706266892875005,4112362.8644229723,14,0.13179130877486533,ok,0
174,5.8663439295372966,3672307.9855294358,17,0.12360706006253919,ok,0
175,6.9043079634612452,3644110.4827440688,17,0.14447479031268917,ok,1
176,12.403536631273182,4572183.472344025,10,0.15596411685542111,ok,1
177,6.0311982267280602,3727663.3606893523,23,0.09756663829007306,ok,0
178,7.5517990667906538,3626115.5858032322,15,0.15248879540696575,ok,1
179,4.155092292133812,3704377.4019911499,19,0.087533838540374387,ok,0
180,5.960970208551907,3610812.2068192554,25,0.14167970621743653,ok,1
181,4.6305974695504899,3685055.0647207331,20,0.087507069408606697,ok,0
182,4.690400015460213,3644307.8205353366,20,0.14394874060797014,ok,1
183,4.2213200145760004,2609060.0868099569,31,0.12088701718393574,ok,0
184,4.0155631282533992,2609060.0868099569,35,0.15325045851268998,ok,1
185,2.950393735960267,2090177.9550635067,41,0.15057295679708999,ok,1
186,3.8347896872986862,2609060.0868099569,33,0.1461050571649265,ok,1
187,3.9886006328311687,2609060.0868099569,40,0.1429563357950675,ok,1
188,6.0392900642547147,3592030.8447008436,23,0.17228716214620141,ok,1
189,5.3669843179175585,3735472.5967893708,19,0.09834244920725177,ok,0
190,6.8430195779627709,3594180.046132531,17,0.12900638820669902,ok,0
191,6.0877502767283271,3648048.1527134478,23,0.13353902704160936,ok,0
192,4.7587464920603129,3633036.4833851047,26,0.11159133543041733,ok,0
193,3.0628310524192432,2008285.8541831209,38,0.15177524624978822,ok,1
194,9.1612089180002965,3728927.7459570882,17,0.11356365686759518,ok,0
195,4.4311948623303241,3763467.2364345333,15,0.13832200450804588,ok,1
196,4.7572854544431351,3591457.768988031,20,0.12017457317585445,ok,0
197,6.6391767079962687,3597626.0798536786,24,0.097756872965557851,ok,0
198,3.3002041412212106,2267725.2931199414,39,0.14587057254214664,ok,1
199,4.24807305434725,2581618.0750895645,30,0.10771374828066591,ok,0
200,5.5801278393997231,3602649.8990457365,22,0.077724876238832619,ok,0
201,3.4818640440252597,2267725.2931199414,45,0.11021613188824775,ok,0
202,6.2642530295671621,3651536.7361008283,19,0.10291302376974143,ok,0
203,4.6620360381637465,3868519.2512226179,18,0.092080923393139114,ok,0
204,3.3064683586221206,2142731.0761223878,40,0.091428480292613717,ok,0
205,3.3207205876353068,2090177.9550635067,41,0.13009034282781262,ok,0
206,13.835796083732825,4377333.3368977271,8,0.13494407963709476,ok,0
207,5.6295883278911631,3617440.5345135531,21,0.12708554194103006,ok,0
208,4.6006844502588198,3668090.7953982488,17,0.11351765530954061,ok,0
209,4.5395795653794186,2773471.102127803,33,0.13758500428896325,ok,1
210,6.0629524546721658,4102551.3791844035,14,0.1131334691729092,ok,0
211,4.3767323051049738,3888778.4946034667,13,0.16157594729429925,ok,1
212,7.3897576796400797,3807095.3237264482,16,0.11511743357881876,ok,0
213,8.1732470374270054,3786172.3985835304,15,0.13840086066370666,ok,1
214,5.7488934408506944,4275784.912292812,15,0.1361963007558108,ok,1
215,6.2674389624831139,3642355.6037975242,20,0.10851296412978212,ok,0
216,3.4402466072000548,2267725.2931199414,41,0.11926211198712755,ok,0
217,6.0990982774313167,3735511.7491873861,23,0.094962603627790021,ok,0
218,6.8893018245408548,3622023.3523492268,19,0.12536013178944272,ok,0
219,7.3679903106369862,3594951.8327663415,21,0.13325815200869573,ok,0
220,3.6885821707835058,3761030.9040555735,15,0.087995219315461379,ok,0
221,7.4403470330677175,3590100.6361651062,20,0.13792699131180908,ok,1
222,5.8325222892872164,3608451.1077627754,19,0.14704475780639314,ok,1
223,8.9595231173589447,3619548.2562877112,15,0.14380164473081877,ok,1
224,4.973485035805135,3604188.8139300942,14,0.11347747993904977,ok,0
225,3.5629821951219092,2090177.9550635067,45,0.115147637973679,ok,0
226,5.1078481734694803,3619870.8469257257,32,0.097431963148626455,ok,0
227,5.5061797968486044,3592339.2037981865,29,0.13931738936618354,ok,1
228,5.9924413568623862,3650679.3120659948,15,0.10944388457898457,ok,0
229,5.8245958173716383,3926148.8529139394,12,0.16587774089149226,ok,1
230,8.8210064052659547,4879843.4256028067,8,0.13770316964720952,ok,1
231,4.395128627360549,3612597.3727897159,23,0.075253367111173475,ok,0
232,3.0580540565597256,2090177.9550635067,39,0.091432338955964476,ok,0
233,3.7845595939240901,2581618.0750895645,37,0.095067112538917198,ok,0
234,7.186600689912984,3866540.4343322208,21,0.16596029340166174,ok,1
235,3.1764507773811901,2142731.0761223878,42,0.12877202981820163,ok,0
236,4.0718173125578652,3600953.9640698247,14,0.11814658556123492,ok,0
237,3.9460809195565467,2267725.2931199414,44,0.15977757371485757,ok,1
238,5.1798614656859367,3626949.6179087088,23,0.15668268549593056,ok,1
239,3.5957983469087202,2008285.8541831209,42,0.12633312280909226,ok,0
240,7.488993750890498,3897175.7224563593,12,0.12373181169882767,ok,0
241,3.5565526031386883,2267725.2931199414,43,0.11930084090013182,ok,0
242,3.0537325343688861,2142731.0761223878,38,0.14679529691725401,ok,1
243,4.4022932862197148,2773471.102127803,28,0.13810157218504826,ok,1
244,3.9558656641004539,2349511.4431106183,33,0.14177090298474074,ok,1
245,5.0260129362793728,3776971.4573623696,15,0.15520924604907371,ok,1
246,5.763090661056812,3640783.5668783453,22,0.090477394583975967,ok,0
247,5.3730074423420175,3618061.1488265665,21,0.13881343811190322,ok,1
248,4.4912642384490091,3585876.8736073216,15,0.10487797169530605,ok,0
249,3.3104251694511473,2090177.9550635067,44,0.10350541016806142,ok,0
250,5.0615384426441778,3701428.1287826952,18,0.14680044411690341,ok,1
251,5.188364772091556,3619682.7862825235,23,0.13580370046304879,ok,1
252,5.0834223933294167,3886011.9619825361,10,0.15133560756176129,ok,1
253,4.3795669312915901,2342560.3317427742,42,0.15795417220169949,ok,1
254,4.9343206437770402,3689083.4297339856,21,0.12525154613340589,ok,0
255,5.0308902315469552,3902503.8734871545,12,0.12715708130951942,ok,0
256,3.8805643397517939,2357307.6858878741,41,0.16647821168150823,ok,1
257,3.4933729021183861,2267725.2931199414,41,0.15712377535204958,ok,1
258,5.0792615879198353,3826726.1014244817,12,0.13767950477146051,ok,1
259,4.4843467063843176,4044708.4982132181,9,0.17664706014631615,ok,1
260,5.2202114195001856,3612344.1196503309,16,0.13340914291327521,ok,0
261,3.6703647330731011,2090177.9550635067,39,0.14004831364299253,ok,1
262,7.2390505170787875,3863907.0203731605,14,0.13794575544693374,ok,1
263,6.0168408207604553,3680548.661043887,20,0.10134966322294148,ok,0
264,7.4046535031276974,3741716.0165006076,15,0.10386675934084721,ok,0
265,5.1538129047524404,3879403.887366917,10,0.15669327509310338,ok,1
266,3.899124148752926,2357307.6858878741,36,0.15275963423194794,ok,1
267,3.8277867991207901,2342560.3317427742,37,0.11342411231107574,ok,0
268,6.9021157368818722,3624300.9705766384,21,0.13726211143826561,ok,1
269,3.2447650569854378,2142731.0761223878,45,0.12643465972023993,ok,0
270,4.3989597912148231,3767535.0070600193,18,0.10935628588259266,ok,0
271,3.5673867142918763,2267725.2931199414,39,0.12779282902486622,ok,0
272,6.7396845766294629,4405787.0293174898,12,0.10574260836143429,ok,0
273,6.105361692911484,3589780.6304125702,25,0.094338125592741462,ok,0
274,4.2011918043349361,3893967.2451993744,14,0.12724573732546235,ok,0
275,8.2609651085929006,4718896.3729555849,11,0.14155306097510323,ok,1
276,8.0642402233064843,3611364.0618805359,19,0.13422259072141635,ok,0
277,5.7872389905943349,3621187.0790955205,16,0.14219289719591843,ok,1
278,4.3543160855703658,3261364.380769941,27,0.16309987237749807,ok,1
279,7.4382828569195372,3879362.1074369969,16,0.11822843419210494,ok,0
280,5.6500032212151465,3666949.7079261728,20,0.091867934717634769,ok,0
281,7.4108375773782678,3698312.0727451118,21,0.1225597901826273,ok,0
282,8.4210643987839155,3991708.890205659,13,0.15066742645709419,ok,1
283,3.6279051661985804,2378837.9975668644,30,0.11943926398963733,ok,0
284,3.6536605184660189,2581618.0750895645,33,0.14204030779179896,ok,1
285,4.0935971369093087,2349511.4431106183,38,0.12138297841213688,ok,0
286,5.3943304359757089,3710793.8779741265,16,0.13794683614548453,ok,1
287,4.433715512353368,3637036.9162344076,21,0.14444486981491267,ok,1
288,6.8963637093273462,3656130.5768234627,19,0.13722594543163902,ok,1
289,2.9231704390970172,2008285.8541831209,42,0.1781365767543861,ok,1
290,4.4543311067210434,3694447.5352513813,24,0.11055156885512391,ok,0
291,5.5914382429691187,3706620.6036481769,12,0.16079491540262714,ok,1
292,5.2666897772029255,3592382.802781573,32,0.062330157131138098,ok,0
293,4.0168614872659179,2581618.0750895645,31,0.10982460918264303,ok,0
294,7.0615619730616279,3688850.0072809965,12,0.09721682725612335,ok,0
295,5.9598611544907625,3635172.6015958437,23,0.13781337672909286,ok,1
296,5.2741615392037184,3694265.8684154674,22,0.18082830970486952,ok,1
297,5.1268531471612686,3619339.7743374538,20,0.14287564539506037,ok,1
298,3.736544148340101,4015283.5618948569,13,0.15436403043996266,ok,1
299,6.1823867927558931,3594351.1203890103,19,0.10237863139998649,ok,0
300,5.2562063470637002,3839226.9869042234,9,0.15900110510030996,ok,1
301,3.581786424249787,2142731.0761223878,46,0.1404083119762824,ok,1
302,5.2222831425755265,3604530.9725126256,22,0.09476699030398722,ok,0
303,3.603984718421481,2142731.0761223878,46,0.12023990979268889,ok,0
304,3.5130541110980564,2267725.2931199414,44,0.14434513622573386,ok,1
305,4.6704453467926506,3652082.2646637619,18,0.11948842359851608,ok,0
306,3.6190129347466589,2349511.4431106183,34,0.11509276602902704,ok,0
307,3.494457009100632,2267725.2931199414,37,0.15478289794817546,ok,1
308,5.5162317349028216,2581618.0750895645,31,0.11541291937269188,ok,0
309,4.079134340674397,2628545.6714319899,30,0.11811404889691035,ok,0
310,5.2141567698905869,3698146.2271162723,16,0.099065523487649298,ok,0
311,4.6326091245101981,3674845.8454508376,17,0.087669820318530489,ok,0
312,3.4704753063455005,2349719.955294122,38,0.13589681957093702,ok,1
313,4.3737553764145138,3623263.4902340025,15,0.10568469844685591,ok,0
314,5.0397347869212297,3606466.4315696494,23,0.11260550442646022,ok,0
315,4.3365315817635093,2581618.0750895645,33,0.15184243632295491,ok,1
316,4.2622240640743767,2267725.2931199414,44,0.11759087006628013,ok,0
317,3.5913030385602314,2267725.2931199414,35,0.16178857528090146,ok,1
318,7.0039998552735323,4154318.583943205,14,0.11312123523865203,ok,0
319,2.9521400397297413,2090177.9550635067,40,0.14884543070366718,ok,1
320,3.4317571024547449,2357307.6858878741,38,0.099237999236429453,ok,0
321,5.4675249852799093,3935201.5781909721,9,0.12154309685989023,ok,0
322,3.6790903819921175,2090177.9550635067,45,0.14296146407686305,ok,1
323,3.5588263129763167,2267725.2931199414,42,0.13305472602763602,ok,0
324,5.5034365651812802,3613310.5215644222,23,0.13434872411345322,ok,0
325,5.3651326519540632,3698476.6749012959,18,0.086408129321322025,ok,0
326,5.4817597275841985,3649627.7680836376,15,0.10048083337306435,ok,0
327,6.6452991232545582,3597147.756863934,16,0.15459934195364322,ok,1
328,5.7278096920567814,3689969.3537662728,21,0.098082679521319549,ok,0
329,3.025827538733544,2142731.0761223878,40,0.13160017584538142,ok,0
330,5.1698895219909122,3605960.6593709909,21,0.076544679503881663,ok,0
331,4.3314894051943362,3796441.7054565824,16,0.14557086265662877,ok,1
332,7.6596500058239343,3855655.6092959638,18,0.12223283082845904,ok,0
333,3.4814331265291898,2342560.3317427742,44,0.15513817238876482,ok,1
334,6.6740039369669715,3604682.1182076903,31,0.14549921188931025,ok,1
335,3.9871077874828669,2581618.0750895645,32,0.16137081712939971,ok,1
336,4.3708213212563578,4081797.864962481,13,0.14910111820307093,ok,1
337,3.9043956087057192,2342560.3317427742,42,0.19729563563251695,ok,1
338,2.7964914362135009,2090177.9550635067,46,0.14861729919822442,ok,1
339,7.3837530669656433,3634775.9012243561,16,0.10575351401202948,ok,0
340,8.2326325531061535,3586394.9723432143,24,0.096060905606787927,ok,0
341,3.1405009506630646,2090177.9550635067,44,0.1380425808578728,ok,1
342,4.7047206072554779,2581618.0750895645,34,0.11691657651010379,ok,0
343,4.9096979094495783,3949605.7215723419,15,0.10046236857525935,ok,0
344,6.2749933413394929,3948515.2741253679,18,0.15830892623617687,ok,1
345,4.8493626073976772,3600605.5432133223,20,0.12661119691079648,ok,0
346,5.5204339062870762,4265361.0339753442,18,0.1139322647698911,ok,0
347,4.9633611335738923,3665345.6168907215,17,0.13783619545883141,ok,1
348,3.5662631798551554,2798038.8762947805,29,0.12306284731147532,ok,0
349,3.0781477682540399,2090177.9550635067,44,0.15570124619860592,ok,1
350,3.7801894021931011,2678205.3747857241,30,0.10091236244313567,ok,0
351,3.9810016252310105,2349719.955294122,34,0.096167569489802512,ok,0
352,3.5813709097525721,2342560.3317427742,35,0.15887526136362917,ok,1
353,4.212025363535103,3586167.8450048813,18,0.13462925975141415,ok,0
354,4.1794317590005257,2609060.0868099569,30,0.086866823791896391,ok,0
355,8.096989988690412,3669147.7645754348,15,0.12742504411374389,ok,0
356,3.831566379120861,2342560.3317427742,39,0.11385438170050988,ok,0
357,5.3503572358518952,4759459.9797727307,11,0.17086524546517423,ok,1
358,5.2261131365389835,2786813.40424396,31,0.14555571029995662,ok,1
359,3.3358225976106897,2342560.3317427742,39,0.1503285870274163,ok,1
360,5.9225279190408733,3644422.9038321101,20,0.1063529393572476,ok,0
361,3.960544467136407,2786813.40424396,27,0.110775736715786,ok,0
362,9.6333543287564645,3700966.3726303075,19,0.14534191647441896,ok,1
363,3.4426410606172242,3158053.4917109548,27,0.12534401085687741,ok,0
364,5.2245488641005142,3689989.9750599037,15,0.10927295558777117,ok,0
365,3.5070200259274293,2342560.3317427742,46,0.14155555623373151,ok,1
366,5.0168022334371347,3664435.5062439227,22,0.13517074102394389,ok,0
367,3.5749783800713963,2142731.0761223878,44,0.12393703799988376,ok,0
368,7.5040688416490955,3590381.0215561115,25,0.10926906796551505,ok,0
369,7.5882314945674674,4041160.0122065688,15,0.14382539540221645,ok,1
370,5.7676835047820596,3626176.2656669919,20,0.12127541561261068,ok,0
371,3.5192827231815071,2142731.0761223878,43,0.1779304549504202,ok,1
372,5.2200223081204937,3609403.1139449561,22,0.15014331433994388,ok,1
373,4.0084299158976231,2267725.2931199414,45,0.13142350204182751,ok,0
374,6.8542689589752088,4060179.5073859273,10,0.11942604586757927,ok,0
375,3.5659256167303233,2342560.3317427742,37,0.13343328772447371,ok,0
376,8.5368359229223767,4621563.2053108281,10,0.14061252051330253,ok,1
377,3.7298633502619589,2267725.2931199414,37,0.12035841514219559,ok,0
378,4.0010396174381686,3881513.8050516504,10,0.13449712320647345,ok,0
379,6.4121025208929581,3599804.0309693771,20,0.10591910381884642,ok,0
380,6.876114607575099,3642219.7500010892,23,0.080637145335495763,ok,0
381,4.8218555101004572,3655277.1533001005,15,0.13566140469778515,ok,1
382,3.7861881284192918,2349719.955294122,39,0.12810692784245312,ok,0
383,4.6221776420405405,3644000.0171350003,16,0.13208388970575335,ok,0
384,6.2210543838495047,3600698.9719039183,25,0.071612999976730207,ok,0
385,5.0320079201551353,3872279.3392798021,19,0.18384282156150933,ok,1
386,3.9428034409913884,2357307.6858878741,37,0.13286264476509446,ok,0
387,3.2656158270221507,2267725.2931199414,42,0.10274533108643746,ok,0
388,3.4167031094411544,2342560.3317427742,39,0.11477888852063012,ok,0
389,5.2536679984621113,3614187.4333528052,18,0.10581257673409272,ok,0
390,7.4918613365674043,3586880.8325306713,21,0.13218040618556903,ok,0
391,6.7194756205790922,3686690.9346393603,16,0.13661891896885003,ok,1
392,6.8303687882158872,3605081.7304369616,19,0.18910003669036957,ok,1
393,3.4083762719145465,2342560.3317427742,43,0.11309802783313871,ok,0
394,5.6868092846572917,3890214.0349111953,18,0.14566137390812328,ok,1
395,9.4752007654985473,4044192.1423292006,10,0.12827232121133597,ok,0
396,5.3778040299193348,3667334.3651356231,17,0.11829898029614083,ok,0
397,6.9071587834939763,3767718.116804379,9,0.11549997020928437,ok,0
398,5.0682956827074026,3585774.4008794823,21,0.12461579875636986,ok,0
399,5.1002236079682035,3787600.9247267745,15,0.13110332435504285,ok,0
400,5.1802877795433941,4018019.2499638745,19,0.11673410117886401,ok,0
401,8.7414256216446375,4513735.4893028233,10,0.13493703117620504,ok,0
402,5.9658416350053614,3608618.2023140793,16,0.1266059215578601,ok,0
403,3.9575714235082931,2267725.2931199414,40,0.11673622910613704,ok,0
404,4.9454469589032861,3662229.3202324291,21,0.11682981010992055,ok,0
405,3.5332912747603316,2267725.2931199414,40,0.13825554724640465,ok,1
406,4.0339136173278369,2786813.40424396,27,0.10156575736605844,ok,0
407,4.246678735951166,2786813.40424396,27,0.14851803862795138,ok,1
408,6.1990817757034371,3709389.1913685915,19,0.11744547873461619,ok,0
409,3.497674514847787,2349511.4431106183,37,0.11893217567689418,ok,0
410,5.8736842960974478,3586463.4969676672,18,0.12790601516144706,ok,0
411,7.6093069133065221,3649183.9284332013,15,0.11896230503684574,ok,0
412,7.2102054811633183,3679127.6343436679,19,0.12089459614532139,ok,0
413,4.3362867285871713,2628545.6714319899,29,0.16826768372083378,ok,1
414,4.3481612260786306,2581618.0750895645,31,0.12829305977398575,ok,0
415,6.8222922926004763,4370955.0407697568,9,0.11700809940153611,ok,0
416,3.9177222311697628,2349719.955294122,42,0.12557807691365425,ok,0
417,3.4678412792547673,2349719.955294122,39,0.13376010825098461,ok,0
418,4.0540521219222558,2267725.2931199414,42,0.15031395456877389,ok,1
419,4.6644612018110507,3158053.4917109548,26,0.14544637811132738,ok,1
420,3.2725854304229953,2142731.0761223878,43,0.15799935247394337,ok,1
421,5.3720471722659981,3639022.6221132507,18,0.13322892056848407,ok,0
422,6.2898267403978734,3613147.1340623968,20,0.13556241282686304,ok,1
423,3.5960468197398381,2267725.2931199414,42,0.11411884440057474,ok,0
424,5.8661412891697928,3608325.3593357471,25,0.10220113708625644,ok,0
425,5.486485095782947,3686811.1501907012,13,0.14760102777515982,ok,1
426,5.9293516015234724,3688403.9626686033,15,0.18646087604582356,ok,1
427,3.2353635249812185,2357307.6858878741,35,0.12147073698420785,ok,0
428,5.3743342025616121,3604822.7560348231,21,0.14232388424938025,ok,1
429,3.1855469674444796,2090177.9550635067,39,0.10006916393288545,ok,0
430,6.8330078230568185,4140452.3033666369,15,0.090383364177910264,ok,0
431,7.0030574001458108,3711456.3741961229,16,0.12683057850938706,ok,0
432,3.1710873841702814,2142731.0761223878,42,0.14973313538327926,ok,1
433,6.4843493855116545,3600461.2445281404,19,0.11274448543414461,ok,0
434,9.585914872681041,4182892.0638222629,17,0.14802149148711674,ok,1
435,8.2371023081889945,3609969.223576175,18,0.13380924420333418,ok,0
436,4.2820775844207279,2628545.6714319899,29,0.11152002196908625,ok,0
437,4.7231994489695168,3587361.2610630896,24,0.14167144325860248,ok,1
438,3.6198294915986806,2267725.2931199414,41,0.13578118909542225,ok,1
439,6.1468568861684449,3839095.9772527018,20,0.12479988725008428,ok,0
440,5.0415401347144213,3673755.0387413632,17,0.10168428655951089,ok,0
441,6.7508395627794515,4803582.022796303,13,0.13667834260454725,ok,1
442,7.7332604905007356,3589895.4732547039,18,0.10624543215988846,ok,0
443,3.9173015902826678,2628545.6714319899,41,0.080428487518838354,ok,0
444,8.9253073134691654,3942763.4749553301,12,0.15244511772776087,ok,1
445,6.4159239226739055,3645063.9910469181,19,0.14768820178721143,ok,1
446,3.4764092186721851,2349719.955294122,35,0.17692282500736473,ok,1
447,5.2716627395859978,3727876.3436603504,19,0.10763805167473056,ok,0
448,5.731515236570166,3613655.5112217078,19,0.13074785313324067,ok,0
449,4.0558941941889977,2267725.2931199414,40,0.12931036106729393,ok,0
450,3.1763649019622311,2142731.0761223878,41,0.10321403938724878,ok,0
451,5.4470956667528494,3624821.7961427569,20,0.10221423579948974,ok,0
452,4.5395842124957859,3667209.0979075627,19,0.092986234004770352,ok,0
453,3.8213575776834614,2267725.2931199414,42,0.13532048980823408,ok,0
454,5.2017077185366221,3635334.2875402099,26,0.11692221677273829,ok,0
455,3.676421463060128,2416638.8374307705,34,0.11764705882352941,ok,0
456,5.2902596314055987,3695854.1475688163,19,0.1041176371969601,ok,0
457,4.0930188279035384,2773471.102127803,31,0.13723515160048244,ok,1
458,3.5877625257063528,3605487.5609089141,21,0.097305495714732515,ok,0
459,2.8519409959648154,2142731.0761223878,42,0.14380104187673204,ok,1
460,4.0789434802088707,2349719.955294122,34,0.10984858871940881,ok,0
461,7.3126151321900208,3898937.3897908428,17,0.10087734201756604,ok,0
462,5.656336119782515,3729888.928748386,25,0.109921523984712,ok,0
463,3.2426314461508663,2267725.2931199414,38,0.10786077773580205,ok,0
464,8.1059972349843736,3673512.0746021708,16,0.11901268125252029,ok,0
465,3.1866727327006759,2008285.8541831209,46,0.16168980632772006,ok,1
466,3.1844865826420019,2342560.3317427742,41,0.10426301531890159,ok,0
467,3.9673921537595249,2349511.4431106183,39,0.14334674378960385,ok,1
468,4.7606956064480066,3594920.4279996534,21,0.13201073842061473,ok,0
469,11.332313293279205,3671876.1822953322,16,0.14536825543207055,ok,1
470,4.8219395929022921,3640155.5927348775,24,0.12195618433276789,ok,0
471,3.6845314407418952,2786813.40424396,24,0.1217968702338289,ok,0
472,4.6713076963916329,2773471.102127803,27,0.13279135236734652,ok,0
473,4.3080742246063863,2349511.4431106183,39,0.1136409785806225,ok,0
474,4.6607489879608153,3590868.715243448,22,0.10677246048001887,ok,0
475,6.7216225044348752,3721340.1577135972,26,0.094014665829863175,ok,0
476,4.7052875152690588,2954199.3212936129,32,0.18358998530041559,ok,1
477,9.3400710725689571,4058691.9764258107,15,0.11820865105922107,ok,0
478,7.0752009731495589,3648217.4478917522,16,0.11750176292520365,ok,0
479,6.2799735750412387,3660076.9238175452,15,0.11317655982502395,ok,0
480,4.4636701532358334,2349511.4431106183,40,0.16128377519909309,ok,1
481,6.6865075105143026,3621845.5000686748,14,0.1017920698338669,ok,0
482,4.0274113850598967,3609333.0548226763,18,0.10325547327955911,ok,0
483,3.8434629410038919,2416638.8374307705,23,0.12772354989953702,ok,0
484,7.2367338761737781,3867485.7919923211,12,0.1384596862260718,ok,1
485,4.693348896482366,3588160.8806758136,24,0.11909506993767144,ok,0
486,6.2475893230971318,3588166.7173219025,21,0.11919775645663067,ok,0
487,3.3863290347457404,2267725.2931199414,41,0.078696774821616106,ok,0
488,7.2019129105422515,3647984.8058358063,20,0.15930651392992545,ok,1
489,3.4787551049906082,2142731.0761223878,41,0.11305671840935749,ok,0
490,4.4562642854829821,2267725.2931199414,40,0.12261396609141795,ok,0
491,3.1796201253093459,2349719.955294122,32,0.09375,ok,0
492,4.8990263506853822,3676158.2018365506,23,0.13206935895580685,ok,0
493,7.1330019571464698,3611241.8742460804,20,0.12064166596380577,ok,0
494,7.5943062049141687,3624904.8980576699,14,0.11163367213212066,ok,0
495,6.959042123629998,4074810.5557210576,13,0.12933416121963065,ok,0
496,4.0600027727356087,2342560.3317427742,40,0.13357908438208643,ok,0
497,6.9666657681047122,3626708.1759978686,21,0.16331455370947967,ok,1
498,6.0265001980779287,3684290.753301545,15,0.13280306295397482,ok,0
499,4.4565214635444974,3280705.556872033,28,0.16648796604911575,ok,1
500,6.0001964855571401,4330198.2408719566,13,0.11776666754141918,ok,0
501,4.5473302490838474,3650676.1126980106,21,0.13409594112226852,ok,0
502,3.0972682046784707,2008285.8541831209,41,0.1704407314858678,ok,1
503,5.9225782037476611,3586163.899188648,21,0.092771965598937967,ok,0
504,5.4477760708863308,3647587.3819671478,24,0.18019838188075216,ok,1
505,5.8560585409619552,3591891.2749443823,21,0.10949894116223302,ok,0
506,5.5079686760743538,3911087.8878771123,15,0.10827032820147398,ok,0
507,7.6124054697907333,3630791.3478144137,19,0.089887568049427935,ok,0
508,3.8051220282646687,2342560.3317427742,41,0.14513112683514118,ok,1
509,4.5070153045304346,3593425.3457999877,19,0.11580033607123341,ok,0
510,5.7064225261322523,3608068.1683859229,21,0.16286683941526664,ok,1
511,3.445263617458552,2142731.0761223878,43,0.16484061315071985,ok,1
512,3.3765036429881778,2090177.9550635067,42,0.12851850953159144,ok,0
513,4.1890022920562178,2342560.3317427742,43,0.14276423362906399,ok,1
514,4.9443850322892278,3932745.3555699675,17,0.08472738179467898,ok,0
515,8.7822324719991673,3733907.2500051856,17,0.17178979739887085,ok,1
516,2.8309676387829805,2008285.8541831209,42,0.15041366566480263,ok,1
517,3.4474663137256858,2349511.4431106183,42,0.18711012695658569,ok,1
518,3.3506261349017943,2267725.2931199414,38,0.1031649526543631,ok,0
519,5.17922726617509,3664635.594144321,15,0.11828507529460852,ok,0
520,3.462057418676141,2142731.0761223878,42,0.14884732256830169,ok,1
521,4.2940480571152353,3590114.0486478452,23,0.10169037941659459,ok,0
522,3.4367750375868784,2267725.2931199414,37,0.13364641783644271,ok,0
523,7.1926569728305578,3614023.6909028031,24,0.13331007379078019,ok,0
524,12.485519549158351,3769356.869752089,16,0.07929791459746216,ok,0
525,7.617288474120298,4266069.0631454783,12,0.10874713036884978,ok,0
526,7.2047540916224628,3605470.0645628227,24,0.12381589816158434,ok,0
527,7.5702605131435821,3587890.2658056947,18,0.14043448881087717,ok,1
528,5.6867256185132762,3710478.6400815314,22,0.16179955194457629,ok,1
529,5.34564922661332,3709413.626614023,17,0.10160860591748777,ok,0
530,4.004159347463089,2267725.2931199414,39,0.13234707132131029,ok,0
531,6.3662186850065234,3644547.6243033195,21,0.10458026955479605,ok,0
532,3.9700252659340989,2628545.6714319899,32,0.11311291658328415,ok,0
533,4.3260887127466674,3606606.8516590884,18,0.13046580171276811,ok,0
534,6.1822828515775177,3604865.5845799749,18,0.10765748873199082,ok,0
535,5.1449783356912659,3731260.2169441418,16,0.12387005799188222,ok,0
536,6.4312829780948544,3750477.0142180277,25,0.06185892374440588,ok,0
537,4.0091507998925007,3745830.699429709,17,0.078863993539759703,ok,0
538,3.1533959301251389,2008285.8541831209,48,0.10473772605359882,ok,0
539,3.6216211605496031,2357307.6858878741,29,0.12505627179289247,ok,0
540,5.4856091583896021,3678074.2935639364,20,0.10410588333480741,ok,0
541,5.6815989744159543,3589376.0850039446,28,0.14795802913925127,ok,1
542,8.4079023024116104,4033096.8964371225,15,0.1206456427384508,ok,0
543,7.0262778279243872,4566074.2610390438,8,0.13930824008476628,ok,1
544,5.0275342855756993,2980790.4908226882,27,0.12611456622365202,ok,0
545,3.1422379051135523,2090177.9550635067,35,0.12873169863628969,ok,0
546,7.7115971319004073,3741767.6554267108,21,0.12321825959188426,ok,0
547,4.099786608659719,2954199.3212936129,28,0.13202049874041649,ok,0
548,3.3831872622533008,2008285.8541831209,41,0.1485214828058451,ok,1
549,9.1002385937674877,3665791.404436334,16,0.15689362820077069,ok,1
550,3.3225472551261443,2378837.9975668644,32,0.12029607091602512,ok,0
551,4.0821291058306137,2581618.0750895645,33,0.12787243070988832,ok,0
552,7.1947863231796605,4372026.1002106154,16,0.086598384775335546,ok,0
553,4.949006733842106,3591072.3490011455,23,0.099872672441177368,ok,0
554,5.4959576059868276,4258864.1964601912,10,0.10480325079245012,ok,0
555,5.4989350191169848,3749404.1049911748,18,0.1020428213595263,ok,0
556,4.8631411833178468,3609701.6082223565,20,0.13798684446395171,ok,1
557,4.77761128547467,4723664.3388716374,8,0.125,ok,0
558,8.3080489205295649,4337963.2470058501,12,0.14528554484643663,ok,1
559,5.5219135990777453,3608907.8136204933,17,0.10247571901621241,ok,0
560,5.2085680365470113,3643030.7894178992,17,0.092429630386712702,ok,0
561,3.6714334537150695,2342560.3317427742,39,0.12532633639163293,ok,0
562,10.61402290432974,3607267.3293280411,13,0.11682381537180786,ok,0
563,3.028503245899691,2349719.955294122,35,0.069863695918016999,ok,0
564,3.3712057830738922,2267725.2931199414,44,0.15172719888951117,ok,1
565,3.3265447925294742,2267725.2931199414,41,0.12212120823034245,ok,0
566,5.6573771152839383,3603505.2659332897,20,0.15407287557773008,ok,1
567,3.2595289370417158,2142731.0761223878,45,0.12296347151736192,ok,0
568,4.9143972450977582,3665226.0985843409,19,0.16232227227964718,ok,1
569,3.7633846358678671,2267725.2931199414,43,0.1183081597333524,ok,0
570,3.5030167453690493,2142731.0761223878,42,0.14026670152244247,ok,1
571,4.9863124787173732,3606845.3488838412,23,0.14837749828580149,ok,1
572,4.0896428199719539,4114677.7020701091,9,0.19464630148383399,ok,1
573,6.8528898194676495,3591598.5339559284,15,0.11570665044548295,ok,0
574,3.2685824122737088,2357307.6858878741,36,0.095170269877780433,ok,0
575,4.0752372502049106,2628545.6714319899,27,0.13492737432124202,ok,0
576,4.064604824096457,3610945.7293324056,19,0.099395690783862123,ok,0
577,7.3070740019438736,3602868.3918783753,23,0.19106647328009008,ok,1
578,8.1774099617403699,3830616.9691765374,15,0.11664385280444178,ok,0
579,3.0932618579460684,2142731.0761223878,43,0.10049188923431197,ok,0
580,4.3722669844066662,3727565.1864832584,18,0.10345839714035482,ok,0
581,2.9752599537357369,2090177.9550635067,39,0.15434839222218477,ok,1
582,3.3793661710047731,2008285.8541831209,40,0.10672893753278362,ok,0
583,3.954847538966749,2267725.2931199414,37,0.11607995369851176,ok,0
584,4.7921893002463065,3720923.0230870959,16,0.14417370006413877,ok,1
585,3.7329771924506101,2342560.3317427742,43,0.13175482249446635,ok,0
586,3.3738476305520271,2267725.2931199414,36,0.1151375502568992,ok,0
587,9.1198882148036837,3592782.3762240796,23,0.11783616227544591,ok,0
588,4.9845267714063821,3592277.5742877563,21,0.10202273594373878,ok,0
589,6.6065668768173014,3618828.1262913882,21,0.13526498426343248,ok,0
590,4.8496972126408817,3640758.4670348912,23,0.10766507247354629,ok,0
591,6.0806675026628607,3618034.6263455851,16,0.11581750326571694,ok,0
592,4.0439397954708065,2267725.2931199414,42,0.13558343621877611,ok,1
593,2.9597047081871208,2008285.8541831209,43,0.12259295180372443,ok,0
594,3.7416610276903959,2342560.3317427742,40,0.12135470044266494,ok,0
595,8.000845336491107,3769946.1523841773,20,0.080349141068094432,ok,0
596,3.7917948497213212,2342560.3317427742,38,0.13818909424578307,ok,1
597,4.9327591746677317,3648644.9372331779,22,0.069941515712966335,ok,0
598,4.5992606212026521,3630517.5746052163,23,0.12074421318431738,ok,0
599,3.2606693507658315,2090177.9550635067,44,0.13626822207783842,ok,1
600,5.4025896138511689,3997974.9237962831,14,0.13430737167963042,ok,0
601,5.0257408934004815,3590340.1209913716,15,0.11651415410580934,ok,0
602,3.7081364924561142,2267725.2931199414,40,0.10349648292538974,ok,0
603,4.0317263729557657,2609060.0868099569,32,0.13379672353895777,ok,0
604,3.1857625507277794,2008285.8541831209,40,0.13562288671987494,ok,1
605,7.2056835494315035,3649655.7918537469,16,0.13972649477251609,ok,1
606,12.052563125416025,3750835.6476497818,27,0.08383594794935223,ok,0
607,7.6197869051602671,3613716.5449238904,22,0.080965929001771242,ok,0
608,8.2665678448523821,3903114.2069763565,16,0.11410630023055079,ok,0
609,6.500531754309721,3636866.2296806206,17,0.15868018800511596,ok,1
610,11.821348451897119,4152600.8046951024,10,0.16060983799409784,ok,1
611,4.2126123862961329,2267725.2931199414,35,0.14063643394814734,ok,1
612,6.5441809299202669,3964488.056636184,18,0.12141520198373101,ok,0
613,3.8810695962421526,2342560.3317427742,36,0.13940330873972534,ok,1
614,4.8202802635729647,3609200.4227685947,18,0.10317267412333886,ok,0
615,5.1371071029142863,4060970.5755543439,9,0.13178481929607433,ok,0
616,4.136066544903203,3591358.7939681164,16,0.11393923817361606,ok,0
617,4.0829476256954376,2267725.2931199414,38,0.11964233103100336,ok,0
618,3.1134280682465199,2008285.8541831209,42,0.12908541958026715,ok,0
619,8.0813901732687725,3592101.8970425962,17,0.11238456524415785,ok,0
620,6.0866539825977855,3753652.2455103388,13,0.12250404533957626,ok,0
621,5.0622407550859343,3679001.2721699364,15,0.077262809919771733,ok,0
622,4.0965115557011842,2581618.0750895645,38,0.12468837428701851,ok,0
623,3.0616612023103573,2267725.2931199414,40,0.089151191410623332,ok,0
624,5.6551644675402493,3701384.3049883312,14,0.11799510935116578,ok,0
625,3.35789760665071,2342560.3317427742,38,0.13183874809117258,ok,0
626,3.4818544243140472,2628545.6714319899,35,0.16605859603766404,ok,1
627,3.9620209659018086,2267725.2931199414,39,0.12235174833806112,ok,0
628,2.9928571066056415,2008285.8541831209,43,0.15738440817268684,ok,1
629,5.7946563258951587,3647135.8856483023,14,0.13624568273052862,ok,1
630,5.256888706328767,3679600.4944121568,17,0.10514390825833964,ok,0
631,3.7303772492081126,2342560.3317427742,41,0.14916705431769725,ok,1
632,3.350509757060665,2090177.9550635067,41,0.1261001226008035,ok,0
633,6.2286641406065595,3725383.4089945848,20,0.13244869128305134,ok,0
634,4.2886173814589865,3684677.4773781379,24,0.13329613968413478,ok,0
635,13.253623824928569,4127056.8768411726,8,0.15375642950332957,ok,1
636,5.0022391488076172,3842908.8058820395,12,0.13130494797715669,ok,0
637,5.9246804439882546,3653228.0145571698,19,0.1246304437981326,ok,0
638,6.2866788627932895,3611858.75676273,21,0.15877390610774011,ok,1
639,10.884569908165826,3828427.5727565605,12,0.12304451094235375,ok,0
640,6.4186245541841691,3774656.326757621,24,0.1206482159443365,ok,0
641,5.9613278886953047,3962097.633374305,11,0.12706914908134309,ok,0
642,5.098134270429032,3808013.149008926,11,0.11978717770298625,ok,0
643,5.8864642946205183,3597123.4225430144,21,0.14228126493644799,ok,1
644,3.6745119993007673,2267725.2931199414,40,0.10000000000000001,ok,0
645,5.4305843633655932,3592031.7788039837,19,0.11556699576164281,ok,0
646,3.5499586289427065,2609060.0868099569,35,0.13815327172155195,ok,1
647,4.3409041222442957,3703117.2192713362,21,0.13269313375152181,ok,0
648,6.0068925207944384,3617428.3267295333,21,0.14088561329271398,ok,1
649,6.5809104985543083,3803820.8497105232,16,0.1651190372663357,ok,1
650,7.4156846398971865,3627536.9163058386,17,0.13564621725706488,ok,1
651,3.4384169940336937,2090177.9550635067,39,0.13296354157644041,ok,0
652,5.1643786766796715,4017223.0628493377,12,0.14597615869214686,ok,1
653,5.7150613623045459,3638797.2257273602,19,0.11414991247771533,ok,0
654,6.1964735478327713,3600828.198775175,21,0.14260751203049271,ok,1
655,4.0969506822601405,3598586.2110773912,20,0.1054462681205155,ok,0
656,3.4603162492246904,2267725.2931199414,38,0.11766842046759607,ok,0
657,3.9217845460939675,3609737.5027638371,25,0.10488977209855321,ok,0
658,5.5168548346243842,3600552.3051335355,21,0.12731313885961565,ok,0
659,5.3363972469938687,3596474.9019451994,24,0.11070002866679285,ok,0
660,5.7230109485715177,3896880.335385317,18,0.10635764529886188,ok,0
661,4.0807049499210102,2349511.4431106183,33,0.13069638350047363,ok,0
662,12.363002510448682,4244504.6107698428,16,0.10795830983864874,ok,0
663,10.186338842998177,4405860.8624637304,11,0.13268276896880116,ok,0
664,7.5395960923787735,3690872.6628392055,11,0.11295030884661095,ok,0
665,5.7478377987037819,3597767.830139007,19,0.12808727695936895,ok,0
666,4.0542458562961095,2349719.955294122,42,0.14137549128439786,ok,1
667,7.2448770602706265,3634329.4276071014,15,0.12465834283099186,ok,0
668,3.2215301291900502,2349511.4431106183,43,0.10505061784920366,ok,0
669,5.3214383399684095,3617941.4799304726,21,0.11501774697157097,ok,0
670,7.3759285483332135,3621276.2777512241,16,0.17958761802680079,ok,1
671,9.879988512250236,4388673.7652536072,8,0.12763461809798038,ok,0
672,4.6568529727414827,2609060.0868099569,34,0.12982552502146555,ok,0
673,6.7692180811150156,3622755.6045267568,16,0.1349969968465542,ok,0
674,4.7585185232456899,3618172.9921447868,22,0.1381714040119848,ok,1
675,4.8676967574620571,3732667.2293348364,22,0.13034794605173261,ok,0
676,4.8406375455359374,3819756.8386959531,13,0.11720765695144608,ok,0
677,4.600508709282928,3613100.0337553732,22,0.11081577963703282,ok,0
678,4.375333080396949,3710856.6517973864,22,0.13465093155910635,ok,0
679,7.7942451580238599,4100962.0921819056,15,0.084812115630441165,ok,0
680,4.0939838021893049,2267725.2931199414,40,0.14113216871685974,ok,1
681,4.602879255530274,3633006.0405961177,18,0.11035833020406605,ok,0
682,4.7978872758432054,4064548.043825076,8,0.125,ok,0
683,8.6880269739743206,3685959.8511781334,19,0.1344428306906803,ok,0
684,9.4486458630605661,3636716.7888973947,20,0.12808853249259178,ok,0
685,8.7041848922154959,4114646.7347235582,16,0.12238428462309803,ok,0
686,3.8246363598927817,2342560.3317427742,46,0.13549789753986563,ok,1
687,3.4156120737849602,2342560.3317427742,36,0.095791762769716682,ok,0
688,3.0477342927476196,2142731.0761223878,47,0.14198007228864773,ok,1
689,10.082545368397804,3603096.8055898407,24,0.1066998724823417,ok,0
690,4.2840141265243847,2416638.8374307705,33,0.10405791766752562,ok,0
691,4.0785495592067678,2581618.0750895645,37,0.13052716010061527,ok,0
692,5.1139804887297968,3662559.1201888234,16,0.10825048490621203,ok,0
693,5.0807155878467567,3701900.9676149343,20,0.1375839131038149,ok,1
694,4.0229608944604038,2267725.2931199414,38,0.11398044861208845,ok,0
695,7.240091253125998,4849591.8306769216,8,0.15311533788974185,ok,1
696,4.0678794487450958,3942875.6422206014,14,0.14035737890026589,ok,1
697,4.3096645753877922,4616323.4652220104,7,0.16042105480029356,ok,1
698,3.5373235590867873,2342560.3317427742,36,0.17046715691070446,ok,1
699,6.0051395188494503,3862742.8742495566,17,0.11256052239449399,ok,0
700,3.4722076442288077,2342560.3317427742,45,0.14703390430516439,ok,1
701,5.2519694564485278,3801645.7787195756,15,0.099266207939189055,ok,0
702,3.5362061723324607,2090177.9550635067,44,0.13743796475315806,ok,1
703,3.9915084486487755,2267725.2931199414,38,0.1575131635838406,ok,1
704,6.096031542287478,3941921.6584398989,14,0.11771144933646266,ok,0
705,9.3765703602652053,3897312.2535717874,16,0.087398446291565346,ok,0
706,6.6901149477639592,3641460.2928553582,20,0.12375371016020753,ok,0
707,4.3515590732306517,2267725.2931199414,39,0.16027920825454756,ok,1
708,3.4049637893800813,2142731.0761223878,36,0.13895568227618438,ok,1
709,8.115839678566072,3680791.7733235462,19,0.12275987057471105,ok,0
710,3.1939933929333044,2267725.2931199414,40,0.13557315896892663,ok,1
711,5.8036497226235992,3598822.4123216574,21,0.11328108065993869,ok,0
712,3.8176162448520312,2342560.3317427742,41,0.10959642969761851,ok,0
713,5.5912481484613545,3639258.4968426344,20,0.09896082304272949,ok,0
714,3.3633306255823112,2142731.0761223878,43,0.12364468833248818,ok,0
715,6.1707440710576407,3618868.9212621762,19,0.099224621967623161,ok,0
716,3.3297893478629916,2342560.3317427742,44,0.13358924562612073,ok,0
717,5.1818695956814338,3703830.6547364998,21,0.13331136725042481,ok,0
718,3.6659243739568312,2267725.2931199414,38,0.14322335328634173,ok,1
719,10.90390861583694,4410580.9012956005,13,0.12135641234332939,ok,0
720,5.1382651127211956,3657483.0809663245,21,0.13324013578871619,ok,0
721,6.2176396354356891,4300848.1680719266,13,0.11836496218868486,ok,0
722,3.4525880917934941,2142731.0761223878,41,0.13497030913588037,ok,0
723,5.7164766663967157,3639289.2050887514,21,0.14253301280413722,ok,1
724,5.29368771092423,3894642.3332049013,17,0.11184431198218492,ok,0
725,4.5112208102226097,2772356.9728852585,42,0.13143995226669336,ok,0
726,5.9458319545045777,3755901.2470586598,20,0.11508772610876433,ok,0
727,3.6429414089445444,2090177.9550635067,42,0.14199170531177463,ok,1
728,3.5719823672644782,2772356.9728852585,34,0.16624275509709324,ok,1
729,5.2709585572295241,3647973.763407982,20,0.14860236143725597,ok,1
730,7.2209667438018155,3594186.5548838181,22,0.090431238241730549,ok,0
731,5.0228658653198544,3633219.6807448142,18,0.14509631774963549,ok,1
732,4.0093557851723318,2267725.2931199414,41,0.14978844751381537,ok,1
733,6.0950387469458827,3616254.4071350559,15,0.11550327036051666,ok,0
734,3.6247182777222631,2357307.6858878741,37,0.15553954860466035,ok,1
735,3.5181504885841313,2342560.3317427742,37,0.083826554207865001,ok,0
736,4.5537184836041078,3853194.1882572044,20,0.10741421428783476,ok,0
737,8.1782530582131301,4651062.8924106304,10,0.13982403486658729,ok,1
738,5.3622138690682304,3820944.5277653588,15,0.10403397465419784,ok,0
739,5.5970542316738152,3770204.9567637262,19,0.14927631909459027,ok,1
740,10.55024864720699,4106026.8322614809,12,0.10447661072802894,ok,0
741,9.221397616640699,3863104.3513320638,16,0.11162534509093547,ok,0
742,4.1856289400490478,2772356.9728852585,41,0.12374317039804034,ok,0
743,4.8700042504592673,3998968.8022437408,10,0.125349921647886,ok,0
744,5.7013394131795883,3619359.2351919785,18,0.096169779930131039,ok,0
745,6.2835129707530371,3727317.2605558382,16,0.12522907113122839,ok,0
746,3.6920034827211246,2357307.6858878741,37,0.094252423363055837,ok,0
747,7.0816975538901641,3680432.9167312915,14,0.16151166913808856,ok,1
748,5.5781380005248984,3610288.7790157394,18,0.11539730718268915,ok,0
749,5.9372580241752386,3659614.1306164814,16,0.15106326883475996,ok,1
750,3.9397727674312608,2357307.6858878741,39,0.10628578418645585,ok,0
751,7.6725724810636997,4081290.0148712588,17,0.14133575589216668,ok,1
752,13.039314157413118,4084679.4266287652,12,0.15886423650608228,ok,1
753,3.7468942987891354,2581618.0750895645,39,0.12084949426462122,ok,0
754,5.2153832052532501,3603980.3164226064,27,0.075023660405005743,ok,0
755,4.1323178594896977,2773471.102127803,24,0.12585666711899604,ok,0
756,4.7176557249528202,3624385.6853491263,24,0.12234534304879363,ok,0
757,5.0100600275879579,3645092.3868382378,17,0.14497113795036076,ok,1
758,6.6080244169275222,3645846.1850317242,21,0.12668361614823453,ok,0
759,5.8642873759456249,3608075.3763564746,19,0.12211613073991134,ok,0
760,3.1753031395917803,2008285.8541831209,45,0.16909786941812643,ok,1
761,4.9447911609806265,3814803.5156821581,11,0.14622453552535292,ok,1
762,4.0984163875854271,2786813.40424396,36,0.098732799807583371,ok,0
763,4.0887732276720614,2349511.4431106183,34,0.14723809758415229,ok,1
764,6.754316382215233,3773833.0053882729,18,0.084336506410298218,ok,0
765,7.4273703960236102,3744297.3624365646,19,0.095293716192117239,ok,0
766,7.8047449765777035,3594924.7326185284,25,0.19024459678878891,ok,1
767,6.3341347063139217,4049166.556950896,16,0.14683437848594183,ok,1
768,5.2052398282498809,3650343.6819011201,25,0.097985313078185476,ok,0
769,4.6570125642411941,3859632.1749479235,14,0.11715902687539936,ok,0
770,6.6220545502050401,3597372.2516836142,18,0.14089521422025919,ok,1
771,8.5015148285330202,3997191.3689931724,12,0.13063076391573458,ok,0
772,3.6653342458156128,2267725.2931199414,38,0.10927231605486309,ok,0
773,8.6172093566800463,4641991.551572958,9,0.11111300057213047,ok,0
774,8.3889543687026045,3953174.1003919863,16,0.12238757056106686,ok,0
775,5.4551073134367138,3735706.5925933756,19,0.095305164916641205,ok,0
776,5.4973791201509359,3697521.1433616229,13,0.17215652213092064,ok,1
777,3.61957707612792,2267725.2931199414,40,0.12503342240580329,ok,0
778,4.8157503007963527,3629899.8235834413,20,0.11121629367210639,ok,0
779,3.6610889445970654,3785596.9352068352,13,0.12850221874320272,ok,0
780,6.0142312501218997,3732074.375835781,21,0.10327885650469459,ok,0
781,3.357030672343674,2008285.8541831209,43,0.17641016448480851,ok,1
782,6.915644362772789,3799208.332313457,10,0.1288886594235984,ok,0
783,3.4868591637288997,2267725.2931199414,40,0.13193310485899645,ok,0
784,5.0483418375906686,3646595.8326890012,16,0.10629765933787216,ok,0
785,5.3305806925047667,3968476.0784936012,16,0.11158108083501317,ok,0
786,4.6459675816575192,3643265.4980684123,18,0.14379173022336889,ok,1
787,5.2511125252606723,2609060.0868099569,29,0.12200036997711156,ok,0
788,4.1215131966164051,3158053.4917109548,27,0.11008512473531451,ok,0
789,9.3969116727201616,3605483.1480699661,20,0.13578855076733271,ok,1
790,3.7983542633416909,3158053.4917109548,25,0.14013718578118531,ok,1
791,6.3966234042792314,3901506.6694877581,12,0.093600138649025111,ok,0
792,4.9806106278389901,3588318.5380646605,26,0.1109898649871961,ok,0
793,4.1462554477470102,2349719.955294122,28,0.11347297336756723,ok,0
794,8.9204791081934189,3604971.0869386564,17,0.10497000296219705,ok,0
795,5.8196399636047786,3591678.9806764796,26,0.090843000796105466,ok,0
796,5.4622438473786374,3723796.324072673,12,0.13053625967158033,ok,0
797,5.7924308790096477,3652570.6007545339,16,0.13664395942030017,ok,1
798,3.2159958164291633,2008285.8541831209,47,0.17093281657339332,ok,1
799,3.3304994989761414,2342560.3317427742,46,0.1350996377984211,ok,0
800,6.7045255712801142,3749912.2232482689,15,0.150821667642968,ok,1
801,6.3713241258317188,3623020.3506411389,19,0.15712349669419612,ok,1
802,4.0012266543591934,2609060.0868099569,29,0.13882817554887439,ok,1
803,6.3678395992787262,3767543.14388783,17,0.1405949212659735,ok,1
804,4.7568666450273502,3632507.5156039447,22,0.11950248473316877,ok,0
805,6.5382314821717546,3744188.200696425,19,0.091600741463798818,ok,0
806,6.5759041341329683,3899062.7636624738,12,0.10056573679892544,ok,0
807,3.6077686705550169,2342560.3317427742,40,0.10876770009468262,ok,0
808,6.1179002195639907,3622494.6230562958,21,0.097981353258391746,ok,0
809,6.1209473325181412,3597113.5541027584,20,0.13033181696460372,ok,0
810,6.4539096150771895,3603591.4675579309,18,0.10795064661580522,ok,0
811,7.9401687182297893,3920273.341476154,17,0.136231298801508,ok,1
812,3.7255540400321507,2267725.2931199414,33,0.1158423322504703,ok,0
813,4.3412964710098532,3616164.8142529614,17,0.110274474425052,ok,0
814,5.6242654521475446,4324602.7720004842,10,0.11356829008322622,ok,0
815,6.5800075975362491,3625212.7787652458,21,0.15042764285610732,ok,1
816,3.1549715767659228,2349511.4431106183,40,0.12712519660412175,ok,0
817,7.6657186132929303,3621212.9625226581,18,0.10354410159533178,ok,0
818,5.8172320690445529,3891476.8042798988,17,0.11345220850561549,ok,0
819,3.5835387210493397,2267725.2931199414,43,0.14763193374893036,ok,1
820,3.4375004080618612,2090177.9550635067,44,0.12896347147782661,ok,0
821,6.4846117967977301,3630985.0367458737,14,0.13261973503186836,ok,0
822,5.5339147980495191,3657339.3677835646,18,0.098328712972473198,ok,0
823,5.3995511938975662,3848884.1301320232,18,0.121157724657111,ok,0
824,3.8840113720172775,2772356.9728852585,37,0.14570503684533964,ok,1
825,3.3412669932902763,2628545.6714319899,36,0.10185380261188232,ok,0
826,6.8312678956495283,3596789.8787532859,20,0.1579303327742847,ok,1
827,3.6348234063703013,2349511.4431106183,38,0.13118375536945598,ok,0
828,6.3421929444717149,3766699.0712168599,16,0.11040725770509863,ok,0
829,5.3488233760593404,3627443.8863322488,19,0.11243162056760503,ok,0
830,5.5639127888854674,3704401.111748301,21,0.10134474479054101,ok,0
831,6.4687894130841705,3927896.618656151,15,0.10486326170810495,ok,0
832,3.0616507748180144,2008285.8541831209,43,0.14457253009414306,ok,1
833,9.3324047524436651,3950769.7892053491,19,0.10446177018949127,ok,0
834,5.0210061138824216,3628873.9517234913,18,0.1343689540802625,ok,0
835,10.488297059509758,4295129.6027712952,17,0.10931371753540137,ok,0
836,5.6620217815358167,3677367.2761908513,17,0.087607025447515974,ok,0
837,6.3528372107950926,3622681.1553464602,20,0.12336565461773302,ok,0
838,7.827814643592351,4121928.1728433268,16,0.14443985731763576,ok,1
839,4.4402656026287461,3610114.1446691118,21,0.11237657857075845,ok,0
840,8.59991456634069,3929168.7897583558,11,0.11340384885441912,ok,0
841,5.5463133333519083,3982539.8990422268,9,0.13427983704852708,ok,0
842,7.1000857391848733,3608498.9024741235,23,0.15209121965020878,ok,1
843,5.5083545363297164,3777375.4875930562,20,0.17381491978592201,ok,1
844,3.6004297187840009,2357307.6858878741,36,0.12019390373587591,ok,0
845,3.0918891047807682,2267725.2931199414,45,0.10192139582055137,ok,0
846,5.7270022149761166,3586207.3065580959,22,0.091018962863386954,ok,0
847,6.0324437086913285,3603527.7090169047,26,0.1322474616466453,ok,0
848,4.0620962092101802,2342560.3317427742,38,0.16642493184273283,ok,1
849,7.6760893993339083,3607224.3604507633,19,0.13971522124568814,ok,1
850,3.9091229213172718,2342560.3317427742,41,0.10880385949925375,ok,0
851,4.8468400579288424,3603671.9416541401,20,0.1066278391749188,ok,0
852,7.679949916091803,3608166.9306358579,16,0.11042578457172114,ok,0
853,7.9411431130635695,3916075.9619057178,15,0.11374315166053983,ok,0
854,5.4504205649508082,3606430.5793453702,19,0.10417278628278737,ok,0
855,6.5732683973572454,3975192.9239699822,15,0.12335862009703485,ok,0
856,3.3087803482476694,2267725.2931199414,41,0.14151992216224252,ok,1
857,7.9635587645105748,3712038.8658297346,17,0.13100596312134927,ok,0
858,8.3140285026686467,3762435.8052155348,21,0.070228325158765093,ok,0
859,3.9865336069154425,2798038.8762947805,24,0.14662350278121161,ok,1
860,3.1349239613266664,2142731.0761223878,43,0.14583591491878101,ok,1
861,6.6708181671791333,3595800.4200183698,20,0.090696018325739536,ok,0
862,6.2264187543692922,3650004.1688364469,22,0.12457202660117389,ok,0
863,2.9884617532000015,2142731.0761223878,44,0.16581422870844831,ok,1
864,6.6460780076536912,3828408.8415854424,15,0.14079383929766798,ok,1
865,5.5213856766173972,3662563.082834247,18,0.099484311683563753,ok,0
866,5.4062652786903405,3870350.5841286746,11,0.1519562004734874,ok,1
867,3.7023340037777248,2342560.3317427742,31,0.14317182048907923,ok,1
868,6.2577911591684217,3624485.6826687474,21,0.13360521789135038,ok,0
869,4.0027793771323523,2267725.2931199414,44,0.1401757314384996,ok,1
870,3.7341821255593337,2342560.3317427742,44,0.14846389077513611,ok,1
871,3.5358829479376448,2342560.3317427742,38,0.13712626395743155,ok,1
872,3.3345513977149444,2267725.2931199414,43,0.14460341557052925,ok,1
873,3.4060806370046834,2142731.0761223878,42,0.14475064807869087,ok,1
874,4.5422119345272431,3628096.9194858321,22,0.11586133080099015,ok,0
875,12.285772299527812,4355848.8438304067,11,0.13761424352456719,ok,1
876,4.7927785644458591,3657467.0804591826,20,0.10727708183640183,ok,0
877,4.0621843239971147,2581618.0750895645,31,0.16065417249202185,ok,1
878,9.5072697498127567,4005576.5477400678,11,0.14944705518029858,ok,1
879,6.0369000831327906,3642297.2901183767,20,0.13914818606518259,ok,1
880,4.7099891221855383,2581618.0750895645,36,0.13540116365337007,ok,0
881,4.5076721294076822,3629728.8093626508,21,0.12020512793435334,ok,0
882,8.2763688877543764,4074674.9630036796,11,0.11227761118258006,ok,0
883,6.002036038699643,3641184.2069557412,16,0.14483573939912109,ok,1
884,3.4632248104526826,2142731.0761223878,44,0.12945158371795018,ok,0
885,4.4727327741552925,3691329.1531601292,16,0.11779951045641812,ok,0
886,7.4976937740258638,4175385.53863035,16,0.11995208301895799,ok,0
887,5.1512370553446303,3688097.9000635128,13,0.10024610971305276,ok,0
888,6.9563437839347593,3595223.8876302927,22,0.1531576526665972,ok,1
889,3.5139459742358374,2267725.2931199414,42,0.11727557171449365,ok,0
890,4.0057576216728261,2349511.4431106183,38,0.15550513077339295,ok,1
891,3.3381259117236772,2090177.9550635067,42,0.12434743295232686,ok,0
892,4.0468259781547413,3158053.4917109548,21,0.13334853314218315,ok,0
893,7.4184644651437859,3624143.7756058308,18,0.12488892567842347,ok,0
894,5.6173933485298697,3707538.7901343396,21,0.1462941771807672,ok,1
895,3.9227740645935301,2581618.0750895645,37,0.11402269484035865,ok,0
896,5.8965444999784866,3752444.5764614865,17,0.11814385057177262,ok,0
897,6.2405741791658631,3604248.1231119521,19,0.113512717892302,ok,0
898,6.1691544356118309,3666280.7770739277,14,0.11536316316006195,ok,0
899,5.1096781222776588,3741888.2233066857,19,0.090559995400600946,ok,0
900,6.9092570479869604,3671631.0605698521,19,0.10605463395769443,ok,0
901,7.1087785607016665,4606145.9768296191,12,0.10854748029177808,ok,0
902,3.5039277099740729,2342560.3317427742,37,0.14745902352644613,ok,1
903,3.8815421038391609,2357307.6858878741,32,0.10943140550066066,ok,0
904,6.65528629233338,3620845.7366889818,21,0.11531267046527116,ok,0
905,5.8958140319155765,3615836.3039282546,21,0.13654299306212281,ok,1
906,3.2329503865975178,2090177.9550635067,43,0.16580022046418186,ok,1
907,5.8589761706369323,3605623.2869671765,16,0.089545838428063851,ok,0
908,5.6049209125958876,3649383.2393525979,15,0.10648655142645902,ok,0
909,4.6179492036144003,3927170.1769984388,14,0.10878690200461993,ok,0
910,5.8958734934387396,4101330.2836296814,17,0.094191344428127488,ok,0
911,3.4640801967772781,2609060.0868099569,37,0.12659330322631213,ok,0
912,4.0525485565568919,3606220.2356519806,19,0.12719166139903731,ok,0
913,4.0662722870753774,2609060.0868099569,34,0.10317543061096279,ok,0
914,3.636346146304827,2342560.3317427742,40,0.13251124820914989,ok,0
915,3.6991624311296576,2267725.2931199414,38,0.11753855386175094,ok,0
916,3.6985527033816878,2342560.3317427742,40,0.11597349820664704,ok,0
917,4.192345703609023,2342560.3317427742,34,0.12182807770423082,ok,0
918,6.1385787594137495,3598680.3613947164,23,0.12970911212548181,ok,0
919,8.2002316937812267,4039257.8839639104,12,0.12062612365338132,ok,0
920,7.7326933037200094,3632509.1396429911,21,0.10792567902738809,ok,0
921,8.1419556774319801,4312435.9365656301,11,0.12991837904778436,ok,0
922,4.4344551208089147,2628545.6714319899,34,0.13119547491200712,ok,0
923,3.8462134694350349,2342560.3317427742,36,0.15936418750760095,ok,1
924,3.6314025882002561,2349511.4431106183,46,0.10780397619068294,ok,0
925,3.1778836638217443,2349511.4431106183,34,0.097260869020768373,ok,0
926,11.386728107450613,3729839.4101062655,13,0.11741607179098557,ok,0
927,5.1035556068799508,3683282.3674826124,15,0.13744240966104082,ok,1
928,5.4842156049280284,3652593.7038931949,19,0.10727679709032117,ok,0
929,10.975898407483223,3666724.0175327067,11,0.13523693337392678,ok,0
930,3.2349911156092173,2349719.955294122,37,0.15121979160748389,ok,1
931,4.7721442029339283,3605705.6856747312,18,0.11125404841894182,ok,0
932,3.4560460611012913,2090177.9550635067,45,0.13656377553430266,ok,1
933,3.8779514177071936,2142731.0761223878,40,0.12632822752884296,ok,0
934,6.7098006810707744,3713848.6040919712,15,0.13641968311284969,ok,1
935,6.7240890665622279,3640101.0303881955,22,0.13444821319263356,ok,0
936,7.8837792541710812,3857689.4202467385,17,0.11032775648215676,ok,0
937,3.9386694046016903,2267725.2931199414,45,0.12227899975456114,ok,0
938,3.6579151969098485,2357307.6858878741,31,0.09735645769429449,ok,0
939,5.4084071576531674,3818381.6883779904,24,0.096576298992834375,ok,0
940,3.6755339609657152,2357307.6858878741,33,0.1274827524116208,ok,0
941,4.5099152374323968,3713319.0975333289,18,0.10871808443414854,ok,0
942,6.7137098430532394,3636880.9435299453,15,0.14133805408571104,ok,1
943,5.8171366426817688,3745199.6288363235,16,0.11494152341546282,ok,0
944,3.874514246391684,2267725.2931199414,42,0.12138675162071866,ok,0
945,3.3008174550869032,2267725.2931199414,45,0.14322550739278406,ok,1
946,4.1696334645412652,2954199.3212936129,26,0.12228970936336792,ok,0
947,6.4930754207854955,4001943.473179609,16,0.1255235371376251,ok,0
948,3.5206911276458834,2142731.0761223878,45,0.14429292052295389,ok,1
949,3.3901867035252549,2090177.9550635067,42,0.14003562642957501,ok,1
950,5.1890898999239887,3600878.2898786361,19,0.12794621651893701,ok,0
951,5.9796460472525865,3607336.0872088,16,0.14306252442179912,ok,1
952,3.0472368752266878,2142731.0761223878,41,0.11598200212271104,ok,0
953,4.3568054040332385,2628545.6714319899,30,0.13003834637514244,ok,0
954,3.84277496399211,2678205.3747857241,33,0.11302986205526816,ok,0
955,4.9690885654866319,3585977.5286240838,21,0.089257921570501608,ok,0
956,3.6000771984784352,2342560.3317427742,39,0.1061549038277193,ok,0
957,6.4818535738777729,3628624.2991521135,25,0.086108702406755,ok,0
958,7.6355463655871203,3746830.1009657788,19,0.15209159757578633,ok,1
959,9.5428726529881303,4078516.8206956023,16,0.19306311024640399,ok,1
960,3.0028016095904775,2142731.0761223878,41,0.15916731011672258,ok,1
961,5.3267402505311727,3850076.4650882976,16,0.12082916475350625,ok,0
962,3.0532651687795185,2008285.8541831209,43,0.162063274411269,ok,1
963,7.1195541876610671,3604771.3925544331,18,0.12929749688190117,ok,0
964,6.2101516417144147,4459234.4104886968,14,0.13083453474903917,ok,0
965,3.0267988880791936,2008285.8541831209,39,0.10835714896790849,ok,0
966,2.9523662779399613,2008285.8541831209,41,0.1414497695204584,ok,1
967,5.4983459748335939,3893500.6287856358,11,0.13579595000373162,ok,1
968,8.9037522685975716,3679137.5931154788,15,0.14742112421243625,ok,1
969,5.2417982973346016,3596140.8003877373,19,0.12559474113698726,ok,0
970,5.5018054238224146,3840069.7741836011,22,0.12213168552172438,ok,0
971,3.8197398903303736,3589755.4220548016,20,0.1041782162498085,ok,0
972,3.3841867581692031,2267725.2931199414,36,0.10283969645844848,ok,0
973,4.9387052972405199,2581618.0750895645,26,0.13169280679159301,ok,0
974,4.9253339086161834,3891224.2382495971,14,0.15077606066191052,ok,1
975,5.4845607904734317,3696312.7753981431,19,0.11357920691066531,ok,0
976,3.3097425146278172,2090177.9550635067,44,0.099929082247324552,ok,0
977,4.9488199916925169,3677828.9509006641,15,0.11236844866397798,ok,0
978,3.8512440105725982,2342560.3317427742,41,0.13750078884548844,ok,1
979,3.2896891778946582,2008285.8541831209,43,0.16495145491834318,ok,1
980,7.0382124483781467,4100567.1353790187,15,0.15989299496747045,ok,1
981,7.237780498646452,4404917.8104529232,12,0.11763738592046258,ok,0
982,5.9337923162113491,4128154.6129290545,16,0.11775078083667745,ok,0
983,3.3991324745069313,2349511.4431106183,41,0.092629132964477612,ok,0
984,4.3085778832003818,3695418.4219818297,22,0.11278274134206828,ok,0
985,11.52075060858968,3636510.7856946052,15,0.15172670147000855,ok,1
986,6.1304023930606277,3613864.6408734857,21,0.11629315056193723,ok,0
987,5.6646950876180266,3652082.1449911082,20,0.14710644413707769,ok,1
988,6.3997510889123745,3794414.3966104398,17,0.1065385257433924,ok,0
989,3.4738088699693388,2342560.3317427742,38,0.12870239969365727,ok,0
990,4.3418367706170553,4218660.294393111,15,0.10358793656899479,ok,0
991,6.0573147252783883,3586246.6626241291,21,0.13362452635181699,ok,0
992,8.4802880696343017,3633191.913513619,24,0.093392888193327583,ok,0
993,5.5177898020914382,3596522.7832302316,19,0.15453369198444911,ok,1
994,5.0625945671862693,3261364.380769941,26,0.16857228698085772,ok,1
995,6.004890650545275,3591741.0772548537,22,0.14263345289758222,ok,1
996,6.4477039178127002,3599819.8365086764,18,0.13412357232165062,ok,0
997,4.105511970365944,2628545.6714319899,32,0.11136990602394914,ok,0
998,6.1590642600216681,4554112.0232076347,8,0.15132568010760006,ok,1
999,3.7658397602528932,2581618.0750895645,32,0.12374278019255724,ok,0
1000,4.1104066217761339,2378837.9975668644,38,0.14447487604730858,ok,1
1001,3.0772842900357276,2008285.8541831209,41,0.14540973413366809,ok,1
1002,3.4340260932881623,2342560.3317427742,47,0.12085762697874325,ok,0
1003,4.9311371009386011,4253663.5717186052,10,0.14210249961538624,ok,1
1004,4.1742492793046182,2342560.3317427742,42,0.15225781326426741,ok,1
1005,4.1428932738912962,2581618.0750895645,36,0.12315590796114806,ok,0
1006,6.221494759008352,3718487.6972872689,18,0.13750296160657344,ok,1
1007,3.0385381412047017,2090177.9550635067,42,0.12677165824709746,ok,0
1008,6.5215111749264221,3603084.8940677829,23,0.092194683517713066,ok,0
1009,3.9263708952174556,2267725.2931199414,35,0.15064677399208926,ok,1
1010,13.032487142357063,4546502.3929720037,9,0.16549680545067413,ok,1
1011,3.1664549691402195,2142731.0761223878,41,0.13702472102569491,ok,1
1012,4.0375322520348345,3951936.9392691241,9,0.1546557078113302,ok,1
1013,3.3930411266588467,2267725.2931199414,43,0.12590443816958552,ok,0
1014,5.8472934849714964,3606031.1896465793,20,0.10845247508632272,ok,0
1015,3.3780644186934938,2267725.2931199414,39,0.091470922429357476,ok,0
1016,7.0344130634324706,4205540.2698766021,15,0.10018175666642962,ok,0
1017,5.8313797523086013,3590039.8881815169,22,0.088684346292646432,ok,0
1018,2.973064094584362,2008285.8541831209,45,0.13939773842869063,ok,1
1019,8.8561628832312955,4030376.7061060155,15,0.10356820154004887,ok,0
1020,2.8534492647783818,2090177.9550635067,39,0.17689300043314288,ok,1
1021,4.0875664055412404,3631458.9012216725,19,0.13254716969607339,ok,0
1022,3.4161971697169902,2267725.2931199414,44,0.14134819869916859,ok,1
1023,3.1790352545081961,4806851.1629801868,7,0.15944523100074226,ok,1
1024,10.38555595957018,3609293.1707299422,17,0.15289090019349738,ok,1
1025,6.4582410629427134,3629910.7309326255,19,0.14414062498035951,ok,1
1026,4.1716635947085177,2581618.0750895645,36,0.11118262384238858,ok,0
1027,4.8812249269695265,3841997.655792803,18,0.12141487091149994,ok,0
1028,3.9618013593041854,2267725.2931199414,42,0.13531053555363692,ok,0
1029,4.6426114651521981,3835554.8033668869,15,0.084002825433624126,ok,0
1030,7.4039019458800635,4059828.265110468,11,0.13290389461133134,ok,0
1031,5.3302463692953781,3634955.6614802349,20,0.13824057897795625,ok,1
1032,6.3558007569874775,3600708.6054041991,23,0.17444906541978042,ok,1
1033,6.1848770501097974,3656084.1392176137,19,0.11466740698143807,ok,0
1034,4.7874036265242275,3588110.1046716836,17,0.11720326633870293,ok,0
1035,5.3894151310650482,3593031.7315612496,19,0.13436258506099935,ok,0
1036,7.0419598122138565,3621943.7087754132,22,0.19365752645272716,ok,1
1037,3.538654930817116,2773471.102127803,25,0.10789052389923559,ok,0
1038,4.0293262761658504,2349511.4431106183,33,0.12154491095391418,ok,0
1039,4.3594970482817832,3800721.0807696423,14,0.15136906555576446,ok,1
1040,5.3337961680484112,3607249.7379685971,20,0.092435944035316298,ok,0
1041,3.4379400510457163,2267725.2931199414,43,0.14769856012721105,ok,1
1042,7.3708526020778473,4000025.7194667705,14,0.11632211259094041,ok,0
1043,3.4969881743969391,2090177.9550635067,39,0.1707955588845565,ok,1
1044,6.4898244071771307,3740599.279816357,12,0.17148173548604706,ok,1
1045,3.193242942494126,2008285.8541831209,47,0.10642922473676347,ok,0
1046,5.5869992999806106,3597946.7197443275,27,0.11902958819770976,ok,0
1047,7.6123085323882282,3737243.1607008493,22,0.13264734621703661,ok,0
1048,3.5152468029710131,2090177.9550635067,45,0.12178894496411086,ok,0
1049,4.8988268897260561,3662601.9344920176,27,0.10407582835656892,ok,0
1050,3.3380934391955828,2142731.0761223878,42,0.14055723460188735,ok,1
1051,3.8872579933288933,2267725.2931199414,38,0.11159746062661924,ok,0
1052,3.6479738914756661,2142731.0761223878,40,0.11440358485760807,ok,0
1053,7.32835137120545,3636361.8940836899,17,0.14875398033187662,ok,1
1054,9.0580419941312886,3882054.7017326029,16,0.11729465349579837,ok,0
1055,4.7732445763306686,3891927.899974335,11,0.13597619631279922,ok,1
1056,5.6119908934507023,3809658.8710771189,12,0.1559160091751316,ok,1
1057,6.1166678819833535,3839744.9360321341,18,0.10555581024287103,ok,0
1058,3.4632061973356585,2142731.0761223878,44,0.19012344927491048,ok,1
1059,3.3731242702403175,3633596.6357364696,19,0.12813882084050071,ok,0
1060,3.5566734585628472,2349511.4431106183,45,0.15430042976336344,ok,1
1061,7.4335671425573686,3647175.3643939886,21,0.1326867042124048,ok,0
1062,3.6014263432846216,2342560.3317427742,42,0.13139835981129355,ok,0
1063,3.1520032456270246,2581618.0750895645,41,0.1177955837417145,ok,0
1064,9.2492416134685165,4330300.9855296742,11,0.14185813345597642,ok,1
1065,5.7966816447864309,4069761.0384396189,18,0.10476133137201915,ok,0
1066,8.0721485541111324,4263449.0878837518,9,0.15670107170321912,ok,1
1067,4.9923350992425952,4163301.1273707179,12,0.10664190102116589,ok,0
1068,3.2865537610332662,2008285.8541831209,40,0.11186351358709051,ok,0
1069,5.7764472607009827,3623551.9987041815,19,0.13803674362396179,ok,1
1070,5.4186096075089107,3784973.8460639203,12,0.16949607181819515,ok,1
1071,3.5649346604625083,2609060.0868099569,37,0.11716698489158323,ok,0
1072,5.1926519549966903,3636566.1925290339,26,0.076511412472972329,ok,0
1073,3.7734903424736492,2349719.955294122,36,0.12123595013994426,ok,0
1074,4.9035566958343679,3786688.7856230377,16,0.098557575756633486,ok,0
1075,5.0248637492519963,4496488.0030527906,15,0.14758371719627361,ok,1
1076,7.8621944909154751,3992691.0296326783,13,0.14291934065584061,ok,1
1077,7.7137667301854389,3606576.52232615,25,0.11372139875006515,ok,0
1078,3.8436836820373288,3645093.4568975372,22,0.094798553151274945,ok,0
1079,4.0317162169396621,3158053.4917109548,23,0.11136944194670537,ok,0
1080,3.7192005550975336,2142731.0761223878,41,0.11963822769176091,ok,0
1081,3.6695777579461293,2342560.3317427742,38,0.13313714711596655,ok,0
1082,5.7629101193101189,3934495.877969109,17,0.11287585487514529,ok,0
1083,3.9166869431690898,2342560.3317427742,45,0.1152151710389947,ok,0
1084,5.0214687873661985,3705452.3614969109,20,0.14843105901017828,ok,1
1085,5.14364172666372,3796868.877922812,14,0.12487969282664627,ok,0
1086,5.9539864191909109,3922244.4289677818,16,0.1367925716797328,ok,1
1087,4.9055509907483685,4254369.6144720791,12,0.104818023211245,ok,0
1088,7.3548425081054924,3723455.0574476859,19,0.080776130026751436,ok,0
1089,5.9216776257623689,3618051.3325185352,22,0.10539398516010484,ok,0
1090,7.9104692017316705,5501602.3354459358,9,0.13984839422460438,ok,1
1091,4.5341113917072065,3668638.9319374501,20,0.10978489884980019,ok,0
1092,4.7881265842104694,3671714.6604642216,18,0.10074185968959609,ok,0
1093,5.7109683148882917,3635734.6211844254,23,0.062269923861444698,ok,0
1094,7.5548913094992161,4172845.3908568351,13,0.097346188579296666,ok,0
1095,5.821556916896756,3650908.6485329135,19,0.13433544062935004,ok,0
1096,3.5938516242747998,2581618.0750895645,34,0.1158236514533787,ok,0
1097,4.7464346432330959,3767605.3996724533,22,0.11360352697781861,ok,0
1098,3.2449680899151456,2142731.0761223878,39,0.15083184471046185,ok,1
1099,4.8935507785355981,3593721.8188364343,20,0.091751032169776314,ok,0
1100,5.9064714112659118,3659816.3743333379,21,0.10824780046191262,ok,0
1101,8.0925342970663863,3662719.4963779761,14,0.17932869786498828,ok,1
1102,6.0205563811918728,3604121.1125749429,19,0.14439609933965458,ok,1
1103,6.6683331051547494,3659215.2663003085,23,0.13851549295664012,ok,1
1104,4.2478839963158697,2786813.40424396,27,0.098508016743431237,ok,0
1105,5.0486914695760161,3593937.8892022618,23,0.13920049326783723,ok,1
1106,5.7080140680379605,4177339.3858806998,16,0.11882610400705873,ok,0
1107,4.6780385369024211,2581618.0750895645,32,0.11697691710093849,ok,0
1108,4.5651110335652856,3600352.4433207978,24,0.08686745094068804,ok,0
1109,8.9155529129344373,3597770.738777427,14,0.12805826350589,ok,0
1110,8.0152930839660179,3678547.4859076128,16,0.12129320461543824,ok,0
1111,4.216606132977784,2798038.8762947805,27,0.14567107417319541,ok,1
1112,5.7093755231283465,3660845.1474600881,17,0.144703810641997,ok,1
1113,3.7358491614432943,2349511.4431106183,38,0.15990655039925172,ok,1
1114,5.5452941414955959,3586609.0135521032,16,0.12202244750358548,ok,0
1115,5.6447623763931363,3625791.5615221635,17,0.14017722466668792,ok,1
1116,3.5725631159971147,2267725.2931199414,36,0.11692486399542609,ok,0
1117,7.9143294870631591,4244077.3082397319,12,0.16190886676099658,ok,1
1118,9.6459662964041328,4041524.1764707947,10,0.12712377012387754,ok,0
1119,3.815053065629888,2581618.0750895645,33,0.098185984101365475,ok,0
1120,5.5235516209134845,3603848.7271316783,25,0.13263821806309573,ok,0
1121,7.2687738845924681,3602200.3514944878,17,0.13635883225558376,ok,1
1122,5.5054233941937047,3662988.6209821724,21,0.1401629204348358,ok,1
1123,4.538430242659059,3735054.4348759917,16,0.14204487091888784,ok,1
1124,4.4558748181081747,3659932.4670061371,19,0.070256391110620431,ok,0
1125,3.2255982618755397,2267725.2931199414,40,0.11056386387146733,ok,0
1126,3.7685709887248655,2357307.6858878741,36,0.14741903263739786,ok,1
1127,3.2539971324928905,2267725.2931199414,44,0.15628825762257481,ok,1
1128,9.2805644939379892,4155632.0526266173,13,0.13836773874273445,ok,1
1129,4.193033669306903,2581618.0750895645,39,0.13788231847282217,ok,1
1130,7.8680851691032849,4373111.7474440448,12,0.11303321298217794,ok,0
1131,5.7216477069437177,3595768.4541789498,20,0.11345581601574317,ok,0
1132,4.227501830927312,3820395.0587786501,15,0.13951064508693811,ok,1
1133,5.7647365100197661,3629093.8966520308,19,0.15088961687992375,ok,1
1134,4.499342802721257,3722341.3179655797,15,0.12439135232937804,ok,0
1135,4.8918211474717808,3741913.5751638296,18,0.091733987166006448,ok,0
1136,3.3771907762086264,2142731.0761223878,41,0.1178306785795686,ok,0
1137,5.5658634873942123,3919595.8116405276,10,0.13025237785904376,ok,0
1138,6.6314908663881926,3772590.4413551753,19,0.11942115927424235,ok,0
1139,3.1738399749833199,2090177.9550635067,44,0.13233534790253076,ok,0
1140,3.5576730581817269,2267725.2931199414,39,0.13257018528899706,ok,0
1141,8.9577221500960604,4613825.9909634357,13,0.14944426948538581,ok,1
1142,4.6763866256905295,2980790.4908226882,23,0.15670625050651577,ok,1
1143,3.9189543123233195,3773192.9538896596,20,0.11369875696763387,ok,0
1144,4.998634211901356,3870536.8521742108,19,0.12978511973427032,ok,0
1145,4.5186958920589886,3663114.3664644863,18,0.12875192407266334,ok,0
1146,4.7571690834918723,3809820.6813967382,15,0.13334838116999681,ok,0
1147,9.7891299936485634,3630920.2597680599,19,0.10897384381014369,ok,0
1148,5.9698795314559048,3638913.1516444334,15,0.14167227621744438,ok,1
1149,5.9512260039367364,3979273.6695701284,14,0.10931139589719974,ok,0
1150,6.1131407944533214,3644408.5628580684,19,0.13920761587999686,ok,1
1151,6.5888551844845589,3629481.6414012634,20,0.09483134391002862,ok,0
1152,4.4576294756290391,3613073.603196987,22,0.15204149104504117,ok,1
1153,3.142082505386032,2008285.8541831209,40,0.17105681165495723,ok,1
1154,5.3441608478084213,3601352.2107830085,20,0.087826460469743961,ok,0
1155,3.4208279399767383,2142731.0761223878,46,0.13990203000964641,ok,1
1156,3.8217342646980614,2142731.0761223878,41,0.13549644411028217,ok,1
1157,7.3408083725898052,3607724.5262992401,14,0.13998789093259384,ok,1
1158,3.7159397281887596,2267725.2931199414,39,0.16572617885515106,ok,1
1159,5.1616301208596296,3759099.7508174661,24,0.12384242892300318,ok,0
1160,4.9281625381038072,3623855.826074996,16,0.12798548826374168,ok,0
1161,7.2319884199805902,3668615.4101546006,16,0.14510608222058974,ok,1
1162,4.2734432579164059,2349511.4431106183,41,0.12166076619580735,ok,0
1163,8.2454590861080153,3619766.9636940234,23,0.17478253922228815,ok,1
1164,8.8832355301218797,4291305.3607458416,11,0.14187704270331303,ok,1
1165,5.0504480687715372,4704078.1781967524,15,0.11397415559410184,ok,0
1166,9.7793604657218083,3870296.6213768953,14,0.12363562718812038,ok,0
1167,3.3570009364988223,2090177.9550635067,41,0.16724467699655188,ok,1
1168,3.3281674929535412,2349719.955294122,41,0.1485367196545615,ok,1
1169,4.0687886508283011,2342560.3317427742,36,0.1426533120541788,ok,1
1170,6.8644064065260908,3593905.6837003515,19,0.13492632595164833,ok,0
1171,7.7340311432251898,4593238.6204861505,11,0.14032134159147236,ok,1
1172,9.8530488362668152,3789197.3965560007,16,0.14366507520285388,ok,1
1173,5.1951921110864365,3612302.307391624,19,0.122442263067367,ok,0
1174,6.4549319879631248,3659144.8600596189,20,0.089832147037450794,ok,0
1175,4.4587895669851365,2581618.0750895645,30,0.15183922389297055,ok,1
1176,8.6919799059111043,4302269.9668337777,10,0.12756774478712468,ok,0
1177,3.7865337918141293,2267725.2931199414,36,0.1880713933041,ok,1
1178,7.7028042104408589,4256120.5111054275,15,0.15915259175478591,ok,1
1179,3.8295735020837189,2267725.2931199414,34,0.092198620671538334,ok,0
1180,5.5272143205758431,3647611.5669677248,16,0.14431831850130172,ok,1
1181,6.5014059861062963,3590456.9545615441,25,0.094210691991991502,ok,0
1182,4.0622302527215277,2267725.2931199414,45,0.11034997189703299,ok,0
1183,7.5468536284261916,3924081.0055756704,18,0.08769961404502824,ok,0
1184,3.573684073094229,2342560.3317427742,41,0.13249456897365469,ok,0
1185,5.426093516930389,3652358.1349457004,16,0.13637487976378448,ok,1
1186,3.5538223048087767,2142731.0761223878,46,0.1183742415716641,ok,0
1187,9.4380950984855652,3967735.2909092568,14,0.11096352235053475,ok,0
1188,6.351150049611614,3753575.2393885641,19,0.082621293015465502,ok,0
1189,9.3417085367299535,3904978.9115321874,12,0.093317735731948126,ok,0
1190,14.262557784605468,4324315.1852677232,11,0.14901634613959736,ok,1
1191,6.8485192736353255,4596166.3286554217,8,0.13570892186973937,ok,1
1192,5.0466691184042896,4042123.8753901091,10,0.11303294482680193,ok,0
1193,5.556467291255534,3625974.739774528,20,0.13449083571262244,ok,0
1194,5.6080487496150324,3663343.1099156686,20,0.11960723161882103,ok,0
1195,6.9352443590867328,3909183.068078422,24,0.12958679566362141,ok,0
1196,3.371852580320124,2142731.0761223878,35,0.14029355431364321,ok,1
1197,5.1508850664118127,3741857.3979189466,20,0.12734040733384214,ok,0
1198,4.3125657896691703,3673934.7295565302,19,0.086307964655272185,ok,0
1199,4.0749559469095811,2342560.3317427742,36,0.091625025507871632,ok,0
1200,6.6335890870229699,3608359.388409026,21,0.11763549264471684,ok,0
1201,9.3402037430740421,4452649.9355299259,11,0.17434394242906387,ok,1
1202,4.8517000673616177,4030913.5701058526,10,0.10366678247641448,ok,0
1203,3.2383934967160148,2267725.2931199414,39,0.14244542627627965,ok,1
1204,5.4773556046628258,3598928.3244283842,18,0.13612222041872324,ok,1
1205,6.5752771936613224,3774125.007933375,18,0.15346472851692194,ok,1
1206,4.0716849171136946,3751444.7539385539,15,0.1151709853275078,ok,0
1207,5.7633825607251739,3608061.6538840244,18,0.10662490917602849,ok,0
1208,3.7902672703270661,2267725.2931199414,43,0.14882475793344385,ok,1
1209,3.3225342695404194,2267725.2931199414,43,0.12657982110145993,ok,0
1210,3.6062772906813412,2267725.2931199414,42,0.11824157761123164,ok,0
1211,7.0364496200767324,3697289.5000437917,14,0.13907241991688846,ok,1
1212,4.7534881973813619,3610814.1936408468,18,0.10045616912767374,ok,0
1213,5.1964022261614247,3761340.6312154504,20,0.14294201896360048,ok,1
1214,8.2145014336871061,3989976.1897468884,16,0.10129555027578829,ok,0
1215,7.7954917210971573,3688406.1947793155,13,0.13289758038699873,ok,0
1216,4.6377570566342179,3699370.1729984293,17,0.093682620602351108,ok,0
1217,6.4674879287601312,4014403.2392708878,13,0.12158373429155933,ok,0
1218,3.6158686198857337,2798038.8762947805,33,0.11721692835971076,ok,0
1219,5.2244720993078753,3611231.6141942064,20,0.094474472033514223,ok,0
1220,6.1345693186115744,3660947.5881111198,23,0.12336795635884046,ok,0
1221,3.5228883141065506,2342560.3317427742,43,0.12604751863542063,ok,0
1222,5.1915395174880112,4088972.4301398993,9,0.12388352450285889,ok,0
1223,4.2303433906425401,3678921.3074926841,19,0.096266123585014296,ok,0
1224,3.9384110782094388,2609060.0868099569,25,0.13425096632732036,ok,0
1225,5.1063506195001596,3763420.5013320404,16,0.13201701663083454,ok,0
1226,3.2501665780689688,2349719.955294122,42,0.12091743260137178,ok,0
1227,3.6918841041942096,2357307.6858878741,35,0.15619383686288224,ok,1
1228,3.656922816104645,2349511.4431106183,45,0.16920005009071537,ok,1
1229,4.9360275841814936,3598698.2139564892,21,0.075928885781872291,ok,0
1230,4.4384824513874239,3603811.7405320113,20,0.098926993287484832,ok,0
1231,3.7388939864264934,2267725.2931199414,40,0.12666445137720894,ok,0
1232,6.0622605343718714,3595177.6261531552,19,0.15616914861588005,ok,1
1233,5.3518629332639431,3711178.908070907,22,0.092421560781523804,ok,0
1234,8.0834036149786428,3732365.1082510198,14,0.14636201747909783,ok,1
1235,4.3345665224158552,3710327.4081683354,16,0.15396687087296179,ok,1
1236,3.8358849478991282,2342560.3317427742,40,0.15874570541664151,ok,1
1237,6.5134534268355226,3665623.3849113332,21,0.11559624699957155,ok,0
1238,3.6675402543631845,2349511.4431106183,41,0.13995099319674642,ok,1
1239,3.8554837066929348,2349511.4431106183,36,0.15266203420219582,ok,1
1240,5.7352548146618103,3627199.910052177,14,0.095566697191294431,ok,0
1241,5.6682817135942951,3648409.043196579,20,0.10369665529174166,ok,0
1242,4.0013180303160105,2581618.0750895645,33,0.10169280186542798,ok,0
1243,3.3652238382502286,2342560.3317427742,42,0.097304661211401022,ok,0
1244,6.4527827625384564,3639897.7431595814,12,0.10879849941995356,ok,0
1245,3.0927272182501233,2008285.8541831209,43,0.10390999590548433,ok,0
1246,3.799535314653693,2581618.0750895645,37,0.11070991210019188,ok,0
1247,5.6571809225291654,3634458.4815908591,22,0.15988391695415038,ok,1
1248,3.3115703298623735,2349511.4431106183,39,0.11621108103119426,ok,0
1249,6.972468315211855,3940358.9117294615,13,0.10631293845781808,ok,0
1250,5.1083000199252435,3856859.322293248,14,0.10807224030351353,ok,0
1251,6.2399090685629934,3611437.6735985186,18,0.12875530319521389,ok,0
1252,6.8659949840488359,3603512.7322872099,15,0.12384809379931727,ok,0
1253,5.9097510582902135,3946312.1770398412,13,0.15090545104680064,ok,1
1254,6.3006655379458509,3612722.8851384558,22,0.090334764807027457,ok,0
1255,6.2583533204661048,3634582.2397401799,17,0.13386542367991228,ok,0
1256,3.2070046356710211,2142731.0761223878,42,0.10741387214344877,ok,0
1257,5.522247985182891,3609212.2984525329,25,0.13488371481348982,ok,0
1258,3.0374488667857693,2008285.8541831209,44,0.087283844282142975,ok,0
1259,5.5559374877667889,3751471.3357334007,16,0.13009457437962657,ok,0
1260,5.211315369463601,3800857.2341945623,22,0.14313894865765603,ok,1
1261,3.9320292448517367,2378837.9975668644,31,0.10176167760148991,ok,0
1262,3.3660093212679407,2142731.0761223878,38,0.12601417887052924,ok,0
1263,5.5101881756858093,3651998.4051161581,21,0.11709489399156414,ok,0
1264,3.0798364082867975,2142731.0761223878,42,0.10814381879633067,ok,0
1265,6.5468366026024789,4129986.7657698621,13,0.13639893911175133,ok,1
1266,4.8506272170601061,3870902.0530382777,19,0.1045580999171315,ok,0
1267,6.980206299699196,3749744.5955334036,15,0.086598271034318441,ok,0
1268,7.6509485657021816,3857612.24682996,13,0.13911119594549759,ok,1
1269,3.0575206700918658,2008285.8541831209,40,0.12852328278500658,ok,0
1270,6.7718021719000259,3650117.5035715485,19,0.13981726749564499,ok,1
1271,5.6517044834353563,3834120.2719981852,12,0.14907310039317279,ok,1
1272,3.6298100618639881,2357307.6858878741,32,0.10757394722970692,ok,0
1273,3.1429165381361304,2008285.8541831209,44,0.14756682392132958,ok,1
1274,8.9339286534864968,4372552.7482563192,11,0.13827381915524731,ok,1
1275,4.4788401218921416,3784141.4923444609,15,0.085611372951247766,ok,0
1276,5.9818422547484706,4050470.8203903357,9,0.15739877537393687,ok,1
1277,7.3713599634390574,3758072.3180699418,11,0.12938498373759705,ok,0
1278,4.204107521901987,2342560.3317427742,38,0.12762809206706638,ok,0
1279,3.7105476946492932,2349511.4431106183,46,0.13638282612511288,ok,1
1280,6.478571870493659,3762749.0444834242,11,0.10731538375502342,ok,0
1281,6.5801338979289321,3612681.1861406616,16,0.095895196137647742,ok,0
1282,3.3970600156588162,2090177.9550635067,44,0.14667162952208679,ok,1
1283,4.7339499534960208,3158053.4917109548,19,0.14933826728597394,ok,1
1284,4.7597384753578078,2628545.6714319899,33,0.17517695043956383,ok,1
1285,5.25534594744905,3623068.0829993589,19,0.11308203454029531,ok,0
1286,8.4912051192370832,3751673.8222920117,15,0.12096367685470522,ok,0
1287,3.3656768580877761,2090177.9550635067,43,0.12561329876000338,ok,0
1288,6.9472063568950926,3777865.1824204023,11,0.10200118261268981,ok,0
1289,8.3702482064366315,4115358.532967573,14,0.1470715824567822,ok,1
1290,5.4310092237630796,3628761.7622206188,17,0.11093138266984126,ok,0
1291,7.8532044577061653,4738997.401504525,9,0.14685124951851392,ok,1
1292,7.4562641837445565,3590828.4817179856,17,0.1700751741528348,ok,1
1293,3.8147384499892092,2628545.6714319899,37,0.085180344649984585,ok,0
1294,5.0823005766784002,3656282.9428475942,18,0.098288905781886649,ok,0
1295,5.8923317471711574,3642369.1743175839,23,0.11486238003524696,ok,0
1296,3.8537605013267933,2349511.4431106183,42,0.11762986542985149,ok,0
1297,6.2574979866921554,3972948.4184212377,15,0.11884686402085926,ok,0
1298,3.7932108551853752,2142731.0761223878,44,0.16040273577427328,ok,1
1299,4.4836496873581435,3606762.2649620348,21,0.11718655472661449,ok,0
1300,16.876464002441203,4284049.5587187642,6,0.16666666666666666,ok,1
1301,10.074230485550862,3649871.7802266134,18,0.11028473865842048,ok,0
1302,10.117248300539416,4110843.1782939793,15,0.16080175662081697,ok,1
1303,4.2397442418557656,2349719.955294122,42,0.13246655460945961,ok,0
1304,7.6689035131490204,3604603.5966843655,16,0.14714919321848496,ok,1
1305,7.1639468474988641,3604183.8176707546,23,0.18682637871042412,ok,1
1306,3.032883256033482,2267725.2931199414,43,0.12446843322454315,ok,0
1307,6.403674269129831,4793285.8944629589,9,0.1191128997015185,ok,0
1308,6.0799802358052659,3688611.9062479651,21,0.093789940031355656,ok,0
1309,3.721807683760693,2349719.955294122,39,0.14531655298574986,ok,1
1310,4.7359769544292281,3846538.5802063155,14,0.13340637810338163,ok,0
1311,6.0408507062323897,3619292.9212916722,19,0.16766236147231911,ok,1
1312,4.9843944759051624,4088593.2337874137,7,0.14600073708740408,ok,1
1313,5.8376493531345552,3685372.1722865156,21,0.085637168710986256,ok,0
1314,7.0107942664276299,3713203.9773716098,20,0.098218296520561799,ok,0
1315,4.0232466050147977,2142731.0761223878,43,0.10113590373245096,ok,0
1316,6.1482670207179977,4391389.8070011958,11,0.14594920080986362,ok,1
1317,7.0091747960174642,3589078.2701830282,21,0.14681219081018027,ok,1
1318,5.6366295511318212,3593968.5035489029,25,0.13039229347124004,ok,0
1319,7.8872342182523081,3617131.9112713975,20,0.096392030601956002,ok,0
1320,3.6262855262897453,2267725.2931199414,38,0.099930679864082772,ok,0
1321,3.6482988136268082,2267725.2931199414,41,0.10828596964066473,ok,0
1322,4.4835423651821751,3617451.6942110439,21,0.13020821442167657,ok,0
1323,6.2443657939469324,3747356.004824426,19,0.10048654359817988,ok,0
1324,5.6107593992609841,3616425.105609247,21,0.18110552209042174,ok,1
1325,6.9143276951496411,4114960.2386134341,15,0.12626667377566542,ok,0
1326,3.4373074433282285,2008285.8541831209,43,0.15009527467066791,ok,1
1327,4.9930426585651286,3592080.575142371,15,0.10644621219265948,ok,0
1328,4.6213994204067728,3597771.2279178831,27,0.13583871221901195,ok,1
1329,5.4386986009809828,3586784.9748568367,16,0.13722348457320266,ok,1
1330,11.269241921249476,4202605.1122201048,10,0.17730087865327726,ok,1
1331,3.2640483977808428,4590319.7778547918,7,0.16280061039715721,ok,1
1332,5.0696026971257977,3681887.2529415102,19,0.12064258677229545,ok,0
1333,3.7427051453897677,2954199.3212936129,31,0.1262426995269666,ok,0
1334,3.9106981478092679,2349511.4431106183,30,0.12127646569386591,ok,0
1335,6.2166771139385055,3595454.4864596142,19,0.086385214527183507,ok,0
1336,6.0631606641896081,3629977.4788873577,20,0.11193029219241479,ok,0
1337,2.8043501316518147,2090177.9550635067,45,0.16122432268013087,ok,1
1338,3.2961948526852947,2090177.9550635067,43,0.13259406850602384,ok,0
1339,5.4261731502417838,3808640.8098320742,17,0.13690183677711831,ok,1
1340,3.3608746947052577,2142731.0761223878,47,0.1524491108527366,ok,1
1341,4.9777504442373708,3594681.7112052478,22,0.1338851447233573,ok,0
1342,4.7049863912024383,2954199.3212936129,25,0.12010232105276886,ok,0
1343,5.5306397124560736,3651842.2828695285,22,0.16216564882835877,ok,1
1344,5.1438637683822641,4020332.9198724576,17,0.096636940910750702,ok,0
1345,7.0839433607559643,3661713.5117563731,22,0.13563899878111518,ok,1
1346,3.6000075967743355,2142731.0761223878,42,0.12207335410001691,ok,0
1347,4.978197638082996,4089130.7649620073,8,0.12997913500618996,ok,0
1348,8.6948476151373804,3689061.093284071,23,0.089901505218828837,ok,0
1349,6.5716852745193872,3982033.7600662247,14,0.12409456936313459,ok,0
1350,4.7775267740306697,3951240.1530382708,16,0.12777290422126031,ok,0
1351,3.8741660769878439,2342560.3317427742,42,0.12188244754811967,ok,0
1352,5.0694360337267188,3620079.2371343882,21,0.12222709525622111,ok,0
1353,7.0117548474470794,3687841.8462140299,19,0.11180446373431596,ok,0
1354,6.8279048288756465,3627167.9763110261,16,0.10066308456791306,ok,0
1355,3.3032123730551364,2142731.0761223878,42,0.13946775564540848,ok,1
1356,6.1088748271193642,3606910.0226544379,21,0.13571207477051872,ok,1
1357,5.5958192992576068,3912117.5612852201,10,0.13367722089301892,ok,0
1358,4.4170423511247909,3629716.3129760297,22,0.12756669350025573,ok,0
1359,5.0880529683841225,3592591.2503192914,20,0.11441351052939097,ok,0
1360,3.6918217191455529,2267725.2931199414,42,0.13906013446573001,ok,1
1361,3.1474557595298847,2349719.955294122,37,0.11828343370961536,ok,0
1362,3.5919799221532069,2349719.955294122,38,0.1258547525576249,ok,0
1363,5.7860601685117592,3685741.6447326313,12,0.11096677965450552,ok,0
1364,3.1179483459581467,2008285.8541831209,41,0.14701434294358229,ok,1
1365,4.3424419884461791,2798038.8762947805,25,0.12600202302291399,ok,0
1366,5.9211558669429323,4467617.8033067714,14,0.097208499667820913,ok,0
1367,4.1460705276808012,2581618.0750895645,35,0.10248582093266567,ok,0
1368,3.9494382114626401,2267725.2931199414,41,0.098240137126387878,ok,0
1369,4.3497463684383986,3261364.380769941,29,0.1499199926428772,ok,1
1370,3.917109951505386,2378837.9975668644,39,0.1401201595050493,ok,1
1371,4.6406919410941585,2954199.3212936129,25,0.11545406814282305,ok,0
1372,3.2272836835191625,2090177.9550635067,45,0.14413200469452647,ok,1
1373,5.6215843968804835,3608271.5522512365,18,0.13222849882862983,ok,0
1374,3.7158277533678308,2267725.2931199414,41,0.12978146649154959,ok,0
1375,4.3930372891826641,3626123.7848613495,21,0.074230272007367648,ok,0
1376,6.2723876819474391,3600901.4644367984,20,0.12939676844465509,ok,0
1377,10.309706355453383,4200315.252467175,16,0.18125657122835137,ok,1
1378,3.7329589080581784,2008285.8541831209,41,0.12227938917701636,ok,0
1379,5.0552065662037737,3604509.6973749264,20,0.10567574862273915,ok,0
1380,5.0451884648713543,3615427.7054656511,19,0.13418607823445544,ok,0
1381,3.1016531082295242,2090177.9550635067,45,0.084592396329204206,ok,0
1382,5.6860612799009305,3589490.4508042205,20,0.10397413505370279,ok,0
1383,3.3922496660081789,2008285.8541831209,43,0.12356805602423271,ok,0
1384,6.7071882501751938,3595159.3197662351,21,0.15305845908031079,ok,1
1385,4.1348273164054925,2609060.0868099569,33,0.093743397484532087,ok,0
1386,7.5597415028181061,4008182.1800703644,17,0.15628011717732232,ok,1
1387,3.9914340275663531,2267725.2931199414,45,0.15165002963475682,ok,1
1388,3.3719478785177022,2142731.0761223878,42,0.1233404617643673,ok,0
1389,7.7784392361541652,3690282.9885559287,16,0.12820702764898373,ok,0
1390,5.6890393560679513,3630042.1671902467,19,0.09454878133175143,ok,0
1391,2.8374843861910914,2008285.8541831209,42,0.13875260615286533,ok,1
1392,3.5706822459774603,2581618.0750895645,31,0.13473789929186275,ok,0
1393,3.9371052219757048,2609060.0868099569,33,0.10431471684035143,ok,0
1394,4.6825332988566135,3598263.6381981191,18,0.12612024170675207,ok,0
1395,4.7222084098064911,5464291.3908959422,6,0.1848031475354619,ok,1
1396,3.1993436457000644,2349511.4431106183,33,0.098773879587202962,ok,0
1397,3.0817388791343552,2349719.955294122,41,0.13239711766235807,ok,0
1398,6.1299729971164414,3620272.2873371006,21,0.12262013336069788,ok,0
1399,6.5259192228369827,4032589.0887588672,12,0.12867193994041515,ok,0
1400,6.4068564039415348,3595960.4024533182,24,0.09807776519030359,ok,0
1401,5.7431372183792204,3624726.3112310437,20,0.11823532347241927,ok,0
1402,4.9152908001322135,4198580.4345017299,15,0.11461593373201617,ok,0
1403,6.8027648913314804,3622132.5524014384,20,0.092651742266403214,ok,0
1404,6.2075085850354039,3781847.8932293542,16,0.12405690478026266,ok,0
1405,8.7869535311694591,3628825.6553531028,12,0.17491912532026804,ok,1
1406,5.7032491216102414,3955423.6590630035,15,0.15211944722112403,ok,1
1407,4.6669592296343536,3666398.4867692073,19,0.12854124177455417,ok,0
1408,6.3668236174603008,3813184.2577112899,17,0.10328636908147826,ok,0
1409,3.8692603376621602,2349719.955294122,31,0.1257688803116741,ok,0
1410,7.3305334900464914,3869927.2028898797,20,0.11855051011151196,ok,0
1411,5.2557076898342139,4048715.9098221534,17,0.13243178340890671,ok,0
1412,3.537084306480097,2342560.3317427742,39,0.16122144969984942,ok,1
1413,4.9237035511890346,3942562.6883787396,12,0.084404172468150462,ok,0
1414,5.0356312477038783,3723880.2855227198,19,0.14593173640690127,ok,1
1415,6.6813951766196933,3592444.1492671943,23,0.13125694392295484,ok,0
1416,5.7213992243556939,3661986.1186531521,15,0.14792985272469855,ok,1
1417,5.4045784520613012,3615212.3931757119,22,0.15783968266589432,ok,1
1418,7.0440839573997733,4311614.6843514629,14,0.13439901937903026,ok,0
1419,5.5523008283803232,3896617.276033347,15,0.13689526633091209,ok,1
1420,4.1800730712254879,2581618.0750895645,39,0.11788182296758337,ok,0
1421,3.5205383771175551,2342560.3317427742,43,0.15880032627415464,ok,1
1422,4.6671725524739438,3837716.9730869648,13,0.12692883477791844,ok,0
1423,15.247113977635479,4899441.8729630038,9,0.15219941740992227,ok,1
1424,6.8571404457529201,3616843.0919068125,22,0.13240643851739903,ok,0
1425,9.0633567852085744,4184957.5229569753,10,0.16917573067836278,ok,1
1426,3.3101423759558437,2142731.0761223878,42,0.175004400652917,ok,1
1427,3.6086542319299575,2980790.4908226882,25,0.10256490739420909,ok,0
1428,8.4072611088165612,3695290.3242072007,13,0.17744206567305348,ok,1
1429,5.6844451769671869,3918688.9160146168,21,0.14792317484299422,ok,1
1430,3.5381671058656194,2378837.9975668644,36,0.088816135437145061,ok,0
1431,3.3690285836903011,2581618.0750895645,33,0.14946866953176985,ok,1
1432,5.0352124271957148,3627576.0432688887,21,0.12539149055895538,ok,0
1433,7.1742566867372854,4444510.5804476179,11,0.11876354998749972,ok,0
1434,3.4986933903028268,2267725.2931199414,39,0.11848411332975095,ok,0
1435,3.2164807417518122,2357307.6858878741,43,0.132440624013346,ok,0
1436,6.7689593823582843,4002514.9036883763,14,0.087017121953720356,ok,0
1437,7.6304322285122836,3842472.2320629088,8,0.14159897089759799,ok,1
1438,6.4697422204274408,3799606.6431091144,15,0.11144067624707932,ok,0
1439,5.5780226146008003,3590680.5295189247,19,0.11831415565443526,ok,0
1440,3.4055388294783331,2342560.3317427742,39,0.11012073829454361,ok,0
1441,4.882747686020549,3760991.8600782235,22,0.11287654137282493,ok,0
1442,6.6424920074762444,4356518.2137593152,13,0.12488305881460859,ok,0
1443,4.9075134527310666,3680198.5585270212,19,0.11240292843219518,ok,0
1444,6.9003582817927311,3797163.7934597619,16,0.10749032908857914,ok,0
1445,4.7795206301367221,3610307.8451716239,20,0.096615895759811554,ok,0
1446,3.7172502024895588,2267725.2931199414,35,0.2051682123057248,ok,1
1447,6.803834885828314,3761469.6980733494,20,0.11066133428553915,ok,0
1448,4.9893841192415271,3615702.5306442999,24,0.13289831305267874,ok,0
1449,9.9210589219372025,3592488.2900305679,15,0.14543427343933379,ok,1
1450,5.8739380853331804,3698865.7375983451,18,0.12400900180264673,ok,0
1451,4.8785725585902711,3617942.5179177867,27,0.099118922394814402,ok,0
1452,10.697985353503801,4194263.4287428893,9,0.12097414576581011,ok,0
1453,4.1816540495880137,2609060.0868099569,36,0.16163489182735652,ok,1
1454,3.6433628359753212,2267725.2931199414,45,0.14816115911679095,ok,1
1455,3.5920025043654693,2349511.4431106183,39,0.14296112259244698,ok,1
1456,6.432971857595053,3594814.011720669,19,0.14390235501792864,ok,1
1457,5.7351698131375182,4683487.7180278637,14,0.11675446546692703,ok,0
1458,6.1056663091248096,4012103.9434944768,17,0.10318236124830032,ok,0
1459,5.1592631089250753,3771035.2850334104,17,0.11796891095807838,ok,0
1460,3.8374599968380712,2342560.3317427742,43,0.13034076644664616,ok,0
1461,3.9186106974425932,2267725.2931199414,38,0.12992538340839624,ok,0
1462,5.4558775403084399,3606890.1803429066,21,0.1641260064171508,ok,1
1463,7.6760363838497074,3589864.737371508,22,0.11883067735118558,ok,0
1464,4.4944632976475436,2772356.9728852585,26,0.11873762263548193,ok,0
1465,4.8077189176995061,3604566.7955412865,25,0.12124833989268891,ok,0
1466,6.0946456836461076,3793925.0792364702,12,0.12564434137931191,ok,0
1467,3.6580080733481553,2772356.9728852585,31,0.15710426877357292,ok,1
1468,3.1094646287585741,2008285.8541831209,46,0.1851098098263006,ok,1
1469,4.3585880385283113,3777542.2221393026,16,0.079707139288297202,ok,0
1470,5.7785506006717222,3629434.0079808747,18,0.16632044920277678,ok,1
1471,6.2885957803695964,3664944.6894266554,14,0.14833982608314156,ok,1
1472,5.9812133296137704,3748135.8876214591,22,0.089612533992122989,ok,0
1473,3.5178210008357049,2142731.0761223878,42,0.13673693601139214,ok,1
1474,3.8653382205257425,2267725.2931199414,43,0.13050779920798228,ok,0
1475,6.7350944659023444,3593638.3942591716,18,0.11098647303662945,ok,0
1476,5.5226479166163909,3663787.3686075187,22,0.13144561798404258,ok,0
1477,5.3677990988334816,3638757.560326172,20,0.15828171582958228,ok,1
1478,4.8296690250613157,3586376.2901267912,25,0.096508088233937667,ok,0
1479,5.5879352709931016,3608887.1083108899,23,0.10452077922560726,ok,0
1480,6.0144134487224399,3648687.9480615854,22,0.1215537563532666,ok,0
1481,5.1199747695363804,3596161.1150449282,19,0.11926685368646894,ok,0
1482,5.9564477314801421,3985888.1619617552,17,0.095441472452752807,ok,0
1483,7.6894900209120962,3596334.5598252201,19,0.14990502366727565,ok,1
1484,7.0933827949015633,3710309.0187135939,21,0.12261020005940437,ok,0
1485,5.9643435855771054,3590051.24096287,19,0.12327046913843565,ok,0
1486,4.6678068013816878,3602589.0096280966,22,0.10184258938051999,ok,0
1487,7.046820721439885,3597949.2298398344,26,0.10083658013410163,ok,0
1488,2.8831210233705145,2008285.8541831209,43,0.15277819179204033,ok,1
1489,7.3050996382692075,3850325.6111882292,22,0.12991812644336101,ok,0
1490,4.6437185417855318,3657105.689738201,19,0.15429362546636066,ok,1
1491,7.4372842796645209,3593604.4185333597,15,0.13361184594403114,ok,0
1492,3.4711468091429718,2267725.2931199414,37,0.12107510366790331,ok,0
1493,4.0361362182434126,2342560.3317427742,42,0.11353636636470288,ok,0
1494,4.2547149741440684,2416638.8374307705,31,0.10454482064743509,ok,0
1495,10.785118851995307,4463778.6922774222,8,0.16783522575321119,ok,1
1496,5.137011141756469,3598168.5301435408,22,0.12813977288891856,ok,0
1497,5.8253303237238807,3736158.2549491809,17,0.075236441850587921,ok,0
1498,3.8039691369535413,2581618.0750895645,34,0.13778129704362196,ok,1
1499,8.0474769369675592,4487163.0405287789,13,0.11664623545761232,ok,0
1500,3.4020301744108359,2342560.3317427742,35,0.13277639958280535,ok,0
1501,3.4644743720760873,2342560.3317427742,39,0.11285789627431242,ok,0
1502,5.9391428081400583,3606603.1804297352,25,0.12107488131749844,ok,0
1503,3.8759995878849596,2798038.8762947805,26,0.12545655689387986,ok,0
1504,5.5681964495146472,3588191.4351221132,19,0.097250042564149375,ok,0
1505,3.7346958725740089,3626743.0040177102,20,0.12166561940244464,ok,0
1506,4.5885270149615067,2267725.2931199414,42,0.13710118552267103,ok,1
1507,15.567965292932382,4208706.8220782485,11,0.13171928568326507,ok,0
1508,4.7208219228383967,3643373.1917032236,20,0.10642386188185299,ok,0
1509,6.3620562558711402,3609998.8619100964,22,0.10692865159041909,ok,0
1510,4.5617770162818552,4371564.8198911026,13,0.099658616601053573,ok,0
1511,6.4361210906678323,3633885.694834461,22,0.091229702742916696,ok,0
1512,3.215535861007027,2342560.3317427742,38,0.10318025022114841,ok,0
1513,9.3717683753268872,3676385.8215482458,15,0.096870226212948163,ok,0
1514,6.5290888770692872,3733444.1738441228,14,0.12464086440440436,ok,0
1515,4.7130796130483166,3673655.1145287165,20,0.10589468257461765,ok,0
1516,8.4702749190891033,3699646.017374177,19,0.1045089176995333,ok,0
1517,5.1014327520174616,2773471.102127803,23,0.12553061200047835,ok,0
1518,3.7636858598098697,2349511.4431106183,39,0.10102386065663305,ok,0
1519,6.3151879511466111,3699774.6925437911,23,0.12719603301084892,ok,0
1520,5.5562886775430931,3716001.9504260519,17,0.15026759672943646,ok,1
1521,4.9012499359422375,3666771.6350038233,18,0.1146018456686303,ok,0
1522,3.3979355144458734,2581618.0750895645,35,0.11016362644567168,ok,0
1523,3.4004331287954082,4130733.3811914553,8,0.17022066302351446,ok,1
1524,2.8080466111142792,2008285.8541831209,45,0.12051311650181398,ok,0
1525,4.4795384507455474,2609060.0868099569,33,0.12981028902010788,ok,0
1526,3.5342255554914055,2342560.3317427742,39,0.11670119250304684,ok,0
1527,4.6756431565020566,2609060.0868099569,34,0.13097266559866982,ok,0
1528,6.7654588455527991,3656072.4794964371,28,0.10532266270733678,ok,0
1529,9.2285980041833042,3939892.00880958,17,0.12218502184201113,ok,0
1530,3.4115525559859696,2142731.0761223878,42,0.12386647903432385,ok,0
1531,7.2906902133628515,3730698.6979560731,18,0.11677895754202827,ok,0
1532,10.279030805156774,3611613.5400822065,17,0.13589559654359973,ok,1
1533,9.0554151196112223,3999125.562215575,15,0.13209563411435515,ok,0
1534,5.1054547210521211,3586291.5669116867,23,0.10895065294866613,ok,0
1535,3.9905317611763103,2581618.0750895645,35,0.12513740322382949,ok,0
1536,6.5549210721142099,3719970.2696205899,20,0.11252168021044176,ok,0
1537,3.4997064013556618,2142731.0761223878,45,0.12791218331456936,ok,0
1538,5.2325745653635067,3607986.6853621383,17,0.11723966106485656,ok,0
1539,5.7628714206949718,3594564.1322157178,19,0.1255666984898684,ok,0
1540,3.152070541740744,2267725.2931199414,39,0.12719310422154972,ok,0
1541,5.819745102653501,4096309.5962833147,9,0.14980537080907552,ok,1
1542,6.3745740420960315,3620801.3436715188,20,0.13975129340449333,ok,1
1543,5.4422239134681663,3726223.3290576055,17,0.14775937351453083,ok,1
1544,7.1927933386655578,3700274.9953730782,19,0.13957050016787742,ok,1
1545,5.6577442787219923,3604373.0925100092,21,0.15519916233508169,ok,1
1546,3.3450933442999906,2267725.2931199414,37,0.11728469231852168,ok,0
1547,7.7218461435491195,3766950.9278419134,24,0.087580814534530316,ok,0
1548,5.4810985548436877,4146765.9686369658,8,0.1385866189593733,ok,1
1549,5.0578574420359965,2609060.0868099569,34,0.13529964389949123,ok,0
1550,3.2504805156539445,2342560.3317427742,40,0.09642391572283146,ok,0
1551,4.9178068453349137,3603561.9517218452,21,0.11638194734509844,ok,0
1552,5.871184604399434,3627835.7829316501,21,0.13158861076313078,ok,0
1553,3.7988090342155365,2349719.955294122,37,0.11143103257486831,ok,0
1554,3.4687658497758256,2349719.955294122,42,0.10938839330437897,ok,0
1555,3.96350871960699,3805293.7814860088,20,0.11219572023145807,ok,0
1556,6.2872144378767629,3619041.4169842117,18,0.11365378951517185,ok,0
1557,3.743454460725403,2357307.6858878741,34,0.12534231934820586,ok,0
1558,4.9561738710881365,3702179.2141831452,20,0.15524250545328799,ok,1
1559,7.8271220556412198,3641337.1917572049,18,0.10125094156025255,ok,0
1560,4.245204360240038,4643980.3053280925,8,0.13071810296649988,ok,0
1561,5.2285603554605062,3770237.2658070414,14,0.16738522743583728,ok,1
1562,5.9951721618497364,3692733.6778529612,18,0.11985992961166758,ok,0
1563,3.1649030218046379,2581618.0750895645,36,0.087650101989500295,ok,0
1564,4.0203719797707311,4115550.5436781514,13,0.16497061007532454,ok,1
1565,3.7750766400961235,2267725.2931199414,42,0.11273790478470747,ok,0
1566,4.1959951866836152,2349719.955294122,35,0.10425994416243006,ok,0
1567,4.9226012081355108,3655610.7785439678,23,0.16984541160145339,ok,1
1568,3.7379894811462093,2267725.2931199414,40,0.12027854121437642,ok,0
1569,6.3516425905313856,3682198.2562340838,20,0.088801458777664988,ok,0
1570,6.396862745198729,3594778.4136167695,18,0.1105819785222722,ok,0
1571,4.950705523364646,3608994.8675409285,19,0.099134129024747553,ok,0
1572,6.0267270178325605,3596100.4400846884,23,0.1055515832588107,ok,0
1573,3.0899761241809376,2090177.9550635067,45,0.13102977176672836,ok,0
1574,5.4669697496902527,3644853.5389823751,20,0.12794547076345941,ok,0
1575,3.326706090396212,2267725.2931199414,39,0.12074787378763385,ok,0
1576,6.9389376794053108,3621163.3379897554,19,0.15449713347869326,ok,1
1577,6.6899263184535664,3692238.7952712313,16,0.12028330647336993,ok,0
1578,5.949030061912965,3605031.7526853033,14,0.1231840389787735,ok,0
1579,5.4736614617620125,3661475.8611223344,18,0.1661149790373122,ok,1
1580,3.9259015009834815,2628545.6714319899,28,0.11862078356844108,ok,0
1581,3.6842510872968282,3261364.380769941,21,0.14807357272718269,ok,1
1582,3.4841596775994303,2142731.0761223878,45,0.10979182527657595,ok,0
1583,3.4944597101093766,2267725.2931199414,42,0.096957186024630215,ok,0
1584,4.1637204093377456,2416638.8374307705,41,0.11537559282931016,ok,0
1585,7.531523047986413,3661351.5716527458,17,0.1424022320362891,ok,1
1586,5.7973461352036155,3707105.7438110425,24,0.14347047599121618,ok,1
1587,8.2808215090373345,3891353.9463084866,18,0.16441611131854911,ok,1
1588,3.108164304477496,2090177.9550635067,41,0.13449360429231316,ok,0
1589,3.5086969803508699,2342560.3317427742,40,0.13393052075335909,ok,0
1590,6.939696681973313,3714610.0121768345,22,0.10388169460234031,ok,0
1591,3.1935096860858607,2142731.0761223878,42,0.12121929770958942,ok,0
1592,13.823708690799418,4268127.5160907339,8,0.125,ok,0
1593,3.9297822035864924,2349719.955294122,37,0.10379554678944669,ok,0
1594,5.253148584996711,3771779.3323014854,11,0.12076195515921231,ok,0
1595,5.1298446338827004,3752563.1690451927,16,0.12338242665395827,ok,0
1596,3.3522555489632131,2416638.8374307705,32,0.10854055584899391,ok,0
1597,3.2769103856936064,2267725.2931199414,43,0.13634922145705275,ok,1
1598,6.6884026033837021,3731855.7081656782,22,0.11774579128757146,ok,0
1599,5.4920938383058493,3740593.3289315156,14,0.14005707036984882,ok,1
1600,3.1601767920611574,2980790.4908226882,27,0.10253421545777175,ok,0
1601,3.2757348380066698,2267725.2931199414,37,0.13805263111721472,ok,1
1602,5.1944046333517164,3633606.002139308,21,0.067928747075965079,ok,0
1603,6.2926627220394877,3660360.3811451644,16,0.098964211233243948,ok,0
1604,4.4278875147162271,3737641.5502701639,16,0.099572956456275508,ok,0
1605,5.9421712968969054,3591815.0836587199,25,0.11374079073713056,ok,0
1606,5.0663666498528999,3600135.8612435204,28,0.10002225227829287,ok,0
1607,4.3430573530120746,3624927.5934769572,24,0.086239346964026409,ok,0
1608,3.9571686883258272,2267725.2931199414,44,0.08797561381301261,ok,0
1609,6.3268615987607886,3607776.4454066069,23,0.14764996514843365,ok,1
1610,3.772807099434774,3158053.4917109548,18,0.1219605460490315,ok,0
1611,3.5869328701022107,2349719.955294122,40,0.15591507302378216,ok,1
1612,9.6320433364626616,4561413.491879994,7,0.15300458820367013,ok,1
1613,4.2386621991628601,2581618.0750895645,35,0.14502492606432416,ok,1
1614,7.2757697419375722,3960498.851253977,17,0.11838824523060287,ok,0
1615,3.297159042296431,2267725.2931199414,39,0.13830809166404545,ok,1
1616,5.6049597380179623,3932660.066131528,16,0.14652181827632749,ok,1
1617,7.6394854761012612,3631262.9311355567,20,0.11585477469638158,ok,0
1618,7.9900991732447668,4039030.4328598999,16,0.11359709567963971,ok,0
1619,4.9240443579447657,3158053.4917109548,26,0.13161020442964266,ok,0
1620,6.0031438988825938,3625803.3479648964,21,0.071228561362671305,ok,0
1621,4.4152302031029951,3990959.2897485984,17,0.10672398294951943,ok,0
1622,3.5230236391670759,2349511.4431106183,44,0.090483672304908974,ok,0
1623,6.5507219209132401,3595888.9688769677,20,0.13254179104230013,ok,0
1624,6.8399023871230167,3607597.4278025082,21,0.12818015607159589,ok,0
1625,7.374174729285337,3594254.3230699003,21,0.17277726384642922,ok,1
1626,3.6970700219070465,2581618.0750895645,32,0.092076080139897432,ok,0
1627,7.3529531156621015,3587352.9738809564,17,0.14930337769554203,ok,1
1628,3.5779927441638417,2342560.3317427742,42,0.11416841826765561,ok,0
1629,4.0633367648752552,2349719.955294122,40,0.15146008040262271,ok,1
1630,3.3714633956263782,2357307.6858878741,36,0.11251675709948328,ok,0
1631,4.9967727769211692,3158053.4917109548,30,0.17439273696199203,ok,1
1632,4.7958145742796212,3827159.7190396939,16,0.12282143489043462,ok,0
1633,3.9381312392137198,2628545.6714319899,38,0.083096580494821048,ok,0
1634,3.4641131123217197,2342560.3317427742,42,0.15050195915891806,ok,1
1635,3.6091436882417014,2342560.3317427742,39,0.11568350735703503,ok,0
1636,4.4373606577009852,2678205.3747857241,34,0.16675847283914813,ok,1
1637,7.3450712416246198,3742548.660141157,16,0.10777766992176985,ok,0
1638,6.4052702252191471,3598430.9899202497,19,0.12466683868094519,ok,0
1639,7.1951364132809186,3960681.1764473012,14,0.088607342779322529,ok,0
1640,4.0577562115170931,2342560.3317427742,41,0.12733495024576577,ok,0
1641,4.4389301787693523,2581618.0750895645,29,0.13988260904580752,ok,1
1642,6.3693892117541306,3896474.495111594,10,0.11032538461736396,ok,0
1643,5.8456633762469172,3261364.380769941,21,0.19047619047619047,ok,1
1644,5.8931444849455996,3949148.164180696,11,0.12839703576044043,ok,0
1645,4.1942756320294254,2628545.6714319899,32,0.10380997816728166,ok,0
1646,8.0027577711633278,4260237.8721625833,9,0.13946415557456571,ok,1
1647,4.2336140995975171,2267725.2931199414,45,0.1455785645759704,ok,1
1648,3.9058847439064244,2581618.0750895645,34,0.16164938688963904,ok,1
1649,5.5787394429345083,3621043.21163755,19,0.10201200526164367,ok,0
1650,5.5162199732573116,3670461.6493037553,18,0.14600838626532875,ok,1
1651,3.4540194248181151,2342560.3317427742,45,0.13797657578821343,ok,1
1652,6.5268241401462639,3628904.0251327301,19,0.12827519234982487,ok,0
1653,5.3419974870142877,3603553.2790286602,22,0.10175283313159134,ok,0
1654,4.7421716792998483,3608492.6549498243,23,0.1093216116405672,ok,0
1655,2.7969691815919226,2008285.8541831209,42,0.12338527222313878,ok,0
1656,8.4610179794181946,3665379.5740969204,12,0.13208345560818802,ok,0
1657,3.9368160517584179,2628545.6714319899,35,0.11840560601312233,ok,0
1658,4.6574522881692264,3721114.4585227873,21,0.11978915502074089,ok,0
1659,5.8162894088197259,3615317.8941541309,19,0.14194819989159785,ok,1
1660,7.4000010988125062,3598242.8584938371,16,0.10635624751207651,ok,0
1661,7.3053037214013896,4004220.7205921742,13,0.12830045794858602,ok,0
1662,5.5476959694078243,3664934.8987876694,15,0.12912275789764124,ok,0
1663,6.2427675269068166,3958278.7462654021,18,0.11771882388109645,ok,0
1664,5.3847462237002288,3611905.5388078345,18,0.13337585024830045,ok,0
1665,5.1589215566542252,3261364.380769941,25,0.17570870217944662,ok,1
1666,4.3866128888568845,2357307.6858878741,28,0.18396392792903557,ok,1
1667,5.3137063400084639,3999059.8811216196,18,0.10648890564619035,ok,0
1668,6.6534931047979882,4045671.2064667228,18,0.15329309709731195,ok,1
1669,7.4391915872447445,3651889.6334613683,18,0.1375549249694753,ok,1
1670,4.8790003274693525,3740005.8548071436,15,0.1083811265998709,ok,0
1671,4.0397412809014019,3261364.380769941,28,0.16226740616090535,ok,1
1672,5.6548199278674334,3644870.5719772116,19,0.16730117740365624,ok,1
1673,7.9068105274892844,3870078.6280837385,16,0.14117906092364141,ok,1
1674,4.255520968497005,2342560.3317427742,38,0.12300938817232765,ok,0
1675,8.3153212357036637,3666891.8873822717,17,0.14675217543192154,ok,1
1676,3.2287172653402871,2090177.9550635067,41,0.16482117672781338,ok,1
1677,4.9081666313417278,3760006.5408894559,20,0.12979066967982289,ok,0
1678,5.9995876352542536,3595527.6723373677,22,0.14698588412449171,ok,1
1679,8.9343466331341226,3781432.8211264024,12,0.083333333333333329,ok,0
1680,4.3365605728134025,4001425.3956758375,12,0.12627424304585777,ok,0
1681,4.0888662062011178,2609060.0868099569,37,0.085386946139862863,ok,0
1682,3.5565891999634269,2798038.8762947805,25,0.10614374028426224,ok,0
1683,3.6497882879741423,2349511.4431106183,39,0.10554163130473559,ok,0
1684,4.6844838944992944,3801466.4286817154,14,0.097613468086583721,ok,0
1685,3.6296430352546079,2954199.3212936129,30,0.19401611160858484,ok,1
1686,5.9531139526646655,3626111.7877452355,24,0.13739860960064121,ok,1
1687,6.2027870582438389,3651977.878470717,18,0.1307380889015633,ok,0
1688,3.1205950984972266,2142731.0761223878,40,0.10246344099918754,ok,0
1689,8.5786098360811867,3605811.9173000911,18,0.14997314187243327,ok,1
1690,5.3982285029129997,3677787.0089444113,12,0.14674227563632614,ok,1
1691,4.7451397256010193,3657994.4587180275,13,0.11950321912412609,ok,0
1692,6.5089354251163645,3707488.3212485816,15,0.12475873590745346,ok,0
1693,5.0156399295311367,4400059.2424786836,11,0.12850788392625195,ok,0
1694,5.3608540511674478,3703870.9186492665,20,0.1113830434289686,ok,0
1695,7.618124960297207,3627595.9354360434,18,0.083608701857989409,ok,0
1696,7.8245696605361728,4395547.617445915,15,0.11157289474597565,ok,0
1697,3.4485599519676091,2349719.955294122,41,0.13789855253766264,ok,1
1698,4.0065153445669601,2609060.0868099569,31,0.13348391935212311,ok,0
1699,4.6352183247077816,3808575.961716508,12,0.086549256195708857,ok,0
1700,6.152834479886101,3625502.8914802354,22,0.14031256784097179,ok,1
1701,7.1230076827747553,3839236.678295115,14,0.10033576016850065,ok,0
1702,6.1768059389502783,3973294.4364641709,17,0.10974960624809771,ok,0
1703,8.6836773482115586,3625537.9493480399,20,0.15719210620964874,ok,1
1704,4.707482584395029,2581618.0750895645,34,0.14272790473011909,ok,1
1705,7.2133939346082432,3595893.6737055336,21,0.16503554918598745,ok,1
1706,4.9166964481844815,3882968.6407971811,14,0.13771352465243425,ok,1
1707,4.7771956278668437,3623352.452317284,22,0.13852788824584489,ok,1
1708,6.0059195000516334,3957279.0685213692,18,0.12735676295963122,ok,0
1709,8.9371203874810377,3651170.461370925,19,0.11328151949716292,ok,0
1710,6.9535190684398671,3625913.2663374376,24,0.14294418837257389,ok,1
1711,5.6361796132490962,3603028.352039346,16,0.12649519422174482,ok,0
1712,4.3813034942644489,3613650.0544675016,25,0.11850038886548825,ok,0
1713,5.7072231602088177,4305592.4249270419,16,0.13410539804625465,ok,0
1714,3.1499790891364015,2267725.2931199414,41,0.17170162947552092,ok,1
1715,3.872214225401525,2267725.2931199414,40,0.13846826759304881,ok,1
1716,3.5898896885288538,2349511.4431106183,41,0.11703346118846114,ok,0
1717,2.9152311271092719,2008285.8541831209,44,0.13514501093324116,ok,0
1718,4.1697882804654958,3802048.305248504,14,0.13259743466957946,ok,0
1719,7.1489690355333018,3637492.1372642219,19,0.15575405927097297,ok,1
1720,3.9984228393781893,2090177.9550635067,40,0.13951401445641956,ok,1
1721,4.7130503489354725,3656256.5101266587,17,0.13232902896035104,ok,0
1722,4.0677167434224559,2773471.102127803,33,0.15775601537460893,ok,1
1723,5.1480142971135807,2678205.3747857241,37,0.10932124865108339,ok,0
1724,4.5180366378861008,2581618.0750895645,37,0.14007113679681105,ok,1
1725,9.761006112032927,4421173.6525013987,10,0.12648401034838652,ok,0
1726,3.729020104491402,2090177.9550635067,44,0.13562081392553049,ok,1
1727,5.2380678401236951,3615482.0201198407,22,0.11667699555835626,ok,0
1728,7.5582956561811381,3728778.5612932448,20,0.13799718359456448,ok,1
1729,5.3788835543841573,3654672.6075169435,23,0.12969905852226649,ok,0
1730,5.5307338344335193,3590607.5722372518,25,0.095955587378908413,ok,0
1731,5.6723289415441585,3864750.5288379495,9,0.13600728871074946,ok,1
1732,3.2469706627251069,2090177.9550635067,45,0.14310995765397899,ok,1
1733,5.8776896690804374,3790781.7553427578,18,0.13231121689855699,ok,0
1734,3.4154387698667055,2142731.0761223878,40,0.098622873166817837,ok,0
1735,3.3587972831385522,2786813.40424396,29,0.069953063932829518,ok,0
1736,5.6795179111647194,3600661.3406830928,26,0.11416402866804964,ok,0
1737,5.9194327009345038,3662371.8863826133,17,0.10850139485509169,ok,0
1738,3.280734416810295,2142731.0761223878,39,0.13779583465693679,ok,1
1739,6.2433283654258211,3640462.1672215536,19,0.16460210525098595,ok,1
1740,9.0824542928732495,5389446.1054089488,8,0.14392148213272971,ok,1
1741,5.5511407539975508,3881320.002359672,15,0.10118738391423621,ok,0
1742,5.2157671477606877,3627959.1091938661,23,0.082782438322188345,ok,0
1743,5.7933613249556553,3609910.7032347294,22,0.093345630047320494,ok,0
1744,6.4525900529358422,3622317.4869455388,19,0.1308053555863552,ok,0
1745,3.7283706274961457,2267725.2931199414,41,0.1781001279225054,ok,1
1746,3.5575569862996743,2342560.3317427742,44,0.12608929352422105,ok,0
1747,3.5147739908418854,2342560.3317427742,39,0.12109429198361193,ok,0
1748,3.8285143675431228,2581618.0750895645,35,0.12048459118644755,ok,0
1749,3.0793081568287066,2008285.8541831209,42,0.18273725615530795,ok,1
1750,4.2964947198362582,2342560.3317427742,40,0.12408806036735001,ok,0
1751,5.8198538809037847,3607002.1111929337,21,0.1075732873034998,ok,0
1752,8.6039772732030038,4999050.4006500058,8,0.13692802742934118,ok,1
1753,4.1028529360074657,2798038.8762947805,29,0.10423270643623461,ok,0
1754,5.3372614282448625,3621212.436258215,18,0.098310939875620673,ok,0
1755,5.8692779682531331,3644794.3677652208,14,0.12483737600218803,ok,0
1756,3.3792517284637253,2142731.0761223878,40,0.091150059215948515,ok,0
1757,3.6811322200378083,2342560.3317427742,37,0.11382929210026038,ok,0
1758,4.7897702923332357,3709856.5870405505,17,0.14239361363401837,ok,1
1759,6.8180920775604674,3769191.2228670958,15,0.1204685885615614,ok,0
1760,5.4386656839131033,3611556.075679915,17,0.0943839238895684,ok,0
1761,5.4407584559065238,3644579.4068241189,17,0.13846053611483777,ok,1
1762,3.4900531485249462,2267725.2931199414,39,0.133251997453944,ok,0
1763,5.7910920938436057,3659855.7366790571,20,0.11002698440798486,ok,0
1764,5.0606469820664461,3602568.9408770553,20,0.13488782515414333,ok,0
1765,5.778578528173079,3601256.8060455513,26,0.17427404272139202,ok,1
1766,5.3763492555129879,3712962.4979420984,18,0.13854911839594197,ok,1
1767,5.5707718375958475,3632302.6663250341,20,0.095045607583692515,ok,0
1768,6.2168168249061262,3968555.098679001,19,0.10825543429697099,ok,0
1769,4.4179783653411384,2581618.0750895645,31,0.11079288940957077,ok,0
1770,7.0394544346301595,3633166.1448721485,19,0.11854713126153671,ok,0
1771,3.4784536491479479,2342560.3317427742,39,0.12665561243817347,ok,0
1772,5.8428984255094791,3598295.0797404293,28,0.10093022228228443,ok,0
1773,3.5689759228398219,2142731.0761223878,38,0.10548511722656884,ok,0
1774,3.6657060296302117,2267725.2931199414,38,0.14604080108545703,ok,1
1775,5.1354152083558775,3711597.1223321627,24,0.10660051023452752,ok,0
1776,6.8060657879807369,3644653.9619929548,20,0.13530374253026006,ok,0
1777,4.0303499413949453,2342560.3317427742,41,0.13311859826653116,ok,0
1778,4.6224973678436774,3675328.5000182418,20,0.13006882247271967,ok,0
1779,5.1901401457589857,3606361.6921433345,24,0.091083659233966774,ok,0
1780,4.9217941293270933,3158053.4917109548,23,0.13386040282968242,ok,0
1781,5.1003959233183611,3664576.9830882214,23,0.13539827176265073,ok,0
1782,4.0075287659913803,2267725.2931199414,36,0.13145680969372786,ok,0
1783,5.6182899009269249,3630725.1091153161,23,0.13084681259228703,ok,0
1784,5.4732915678698211,2628545.6714319899,29,0.10856924483163953,ok,0
1785,5.9945594294665314,3623328.3344831713,19,0.1289900589311902,ok,0
1786,3.5163449213221614,2090177.9550635067,45,0.14401396399340005,ok,1
1787,5.5158007189458864,3599824.9722809098,21,0.12810192774783524,ok,0
1788,6.4533792414467088,3595855.7192149796,19,0.11520355994117848,ok,0
1789,8.390940212905587,3622310.6402516915,14,0.14492300203758213,ok,1
1790,6.4866549162353673,3655471.333506031,16,0.094546065543377855,ok,0
1791,5.6252524076279506,3772646.8232869534,18,0.10679088401414649,ok,0
1792,4.246599540593893,3600342.8741825516,19,0.096000333466356835,ok,0
1793,3.9670272486246998,2786813.40424396,29,0.091617996696349291,ok,0
1794,4.0819209728117123,2342560.3317427742,41,0.15153208117937367,ok,1
1795,5.8086769974927694,3697881.054580641,20,0.11881620429903353,ok,0
1796,4.9300200674766002,3743865.4122745465,14,0.12254691460625633,ok,0
1797,13.118231679463143,3681654.4604008873,14,0.13911436756627116,ok,1
1798,5.7189110376988657,4117192.3087698235,13,0.085412774044062445,ok,0
1799,4.6572979725983448,3593188.124048254,26,0.083475158200693178,ok,0
1800,5.0103628175428465,3659198.2785844952,17,0.091661635208233089,ok,0
1801,4.8949134634087663,2267725.2931199414,41,0.12299808791681999,ok,0
1802,7.7541792624068897,3611970.959490384,16,0.12224835958339997,ok,0
1803,4.3302402631205901,3848174.5328200012,21,0.093427613001559273,ok,0
1804,4.1851403221671859,3874195.6896667057,17,0.11726415737410212,ok,0
1805,5.383850132493297,3586500.7070234283,25,0.11823022187586685,ok,0
1806,7.0197424500668602,3839867.4054875532,19,0.13346403622831182,ok,0
1807,5.5935439662655844,3588582.9929149272,19,0.14712697660476159,ok,1
1808,4.0980057097389224,2267725.2931199414,41,0.13899495562094721,ok,1
1809,7.9637843242127859,4394315.315372007,9,0.18725332383327575,ok,1
1810,5.0861876802541151,3772768.9896454467,15,0.096482663273092184,ok,0
1811,4.2419273279828609,2609060.0868099569,33,0.16539255748899617,ok,1
1812,6.3255036264615745,3735245.8379267924,15,0.15769354120539469,ok,1
1813,4.3243664182792116,2581618.0750895645,33,0.10882687478430636,ok,0
1814,4.2965225803497749,2416638.8374307705,35,0.13848886792666962,ok,1
1815,5.0865207661935932,3586985.001832264,20,0.14230630516200704,ok,1
1816,3.378365490266511,2142731.0761223878,44,0.11773604458607234,ok,0
1817,5.3295931932111653,3963056.8794605574,11,0.15063992845287327,ok,1
1818,5.4551584317051942,3800355.9614605061,19,0.11798076317011164,ok,0
1819,5.3801536048558098,3645957.1961116707,19,0.15268267684170134,ok,1
1820,3.7975499800863353,2609060.0868099569,32,0.12060782505258461,ok,0
1821,5.836298033171512,3776030.3791634627,13,0.12354836216542497,ok,0
1822,7.3502422474160314,3630218.9511142783,15,0.12047102204367433,ok,0
1823,3.7215233651841761,2349511.4431106183,39,0.14667387656544983,ok,1
1824,3.06735388404848,2090177.9550635067,44,0.16317063629833742,ok,1
1825,3.2083479476816588,2349511.4431106183,42,0.14559207876713887,ok,1
1826,8.5066772795017425,3781972.7215555492,17,0.092104427290461643,ok,0
1827,3.6480228516175339,2349719.955294122,37,0.13350290401263398,ok,0
1828,6.0534770683518175,3765524.2572247027,26,0.12331801409189069,ok,0
1829,7.0425167004715377,3688112.2990084407,20,0.14755410197115032,ok,1
1830,4.7776940383987494,3673915.2632193887,21,0.12140241514780126,ok,0
1831,7.0354581803177956,3606236.739043287,18,0.10102698793962828,ok,0
1832,6.7383803132001807,3884030.6549108918,14,0.090409651905375837,ok,0
1833,3.4509866480201232,2090177.9550635067,42,0.14327192269388966,ok,1
1834,4.9988724466533849,3645146.729063761,18,0.12951543744312521,ok,0
1835,5.6121677847291167,3674727.4354352504,18,0.14017071954110549,ok,1
1836,3.2867136985211491,2008285.8541831209,43,0.13252913290371793,ok,0
1837,5.6894383503634529,4103510.6215825607,18,0.16477016905849365,ok,1
1838,8.5612756195536797,4291018.5041198554,10,0.15959033959292007,ok,1
1839,5.6288265387347129,3642635.9434196097,18,0.10927210616839891,ok,0
1840,5.285552135288464,3657935.5775212133,19,0.094407029494158023,ok,0
1841,5.7319672517535603,3832941.6291325176,18,0.09333941998074613,ok,0
1842,5.6111229246524585,3737351.6289313384,15,0.13258219253572534,ok,0
1843,6.5597364797850171,3684105.1005774457,19,0.10644647724768963,ok,0
1844,3.794455606117956,2342560.3317427742,40,0.1254572138853165,ok,0
1845,6.0720282359965969,4310386.2855481328,14,0.14974426191019807,ok,1
1846,9.0326389551795199,3705445.8560002102,16,0.084268559397539522,ok,0
1847,3.3459276136770435,2008285.8541831209,47,0.17070223423182385,ok,1
1848,6.1334566446527639,3662110.1885003769,20,0.12524865917927008,ok,0
1849,4.0724916314218493,2609060.0868099569,26,0.086543941414108871,ok,0
1850,3.2779015236310958,2090177.9550635067,44,0.14249024668383725,ok,1
1851,6.3228197413510854,3603904.2971517686,18,0.12681192179776957,ok,0
1852,4.5659565304881493,2954199.3212936129,25,0.13723813843437496,ok,1
1853,6.6678904206832454,3779726.8915889072,9,0.1111111111111111,ok,0
1854,4.8518206350386119,3655764.4044278655,20,0.13535189829505079,ok,0
1855,4.6682171256173497,3912242.0943234614,12,0.15140427870778167,ok,1
1856,3.3302517773644569,2090177.9550635067,37,0.15065625011400086,ok,1
1857,7.6734198243339344,3643883.9228387009,20,0.083692950895946777,ok,0
1858,5.8985003540729419,3966813.8980181585,23,0.10056191041344276,ok,0
1859,8.1697814485998315,3692765.8088568547,19,0.16125760673628187,ok,1
1860,3.3607489645157886,2142731.0761223878,40,0.15598458620849476,ok,1
1861,5.4098187937632263,3965180.0189052396,12,0.12944528603166319,ok,0
1862,4.5219028802139309,3593894.9476449788,22,0.11395650370164101,ok,0
1863,3.5136705657025971,2267725.2931199414,42,0.15008139237828089,ok,1
1864,8.6812206349254666,3706971.5337914354,17,0.12552274532747754,ok,0
1865,11.03448558413049,3594764.8327445439,18,0.11824041743340108,ok,0
1866,6.7010748197622432,3649282.3893218683,18,0.11334058546248821,ok,0
1867,3.9160147373180676,2342560.3317427742,38,0.11379627805159476,ok,0
1868,3.8812396588262956,2349719.955294122,34,0.15299021147447522,ok,1
1869,3.853082710729073,2357307.6858878741,38,0.1091941400445598,ok,0
1870,10.058024915527126,3928021.3668189729,14,0.14170207185094758,ok,1
1871,3.9795338055983622,2342560.3317427742,37,0.14327422286645053,ok,1
1872,35.13940903711481,4546036.2591132289,7,0.15767116815573201,ok,1
1873,14.145767619396343,5245589.992278303,7,0.14285714285714285,ok,1
1874,5.2598161756283197,3712522.2023125947,13,0.11961201139450184,ok,0
1875,4.8177377781464115,3745769.3127976283,17,0.12187478387388265,ok,0
1876,6.7695834520205471,3633257.9966447982,18,0.082639388834597483,ok,0
1877,4.4146748429385223,3667536.025588579,21,0.11341806386847575,ok,0
1878,3.8084243519103653,4256797.8921303973,14,0.11937665146847914,ok,0
1879,3.1845500059905603,2008285.8541831209,40,0.17801050162476156,ok,1
1880,4.6283016070107426,3609142.0563314976,19,0.079146024981340934,ok,0
1881,3.4708832701835903,2142731.0761223878,39,0.12724026520290832,ok,0
1882,5.0930380565986813,3631283.2073656092,17,0.14922767904278089,ok,1
1883,3.5335913807430508,2349511.4431106183,40,0.11815231867419659,ok,0
1884,6.496129178929527,3657353.8229095237,19,0.11367387423888742,ok,0
1885,3.6897807792422617,2349719.955294122,37,0.11586474729828294,ok,0
1886,4.6582890692894106,3595947.1063203281,23,0.1695382091544807,ok,1
1887,4.5560126534982324,2628545.6714319899,42,0.14561085374924437,ok,1
1888,5.4034797211149899,3631077.3713315483,21,0.16848268456666482,ok,1
1889,4.936461722502008,3704496.3815433122,16,0.12923779627321808,ok,0
1890,4.1384654326606105,2342560.3317427742,41,0.14307059415860379,ok,1
1891,4.8159881161778291,3822876.6165098497,19,0.15860852617884708,ok,1
1892,4.0334850426737621,3261364.380769941,30,0.13225799212873876,ok,0
1893,4.1206214259299578,4115980.1310485872,10,0.13539515198392083,ok,0
1894,5.6675508052358081,3817310.6491319723,11,0.16025342942645654,ok,1
1895,2.8772288908613737,2090177.9550635067,47,0.11937014889948006,ok,0
1896,3.9859176486122188,3757449.7826068411,20,0.095820974661703695,ok,0
1897,3.9415194417948594,2267725.2931199414,41,0.17477023337758302,ok,1
1898,5.063101362607684,3619989.582237015,19,0.12867297533572952,ok,0
1899,6.3532383374747088,4180139.376353025,13,0.12681477048769152,ok,0
1900,3.4730073869370175,2349511.4431106183,38,0.1489923302908811,ok,1
1901,10.369168994144989,4313999.7956096306,12,0.15203282463355883,ok,1
1902,5.7676064521373247,3695528.1417282629,22,0.15172500515997689,ok,1
1903,5.7569674722983333,3679678.0866485895,17,0.15688012789612238,ok,1
1904,3.506674707571432,2267725.2931199414,41,0.13110450118564734,ok,0
1905,4.1780329610587099,3651930.9831911488,22,0.126748318243666,ok,0
1906,7.1356900204767761,3615305.6277169948,15,0.097396776032558807,ok,0
1907,5.0861511218662283,3779913.7216077913,21,0.080290611227391895,ok,0
1908,3.4820704335280226,2581618.0750895645,33,0.10155188337137727,ok,0
1909,3.7388692217617385,2609060.0868099569,38,0.11540044075067868,ok,0
1910,5.2220750877741526,3856076.9755623993,9,0.12024674875945962,ok,0
1911,6.2479680646160611,3608678.4217435434,15,0.1092808491923988,ok,0
1912,5.8732970629727639,3851300.32019806,8,0.1921530541962132,ok,1
1913,3.6461218892755052,2267725.2931199414,45,0.12737591384535984,ok,0
1914,5.493768142258606,3597859.0693908404,19,0.079797656862542199,ok,0
1915,5.8169434091030894,3615588.3978391495,22,0.14074913596625038,ok,1
1916,7.8937308935435588,4219397.8634539815,17,0.12652676442380972,ok,0
1917,3.9619230874373184,2342560.3317427742,41,0.12525912201764144,ok,0
1918,3.9550106081737968,2342560.3317427742,34,0.18269199730807983,ok,1
1919,7.5518972928718755,4670252.1638240824,8,0.13915086701576962,ok,1
1920,4.5104719505233861,3261364.380769941,25,0.13945694933059424,ok,1
1921,3.7045188750434694,2267725.2931199414,39,0.12363714270704695,ok,0
1922,5.9974305908506356,3857138.8380284072,17,0.082834467344632901,ok,0
1923,5.4508288127849873,3628326.1744223963,22,0.1442650756316648,ok,1
1924,9.3001948072584799,4096290.863957786,10,0.14544666005150741,ok,1
1925,3.8236288929744524,2628545.6714319899,32,0.11269329983610588,ok,0
1926,7.8372060011587692,3619747.3357958212,13,0.11945256995331432,ok,0
1927,3.4187042872417859,2267725.2931199414,38,0.089524348664799858,ok,0
1928,3.7873372999350994,2609060.0868099569,36,0.1209414994131075,ok,0
1929,5.5073643587020218,3852532.8399298959,19,0.1200317061528835,ok,0
1930,6.616088661605982,3633390.9230395141,18,0.098680887435152326,ok,0
1931,5.9673461560597971,3639940.2646810585,20,0.1083197991270487,ok,0
1932,3.5221365013904387,2357307.6858878741,40,0.15905881788982645,ok,1
1933,3.6579391533258914,2342560.3317427742,38,0.13045662225435883,ok,0
1934,4.8499949043180077,3618534.7261701762,17,0.10941465049914334,ok,0
1935,7.7388490938843226,3645939.0292877816,14,0.12807358469222119,ok,0
1936,3.3817332807336613,2342560.3317427742,39,0.15066777224699129,ok,1
1937,3.8846468660887865,2349511.4431106183,42,0.14149895165878162,ok,1
1938,3.6616284417623284,2349511.4431106183,32,0.14474063425552319,ok,1
1939,8.4761410578892864,4055372.1803106228,11,0.13967640814462634,ok,1
1940,3.8648281523159538,2267725.2931199414,44,0.10568226576475395,ok,0
1941,6.0057801234035697,3962071.4818202676,10,0.15832423849866967,ok,1
1942,4.5998370975794298,3958013.7051610588,11,0.11775164234298077,ok,0
1943,6.8052206880010413,3817169.3339169151,18,0.17482408719151388,ok,1
1944,8.0371876693718036,4013130.8363923575,15,0.12495592109794407,ok,0
1945,5.1512626040897089,3593032.6272612573,20,0.10497081009593567,ok,0
1946,4.3274227900237321,2609060.0868099569,32,0.12645514204998332,ok,0
1947,7.6748891864795112,4255869.0090072397,13,0.12911580331390787,ok,0
1948,6.6599564232199127,3641589.4534103055,18,0.17842540308328497,ok,1
1949,4.8038884802912385,3623494.8170084618,18,0.11044441944222061,ok,0
1950,5.4312176902397971,3680375.5651932107,24,0.096788111290863066,ok,0
1951,7.38253322525168,3736802.3025251096,19,0.13984738193418528,ok,1
1952,7.6797432172925681,4536023.112886983,10,0.11416223754632582,ok,0
1953,7.9258548769123012,3651724.0427977899,17,0.13188171756783762,ok,0
1954,4.73445314589428,3655943.1122697559,27,0.085774779478152485,ok,0
1955,3.9004174671278808,2628545.6714319899,36,0.12474283001947584,ok,0
1956,4.9130956939830934,3754134.0140465745,17,0.12899632719361975,ok,0
1957,4.0915818607037622,2342560.3317427742,42,0.13346704177534791,ok,0
1958,3.3397654736976627,2142731.0761223878,39,0.16161133792008942,ok,1
1959,3.7159165844793498,2609060.0868099569,32,0.15618821988738474,ok,1
1960,7.7487916219015984,3597009.3202081118,17,0.11084194399364311,ok,0
1961,4.9134520810005613,3158053.4917109548,24,0.16093145952668342,ok,1
1962,3.8393014467034381,2267725.2931199414,32,0.099037098537831381,ok,0
1963,3.5370811295948918,2267725.2931199414,41,0.090155793203582413,ok,0
1964,6.232512897231576,3589694.6226294003,15,0.13083577410167813,ok,0
1965,4.9115703430343096,3650471.1706962329,18,0.10835176053366002,ok,0
1966,4.3883325721408752,2609060.0868099569,32,0.12342132537410266,ok,0
1967,4.8129461860482365,3717872.0269458904,16,0.1520237014719622,ok,1
1968,4.991702740938603,3623839.4913678425,20,0.12131089679771961,ok,0
1969,3.55225076936066,2609060.0868099569,37,0.13169107979496131,ok,0
1970,3.7753486059877752,2267725.2931199414,38,0.11796921383288464,ok,0
1971,6.5031076876218217,3660996.1561669623,18,0.14772649156858875,ok,1
1972,3.6436203949789077,3594666.917985402,20,0.11024053244002974,ok,0
1973,3.0245142767786022,2142731.0761223878,41,0.11708838679239619,ok,0
1974,6.4359535087426725,3940334.9394700211,19,0.10200319889526016,ok,0
1975,4.8080831758563818,3774583.2909508008,13,0.10612512013905606,ok,0
1976,4.3126779358975291,3843831.2384317489,15,0.14572474144669229,ok,1
1977,3.5605060595154776,2342560.3317427742,41,0.13986517670590981,ok,1
1978,3.5070257266194349,2090177.9550635067,42,0.10036754850448448,ok,0
1979,6.2361956428703706,5027427.2623316869,7,0.1512063065541101,ok,1
1980,3.0530375109312535,2090177.9550635067,44,0.15196389813610622,ok,1
1981,4.986900900387834,3689311.9541511047,24,0.13817798442735063,ok,1
1982,12.228283319276706,4214381.544615346,12,0.13258413501746838,ok,0
1983,3.9588687774191773,2357307.6858878741,38,0.15766719880946076,ok,1
1984,3.6184184276811706,2267725.2931199414,39,0.16958198097136346,ok,1
1985,7.8841083037036599,3748336.6750290804,16,0.1458014753383301,ok,1
1986,3.5214048181741933,2090177.9550635067,42,0.13076199196728369,ok,0
1987,3.8794936665229729,2142731.0761223878,41,0.10448338981538718,ok,0
1988,8.4670598623021345,3634134.0629807822,20,0.15002261084128105,ok,1
1989,3.2428477617465177,2267725.2931199414,38,0.11857396240131057,ok,0
1990,7.0509267709410102,3692176.4508915939,27,0.092438138991283558,ok,0
1991,7.0038232925806057,3656250.3295967323,21,0.12919623053988638,ok,0
1992,3.7100032412792623,2267725.2931199414,42,0.12519483332900394,ok,0
1993,8.7242554040322204,3620908.6863893969,21,0.15208997139029679,ok,1
1994,3.2887353721989139,2090177.9550635067,41,0.10769470662021641,ok,0
1995,6.3004657342023984,3606333.2338529816,21,0.097334465749353671,ok,0
1996,5.3054902745411798,3586152.341645088,25,0.14689727767611538,ok,1
1997,5.4088882345240537,3609942.7329282146,13,0.12959739791292879,ok,0
1998,3.9021300405575916,3602816.7719767774,18,0.089666606089729123,ok,0
1999,7.3757554703209047,3736774.3355583847,20,0.096332788882761172,ok,0
2000,3.2679694760627389,2008285.8541831209,42,0.16248043628013609,ok,1
2001,4.6920463979889799,3727206.8159341924,14,0.14033353946522814,ok,1
2002,3.8737804980836632,2773471.102127803,29,0.1435487514245043,ok,1
2003,4.3730436710718781,3924912.5988084311,11,0.13484535179248619,ok,0
2004,3.970341675047715,2581618.0750895645,33,0.13596370559034643,ok,1
2005,6.4050647483840333,3646520.8675660626,18,0.16305031124167146,ok,1
2006,7.3102643474585891,3586772.1518778089,16,0.10488282467897481,ok,0
2007,5.0442778498969147,3667809.4983626138,20,0.095154221950709855,ok,0
2008,9.3951262092875005,3823979.5382386064,18,0.12999199619741303,ok,0
2009,3.5147520034595732,2357307.6858878741,36,0.10558601665434542,ok,0
2010,10.80342537280923,3985531.335024823,11,0.1586902835507841,ok,1
2011,6.4090949350842443,3628896.7214036025,24,0.10632790861719943,ok,0
2012,3.0880884442544811,2008285.8541831209,45,0.14159750796253032,ok,1
2013,4.7653243797967928,3848647.1759430454,13,0.099127164600249285,ok,0
2014,6.0359956151480638,3735248.7734826449,17,0.13170794829902521,ok,0
2015,7.3707738671316552,3805585.5740374834,21,0.13841425213905323,ok,1
2016,5.2723186163038109,3602292.0553978751,22,0.15452734211400077,ok,1
2017,3.0432249872939017,2008285.8541831209,43,0.1377367493389372,ok,1
2018,3.1556079845907337,2349719.955294122,36,0.13950585592147724,ok,1
2019,5.7835796244090654,3604936.1655618665,17,0.12348844216382637,ok,0
2020,4.2067504957767721,2357307.6858878741,30,0.11049516008500049,ok,0
2021,3.5650791092424989,2628545.6714319899,26,0.11617807392216073,ok,0
2022,4.6807614179764983,3720907.4587540505,16,0.11284743668237118,ok,0
2023,7.1694652210852521,3608089.5080533857,22,0.15909367616796444,ok,1
2024,9.771702680247591,3679097.1900132713,14,0.1337405736523769,ok,0
2025,5.9237436053502508,3667188.8406931865,18,0.1930153913733802,ok,1
2026,4.4107251910218785,2342560.3317427742,41,0.12237658760731818,ok,0
2027,7.7155455118472762,4025111.6564585296,13,0.11959222490768917,ok,0
2028,12.838245105732076,4573062.2989682974,14,0.17595293040926197,ok,1
2029,4.9876713249813065,2581618.0750895645,30,0.12541081670296794,ok,0
2030,3.8862979715939892,2267725.2931199414,39,0.095856680502046321,ok,0
2031,7.2293194134780947,3598309.2169298972,17,0.12258554018222545,ok,0
2032,3.3349214003512389,2142731.0761223878,39,0.14597721050098222,ok,1
2033,3.9695616961594631,2267725.2931199414,38,0.16052755006462294,ok,1
2034,3.6479257113329506,2357307.6858878741,35,0.1213300603509178,ok,0
2035,4.6890159816913357,3675966.0443106908,22,0.098792680528312582,ok,0
2036,3.6928060773198945,2267725.2931199414,41,0.13491116918198909,ok,0
2037,6.2381812911379715,3702865.7326201382,18,0.08595634915135586,ok,0
2038,3.9111216243870413,4220985.1664096247,11,0.12104699740774072,ok,0
2039,4.0038815862106674,3810117.1409793091,17,0.12104896639009516,ok,0
2040,6.8419773542604965,3974964.9166432493,15,0.13634007605359988,ok,1
2041,3.7101602249250702,2267725.2931199414,37,0.12258659308113823,ok,0
2042,3.3403904745842117,2342560.3317427742,40,0.13903717299680363,ok,1
2043,4.1812164463949228,2342560.3317427742,38,0.12537605146405273,ok,0
2044,7.1136041912963419,3605791.8160504806,23,0.10526227780180353,ok,0
2045,7.6982112327182515,3721958.4214345515,16,0.10401664875654704,ok,0
2046,4.8187086489391815,3591712.6206558393,21,0.099609957521298531,ok,0
2047,6.2883955071394055,3627540.8196045519,19,0.14319129436191003,ok,1
2048,4.8157621671268345,3643772.7084445101,15,0.16078763983866062,ok,1
2049,4.7385254214000962,2581618.0750895645,29,0.1674867933957056,ok,1
2050,3.3380866636019535,2349511.4431106183,41,0.12192250578529668,ok,0
2051,4.899404484203763,3803938.2444678815,14,0.1074780095574123,ok,0
2052,3.8887727833674242,2349719.955294122,39,0.12344844354840101,ok,0
2053,5.6851406288966686,4107119.7017212412,16,0.16052973559348738,ok,1
2054,3.448242341759947,2267725.2931199414,41,0.12211890090542343,ok,0
2055,6.2959813450890145,3794203.5833018012,19,0.086932980874971422,ok,0
2056,3.3100506145491622,2342560.3317427742,42,0.10807203914340804,ok,0
2057,3.5064603961955561,2267725.2931199414,38,0.11010689062714873,ok,0
2058,3.7027911531812276,2342560.3317427742,38,0.098464385272988397,ok,0
2059,5.3724426869858704,3888702.2412366993,21,0.13094924172537015,ok,0
2060,6.0899417797862387,3764294.6631183829,16,0.11035282805384239,ok,0
2061,3.5681560137103685,2090177.9550635067,42,0.14555235492855456,ok,1
2062,5.8915899881159186,3587698.7024604576,20,0.12351094837486332,ok,0
2063,4.8798403661265866,3641097.2158667743,17,0.11963059390437347,ok,0
2064,6.2633111033007243,3632017.8970664856,20,0.08862955170137532,ok,0
2065,4.6696409997097099,3797753.6721811052,15,0.14376360813074884,ok,1
2066,3.6447017997696611,2349511.4431106183,41,0.11387267901352582,ok,0
2067,4.2812226928155077,3764655.359793413,16,0.10693908235947736,ok,0
2068,4.672380505069615,3779598.268557807,16,0.13377377012051817,ok,0
2069,5.1483326356044712,3694166.3504338963,15,0.13197969574045498,ok,0
2070,3.6426935969874896,2342560.3317427742,42,0.15382105754137865,ok,1
2071,5.5805350327648062,3935815.110240241,17,0.10217376937969036,ok,0
2072,6.1292037408677,3617929.3630118142,22,0.12110709596017905,ok,0
2073,5.2768740653019446,3652887.0877124825,16,0.083857219406917149,ok,0
2074,5.4398103160839417,2581618.0750895645,31,0.12960722514367173,ok,0
2075,5.3809049445786661,3615425.0993614439,18,0.08712192986081857,ok,0
2076,4.1210450606988172,2342560.3317427742,40,0.16163363804586917,ok,1
2077,5.9750474728872236,3640072.0371602769,16,0.14728347747398285,ok,1
2078,2.7797043442457223,2008285.8541831209,45,0.1238317905882137,ok,0
2079,12.501133102405733,4126002.7243828843,9,0.15460270566064216,ok,1
2080,3.0538630643540676,2008285.8541831209,41,0.16191495632614683,ok,1
2081,6.8146416981905347,3646658.9773393515,21,0.15259017430007027,ok,1
2082,5.3371252941393541,3619440.4987996737,20,0.11055196576030124,ok,0
2083,3.8739638232694964,2267725.2931199414,41,0.20043765141265779,ok,1
2084,6.9808794850823297,3687256.8613960757,20,0.1242150426524542,ok,0
2085,4.4076052195125222,3603178.8470929889,21,0.10322005866928985,ok,0
2086,12.622541687410511,4196916.3443554929,9,0.15124841921757493,ok,1
2087,3.8762497819296549,2349511.4431106183,31,0.14939236404875889,ok,1
2088,6.3349818870972534,3823704.0127143944,13,0.12086303708016277,ok,0
2089,5.6958526085621584,3600531.2597180391,19,0.10771756153171863,ok,0
2090,3.0847965840373721,2142731.0761223878,42,0.12454481910163429,ok,0
2091,16.246348545373451,4823797.1534567429,9,0.17180206310227514,ok,1
2092,5.5795179364887328,3618951.1377050001,24,0.11920336308017332,ok,0
2093,3.4881422221355929,2267725.2931199414,40,0.14342021970307273,ok,1
2094,3.5998462109712683,2142731.0761223878,40,0.14006610862604879,ok,1
2095,4.1257453184041708,2678205.3747857241,31,0.099730439503027957,ok,0
2096,11.632975009957841,4336844.1428842917,10,0.13977022817752038,ok,1
2097,5.5350463774348588,3769643.87116352,16,0.10087311055224912,ok,0
2098,11.798093823553911,3996531.2216905677,14,0.16460830505415547,ok,1
2099,3.3295705671286093,2267725.2931199414,37,0.1070370353645167,ok,0
2100,5.5015156888907653,3596320.2473447449,18,0.11862740349198006,ok,0
2101,6.5599076220127426,3739612.8301511481,17,0.096924770171503999,ok,0
2102,6.6091971296160672,3883176.1238179607,11,0.1025306171358793,ok,0
2103,5.6865039444055254,3709064.827350995,21,0.11647436723748317,ok,0
2104,4.2342442746827356,2342560.3317427742,41,0.12303540051025241,ok,0
2105,4.8555677767362404,3602150.4014352188,23,0.11233131378835826,ok,0
2106,3.8633454774998262,3280705.556872033,18,0.12938753726418512,ok,0
2107,9.4398436296864983,3837570.0201758007,19,0.14670767779911714,ok,1
2108,3.9952738738442872,2267725.2931199414,45,0.15192470303425831,ok,1
2109,3.023734613003775,2142731.0761223878,42,0.1709683565275566,ok,1
2110,9.9440211245820702,4289395.3770676069,11,0.11998015860348021,ok,0
2111,4.4766275177628483,3692179.1059364867,17,0.11318735881242797,ok,0
2112,9.240801688669146,4114336.9615239096,10,0.10913023294996571,ok,0
2113,4.6691296560543787,3608817.6943585463,20,0.1186564985939613,ok,0
2114,4.1001393146248146,2798038.8762947805,32,0.13360613272463051,ok,0
2115,4.1607053872174262,2349719.955294122,39,0.094554735566352938,ok,0
2116,6.2440743004898547,3608207.3720628093,17,0.12108201812437203,ok,0
2117,3.8285161248138992,2628545.6714319899,40,0.1552714423497234,ok,1
2118,3.4143452077618734,2090177.9550635067,44,0.1071673678791788,ok,0
2119,4.6097231295407211,2678205.3747857241,34,0.11461253877013061,ok,0
2120,5.0258605290313207,3750640.4241769807,18,0.11910956520587745,ok,0
2121,3.5780709696772717,2267725.2931199414,45,0.11799656237631417,ok,0
2122,3.505850900763539,2267725.2931199414,38,0.13189360209393763,ok,0
2123,7.6559958308812455,3624898.8785007289,15,0.14227711898932316,ok,1
2124,5.9393879586043061,3599636.744083832,25,0.0861294669497433,ok,0
2125,6.3817053922157365,3661489.5683292034,19,0.15251407037204312,ok,1
2126,5.4459544469540777,3656313.6778820907,16,0.15158704985858362,ok,1
2127,9.1506353279501571,4529003.5805372242,6,0.16666666666666666,ok,1
2128,5.8420175002070165,3650876.6777620134,13,0.12385622530235063,ok,0
2129,3.4778966630793362,2342560.3317427742,37,0.16722011827881839,ok,1
2130,3.5980509386825781,2142731.0761223878,41,0.13968878095633636,ok,1
2131,6.2207747910504922,4453644.66057753,12,0.13468497037454763,ok,0
2132,3.4587759653825683,2267725.2931199414,40,0.15502263471492006,ok,1
2133,5.0551581823465934,3628399.5789442398,19,0.12807934832589213,ok,0
2134,2.7890095358422062,1711514.1648443609,44,0.15787949761582201,ok,1
2135,6.055696295821404,3714224.2026689667,18,0.1471657447177977,ok,1
2136,8.4451533829112666,4207570.1099546989,13,0.15921598934900794,ok,1
2137,3.4378584312498455,2349719.955294122,38,0.10265336012225346,ok,0
2138,10.583312249585227,3764821.5137793166,15,0.15089310764860536,ok,1
2139,5.6392001771833469,4375543.892257411,21,0.10508537671612433,ok,0
2140,4.0431770565792089,2267725.2931199414,41,0.11596592179719561,ok,0
2141,4.6689245394282484,3701575.3868813748,18,0.087471723536089729,ok,0
2142,3.4791342532078082,2267725.2931199414,42,0.11366061993064447,ok,0
2143,3.2993585518671926,2267725.2931199414,38,0.13483856052829757,ok,0
2144,9.3517713259875368,3770800.6351755904,15,0.11531200218644155,ok,0
2145,3.3144629908945435,2267725.2931199414,42,0.15428611138962167,ok,1
2146,5.3306214622142924,4366370.0199862914,9,0.12622391131088195,ok,0
2147,4.3352430140466005,2628545.6714319899,35,0.16112822916484842,ok,1
2148,3.6671055582424024,2267725.2931199414,40,0.14191949275194982,ok,1
2149,3.663338345209477,2267725.2931199414,39,0.12452419494184419,ok,0
2150,3.8949275861601991,2581618.0750895645,39,0.13902872582335402,ok,1
2151,4.4120344365087325,2581618.0750895645,41,0.15006141797350614,ok,1
2152,3.7836760170568393,3997055.5497663571,12,0.11796569772009302,ok,0
2153,4.3812655430595324,3650244.3734358596,14,0.12296490297948534,ok,0
2154,2.920893776816869,2008285.8541831209,44,0.16144877439619676,ok,1
2155,3.3947282759914224,2267725.2931199414,39,0.13272140695185886,ok,0
2156,4.1468612842928536,2786813.40424396,27,0.093618030620740811,ok,0
2157,4.3208584684505134,3607687.003875284,16,0.1120256746561894,ok,0
2158,3.9209902848042417,3978017.5702888323,9,0.13511798548006104,ok,0
2159,3.7069328580914327,2267725.2931199414,38,0.11175246865871771,ok,0
2160,3.8976205709254526,2773471.102127803,27,0.12723863071579333,ok,0
2161,3.778057549934041,2678205.3747857241,32,0.12016664292449519,ok,0
2162,7.2834068261640335,3795294.5654596346,15,0.1246432619905351,ok,0
2163,6.523817926001148,4017358.2140563754,14,0.10158611816429655,ok,0
2164,5.8624763950690264,3614527.2377124159,19,0.10835357752634567,ok,0
2165,4.4100363012658352,2786813.40424396,27,0.12495469392898573,ok,0
2166,3.9042642538256027,2267725.2931199414,36,0.13651708404074858,ok,1
2167,5.1074545286834931,3594384.8646759177,21,0.11778468078402976,ok,0
2168,5.6187341687732086,3623552.9500705926,17,0.11940884244882055,ok,0
2169,5.4434393895658291,3645636.2485940359,25,0.12235345690851585,ok,0
2170,5.0545792749510747,4050384.5626494796,11,0.10826979837390638,ok,0
2171,6.0885889076435404,3642931.7609506277,18,0.14107616561432601,ok,1
2172,3.9783457678510219,4009844.9419216113,12,0.12325701646392778,ok,0
2173,5.8702399452657561,3674394.8648993266,25,0.12566000494200724,ok,0
2174,4.7803403059740894,3622205.2864068979,29,0.10421892301189833,ok,0
2175,3.6807770717865869,2342560.3317427742,36,0.11437131521401336,ok,0
2176,7.9826086772688347,3594404.3352122828,23,0.16078115567179896,ok,1
2177,6.8516685888271454,3587517.192050376,17,0.12995040111344441,ok,0
2178,4.3345403769739059,2349511.4431106183,40,0.16088409781775603,ok,1
2179,4.8107625991156748,3829727.6664443454,16,0.1105315943953219,ok,0
2180,3.4713652196168092,2357307.6858878741,35,0.086908730729193293,ok,0
2181,5.6924958524954548,3595832.0029618414,18,0.11038553221879965,ok,0
2182,6.828803814435954,3744739.932898961,18,0.14108062781247571,ok,1
2183,11.144662241132313,5426470.0921247527,6,0.16666666666666666,ok,1
2184,5.2790132289503102,3674369.0656719743,17,0.10402351559264594,ok,0
2185,7.2399678231997475,3620879.0117658661,16,0.14089323413852339,ok,1
2186,3.7804696551172454,2342560.3317427742,38,0.12729401104265656,ok,0
2187,5.74195260735247,3687406.622149345,21,0.13625625253427986,ok,1
2188,9.5011336754715927,3639363.8244390171,18,0.14862304049690922,ok,1
2189,8.4480444243366826,3939135.2806286686,10,0.14300966484634781,ok,1
2190,3.4843200818056044,2267725.2931199414,42,0.11204601999672947,ok,0
2191,5.1317543933076344,3620303.3416477935,21,0.12579471117496999,ok,0
2192,6.7118308156177511,3676679.8313640184,21,0.093304025298431958,ok,0
2193,7.1808743143425078,3660249.0652144118,24,0.13160726890307139,ok,0
2194,7.0074198053397359,3586922.5261646737,19,0.12035518254001942,ok,0
2195,7.2489117630875333,3608923.0386643205,23,0.20360449436535721,ok,1
2196,3.6799174218920436,2267725.2931199414,35,0.11403981282545195,ok,0
2197,6.9631918276181688,3596284.7564698118,23,0.11152406739192322,ok,0
2198,9.2592483436741677,3750491.0735221729,21,0.1132121371124799,ok,0
2199,3.1063890177592413,2008285.8541831209,44,0.13917632916795053,ok,1
2200,5.8880035139638904,3631112.252227576,20,0.11877101632626663,ok,0
2201,7.018098555859309,4074707.6370594129,14,0.092400366538670342,ok,0
2202,5.5773640034996355,3603231.1015911042,17,0.11917724318286121,ok,0
2203,7.4401797926360951,3837567.527845562,19,0.09828799256968912,ok,0
2204,6.2927438224086565,3701001.9716710518,20,0.12368745593623817,ok,0
2205,4.8427678130665806,3619711.5497733946,17,0.12158790500566763,ok,0
2206,3.3198032461591609,2349719.955294122,44,0.13300172757423878,ok,0
2207,4.3307158170667543,2581618.0750895645,40,0.14562530428525033,ok,1
2208,3.4142618847337087,2342560.3317427742,39,0.14677856211510176,ok,1
2209,3.4978027518761343,2142731.0761223878,44,0.093044880885607084,ok,0
2210,5.3350939063908447,3888030.1871353257,13,0.11122929724063968,ok,0
2211,3.8462959225015827,2342560.3317427742,37,0.16445256529631447,ok,1
2212,3.2710411113445752,2142731.0761223878,41,0.13132011772408436,ok,0
2213,6.3397054426291612,3851292.6483970024,13,0.083091940813925902,ok,0
2214,3.8011015737478071,2581618.0750895645,37,0.1398066286369406,ok,1
2215,3.5179642669009388,2342560.3317427742,39,0.14055231389173645,ok,1
2216,7.0865024630670446,3812325.1142044589,17,0.15988220948513754,ok,1
2217,4.8848661143853187,3662032.8139551925,19,0.10695836926434493,ok,0
2218,3.0021763819647131,2090177.9550635067,44,0.11425887506642873,ok,0
2219,6.2531701492621012,3592631.8301637159,24,0.14234149075481844,ok,1
2220,5.9019727330332685,3593370.3302911534,22,0.1093553042789539,ok,0
2221,5.2021072934911636,3650729.7374895527,22,0.14012925615055549,ok,1
2222,16.670205854935148,4138829.6536677363,12,0.14150504119954982,ok,1
2223,6.5590365198419489,3784985.571990734,18,0.074245501634148448,ok,0
2224,7.3166020827594576,4049118.7643201961,15,0.12159127749089382,ok,0
2225,4.6977385025656417,2980790.4908226882,21,0.1401130217800623,ok,1
2226,5.8386556922898105,3679496.4928581067,19,0.083574236690220793,ok,0
2227,3.9915473411876934,2342560.3317427742,40,0.10506772121198302,ok,0
2228,3.7272451513089164,4218202.838806971,11,0.12518557335929847,ok,0
2229,7.3669316899612385,3712983.1262655193,13,0.13471518101362223,ok,0
2230,5.6136240422908781,3594793.494432474,19,0.13001740416559837,ok,0
2231,6.4828490934096763,4636220.7801921982,12,0.13914490525432488,ok,1
2232,5.6681534683763024,3618512.2072960576,18,0.14327716631219478,ok,1
2233,4.3902465540716005,3885732.3170729727,14,0.1519915180178375,ok,1
2234,4.300721554142493,2581618.0750895645,37,0.14294319386979237,ok,1
2235,3.5474731229691283,2342560.3317427742,43,0.11464561561372544,ok,0
2236,3.5056396043715918,2342560.3317427742,40,0.11356638504850497,ok,0
2237,5.3051935817390046,3599556.9245814173,22,0.10685130409757215,ok,0
2238,3.3173800651592114,2142731.0761223878,45,0.14223111774413472,ok,1
2239,11.562229966734064,4442231.134834934,10,0.15698458667403237,ok,1
2240,3.8301857249903368,2267725.2931199414,46,0.11787809709294034,ok,0
2241,3.720320697776613,2267725.2931199414,41,0.1216004058893756,ok,0
2242,4.4558269421103871,3736841.5058120526,13,0.09565088446298442,ok,0
2243,3.6550461482448715,2628545.6714319899,37,0.13373583207232209,ok,0
2244,4.8588814396682105,3621644.8414632301,20,0.11055609847232672,ok,0
2245,3.5405878064521423,2342560.3317427742,39,0.099035718560783526,ok,0
2246,5.4043592724208338,3588392.8094957052,23,0.10867683255031391,ok,0
2247,4.8622212657059505,3652551.3739940003,18,0.10671451278068633,ok,0
2248,3.4299349196331783,2142731.0761223878,35,0.15395361661002066,ok,1
2249,7.1082842193117557,3585952.6166274324,20,0.11525302913723878,ok,0
2250,5.4597298967213401,3633695.6925461134,21,0.16294547305777241,ok,1
2251,5.6040333039150401,3669255.1240588259,22,0.13534621793772594,ok,0
2252,3.1057453062653964,2349719.955294122,34,0.10842876809180824,ok,0
2253,6.7568756144899034,4047410.3347699479,8,0.13090740716607718,ok,0
2254,6.1714113975580984,3627492.3355061836,22,0.16097154931746416,ok,1
2255,3.6885690546855252,2267725.2931199414,41,0.16012441966062857,ok,1
2256,4.749664423454167,3624737.4166826052,15,0.15687328375377702,ok,1
2257,6.0055645162999305,3810536.2436478678,20,0.1458175900233239,ok,1
2258,4.7241952614926088,3789891.1113430038,13,0.11750160909944202,ok,0
2259,5.8708659733955342,3612476.5587321189,19,0.13060183046522966,ok,0
2260,4.3599449055678399,2581618.0750895645,32,0.087980200052535595,ok,0
2261,3.703614811393221,2342560.3317427742,37,0.097108936044491334,ok,0
2262,4.51809175991073,3261364.380769941,23,0.1548685123051832,ok,1
2263,6.1973412243132122,3760076.2210948854,21,0.096354751298713404,ok,0
2264,5.5431331238319022,3597623.2502188589,23,0.10218605047392337,ok,0
2265,7.0900624348643015,3971236.8155396981,11,0.10161818910947301,ok,0
2266,4.5203701123027225,4034934.1638453049,9,0.14077437404501214,ok,1
2267,7.4900048742916283,3833215.2629339304,15,0.10641665886765783,ok,0
2268,5.8568227942937261,3688438.667838275,19,0.11811978113913002,ok,0
2269,4.825592894079195,4732898.1838878188,9,0.11296649256279362,ok,0
2270,4.3627699342209674,2267725.2931199414,39,0.12257844416748814,ok,0
2271,7.241025313725558,3598270.2718978864,19,0.15225692560205051,ok,1
2272,4.042613750079882,2267725.2931199414,38,0.12681686203115272,ok,0
2273,3.7527316054656494,2267725.2931199414,40,0.12482473366132402,ok,0
2274,3.3140542944577653,2142731.0761223878,44,0.14097980051246001,ok,1
2275,9.1959501008108688,4939083.5465634931,10,0.14121109467780069,ok,1
2276,3.4895569986966759,2090177.9550635067,43,0.11481824445407973,ok,0
2277,3.3969454511099739,2142731.0761223878,45,0.11126351440947813,ok,0
2278,7.6116122712527599,3790320.1335848211,12,0.10206059042744553,ok,0
2279,4.5598185109915974,3938108.3251123009,12,0.16163455519525305,ok,1
2280,4.981900989146606,2609060.0868099569,37,0.13670456889437421,ok,1
2281,4.6057495892052032,4052509.0800872645,10,0.10610963806942872,ok,0
2282,7.2970033874162183,3781467.5503033092,22,0.10882533734812688,ok,0
2283,4.4560579275314653,3589141.1891517784,22,0.095415217204634417,ok,0
2284,6.2072138203006073,3659057.1605768991,17,0.10996994969793039,ok,0
2285,7.3341251098834492,3772226.6596645433,24,0.12717848173763935,ok,0
2286,6.5511754690775481,3603147.6226201365,20,0.16129244253894592,ok,1
2287,3.8681591807626479,2357307.6858878741,32,0.10974094282039781,ok,0
2288,5.4450459989265667,3611309.6160809216,20,0.1276261175985085,ok,0
2289,4.0746283023663175,2342560.3317427742,45,0.14231763228359062,ok,1
2290,3.8787191246197428,2581618.0750895645,32,0.11733409398284378,ok,0
2291,5.6448426351363468,3587414.2302636048,22,0.13684242296676608,ok,1
2292,5.1304454463784062,3662105.6023612749,16,0.13288527646802384,ok,0
2293,3.7587571569330827,2342560.3317427742,41,0.10617005683201741,ok,0
2294,4.9124441282851823,3710881.2186081968,20,0.088098983759135441,ok,0
2295,4.7982280447813812,3632168.5230423394,25,0.10597698813292522,ok,0
2296,6.856526252662662,3750024.2175081321,22,0.084671127312581418,ok,0
2297,3.8841638770077886,3668578.5887778178,15,0.14928248971102254,ok,1
2298,3.6048398416268501,4058255.2280368498,11,0.12631595817118058,ok,0
2299,5.1438185402963175,3591260.7501079491,23,0.10053018030258676,ok,0
2300,3.4706677273239421,2581618.0750895645,33,0.10884417314193362,ok,0
2301,5.1052726955764971,3667460.1563018742,16,0.12346047522853953,ok,0
2302,10.752384442967161,4392822.5160452472,10,0.10000000000000001,ok,0
2303,4.1579629083089582,2581618.0750895645,33,0.11305618072654111,ok,0
2304,5.0054198573618001,3630781.4615642191,20,0.075186636450947586,ok,0
2305,3.1637353518793572,2090177.9550635067,42,0.14061815352793516,ok,1
2306,5.2723381842232042,3649935.4034769242,18,0.10269271674752517,ok,0
2307,3.414307874543252,2267725.2931199414,43,0.10649719161715387,ok,0
2308,3.3394022071316227,2342560.3317427742,44,0.14388181913219272,ok,1
2309,3.4683128518298889,2342560.3317427742,39,0.1469355466497726,ok,1
2310,4.3477768306982636,2954199.3212936129,27,0.11142615382982274,ok,0
2311,4.7935765772237069,3603454.2919955435,21,0.16725977360686106,ok,1
2312,3.5251948476727057,2267725.2931199414,41,0.12480888383349809,ok,0
2313,6.1266142910157155,3644722.0658893227,14,0.12554262024503321,ok,0
2314,4.5584902584035287,2609060.0868099569,29,0.13285013837754189,ok,0
2315,4.0594277150388178,2349719.955294122,35,0.1399755946951442,ok,1
2316,3.4534311764006644,2349719.955294122,40,0.15855767856959008,ok,1
2317,7.3432352059918999,4061158.2920497167,17,0.12527545730607481,ok,0
2318,6.6538341186867926,3687845.9647289049,18,0.099163306623642034,ok,0
2319,2.9720819657423343,2008285.8541831209,45,0.16306391329455383,ok,1
2320,9.0445882279834642,3608679.8020483078,22,0.10497237932025549,ok,0
2321,3.3386114919659948,2378837.9975668644,40,0.13411201934909667,ok,0
2322,4.9882036652815138,3839390.3592805779,15,0.11255467714397593,ok,0
2323,3.4711201373328584,2142731.0761223878,39,0.12082544312642379,ok,0
2324,5.3183850540355833,3781125.0567055987,23,0.093994371754627215,ok,0
2325,3.6652397263505123,2090177.9550635067,40,0.13700981473686613,ok,1
2326,4.5558206335441831,2581618.0750895645,28,0.12202774692312923,ok,0
2327,7.8034482357535682,3599237.7494294038,14,0.14541746653579007,ok,1
2328,6.2704316377963698,4272880.4886848228,13,0.14072938404213831,ok,1
2329,6.5335789837810756,3741311.1828469234,16,0.096268606245863642,ok,0
2330,6.7667652106622986,3597502.3788332394,22,0.13457517261814744,ok,0
2331,7.4412150254658656,4346623.85980241,11,0.13035858549986812,ok,0
2332,5.0193750263719741,3754071.6355429911,16,0.12580148423659065,ok,0
2333,3.2264894029170863,2142731.0761223878,43,0.11029007016477733,ok,0
2334,3.7372196068219719,2267725.2931199414,41,0.16026057378392333,ok,1
2335,6.9407071283663306,3643791.9034174457,18,0.17016515644261643,ok,1
2336,3.1594640650485428,2142731.0761223878,40,0.12643418912101279,ok,0
2337,4.8553557712607711,3616307.0671299822,21,0.15144546691330235,ok,1
2338,2.9419794863027207,2008285.8541831209,45,0.19184354986460861,ok,1
2339,6.1318664029643015,4321109.8255040608,13,0.1251559881406214,ok,0
2340,5.1346155884640181,3620861.2886591586,20,0.14007626521957472,ok,1
2341,3.808321733766816,2267725.2931199414,40,0.10140665866641063,ok,0
2342,4.9967206356032214,3669610.3209908134,19,0.12484363692071543,ok,0
2343,4.2796318501633666,3711188.1951675871,23,0.1093575424408994,ok,0
2344,3.7781769399849985,3261364.380769941,16,0.13185884219869193,ok,0
2345,5.3705824862003615,3651924.4460953474,18,0.13205408256527046,ok,0
2346,32.113097829453913,4468117.4365112605,8,0.12845982497341313,ok,0
2347,3.5475209071643117,2349511.4431106183,37,0.12673135436264277,ok,0
2348,4.2126348037831374,3261364.380769941,22,0.12916907643319298,ok,0
2349,7.149723816630253,3616892.014867411,17,0.13148803947117504,ok,0
2350,3.8818384371445522,2267725.2931199414,41,0.12247988293014928,ok,0
2351,3.2688339042111418,2142731.0761223878,41,0.13436694118043485,ok,0
2352,4.5044466217454868,3634987.2536745579,23,0.12082316288436662,ok,0
2353,3.7129121104132223,2349511.4431106183,42,0.13276573648719237,ok,0
2354,5.4337054533285558,3830744.5187666896,20,0.11686217224901434,ok,0
2355,6.9439651176447681,3789809.4391157804,17,0.10900446020191776,ok,0
2356,6.4824612583098364,3641243.7368709557,17,0.11089768287316792,ok,0
2357,4.321128692859185,2581618.0750895645,34,0.093152538595132311,ok,0
2358,6.8556769171373926,3643496.6595039088,15,0.12429763625796192,ok,0
2359,4.8766740141568334,3705929.9128382085,19,0.099041130462802163,ok,0
2360,3.4627359179645523,2349511.4431106183,41,0.093045944795508873,ok,0
2361,4.4853898497947116,2628545.6714319899,38,0.14921348581769944,ok,1
2362,4.968287092478727,3261364.380769941,23,0.16562000941770721,ok,1
2363,4.1691817283562269,2581618.0750895645,32,0.11587461853542846,ok,0
2364,5.3182331993883549,3723887.9327735095,14,0.1125976218998932,ok,0
2365,4.0040562532902975,2267725.2931199414,38,0.1214097196827397,ok,0
2366,4.0750346546834137,2581618.0750895645,36,0.14127778897976742,ok,1
2367,9.2360381115838184,3606083.074550149,13,0.19127539483915712,ok,1
2368,3.7106258427923247,2267725.2931199414,41,0.12725523216009932,ok,0
2369,3.9882574463378271,2628545.6714319899,35,0.11858225105922372,ok,0
2370,6.8692641390578455,3592393.7804010152,19,0.11982545891623653,ok,0
2371,4.6778384123365742,2678205.3747857241,27,0.11764415585887295,ok,0
2372,3.4784912314540266,2090177.9550635067,43,0.13555216101106304,ok,1
2373,5.3628427999126123,3609283.8260146067,25,0.098251115256352051,ok,0
2374,7.4745062647291087,4160161.8509463803,14,0.12606489017081535,ok,0
2375,3.5933425737256215,2267725.2931199414,40,0.11812983056328025,ok,0
2376,6.7900646553697763,4380772.2741234209,15,0.097553322162872574,ok,0
2377,11.66544465779835,3856200.3908243682,12,0.12970791695596484,ok,0
2378,4.970505883757772,3590300.8835020964,19,0.11179429647790634,ok,0
2379,5.6514353056446138,3725475.2472059913,21,0.12370075819900794,ok,0
2380,4.4161266602545259,3616517.9197916426,20,0.12667800005845525,ok,0
2381,7.4355616656110159,4644922.0975126559,10,0.12319274837350874,ok,0
2382,8.4034019171315322,3816165.8677391727,19,0.10569473922734329,ok,0
2383,3.5861602940558375,2342560.3317427742,35,0.12890746897368749,ok,0
2384,5.7919752689959099,3602750.0048056883,21,0.16465487556237968,ok,1
2385,6.2530344969411242,3599989.4494884638,24,0.10648285218201733,ok,0
2386,6.3345140596517,4292126.1066014078,10,0.14746863178097414,ok,1
2387,6.4786239066347546,3723187.9662845517,12,0.1364892966519789,ok,1
2388,10.887201896387973,4148524.1452523703,12,0.13065584704369104,ok,0
2389,6.0096194116020225,3614904.3703315663,17,0.13756898060058453,ok,1
2390,5.0848697107825407,3593329.1711493907,25,0.10895492789650751,ok,0
2391,4.2243965344629757,3261364.380769941,23,0.16166537274116002,ok,1
2392,4.6885594322455812,2581618.0750895645,32,0.093758969884040977,ok,0
2393,7.9699461042146407,3600701.3703502445,17,0.15042920689448924,ok,1
2394,4.0211275358537115,2581618.0750895645,33,0.13938380991341648,ok,1
2395,7.682604245039915,3657370.2329492057,18,0.11579066312093683,ok,0
2396,4.4679016037964621,2342560.3317427742,36,0.14718977396259453,ok,1
2397,3.830426257321931,2267725.2931199414,36,0.12817820820747061,ok,0
2398,3.6904629118672272,2349511.4431106183,42,0.11770470499586005,ok,0
2399,3.6892953077883686,2798038.8762947805,27,0.099751789383876799,ok,0
2400,3.806904726518344,2142731.0761223878,41,0.12273312597915489,ok,0
2401,3.7579623726116429,2342560.3317427742,44,0.14502929360333619,ok,1
2402,8.385145073144276,3921645.7818072755,22,0.11497488955365265,ok,0
2403,5.6281403603969054,3602868.1809067079,19,0.10865955214970535,ok,0
2404,9.380581943982321,3804900.6066483436,18,0.12856952060085941,ok,0
2405,7.7801464570497485,3621871.5296316105,17,0.13546659499408797,ok,1
2406,4.8021432417455587,3792880.9608733123,20,0.13227073249948185,ok,0
2407,3.0700405727605706,2008285.8541831209,44,0.11130805230517726,ok,0
2408,4.9581891632460913,3595619.6148821902,25,0.14254056934819648,ok,1
2409,4.0871024789101948,2267725.2931199414,40,0.11227234226842345,ok,0
2410,4.0523693143172892,2609060.0868099569,38,0.14379258456472499,ok,1
2411,3.6822355131083002,2342560.3317427742,43,0.11316100214212586,ok,0
2412,6.4823439215577192,3605333.5142596341,11,0.13269864794659025,ok,0
2413,5.9349311200276142,3717466.399368383,13,0.14031206477586461,ok,1
2414,10.676430376284912,4155000.0734035834,10,0.1004722301542807,ok,0
2415,4.2709790297154733,2267725.2931199414,45,0.12614755472819211,ok,0
2416,8.2754535931885016,4091743.8939848347,16,0.1153032008047119,ok,0
2417,5.9990014995942751,3597491.149603182,21,0.12945004748174727,ok,0
2418,6.442891810489316,3630884.8639422515,21,0.099260804530059199,ok,0
2419,7.0232226909230722,3592786.0314427628,19,0.16939403562143651,ok,1
2420,5.4505639416527556,3928227.6491122348,23,0.13544722829810296,ok,1
2421,3.1293371297886678,2142731.0761223878,39,0.14085543163455261,ok,1
2422,3.0552379473408409,2008285.8541831209,41,0.14998788122204088,ok,1
2423,5.5934987835153009,4003198.7239465644,19,0.11343549526819957,ok,0
2424,4.64270572549664,2628545.6714319899,33,0.12975572460326196,ok,0
2425,3.3751264193997712,2349719.955294122,37,0.093979850867844439,ok,0
2426,3.2974241684459211,2090177.9550635067,40,0.11949743779646704,ok,0
2427,3.5910353134430015,2349719.955294122,36,0.12791385016811629,ok,0
2428,3.5373197810394341,2342560.3317427742,46,0.12147111390710741,ok,0
2429,8.5827334310265293,3781761.7655091556,17,0.071511134460087389,ok,0
2430,3.8115143480975977,3280705.556872033,21,0.14285714285714285,ok,1
2431,3.4480232758192568,2349511.4431106183,36,0.15138255117704535,ok,1
2432,8.8992933924108808,3738500.6683939374,23,0.11383931882248505,ok,0
2433,6.5709864292520814,4196467.2748764846,14,0.13177675738452682,ok,0
2434,4.56667361876623,2628545.6714319899,32,0.12880312244871117,ok,0
2435,4.1479313705580578,3606226.2893363778,22,0.11888379361442047,ok,0
2436,2.9679538947846416,2267725.2931199414,43,0.085644536859613069,ok,0
2437,6.1775905028462255,3677789.0399985025,18,0.15001593448060691,ok,1
2438,6.6892311308405903,3747264.0405961308,18,0.1383834781780281,ok,1
2439,4.2999248062169624,2581618.0750895645,37,0.10810810810810811,ok,0
2440,6.190914927699021,3589225.4325921517,21,0.17018970611124007,ok,1
2441,15.908063701895481,4177125.9617118384,7,0.17063750721709275,ok,1
2442,6.3633884811310777,3794739.9419918796,12,0.10081892370718548,ok,0
2443,5.2336034656685211,3592266.8089547441,19,0.098243710218526958,ok,0
2444,3.7313113464258651,2342560.3317427742,43,0.099284337915587786,ok,0
2445,5.1812213224775459,4129829.028561756,12,0.10627952298052809,ok,0
2446,5.6393356371714898,3857731.1621879484,16,0.11706675783966713,ok,0
2447,3.5258413821703121,2267725.2931199414,41,0.085351349208935834,ok,0
2448,7.871927688730568,3995943.661445695,18,0.12992499194800489,ok,0
2449,2.8508004130403091,2008285.8541831209,40,0.14711220147505399,ok,1
2450,5.7696480103572325,3755158.2245615469,18,0.093683975694988819,ok,0
2451,4.0755315518374156,3794509.3367478405,17,0.10630594459398607,ok,0
2452,8.7472453829080479,3643909.9903542046,17,0.12812704108706241,ok,0
2453,5.5976172160396285,3811429.2813789337,12,0.13487887930163667,ok,0
2454,5.3704043998892335,4103182.0015222356,14,0.13271347986145896,ok,0
2455,3.9073943253999412,2267725.2931199414,39,0.16459341018340334,ok,1
2456,9.5799678860834678,3801199.5570184835,16,0.10573485188900622,ok,0
2457,4.0898317421135779,2267725.2931199414,43,0.1369101738153955,ok,1
2458,3.9866407345427035,2342560.3317427742,41,0.13845132549307781,ok,1
2459,5.135010681761413,3679676.0702959979,20,0.082779611694356769,ok,0
2460,5.8296385721274051,3592949.5748971272,21,0.10394603802812785,ok,0
2461,6.4042070181564679,3615779.0308649954,17,0.084285866617433813,ok,0
2462,6.9441864824888162,4387118.6427169712,8,0.17008904728033702,ok,1
2463,7.2913314708322323,4050010.1707938262,15,0.12918609638405532,ok,0
2464,6.4379780662337343,4031851.515706032,11,0.12364814647278383,ok,0
2465,7.198105280762169,3750120.5704114223,20,0.10164436315036385,ok,0
2466,5.6462383999839529,3687172.2254062565,22,0.14344541938813632,ok,1
2467,7.6517273998013851,3659583.0670340816,15,0.13767128709443527,ok,1
2468,6.2638792424177261,3725959.7062675292,20,0.1098397991887948,ok,0
2469,4.4735490017784141,3158053.4917109548,25,0.11902499720304627,ok,0
2470,5.9914763157227693,3727167.9333875612,19,0.12887775029166748,ok,0
2471,4.2722153801924634,2267725.2931199414,41,0.10180918443971676,ok,0
2472,4.558771375662567,3749063.2075743424,21,0.16430776017259419,ok,1
2473,5.266809059833701,3878726.1159779872,15,0.16277943785989002,ok,1
2474,7.9948217681553659,4327249.2582759783,12,0.11499634250666038,ok,0
2475,4.0521909395972937,2342560.3317427742,39,0.19686419862423427,ok,1
2476,6.8814087652192679,3607048.5086327801,18,0.10257056418039012,ok,0
2477,5.8706407048939777,3752302.3562974469,17,0.099624677340816592,ok,0
2478,4.171046497044208,2378837.9975668644,34,0.11986895765177646,ok,0
2479,3.2590111561566992,2142731.0761223878,47,0.12660053291638751,ok,0
2480,6.5015442779220107,3673724.0114105497,19,0.1375794656461245,ok,1
2481,7.1177313656367343,3627893.4274226842,16,0.14900191810364494,ok,1
2482,3.4051492883612724,3707394.6573676146,12,0.14459330429282979,ok,1
2483,3.5383110397152238,2142731.0761223878,40,0.13230354666851352,ok,0
2484,5.2053260652720645,3720916.3335573291,16,0.11553734047406694,ok,0
2485,5.4300190000688726,3586708.574694531,24,0.096549357803947494,ok,0
2486,4.3150669548234752,2628545.6714319899,36,0.1357029033761884,ok,1
2487,3.6052115349982183,2267725.2931199414,39,0.087259350568358984,ok,0
2488,3.4499512470623155,2342560.3317427742,42,0.14141793107265488,ok,1
2489,8.6273244362776467,3587345.1177838072,19,0.12635853246913664,ok,0
2490,3.6641068521775444,2798038.8762947805,27,0.090809313609832354,ok,0
2491,3.746288425166663,2342560.3317427742,40,0.10922125109167491,ok,0
2492,3.628771620370554,2342560.3317427742,41,0.12786547696061021,ok,0
2493,4.576074025316716,2984801.2881630221,29,0.13907056331458645,ok,1
2494,5.3670502250908676,3846972.9766334724,15,0.1515206926793195,ok,1
2495,4.0936361364949079,2267725.2931199414,37,0.13271544057815232,ok,0
2496,6.7234885045708932,3872581.8354193917,18,0.10976807603122621,ok,0
2497,6.2788850157286156,3653346.4603587394,16,0.11983196585228684,ok,0
2498,3.5006719905671759,2349719.955294122,37,0.12863560551545822,ok,0
2499,10.598364754605154,3631499.0356692709,19,0.11097201636412746,ok,0
2500,5.809355652343605,4156312.2828520304,21,0.12202891347721451,ok,0
2501,3.6725027943048225,2349511.4431106183,44,0.14348417000753366,ok,1
2502,4.8113971067300687,3643103.4946294506,21,0.13147065367407462,ok,0
2503,4.7492890116589832,3603057.6685506008,26,0.10940253581122494,ok,0
2504,4.4359460876950596,2267725.2931199414,42,0.12861990598768436,ok,0
2505,7.2062827566472771,3796618.9077504808,22,0.09985336064050665,ok,0
2506,4.0579962044726567,2581618.0750895645,28,0.10897462285665405,ok,0
2507,6.5543588018459555,3627498.4469794449,18,0.11081055203741719,ok,0
2508,6.6629250495700783,3597383.9744310826,25,0.10174148598662469,ok,0
2509,5.290598029452104,3679075.241565607,17,0.11960610967692109,ok,0
2510,4.9922553526317497,3639112.8048613146,19,0.14094552507089236,ok,1
2511,5.4402592142731345,3631712.3971155738,20,0.12123847530771392,ok,0
2512,7.8809236690433915,4684478.6436354117,10,0.11015471142448061,ok,0
2513,4.0778915618167453,3875725.3374033286,14,0.1254922508685723,ok,0
2514,3.6950449748909424,2267725.2931199414,42,0.15201999984288933,ok,1
2515,3.2437094724657074,2267725.2931199414,39,0.14109835894034939,ok,1
2516,6.4578494312797972,4423556.9838282671,13,0.10948620327697289,ok,0
2517,3.9684418249051938,3614879.3790467489,21,0.10912948607694029,ok,0
2518,3.6178263542898956,2142731.0761223878,40,0.11549852212646561,ok,0
2519,3.5654003736253195,2349511.4431106183,41,0.15081350364771257,ok,1
2520,3.4244277580661366,2267725.2931199414,43,0.12486837215991176,ok,0
2521,5.7093537439078803,3644704.884695082,20,0.10375688095267441,ok,0
2522,6.2546280461361317,3615149.2168010669,23,0.1772630899084362,ok,1
2523,5.421405416427894,3741184.3095480022,12,0.14929534072837392,ok,1
2524,2.9523254162401646,2142731.0761223878,35,0.14931750571884278,ok,1
2525,6.689556422927164,3590399.9480708512,20,0.14572419395710756,ok,1
2526,5.1850313842179494,3603439.7717290921,16,0.11092539751606001,ok,0
2527,3.3793123423124283,2090177.9550635067,43,0.14141270596045474,ok,1
2528,7.1188734965926548,3624623.7145557841,17,0.14112127845477129,ok,1
2529,3.2757515256619159,2267725.2931199414,45,0.10030832621280145,ok,0
2530,5.4682266415929561,3696553.5932790092,30,0.097973288872608033,ok,0
2531,4.6439581233956924,4080584.9588754079,11,0.12464131556913183,ok,0
2532,4.3694632504807194,2609060.0868099569,36,0.13646654995033802,ok,1
2533,4.0881233709563292,2980790.4908226882,31,0.15128274023945026,ok,1
2534,8.0713155094756122,3779390.7081269957,17,0.10227616390925542,ok,0
2535,5.1924929025790636,3689498.4997219192,19,0.099377123644703524,ok,0
2536,2.9770995796503015,2142731.0761223878,42,0.16843564805700106,ok,1
2537,3.8995250301308011,2349511.4431106183,40,0.14086675495187884,ok,1
2538,3.8375397343149835,2267725.2931199414,34,0.11267555358863135,ok,0
2539,7.1130045761999101,3780896.6003506826,15,0.10860552288537662,ok,0
2540,6.2752079141626673,3683882.6673176996,19,0.1188516805128319,ok,0
2541,5.0555853509978066,3622216.7754917969,24,0.10471132662864568,ok,0
2542,6.175291039876118,3589834.6553466883,24,0.10950089142836872,ok,0
2543,5.4411983301119156,3605271.2427998409,22,0.1556823167646586,ok,1
2544,3.1205121129547044,2090177.9550635067,36,0.15928395634596959,ok,1
2545,14.438400895645486,3927391.6838442222,11,0.12537619491929769,ok,0
2546,3.9036625169708929,2581618.0750895645,38,0.12114192309037752,ok,0
2547,6.3628649850912771,4165573.4920083969,15,0.125547325319048,ok,0
2548,6.4275268488087676,3612120.7988922135,20,0.096999551020313324,ok,0
2549,4.4171746252124731,2609060.0868099569,34,0.14004813389629595,ok,1
2550,5.3636379291347236,3782952.4853929477,9,0.14714256834981604,ok,1
2551,4.7921431301204533,3672285.4916886589,23,0.13400954240129553,ok,0
2552,6.1491345259401937,3691901.0308653922,21,0.12785128972442894,ok,0
2553,9.225766271945627,4138035.1190495067,17,0.17498454695495513,ok,1
2554,3.6226996767436357,2267725.2931199414,39,0.17922236196102803,ok,1
2555,6.6600193645783214,3637848.6302417801,22,0.15896726303422781,ok,1
2556,7.0309772175546845,3652043.653634923,21,0.082758786088749925,ok,0
2557,4.9119125908085373,3617273.8626461131,23,0.11208709999376165,ok,0
2558,6.2382505560672845,3686387.48373396,21,0.15906200166486328,ok,1
2559,6.6745040215303799,3598911.718689668,16,0.098407591377687842,ok,0
2560,3.0953906956785935,2378837.9975668644,34,0.092169736204847363,ok,0
2561,3.2782357075051198,2342560.3317427742,40,0.14117006399088394,ok,1
2562,5.9971508417615826,3666164.3152524889,21,0.11770206055547727,ok,0
2563,5.1891514853422116,3790861.4380731867,18,0.10784079770542321,ok,0
2564,5.448641683401819,3639628.2315672101,26,0.096899582859003908,ok,0
2565,4.0887046311272535,2349719.955294122,41,0.13014479452350225,ok,0
2566,4.0641949767344006,2628545.6714319899,25,0.10696886353973301,ok,0
2567,6.072416576446356,3663890.9957815977,23,0.17528255992874076,ok,1
2568,3.593683719382041,2581618.0750895645,39,0.1726995504299661,ok,1
2569,4.8724254066033392,3599970.6458841111,22,0.10665687366391841,ok,0
2570,7.1790649314244641,3587894.0738387546,21,0.113710362487906,ok,0
2571,6.6298384341829708,3678344.7092809486,22,0.10818958909518178,ok,0
2572,8.9516368221728584,4112601.1197917671,9,0.11428040500446568,ok,0
2573,4.8185064230350596,3696169.0603873548,17,0.13669412848368012,ok,1
2574,6.3309418898401679,3597373.0662397319,21,0.1427535665350792,ok,1
2575,5.3405463193403397,3724451.4526911252,22,0.15441873378558213,ok,1
2576,4.0453622565738936,2342560.3317427742,39,0.1448938546685381,ok,1
2577,4.9721684039409855,3778118.8665420189,15,0.096280387716867449,ok,0
2578,7.9291837426672691,3796888.1421989105,21,0.10264342567122786,ok,0
2579,3.313567977302371,2342560.3317427742,42,0.12401163334652321,ok,0
2580,4.8427904325274422,4185229.9725050251,14,0.11602333253198555,ok,0
2581,7.5953468993695141,3658618.5490082167,16,0.15848888945562778,ok,1
2582,5.2381979561292109,3761095.8078180426,13,0.12283510306043627,ok,0
2583,10.67421823599685,3730334.7182750385,15,0.14006233597782541,ok,1
2584,6.20875826500163,3637866.743477786,22,0.13710014086640354,ok,1
2585,4.040419767680449,3786529.3515673946,23,0.12331034150228257,ok,0
2586,5.1482981982061826,3667558.4882045328,18,0.13345388602999497,ok,0
2587,4.2612197960283202,3607217.4849310284,19,0.10626397778709451,ok,0
2588,8.8061680316466031,3587969.5579570401,20,0.14645508823792064,ok,1
2589,7.9546792597569214,3860761.3544489313,21,0.092553810495599409,ok,0
2590,4.2996103357820861,3860810.035653065,15,0.14202789775870184,ok,1
2591,6.4862075788528992,3684808.5965361334,18,0.11050188702293151,ok,0
2592,4.3656754950690573,2267725.2931199414,41,0.10968876736542177,ok,0
2593,5.6764226593570868,3637639.6989011397,25,0.12070935506696445,ok,0
2594,5.1898496090946296,3755600.7699202024,15,0.1354452325363702,ok,1
2595,3.2632588905213527,2090177.9550635067,41,0.16041968782552216,ok,1
2596,3.7448229447287376,2349511.4431106183,34,0.12086558060119679,ok,0
2597,6.239545856417144,3633850.3315828117,19,0.12791847064691764,ok,0
2598,4.4251929293032894,2349511.4431106183,43,0.14791133036528281,ok,1
2599,4.7898424806684918,3774999.6317969793,22,0.078633327123866309,ok,0
2600,4.3110001920808791,2581618.0750895645,38,0.1634539501832637,ok,1
2601,12.713210700085792,3809934.6086238124,15,0.093612082168851862,ok,0
2602,6.3783592753044998,3598163.7757294602,21,0.097274728344005412,ok,0
2603,3.978256567148279,3723781.9693949064,15,0.09896348543461353,ok,0
2604,3.3241781455457127,2267725.2931199414,40,0.10522642994825748,ok,0
2605,5.7518617538793748,3760905.6107690739,18,0.10798121979258624,ok,0
2606,3.8942399046061591,2581618.0750895645,30,0.10861494905395513,ok,0
2607,3.667101986245866,2142731.0761223878,45,0.16720114995378804,ok,1
2608,4.0938099517369562,2628545.6714319899,27,0.11907095564965464,ok,0
2609,4.906206600265465,3603084.8252976751,23,0.1658723221348446,ok,1
2610,7.0476816638984436,3593652.8038353864,23,0.14061624385991872,ok,1
2611,6.901026065324495,3595875.7798191807,19,0.13343154096657484,ok,0
2612,7.874028592813338,5239645.8400374763,6,0.17581408175285135,ok,1
2613,5.8917626976168487,3593808.5979619431,24,0.13421439323277951,ok,0
2614,5.3252022906404353,3607432.2997677019,20,0.10262073214948009,ok,0
2615,6.418051614572283,3647836.9730197615,21,0.14962076938980828,ok,1
2616,4.2410623908785237,3955307.7384636845,13,0.11774796209667182,ok,0
2617,7.8314007467709699,3625699.0206744866,20,0.12775806855024974,ok,0
2618,6.7348621081105788,3612536.1249758927,16,0.12951962471469303,ok,0
2619,4.3004537009853934,2609060.0868099569,38,0.19714488670426583,ok,1
2620,5.7505133032188676,3661129.5134108677,21,0.13843549506914454,ok,1
2621,4.3623658596625363,4220854.6740746144,9,0.13312348882319713,ok,0
2622,3.4527485454090185,2342560.3317427742,44,0.11639287611781757,ok,0
2623,3.4499854223048239,2342560.3317427742,44,0.15325042682977963,ok,1
2624,5.8435006098960658,3629623.5134749091,18,0.14383104154437498,ok,1
2625,12.037688386478379,3602104.1423962871,25,0.18327469073354075,ok,1
2626,4.9911603970148182,3785047.6194501305,13,0.11461209223785063,ok,0
2627,3.9803040241686887,2267725.2931199414,35,0.12148933112483962,ok,0
2628,7.9585410690803124,3632133.3652853272,18,0.12684212951854723,ok,0
2629,3.2098939635029597,2267725.2931199414,35,0.14756256703284087,ok,1
2630,4.2264185461426571,2267725.2931199414,40,0.0918155193982646,ok,0
2631,3.8304448158504916,2581618.0750895645,34,0.10433240177167713,ok,0
2632,8.9852437036638477,4393394.8246258833,12,0.11523692319773077,ok,0
2633,5.0111776173995572,3753224.4988753279,18,0.1109709335764113,ok,0
2634,3.9331723498573727,2267725.2931199414,39,0.14001339653945788,ok,1
2635,5.9321525851364338,3667701.5832467428,17,0.11129590129975506,ok,0
2636,5.8366172898297384,3586037.5721319062,16,0.1073615745104386,ok,0
2637,3.1274597747768622,2267725.2931199414,43,0.13899666120545739,ok,1
2638,3.1758143351002652,2142731.0761223878,40,0.11386882610410876,ok,0
2639,3.5656403855779621,2342560.3317427742,35,0.21672853243112733,ok,1
2640,4.1680042724505952,2267725.2931199414,40,0.12036553746552647,ok,0
2641,8.0402624322545666,4509749.0453520687,9,0.14010515578225341,ok,1
2642,3.5493715078402173,2267725.2931199414,38,0.13585144291387707,ok,1
2643,6.15777505170289,3663366.3095681383,16,0.092690292733781487,ok,0
2644,8.1072531812706785,3617269.8568794546,23,0.15817713779229392,ok,1
2645,3.4313797332631615,2090177.9550635067,44,0.08832105281109992,ok,0
2646,4.7705674111232552,3788010.0835768031,20,0.090446224207911929,ok,0
2647,5.5654972154097555,3586702.3095753929,18,0.12317113788017464,ok,0
2648,3.6655087044310024,3280705.556872033,13,0.15796571596239656,ok,1
2649,3.3841145867623945,2142731.0761223878,36,0.16941398007162978,ok,1
2650,3.4634783306469084,2142731.0761223878,41,0.11754422788716584,ok,0
2651,8.2322471933259624,4429528.2096809857,11,0.12695384314132019,ok,0
2652,8.0462078129896923,3807977.3449392118,19,0.11429915520450318,ok,0
2653,4.2591702843045818,2980790.4908226882,32,0.15187716574737686,ok,1
2654,3.0357712445155522,2267725.2931199414,41,0.13481540696971916,ok,0
2655,2.8939978459079283,2008285.8541831209,40,0.15081548421290841,ok,1
2656,4.5661013068778562,2581618.0750895645,37,0.15033735376075452,ok,1
2657,4.2448998086984027,2342560.3317427742,37,0.10585735812246605,ok,0
2658,4.3102865026470694,2609060.0868099569,33,0.096385577676680712,ok,0
2659,4.8258190692841012,3687937.4946210766,15,0.11241600654111272,ok,0
2660,3.4176266976445775,2090177.9550635067,38,0.15549265867033957,ok,1
2661,4.8949832449960446,3622930.707514443,23,0.079217755135433054,ok,0
2662,4.3236846558246729,2954199.3212936129,22,0.13494089142707422,ok,0
2663,8.2558328332408095,3660734.3492137333,18,0.13193999059567407,ok,0
2664,4.9451866988304749,2678205.3747857241,29,0.092944990179189071,ok,0
2665,3.9656457269277547,2342560.3317427742,39,0.11236930059028183,ok,0
2666,4.04444343323095,2581618.0750895645,32,0.095137991591030202,ok,0
2667,4.7003341248986974,3926498.7869319296,12,0.12090705599996443,ok,0
2668,3.7635482978171262,2267725.2931199414,40,0.17123804323194117,ok,1
2669,5.0910385212025364,3636862.2962369979,21,0.10272677843400096,ok,0
2670,3.5981020642422026,4303620.4103603875,9,0.17574710049847186,ok,1
2671,6.5273646875588431,3640077.0112467832,17,0.13464684630073298,ok,0
2672,8.3548264271800221,3930497.0419637053,18,0.1331443670153325,ok,0
2673,5.6978796878636997,4179859.6032398464,8,0.125,ok,0
2674,5.4129706750476663,3865329.6939195725,13,0.13775484319454773,ok,1
2675,9.8931198164516321,5179510.2228644956,6,0.17512714659860407,ok,1
2676,6.4543955183176411,3658276.6942880093,18,0.13177287524515879,ok,0
2677,3.427461529611104,2267725.2931199414,44,0.13764049183078297,ok,1
2678,5.8902467787785051,3635579.9305770523,24,0.099134596607767467,ok,0
2679,4.8990672983446508,3629356.8147112206,26,0.086953424382716915,ok,0
2680,4.1475858439135145,2628545.6714319899,35,0.10716239135322103,ok,0
2681,3.451899791083227,2349719.955294122,41,0.16450902044941174,ok,1
2682,4.829356697781769,3680856.8932937724,21,0.084767394290656384,ok,0
2683,4.5799791656922633,2581618.0750895645,29,0.11205024397169006,ok,0
2684,5.4668126069627867,3605831.7825158583,16,0.14924677412745113,ok,1
2685,4.0398745328870751,3587568.9789648401,25,0.10544711693726372,ok,0
2686,4.8957394408939052,3586604.2435414619,18,0.12016849704541921,ok,0
2687,6.0102112220463706,3600587.6229105396,21,0.098363093535154267,ok,0
2688,4.1799809471484881,2378837.9975668644,36,0.11776854670357154,ok,0
2689,8.7412949428680999,4472562.2442029761,12,0.086651066734333593,ok,0
2690,7.8322647235106571,4045652.4674272467,12,0.12744261497715004,ok,0
2691,3.5464039852566476,2267725.2931199414,36,0.10787543292191282,ok,0
2692,6.6646235852024995,3926282.9670036472,16,0.14933500695940416,ok,1
2693,4.0669654933944193,2378837.9975668644,32,0.096892627956865929,ok,0
2694,3.2031368140072312,2378837.9975668644,30,0.10836778639022571,ok,0
2695,5.6126952860443753,3895976.9275407121,11,0.13517640261476144,ok,0
2696,6.0249859213012149,3971691.4963378818,22,0.12265149977861689,ok,0
2697,6.2098580995587644,3648318.1142864143,16,0.10671671220836632,ok,0
2698,5.8832504380520776,3876487.8916043537,18,0.087634251780755901,ok,0
2699,9.7878628138014054,3786374.7218199461,15,0.091860115991805102,ok,0
2700,6.683466468896178,3875518.3000519266,8,0.15171071473492237,ok,1
2701,7.1524361842981365,3632481.2188957892,17,0.10800965817385444,ok,0
2702,7.3568847383257054,3631863.6971935928,19,0.15029687169505968,ok,1
2703,4.2998459964353994,3924814.4113566456,17,0.12771541243163959,ok,0
2704,4.2674288865931977,3689243.2413266087,15,0.13667523961342765,ok,1
2705,6.236018579270115,3592664.7344455579,19,0.1306887800644953,ok,0
2706,5.8804986191043946,3994273.937586538,16,0.13395411557167702,ok,0
2707,5.0157525445347453,3612912.5428964943,20,0.11597625108260423,ok,0
2708,6.1002268710634979,3615018.4374370524,22,0.10549052921483859,ok,0
2709,3.117253547196662,2008285.8541831209,42,0.16298940866883638,ok,1
2710,5.0833448317807095,3709432.5170104001,23,0.093438850317087208,ok,0
2711,6.205863120936991,3822693.727383282,19,0.10724575555987581,ok,0
2712,4.0689105754878616,2628545.6714319899,32,0.11451213794203696,ok,0
2713,8.9828102316283207,3609723.8282381888,21,0.16364987411948528,ok,1
2714,6.0460211050347592,3634489.3181324927,24,0.11900322972988686,ok,0
2715,6.1920404641712148,3624323.6280902429,19,0.10872210592874698,ok,0
2716,3.9518572257328151,2980790.4908226882,17,0.13612230380593687,ok,1
2717,3.7446432955332831,4198026.012468541,10,0.14013277162098303,ok,1
2718,5.6443238937101965,3588978.5076580946,21,0.098354161789089956,ok,0
2719,3.1669816978284948,2008285.8541831209,40,0.10312785789023537,ok,0
2720,7.0046405611578777,3596607.8835097086,12,0.12566710383244512,ok,0
2721,4.3567428237663979,3785608.3542347024,18,0.099148910053454997,ok,0
2722,3.1675422020512674,2090177.9550635067,45,0.11497571948434759,ok,0
2723,3.9158732365310485,2357307.6858878741,40,0.1330552573513204,ok,0
2724,7.2450145625584224,3785274.6218020385,20,0.11111357352903495,ok,0
2725,6.2639056888653997,3686263.1906451047,19,0.12155944088646187,ok,0
2726,4.7452652392594299,2772356.9728852585,32,0.14328452545038561,ok,1
2727,8.0642824862883806,3598337.2622942901,19,0.14420757526028816,ok,1
2728,7.2118980634428542,3686985.462622242,20,0.13064756730347882,ok,0
2729,5.8940602122182124,3629827.1247695838,18,0.12155192254717501,ok,0
2730,4.5909168047931139,2342560.3317427742,37,0.13848830993722888,ok,1
2731,7.3675076373198207,3592796.956853949,24,0.10289776832982755,ok,0
2732,5.8219515984720802,3851621.5117507624,11,0.14930853969593166,ok,1
2733,8.1728386966201008,3685305.3600796177,16,0.11727288167228178,ok,0
2734,3.2972897631018583,2090177.9550635067,44,0.1277725572558418,ok,0
2735,3.8583235788931849,2581618.0750895645,35,0.11039986373319599,ok,0
2736,5.0198462182709633,3622481.282659078,21,0.14374535483569673,ok,1
2737,5.27930101208542,3631787.0554886246,17,0.11125772064057782,ok,0
2738,4.4012328208864275,3603371.3560674507,25,0.098630281203918868,ok,0
2739,4.6365143570150451,3686698.2726639882,15,0.10144307980566269,ok,0
2740,5.3389185438564306,3590177.6071998309,24,0.085345925208502926,ok,0
2741,3.8883927498602326,2342560.3317427742,43,0.092280092552459836,ok,0
2742,5.615424674069601,3599037.0155275646,19,0.11484278226295153,ok,0
2743,3.3431400197036978,2267725.2931199414,41,0.1738191283272934,ok,1
2744,6.2820926280169456,3634236.446883772,14,0.13393887616814582,ok,0
2745,3.4827615721053742,2581618.0750895645,37,0.090492549750464168,ok,0
2746,6.9801621520895951,4159820.6698544226,14,0.12289980868151823,ok,0
2747,4.1394092771880828,2609060.0868099569,30,0.089631957337823198,ok,0
2748,3.1885574349068961,2008285.8541831209,42,0.15218749084982486,ok,1
2749,4.9862685601581642,3731711.3842027416,20,0.13174711124593597,ok,0
2750,3.4083939496112365,2090177.9550635067,42,0.1306577321898868,ok,0
2751,5.0138230091807099,3673014.5884462269,23,0.16949321350838764,ok,1
2752,5.5751716858104841,3587816.868058498,19,0.099155050048924442,ok,0
2753,4.6414080229534882,3261364.380769941,25,0.15031480052776716,ok,1
2754,6.5796440738261808,3827021.7090531457,14,0.14442644858103626,ok,1
2755,10.00330221333626,3586673.266832958,20,0.13352537273928711,ok,0
2756,3.3242070750960555,2142731.0761223878,40,0.1371704971967001,ok,1
2757,4.2830322841586437,3916672.7121457141,13,0.14561385454980358,ok,1
2758,4.4281474972141552,3591416.460584884,22,0.090522372027978526,ok,0
2759,3.5169590142470075,2267725.2931199414,41,0.13201499956997742,ok,0
2760,5.0085629690999509,3624728.5629482707,20,0.1409081132843078,ok,1
2761,5.4795534317964023,3643044.8714960348,19,0.1336385960462193,ok,0
2762,3.7960057268174445,2609060.0868099569,31,0.099910105329626075,ok,0
2763,4.5797196841972792,3713465.4304689895,21,0.088939346879917114,ok,0
2764,5.4030327176584967,3600543.6726782606,17,0.13077531613431909,ok,0
2765,3.5079053354578238,2267725.2931199414,43,0.12790220011147824,ok,0
2766,3.2556814868896522,2090177.9550635067,43,0.14874699211982989,ok,1
2767,9.2344005023492848,4151551.3926137704,13,0.14729554311130644,ok,1
2768,5.1218875995266364,2581618.0750895645,25,0.15253868007871907,ok,1
2769,5.5528296700142459,3662803.1775250272,18,0.09997713824991028,ok,0
2770,6.2233100386165594,3585945.8723928095,17,0.14753798298312726,ok,1
2771,3.3729858664866241,2142731.0761223878,43,0.12660111680007125,ok,0
2772,4.4112981751497617,3595562.871903474,24,0.096735781763305217,ok,0
2773,10.322201637140713,4911093.9706986891,11,0.17320432660414187,ok,1
2774,3.9813006766725949,2954199.3212936129,33,0.13830225432650128,ok,1
2775,4.3647416998672632,2772356.9728852585,30,0.11713741435160607,ok,0
2776,6.4373403846968298,3792739.1235540761,18,0.091893412979456968,ok,0
2777,4.6357586893962068,3602070.9800997139,21,0.13910875257340422,ok,1
2778,6.3181564502434675,3602363.0656870808,23,0.13038075500825475,ok,0
2779,4.1652038268458291,3810887.0902134511,19,0.094603139533612657,ok,0
2780,3.2621622721722074,2090177.9550635067,41,0.10535760588263832,ok,0
2781,5.210727267541432,3623654.2780378624,20,0.15355881678317285,ok,1
2782,4.8548519434798472,3589027.5017096079,20,0.11415947869505927,ok,0
2783,3.917592903325267,2357307.6858878741,30,0.14137358583260129,ok,1
2784,3.885653550436607,3592043.4828252024,20,0.11910409110275633,ok,0
2785,3.9848151706213235,2773471.102127803,29,0.14668885977936852,ok,1
2786,5.1348769064584614,3820022.1828738642,19,0.14338134781592576,ok,1
2787,5.3476695804901926,3650258.8190647964,19,0.11303098384420374,ok,0
2788,8.5144876206476319,4329143.1923991414,11,0.12584530345251971,ok,0
2789,5.9171692506383247,4114337.7716291482,10,0.11496066344950168,ok,0
2790,7.0061116833230352,3599609.2526106662,17,0.099743953473854424,ok,0
2791,5.4054449487033924,3833038.2958574346,18,0.10087348246852157,ok,0
2792,4.5645193247270424,2581618.0750895645,36,0.13652961461853463,ok,1
2793,6.4380617415077595,3733202.8430280299,14,0.14307663101509266,ok,1
2794,6.4845555321243449,3602961.40845341,25,0.11035541658700554,ok,0
2795,6.7798613963711114,3630700.4341445044,20,0.13503995201505281,ok,0
2796,5.8666982993000909,3755071.3800135418,20,0.087478199550118318,ok,0
2797,3.9078773180941044,2267725.2931199414,45,0.11646474817525709,ok,0
2798,4.4644367093755548,3770554.5995182726,21,0.092211800563569146,ok,0
2799,8.4466122778413499,4675583.095325348,11,0.14946322225339337,ok,1
2800,5.643701325758907,4768740.1164099071,13,0.12509606064822398,ok,0
2801,4.1834116596115836,2581618.0750895645,37,0.1430586886974875,ok,1
2802,6.4827742659529211,3868368.6980205034,17,0.10828214490078969,ok,0
2803,3.2954986631772392,2090177.9550635067,44,0.1393305364228479,ok,1
2804,3.7217536775174835,2581618.0750895645,35,0.10974392325585747,ok,0
2805,4.7921514192661849,3979718.656105719,10,0.10879770279452358,ok,0
2806,5.1280590450672259,3650563.760260744,22,0.14803965307903344,ok,1
2807,5.5587134514877672,3630285.7812864641,13,0.14460509891886741,ok,1
2808,7.3384811575762887,3725992.9794914797,15,0.13284525325483432,ok,0
2809,4.8155145009967582,3761027.9343439071,13,0.1244888674720066,ok,0
2810,3.4209027588562257,2267725.2931199414,44,0.17238417764863234,ok,1
2811,5.9283164834132744,3757193.9367319378,14,0.14124203191091483,ok,1
2812,6.1584074163131231,3667094.0215696259,22,0.1336981726616725,ok,0
2813,4.5814974868308695,2609060.0868099569,35,0.11897457976046855,ok,0
2814,3.7171665818284585,2090177.9550635067,42,0.13179964327369276,ok,0
2815,6.2193137334953938,3599147.4251831979,19,0.12298328525301649,ok,0
2816,4.958226589506884,3996560.369791389,11,0.15714393910182217,ok,1
2817,6.8900818888662387,3640211.773896561,17,0.12909687485958221,ok,0
2818,4.8547235499323147,3620095.7570280996,21,0.12689110218419203,ok,0
2819,4.2386039815092191,2349719.955294122,27,0.13776119791276287,ok,1
2820,4.9713763667997828,3689196.9771980587,24,0.11411639876332902,ok,0
2821,5.1225326960032795,3601469.9767388203,23,0.15279278110564815,ok,1
2822,5.3610316106405138,3676008.7897414658,18,0.11978860823457049,ok,0
2823,4.682855192173605,2954199.3212936129,28,0.10828971957505035,ok,0
2824,3.3895020436425551,2142731.0761223878,40,0.15099694489684334,ok,1
2825,4.6073492792140645,3606730.7320069079,19,0.10228662717058223,ok,0
2826,6.4345249171869412,3713103.1692690523,17,0.13636611524475273,ok,1
2827,4.3291318683344864,3685474.8492043214,25,0.11148200288422838,ok,0
2828,2.9939630929142567,2349719.955294122,35,0.10459232595687734,ok,0
2829,9.2567137346113775,4020615.3459741049,11,0.10852905660302115,ok,0
2830,7.8043442522193196,3751676.124853937,13,0.11414194975373193,ok,0
2831,7.2601141616620097,3605299.9917920884,20,0.11032856392499263,ok,0
2832,15.11372354548487,4910593.5300711663,12,0.1395680563359204,ok,1
2833,11.518895835773092,3614727.0375796268,18,0.12782391440418234,ok,0
2834,5.4295971898500168,3651460.0912748557,18,0.11455840757890839,ok,0
2835,7.6793890914528742,3594494.6826139195,19,0.1173386023077182,ok,0
2836,6.5662619413940488,3739007.2420492098,17,0.10026219440124756,ok,0
2837,4.9196319616660533,3627661.5469244835,26,0.099988283031894998,ok,0
2838,5.1218618981320567,3603822.6919994475,21,0.10139804476227909,ok,0
2839,3.3812018807386686,2267725.2931199414,42,0.11957264563385595,ok,0
2840,6.6067342733048555,3933620.9023043602,15,0.10530968742472818,ok,0
2841,4.7676870215441411,2786813.40424396,27,0.13931453549047379,ok,1
2842,6.384358299214659,3913250.7780248662,17,0.11612863276805119,ok,0
2843,4.6357750160033184,3639411.0891040983,21,0.14603287645779295,ok,1
2844,3.0039544590831317,2142731.0761223878,39,0.16174016715761003,ok,1
2845,3.7428969467539805,2267725.2931199414,38,0.1342133878416214,ok,0
2846,3.8871157293031926,2581618.0750895645,43,0.13140823752429964,ok,0
2847,5.0815470639297544,3642602.8577404385,18,0.081845301450150565,ok,0
2848,4.7382042441359804,3637499.7429760746,22,0.11652788626053728,ok,0
2849,5.604455219491923,3657687.429907016,13,0.11051727445249426,ok,0
2850,4.4256793538830124,2349719.955294122,36,0.13628600687099823,ok,1
2851,4.7282624933044719,3611925.3310736776,21,0.11461482218144542,ok,0
2852,5.7104777182813731,4053060.3599106399,11,0.16668373525568803,ok,1
2853,6.1248196921233804,3684924.6307975496,18,0.10064674757092928,ok,0
2854,4.8664636401613155,3796982.4632064169,12,0.15356118842801397,ok,1
2855,3.6018409821879827,2142731.0761223878,39,0.11150867730275962,ok,0
2856,6.8811726749544562,3599492.2703100666,18,0.17375755715836672,ok,1
2857,5.0051948428185646,4277620.8556345338,11,0.14060472394720869,ok,1
2858,7.2645264122523319,4138303.1470526,15,0.10630410983716176,ok,0
2859,3.5906243512382781,2342560.3317427742,41,0.14851926658502013,ok,1
2860,10.582784764055342,4034128.7330982178,16,0.11144016035836557,ok,0
2861,5.2832188002433984,3591306.6493372405,25,0.086395074610969069,ok,0
2862,4.9707790346676122,3587508.7487203213,26,0.095237216362086291,ok,0
2863,3.9534163455620823,4140626.4750996116,12,0.14000434797256084,ok,1
2864,4.9500054514228422,3759470.7071620054,17,0.11750100231303712,ok,0
2865,6.5941510404480264,3605391.8253006209,18,0.11349751339236686,ok,0
2866,3.6342668339560027,2349719.955294122,41,0.13935230329627818,ok,1
2867,6.8740638123727242,3616383.0875382996,16,0.073144754695651626,ok,0
2868,5.992948770514527,3644608.1723150345,23,0.078267785719136868,ok,0
2869,4.4679657090216978,2342560.3317427742,36,0.15061608094193124,ok,1
2870,6.1317200146627098,3865973.403678597,10,0.10945200955835233,ok,0
2871,5.2198679303417741,3657515.3751726015,15,0.15596204314396006,ok,1
2872,7.5699797926695123,3599078.8536424357,15,0.11635208578976319,ok,0
2873,4.6058032641293494,3603279.9671495277,24,0.12103503988036424,ok,0
2874,3.4079100191616081,2142731.0761223878,44,0.17048697559924472,ok,1
2875,5.5454885805968024,3637464.5003347821,18,0.16607752187679597,ok,1
2876,4.5206183492035699,3802381.3147735447,17,0.11454146082757055,ok,0
2877,3.7098148148423573,2267725.2931199414,38,0.11729885681320062,ok,0
2878,3.5851826393268009,2267725.2931199414,43,0.111440102274103,ok,0
2879,3.8411200888914205,2954199.3212936129,24,0.11742231708314588,ok,0
2880,3.6210470680789735,2342560.3317427742,40,0.16062790694249929,ok,1
2881,4.8134550705407637,3615820.4847077937,18,0.099718159744708684,ok,0
2882,6.3503511848811405,3638153.9761581458,23,0.11145866351119904,ok,0
2883,4.984347754654058,3600008.5988436602,21,0.11732164732443162,ok,0
2884,6.870824969993655,3682127.6374567533,20,0.10740887856782977,ok,0
2885,8.6255223888887844,3919529.7554245107,19,0.11275725979831103,ok,0
2886,4.6530679954460847,3647732.3484611209,16,0.13483716602000206,ok,0
2887,6.8724306411098324,4253870.1462388784,13,0.14112331656291044,ok,1
2888,6.7852324469964902,3588792.8368060873,21,0.13040075052772893,ok,0
2889,6.2293037881798234,3686989.1089004306,16,0.1055959912410438,ok,0
2890,4.1401631330358413,4455985.1882842043,9,0.11727665750165506,ok,0
2891,5.418884074302035,3734576.9232866797,22,0.11225457071214623,ok,0
2892,3.4285765201980669,2090177.9550635067,43,0.14539081763806927,ok,1
2893,4.0439708580953528,4111870.8196276589,11,0.14356485131309743,ok,1
2894,3.7540075671637623,2342560.3317427742,40,0.11662823139649992,ok,0
2895,7.4741796894656458,3668858.8443655516,16,0.094792292226434482,ok,0
2896,4.3633550412414461,3261364.380769941,22,0.13735551332479634,ok,1
2897,6.3414681368508878,3652655.6426866418,15,0.13011310518828401,ok,0
2898,4.5665511958246334,3770989.2603871333,14,0.11404222935003355,ok,0
2899,3.3133374845583994,2090177.9550635067,45,0.10937240271199211,ok,0
2900,5.3100765792427529,3631620.2902057208,21,0.13867175076279503,ok,1
2901,3.6098994048369892,2342560.3317427742,38,0.12216222803920485,ok,0
2902,6.0736704211115482,3862263.7125077997,10,0.1623415186095013,ok,1
2903,4.5340621869097006,3606465.702980563,22,0.13438475855649329,ok,0
2904,4.3037864037715146,2772356.9728852585,25,0.14288815405957978,ok,1
2905,7.8145825238985367,3585937.9267303431,17,0.10805782788839774,ok,0
2906,3.189544196491962,2090177.9550635067,40,0.12247571344352104,ok,0
2907,7.0235632004074171,4056634.041263592,13,0.10948795888684737,ok,0
2908,7.0142659767213571,3824724.3697699201,23,0.083521136608114166,ok,0
2909,5.5827948067865254,3950522.5404092562,12,0.10685890395179654,ok,0
2910,12.824593462220337,4486944.9078145195,10,0.14417532715937154,ok,1
2911,5.1073900921963507,3662093.0868736692,19,0.14311033082789038,ok,1
2912,6.5523019687558346,3587233.2991144974,20,0.081888492839592486,ok,0
2913,3.7929341680927227,2581618.0750895645,34,0.1194009915425116,ok,0
2914,8.5178263059595487,4085626.4201976531,15,0.10701466970022683,ok,0
2915,4.2958594201249696,2581618.0750895645,32,0.12093618255957184,ok,0
2916,4.7704233046938889,3619215.983293436,23,0.1469004654713546,ok,1
2917,3.015569594619782,2267725.2931199414,43,0.12775130671446411,ok,0
2918,4.1043343692729657,5065706.4486879474,12,0.11051569014297558,ok,0
2919,4.788783845827794,4724529.3949795729,8,0.13365204943287967,ok,0
2920,7.5828097554900147,3867173.6809559599,18,0.11287487609422409,ok,0
2921,3.7499563970538858,3280705.556872033,27,0.15465198425170767,ok,1
2922,4.4786379294666929,2342560.3317427742,41,0.13858502193994193,ok,1
2923,3.4099902467849343,2267725.2931199414,40,0.11417790601911171,ok,0
2924,3.323813536735758,2349719.955294122,39,0.14319220938708083,ok,1
2925,3.4347393637689114,2090177.9550635067,40,0.16736140890524581,ok,1
2926,6.9375169992986931,3586907.0872953287,16,0.11908276177734234,ok,0
2927,4.9122171767638942,3729706.1177854412,25,0.084330942255536945,ok,0
2928,10.168841107263709,3604617.1991953263,16,0.15893401579424427,ok,1
2929,6.2879067103438322,3779955.8702095659,20,0.13984316876622682,ok,1
2930,3.3372085199744972,2267725.2931199414,45,0.17305886341850812,ok,1
2931,3.3517454577856856,2008285.8541831209,47,0.10638297872340426,ok,0
2932,7.4041141706470892,3613566.9992295862,18,0.123176645542803,ok,0
2933,5.7718795005129406,3722285.8906930718,21,0.106865416931051,ok,0
2934,6.3110549404161151,3613221.561073212,22,0.11648960650114537,ok,0
2935,5.1166728358350451,3677397.560083949,17,0.14483809192725267,ok,1
2936,7.6037830940597262,3825312.9635312804,14,0.14343269524163649,ok,1
2937,3.388036197777867,2267725.2931199414,40,0.15509921850818137,ok,1
2938,3.6400084065575831,2342560.3317427742,42,0.16370092627874311,ok,1
2939,7.4325338625778112,3961676.7951434343,14,0.098937147011734672,ok,0
2940,3.6964616985922771,2349719.955294122,41,0.13932279446875029,ok,1
2941,4.3946750763460241,3587992.0870281965,20,0.12173091818772175,ok,0
2942,5.1565353020282831,3590374.3214115952,18,0.10834151616870175,ok,0
2943,6.3455891814579628,3727706.8808279666,23,0.12147291366324464,ok,0
2944,5.5904669505675502,3967949.7417428028,8,0.13529061903001971,ok,0
2945,4.3090577281568851,2342560.3317427742,38,0.13734233331870377,ok,1
2946,5.8122051938840551,3784892.9366177954,15,0.12265901033146998,ok,0
2947,5.7573216266336926,3883124.8026002189,19,0.10723837285762106,ok,0
2948,5.2637225428351631,3720365.1326620653,15,0.08336778566412828,ok,0
2949,5.7643284164859745,3586149.0811122498,19,0.1240405433187427,ok,0
2950,3.1901133254268923,2142731.0761223878,42,0.15466481831785195,ok,1
2951,3.5384581806207018,2008285.8541831209,39,0.10529844228865803,ok,0
2952,4.0927318617644559,2349511.4431106183,39,0.11801199646423499,ok,0
2953,6.5089733453258294,3601000.5032579955,20,0.16144363374520443,ok,1
2954,4.021266455619803,2581618.0750895645,34,0.099261913881150521,ok,0
2955,3.6357821860315602,2349511.4431106183,41,0.14839073240721556,ok,1
2956,7.2441392190215552,3625335.9689521203,20,0.087996678061157629,ok,0
2957,7.832253082808287,4474847.3488877807,10,0.132238982066258,ok,0
2958,3.6285638806640708,2342560.3317427742,39,0.15263000113902975,ok,1
2959,3.51158482121392,2090177.9550635067,41,0.12701813316579058,ok,0
2960,4.4909047612442548,3732039.3088338166,12,0.11384239481944702,ok,0
2961,3.6520644840783905,2609060.0868099569,36,0.13362757307820838,ok,0
2962,5.4679610158768197,3635316.5328230397,22,0.13239907135994755,ok,0
2963,5.5933914441183479,3620153.3890555231,19,0.12679364568754814,ok,0
2964,7.7002985735578182,4226177.5082691275,12,0.10374053417886975,ok,0
2965,3.2365720250990964,2008285.8541831209,39,0.12392832072370652,ok,0
2966,3.5860217844221376,2357307.6858878741,43,0.14746712327688349,ok,1
2967,4.4646583479305892,3630131.91703879,18,0.077859833716534044,ok,0
2968,7.7253671242858477,3637208.3709687972,19,0.19008748230737238,ok,1
2969,3.7306978216256628,4498168.8843267476,11,0.10869649127010439,ok,0
2970,3.907566443337227,2267725.2931199414,36,0.11296765061094005,ok,0
2971,6.1026811017791029,3646120.8591534155,22,0.16275878943081851,ok,1
2972,3.998106766316341,2349511.4431106183,41,0.10107601769627772,ok,0
2973,5.5892137682610734,3649995.7733402383,21,0.099813245322983246,ok,0
2974,5.6387074401416557,4074338.1334413011,21,0.084620941214838707,ok,0
2975,6.1538084054492348,3627657.9306466668,20,0.13060387531441964,ok,0
2976,4.3579953587274245,2267725.2931199414,40,0.12794729154335457,ok,0
2977,4.0344315768031072,2378837.9975668644,31,0.14830293679033713,ok,1
2978,4.7090090820052364,3883965.6262762262,10,0.16137359618108488,ok,1
2979,5.8159615558551181,3782007.6751581468,12,0.13460341221517386,ok,0
2980,3.4173526343864209,2267725.2931199414,37,0.087410375331373857,ok,0
2981,5.7304205377963147,3758721.8672331455,14,0.13771716796899114,ok,1
2982,5.7057013690210567,3608046.1898117336,19,0.14683635666887535,ok,1
2983,5.4716091399086171,3621429.8190890471,22,0.15752347710524439,ok,1
2984,3.0754196168024022,2090177.9550635067,47,0.13472737075431274,ok,0
2985,6.5588024946083312,4156628.5768038225,10,0.1146923012928931,ok,0
2986,3.625754367992128,2773471.102127803,30,0.094793484515607096,ok,0
2987,6.0270950145023123,3600782.9868247011,19,0.13432793674024424,ok,0
2988,9.731515778633046,4025932.1131413858,14,0.10772900400530797,ok,0
2989,6.4294642390682295,3613814.5630815155,17,0.10504218124625325,ok,0
2990,5.2985890751999696,3623934.1616575299,25,0.078535404526002051,ok,0
2991,7.3375586190351321,3868953.4128502742,18,0.1041648224965295,ok,0
2992,4.3095947117551408,3610146.5649403697,21,0.13055631102222531,ok,0
2993,5.301905628978,3624581.6410085796,16,0.11378671145130115,ok,0
2994,6.5538685947800808,4130238.6305810912,15,0.14534891490146196,ok,1
2995,3.8128002289228737,2798038.8762947805,25,0.09254632173840216,ok,0
2996,3.8933044511277553,2609060.0868099569,34,0.10819661585712925,ok,0
2997,6.6723013188660989,3648056.3368767099,23,0.098241445313114628,ok,0
2998,6.7874900286132043,3623876.7288485048,21,0.16637756761577577,ok,1
2999,3.4671815054128521,2142731.0761223878,45,0.14768857702923854,ok,1
3000,4.3193873295157168,2267725.2931199414,42,0.10576736518954888,ok,0
3001,3.8702169837051676,2342560.3317427742,43,0.21720347587944477,ok,1
3002,3.6038400650020321,2267725.2931199414,46,0.15345117514867312,ok,1
3003,3.8572740972683994,2267725.2931199414,40,0.10955189479324173,ok,0
3004,5.3729044357833091,3983640.8798788674,17,0.11857448141153382,ok,0
3005,3.7879837932066045,2342560.3317427742,39,0.14400673614210463,ok,1
3006,9.056346875564012,3787077.39934596,20,0.12976612939515558,ok,0
3007,4.6377343657205898,4175023.5573288784,11,0.1096815254877942,ok,0
3008,7.3375380948903457,3809982.0519604068,14,0.11944795834934863,ok,0
3009,7.2206799710671383,3598188.2596093342,20,0.12354763439470684,ok,0
3010,10.588816831119997,4783090.8493472058,7,0.14285714285714285,ok,1
3011,5.0066536200019582,3771791.8726702528,16,0.10090368030869978,ok,0
3012,5.2712613672043762,3723755.3473486532,17,0.14628646899593978,ok,1
3013,6.2968269441124196,3598376.051337155,18,0.11947593243818647,ok,0
3014,3.7714784739117007,2349511.4431106183,36,0.13949800519814182,ok,1
3015,4.9892204852351147,3760531.9104923871,15,0.090750878962440606,ok,0
3016,3.1792671380189117,2090177.9550635067,42,0.12975486448342155,ok,0
3017,6.8627448065872558,3693906.6054979051,20,0.12081264619212551,ok,0
3018,3.9335955099873932,2267725.2931199414,37,0.13580818780133003,ok,1
3019,3.7726435272813705,2267725.2931199414,43,0.11588847121423773,ok,0
3020,5.7282770983740781,3636731.2470685067,18,0.10730225730398713,ok,0
3021,6.0682762226971114,3647824.4828990535,22,0.1343785207136754,ok,0
3022,6.9979543990971456,4606488.5432455074,10,0.13978775108720604,ok,1
3023,3.53503500083306,2142731.0761223878,38,0.087001124774745531,ok,0
3024,5.029806583089365,3637935.5078452122,19,0.126794368229393,ok,0
3025,4.564855212249352,3949298.8675064244,9,0.13303888185344565,ok,0
3026,4.4973458266560744,3616348.4804117223,22,0.16457434192188197,ok,1
3027,3.6145839427884168,2349511.4431106183,39,0.14757430763398158,ok,1
3028,6.8541853137545106,3677046.1306371968,20,0.15192774420836364,ok,1
3029,8.4502053475717354,3898204.8894240409,11,0.1167304131452819,ok,0
3030,4.4321497879293794,2581618.0750895645,31,0.16579018591987338,ok,1
3031,5.9341142978068246,3589309.2894979264,13,0.12099798781081306,ok,0
3032,7.7974930023502758,4261142.5853538932,13,0.1249565870014987,ok,0
3033,3.2862889817233016,2267725.2931199414,40,0.099663701682687234,ok,0
3034,3.1719974908402255,2090177.9550635067,44,0.15185322547780444,ok,1
3035,3.3341993116350328,2349719.955294122,29,0.096274656248658386,ok,0
3036,6.9241229467802272,3805143.8828143007,17,0.10886623542292906,ok,0
3037,5.728561096943551,3730342.8388069845,22,0.1282124884960848,ok,0
3038,3.8693402799009693,2581618.0750895645,31,0.1075289723373134,ok,0
3039,5.360961691933019,3672883.1768109957,24,0.18052659492311152,ok,1
3040,3.3722909443040114,2142731.0761223878,37,0.14653820165644249,ok,1
3041,3.3565084925224795,2342560.3317427742,42,0.11335456024106241,ok,0
3042,5.1814129989364544,3623329.3856357373,16,0.11265833410766679,ok,0
3043,3.6295713213078646,2342560.3317427742,40,0.15048664113227878,ok,1
3044,6.0252295119174182,3750764.9481095257,12,0.13288362286217004,ok,0
3045,5.4454227788848657,4602905.4566350617,13,0.093302044130131878,ok,0
3046,7.8157339052317045,3609901.3043828802,17,0.14545957602288218,ok,1
3047,3.564462131289706,2357307.6858878741,32,0.11401670426585109,ok,0
3048,7.608335487330268,3618928.171859588,16,0.13223819176892304,ok,0
3049,5.0428957940664043,3718013.7621863671,17,0.14121285516753512,ok,1
3050,8.698363649640358,4148898.4135628301,15,0.13396574144662965,ok,0
3051,6.7499482871649352,3683363.370962319,24,0.098274446130055981,ok,0
3052,8.2409211891571239,3735464.8828656585,18,0.13678968894147447,ok,1
3053,3.059541377673594,2142731.0761223878,44,0.12446195040920899,ok,0
3054,5.4476102445958832,2581618.0750895645,30,0.10710896844760354,ok,0
3055,5.2902917862017667,2581618.0750895645,30,0.16474814497082765,ok,1
3056,7.1748711073698175,4209068.5619221246,14,0.14637890839959949,ok,1
3057,3.1167004295235174,2142731.0761223878,47,0.1839597277208504,ok,1
3058,8.1460951563109045,3690175.4753287667,19,0.10255328383708717,ok,0
3059,4.1888132600593915,3668422.9473907431,20,0.09900910593500109,ok,0
3060,7.934597703587249,4017243.2154866261,10,0.11194537682087491,ok,0
3061,4.652168760964388,3845081.7292874982,19,0.17107353406393738,ok,1
3062,6.1411348014692102,3766309.9010948562,21,0.17372744965886355,ok,1
3063,6.7232819090918596,3667451.3525541076,17,0.099269900648937204,ok,0
3064,6.2512221092609614,3615331.4805369424,25,0.15981541508320507,ok,1
3065,6.3886294460063242,3587925.1530667003,23,0.093225127121331464,ok,0
3066,4.950315582607633,3672290.6294142618,20,0.12492530499193044,ok,0
3067,5.1661988854194831,3609369.6195327328,23,0.10241272743804852,ok,0
3068,3.4742005377557428,2349719.955294122,41,0.15836210931799066,ok,1
3069,3.2443528256526335,2142731.0761223878,37,0.13273413775440557,ok,0
3070,5.7514147996466063,3603064.738618196,24,0.14242553738809738,ok,1
3071,5.1335528385032489,3675639.1146750045,12,0.15698363429076306,ok,1
3072,4.7769558268828156,3828223.8476500353,15,0.0948091899320328,ok,0
3073,6.1934828153551269,3645959.2698859065,18,0.13338766962254728,ok,0
3074,5.8603972658634813,3687433.5231171199,21,0.13973764044291626,ok,1
3075,4.3092306474055784,2349511.4431106183,37,0.15382966254913122,ok,1
3076,6.7016794475409602,3700396.6776508484,18,0.13905925975420552,ok,1
3077,6.7779660017448808,3671711.3113468629,18,0.084702959473535455,ok,0
3078,7.0289170897839988,3664712.8399536945,18,0.18759554852003824,ok,1
3079,5.3801842401039979,3603678.5132801482,18,0.112363456857278,ok,0
3080,3.7949761821957577,2581618.0750895645,39,0.11712769640911175,ok,0
3081,5.2749716691842341,3600352.2922074264,20,0.075707652186115748,ok,0
3082,3.6520512829022538,2267725.2931199414,37,0.11182958874339943,ok,0
3083,3.539345703007712,2142731.0761223878,43,0.10959071834242545,ok,0
3084,6.3859201420558822,3608870.8746397085,17,0.13794737023516529,ok,1
3085,4.0159496076423746,2773471.102127803,38,0.1484908246324913,ok,1
3086,3.565379695831171,2142731.0761223878,42,0.15080426936718255,ok,1
3087,4.3486085457502419,4196360.4598193252,19,0.13142709817037768,ok,0
3088,3.3838103967195621,2267725.2931199414,40,0.091909074290128068,ok,0
3089,6.3512629256406141,3966093.0922316522,11,0.11251578909874616,ok,0
3090,3.6308748900549417,2786813.40424396,29,0.10810325176212443,ok,0
3091,6.6859208037517455,3612320.3731277194,17,0.13031195631510883,ok,0
3092,4.399223541842268,2581618.0750895645,34,0.11529701368576672,ok,0
3093,6.2476772414592938,3680477.0820637308,13,0.15428919224204862,ok,1
3094,5.1880296890676405,3624812.6735159988,22,0.13136202982143957,ok,0
3095,5.9539329239927401,3699934.2393010063,17,0.11261492664763073,ok,0
3096,3.6076314919213899,2142731.0761223878,42,0.096576940364162311,ok,0
3097,3.3923110347208341,2378837.9975668644,36,0.16564858644960456,ok,1
3098,3.6943206133464983,2628545.6714319899,33,0.12262963025596313,ok,0
3099,7.4480138461920733,3618343.8089426658,21,0.14236529965296763,ok,1
3100,3.0803367121983531,2142731.0761223878,42,0.15153963947043947,ok,1
3101,3.4524229310002772,2342560.3317427742,38,0.10141503387738171,ok,0
3102,8.1992727504013878,4007516.5137020648,16,0.1324325630446459,ok,0
3103,5.4022803392745606,3681412.6928840294,24,0.14057899817151764,ok,1
3104,6.3453252627894861,3703153.2398259188,25,0.086042900817226431,ok,0
3105,4.9131949272141089,3589443.4480899833,20,0.10874722003497977,ok,0
3106,3.635111607431027,2090177.9550635067,38,0.13823251510216972,ok,1
3107,6.2437162569532196,3913267.9583793269,20,0.14907418628588176,ok,1
3108,5.0168887097850137,3674678.25494625,14,0.11767388108709542,ok,0
3109,4.1079035013629941,2628545.6714319899,32,0.12162797004646475,ok,0
3110,7.7836229700340631,4094548.0219404758,13,0.13144970350561996,ok,0
3111,4.3101390088749323,3636232.3189096362,18,0.10701573311326285,ok,0
3112,7.2432554993902372,3598954.9563494185,24,0.13279484224595817,ok,0
3113,5.9798462790820892,3657634.7999526015,17,0.12201420446477207,ok,0
3114,6.2927709254945681,3698351.0648304597,13,0.12102973194860089,ok,0
3115,6.6914808670278934,3636541.4906383818,27,0.095606265027677995,ok,0
3116,3.6167413310530119,2581618.0750895645,36,0.11635773512892811,ok,0
3117,4.1867854328468077,2342560.3317427742,38,0.16104480755246786,ok,1
3118,5.074848162958923,3600210.7134904661,23,0.096893009638680527,ok,0
3119,4.5429396180468435,2678205.3747857241,31,0.20514572107196688,ok,1
3120,6.8147685741052371,3747159.368717921,15,0.12537606869482987,ok,0
3121,5.8212187436351241,3659277.4319100659,18,0.13633119677548244,ok,1
3122,3.1967226256775785,2090177.9550635067,39,0.18193745645433745,ok,1
3123,3.1636282971998537,2416638.8374307705,39,0.10750366017279858,ok,0
3124,4.1679703176353975,2267725.2931199414,32,0.11769680042056119,ok,0
3125,8.9541191059158276,3857516.4364557052,16,0.12487577405300465,ok,0
3126,5.4844243134759783,3684825.0375063531,18,0.1374769421708783,ok,1
3127,4.6972930207861783,3592938.7558935368,28,0.10906060348086599,ok,0
3128,3.3961253630000998,2267725.2931199414,42,0.12588505317653342,ok,0
3129,3.5058845474679181,2142731.0761223878,42,0.12880284425311236,ok,0
3130,5.0969538602431372,3681149.5396187031,20,0.09364568139597429,ok,0
3131,4.552603366154683,2581618.0750895645,40,0.1391021613899282,ok,1
3132,5.3721965815897974,3716082.1749336491,13,0.13423874245288514,ok,0
3133,7.3514179715316823,3589155.6438315306,24,0.15438847576431369,ok,1
3134,6.2643626248571094,3589156.2782526496,18,0.11203985082835127,ok,0
3135,4.473557074630742,3834216.828802852,15,0.1502234844704311,ok,1
3136,5.4318654894820382,3613621.9547425914,23,0.10228554020224989,ok,0
3137,8.3949621471452431,3662783.4937703395,14,0.14339353262686849,ok,1
3138,4.7631394410680254,3603434.5079658041,17,0.11247894255367968,ok,0
3139,4.1211141008371763,2267725.2931199414,40,0.14085936003287697,ok,1
3140,4.2639836854637849,2581618.0750895645,37,0.12027888855442964,ok,0
3141,3.202835115874016,2090177.9550635067,42,0.13387418488803332,ok,0
3142,4.8951496415549975,3610415.2368696011,24,0.10146277907898976,ok,0
3143,6.3748136180344313,3625314.6710699466,19,0.13993814387143066,ok,1
3144,10.679301210457602,4051186.7751006619,13,0.094121519713911361,ok,0
3145,3.819055628681193,2267725.2931199414,43,0.13015435683005033,ok,0
3146,6.2076156559305451,3706635.1950292513,19,0.095157321435927922,ok,0
3147,7.4234438565952985,3589631.4224943379,17,0.10861108558198571,ok,0
3148,5.4714008321926659,3726832.1050966787,22,0.11403722302838881,ok,0
3149,3.9161740070235118,2267725.2931199414,43,0.13589036233879259,ok,1
3150,7.6162350198146225,3672852.31066914,14,0.10334887798915948,ok,0
3151,3.6415399595094202,2342560.3317427742,40,0.10138688817920394,ok,0
3152,3.4037560595944343,2090177.9550635067,42,0.14444264045878952,ok,1
3153,12.332274048413304,4303416.2819546005,10,0.12418491304694756,ok,0
3154,8.6078698765045587,3879782.0487421495,14,0.15956351496399646,ok,1
3155,6.8811703431794244,3775959.9351105886,18,0.14933796601589211,ok,1
3156,5.5343960523112861,3614088.4810290462,17,0.12085064507479393,ok,0
3157,6.6085019572882828,3612023.3616209072,21,0.10913095633929176,ok,0
3158,3.6255779536088895,2349511.4431106183,38,0.14452633297414785,ok,1
3159,5.0054815699448492,3612655.9947348107,20,0.086447510997464172,ok,0
3160,9.346240894027245,4416589.4215437677,14,0.10151539095697582,ok,0
3161,4.2407347983988375,2609060.0868099569,33,0.1816309089214776,ok,1
3162,6.8627312714594622,3670397.8945119963,18,0.1149115708170016,ok,0
3163,3.665317177524785,2267725.2931199414,44,0.11033625526436758,ok,0
3164,5.9503739241935847,3706021.023269047,11,0.1460148807847847,ok,1
3165,3.9415146008047079,2581618.0750895645,36,0.16384416444128541,ok,1
3166,6.0497500521751579,3705020.1558561027,16,0.12767178330762352,ok,0
3167,4.0786517061643526,3722031.3497568863,14,0.12247563671757589,ok,0
3168,8.7107452636333118,4690627.1111561097,9,0.11361537826925172,ok,0
3169,7.5238005516338911,3749217.6859435588,18,0.10252625431527129,ok,0
3170,5.3612806990719521,3728501.8732372676,17,0.13322768614824759,ok,0
3171,5.593544572535734,3728205.0244854414,21,0.12419152111431353,ok,0
3172,5.3570121706615712,4035871.8676193389,16,0.086482393461562612,ok,0
3173,3.3311262549506364,2342560.3317427742,39,0.09547553404991263,ok,0
3174,7.9958547121536254,3650637.8349533849,18,0.1523772772657439,ok,1
3175,7.0926366058450894,3602228.016274354,17,0.10567914205797879,ok,0
3176,7.8907445144653519,3640629.5329583148,22,0.10148309032530106,ok,0
3177,3.6933170998310336,2349719.955294122,40,0.12715695283547562,ok,0
3178,5.5760469029707185,3837916.4819887513,23,0.11206934351613462,ok,0
3179,6.4175218809411252,3809299.5800180333,12,0.12324900813227047,ok,0
3180,3.3456695579683324,2609060.0868099569,34,0.12576459133209811,ok,0
3181,3.5183982062280927,2267725.2931199414,42,0.15051120396486239,ok,1
3182,3.2377460483789657,2090177.9550635067,38,0.15486223032545854,ok,1
3183,3.3824002295234914,2142731.0761223878,45,0.12471042965165811,ok,0
3184,6.6597575588968159,3915365.1909346539,19,0.098444736002040623,ok,0
3185,4.7112108433702815,3641192.5281857057,24,0.074177437999245255,ok,0
3186,4.4137899395906448,3632516.4722554171,20,0.089618231799775461,ok,0
3187,5.2467692704102733,3672264.0712056141,18,0.13876097515528718,ok,1
3188,8.016235204455274,3595132.702372164,18,0.15165638927849401,ok,1
3189,5.5710840929698797,3585879.7396518206,17,0.13091660735692279,ok,0
3190,5.2916032054587108,3832600.4625191796,14,0.12601587609685283,ok,0
3191,3.3568430305738,3823112.1403177963,14,0.12698305802619503,ok,0
3192,10.650890267989297,3993766.1592545928,12,0.12089603861621867,ok,0
3193,6.6500864901162862,3652116.3970079185,18,0.1083778140250059,ok,0
3194,8.1357763237394156,3840476.4769908045,16,0.10833032553597222,ok,0
3195,3.6190280156325518,2581618.0750895645,36,0.14251983640259369,ok,1
3196,5.6507887640400805,3616879.1339851073,18,0.13107655929186776,ok,0
3197,5.7500948492068522,3598931.4257000261,22,0.12921642901784147,ok,0
3198,9.4702326413390523,3626850.6884858715,17,0.12490443518942829,ok,0
3199,7.1100578782143593,3598500.3344863597,19,0.13586326686787775,ok,1
3200,7.3660131901866297,3630334.3558533341,17,0.13435984985366839,ok,0
3201,3.371234278993346,2090177.9550635067,42,0.15714148073690548,ok,1
3202,5.5093403070853473,3713837.8201111495,22,0.088140453557164336,ok,0
3203,5.0985376018296975,3627623.6829157248,18,0.13381978975036379,ok,0
3204,13.163302944715186,4014737.9418846695,13,0.16130030383498611,ok,1
3205,4.1370532044165795,2984801.2881630221,26,0.1026670376634069,ok,0
3206,4.9007286303819564,3590477.4929896956,20,0.11401037923948437,ok,0
3207,4.3346584063390026,3744345.3376123928,16,0.10094851579622399,ok,0
3208,4.9924553689265236,3651306.4502015999,16,0.12677818855798018,ok,0
3209,6.1743450885965521,3610021.9097595681,20,0.17162961624616579,ok,1
3210,5.1670804017545953,3664010.6629204485,21,0.10130277723105086,ok,0
3211,3.4026074068935337,2267725.2931199414,44,0.13374108463446688,ok,0
3212,6.8143548435613583,3599810.9426361243,15,0.14355766319986293,ok,1
3213,4.6306136666546109,3810991.68698378,14,0.13095683867095054,ok,0
3214,11.763983285144514,3637950.2056349753,19,0.11464704714443208,ok,0
3215,9.8821167505275671,3708483.1651299046,19,0.13082883322787409,ok,0
3216,7.2540108788009343,3649789.7513682693,20,0.13007396048123676,ok,0
3217,7.6012868225952896,3586788.2275201399,23,0.13217580231210868,ok,0
3218,5.3018636747599546,4007029.5004817559,11,0.12174237513503194,ok,0
3219,5.8304507785335042,3587450.7336156215,24,0.10352206437815492,ok,0
3220,5.5572748626462696,3679179.7433329313,17,0.11611562858785951,ok,0
3221,3.4308378253496739,2090177.9550635067,41,0.13319795267296408,ok,0
3222,5.3380206912477357,3605458.9251340912,18,0.12239776036546335,ok,0
3223,5.6900040299100212,3721380.7149585797,12,0.1118542257792271,ok,0
3224,5.0881018572455181,3687141.8192691389,16,0.15259028949794606,ok,1
3225,3.3661849961524073,2090177.9550635067,42,0.1446497540955396,ok,1
3226,5.5196444796938193,3629836.5889736493,23,0.13757053257804108,ok,1
3227,4.4479058092692974,2349511.4431106183,39,0.15212198724177589,ok,1
3228,3.9570368151816764,2581618.0750895645,35,0.10433508441405739,ok,0
3229,5.6372563469959864,3601816.304393766,24,0.15148646955153366,ok,1
3230,3.850877803607367,2267725.2931199414,36,0.11466808966777364,ok,0
3231,11.110616692060072,3607111.3309955723,18,0.17244956796316369,ok,1
3232,3.4720486008840363,2349719.955294122,35,0.11887445541106822,ok,0
3233,4.0245897436526246,2609060.0868099569,30,0.11545519722636688,ok,0
3234,3.5365133680265388,2342560.3317427742,39,0.090246125106156594,ok,0
3235,4.4026756460507297,3158053.4917109548,25,0.11969732165853308,ok,0
3236,5.0462762097606353,3964958.4385416708,9,0.13558553697970266,ok,1
3237,3.3830772947208532,2342560.3317427742,36,0.16461670039254725,ok,1
3238,7.0179501361338437,3603107.5856308611,25,0.13615591191535026,ok,1
3239,3.3929871349297742,2342560.3317427742,44,0.16060532470465971,ok,1
3240,5.8301970417441522,3674599.4676306136,24,0.13693831180156257,ok,1
3241,6.6580997418323777,3983665.3661500388,21,0.097431180840102716,ok,0
3242,8.1467492553241048,3593780.1218644902,18,0.16726696197762703,ok,1
3243,7.2149972887584033,3744025.4648653828,18,0.14597739836801882,ok,1
3244,5.3466006874319474,3602320.7576720309,17,0.1181133194063233,ok,0
3245,4.3375527990158487,3911725.5939071188,14,0.10374726560553374,ok,0
3246,3.2984554416941272,2342560.3317427742,43,0.10482957902930032,ok,0
3247,5.4195978155296638,3640484.2564760312,19,0.1092094192699633,ok,0
3248,6.183357879564233,3600197.6966630835,22,0.11038784872491936,ok,0
3249,5.9956344969781723,3660565.7245928189,19,0.15934002534191138,ok,1
3250,3.6455742940156131,3605798.5021556602,19,0.10005588136838484,ok,0
3251,3.1504574913099819,2008285.8541831209,45,0.12839475857287264,ok,0
3252,3.7996353005082484,2342560.3317427742,37,0.10573164259030532,ok,0
3253,4.9965639683500989,3640782.5402340144,20,0.11191120209870176,ok,0
3254,5.616834343267568,3609939.5947051249,23,0.12946165924725628,ok,0
3255,3.082039024602413,2090177.9550635067,44,0.13014527589615754,ok,0
3256,6.644643703189959,3595575.0136734955,12,0.10876449157451595,ok,0
3257,4.5170428545367169,3754675.9565003626,21,0.10834537464782762,ok,0
3258,7.4503615631058073,3612711.4872260503,19,0.11342116564062865,ok,0
3259,3.8014109781829921,2349719.955294122,35,0.12746384787660314,ok,0
3260,3.6784749475871856,2267725.2931199414,41,0.12412399452643091,ok,0
3261,6.7969419735492513,3768004.7150284536,20,0.10884197280688979,ok,0
3262,3.3183705065825841,2142731.0761223878,40,0.12324239569354489,ok,0
3263,6.1560805555936504,3590643.3041858654,21,0.13878755618658867,ok,1
3264,4.6422867814386155,2798038.8762947805,26,0.14101152462882491,ok,1
3265,4.4435941556320095,3738895.5846535782,17,0.12382753896162957,ok,0
3266,4.0143979574002913,3609530.394106809,20,0.10765860430678098,ok,0
3267,5.6158059697462255,3636266.5848904378,19,0.15215938643328614,ok,1
3268,6.2600491308934698,4265694.1162345381,12,0.10323600310353748,ok,0
3269,6.1281106058034043,3609009.9420784363,25,0.152012603857758,ok,1
3270,4.3563254285059543,2678205.3747857241,34,0.10708071555464949,ok,0
3271,6.7802993920299182,3594334.5380098037,21,0.10988821389009018,ok,0
3272,6.2476261778796651,3617128.3684819611,21,0.14575548754764067,ok,1
3273,3.432816799154828,4064750.658874,11,0.15358588736003032,ok,1
3274,4.4651620670426766,3905123.4338319255,10,0.15921712048668579,ok,1
3275,3.099482616056235,2142731.0761223878,43,0.12868469231773261,ok,0
3276,7.7486118634410204,4635220.4541716566,12,0.13168661842441576,ok,0
3277,5.3283165262045804,3586454.1676233546,19,0.12489360891885704,ok,0
3278,5.2363786452080019,3673063.011586918,17,0.11344326900501722,ok,0
3279,5.6059591539480298,3749313.4349235804,19,0.12951509179918136,ok,0
3280,3.6013753986241932,2349511.4431106183,41,0.11979150667877655,ok,0
3281,5.7589777011828831,3625294.7021513502,19,0.14769886329820758,ok,1
3282,5.0947917732503951,4037923.4055577046,17,0.14438499531520932,ok,1
3283,5.9718139418961735,3765483.3781768274,24,0.093608385617208967,ok,0
3284,4.5244806131851254,2581618.0750895645,32,0.12840672582122659,ok,0
3285,6.3387863117855039,3632941.4324048189,18,0.15358373424658472,ok,1
3286,3.0469203749385083,2008285.8541831209,41,0.13420370508156987,ok,0
3287,4.5746501506648478,3680665.8005836271,19,0.1094417977651419,ok,0
3288,8.0310845806923243,3606157.1894199648,13,0.13197746169855529,ok,0
3289,4.2680941686089273,3635524.3793472219,20,0.12105408065960177,ok,0
3290,4.2266940610143289,3607649.7835007282,20,0.11912002926089504,ok,0
3291,5.3053328945952831,4191473.6853057407,8,0.125,ok,0
3292,9.8103437897423813,4213764.8920063023,13,0.10189520015864317,ok,0
3293,7.4552209905764322,3756995.1786277625,16,0.15222208518026115,ok,1
3294,3.4635581103812538,2267725.2931199414,42,0.16190633926283804,ok,1
3295,6.6336585644678596,3606129.7510399264,20,0.14562655852613782,ok,1
3296,5.3846174668122098,3778110.4513969459,20,0.13801461860801534,ok,1
3297,3.0904603527586572,2416638.8374307705,29,0.14993059252895108,ok,1
3298,3.261950143633142,2142731.0761223878,40,0.12148696981558638,ok,0
3299,5.8646065418103532,3619322.6836992903,20,0.11977085433561141,ok,0
3300,5.663147365677891,3616175.8739617527,23,0.11991954478069689,ok,0
3301,9.4321482707653423,4026713.5968341418,17,0.11382810596274762,ok,0
3302,4.6455042495840679,2357307.6858878741,34,0.13226475761276346,ok,0
3303,3.8847889785332037,3716253.5586769558,18,0.11031156778305018,ok,0
3304,4.5190521736628462,3598074.8543264223,21,0.10176915599876135,ok,0
3305,3.718603157672776,2581618.0750895645,31,0.14555243784014069,ok,1
3306,3.5250675461603831,2090177.9550635067,40,0.11328220315898413,ok,0
3307,4.7200115809581789,2349719.955294122,37,0.12461814891213041,ok,0
3308,4.0827355033505812,2342560.3317427742,33,0.13176950524959286,ok,0
3309,5.825216211076242,3638188.8000369077,22,0.12139730700246243,ok,0
3310,3.8491732603279023,2342560.3317427742,41,0.11926566583161458,ok,0
3311,8.5635337711019019,3661894.6099879583,13,0.14474301386096278,ok,1
3312,4.8785970901210405,3754980.8189971349,19,0.076979095526956587,ok,0
3313,5.8483951000514933,3821013.9204614586,14,0.13386461554819673,ok,0
3314,4.2562793645426478,2581618.0750895645,33,0.13890262379033469,ok,1
3315,3.7365156200815202,2349719.955294122,31,0.10791557366369486,ok,0
3316,3.8737560539002489,2349511.4431106183,36,0.13164643302574655,ok,0
3317,3.5515753874470328,2267725.2931199414,40,0.11183679564350824,ok,0
3318,3.4141148873316536,2008285.8541831209,45,0.13844395883881333,ok,1
3319,5.3777063296401835,3931164.135307475,11,0.14698841699710813,ok,1
3320,8.0913602963071334,4636440.8662287099,11,0.12802133103995583,ok,0
3321,2.6353615006605482,2008285.8541831209,41,0.23737474194650587,ok,1
3322,6.2482821331105232,3689787.292302982,23,0.13931739208264943,ok,1
3323,3.6028364666980712,2342560.3317427742,37,0.14239085461688478,ok,1
3324,3.1685846898760244,2090177.9550635067,42,0.14759352556598468,ok,1
3325,5.0276869232733459,3722483.9687586562,19,0.13500502037339634,ok,0
3326,3.3753878835644966,2342560.3317427742,38,0.11924886565325377,ok,0
3327,3.9034091094061636,2581618.0750895645,29,0.11839985082344506,ok,0
3328,10.452505499367598,3823803.4736562823,9,0.11598768423470929,ok,0
3329,4.5587163720693109,3618166.8695225087,18,0.10842942648486692,ok,0
3330,3.8804965197152348,3859975.1494066189,22,0.072515548848311795,ok,0
3331,7.2824361877356498,3615113.31114941,19,0.13471982215553169,ok,0
3332,6.2184273918002395,3618515.3900170433,17,0.10957248348589677,ok,0
3333,5.5829367867821418,3602841.2340053474,16,0.11488670574291227,ok,0
3334,4.8015205461066781,3607811.4998992477,23,0.10444722007033969,ok,0
3335,3.2705315250325793,2267725.2931199414,41,0.14094513222070471,ok,1
3336,3.4077038914103683,2267725.2931199414,44,0.10581666411958079,ok,0
3337,6.789244553558988,3588070.8356688535,17,0.10994985936239543,ok,0
3338,3.7730324904066599,2349511.4431106183,38,0.12015595282413027,ok,0
3339,5.113652256016068,3722648.5926704062,14,0.096838900873149614,ok,0
3340,6.1528982512758708,3711044.9512759522,19,0.096821472773646167,ok,0
3341,5.4052433678546175,3858717.6245979965,11,0.14729655989918622,ok,1
3342,3.1796645771166454,2090177.9550635067,41,0.17714389649701379,ok,1
3343,5.870344682292238,3612005.0893794736,23,0.16705211973608514,ok,1
3344,3.4883497542098767,2342560.3317427742,39,0.11222081368702583,ok,0
3345,4.6162223678596987,2581618.0750895645,32,0.13355334703772437,ok,0
3346,5.6076486988932279,3731003.4802138289,14,0.11935470407689636,ok,0
3347,6.2200621731485679,3591915.8496460109,19,0.12022974006196563,ok,0
3348,3.86146087309056,2581618.0750895645,39,0.10377347912747292,ok,0
3349,3.4538364270262241,3809362.5941494079,20,0.12420072710554184,ok,0
3350,5.6042394317304653,3676031.2851834819,15,0.12179900927345383,ok,0
3351,7.0377369910082015,3603493.7521720622,24,0.085461989116483117,ok,0
3352,5.0048719144598399,3591779.0627928358,20,0.12033672049838107,ok,0
3353,4.4738912814245246,4025026.2864433588,13,0.079440094740482525,ok,0
3354,3.5355008722746781,2142731.0761223878,44,0.13827601833013003,ok,1
3355,5.6335614028909005,3261364.380769941,26,0.19587315532115299,ok,1
3356,3.6914633973385205,2342560.3317427742,36,0.11452724144914395,ok,0
3357,4.0606444847839587,2772356.9728852585,28,0.14453902079958281,ok,1
3358,7.5204167992309428,4127228.928080624,14,0.14518339952490561,ok,1
3359,4.8964475662205151,2980790.4908226882,25,0.15461631119111507,ok,1
3360,6.9823028610896847,3862315.278038214,17,0.090156873464872139,ok,0
3361,4.6745223192530521,3865811.3272427083,10,0.14149343894252936,ok,1
3362,3.4260360042312588,2142731.0761223878,40,0.13868131770982015,ok,1
3363,2.9128911370552801,2142731.0761223878,45,0.11962198087833409,ok,0
3364,15.937623865574219,5263656.5714947432,10,0.14207812731414099,ok,1
3365,9.943233382495281,3641300.0569050005,19,0.14556046348669971,ok,1
3366,3.7122018846538003,2342560.3317427742,39,0.15382576068503739,ok,1
3367,5.6810590654415023,3631407.2938519707,22,0.15035174671126073,ok,1
3368,5.0046029183350695,2772356.9728852585,35,0.12922870503000761,ok,0
3369,3.6104528797251048,2090177.9550635067,44,0.12831171781919409,ok,0
3370,6.6113509350215196,3592470.0744108595,17,0.13593626932353309,ok,1
3371,3.4937910773299099,2090177.9550635067,46,0.13874876172812617,ok,1
3372,4.6849177225022167,3868097.1833923492,11,0.12193333766720904,ok,0
3373,4.0707075424402976,4802027.8633386241,7,0.17261656076307264,ok,1
3374,3.4954390143601839,2349511.4431106183,40,0.12185108106714959,ok,0
3375,8.3786692184938687,3733705.8484848263,18,0.13752508699053909,ok,1
3376,5.8933342119488774,2954199.3212936129,23,0.12473510378332364,ok,0
3377,3.6836119169693822,2349719.955294122,36,0.10024872672802754,ok,0
3378,5.0710987383420942,3745828.3019875917,22,0.12614004705604698,ok,0
3379,3.8543757038658675,2267725.2931199414,41,0.11031518301483231,ok,0
3380,4.2496027797514762,3618887.3922778787,19,0.1230152572316664,ok,0
3381,4.9522951492145761,3787343.8681492303,12,0.11056415762438224,ok,0
3382,6.0279539654225118,3647657.9805405759,26,0.11049294988886593,ok,0
3383,4.6314445270714035,3604512.4435418015,17,0.10866560671122275,ok,0
3384,8.9624350069131715,3588058.6524933535,21,0.11912943182030111,ok,0
3385,4.6788426043631777,4070356.6438646391,10,0.10777194271760016,ok,0
3386,5.9508869466469188,3588313.7720745555,19,0.14719544688737451,ok,1
3387,6.3323644877854832,3903235.8874417162,10,0.11305553544479241,ok,0
3388,4.1398580533519374,2581618.0750895645,34,0.14171245296819424,ok,1
3389,8.7997148189451693,3632549.0009239493,18,0.18501731200125127,ok,1
3390,5.1076602933889639,3650496.8560055108,20,0.1136107996332999,ok,0
3391,6.3247503221491206,3615570.9135514554,25,0.10875718461053541,ok,0
3392,6.1218775484890635,3908882.5868534041,17,0.1200821262417413,ok,0
3393,6.5600432524081116,3619347.2333471156,21,0.16613615594054287,ok,1
3394,8.6744055120297912,4167057.7297139056,13,0.11453923519990805,ok,0
3395,3.6458372864866075,2628545.6714319899,34,0.13959235841603013,ok,1
3396,6.2917674786082545,3607867.182581713,17,0.11265324482597183,ok,0
3397,3.5473691558573606,2142731.0761223878,46,0.15970595709702037,ok,1
3398,5.1796324395724662,3932058.3782907417,10,0.12521068882223141,ok,0
3399,9.5476198681957012,3627436.905130018,16,0.14090791099309197,ok,1
3400,3.6006380212931117,2267725.2931199414,43,0.1431860786107918,ok,1
3401,3.4442633673585483,2267725.2931199414,42,0.17427939057041197,ok,1
3402,6.7931087547502393,3630943.9883300802,17,0.12647793129296525,ok,0
3403,5.7859382534259272,3591247.1210867912,24,0.11239346092110777,ok,0
3404,5.616114626055202,3649242.7169439844,16,0.13605872668100938,ok,1
3405,5.891105140312316,3604848.1786541664,29,0.13341389789942848,ok,0
3406,5.6254277209982746,3653216.495120361,20,0.12687228604751694,ok,0
3407,9.4924788025931637,3798872.2241945453,20,0.18626966495512531,ok,1
3408,4.8816562068584926,3892171.4254928641,12,0.14292772819535648,ok,1
3409,3.5395013393199548,2349511.4431106183,41,0.12361389500586081,ok,0
3410,3.6732850343872721,2090177.9550635067,42,0.14821346076926539,ok,1
3411,4.9407368700832865,3606353.8240905241,20,0.10610036185290136,ok,0
3412,4.5200429148678598,3689995.940550148,19,0.10960042341601595,ok,0
3413,6.9449890924684112,4305513.8327979082,15,0.12108771393480844,ok,0
3414,4.083231369442089,2786813.40424396,32,0.14472945536905479,ok,1
3415,4.3074294216704825,2628545.6714319899,33,0.12711094964562086,ok,0
3416,3.4175775495987977,2349719.955294122,33,0.10430618770946509,ok,0
3417,3.0006353559114021,2090177.9550635067,40,0.11754207650338233,ok,0
3418,5.1596604343663,3733152.8687839983,16,0.1361375867565463,ok,1
3419,9.5641307842250125,3600886.5622904403,22,0.11241405533045151,ok,0
3420,6.6489667929932024,3875467.2148800595,15,0.14454351803663407,ok,1
3421,5.4362930246023593,3625724.1760151763,18,0.099948292505103953,ok,0
3422,7.8609233688258193,3799748.8409853526,18,0.15365840335719205,ok,1
3423,4.1671335686221225,2342560.3317427742,41,0.15450740552726505,ok,1
3424,6.3034388892337772,3623836.9601615136,17,0.137253789470275,ok,1
3425,6.0256527576177259,3734891.6627822565,17,0.1670114514202308,ok,1
3426,5.2809928079422912,3683482.6059772777,14,0.094123637206882882,ok,0
3427,4.7330383300920342,3598241.9969092449,22,0.10291766549625397,ok,0
3428,9.1723418522374409,4241677.0266907793,13,0.086797653476977488,ok,0
3429,5.2302313400353491,3701475.4506369694,17,0.13968935133555138,ok,1
3430,4.9981773297460386,3774973.1647924762,13,0.10759500056436616,ok,0
3431,4.8815147320535912,3648483.4412191347,20,0.1262154427619776,ok,0
3432,3.1986918554116626,2142731.0761223878,44,0.14306114839862194,ok,1
3433,4.1299718516005344,3158053.4917109548,23,0.13043478260869565,ok,0
3434,6.6184869020862669,3586325.0061345315,23,0.1482747859517678,ok,1
3435,3.426966200886477,2342560.3317427742,45,0.12595440926528548,ok,0
3436,4.0408791255256835,2342560.3317427742,40,0.15610521455330628,ok,1
3437,5.4001785579027235,3597185.3722022888,23,0.090251179839548001,ok,0
3438,5.8918780953178143,3721966.2318458944,18,0.12272209223805153,ok,0
3439,8.7322010646977475,3719155.7703366871,17,0.10292977258078637,ok,0
3440,5.6415574530390922,3608108.018052347,21,0.11207681669196357,ok,0
3441,4.696957311876,3870356.3688148255,10,0.16129940622554351,ok,1
3442,6.5487978468907055,3611348.7367989365,25,0.10336758697753146,ok,0
3443,4.1850437658190174,2581618.0750895645,34,0.09735893005215962,ok,0
3444,5.6080753922090123,3599040.9855874968,25,0.11780161059516681,ok,0
3445,2.9234634890397464,2090177.9550635067,45,0.12086577376253282,ok,0
3446,4.8469707656387051,3607997.7675756076,21,0.1338857655997473,ok,0
3447,7.8504825989409825,3598254.9612915558,28,0.10346157357771069,ok,0
3448,5.7958104339393426,3607756.8315678458,22,0.12483337096071589,ok,0
3449,6.9393407706680703,3603512.9259122983,18,0.11671303651828513,ok,0
3450,6.7715877989875715,3603547.2149929879,18,0.089982924237361012,ok,0
3451,4.1521692766946208,2342560.3317427742,36,0.12130117405633564,ok,0
3452,6.6900843554433012,3959823.8260824336,17,0.16244698881847805,ok,1
3453,6.7370400579891658,3628774.7171276286,21,0.12074797213092997,ok,0
3454,8.3199829905241387,4199092.6034256425,11,0.10261992403355213,ok,0
3455,9.2639930375117157,3587325.4399280227,17,0.13012025800347138,ok,0
3456,6.1227485264280945,3614888.7487652735,20,0.13864446724518065,ok,1
3457,3.3941098463697048,2142731.0761223878,44,0.14399285547453,ok,1
3458,3.6847722268974485,2090177.9550635067,38,0.13790650369013221,ok,1
3459,3.9171194538896179,2609060.0868099569,40,0.15505627936615646,ok,1
3460,7.3601930821038719,3611833.0141155436,16,0.094129619999706593,ok,0
3461,3.0870060389402485,2142731.0761223878,36,0.14253540140337681,ok,1
3462,7.3408939172527505,4027519.0042823148,9,0.11817841809320073,ok,0
3463,4.8107174533286496,3158053.4917109548,25,0.14485064799960723,ok,1
3464,6.6434192054246948,3628993.6462854631,18,0.13466840137105685,ok,0
3465,7.6545133739701976,3625394.5744192279,16,0.15493463183095635,ok,1
3466,3.8189750300161336,2090177.9550635067,42,0.13197335314026887,ok,0
3467,6.6493222712449187,3588621.1174146021,19,0.092960473796511345,ok,0
3468,6.2801594556001961,3813593.4635509811,12,0.11690982056447868,ok,0
3469,5.3501606998504263,3596237.944058483,24,0.12270113035966995,ok,0
3470,3.433057819932769,2267725.2931199414,39,0.11022126738695359,ok,0
3471,3.7442899674566026,2267725.2931199414,43,0.16101512400768181,ok,1
3472,3.5754540981836458,2609060.0868099569,31,0.080279548270898171,ok,0
3473,3.5028232496444871,2142731.0761223878,39,0.12309000786709418,ok,0
3474,5.4895105072868677,3908673.3718476081,15,0.089408024040744993,ok,0
3475,4.0297022747990319,2378837.9975668644,31,0.13518384502260394,ok,0
3476,4.1343557828787132,2349511.4431106183,39,0.11679331738194021,ok,0
3477,3.4545115972661864,2142731.0761223878,42,0.13531064624129202,ok,0
3478,6.0933225306616485,3720883.4130015657,19,0.10071235296827313,ok,0
3479,5.4217769157207671,3666850.8665780392,20,0.15834788029322155,ok,1
3480,5.350103294379096,3634426.2822034736,20,0.11898004625761627,ok,0
3481,3.0468848539190887,2090177.9550635067,46,0.11947716454222423,ok,0
3482,4.0918231781663295,2581618.0750895645,40,0.14085562225399134,ok,1
3483,5.6874447009850808,4051444.8248985391,12,0.13173175827311745,ok,0
3484,4.8328637817880287,3624305.1265392252,19,0.11718659882934918,ok,0
3485,5.5369558687739406,4310998.1845309027,10,0.15465572161162078,ok,1
3486,3.0791219343304177,2142731.0761223878,36,0.15452297445320826,ok,1
3487,4.7984926681106579,3706048.4127093353,15,0.09766714843852474,ok,0
3488,3.0373884802460807,2142731.0761223878,39,0.24140871802019115,ok,1
3489,5.1373580100387031,3794285.8422583658,14,0.14449102707939571,ok,1
3490,3.6768537253494107,2008285.8541831209,41,0.12423871660396879,ok,0
3491,4.8700847535011604,3915374.0090721385,13,0.18012927407122292,ok,1
3492,4.975825153475232,3587322.7239942425,21,0.12222935429242288,ok,0
3493,4.8987677036366115,3626628.1621772023,19,0.12139130758117606,ok,0
3494,4.1960654902184338,2267725.2931199414,40,0.1111778765181316,ok,0
3495,4.7454137115006088,3655288.6345376419,23,0.07785727832125533,ok,0
3496,3.4154069020107345,2090177.9550635067,46,0.14522140708618114,ok,1
3497,4.2868941494624897,3743746.6232582503,15,0.12082586315768368,ok,0
3498,3.7159354411913741,2342560.3317427742,38,0.13029941558718225,ok,0
3499,5.9486120673502665,3624791.1763793239,23,0.094375822715179303,ok,0
3500,5.1248533592131222,4247286.5209317347,20,0.13684406239559593,ok,1
3501,6.3835279638770128,3586346.7613882911,25,0.099541937547964365,ok,0
3502,4.4418043592947161,3980893.0758193554,8,0.13344983031704183,ok,0
3503,3.3605429629605226,2267725.2931199414,40,0.14656031776231759,ok,1
3504,3.6926810287685075,2628545.6714319899,33,0.13267023015636031,ok,0
3505,3.0935080262235277,2090177.9550635067,41,0.14079224142734004,ok,1
3506,3.0809990532424862,2008285.8541831209,47,0.159771755743915,ok,1
3507,8.06121225910249,3664367.9613108388,22,0.12093437877775906,ok,0
3508,3.623844400883272,2267725.2931199414,41,0.11012072666270023,ok,0
3509,7.2256973751600677,3971253.915660785,17,0.14651371921275935,ok,1
3510,4.2208292623767401,2581618.0750895645,27,0.1412129486607604,ok,1
3511,5.4529364348466336,3626939.3730956367,21,0.15809738536071843,ok,1
3512,6.5547390369162173,3601863.7120166309,22,0.12426422295781336,ok,0
3513,3.0576145076506887,4326650.6913643284,6,0.18700876200114264,ok,1
3514,4.710288938832476,3720446.2374213422,15,0.12829873738348951,ok,0
3515,3.8416147367434954,2581618.0750895645,36,0.10107751523186392,ok,0
3516,3.6915806244393581,2349511.4431106183,42,0.16358267414559224,ok,1
3517,3.7993599584998652,2773471.102127803,28,0.15592621077320018,ok,1
3518,4.7695762360046672,3849253.8533963342,13,0.15055830100865308,ok,1
3519,3.6122254084733534,2342560.3317427742,40,0.14531561780212496,ok,1
3520,3.3614975601681745,2142731.0761223878,41,0.14108813200204268,ok,1
3521,4.9377878873471879,3628162.091933331,19,0.10174555262348439,ok,0
3522,5.8883504072633013,3604853.2711167452,21,0.15323249853839971,ok,1
3523,5.5762778481279751,3776934.675579913,18,0.13612685758235199,ok,1
3524,4.0205174524126637,3694712.8570259288,18,0.10944719658850199,ok,0
3525,5.4367428199490417,3731483.5963147446,18,0.098466984606268432,ok,0
3526,6.1170955910842384,3663008.5419958583,26,0.077097242513836373,ok,0
3527,5.8515772211190082,3592906.6987835951,24,0.090492735625241072,ok,0
3528,3.3550240984794089,2342560.3317427742,41,0.091756802520715275,ok,0
3529,5.5619832113082373,3656485.3027818347,18,0.083886564094102334,ok,0
3530,7.2490258835529797,3938563.9303968316,18,0.12065027184337707,ok,0
3531,4.9900789097913112,2581618.0750895645,32,0.1237538631926095,ok,0
3532,4.6948542503384658,2581618.0750895645,29,0.13961309108889519,ok,1
3533,7.1642208172065596,3614044.9428472426,21,0.088102332774290582,ok,0
3534,4.8171992423418519,2581618.0750895645,32,0.1226175089537237,ok,0
3535,4.1976537859015375,2609060.0868099569,36,0.12405073602933547,ok,0
3536,7.8364281032027492,3618713.8915956672,15,0.12479740219216978,ok,0
3537,4.0166522093079013,2349719.955294122,31,0.11232509993406387,ok,0
3538,6.6839235640366512,3597522.8448812868,23,0.13864185912963795,ok,1
3539,5.536241560276312,3752244.2266117204,12,0.16920585554620371,ok,1
3540,6.3712208639516481,3663614.8205807745,24,0.12390412597282097,ok,0
3541,4.282553232489156,2581618.0750895645,26,0.12524586313538544,ok,0
3542,2.9379690495314366,2090177.9550635067,37,0.1652009267762905,ok,1
3543,5.0219022254839532,3755603.0389143489,16,0.11801718046892318,ok,0
3544,5.8113854816165844,4163475.8315890804,7,0.17624379521169031,ok,1
3545,4.1139070172347489,2267725.2931199414,39,0.10611097761006977,ok,0
3546,6.3569308758546086,4095371.3292809147,14,0.11509423955451681,ok,0
3547,3.8705353873457686,2267725.2931199414,46,0.10437384280934936,ok,0
3548,4.6179537060128073,3970445.5820952775,12,0.088853715546541687,ok,0
3549,3.4487760088177537,2090177.9550635067,41,0.15778916713612562,ok,1
3550,3.786870727619096,2267725.2931199414,44,0.13319240140719157,ok,0
3551,3.4897580810923752,2267725.2931199414,37,0.13097876168172723,ok,0
3552,3.9660775677317934,3261364.380769941,23,0.11811440472510495,ok,0
3553,3.8524790541215808,2349511.4431106183,31,0.12652481474934787,ok,0
3554,5.5477584892680394,3611447.3215011503,25,0.13520287599337988,ok,0
3555,3.0058020396097747,2142731.0761223878,40,0.11871859015751111,ok,0
3556,9.9469524417184072,4845049.6597782252,8,0.14967987016185147,ok,1
3557,4.3756730123434577,3679714.081874039,21,0.15108261108363064,ok,1
3558,8.6382665430656864,4062375.1213868656,12,0.12671830008857402,ok,0
3559,5.5881763170423744,3657858.9943431802,20,0.12948327173129928,ok,0
3560,5.7528925781525198,3723354.282300429,17,0.12659796808874074,ok,0
3561,6.6734415526135207,4071622.3786728191,15,0.13489460985429669,ok,0
3562,3.4919552665521474,2349511.4431106183,40,0.127645624188925,ok,0
3563,4.191950057248377,2267725.2931199414,45,0.125065422542117,ok,0
3564,11.675057773361905,4617631.6147703007,12,0.18182862648541553,ok,1
3565,4.577152416598036,2773471.102127803,36,0.13561172346711761,ok,1
3566,5.2668375921110764,3747706.8158716168,18,0.11340515068299925,ok,0
3567,3.9448085519109775,2349511.4431106183,42,0.14362401328191543,ok,1
3568,7.027795254384503,3943649.621232735,11,0.14527089684232419,ok,1
3569,4.6283026891224228,3959909.3453031713,13,0.10555539835879746,ok,0
3570,3.3066729389156979,2090177.9550635067,42,0.12904551898396244,ok,0
3571,6.8093160582287782,3605864.5376084698,19,0.098959791983997292,ok,0
3572,7.1664689830030808,3826627.4415132417,13,0.11860047666622286,ok,0
3573,5.9214147090475375,3591108.5077410289,19,0.085117430455270149,ok,0
3574,3.0954520701907775,2142731.0761223878,46,0.17049054611359094,ok,1
3575,9.1207727068674576,3586985.1409270829,24,0.10166385535143307,ok,0
3576,3.235462634998957,2416638.8374307705,36,0.10946939782886735,ok,0
3577,8.2802565883035086,4038625.3314962881,19,0.14191802181731605,ok,1
3578,4.1334961557208239,2342560.3317427742,38,0.13091994654337832,ok,0
3579,6.2079725505112018,3703828.7113671121,26,0.10937913834651125,ok,0
3580,3.0499443192561619,2008285.8541831209,41,0.13951887218038528,ok,1
3581,3.2719702637499868,2267725.2931199414,40,0.16004756250094065,ok,1
3582,7.1229503989246128,4200893.0075797923,14,0.13297329198573421,ok,0
3583,3.4822864724584042,2267725.2931199414,40,0.14270613390295828,ok,1
3584,5.3766323324689074,3626982.2872972018,21,0.14203418333487638,ok,1
3585,3.78975409943765,2349511.4431106183,39,0.15855795013940321,ok,1
3586,4.4032008742605147,3591163.1358049894,17,0.097198361728471933,ok,0
3587,3.5366456057146269,2349719.955294122,36,0.12239426808167142,ok,0
3588,4.4185324089723457,3815396.7965432918,11,0.11333352676165181,ok,0
3589,5.0824426539314516,4233660.661183116,12,0.13310336009845342,ok,0
3590,7.6498864790375105,4127841.5508220377,13,0.11858667371103043,ok,0
3591,3.435184955569913,2267725.2931199414,45,0.12017983053353154,ok,0
3592,2.5325167607326557,1711514.1648443609,47,0.18008971385967634,ok,1
3593,9.2282547583543497,3953708.4378262046,14,0.18796861693401101,ok,1
3594,3.3171758367490614,2267725.2931199414,41,0.11943506767627832,ok,0
3595,3.8318377797183421,2609060.0868099569,34,0.12340063936035695,ok,0
3596,4.5267688536838495,3602359.8044830011,22,0.094327215135067866,ok,0
3597,3.637016876274664,2267725.2931199414,43,0.10959338506262961,ok,0
3598,5.1305883333001541,3586428.8303934936,22,0.11925369385599416,ok,0
3599,4.1950866321500495,2581618.0750895645,36,0.13685156604964754,ok,1
3600,3.6609727351621566,2349511.4431106183,43,0.13283581750072659,ok,0
3601,4.9761328092554233,3598000.9970746674,23,0.086934900481357769,ok,0
3602,4.522151594367946,3961189.1773866373,12,0.13952423168092348,ok,1
3603,5.2220555959139237,3676629.4027545513,20,0.15100114437364198,ok,1
3604,3.7434137941762815,2267725.2931199414,42,0.14938870726614628,ok,1
3605,3.5267650455323554,2267725.2931199414,40,0.11570041640888951,ok,0
3606,4.3992836832353071,2609060.0868099569,43,0.11138910105600197,ok,0
3607,5.9865791631542686,3692503.4177280837,17,0.12457567462049923,ok,0
3608,3.5474654739054943,2090177.9550635067,39,0.17552777628675653,ok,1
3609,8.0228722702973734,3708820.6626678943,20,0.077947790371548642,ok,0
3610,3.6301435682078851,2581618.0750895645,37,0.089873673413191801,ok,0
3611,3.2685882620730244,2008285.8541831209,41,0.17943211472730358,ok,1
3612,6.9809683132402025,3601974.5396381482,22,0.11876701188703692,ok,0
3613,6.8984634159772371,3601903.7400522819,25,0.18887408944621331,ok,1
3614,3.9369564376488833,2581618.0750895645,29,0.13962937940842296,ok,1
3615,4.5823840935866063,2984801.2881630221,25,0.1127489307178412,ok,0
3616,6.2026725824161018,3805935.8345707441,20,0.093079565704073775,ok,0
3617,5.315494021201209,3651173.7806663546,19,0.13253512650532784,ok,0
3618,4.6120639788348026,3660738.6915034922,17,0.12409541855123818,ok,0
3619,5.2257088139758832,3632127.9248685031,15,0.138748254762595,ok,1
3620,4.1207264798322552,3719155.9148498974,16,0.10162158138534316,ok,0
3621,6.4199802556772179,3604089.4248568737,25,0.16066560848567707,ok,1
3622,8.4946478917454797,3787386.9501127428,14,0.1054114989110343,ok,0
3623,4.3190739800319715,3941995.8949154331,13,0.094001641026720706,ok,0
3624,3.7971787865238036,2267725.2931199414,43,0.12824333780083763,ok,0
3625,3.7021205023140662,2267725.2931199414,37,0.10519543795960334,ok,0
3626,5.2212796778353354,3693878.8328873143,23,0.13322953807189825,ok,0
3627,3.5902769803634556,2267725.2931199414,43,0.14019438237073834,ok,1
3628,4.2503764614278818,2267725.2931199414,33,0.14496957489506834,ok,1
3629,4.2119154501548302,2581618.0750895645,38,0.14057840490441581,ok,1
3630,5.2881950378498628,3854337.2147337385,18,0.091263985496930267,ok,0
3631,3.0873216761935152,2090177.9550635067,46,0.11980735645949425,ok,0
3632,4.2776101182308679,3651502.1440649615,26,0.096113780445572922,ok,0
3633,11.915181637440774,4010614.0933611291,12,0.11703333709140085,ok,0
3634,5.3427150017433558,3659724.5383780045,21,0.14353935919193817,ok,1
3635,5.7022655603800869,2773471.102127803,28,0.18891575700213831,ok,1
3636,4.3462704974550661,2349511.4431106183,33,0.11018799051439954,ok,0
3637,5.0703098410384797,4077207.4883950036,15,0.13942935297487677,ok,1
3638,5.1925390940096054,3803384.426064027,16,0.10805578643124036,ok,0
3639,7.5015447274867055,3742574.5699873273,18,0.14783110300106242,ok,1
3640,3.5637510955330409,2349511.4431106183,34,0.14997348728528065,ok,1
3641,5.5207026218785371,3686915.6029345435,14,0.13116411707689696,ok,0
3642,5.2044294919448761,2980790.4908226882,27,0.13557501484190876,ok,1
3643,3.7083038209002237,2267725.2931199414,41,0.16023207658656924,ok,1
3644,5.7414877866638347,3685128.124025207,19,0.11716336395003846,ok,0
3645,5.987657186678633,3635989.4838943793,11,0.14914262179200621,ok,1
3646,5.7752787540560702,3649372.7613992454,23,0.081734063822970549,ok,0
3647,9.2837740076263398,4093198.8890520483,15,0.10663431136871582,ok,0
3648,5.4305290791049297,3610662.2770591574,21,0.095484584920705107,ok,0
3649,3.8968047247100657,2267725.2931199414,39,0.10795298856097107,ok,0
3650,5.242562236846263,3667731.385343411,18,0.11615402844828515,ok,0
3651,7.0969435394863307,3658149.3173776614,18,0.12332555408489104,ok,0
3652,8.1871933960040408,3883501.2077443167,18,0.1043166111081682,ok,0
3653,6.7246301059501397,3774036.5522083496,17,0.13903350287599914,ok,1
3654,8.6963873049727312,3615713.5747628929,20,0.1217741676863624,ok,0
3655,4.9786944247343641,4144796.5270439587,17,0.12661537507220033,ok,0
3656,5.0723319681168126,3734001.2007297077,19,0.12296300196598564,ok,0
3657,4.6419861789987742,2581618.0750895645,31,0.12141246246079751,ok,0
3658,3.7664891850105029,2342560.3317427742,43,0.10026696721719566,ok,0
3659,6.3548911185655168,3614325.8481360767,21,0.092221556780881564,ok,0
3660,5.1422725168488217,3261364.380769941,24,0.16553402731009767,ok,1
3661,5.2452273128932489,3606140.6374996705,21,0.14232009220735065,ok,1
3662,3.559058794640829,2267725.2931199414,40,0.10160294715157758,ok,0
3663,3.227169201885622,2349719.955294122,42,0.1176678996773336,ok,0
3664,3.3531252363997952,2349511.4431106183,35,0.12876881338037016,ok,0
3665,4.5006260080483216,2581618.0750895645,34,0.13232733058840851,ok,0
3666,3.6816753720918829,2581618.0750895645,33,0.10102141568000389,ok,0
3667,4.7756327804402261,3738836.9310742426,16,0.10382388443533319,ok,0
3668,3.3957580448208806,2142731.0761223878,37,0.13828556026833905,ok,1
3669,3.6032028288826137,3833323.2757697585,20,0.11289425991302565,ok,0
3670,3.7420715151403212,2342560.3317427742,37,0.15376104913153205,ok,1
3671,4.8553439732963186,3640697.9769734042,22,0.11962039481175679,ok,0
3672,3.6959033590033896,2267725.2931199414,42,0.0911542861908754,ok,0
3673,3.5257656591107756,2267725.2931199414,44,0.12568213812966711,ok,0
3674,4.8511280380740782,3639470.8221942261,22,0.17967687948518063,ok,1
3675,3.2891081836843807,4182571.7482556254,10,0.13652732776355314,ok,1
3676,4.7611893490059032,3641370.8999082213,22,0.15971501787500658,ok,1
3677,4.0527711960234543,2581618.0750895645,39,0.15150659310935055,ok,1
3678,3.5132021436355827,2142731.0761223878,37,0.14918976901628744,ok,1
3679,8.9388001850521412,4844781.3686809484,10,0.1371669954820619,ok,1
3680,7.9469344345673427,3917311.6283667875,15,0.13261318550889412,ok,0
3681,6.9110310884178539,3923682.6049917941,14,0.10760680703274567,ok,0
3682,5.4767288968198367,3592341.9655100331,22,0.094715968318998311,ok,0
3683,5.6727934431100007,3595421.7108395034,27,0.12512158693954728,ok,0
3684,9.8477706496217472,3594054.1758073797,17,0.14595760132627766,ok,1
3685,5.8863040909067887,3917098.5079953014,18,0.1149893724879707,ok,0
3686,5.2321747271499781,4123949.7185969139,13,0.10790704377855231,ok,0
3687,7.3912650669169304,3603133.9691423574,13,0.12831630554818946,ok,0
3688,7.5885858708829845,4628529.831875233,10,0.11269521386428116,ok,0
3689,3.2884128731228963,2628545.6714319899,32,0.11675539773875243,ok,0
3690,3.7058900277571052,2772356.9728852585,29,0.097749525910960311,ok,0
3691,4.4910073407589941,3609462.2511081416,19,0.14178410749359793,ok,1
3692,3.7629129339027267,2609060.0868099569,31,0.17852541414627959,ok,1
3693,3.7721225785555079,2267725.2931199414,37,0.15424775785252887,ok,1
3694,6.1672043447219531,3606691.8447992704,19,0.11598874012450899,ok,0
3695,6.0495456465747797,3947812.5883131227,10,0.10000000000000001,ok,0
3696,5.3190277709026663,3610255.765599865,14,0.1302876872503882,ok,0
3697,6.7842433492350214,3835001.4703314742,14,0.10441760105153697,ok,0
3698,4.355618930215778,2581618.0750895645,34,0.11449362829183796,ok,0
3699,3.5287567645805744,2090177.9550635067,44,0.079645877583969793,ok,0
3700,3.3795305833287905,2090177.9550635067,46,0.16135677372012402,ok,1
3701,8.6184450829983703,3653737.6017845948,18,0.16720811951599701,ok,1
3702,4.9604635322581405,3759630.691889694,19,0.12129226801801091,ok,0
3703,3.0687719641016149,2090177.9550635067,41,0.11735132510431132,ok,0
3704,6.6462300488705974,3711867.8521926873,16,0.10919057301136947,ok,0
3705,11.301557433999633,4344999.3174402202,8,0.14410162460045473,ok,1
3706,3.4341230430255458,2349719.955294122,40,0.12727996076241732,ok,0
3707,6.1297327865777014,3749576.7481761072,16,0.10561047304578808,ok,0
3708,8.0885359844202487,3883989.7377216537,13,0.13975848250859713,ok,1
3709,3.7541600548832714,2267725.2931199414,38,0.1467082668611237,ok,1
3710,7.6788662963837755,3627021.1834324352,16,0.10617533059985529,ok,0
3711,6.4419567664398549,4009027.4364410415,13,0.1173045326113531,ok,0
3712,6.2069548641733245,3608138.7270304975,19,0.12607301530298581,ok,0
3713,5.8719561172071577,3717017.4170411993,17,0.10643602858721798,ok,0
3714,6.5500345587429623,3615565.263065509,20,0.1198359598558062,ok,0
3715,4.8159970552127582,3656701.4231654056,26,0.086782834594839486,ok,0
3716,7.4478002369590675,3607417.8684864384,21,0.11785157565628734,ok,0
3717,4.8770248616906891,2581618.0750895645,36,0.12555656402565801,ok,0
3718,5.0284065490033081,3613727.2029172862,17,0.13952028230764002,ok,1
3719,5.622774188932083,3712724.2786037335,16,0.11430729432689746,ok,0
3720,7.7386620620393369,4212881.5106035424,12,0.11237737813500992,ok,0
3721,8.9014214447529891,4113474.7297768998,12,0.15001048503502634,ok,1
3722,4.5708036321414616,2628545.6714319899,27,0.11570187085991557,ok,0
3723,4.7722076346160218,3766400.1217509029,20,0.092876803413681319,ok,0
3724,3.6709608869762382,2581618.0750895645,30,0.10000000000000001,ok,0
3725,3.9703370469489085,2267725.2931199414,38,0.10379367891417809,ok,0
3726,3.3312421137044947,2349511.4431106183,43,0.090954273709332178,ok,0
3727,3.3688360758667115,2357307.6858878741,30,0.10601646894789574,ok,0
3728,6.9583379157383609,3613808.0978069375,18,0.12494280003633318,ok,0
3729,4.974845513299206,3700363.9272897914,15,0.1131189504295016,ok,0
3730,4.6096943704609625,2628545.6714319899,31,0.15045605255416467,ok,1
3731,5.4697657917766573,3585916.7479131995,21,0.12837706163199913,ok,0
3732,4.2661728317906986,2609060.0868099569,32,0.087187209369321783,ok,0
3733,9.7924524839612754,3608349.935275191,16,0.14936998370655519,ok,1
3734,4.0518814306282023,3280705.556872033,29,0.14054390371322134,ok,1
3735,7.0285381676113667,4139380.5947446716,17,0.11662864606022685,ok,0
3736,5.013633285961193,3607778.9122321107,20,0.12293648714268945,ok,0
3737,3.5875273959921472,2342560.3317427742,43,0.13885220090198935,ok,1
3738,7.1822842495964574,3741597.1693342677,20,0.10350095109262036,ok,0
3739,6.5056274649413721,3727798.3062644978,17,0.10340735393284006,ok,0
3740,3.5991683720043772,2416638.8374307705,36,0.13350365185065591,ok,0
3741,6.2561200279364861,3635439.857198061,17,0.12892543075065416,ok,0
3742,6.6801620319023884,3699394.8497822098,15,0.1059707021675737,ok,0
3743,4.1505911682569216,3859734.8726322311,14,0.12395578915641936,ok,0
3744,4.5143177251519546,3771248.194772312,10,0.13078792099967362,ok,0
3745,5.5295071129085862,4288461.5542222494,15,0.12067044450700837,ok,0
3746,3.7367994857562099,2773471.102127803,29,0.099462306510582077,ok,0
3747,4.4465363952311243,3586761.2027367614,20,0.097065800995006835,ok,0
3748,5.1421826014035164,3685052.9081062074,20,0.095719242136577287,ok,0
3749,6.743734600244184,3613942.2713892646,23,0.15015159759572838,ok,1
3750,4.6847218230232315,3600157.4044066248,19,0.089522134934644781,ok,0
3751,8.6280547103000238,4051408.6870340314,15,0.14516910422727058,ok,1
3752,5.9213463395182497,3982786.6979919993,15,0.12461469972560307,ok,0
3753,6.7264869563077205,3620790.9128503967,21,0.16662568437844666,ok,1
3754,3.3798728498902846,2416638.8374307705,33,0.095752808177947624,ok,0
3755,5.0511758787562693,3658024.0567614958,24,0.14176221948866197,ok,1
3756,4.5547508878109024,3586468.221185978,21,0.11414549471643387,ok,0
3757,4.0484320714621811,3721766.175353881,18,0.11641323672773352,ok,0
3758,8.8189551130480481,5003947.3553989232,11,0.14018200658419633,ok,1
3759,5.0369613344750235,3642068.6469355677,19,0.09851094494699042,ok,0
3760,3.8687067830805741,2267725.2931199414,40,0.11861745933179757,ok,0
3761,3.614558367474896,2349511.4431106183,37,0.10616138091633065,ok,0
3762,5.2193448117958567,3607375.8058008896,18,0.11199231603275514,ok,0
3763,4.7662849366130198,3824815.3654955793,15,0.11563345541531422,ok,0
3764,4.4704526415578485,2609060.0868099569,35,0.1442111781266413,ok,1
3765,6.6707250551232118,3606350.1387939556,25,0.09764726327786899,ok,0
3766,3.7031025382092744,2342560.3317427742,40,0.16617157509010144,ok,1
3767,6.2099623404176114,4034787.6822951548,14,0.11336428280102911,ok,0
3768,4.4982338541860853,3719898.3841129178,15,0.13239678203382599,ok,0
3769,3.4239315520654805,2378837.9975668644,37,0.076304436980730306,ok,0
3770,6.4202901885985053,3647732.8843034026,20,0.10092526105314892,ok,0
3771,5.0256750803574661,3595314.8160629864,23,0.12177296961816886,ok,0
3772,5.0658387803608393,4014966.3737970646,13,0.12382110951827657,ok,0
3773,5.1418543056403099,3645441.0070596947,19,0.10644811161107193,ok,0
3774,6.8253947718547483,3614765.5485244477,22,0.14739179051274154,ok,1
3775,5.1537557680766444,3767533.218846784,12,0.13397990774099588,ok,0
3776,2.9533100525995719,2090177.9550635067,42,0.09070246687649125,ok,0
3777,6.2725864898972263,3597586.1408269578,20,0.10837067673079892,ok,0
3778,7.6045870503795454,3630154.8503822843,17,0.16991569460259925,ok,1
3779,3.923619748045176,2581618.0750895645,34,0.095754586023795135,ok,0
3780,8.4973575507506673,3685308.004813381,18,0.14444647330776117,ok,1
3781,7.1610471941530305,3585746.4848055518,21,0.15153509914666041,ok,1
3782,5.7137845003923893,3593027.5112656225,20,0.15012997312564125,ok,1
3783,4.1686605794263727,3755471.979319863,17,0.11450727327144428,ok,0
3784,5.2294898022216767,3592222.446193798,19,0.11756600806293938,ok,0
3785,3.5174313432345619,2267725.2931199414,44,0.12368101640237728,ok,0
3786,2.7131238040373811,2008285.8541831209,45,0.16422629581236858,ok,1
3787,6.6310096963165863,3702767.8471942777,21,0.13671356512664212,ok,1
3788,4.8674212149376759,4038910.1440041158,11,0.13304435714624085,ok,0
3789,7.3219354243152646,4317950.8165451325,12,0.12398307891122044,ok,0
3790,17.795999869253418,4519848.417430196,9,0.15246552845961442,ok,1
3791,5.0268851584832266,3730853.9188213022,20,0.14039632447807293,ok,1
3792,5.0938204168644727,3605679.9719624044,25,0.094527991487612151,ok,0
3793,3.9701426658441785,2267725.2931199414,38,0.14120636274038323,ok,1
3794,6.103811760141256,3851947.7491740081,13,0.11323242514756016,ok,0
3795,5.4360924833870721,3597643.0524396072,24,0.15803353985617008,ok,1
3796,3.3484861246493676,2357307.6858878741,35,0.11472234669354425,ok,0
3797,5.2881696050351037,3587759.9962018128,20,0.12179034652894005,ok,0
3798,3.819387263979741,2349511.4431106183,33,0.1171459484323584,ok,0
3799,8.1585842991904514,4549954.91176672,11,0.10925563664707916,ok,0
3800,7.4924245412504087,3778338.8523603072,19,0.11830655069703733,ok,0
3801,6.9781523448574196,3643073.7677149312,15,0.12056592394377663,ok,0
3802,3.8947167777872287,2349511.4431106183,44,0.13062721898908869,ok,0
3803,5.3353302601581918,3603101.3173192851,14,0.12877895692690455,ok,0
3804,3.6717296653559095,2772356.9728852585,28,0.11278923015366543,ok,0
3805,4.9711619290088533,4239667.0946466187,11,0.15038346566653726,ok,1
3806,3.4301670492591239,2267725.2931199414,39,0.096790712994784672,ok,0
3807,5.6351477346355612,3632425.3820791291,21,0.089025581924885688,ok,0
3808,12.233602948394667,3976475.3128749062,15,0.18400652096212,ok,1
3809,4.9627981938969903,3681691.2562326468,18,0.13791376481991091,ok,1
3810,7.7443386622035124,3618418.0350049394,20,0.17931457766518943,ok,1
3811,3.1593035210192455,2090177.9550635067,44,0.12117152422859812,ok,0
3812,4.0641279779868285,2342560.3317427742,41,0.11676545013556316,ok,0
3813,5.2209799688414682,3586264.9201647756,20,0.12821809263237233,ok,0
3814,6.7535003275685384,4266992.2307877382,16,0.12891719226791365,ok,0
3815,3.349186279199178,2267725.2931199414,38,0.15946897378778302,ok,1
3816,6.4778173367700829,3695756.6265478409,18,0.12133090822543924,ok,0
3817,5.4825542798279638,3609405.1161161098,24,0.10012185860696576,ok,0
3818,5.4402185761828683,3640730.9906379199,18,0.13346409267924292,ok,0
3819,9.1106548830068927,3599246.343208841,22,0.13790303449185592,ok,1
3820,3.4824863853099166,2267725.2931199414,43,0.13249646528355258,ok,0
3821,3.2258697625238995,2267725.2931199414,44,0.14617996148040124,ok,1
3822,3.4569670191071706,2342560.3317427742,37,0.12128897949372097,ok,0
3823,3.7760298981243565,2267725.2931199414,39,0.11981859082312829,ok,0
3824,6.4240543439371569,4449540.0054757241,14,0.13791526514658614,ok,1
3825,6.9551041596309,3760110.7973054452,23,0.13950583923210336,ok,1
3826,3.2294082738185454,2342560.3317427742,42,0.13835493918929043,ok,1
3827,7.6846930201557662,3912691.1933660945,16,0.13429360342824215,ok,0
3828,5.4941183950830546,4044116.1273489152,7,0.14285714285714285,ok,1
3829,6.6117123562434532,3616799.6009867932,20,0.12566457422100152,ok,0
3830,3.4761912474103789,2349719.955294122,40,0.13289366954942522,ok,0
3831,5.9344179793817773,3598758.170417977,30,0.11688846571899358,ok,0
3832,5.6068205242083415,3616870.2726130891,24,0.13916187535815638,ok,1
3833,4.2494474598114831,3665712.0266323043,16,0.11047847289828483,ok,0
3834,3.5972970415470957,2349511.4431106183,39,0.12405507757232104,ok,0
3835,5.2362096874434867,3690477.2341435729,16,0.14987130879270616,ok,1
3836,6.2366232100899177,3802125.1365438597,14,0.13396651377004609,ok,0
3837,5.0016606533472743,3637509.1774112214,21,0.15574191052534936,ok,1
3838,3.1532419480048408,2378837.9975668644,43,0.10615761240487073,ok,0
3839,4.2237070665989487,2628545.6714319899,34,0.11233224002922848,ok,0
3840,6.2792261727382899,3670124.7251695283,23,0.11301404027179662,ok,0
3841,6.4461316241589204,3614396.7575672581,18,0.13791361072989095,ok,1
3842,4.5298514506697529,2609060.0868099569,27,0.1188112890116868,ok,0
3843,5.8409913790692061,3600943.8147853501,22,0.14743835515945913,ok,1
3844,7.0521595796131109,3622030.0879222904,18,0.13409572224983668,ok,0
3845,3.0610962059275564,2142731.0761223878,40,0.10428227723888595,ok,0
3846,3.715059898736699,2342560.3317427742,41,0.17723897090963558,ok,1
3847,3.675349804745383,2342560.3317427742,39,0.16950350211876519,ok,1
3848,9.4222511305785055,3857642.0423171343,13,0.12758335155595674,ok,0
3849,6.2304333794321902,4009792.9604593432,17,0.15610006580547153,ok,1
3850,5.8838743720455051,3611311.211815434,19,0.11508679913432818,ok,0
3851,6.6857765157576958,4211341.7206577463,16,0.13239331101337148,ok,0
3852,4.6684102884587997,3858486.7951383372,14,0.12028199475034473,ok,0
3853,8.0572738746311323,3807788.424136044,14,0.12130424009388274,ok,0
3854,3.5030470178735826,2349511.4431106183,40,0.16415129619188246,ok,1
3855,4.1078321119008869,2581618.0750895645,33,0.16666885820800825,ok,1
3856,3.5703105706509817,2349511.4431106183,37,0.15067758763504657,ok,1
3857,4.0855438875348593,3954807.3177726283,10,0.11590837755732963,ok,0
3858,5.425700520584229,3618777.1239353707,14,0.10485056827723727,ok,0
3859,4.5820336691378296,3633748.0561466892,22,0.11494921402697805,ok,0
3860,4.4878854359261622,3639595.6997548202,20,0.12230046956263851,ok,0
3861,5.7125641740157578,3622715.3210104615,22,0.11917927221404911,ok,0
3862,8.0305299269233839,3994994.4298402923,8,0.12520143309675502,ok,0
3863,8.6526262415158151,3670101.3546322221,17,0.15495029632517388,ok,1
3864,3.977225918991496,2142731.0761223878,42,0.14007670457619315,ok,1
3865,6.7168287730917395,3850455.4670589874,19,0.11128567763052494,ok,0
3866,6.1098630330901837,3601862.0999299544,27,0.13024691625529583,ok,0
3867,5.8933177995583348,3656802.0819561929,18,0.15789552000267404,ok,1
3868,7.2094118547162127,4730228.7789631896,10,0.11872021267956617,ok,0
3869,7.7711768184137435,3687242.4609069736,12,0.11884813795389537,ok,0
3870,5.8560898285937339,3667262.3369859396,19,0.1116647606344886,ok,0
3871,2.9198871858419215,2142731.0761223878,41,0.14553302882367325,ok,1
3872,7.8040077590500418,3681037.4240205106,15,0.12859590695313361,ok,0
3873,7.0179077905191098,3695831.7059011194,22,0.11389946685620744,ok,0
3874,5.3492111211121447,3795890.013621992,16,0.096828587381573739,ok,0
3875,6.6592595836999591,3614257.4221280906,20,0.13122595021923805,ok,0
3876,5.2224400706621346,3622399.1877317913,26,0.075054282722828991,ok,0
3877,3.3818091014853975,2349719.955294122,44,0.10213359508194536,ok,0
3878,3.9453127913683081,2267725.2931199414,45,0.13732767120257761,ok,1
3879,6.8574579763514469,3672235.6914908909,16,0.16346745152128772,ok,1
3880,3.1351192760263764,2267725.2931199414,43,0.11470386580189351,ok,0
3881,3.6664962346191445,2267725.2931199414,43,0.10621611273211407,ok,0
3882,4.3060279722303054,3897759.8593674796,12,0.12264828763625241,ok,0
3883,3.9115675681941373,2267725.2931199414,39,0.10075843593829686,ok,0
3884,6.6109897378332967,3618699.6518794876,16,0.12875473285000305,ok,0
3885,6.2291941782446392,3610616.2721070182,17,0.13432133944946645,ok,0
3886,4.2207004253555747,3740173.3811199632,22,0.099657537503008764,ok,0
3887,3.4562237458007248,2267725.2931199414,46,0.11841413367557241,ok,0
3888,5.1964794822501226,3699102.3843192589,21,0.12300930617799011,ok,0
3889,5.6116961549056761,3612216.6255787523,21,0.14891811673037891,ok,1
3890,6.8968283514698268,3955516.2654848215,16,0.14958828628771315,ok,1
3891,6.4897696331359853,3669376.5432367264,17,0.13815796625966736,ok,1
3892,5.6002441085375185,3644790.5129328459,20,0.097637466438662265,ok,0
3893,5.2607270017711327,3605621.1775123915,21,0.1419341640573174,ok,1
3894,3.7024913173019982,2267725.2931199414,41,0.14943054241177844,ok,1
3895,2.8839204905391673,2090177.9550635067,39,0.13139776504475642,ok,0
3896,5.4219119587661506,3596542.8083245768,23,0.14034236659723398,ok,1
3897,5.5207650435873807,3680125.4740145891,17,0.12469934453028386,ok,0
3898,3.7081763253104945,2349511.4431106183,38,0.115481122444651,ok,0
3899,6.1447248319828516,3639717.9972788589,21,0.077495359540555253,ok,0
3900,3.6465062657688576,2581618.0750895645,35,0.093829915015259169,ok,0
3901,3.4326157962760164,2008285.8541831209,39,0.14738758503052585,ok,1
3902,3.5135856797320528,2090177.9550635067,40,0.14914063454517409,ok,1
3903,5.6425217748133516,3602630.2043932984,25,0.092919523065031484,ok,0
3904,6.202096359607121,3785512.294570243,15,0.10565463331464503,ok,0
3905,6.3654910892287804,3726602.2378319059,15,0.10659646682758323,ok,0
3906,10.042906882509975,4266244.51063029,12,0.13914935155002672,ok,1
3907,6.9268572794205374,3829534.6213781028,19,0.10832930532862556,ok,0
3908,4.3557612224768505,2609060.0868099569,33,0.12718342967599394,ok,0
3909,3.1702085490381871,2609060.0868099569,33,0.094306024863963112,ok,0
3910,9.4565960177954889,4695385.4510674542,11,0.12194828545390357,ok,0
3911,6.6207318396267549,3614919.1233396218,22,0.15068715191250459,ok,1
3912,5.242727323681831,3803573.4736042605,10,0.14071373493270367,ok,1
3913,4.2635355590007951,2416638.8374307705,29,0.10344827586206896,ok,0
3914,5.4259409941428229,3701879.756008877,12,0.11426556440505548,ok,0
3915,4.1598438267613229,2378837.9975668644,30,0.11859933087582608,ok,0
3916,4.7079306005518955,3622845.9575538924,19,0.086734487091179313,ok,0
3917,4.7392685137653583,3929842.9071663874,13,0.10273296918118158,ok,0
3918,12.629855937174993,3894264.2057651789,17,0.15715732602102128,ok,1
3919,5.8584595261694057,3595465.3875376922,23,0.12175052313851431,ok,0
3920,6.112482165057826,3594079.7540717172,25,0.11130039063360597,ok,0
3921,3.4437782652851503,2342560.3317427742,40,0.12178753048334068,ok,0
3922,5.4702558144354363,3603858.6867066957,21,0.10804779314603519,ok,0
3923,2.9545219646775318,2142731.0761223878,43,0.11341964407823443,ok,0
3924,9.8431763454121644,4210583.2701962152,13,0.15422202526861861,ok,1
3925,5.4660288736666667,3616446.7173839244,22,0.10372931542612063,ok,0
3926,4.3809993283301694,3852674.1575011942,17,0.10085627241662551,ok,0
3927,5.2677465659478342,3634928.732425068,22,0.081274963584694632,ok,0
3928,3.2995076085492503,2416638.8374307705,36,0.16767583974791034,ok,1
3929,9.5337634751660953,4605440.3807454044,13,0.1291547609837797,ok,0
3930,5.150154930564252,3725521.0788478879,18,0.12848948806871774,ok,0
3931,10.65617484253368,4430863.0999265453,11,0.12622873970623194,ok,0
3932,4.3413732981466211,2609060.0868099569,38,0.14265030122333855,ok,1
3933,6.0374550341118143,3678574.7063556183,13,0.10764576622036914,ok,0
3934,5.963641263771768,3637361.9282720806,17,0.14954627578608137,ok,1
3935,4.4841111139217418,3622855.7423862405,21,0.10716759771491596,ok,0
3936,3.4979581495394179,2090177.9550635067,38,0.17000050741191897,ok,1
3937,3.5184955995827409,2342560.3317427742,40,0.17073908111774388,ok,1
3938,3.6355942644617962,2349511.4431106183,41,0.14849858630564516,ok,1
3939,5.7795926872954659,4147815.9066278944,15,0.14580874728558546,ok,1
3940,4.0357649039659567,2609060.0868099569,29,0.085082739135590502,ok,0
3941,4.2231016008871523,2581618.0750895645,32,0.097318405821500198,ok,0
3942,6.5302217895961485,3630033.6249404354,18,0.12088744942490848,ok,0
3943,5.7213363522671621,3643053.5307014771,11,0.13514780859189313,ok,0
3944,4.9081991995324792,3886575.5548969912,18,0.10453833317772193,ok,0
3945,7.0080852755257448,3898977.9853825145,16,0.096077083866944801,ok,0
3946,6.5167570526105267,3856354.9019295452,20,0.098948052358045269,ok,0
3947,3.3453525864179796,2142731.0761223878,43,0.1012965526561444,ok,0
3948,8.469508698406738,3778823.3124951664,18,0.12852260349957007,ok,0
3949,3.8844755368023849,2349719.955294122,43,0.12432262016555096,ok,0
3950,7.2559786236580921,3740028.4536848729,21,0.13757944045420611,ok,1
3951,6.658170051621676,3697697.4554420277,15,0.08486904019556557,ok,0
3952,6.4904616867365155,3625725.1838212605,20,0.095895089187817695,ok,0
3953,4.5740359611796997,3630336.6711931676,16,0.11825529534348722,ok,0
3954,3.2648389212885953,2142731.0761223878,34,0.11850621999213223,ok,0
3955,3.6803039662124628,2267725.2931199414,37,0.10236374178631374,ok,0
3956,6.2988343028734093,3709207.2081593247,21,0.084490758866737736,ok,0
3957,7.1230612450081452,3626746.9492776934,22,0.070089953580638686,ok,0
3958,7.4878903204293001,4223720.6336897975,9,0.1111111111111111,ok,0
3959,6.1012091464559193,3745789.2241589646,22,0.086074001090058028,ok,0
3960,4.7060017431789118,2581618.0750895645,32,0.14323328676120406,ok,1
3961,5.6996571237812486,4035473.4179153312,17,0.11249651914434344,ok,0
3962,6.273225947851774,3612283.9878510954,19,0.10674403511211822,ok,0
3963,5.3866025685212326,3633323.8426461802,27,0.11801937411787228,ok,0
3964,4.3201221450496856,2267725.2931199414,42,0.11739346050875926,ok,0
3965,3.6663923816951929,2342560.3317427742,35,0.16183777614189204,ok,1
3966,6.0811159659992882,3596008.4265047084,23,0.10909497159560644,ok,0
3967,3.5672322218051753,2142731.0761223878,40,0.13659325836422009,ok,1
3968,3.582939009999913,2349511.4431106183,43,0.090495801794915454,ok,0
3969,5.0244333716051335,3593186.5732011753,23,0.12015899811389819,ok,0
3970,3.592267197265421,2267725.2931199414,38,0.10251993609942728,ok,0
3971,4.7498834539942223,2628545.6714319899,26,0.12453030897511977,ok,0
3972,5.5568194996766911,3599154.8386724312,20,0.13824480511184051,ok,1
3973,5.8989402272789979,3809241.8135365667,18,0.11041959342726082,ok,0
3974,5.8971220584654134,3637928.432082396,19,0.11616567725161991,ok,0
3975,3.4001758476120338,2267725.2931199414,39,0.1222247655717405,ok,0
3976,7.751239446064373,3660245.202324891,19,0.12946041761464622,ok,0
3977,4.326958185184461,2581618.0750895645,34,0.11249221441227972,ok,0
3978,8.0830465975630119,3671538.072551291,17,0.09147387416646692,ok,0
3979,6.397292683865845,3615779.541876711,21,0.10655868393962409,ok,0
3980,5.3753385707480517,3614131.9519104818,20,0.11059046197590827,ok,0
3981,6.3290361546459302,3605349.201156436,21,0.11099154610894946,ok,0
3982,7.4738344108794097,4984452.082956519,8,0.12871182413455862,ok,0
3983,5.6847321103437647,3679949.7983343508,15,0.13253122302954123,ok,0
3984,3.4056777875116651,2142731.0761223878,44,0.12939533318907026,ok,0
3985,3.3825100545282485,2090177.9550635067,36,0.08245486401935731,ok,0
3986,6.9469924751609584,3603205.9222050542,19,0.17521722071635737,ok,1
3987,4.7158233410421371,3867173.1180264945,12,0.20123360505326165,ok,1
3988,13.517633405107095,3987878.8665210661,11,0.1326267811977444,ok,0
3989,31.29234256490594,4704384.9273015941,6,0.17709744018886547,ok,1
3990,5.7454376414591115,3647305.0340176695,21,0.15121304619792197,ok,1
3991,5.6875741146411691,3725245.0727556469,19,0.11709051500541201,ok,0
3992,6.3509060052000912,3737192.027087979,20,0.12800421412098706,ok,0
3993,3.5082732576334381,2267725.2931199414,34,0.13191743212789758,ok,0
3994,3.654171697675654,2786813.40424396,24,0.095832963509180413,ok,0
3995,3.327130110323397,2142731.0761223878,42,0.12873805232750724,ok,0
3996,3.713990934674932,2342560.3317427742,39,0.13616495785191324,ok,1
3997,6.9734968064675131,3607918.0856035389,22,0.089988473606489872,ok,0
3998,3.5892101714617022,2349511.4431106183,41,0.14427120167621721,ok,1
3999,3.6414439500415194,2142731.0761223878,38,0.13089260006418715,ok,0
4000,4.757394875397944,3648816.7453349899,20,0.09566721755392793,ok,0
4001,6.8592574643341653,3625485.3376631043,22,0.084077478323861587,ok,0
4002,5.2421514924274231,4065588.3227077168,13,0.11020790567746519,ok,0
4003,2.88771292554007,2008285.8541831209,43,0.16014911932598652,ok,1
4004,7.0396592821564035,3601943.3746756082,19,0.13253425566390342,ok,0
4005,3.2639847857312909,2267725.2931199414,46,0.11742513722067394,ok,0
4006,5.6258510003330144,3612506.6823907243,29,0.102613044196325,ok,0
4007,5.1820917663782629,3606402.5104278447,19,0.15848645612783802,ok,1
4008,5.2783390893399789,3659439.1604005932,19,0.08418211022422184,ok,0
4009,4.3506150829777805,2581618.0750895645,33,0.12879583274631068,ok,0
4010,3.5089395813551278,2090177.9550635067,43,0.12028607912544564,ok,0
4011,8.4550017625614053,3608024.3250974119,17,0.18201153218238775,ok,1
4012,6.1762390860560856,3634910.4560497068,19,0.14986756301059151,ok,1
4013,9.3883743124331041,3608556.719250937,22,0.097691047570990341,ok,0
4014,4.9892831471647234,3261364.380769941,26,0.20469853886831491,ok,1
4015,4.7068548174024425,3650848.1911137258,26,0.092099704516232561,ok,0
4016,8.2266949374326579,3715825.3133141724,15,0.10880248899914025,ok,0
4017,3.5441467068512362,2342560.3317427742,39,0.16112791702190044,ok,1
4018,6.5546687174246561,3632997.6065911553,21,0.12878245386676024,ok,0
4019,5.5523413128196761,3600499.8346507614,18,0.1463691552665547,ok,1
4020,6.5446364727223747,3686487.5937219933,15,0.12140160922028742,ok,0
4021,3.0335605722441099,2267725.2931199414,36,0.1515756509554963,ok,1
4022,6.5816734672446442,3924382.1181607335,15,0.15673202899363758,ok,1
4023,3.4888374968844014,2609060.0868099569,31,0.10628977156840869,ok,0
4024,3.6999281496217673,2349511.4431106183,34,0.12907152112537856,ok,0
4025,3.7890394905384652,2342560.3317427742,37,0.12928774337629867,ok,0
4026,7.1636890652388665,3589453.8973372225,19,0.10809584271496842,ok,0
4027,5.0704009676742263,3632233.100543994,16,0.11129326524141536,ok,0
4028,13.312910758872293,4585940.7608075319,9,0.15999421601976377,ok,1
4029,4.9624033876424889,2581618.0750895645,27,0.10467017312734006,ok,0
4030,5.353438525611752,3597146.1282982975,21,0.14459553057792995,ok,1
4031,5.415462897691488,3596785.2683804007,24,0.182899872953045,ok,1
4032,5.4861430869623771,3685673.2066971944,25,0.13933561881559864,ok,1
4033,3.1751648993779038,2090177.9550635067,46,0.07830446502640831,ok,0
4034,3.8901610648312022,2349511.4431106183,40,0.11547131666783428,ok,0
4035,7.1793893630001442,3608436.9780236874,19,0.13335693580216496,ok,0
4036,8.5357655559203955,3604698.8160760957,23,0.1208528777595762,ok,0
4037,12.215402856783776,4560932.9735409655,9,0.12667648118566366,ok,0
4038,6.8712002863990458,3889665.4991095918,23,0.10002444707980829,ok,0
4039,3.4680282493669523,2090177.9550635067,39,0.1427664864285515,ok,1
4040,4.5829394540374402,3607387.7360733147,23,0.10831423538898063,ok,0
4041,4.8597528147407374,3778979.177666551,17,0.10135382720762742,ok,0
4042,6.6329610912287347,3597097.6756845475,21,0.11445126571004349,ok,0
4043,4.9031559715165649,3606735.5819460941,22,0.097422356112362107,ok,0
4044,6.3450044722208201,3600175.0686000618,26,0.13468502919408176,ok,0
4045,4.7204687261567688,3602250.5237119459,18,0.10510963855126731,ok,0
4046,9.0324679285109468,4154111.398004652,12,0.12204577269517719,ok,0
4047,5.2681062666982417,3608978.8205148508,21,0.12787288661421004,ok,0
4048,5.0149074090121699,4066660.4415673069,16,0.11103203860060984,ok,0
4049,4.4468497341032069,2628545.6714319899,30,0.13333333333333333,ok,0
4050,3.2908450358739505,2267725.2931199414,43,0.13966504874502284,ok,1
4051,3.7602660990595229,2349511.4431106183,37,0.10097596904940986,ok,0
4052,4.3793884442659543,2349719.955294122,31,0.16559048653402175,ok,1
4053,2.9795077766165736,2142731.0761223878,43,0.11467273880270101,ok,0
4054,7.309806333127316,3880731.2205093289,18,0.10465178985766588,ok,0
4055,3.1141404036422022,2090177.9550635067,42,0.11095399796285077,ok,0
4056,8.5997679351275842,3639823.4538567211,16,0.13873321737549549,ok,1
4057,3.9636656765290295,2267725.2931199414,40,0.12369190652767809,ok,0
4058,3.4849863438344486,2581618.0750895645,35,0.10900131691248927,ok,0
4059,6.3372481422484181,3619189.5113644414,15,0.16130152709626933,ok,1
4060,3.4288752792158474,2349511.4431106183,33,0.12942806801462403,ok,0
4061,6.2596682176299439,3641376.3124000821,17,0.12223096029798419,ok,0
4062,5.7412658110480352,3596848.1056591491,18,0.13459053358854578,ok,0
4063,4.2929464597555418,2581618.0750895645,38,0.14642362370066653,ok,1
4064,8.6042217137933292,3628309.35633035,18,0.15160165257266833,ok,1
4065,5.2983963498551763,3613329.5973973717,19,0.12655545967404336,ok,0
4066,7.005400182494089,4437523.4620905425,15,0.13226487210291929,ok,0
4067,5.7318052251780074,3605812.0364045659,25,0.14036866205713572,ok,1
4068,3.852895252712476,2357307.6858878741,35,0.14183196654745198,ok,1
4069,5.7151868785387521,3721658.4430465298,17,0.092589625177448176,ok,0
4070,3.4797311683852583,2142731.0761223878,42,0.10811136897912238,ok,0
4071,3.6065716625833706,2609060.0868099569,34,0.10138811635772593,ok,0
4072,7.188080804095069,3671828.5698253317,19,0.12065980781400942,ok,0
4073,4.7474354465341051,3618834.9049779642,23,0.092498581013391701,ok,0
4074,5.0381695017518577,3917277.4382880428,14,0.13154231058818033,ok,0
4075,9.0055621326402004,3776908.1017141538,17,0.10883831845923153,ok,0
4076,6.920551110633145,3977257.6920876084,15,0.1234371181882869,ok,0
4077,6.7111802175656097,3741580.2383471685,8,0.14436736561385166,ok,1
4078,3.4973831913519944,2090177.9550635067,42,0.14591982624105337,ok,1
4079,6.4012711987592814,3692437.3311133995,20,0.12702218138650256,ok,0
4080,5.0561971009222448,3999391.6231333464,15,0.096632458360164764,ok,0
4081,3.5136764458946428,2267725.2931199414,41,0.09775474743439394,ok,0
4082,4.0279839854191124,2581618.0750895645,42,0.1394477263900844,ok,1
4083,7.3849715528661148,3733821.7608173569,10,0.15592776413509074,ok,1
4084,3.7703260288851439,2678205.3747857241,36,0.10071713165279894,ok,0
4085,5.0739514277917168,3851514.4015829675,15,0.12676525371960756,ok,0
4086,3.797414025276117,2342560.3317427742,37,0.12184914498687371,ok,0
4087,4.8567851507982525,3686800.1117477296,16,0.14731199736753153,ok,1
4088,6.0713463589864416,3596032.8105999581,21,0.11748103441194574,ok,0
4089,8.6017650455629742,4239683.1481970651,14,0.10247137169740422,ok,0
4090,5.4935218952447249,3587176.3554729396,24,0.11868001382896093,ok,0
4091,5.0400970925723438,3665189.2132835663,15,0.117308857505869,ok,0
4092,3.8185041804399846,2357307.6858878741,38,0.14286327096912399,ok,1
4093,6.3214515632931807,4543465.3844853379,17,0.11483341947358511,ok,0
4094,4.0746480157050833,2267725.2931199414,42,0.10413431458780237,ok,0
4095,4.1054976986379383,2349511.4431106183,34,0.11405022909651363,ok,0
4096,5.2160862794707592,3600848.99383929,23,0.12561576327058011,ok,0
4097,5.8739057252444704,3632213.9389104554,22,0.12861576777951,ok,0
4098,4.3348823588486392,3587311.5160235339,17,0.12768800470490471,ok,0
4099,4.8235134871381256,3640078.2530571553,20,0.098868910274195587,ok,0
4100,6.8154622961494553,3589185.9077573577,18,0.1390187974531113,ok,1
4101,3.3570443901513634,2342560.3317427742,41,0.090601571443253343,ok,0
4102,5.9153446749419194,3946276.0817908715,13,0.14366082413339998,ok,1
4103,5.8532355941812622,3618978.4647762189,25,0.11851230330962642,ok,0
4104,3.99997045077783,2342560.3317427742,37,0.19807010393185565,ok,1
4105,3.800016772255018,2342560.3317427742,43,0.10256465933891545,ok,0
4106,4.1053497259795986,3158053.4917109548,24,0.11812957431959395,ok,0
4107,6.7823704258209716,3598541.4454042506,18,0.12640187480273835,ok,0
4108,4.0573580285063073,2142731.0761223878,45,0.1497169031471357,ok,1
4109,5.5847423487285699,3734241.5036904942,15,0.1590000525735103,ok,1
4110,4.9679391578073284,3642595.8801379632,17,0.082337602102313445,ok,0
4111,4.0209212972507453,2267725.2931199414,39,0.14750152326541965,ok,1
4112,5.6640679947589323,3922495.5510482821,15,0.11711443886228168,ok,0
4113,3.0192639983595351,2090177.9550635067,45,0.12492408814811151,ok,0
4114,4.869025026124258,3592562.7386678811,26,0.16216903193665422,ok,1
4115,4.092145608559667,2342560.3317427742,43,0.14475139301195838,ok,1
4116,4.4834688467218955,2609060.0868099569,33,0.14644076164847564,ok,1
4117,5.2708595136271361,3600409.330691203,21,0.11522169830284618,ok,0
4118,4.8372127243800218,3915123.3858954404,16,0.10840435360601486,ok,0
4119,8.856573543978719,3592420.1925480072,21,0.11521701453867939,ok,0
4120,3.5304391457239275,2342560.3317427742,36,0.11373188625603409,ok,0
4121,3.6339077517130689,2267725.2931199414,36,0.09482184730069973,ok,0
4122,3.3698826665031749,2090177.9550635067,41,0.16278676148487226,ok,1
4123,3.669258292708653,2349719.955294122,40,0.12739787839480299,ok,0
4124,2.9989291282062016,2008285.8541831209,42,0.12663822889045473,ok,0
4125,8.3021772491087251,3634171.7149864053,17,0.13974023794498014,ok,1
4126,6.5466732488418824,3605893.0352874021,18,0.14808528530216303,ok,1
4127,4.365198083834871,3280705.556872033,22,0.13636363636363635,ok,1
4128,5.7125313276834353,3605596.3780186791,21,0.099606791527721728,ok,0
4129,6.5941803449868956,3654165.400762808,24,0.16936338348214858,ok,1
4130,3.4467922604581775,2142731.0761223878,40,0.17100642503147626,ok,1
4131,8.338759197394733,3668004.1224112283,16,0.092566994913242384,ok,0
4132,6.0540580699814051,3608282.1514473823,20,0.12248146602103283,ok,0
4133,4.5486662622583456,3612766.7402015403,17,0.10487843662888816,ok,0
4134,5.2141262706300102,3652608.0132027576,24,0.17355778393495547,ok,1
4135,6.7138360635362631,3610097.0294710812,22,0.079662917485290863,ok,0
4136,3.76968267238896,2581618.0750895645,31,0.11801674862158085,ok,0
4137,3.9488578160443177,2581618.0750895645,37,0.097104917817374847,ok,0
4138,6.7818438189952479,3680842.2456116816,21,0.14439264758637227,ok,1
4139,7.6942675325155632,4082918.487048605,13,0.14833052407547187,ok,1
4140,2.9479043930022959,2142731.0761223878,47,0.17816633394658821,ok,1
4141,6.3318596828824294,3704780.3251314783,21,0.12558590578382356,ok,0
4142,4.1788273158045346,3937661.0408991547,20,0.11776243097158801,ok,0
4143,5.3475360752896339,3631647.49480343,20,0.10882525511802887,ok,0
4144,3.8530074014274174,2628545.6714319899,32,0.15602984468739534,ok,1
4145,3.8513600097068932,2267725.2931199414,40,0.11175613923660338,ok,0
4146,3.5918462564395783,2267725.2931199414,43,0.1226129067525431,ok,0
4147,3.5740864523385736,2581618.0750895645,38,0.14131960994142709,ok,1
4148,3.8184103871034467,3723246.665109721,15,0.12317880228507516,ok,0
4149,3.9552121715229349,2267725.2931199414,41,0.11207723262814751,ok,0
4150,4.9132489476295724,4072979.4194001518,12,0.14336504144965556,ok,1
4151,6.1824076613651338,4081616.9734249976,14,0.11310630173337061,ok,0
4152,11.004613226118993,3729945.1434688941,14,0.083032704658381473,ok,0
4153,5.9867741048850327,3711670.262688037,13,0.13182387923597072,ok,0
4154,5.9746549040543542,3624335.5191755602,16,0.13047540083955478,ok,0
4155,8.4721502185429731,3630175.9002143154,20,0.17185481438099959,ok,1
4156,3.8057570410214097,2349511.4431106183,42,0.14885747065140587,ok,1
4157,7.7454691644187958,4300220.2903225906,12,0.12901919568680692,ok,0
4158,4.5928077441350599,3807545.0149260862,17,0.084227285583308387,ok,0
4159,3.8324311265612283,2609060.0868099569,35,0.12940789090656579,ok,0
4160,7.2636121741183297,3623582.3281267006,16,0.13727431075939767,ok,1
4161,6.2783961892383351,4185081.7331791855,12,0.11696741699978946,ok,0
4162,5.8221065360966735,3798686.7835656204,16,0.12354311573046617,ok,0
4163,4.9250387472580268,3596367.6386671155,21,0.13435914335803856,ok,0
4164,3.5746438901233177,2342560.3317427742,42,0.1022940816519359,ok,0
4165,5.3753504514097505,3603125.4808876677,17,0.14044793249169429,ok,1
4166,6.8120166690058612,3851377.9516942105,14,0.095952932982548589,ok,0
4167,5.8406469527782559,3632755.0875575119,19,0.12229930261538313,ok,0
4168,5.3517308688025951,3671654.9649243006,24,0.11661409230969544,ok,0
4169,4.6368457354807262,2581618.0750895645,35,0.13040708518537736,ok,0
4170,5.9184338930584861,3663341.0440779016,17,0.11325696366718485,ok,0
4171,5.8683542315883974,3726924.1070922804,21,0.080567193828243067,ok,0
4172,3.749890215537921,4136862.075905649,11,0.13807340676613256,ok,1
4173,3.0365474783984001,2008285.8541831209,47,0.16243212537002849,ok,1
4174,4.1694197434060047,3688542.3995836512,21,0.10602752958338946,ok,0
4175,3.9769178582759408,2267725.2931199414,35,0.19301502974662066,ok,1
4176,5.5871115027710845,3630095.2887522024,23,0.17264198108970641,ok,1
4177,4.2215667906411234,2581618.0750895645,35,0.095900501535459926,ok,0
4178,5.2942477364021299,3749273.5423947661,16,0.15205936701702905,ok,1
4179,10.052101863565738,3602151.8213713295,20,0.13730418809884848,ok,1
4180,7.2343110683392604,3609908.4893631847,21,0.093425716369097356,ok,0
4181,3.1731110738373807,2628545.6714319899,32,0.10240529709355661,ok,0
4182,5.7073084272221761,3587442.6080048084,18,0.12525548060105873,ok,0
4183,3.2711401898892936,2142731.0761223878,43,0.16178916903533513,ok,1
4184,4.8506739197791884,3656425.1730835745,22,0.12333919484724531,ok,0
4185,8.4530846702528493,3590590.8659608611,21,0.076417311979171676,ok,0
4186,6.5941733445309278,4116846.0028287848,10,0.13308010153878735,ok,0
4187,4.7582273603025129,3677959.0164563484,18,0.12093372250998813,ok,0
4188,8.5024306384792716,4726019.2612886028,12,0.14633135786303503,ok,1
4189,3.7351962989753456,2342560.3317427742,43,0.16098770071192525,ok,1
4190,5.2685910909373312,3610065.5208649067,25,0.12739559407440743,ok,0
4191,6.0884824547686129,3585702.3211353682,22,0.15225913027915755,ok,1
4192,4.8706108528019811,3589028.7357680993,20,0.10580418155654941,ok,0
4193,4.7155488923221833,3764874.5287829749,15,0.13186406423131447,ok,0
4194,7.4176549026319174,3633786.741463521,19,0.10762560283968114,ok,0
4195,3.9777999229367436,2267725.2931199414,44,0.12694262138907669,ok,0
4196,5.371243870240332,3793845.3399944301,19,0.10939255060628794,ok,0
4197,6.0775833499563712,3722682.5305043953,22,0.11250131980114231,ok,0
4198,5.8903385562814403,3694976.71717752,14,0.13896890462734102,ok,1
4199,5.41394744337871,3603014.2578615164,15,0.14444537510509314,ok,1
4200,4.6984710088799995,3607315.7756977864,19,0.096620520009453259,ok,0
4201,5.2252643952282218,2773471.102127803,28,0.14191984009249148,ok,1
4202,4.8133301727344442,4136443.4655169705,11,0.10015804298644571,ok,0
4203,5.0007302548408408,3663142.3014639523,16,0.14802587742686724,ok,1
4204,3.9447712748146215,2609060.0868099569,34,0.15855473057778025,ok,1
4205,7.8191054369872699,3604467.1888023489,20,0.15578909766030713,ok,1
4206,7.1281794853550249,3589811.9833824588,18,0.111378562454854,ok,0
4207,2.9545146858117617,2008285.8541831209,45,0.14317892066486926,ok,1
4208,13.716927093891355,4424169.7614471754,7,0.15069945354752445,ok,1
4209,5.1209180269495569,3728177.7272384646,17,0.10916599675025795,ok,0
4210,6.9777884823520324,3600483.387955816,20,0.17178741694198219,ok,1
4211,3.6175514883123845,2142731.0761223878,40,0.14355590476754038,ok,1
4212,7.0683000152350495,4111396.4301374611,13,0.10406813064687559,ok,0
4213,5.4410115721312549,3955054.7061708127,15,0.10233111090350422,ok,0
4214,3.9411432970998246,3588064.7986826361,22,0.091128645830887534,ok,0
4215,5.2274693128573118,3626769.4082905329,18,0.11466277348378529,ok,0
4216,6.2660345205074135,3612546.8602828784,20,0.11853185471102345,ok,0
4217,3.6412376261648944,2416638.8374307705,43,0.11815503810934014,ok,0
4218,6.1457935989991102,3638293.6242349423,20,0.099718713719045948,ok,0
4219,5.2762916628800616,3636248.2174643148,22,0.11998296835278138,ok,0
4220,5.4514430947021779,3758769.5692254822,14,0.1440332386972496,ok,1
4221,4.3405030101357642,2342560.3317427742,34,0.14207024794774215,ok,1
4222,6.8839427650181131,3784989.6982153994,17,0.11606178270073664,ok,0
4223,4.2065421285321598,3158053.4917109548,21,0.12308627224019103,ok,0
4224,3.4302148286660121,2342560.3317427742,44,0.16893829060732268,ok,1
4225,6.6597975640150704,3680713.0742086,16,0.10806656875309306,ok,0
4226,3.913782170853521,2342560.3317427742,44,0.16853076218556251,ok,1
4227,2.8931612054032652,2008285.8541831209,42,0.19974797551005785,ok,1
4228,7.526052476217334,3650196.9528396619,20,0.11632451092822099,ok,0
4229,6.1594132344227548,3658311.2662909105,20,0.095668915010934885,ok,0
4230,6.60312968776062,3691128.826403297,17,0.10014672822178811,ok,0
4231,6.6080714882490339,3619382.7302198117,20,0.12428014051514946,ok,0
4232,6.5159975983816567,4119521.4433544953,18,0.17246275730046234,ok,1
4233,5.7767508876015601,3601250.2587892516,22,0.12339705662528516,ok,0
4234,3.7104617620917781,2267725.2931199414,35,0.12485643552369324,ok,0
4235,4.7040788575412957,3610465.2706289715,21,0.10994391750200871,ok,0
4236,3.6135163190129891,2342560.3317427742,41,0.16932737773331885,ok,1
4237,5.9427399654399728,3784085.3652173956,21,0.15689364833015662,ok,1
4238,4.0164561580405929,2267725.2931199414,40,0.11736093007503201,ok,0
4239,5.8303822105059195,3714005.8184057199,18,0.11208864758578385,ok,0
4240,6.7562887155254687,3689289.0282455953,17,0.13683782492638652,ok,1
4241,3.7568484755801372,2357307.6858878741,33,0.12676147688440179,ok,0
4242,5.4668283805887521,3604719.009202281,19,0.097897303969434413,ok,0
4243,3.9199309724953779,2267725.2931199414,39,0.10041045556961053,ok,0
4244,8.0913396876109704,4042960.1150700925,11,0.11609363909690995,ok,0
4245,3.8220448279205228,2357307.6858878741,33,0.1261835576332663,ok,0
4246,3.8201953938091711,2349511.4431106183,36,0.10451000576702923,ok,0
4247,7.3705753938478606,3861672.8122467473,17,0.1256951327325887,ok,0
4248,7.3372887399427809,4354819.2566003418,14,0.10765268034975012,ok,0
4249,3.1434006376103678,4804584.7984546702,6,0.16666666666666666,ok,1
4250,3.9698579984144069,2267725.2931199414,42,0.13147673255832459,ok,0
4251,6.3803867707455995,3938507.3831651229,18,0.113902553270947,ok,0
4252,5.8744856435827675,3600109.9076377321,16,0.11817777509721827,ok,0
4253,3.6275946368192531,2357307.6858878741,39,0.13023923577959573,ok,0
4254,3.2544495056964631,2349511.4431106183,42,0.11160701810678639,ok,0
4255,6.155899614496998,3588624.4786996753,19,0.087339503028020959,ok,0
4256,2.937007581561391,2267725.2931199414,42,0.18455374905775879,ok,1
4257,4.9484002765480746,3607149.6990203597,21,0.11837557582460601,ok,0
4258,7.7026072143516169,4611956.3797352361,9,0.1446464467509706,ok,1
4259,3.2257148622428526,2267725.2931199414,42,0.11155788893790958,ok,0
4260,3.1766353547735098,2142731.0761223878,43,0.15064122709536637,ok,1
4261,3.9996819450239811,2342560.3317427742,39,0.13726077094618749,ok,1
4262,6.4982798872061807,3671425.153920074,17,0.14477889859657322,ok,1
4263,6.3231313320970077,3753101.9282220053,12,0.12249964644283934,ok,0
4264,3.1915650766568326,2267725.2931199414,37,0.19032766670390927,ok,1
4265,3.2254464883083318,2008285.8541831209,41,0.12865407269977325,ok,0
4266,5.2701216871309207,3670091.5672913925,19,0.11521730102594557,ok,0
4267,4.966669295718761,3625127.3679282158,21,0.095127343881677984,ok,0
4268,5.9911182019003562,3668093.437825249,15,0.11961520265714054,ok,0
4269,15.387916086341653,3731434.7575017917,19,0.14561641906751777,ok,1
4270,3.630908404571437,2267725.2931199414,37,0.12515187400964123,ok,0
4271,3.0418180808814754,2090177.9550635067,43,0.13788696505576981,ok,1
4272,6.0104504760078532,3605441.7983149635,23,0.10741454626908303,ok,0
4273,11.980662954492605,4576639.7058379184,9,0.13429849651031978,ok,0
4274,4.4713072888302214,3761657.5219467031,14,0.10768092428202419,ok,0
4275,4.0442674966347241,2628545.6714319899,35,0.13114155366826319,ok,0
4276,4.9817977483372804,3685096.664655576,17,0.11904993259706703,ok,0
4277,3.6221227580965061,2267725.2931199414,37,0.10244042883435978,ok,0
4278,6.7938010732447056,3918644.6480037407,10,0.10181851151820429,ok,0
4279,7.0828596324705408,4623189.8073240109,11,0.14085372108862493,ok,1
4280,4.7079614800262632,3619426.6850865539,27,0.080342592167106985,ok,0
4281,4.9909842834779532,3588806.1249886388,23,0.10179271937332945,ok,0
4282,3.6610524886004496,2090177.9550635067,39,0.15229135550559614,ok,1
4283,7.3976048074092278,3588676.99129829,21,0.11265379947511445,ok,0
4284,3.8305282510239098,2581618.0750895645,32,0.13047859519716176,ok,0
4285,3.5192494331434907,2267725.2931199414,40,0.13208731068348556,ok,0
4286,5.5648917621795686,3639628.262347606,25,0.13305555650751033,ok,0
4287,5.0666359927847795,3634904.810358441,17,0.11478130027746458,ok,0
4288,4.9087838506389208,3817851.3797256793,14,0.16106865328566311,ok,1
4289,6.8538054604144003,3588197.9228957216,18,0.11801693013915232,ok,0
4290,6.7969469143428283,3609334.085835034,16,0.1413176071072505,ok,1
4291,3.9243247320862089,2581618.0750895645,36,0.10626431715241264,ok,0
4292,3.4499592805486214,2008285.8541831209,50,0.15012240386471176,ok,1
4293,5.6555181529775078,3595348.7104489277,19,0.12471572283447596,ok,0
4294,5.3591603744362581,3589334.9237929364,22,0.13769700233187454,ok,1
4295,6.9064209676917576,3629363.5719163562,21,0.15260062685336895,ok,1
4296,5.671664190394095,3640439.4100773637,21,0.06908939966028832,ok,0
4297,6.521312232549259,3649342.694268974,18,0.1481955943744695,ok,1
4298,7.7408407491366722,3667508.8156131436,20,0.074646830636161454,ok,0
4299,3.4543382761591097,2090177.9550635067,42,0.14005064599998318,ok,1
4300,2.9217828396758136,2090177.9550635067,45,0.15978173530595446,ok,1
4301,4.7622335302823711,3595444.0252770321,26,0.093142121615804041,ok,0
4302,3.9247895004462929,2267725.2931199414,38,0.099569274567794491,ok,0
4303,6.604463837057085,3747849.6172913085,18,0.10446438462462068,ok,0
4304,6.7194971147200819,3755163.4455017401,13,0.10397599949988034,ok,0
4305,3.2060408349657683,2349719.955294122,35,0.12308427360051089,ok,0
4306,4.2071068410590007,3605407.0654999041,22,0.094829804955366748,ok,0
4307,9.3496847502390921,4343205.1288621891,10,0.15903736549609193,ok,1
4308,4.7084578284425982,3720214.041398291,21,0.076320614893935768,ok,0
4309,6.4820657517548117,3615138.5247241384,18,0.15057584681471992,ok,1
4310,8.1377260119689439,3677680.6031622984,21,0.1862440693835038,ok,1
4311,9.3349361633123706,3602057.9654305601,23,0.17840213896063783,ok,1
4312,6.8075114417345102,3598415.897956992,20,0.12304353294219306,ok,0
4313,3.6669078340483003,2267725.2931199414,40,0.10991915962004384,ok,0
4314,5.0560978509062595,3594191.2061973335,23,0.13656548010365299,ok,1
4315,9.3072543666801035,4112728.7948364732,8,0.125,ok,0
4316,6.2592548072403025,3627898.7160559045,17,0.15103397209514646,ok,1
4317,3.0632393174004755,2342560.3317427742,42,0.10445108300473874,ok,0
4318,4.1094811717522379,2342560.3317427742,43,0.12866608861585854,ok,0
4319,5.8015130792134366,3611036.0458475575,16,0.10535533576923051,ok,0
4320,5.2187898748051218,3649070.5932106371,22,0.13037499759384641,ok,0
4321,6.7147856470805696,3668438.0633189534,20,0.13912292635273316,ok,1
4322,7.096772971915196,3619008.5948685575,17,0.12130724301107387,ok,0
4323,4.2260529705756102,3638752.8010903792,20,0.072619156904328047,ok,0
4324,4.903867147293715,3678968.0102676172,17,0.13598701935356261,ok,1
4325,5.6088648947094368,3805154.1728796167,18,0.10348793227496317,ok,0
4326,5.0178571711473836,3605405.7859956333,19,0.12719008128428577,ok,0
4327,3.1928010168096197,2267725.2931199414,42,0.14498049829639614,ok,1
4328,6.101694773320709,3608835.5045201895,22,0.14352908428508304,ok,1
4329,3.7125706089402959,2342560.3317427742,39,0.13601347326317531,ok,1
4330,6.0013660648855547,3645134.8428976224,23,0.09007896835175222,ok,0
4331,4.2305413388150548,2772356.9728852585,26,0.11737614272700303,ok,0
4332,5.3579399043790064,3748616.2156183221,17,0.087155347071505157,ok,0
4333,6.9118450498178063,3589027.4673605533,21,0.094462030075176395,ok,0
4334,5.8234075440920305,3638156.1622353392,17,0.12647067480421292,ok,0
4335,4.3434514764301433,3614485.2127804635,19,0.10612538328459648,ok,0
4336,7.3165635574755958,3601605.150072718,21,0.1509193397165689,ok,1
4337,6.2696675117389296,3605716.0102069462,25,0.13180587047161052,ok,0
4338,2.8402902033734323,2008285.8541831209,45,0.15784483359281398,ok,1
4339,7.8798874962515608,3608578.7830006853,19,0.13020184526361089,ok,0
4340,6.2118709132465497,3880443.8501335634,12,0.14432991259090533,ok,1
4341,5.2655742795309477,3681394.4278394585,17,0.13404999095009623,ok,0
4342,4.2475866540874039,4036733.6119181179,9,0.13164221261754283,ok,0
4343,3.3788238043044636,2090177.9550635067,46,0.1273025724972951,ok,0
4344,5.0750246218321688,3973913.2285387223,12,0.10957810953129221,ok,0
4345,3.548042823658526,2581618.0750895645,38,0.12005812807181937,ok,0
4346,3.7951405879511491,2357307.6858878741,34,0.14931549518740406,ok,1
4347,3.2309176724802251,2357307.6858878741,35,0.10385916668388251,ok,0
4348,3.960924227628162,2342560.3317427742,35,0.14665501412282222,ok,1
4349,5.5091189703422536,3646147.1998757794,21,0.18764695482597216,ok,1
4350,3.3108706663995537,2142731.0761223878,45,0.14268737898916661,ok,1
4351,7.4515546783923821,3626458.1896730131,20,0.099689260030363297,ok,0
4352,6.7663267479048237,3701221.1957291011,22,0.13127743401640202,ok,0
4353,4.1241806025093677,2267725.2931199414,41,0.14765240701413246,ok,1
4354,3.3628848117212886,2090177.9550635067,42,0.12760325326897543,ok,0
4355,3.4821812671489023,2342560.3317427742,40,0.13028893891957039,ok,0
4356,5.9658434287169166,3685845.9250607174,15,0.10516457796460776,ok,0
4357,3.8656560025338154,2267725.2931199414,37,0.11467029730989997,ok,0
4358,6.5827422608729522,3638322.4566792524,20,0.14295296883917674,ok,1
4359,10.461448984480326,3981730.4920515069,13,0.17510600034891521,ok,1
4360,5.1371590361227915,3648200.6790098972,20,0.13899216892838107,ok,1
4361,6.4571135186422062,3586364.9309324296,22,0.16037898292021913,ok,1
4362,5.1320867515216655,3591322.8721162896,23,0.11293469964210812,ok,0
4363,7.1684524750048295,3596738.9540120638,20,0.11026447136455819,ok,0
4364,3.4190038752622387,2267725.2931199414,42,0.17402693972076144,ok,1
4365,8.6742786976090436,3637841.6315095075,13,0.13598599805618827,ok,1
4366,3.2499304137492335,2090177.9550635067,41,0.13502260920267389,ok,0
4367,2.9259196909089309,2008285.8541831209,46,0.1504246568506587,ok,1
4368,4.6477328276987659,3665903.5340680755,20,0.15048811583560218,ok,1
4369,4.1686099957471789,3859260.1906146551,13,0.1248482260989911,ok,0
4370,3.539319297825005,2342560.3317427742,42,0.14449073849034055,ok,1
4371,3.4327877238085995,2267725.2931199414,39,0.11664547046001739,ok,0
4372,3.3004389920803709,2142731.0761223878,41,0.13775820120152216,ok,1
4373,3.1714680252100718,2090177.9550635067,44,0.16363661009609309,ok,1
4374,6.6464187641162873,3670379.2043240019,19,0.084134056050453099,ok,0
4375,3.6558668846174811,2142731.0761223878,39,0.13394649944066894,ok,0
4376,8.3393791810550653,4320202.0531441998,10,0.11894083299288266,ok,0
4377,7.9127348141462539,3804502.6419685739,20,0.12907165095232381,ok,0
4378,4.9689467182761504,3749811.5926808156,13,0.15250768926984604,ok,1
4379,4.0626409577947911,2980790.4908226882,30,0.14190927460162944,ok,1
4380,3.1477012893268426,2090177.9550635067,44,0.1476366129177682,ok,1
4381,6.3176569161211233,3591219.1235350156,19,0.091046043250846531,ok,0
4382,6.2352123177500314,3614789.6592289968,18,0.17245198917634141,ok,1
4383,3.4145862726758458,2342560.3317427742,42,0.10464686053327754,ok,0
4384,5.3380658956965066,3893762.8699178882,9,0.16239547781612274,ok,1
4385,3.513027711102787,2581618.0750895645,37,0.10515712386138504,ok,0
4386,3.7137900762722582,2267725.2931199414,41,0.11762512150566418,ok,0
4387,5.9220211987162816,4100834.5011621239,11,0.12954424085341992,ok,0
4388,7.6222637664235648,3603328.6480023703,21,0.11086244849601895,ok,0
4389,3.0115600848666086,2090177.9550635067,41,0.14192055860194519,ok,1
4390,3.2675122062182274,2267725.2931199414,42,0.10892025514310005,ok,0
4391,3.4841877732742854,2342560.3317427742,36,0.17475522052604975,ok,1
4392,9.2162311789934641,3969257.9043365694,17,0.07732502848263223,ok,0
4393,3.4054613426424694,2342560.3317427742,34,0.15215008577066014,ok,1
4394,4.177263383097757,2609060.0868099569,30,0.085484439569632698,ok,0
4395,6.1876917161576497,3967451.4692588616,16,0.146417391934754,ok,1
4396,3.7795607685725519,2581618.0750895645,38,0.11311070278235258,ok,0
4397,4.8502501445420592,3599500.0176675115,20,0.12397350036292143,ok,0
4398,5.5683091034845846,3739558.7336084479,18,0.10484734472722945,ok,0
4399,7.5345863652627107,3697656.3386951825,21,0.095175532120668982,ok,0
4400,9.5272517316133971,3713252.172038645,17,0.14315809949738673,ok,1
4401,3.7035405210955381,2609060.0868099569,36,0.1142679780628611,ok,0
4402,4.9539990624375196,3589709.7641637777,20,0.10906655886970351,ok,0
4403,3.7379089168491904,2267725.2931199414,42,0.10830834293598679,ok,0
4404,6.342484986347908,3670156.2453081571,17,0.13092039505337361,ok,0
4405,4.6136406582920202,3977381.9380226689,11,0.112194496194571,ok,0
4406,3.8763109689800612,2267725.2931199414,40,0.11125376668664783,ok,0
4407,6.3497640780686764,3764853.7518069008,17,0.097203712041414647,ok,0
4408,6.5342080143330596,3645741.047251231,18,0.13291688847410221,ok,0
4409,4.7836734455550083,3647843.4597129547,22,0.10644742914403826,ok,0
4410,5.5445152654230565,3791424.7765489602,17,0.10722099939402233,ok,0
4411,9.2027567220265443,4042757.2282256526,17,0.12065339690720403,ok,0
4412,3.8218127017967265,2267725.2931199414,38,0.12215994453411463,ok,0
4413,4.2383724384626751,2609060.0868099569,32,0.11566994342409664,ok,0
4414,4.6211520675953714,2581618.0750895645,34,0.13980714048655274,ok,1
4415,3.9702704087841418,2628545.6714319899,36,0.13703000988953207,ok,1
4416,5.5813652405262921,3630462.5983084845,19,0.11884613325714211,ok,0
4417,4.4613535391527481,2581618.0750895645,30,0.13847021960123007,ok,1
4418,5.3024417551103067,3591020.8722781059,28,0.12557801227322962,ok,0
4419,3.6007690241563965,2142731.0761223878,38,0.15669719077767907,ok,1
4420,5.7796759255796495,3661347.8221242307,20,0.12774281368281759,ok,0
4421,5.1994989302851273,3713076.8196753613,15,0.12023552327373288,ok,0
4422,4.3768179958795566,2267725.2931199414,44,0.12897208502934454,ok,0
4423,2.8255423091259777,2090177.9550635067,45,0.13888737587931832,ok,1
4424,3.8782282317978836,2609060.0868099569,40,0.10474900738306281,ok,0
4425,3.2935206928804028,2349511.4431106183,42,0.090078146281719507,ok,0
4426,6.4593793603768592,3698008.6624071104,17,0.17381020080863852,ok,1
4427,4.5878556096864713,3624927.2051563491,23,0.10921997869740591,ok,0
4428,5.4744192688125901,3661914.9891233658,20,0.11640229287570814,ok,0
4429,6.6617068139747566,3619776.9004587689,22,0.083283760882104874,ok,0
4430,3.5651942270001564,2142731.0761223878,42,0.16426953445615378,ok,1
4431,4.1350435443891964,2349719.955294122,40,0.11494351617062415,ok,0
4432,5.1080567088029429,3813560.0582080754,17,0.13244747391349165,ok,0
4433,7.098341224110766,3655192.9700468583,17,0.15103263705748227,ok,1
4434,3.3977752161707193,2267725.2931199414,42,0.10090014420380278,ok,0
4435,6.3169533091934413,3640636.1088638389,21,0.07528047140509575,ok,0
4436,3.4933512397656381,2267725.2931199414,39,0.10932540869785823,ok,0
4437,3.8995787703129636,2581618.0750895645,39,0.13325042554686201,ok,0
4438,5.418056769268718,3755794.1452765544,12,0.13550641521825835,ok,1
4439,4.8643759163407125,3629356.2917143377,22,0.1459005746696852,ok,1
4440,11.746189974637749,3705906.6749961781,15,0.089930194892397397,ok,0
4441,5.7359551003215419,3602350.4099099655,22,0.12270895570455098,ok,0
4442,4.7105351505157094,3656656.424898502,18,0.11897812527755647,ok,0
4443,6.4409592308099226,3624080.0525549771,21,0.12281058896148095,ok,0
4444,5.6488066058915232,3631738.0707789627,18,0.11141672262451174,ok,0
4445,3.8463930267240367,2349511.4431106183,41,0.093678570118229082,ok,0
4446,3.672875491033647,2267725.2931199414,39,0.1074253189194137,ok,0
4447,5.9627988782645769,3800553.1440552943,20,0.10870255894066105,ok,0
4448,5.3313926679116106,4466268.6438663732,13,0.10846500023308059,ok,0
4449,4.7402344442382409,3947686.8926513917,19,0.090629828993119999,ok,0
4450,3.513209061984901,2267725.2931199414,44,0.10175321714084407,ok,0
4451,4.756961041190749,3590376.6539151412,21,0.11571032292881928,ok,0
4452,3.7158758588201937,2773471.102127803,30,0.14998690953915217,ok,1
4453,2.871754613595964,2008285.8541831209,47,0.17351342777544282,ok,1
4454,5.1060478401938436,3598191.5585712828,20,0.10029084578317921,ok,0
4455,6.560159027293504,3737937.7576421173,15,0.1366902546530967,ok,1
4456,3.3569743268346288,2090177.9550635067,43,0.14259194480149912,ok,1
4457,3.9371187052091607,2581618.0750895645,38,0.12823955494474476,ok,0
4458,3.4945658523078222,2267725.2931199414,40,0.11516200719048475,ok,0
4459,3.9005082266476814,2349511.4431106183,36,0.15899833748329706,ok,1
4460,3.2536877614513262,2008285.8541831209,40,0.13126364403594182,ok,0
4461,3.5857931258620939,2349511.4431106183,43,0.10804229220889894,ok,0
4462,4.0836949245443712,3747037.2002164046,21,0.11470874823915178,ok,0
4463,9.605007614839872,4861247.6736730747,10,0.14428845795836187,ok,1
4464,3.4176482405156068,2142731.0761223878,37,0.11283338854990138,ok,0
4465,3.1293721580985223,2349511.4431106183,36,0.12850542110994267,ok,0
4466,6.6357425295531138,4257621.0919085471,11,0.14477810999722598,ok,1
4467,5.863927030935379,4038675.0092810635,9,0.11658098116852844,ok,0
4468,2.9831895860000612,2267725.2931199414,41,0.11543939011212073,ok,0
4469,4.3251232373840462,2609060.0868099569,34,0.14547376070202184,ok,1
4470,5.1188719265612272,3658980.5324011189,13,0.1248738085217429,ok,0
4471,3.8766613511367232,2628545.6714319899,29,0.15066757264223862,ok,1
4472,3.8793525115737455,2267725.2931199414,46,0.13700939644671595,ok,1
4473,4.3348607941168158,2342560.3317427742,45,0.11644312336546786,ok,0
4474,4.0768344149165063,2772356.9728852585,31,0.13917422800683693,ok,1
4475,6.7292100507575867,3740762.3806859083,18,0.14031867240020862,ok,1
4476,4.2018464374817128,2342560.3317427742,39,0.14155185171577445,ok,1
4477,3.8813251264140702,4069315.4503666847,11,0.14414604421342492,ok,1
4478,4.3442650575727111,2349719.955294122,38,0.13248075759114508,ok,0
4479,4.5950477187080887,3786439.6539676213,11,0.13391290957215918,ok,0
4480,8.5807010330746447,3884209.1674369033,15,0.15098943818837351,ok,1
4481,6.3004457323043113,3723714.1121895886,14,0.11909060207690453,ok,0
4482,3.8220497063621939,2416638.8374307705,30,0.10336230974306003,ok,0
4483,3.6469233200349471,2628545.6714319899,29,0.095717152699179575,ok,0
4484,13.690812960113949,4197351.8495901106,11,0.14027079272183196,ok,1
4485,10.594284097585376,3668322.7920926968,14,0.11020463159904503,ok,0
4486,6.9073903932349783,4224593.9965928495,16,0.11198361741059859,ok,0
4487,3.6869759425917623,4030236.641572129,13,0.10769628787265906,ok,0
4488,4.1203762497952621,2357307.6858878741,37,0.15333750573998495,ok,1
4489,7.21989325515879,4144400.3808675092,12,0.11162669392673447,ok,0
4490,3.9228939731380836,2581618.0750895645,32,0.095278705812657738,ok,0
4491,9.9480800915134111,3663823.9356767493,16,0.16462636044875467,ok,1
4492,7.0080968820033451,3675324.0816789214,13,0.15638327861397827,ok,1
4493,4.8977922231990219,3935240.7478587199,19,0.084803621583505628,ok,0
4494,6.3194848572584741,3700713.4179242617,14,0.13391305697584902,ok,0
4495,5.7871687162658088,3638092.3853762164,20,0.12087593928200724,ok,0
4496,7.840343109318832,3897627.7778585581,16,0.13291378613257265,ok,0
4497,3.9935662661852445,2357307.6858878741,38,0.17481764910703046,ok,1
4498,3.8832423865418191,2342560.3317427742,42,0.14252157678295974,ok,1
4499,9.7730616355300075,3610814.2919057496,14,0.13649247922878704,ok,1
4500,4.2967855550327867,3807060.9222948197,16,0.11260999272765515,ok,0
4501,5.6990333633176542,3610389.063758852,17,0.10516004008602883,ok,0
4502,3.373545355249945,2357307.6858878741,37,0.086759079009042561,ok,0
4503,8.3650711034456613,3588521.9664042071,18,0.17546473510804095,ok,1
4504,4.5891056936392181,2609060.0868099569,36,0.11245016327107042,ok,0
4505,3.2547451726155079,2142731.0761223878,38,0.1031732877152626,ok,0
4506,6.5534768461743171,3890269.2629360179,21,0.15573228920789778,ok,1
4507,5.4313358202503901,3587583.4720223751,26,0.15601886752283869,ok,1
4508,3.9382170615575247,2628545.6714319899,34,0.17282518208993936,ok,1
4509,3.0433768025480377,2090177.9550635067,42,0.13636661242468381,ok,1
4510,3.10682993075284,2008285.8541831209,44,0.1898669238835598,ok,1
4511,6.1437531863733899,3595650.1876275484,17,0.098060566502064739,ok,0
4512,6.0319979537633568,3965937.9858898944,18,0.13996281227481078,ok,1
4513,4.3142170578034955,2342560.3317427742,42,0.11701024206037028,ok,0
4514,7.7958381054822476,3601037.4908109284,25,0.093814378784427221,ok,0
4515,7.1648990667435255,3974085.6636027126,16,0.12348468240217847,ok,0
4516,5.5682526897951945,3589701.9843479781,23,0.14492887295359458,ok,1
4517,4.6039665717808056,2772356.9728852585,23,0.1419455734539441,ok,1
4518,5.7420387570646163,3722517.306453587,20,0.091750135507042835,ok,0
4519,8.7124318304767456,3753861.7357391524,24,0.10045593694137944,ok,0
4520,5.3859110989833416,3612993.5088686161,25,0.10476326348528553,ok,0
4521,6.5756805795172051,3634123.2183836633,21,0.10938553433018394,ok,0
4522,6.4883399816733762,3593175.7960099266,18,0.11849969141319516,ok,0
4523,5.4458832036611602,3614738.5958451973,19,0.10620858825877849,ok,0
4524,6.7248330423170017,3687875.3832482849,18,0.1707422663302498,ok,1
4525,3.6400439584369528,2357307.6858878741,37,0.10524041651251304,ok,0
4526,3.4937753238356395,2267725.2931199414,45,0.12889226018098787,ok,0
4527,7.7860922539734876,3591954.4389204653,17,0.090061420532158931,ok,0
4528,6.3520306693354183,3961385.3088061786,18,0.090456031815186577,ok,0
4529,3.7081874622720621,2267725.2931199414,44,0.12219550463239937,ok,0
4530,3.5521104824241649,2349719.955294122,36,0.1084771092435437,ok,0
4531,8.6425462829979178,3600077.3866074784,19,0.16332598831165779,ok,1
4532,3.9955830372759555,2267725.2931199414,39,0.14452374577158411,ok,1
4533,4.9676675223613014,3616849.959933124,20,0.090807789042586379,ok,0
4534,6.5822709702399624,3612495.8008565833,17,0.12863074024757493,ok,0
4535,7.640083338185236,3676701.7182027642,20,0.15722752885588509,ok,1
4536,4.3912860768694895,2349719.955294122,37,0.15538011264784179,ok,1
4537,5.8842912640670635,3643743.3371003377,20,0.12306357140929314,ok,0
4538,3.7082032220100754,2342560.3317427742,40,0.13708519166881872,ok,1
4539,3.5891615453430297,2349719.955294122,34,0.10888800421598166,ok,0
4540,6.8340806291596472,3656826.6511824913,16,0.14931537926613669,ok,1
4541,7.9812740478996345,4684770.8905079206,9,0.11739190849593917,ok,0
4542,6.3394105742290972,4988656.1539556272,8,0.1456265551612993,ok,1
4543,6.8744043572062106,3674239.3842073088,23,0.10325841495152543,ok,0
4544,7.880626503539963,4019630.6854717014,12,0.11723296449646109,ok,0
4545,6.8027653254517366,3826359.0623349803,11,0.18577834735880155,ok,1
4546,6.5033141620931012,4125767.3631935795,18,0.10826307335635232,ok,0
4547,5.8987920874936801,3891899.9859523475,20,0.10916012233954664,ok,0
4548,3.6023698682603831,2342560.3317427742,43,0.13147754083702454,ok,0
4549,3.2703708075221716,2357307.6858878741,41,0.083812478753452102,ok,0
4550,10.754172486591006,4523881.7339664055,11,0.20391007150425944,ok,1
4551,4.4916158399293717,2349719.955294122,36,0.13599838268312081,ok,1
4552,5.8731269040756207,3600341.4115450825,18,0.15873604477835979,ok,1
4553,3.9406972379012895,2267725.2931199414,42,0.11280849920334196,ok,0
4554,4.1770801945034082,2581618.0750895645,36,0.11932101511505171,ok,0
4555,7.1863105018524829,3954201.1758588296,7,0.17291364895661532,ok,1
4556,4.5300781353622144,3729116.2131803213,14,0.11966720724093893,ok,0
4557,5.6640854120328292,3679925.6136722141,19,0.086233293502403163,ok,0
4558,3.230230153177259,2090177.9550635067,45,0.13560212948368344,ok,1
4559,3.6254197409248139,2267725.2931199414,45,0.16085760185918274,ok,1
4560,5.0424304309869497,3706913.4727803916,14,0.12845424975560349,ok,0
4561,4.0535401748426976,2357307.6858878741,32,0.11440574242682056,ok,0
4562,7.633437144752528,4085862.1751083988,15,0.11440783657222992,ok,0
4563,7.4004502935373129,3937633.3041668884,15,0.13006673275944414,ok,0
4564,7.5170689721460837,3596206.5597130819,21,0.09867711209358776,ok,0
4565,4.2801658253324586,3679600.1484689927,24,0.087890099914583519,ok,0
4566,3.9638270244119278,2267725.2931199414,38,0.13424218523695985,ok,0
4567,3.855956346674084,3606197.7639100766,24,0.13207533312462572,ok,0
4568,4.7647474368435621,3641880.5412883093,23,0.12088583396176111,ok,0
4569,6.0073644663707091,3608261.0783192427,17,0.10196702006392366,ok,0
4570,4.5512451930925462,3624147.3872148409,27,0.09421838252183562,ok,0
4571,3.4979694899271632,2416638.8374307705,32,0.10671321076983797,ok,0
4572,9.4154858032946986,4616256.6207800712,8,0.13467284198847218,ok,0
4573,4.9663998598029204,4694988.0089417901,10,0.121008290498615,ok,0
4574,3.7260510519951127,2090177.9550635067,41,0.12611380268087696,ok,0
4575,4.5407847060028255,4043145.1734916735,9,0.11871343960004554,ok,0
4576,4.7268371844422639,3802996.7181752659,11,0.15756444355837529,ok,1
4577,4.0549675536974714,2342560.3317427742,42,0.10993455205822111,ok,0
4578,3.5591824940848724,2349719.955294122,42,0.12068329799410682,ok,0
4579,4.2987959889093998,3751111.1109887748,18,0.1363477451357844,ok,1
4580,3.9969080226679905,2349511.4431106183,35,0.11904181052337098,ok,0
4581,6.0175140414820767,3624279.5557460836,25,0.09084828379597143,ok,0
4582,7.3629589169500722,3590018.1048379573,14,0.13845335389138974,ok,1
4583,4.8303967343265768,3586240.7346610948,21,0.12450499043301538,ok,0
4584,6.9289663862896855,3777422.8662874894,20,0.13832355917882549,ok,1
4585,10.628456520055362,4135533.8226988828,13,0.11802543157888956,ok,0
4586,5.8167510052622946,3596951.986530107,17,0.12060890418761511,ok,0
4587,6.7570641856805667,4015934.2048866046,20,0.08861770332014518,ok,0
4588,3.4328036147584138,2342560.3317427742,40,0.14622454515065786,ok,1
4589,7.0622539973735545,3586018.2403613823,15,0.11419628664196402,ok,0
4590,7.8698362337527117,3585779.3165102182,22,0.16091878554742112,ok,1
4591,7.3583042129786635,3644066.4387928797,22,0.13117040593266516,ok,0
4592,5.7479066045827656,3647602.1937710168,19,0.11591724749940552,ok,0
4593,3.3973059914991919,2142731.0761223878,44,0.1327797399152153,ok,0
4594,5.57352172799557,3612418.479813592,20,0.09451370207673454,ok,0
4595,3.9407941009879277,2628545.6714319899,31,0.085461222268540915,ok,0
4596,8.1344198017608171,4589786.2410229715,9,0.13415940633314916,ok,0
4597,11.014286792306113,3763430.121592036,13,0.094433699521548342,ok,0
4598,4.0838316150083793,2349511.4431106183,37,0.12623849859146918,ok,0
4599,3.5109728043766824,2342560.3317427742,42,0.13062373557556997,ok,0
4600,7.942244014427585,4063214.3410789357,15,0.11797072307430467,ok,0
4601,6.4219250336171712,4314835.9291574713,16,0.11517074826843221,ok,0
4602,7.0913409581665396,3667301.7747861831,20,0.12501677517883258,ok,0
4603,4.7875176600163218,2378837.9975668644,29,0.18341489209846326,ok,1
4604,4.574254828313868,2954199.3212936129,29,0.10176662699501665,ok,0
4605,4.0595045719738785,2349511.4431106183,42,0.13538501789915897,ok,0
4606,6.0534847600069028,4113606.0326405843,13,0.10424749874356931,ok,0
4607,4.9462207884002787,3280705.556872033,20,0.14999999999999999,ok,1
4608,9.5305026152738979,4209144.4870336847,13,0.15692224443880542,ok,1
4609,5.3151472608486019,3768327.1471156999,16,0.095667247198544358,ok,0
4610,4.9131376566198348,3621396.8621346066,24,0.14655323226017727,ok,1
4611,3.6231651973014878,2773471.102127803,33,0.1102558121691275,ok,0
4612,10.967266102910795,4204779.6897039171,11,0.13018537532986885,ok,0
4613,7.840049910260217,3844580.9498370336,16,0.14413099338711877,ok,1
4614,6.2993032004403258,3685943.7587362272,14,0.11306207402265311,ok,0
4615,4.6612771549622503,3647277.2143309489,20,0.12874707858756917,ok,0
4616,5.9781552337290043,3594262.898330044,19,0.14927671487739602,ok,1
4617,5.5266777853852487,3678272.5784464981,23,0.14281823170762553,ok,1
4618,4.4701518939948297,3797262.3806892806,15,0.11841772730580358,ok,0
4619,3.9063216445273365,3708107.8949690606,18,0.098803388638447565,ok,0
4620,3.3803402013559576,2342560.3317427742,44,0.15872709291100429,ok,1
4621,3.7363426778510767,2267725.2931199414,41,0.14221292448641465,ok,1
4622,4.3217021896773389,2773471.102127803,32,0.11754964148043889,ok,0
4623,5.3858169982725883,3593217.1358589712,21,0.12085656423272251,ok,0
4624,4.8378894177773493,3609415.2750482378,20,0.11701779072009433,ok,0
4625,5.1492761854646929,3261364.380769941,22,0.15758253211366763,ok,1
4626,6.0892268607530644,3595876.007520406,19,0.16414574434517726,ok,1
4627,3.574881876553841,2267725.2931199414,42,0.11765039697087853,ok,0
4628,6.8316996999827468,3612070.5296907579,21,0.092606054345424793,ok,0
4629,5.5552909061945348,4140018.4424939831,13,0.12242411134212339,ok,0
4630,3.8805224697188097,2349719.955294122,31,0.11978843237140424,ok,0
4631,5.7655116240040094,3695305.7442026441,21,0.16946782446508302,ok,1
4632,6.6566880256854164,4057996.3436845317,11,0.12301295131933498,ok,0
4633,3.2929759779608911,2357307.6858878741,31,0.10588659442744999,ok,0
4634,6.0818098964345646,3628641.5283984873,22,0.13047354597984173,ok,0
4635,4.8055339803306474,3627029.1692862459,27,0.11555120994456725,ok,0
4636,3.62769906658351,2581618.0750895645,30,0.11629038075559772,ok,0
4637,6.0028191347931665,3740995.9244337091,15,0.12437236475368585,ok,0
4638,4.2075957549865066,2267725.2931199414,38,0.098152219965915666,ok,0
4639,3.9456190032213954,2773471.102127803,37,0.10816438629345054,ok,0
4640,3.8682591026740556,2628545.6714319899,31,0.11041537433920331,ok,0
4641,6.2912075266677485,3605231.1270933473,20,0.13518836443045479,ok,0
4642,3.3398641909872446,2090177.9550635067,39,0.15982646359330677,ok,1
4643,4.205359914573938,2342560.3317427742,39,0.15460156006253833,ok,1
4644,6.6578308331544012,3606796.4601685181,18,0.15100959711078166,ok,1
4645,5.5028575748998536,3623905.0512191313,18,0.1072613490364106,ok,0
4646,6.2589757323865367,3785456.2228478231,11,0.13645640693343086,ok,1
4647,4.863716490314431,2954199.3212936129,23,0.1171705388137631,ok,0
4648,5.992480882603064,3785868.2657186496,14,0.11147283460456814,ok,0
4649,5.0383366847118731,3616670.7526422571,21,0.090191695327033417,ok,0
4650,3.5473346370508243,2342560.3317427742,35,0.16047856344359901,ok,1
4651,7.405094430864513,4018207.0797271198,15,0.095120345724013178,ok,0
4652,3.4792973295343943,2267725.2931199414,36,0.12741513536116167,ok,0
4653,4.3983803175877796,2267725.2931199414,37,0.12953709497883231,ok,0
4654,10.229634599696537,3632259.0718461163,20,0.10487561471958629,ok,0
4655,5.3206536543373755,3597690.7116252957,23,0.11750125153411398,ok,0
4656,4.5789383702429127,3603874.5411324166,22,0.099313700232042446,ok,0
4657,5.5149596364939963,3828728.4144464126,14,0.12835609398374515,ok,0
4658,3.9076347795322124,2342560.3317427742,41,0.14976501378325557,ok,1
4659,4.362839360918473,2581618.0750895645,40,0.089503518250944603,ok,0
4660,4.1509534276010411,2349719.955294122,33,0.16375220148598812,ok,1
4661,5.2824113599312268,3914085.5038861833,7,0.16967474016659556,ok,1
4662,6.0183720070709716,3776431.8570716721,21,0.075645272246327666,ok,0
4663,3.5356005535766868,2267725.2931199414,43,0.098566579044118585,ok,0
4664,3.5985909893490087,2581618.0750895645,37,0.14953487526206932,ok,1
4665,6.9688261750339562,4140218.6889686403,9,0.1324167037657078,ok,0
4666,2.9960203203719535,2142731.0761223878,42,0.14314980928284449,ok,1
4667,5.5845959824202103,3635874.1110401032,22,0.090119457116683011,ok,0
4668,3.146766796947305,2349511.4431106183,36,0.14484584121973709,ok,1
4669,10.815951412882274,3892992.7903495249,14,0.17585957653801171,ok,1
4670,5.9520502388601289,4003660.1815905655,15,0.10311148360180944,ok,0
4671,4.1382801665425974,3158053.4917109548,24,0.12953391968517372,ok,0
4672,6.6794599389029639,3589555.7894521654,26,0.11764254295590892,ok,0
4673,3.7281555656969076,2267725.2931199414,45,0.1222773438422563,ok,0
4674,3.8553217903076167,2628545.6714319899,32,0.12634219730261653,ok,0
4675,3.1278774074663342,2267725.2931199414,41,0.11358791267372725,ok,0
4676,4.5018503676426951,2342560.3317427742,43,0.1336537358659341,ok,0
4677,7.2156781803561527,3646010.6573771513,22,0.10709862615914556,ok,0
4678,7.3081006968991939,3678366.2270415099,17,0.17231631317001073,ok,1
4679,3.471900804958576,2142731.0761223878,42,0.14596431084160877,ok,1
4680,5.2319012293857057,3617139.122652587,17,0.091508991859747313,ok,0
4681,3.3409793190036972,2349719.955294122,43,0.097254753935528071,ok,0
4682,3.419550485210979,2267725.2931199414,44,0.10898958121007529,ok,0
4683,4.1447285662791362,2357307.6858878741,28,0.11629961354053089,ok,0
4684,3.7619606917809327,2349511.4431106183,38,0.14411472531477043,ok,1
4685,3.924398736304382,3620042.347083861,22,0.11180294950283703,ok,0
4686,5.9762219474726983,3653452.7368491376,14,0.12324207436516865,ok,0
4687,4.5923197544553744,3589523.9378506052,26,0.114701722532638,ok,0
4688,5.0953145873396526,3643550.3612965485,18,0.12664654793584718,ok,0
4689,6.0368124626927422,3664927.7937932429,19,0.12374754919353215,ok,0
4690,3.6302626016423183,2267725.2931199414,35,0.14607320946094499,ok,1
4691,3.2361029306406812,2008285.8541831209,44,0.1641559406237062,ok,1
4692,4.5626213276781229,3603639.7678225003,21,0.10658949778822668,ok,0
4693,4.8430286336491664,3596194.6803722959,20,0.12732266148993193,ok,0
4694,5.2254568056589212,3809601.5740152313,12,0.12622211659913596,ok,0
4695,5.8187684805237714,3600384.1641420941,22,0.1320525252301967,ok,0
4696,3.8278965874233113,2342560.3317427742,36,0.11016741133298505,ok,0
4697,9.5652861176165569,3865005.4867133792,17,0.12721287845884333,ok,0
4698,4.4384696920862368,2581618.0750895645,34,0.12040815416075423,ok,0
4699,4.7319822007953825,3645185.6170258927,23,0.16439049306303055,ok,1
4700,8.0790472651444336,3868232.5539060351,17,0.12426420466784888,ok,0
4701,5.2725727188301832,3592142.4671084201,23,0.13129626723716514,ok,0
4702,5.6744654598102429,3601958.9090753132,20,0.083456755482717027,ok,0
4703,4.9769961721890947,3654964.1210945011,21,0.10523550284706318,ok,0
4704,4.9493142429184935,3650231.3936703792,19,0.090856031432474726,ok,0
4705,4.4291413302407019,2773471.102127803,27,0.10790674345712398,ok,0
4706,7.445975452386878,3610303.3307805085,16,0.13229618975215585,ok,0
4707,6.7819355724403732,3607048.9611488492,26,0.092773790172879067,ok,0
4708,3.4357918764704456,2267725.2931199414,37,0.15096707435242096,ok,1
4709,4.4717700494803259,2609060.0868099569,31,0.16121076509943144,ok,1
4710,3.2695643863926875,2090177.9550635067,39,0.12819894270981746,ok,0
4711,4.58660797274465,3685830.763285521,14,0.09899291665387544,ok,0
4712,5.8396136331202797,3587066.9967865599,26,0.10653334531915781,ok,0
4713,4.2978087147448178,2342560.3317427742,38,0.1674748943380365,ok,1
4714,4.0677792756451776,2342560.3317427742,41,0.16771429531084375,ok,1
4715,5.0106212580654024,2628545.6714319899,34,0.16067419514386172,ok,1
4716,5.6773210667618308,3855646.3829424889,16,0.11099462524054471,ok,0
4717,3.7382965078049679,2349719.955294122,38,0.15991120452607344,ok,1
4718,4.7577565834929381,4109753.8114105165,10,0.1284873818002773,ok,0
4719,4.0727891701541061,2581618.0750895645,36,0.13067384617925415,ok,0
4720,3.1961348912698204,2267725.2931199414,41,0.10167115944144145,ok,0
4721,6.1021848045554963,4323518.0003677048,16,0.13866942432689133,ok,1
4722,3.0800311793168356,2349719.955294122,37,0.11156588335689166,ok,0
4723,8.4555221751313496,3593807.2378948494,22,0.12441435936610484,ok,0
4724,7.463605056611442,3605375.7830976262,19,0.12756107572213105,ok,0
4725,4.4268817815193824,4205703.7409730526,7,0.14334392082908642,ok,1
4726,4.088737541003729,3650476.1992775253,22,0.13576972038359536,ok,1
4727,6.937138470944733,3673981.5061266911,22,0.1086972039645977,ok,0
4728,4.6905827081694564,3628094.0214557541,16,0.11576747791605491,ok,0
4729,3.7975783165071699,2342560.3317427742,38,0.16163777989906247,ok,1
4730,5.5827523506528278,3714507.2076000725,16,0.15043795545197125,ok,1
4731,4.1372596652014426,2609060.0868099569,31,0.093335403431417718,ok,0
4732,3.2591844012117521,2267725.2931199414,42,0.12618480784018082,ok,0
4733,5.6005092144589499,3593471.833945326,18,0.10058415726614089,ok,0
4734,3.3399332131186323,2090177.9550635067,46,0.14393099014124539,ok,1
4735,4.0093070341126804,2267725.2931199414,37,0.11970523437212566,ok,0
4736,6.9817487652978052,4091011.5923028388,11,0.12226791723625652,ok,0
4737,6.7152696975040262,3725608.1979556191,18,0.10855451786183817,ok,0
4738,3.1521001529502066,2142731.0761223878,42,0.14153653766115429,ok,1
4739,6.7185773303484462,3588162.691505007,23,0.089034052364781069,ok,0
4740,3.357405134647748,2142731.0761223878,43,0.17298666580428027,ok,1
4741,5.9289604110245637,3594800.4410289126,19,0.13279362810573081,ok,0
4742,3.4799744456827626,2267725.2931199414,39,0.12288577633898556,ok,0
4743,5.6117240944110653,3694954.007745232,19,0.077779559660073438,ok,0
4744,4.5757475328856128,3626337.4301969861,23,0.11008273058609852,ok,0
4745,2.6861216491460489,1711514.1648443609,43,0.15789266102465827,ok,1
4746,4.8952797552485077,3611745.4389706743,24,0.16970194057659116,ok,1
4747,7.5180656125231957,3676991.6166371377,21,0.14658058415310704,ok,1
4748,2.9875989042006368,2090177.9550635067,42,0.13782036231375783,ok,1
4749,4.3091679744088651,3615754.4662143602,22,0.11264532846093012,ok,0
4750,4.3912409330975883,2609060.0868099569,36,0.16273824752986166,ok,1
4751,3.8757862723073169,2267725.2931199414,41,0.15805612640938294,ok,1
4752,5.5912370391162867,3676719.0497572301,20,0.096564581970362995,ok,0
4753,7.3741062891406024,4497583.1935222754,7,0.14285714285714285,ok,1
4754,5.4867433539671833,3667420.3015131503,16,0.10541827293106076,ok,0
4755,8.797157951029984,5176933.8062703107,6,0.16666666666666666,ok,1
4756,6.7177768500494572,3795629.2904983605,15,0.13267636681341818,ok,0
4757,3.5539170624569465,2581618.0750895645,36,0.128176841894034,ok,0
4758,8.0375466567005365,3897032.6114724311,15,0.13324886062277599,ok,0
4759,4.7410486670558907,3855613.4050233765,14,0.10942455541288398,ok,0
4760,4.4379666719161488,3689222.3411684684,20,0.12512643361512743,ok,0
4761,5.9393752141097611,3638358.5197638068,18,0.10838664307069745,ok,0
4762,6.1255307206526526,4404552.2637619572,12,0.14948942568373141,ok,1
4763,3.7488605827539723,4527142.2807954317,11,0.12770657184476325,ok,0
4764,17.086626980574788,4098539.8027104707,11,0.20052336610836163,ok,1
4765,6.7875355166098048,4035297.6539672092,17,0.12002549824449271,ok,0
4766,6.4822836780031139,3600352.7963767159,26,0.11077702468007183,ok,0
4767,6.7907730738856831,3621781.008294106,23,0.10513579350387903,ok,0
4768,7.5945634372793069,3881017.4128994895,21,0.11881224846717992,ok,0
4769,3.8591078340659291,2357307.6858878741,29,0.12948739661188557,ok,0
4770,5.0099210773126819,3724237.4811362345,20,0.11082842113546365,ok,0
4771,3.9382437604924494,2581618.0750895645,42,0.15095065711215794,ok,1
4772,5.1017580510712648,3645396.88563844,18,0.14606814071184693,ok,1
4773,6.6819183205027928,3959755.7808266366,12,0.12430501098685265,ok,0
4774,6.3376261407948205,4030122.7744589983,12,0.098032758845569723,ok,0
4775,8.4710237889913529,3587596.9577194122,20,0.071784833210723598,ok,0
4776,4.2627313097659325,3702438.8689218541,20,0.10745556224376851,ok,0
4777,3.8460892468792114,2628545.6714319899,33,0.10837379406165237,ok,0
4778,4.8065192606188045,3687725.9595004837,18,0.1192269548370346,ok,0
4779,5.3624982573988698,3625628.4850706952,18,0.11893989316648279,ok,0
4780,3.3418389892599429,2090177.9550635067,45,0.13829161139752844,ok,1
4781,4.5854830802680118,2581618.0750895645,31,0.10412059376125282,ok,0
4782,6.8804837718054062,4068039.5449316301,15,0.10112520190516955,ok,0
4783,7.2437491406223726,3828801.7602630383,14,0.075720627858066963,ok,0
4784,5.1951446891902853,3586275.2125910143,18,0.12310742572677369,ok,0
4785,5.9589851770831652,3597967.2323643849,23,0.14179785236720505,ok,1
4786,5.691195722289434,3671531.8548103669,17,0.12421776839485255,ok,0
4787,3.2946707864402769,2090177.9550635067,42,0.13492888326815655,ok,0
4788,4.5628665396110311,3158053.4917109548,24,0.13497164112174398,ok,0
4789,5.2423502401808868,3593523.200651763,23,0.1348330888599617,ok,0
4790,3.7802966539045122,2267725.2931199414,49,0.13576907733846033,ok,1
4791,3.2356987766733005,2090177.9550635067,45,0.11543911720893463,ok,0
4792,4.0672744196553907,3280705.556872033,26,0.12772944042930615,ok,0
4793,3.0338425679946566,2142731.0761223878,45,0.12140723985954044,ok,0
4794,5.8559710491988124,3666120.0352675999,21,0.13332735808274288,ok,0
4795,5.0887169993564632,3797535.4006799962,15,0.12269932906379222,ok,0
4796,3.2940217784240011,2342560.3317427742,39,0.10407340379805474,ok,0
4797,4.4269717378076434,2581618.0750895645,34,0.13647581639642736,ok,1
4798,5.0260905724542626,4084860.0317215011,11,0.11776398195955184,ok,0
4799,6.8416082364493684,3680463.6158184167,21,0.1741829778600158,ok,1
4800,4.3494068709582887,3261364.380769941,28,0.12925835717535822,ok,0
4801,8.9692738402343117,3923740.6401152671,16,0.16266152601854678,ok,1
4802,6.908327656988817,3623582.1516165109,21,0.070414417534912621,ok,0
4803,5.8492098116220603,3682099.4133060384,21,0.11374240703869332,ok,0
4804,8.3856388939838453,4153486.9280114435,15,0.13447406391129679,ok,0
4805,7.344475745126962,4162826.3471602821,13,0.1194331263601992,ok,0
4806,3.1391404711590356,2267725.2931199414,41,0.081066401194751836,ok,0
4807,3.2900764853385231,2008285.8541831209,40,0.13670700564743343,ok,1
4808,5.8673510046173547,3603745.0725277341,21,0.12301772233838376,ok,0
4809,5.0254951699919657,3633628.8642739379,23,0.12868883695809585,ok,0
4810,5.8299913262861676,3661366.3911223137,16,0.15693347714628536,ok,1
4811,3.8181022247254339,2378837.9975668644,33,0.11822384417241838,ok,0
4812,8.1142568042490417,3634825.4513803921,17,0.1221221091330002,ok,0
4813,6.995396257412696,3607257.9130964633,27,0.077568159190355201,ok,0
4814,3.4716853585096374,2267725.2931199414,37,0.15299125405992442,ok,1
4815,10.069628633410034,3906288.9024533941,12,0.14140235367375717,ok,1
4816,4.6744212274014334,3631306.1438871641,25,0.13642361222039079,ok,1
4817,8.8596617943729328,3729605.1974445963,21,0.1269193573779136,ok,0
4818,3.8875071653498612,2342560.3317427742,41,0.15277387347419089,ok,1
4819,5.6855789248419981,3621693.5185082573,20,0.11045803504126145,ok,0
4820,5.1279983772452216,3622141.6586731528,23,0.079140547283498119,ok,0
4821,3.9698870888024125,2581618.0750895645,38,0.13018274937539764,ok,0
4822,3.6000638750125868,2349719.955294122,37,0.12627670446451811,ok,0
4823,5.5171085497710255,3735901.2557685138,18,0.17375364638169777,ok,1
4824,6.716786738151562,3683797.9180578818,21,0.13701152569365271,ok,1
4825,3.2833666475342485,2267725.2931199414,43,0.13383658990122227,ok,0
4826,4.2799508900353018,3644327.2052417039,22,0.1174196484658655,ok,0
4827,6.5018093051527934,3595680.5148336892,18,0.13631909660659169,ok,1
4828,3.9871186173767676,2349511.4431106183,36,0.19267545221263027,ok,1
4829,4.8977385894679415,3755572.949081576,18,0.10160200580443396,ok,0
4830,4.1205705238531305,2349511.4431106183,42,0.12878669039538357,ok,0
4831,3.4795334158876368,2267725.2931199414,41,0.099687192118987744,ok,0
4832,5.095394192881832,3819706.3658601847,20,0.090396149761920452,ok,0
4833,6.6332874835320528,3608498.3705225489,17,0.11846329590683224,ok,0
4834,10.797294254110573,4046450.0643831068,15,0.11201458021515343,ok,0
4835,8.1595452785773119,3672249.680948175,17,0.16107885576421554,ok,1
4836,6.29237517229486,3593402.9640681352,25,0.11997940230269108,ok,0
4837,5.1479584010535078,3651368.2808024371,21,0.1620518395446765,ok,1
4838,5.4463232015857459,3640028.9022561447,15,0.15534763435826349,ok,1
4839,3.8919317160811926,2980790.4908226882,24,0.096149556017205429,ok,0
4840,8.1551128666787633,4185394.0431075483,8,0.125,ok,0
4841,3.9782402023486063,2581618.0750895645,37,0.12309679957248931,ok,0
4842,3.4124901764855671,2378837.9975668644,34,0.10194678602763452,ok,0
4843,5.4738796736603375,3687405.3213938447,17,0.093359023738433133,ok,0
4844,3.9737391309602161,2628545.6714319899,37,0.10069069469303682,ok,0
4845,5.4959075054300053,3666703.4260484246,14,0.1554042074020679,ok,1
4846,7.4588395920933275,3903350.1485730517,22,0.090172984418430246,ok,0
4847,5.0694807785061879,3900257.8238863167,18,0.10728978027136282,ok,0
4848,3.5891957465786835,2349511.4431106183,40,0.1214692941208193,ok,0
4849,4.1428993994140964,2678205.3747857241,31,0.10675783453769838,ok,0
4850,4.301347485744782,3896663.7700541429,16,0.13159747313422776,ok,0
4851,5.7635782527608788,3603229.1109669064,18,0.096242752590259661,ok,0
4852,9.6170695202213601,3679796.3400536892,16,0.15033672026721279,ok,1
4853,6.0543717137711273,3823118.1200424116,22,0.12101456863535709,ok,0
4854,2.9685268158899123,2267725.2931199414,42,0.12241364122776266,ok,0
4855,5.823252153217819,3599039.5332193752,19,0.084355688344026403,ok,0
4856,3.8370681333348173,2786813.40424396,26,0.13208318317614937,ok,0
4857,6.0401288474277974,3761049.8484391454,11,0.090909090909090912,ok,0
4858,6.3032238561477278,3720707.5938482671,21,0.13577590222154773,ok,1
4859,4.0056464567706866,3601261.9687092314,21,0.10237558861433083,ok,0
4860,5.8318005455441648,3587725.412010727,23,0.084901803808703935,ok,0
4861,8.3759150091822026,4339173.0619021216,12,0.13198524444310766,ok,0
4862,4.8385471475030908,3616239.900430751,24,0.097007069639989618,ok,0
4863,3.8389859469673033,2581618.0750895645,34,0.10918519829697837,ok,0
4864,4.7005577848577964,3592788.8518507257,19,0.10617418709709003,ok,0
4865,6.1653172034292725,3679088.163348482,17,0.0966587195875796,ok,0
4866,3.4231898546359929,2090177.9550635067,42,0.13861849999782089,ok,1
4867,7.2962906195707911,3863012.7409568634,8,0.17676895842387075,ok,1
4868,7.119524704267242,4166266.494647461,13,0.14806848646881721,ok,1
4869,8.9971029555842357,3589722.2740648594,17,0.10426021520894524,ok,0
4870,4.4961203277500115,3682956.063222588,21,0.096039539937639085,ok,0
4871,3.9783737010099367,2267725.2931199414,40,0.13108288607359964,ok,0
4872,4.3701813242763254,3608149.4061350138,26,0.1139153376705635,ok,0
4873,7.0910855621278559,4091658.6324347514,13,0.12094773420808169,ok,0
4874,6.3577080503993901,3598819.2716082325,24,0.12207372633199279,ok,0
4875,3.4834621279045161,3838458.5453729397,14,0.11132065517660239,ok,0
4876,3.8048777574289452,2772356.9728852585,26,0.093250469941597025,ok,0
4877,3.2378035116249655,2342560.3317427742,41,0.11893832608940985,ok,0
4878,4.0396825890323491,2581618.0750895645,34,0.1178183776266688,ok,0
4879,4.6507922331634424,3600935.1189718191,26,0.12813901599576272,ok,0
4880,6.5263069656918926,3619834.079935302,20,0.13689940028259584,ok,1
4881,7.5031812680255543,3636783.2371876272,19,0.14214354911052274,ok,1
4882,8.1309175400221712,3711371.4082649248,18,0.10766496400143466,ok,0
4883,3.4966101758475383,2581618.0750895645,39,0.10632984976319204,ok,0
4884,8.6911834044057397,3595273.25894546,16,0.11942025541376711,ok,0
4885,3.4201840413915208,2142731.0761223878,45,0.14965226076461552,ok,1
4886,4.6408842521380933,3692951.400762991,15,0.16986431464605667,ok,1
4887,7.3391785927874604,3603326.433556187,21,0.17453822424679089,ok,1
4888,6.6884110047361833,3608596.7390359244,22,0.11060772009258762,ok,0
4889,3.8178114865113923,2342560.3317427742,36,0.16341422795482496,ok,1
4890,5.1874204529244263,3614853.334775032,21,0.081773306166469162,ok,0
4891,5.4742608583823937,3901499.0698796166,13,0.12015579177266111,ok,0
4892,3.1150392902210156,2008285.8541831209,44,0.11662286988790244,ok,0
4893,3.862068721548265,2267725.2931199414,40,0.11235873385783668,ok,0
4894,3.2526555514217481,2581618.0750895645,35,0.098924527754738756,ok,0
4895,7.3203310671806809,3751974.5665018642,20,0.15391384449984502,ok,1
4896,4.5811510639905588,3626817.6643998246,14,0.10444771392029295,ok,0
4897,7.2668281083683057,4148796.7087233826,17,0.13606427374764468,ok,1
4898,3.3486529809854608,2142731.0761223878,39,0.17190272499437742,ok,1
4899,4.2216568166427191,2954199.3212936129,24,0.10802320607612559,ok,0
4900,4.7985618626696986,3700862.1011540415,15,0.10530243635444325,ok,0
4901,8.7042364718648102,3640627.2847680133,17,0.13641279547895269,ok,1
4902,3.9089118754827292,2609060.0868099569,37,0.16916999474963335,ok,1
4903,8.1524892988961426,3634003.8689012513,27,0.089520042802189004,ok,0
4904,5.3451185602739208,3695185.6065003499,16,0.14452268873356755,ok,1
4905,4.7608341132322272,3643374.8937547482,20,0.16023804824092064,ok,1
4906,3.600629057694666,2267725.2931199414,39,0.13300908675823941,ok,0
4907,9.7076325360053666,3993309.6051031845,9,0.12709649387687449,ok,0
4908,3.7792913679532907,2267725.2931199414,38,0.14971972305050729,ok,1
4909,7.094880111586197,3598410.3981886134,23,0.11048280604288951,ok,0
4910,5.2248053809699968,3641276.746156889,21,0.15400971392029572,ok,1
4911,5.1262400962865469,3618746.2988962438,19,0.11678882916860733,ok,0
4912,5.6976979988746308,3626788.242730015,23,0.1070007292565972,ok,0
4913,4.593827782357355,4185230.6068245699,7,0.17125390441518101,ok,1
4914,5.4815984045397643,3714836.3253790862,25,0.091329096689857892,ok,0
4915,9.2589756799574676,3637831.5747435689,18,0.13265793584894803,ok,0
4916,4.5155096866990627,2628545.6714319899,33,0.1192184999561765,ok,0
4917,5.5737548388085454,3756902.686923115,14,0.13782437026524008,ok,1
4918,5.1415998766668221,3602313.6367549808,18,0.11601040602222534,ok,0
4919,5.3222267732222353,3639771.9165163091,21,0.075818043265318713,ok,0
4920,3.3536195155273441,2267725.2931199414,40,0.11687249548866763,ok,0
4921,4.8422458292259432,3711305.6765116504,25,0.13332883206426493,ok,0
4922,7.8361813986736655,3687890.8167855819,19,0.13162368717352463,ok,0
4923,3.2590653712409732,2090177.9550635067,45,0.13342723653972521,ok,0
4924,3.3323375876283285,2342560.3317427742,41,0.17812694585219452,ok,1
4925,4.3553888404606518,2773471.102127803,35,0.12331067069071061,ok,0
4926,3.8462603402182016,2581618.0750895645,37,0.11961104749516449,ok,0
4927,5.4884759231327234,4131040.7018414093,11,0.123566327469468,ok,0
4928,7.9570255078363497,3600925.2502601095,18,0.13253574951561597,ok,0
4929,3.3502277241256868,2008285.8541831209,40,0.13344424931335647,ok,0
4930,5.387447916585268,3615936.767297776,22,0.10521199719702212,ok,0
4931,6.746757660287896,3615752.1851215614,23,0.072979818983330447,ok,0
4932,3.4721013003972119,2378837.9975668644,34,0.091538842155670874,ok,0
4933,6.3616776179715844,3587119.1930684443,19,0.12088003299947708,ok,0
4934,5.3298097268660261,3693563.259015494,20,0.12867419583110518,ok,0
4935,6.3303642673629108,3587035.7437280035,20,0.1621465174315895,ok,1
4936,6.455365178450986,3666362.1696394007,22,0.15861870491402208,ok,1
4937,5.9358602927207418,3605482.2910155519,23,0.10099630320699038,ok,0
4938,3.3920773458808422,2267725.2931199414,37,0.18261984088254912,ok,1
4939,5.7010812670754696,3809188.3385343221,21,0.098776929332147045,ok,0
4940,4.7767387633916147,3634203.7572682854,18,0.090985839604583063,ok,0
4941,3.2990392751234885,2090177.9550635067,41,0.18176976217389468,ok,1
4942,4.8717163699123676,3590886.2283936753,17,0.10311154659190935,ok,0
4943,7.6757342733990255,4069677.1712892707,11,0.11112029133072404,ok,0
4944,7.1485792250149514,4285650.1366001563,12,0.13429799499127637,ok,0
4945,6.9547917334140585,3601267.1243378469,22,0.10790451534474887,ok,0
4946,3.3029403269948929,2416638.8374307705,35,0.12825850260667143,ok,0
4947,9.7165534482290656,3967853.8095150753,22,0.14347125736995936,ok,1
4948,8.4509356235619251,3758372.8672142108,17,0.16628447447938965,ok,1
4949,4.4851323920324777,3871586.3265739204,12,0.13276927573577912,ok,0
4950,3.4301501887354564,2267725.2931199414,35,0.15125229822752229,ok,1
4951,5.4200845189726792,3625796.6208354509,18,0.11231395898196594,ok,0
4952,3.1911814604942905,2342560.3317427742,40,0.15865194307402666,ok,1
4953,3.5085464742958012,2267725.2931199414,38,0.18350635283927041,ok,1
4954,3.673072200026438,2342560.3317427742,40,0.12962812901062815,ok,0
4955,8.0846409217264714,3627889.1349356435,17,0.1244284085112668,ok,0
4956,5.3010740521321598,3620680.6620304822,20,0.10965995704467091,ok,0
4957,4.6604614744853947,4305861.0174777629,7,0.14285714285714285,ok,1
4958,4.2154274272798702,3586102.332091012,24,0.13591752208269314,ok,1
4959,4.0157373367454809,4292594.0538953133,7,0.15251591914740581,ok,1
4960,6.4556465714767963,3638626.7241020021,18,0.15471161252911103,ok,1
4961,3.4634883104964058,2349511.4431106183,31,0.13412030476600623,ok,0
4962,6.4775348050195349,3618478.8193646306,19,0.13024170760224829,ok,0
4963,3.4571842592391255,2581618.0750895645,33,0.099142100481113826,ok,0
4964,5.1709133679555226,3893787.1577416924,10,0.14735378687565903,ok,1
4965,7.8870114094531303,3612317.5198854883,21,0.14777380540202723,ok,1
4966,4.5108565543725678,2581618.0750895645,28,0.12183064309378944,ok,0
4967,4.4718412778622323,3752182.1135134161,12,0.11131714370136409,ok,0
4968,3.7150861202778742,2267725.2931199414,43,0.13645620898873034,ok,1
4969,5.1026615580526542,3616655.6893406985,19,0.12658707313710604,ok,0
4970,4.3767589759624244,3714470.3114092434,23,0.09537744843318563,ok,0
4971,3.8811797219352777,2342560.3317427742,39,0.12079618556488902,ok,0
4972,6.6491570126222914,3604004.2317373175,22,0.10201015937076696,ok,0
4973,3.4412464216198329,2267725.2931199414,45,0.14231284791882132,ok,1
4974,5.3974745334957515,3588130.1996585927,23,0.11446322234568029,ok,0
4975,10.146383121834209,4005438.6824531024,14,0.1313534034469318,ok,0
4976,3.8811241822096636,2628545.6714319899,35,0.14105723002725279,ok,1
4977,6.1220596279111534,3732847.638872378,16,0.12193158945722671,ok,0
4978,3.4300632259149282,2581618.0750895645,34,0.13931092188993854,ok,1
4979,3.7284347377857676,2581618.0750895645,30,0.13103105719454755,ok,0
4980,3.5575264554392247,3613966.5465844693,11,0.11768243077350071,ok,0
4981,3.385834854305418,2349719.955294122,30,0.13702781647876039,ok,1
4982,4.1996365252269339,3677430.7432625471,18,0.11218839127351238,ok,0
4983,8.3310892592540746,4069394.1555784578,18,0.13709488276264101,ok,1
4984,9.2095399671092455,4830837.1570996596,8,0.15665226452830749,ok,1
4985,4.4540426046808719,2609060.0868099569,35,0.13373941954843682,ok,0
4986,5.8083599500639673,3623245.6290966934,20,0.096384819688344364,ok,0
4987,3.7657737419577466,2142731.0761223878,41,0.10297743836845463,ok,0
4988,4.2867180735137911,3679218.0679602297,16,0.10884516909058495,ok,0
4989,7.4046734555506246,3702126.7817277652,21,0.10879197016368891,ok,0
4990,6.143547554239313,3589003.1942109773,21,0.16382172265697803,ok,1
4991,5.504899634019381,3598409.1000110963,22,0.12039062045841398,ok,0
4992,7.9473322526045687,4048263.2421608996,17,0.10801601141089845,ok,0
4993,6.900174370593728,3762718.8494387763,21,0.17027081937875521,ok,1
4994,6.5954328816275511,4441749.4184057117,13,0.16712849314455119,ok,1
4995,5.579799612420044,3588654.9277454345,19,0.10776194669707351,ok,0
4996,10.886212202340074,3667945.6169766956,18,0.11317236347986789,ok,0
4997,4.2285275469506347,2267725.2931199414,40,0.15226345377284339,ok,1
4998,6.5253756986294604,3644944.7641103747,18,0.11283837133509564,ok,0
4999,3.7223030631369105,2357307.6858878741,33,0.12351626583761699,ok,0
5000,5.7362101735729585,4047535.5711197862,18,0.11896921374974168,ok,0
