replicate,xmin,alpha,distance,exceeds_observed
1,4855335.2447791826,6.8070049942867277,0.10094170560065607,0
2,3857480.3646452888,3.5097514899444149,0.11924719982660237,0
3,3841131.9447119706,7.9965690564370044,0.067569463756759651,0
4,3910654.5645377138,10.105296465792453,0.103515212771226,0
5,2267725.2931199414,3.5027771289881926,0.097745693825957658,0
6,2581618.0750895645,5.1157039908118991,0.11468159545230305,0
7,4266687.523640329,11.696612880784391,0.094366778105357263,0
8,2142731.0761223878,3.5451538141870511,0.16023376172523046,1
9,3796496.472500768,8.2761243654551553,0.13169013932531248,0
10,2349511.4431106183,4.0357941439104401,0.1317622951353547,0
11,3705410.9371444215,4.7853150585296884,0.076414613460162595,0
12,4025538.9559054412,5.1784644238332467,0.0917999668922026,0
13,3731381.9689376182,5.6484488381278615,0.092974088795362619,0
14,2008285.8541831209,3.047284526772474,0.1407484969848653,1
15,2609060.0868099569,4.2281517778576907,0.054031944098822504,0
16,3628699.7149453522,4.2993898275106819,0.072853807209974364,0
17,3998910.6384916375,5.050696918850659,0.10150244407038778,0
18,2628545.6714319899,4.1742262326987918,0.12698886070156346,0
19,2628545.6714319899,4.3053000868326281,0.12810223945346333,0
20,3746211.8600325622,4.345250992884587,0.074939423367727964,0
21,4271271.926220715,5.154643338100998,0.059689320341236085,0
22,3612091.0574918562,6.8021293905906957,0.11361418499839426,0
23,3629937.2442650087,5.1757593814662215,0.074257507398126199,0
24,3701251.1896091695,4.6648606244291511,0.12807087626543956,0
25,3739546.5654626377,4.2695025052788624,0.091292299307832558,0
26,2349511.4431106183,3.7453818321468599,0.094318638901707219,0
27,3592614.443701054,6.6926491501338168,0.078728833225094497,0
28,2342560.3317427742,3.5042724288977274,0.15995910489889401,1
29,3998932.8602802148,6.9524511185053557,0.11457186995187785,0
30,3962540.5984614389,6.7354507092969325,0.082780831149556866,0
31,3595907.8083489309,5.8821409798482005,0.072872598768417451,0
32,4001385.044272902,5.5067250024517733,0.12267641688346004,0
33,4068748.3738609748,8.0887970580929309,0.11883847715853102,0
34,4261574.2886986658,9.0877135026178042,0.072775143708095458,0
35,3640171.472914122,6.62066586669809,0.092358174884104471,0
36,3620527.775319654,5.9903681066311236,0.10527232678903342,0
37,2628545.6714319899,4.3645295185358144,0.12288737752815415,0
38,4541216.1612713449,8.7602085225525599,0.12304622773801233,0
39,3636038.077432577,4.6130397066906932,0.10708612825059483,0
40,3611277.6644809893,9.8248355481920235,0.12827795228578442,0
41,3893421.7498262548,7.6081658816882376,0.12615647813956832,0
42,3591026.3588562999,4.286229879672673,0.10148654014663627,0
43,3646748.0303804595,4.8508057158330722,0.14274681909489884,1
44,3602807.0566062513,6.7810292294273191,0.11896992600316958,0
45,3603182.6733592143,6.0803855054653191,0.11286899862224509,0
46,4434753.731465539,9.6528320227975932,0.11056811646115311,0
47,5185436.2678677524,16.844382111713436,0.15884776243103749,1
48,3725440.9941862123,8.4689627234696943,0.13236491043463672,0
49,2142731.0761223878,3.2256311850945592,0.11332809972208922,0
50,2008285.8541831209,2.8921140992894165,0.15537401863257022,1
51,3981790.3623859361,7.4934033977013987,0.081635754541779237,0
52,3769433.4319501589,5.1326402520219272,0.08786265896204748,0
53,2142731.0761223878,3.3702645781905431,0.15793292158312588,1
54,4038663.7004949604,7.7507275979762023,0.11652496393776512,0
55,3631050.4191206805,6.9864592103954699,0.068761970359337177,0
56,2090177.9550635067,3.4724521059759859,0.1515251929205379,1
57,3599714.4772943472,5.3344118319623881,0.093512164782865614,0
58,4350569.7993086521,10.125952942021229,0.095387715555708241,0
59,4876253.0747857513,6.1203412081218653,0.1057367795965134,0
60,4387646.0712212231,7.65774197249383,0.11130844323249067,0
61,3602446.3684257576,5.2281863574430814,0.06987536364964797,0
62,5025625.0751646468,6.9443092007157308,0.11966089638698996,0
63,3590039.6605269895,9.0521247120079043,0.10300064219002736,0
64,3672944.0451483037,5.543364137995094,0.10608978333138031,0
65,3662982.3333482663,7.838030780976867,0.093497495528655938,0
66,3708437.6416366007,5.7546151140997139,0.1045678027464807,0
67,3607698.5056695207,4.7977000264816558,0.064550048507986402,0
68,3158053.4917109548,5.2043430434639832,0.15025034168300877,1
69,2416638.8374307705,4.1920582341060646,0.12695420616687769,0
70,3614294.1371645858,5.1015786946025603,0.09575213012055428,0
71,3586168.2999106133,4.9898858837842184,0.11158998242723367,0
72,3762310.8499052124,4.7502324818611683,0.098148272736319653,0
73,2008285.8541831209,2.8371080106882651,0.16094633738231723,1
74,3659967.4021568964,6.05171662040076,0.15365567391608048,1
75,3734413.9473111499,6.6188605633090729,0.091142561768551289,0
76,2581618.0750895645,3.584443662172669,0.092669871676014648,0
77,3604503.8191223284,5.3060001091804221,0.12639388446246214,0
78,2349511.4431106183,3.766088995306339,0.12323166669526531,0
79,3664802.7758770487,5.350434634317323,0.11059874092553168,0
80,3587108.1662329589,5.8542614220832103,0.087157175088083155,0
81,3604868.0808402575,7.4954520778731313,0.10985020912300747,0
82,3670827.4067861885,7.3047264501877409,0.12313858550921802,0
83,4625694.6928077061,5.5547415855971369,0.097642333507203471,0
84,3591392.3191370545,5.7988515401206149,0.092732667586239215,0
85,3794838.5419547912,5.7315702278162046,0.095833785657824078,0
86,4637998.7768759327,6.9344645956001187,0.13751632828013305,1
87,3592091.1204741113,5.6712073607253348,0.11434751970462742,0
88,3683855.4766592677,6.5213728082067224,0.1379818746496172,1
89,2090177.9550635067,4.2037754496091662,0.11990627159230516,0
90,3692455.6229961095,6.2848807329415619,0.11270803979330679,0
91,4168749.1949706804,4.3872606241888699,0.10718550342348365,0
92,4021071.8446516865,9.4520176902412434,0.10513285601233024,0
93,3648530.4787559607,5.0348252119805199,0.076393319484279409,0
94,3841166.6686285818,6.763206586533717,0.10025543687976324,0
95,2342560.3317427742,3.9940749046347723,0.10036957845444539,0
96,2342560.3317427742,4.7724566002734674,0.16081389284547173,1
97,2090177.9550635067,3.1550760278021528,0.13673744303334395,1
98,2008285.8541831209,2.9383852949679117,0.129519636433157,0
99,2954199.3212936129,5.8654356395922758,0.14444463298669441,1
100,2349511.4431106183,3.1328066140931359,0.14041865490658512,1
101,4021399.2931908746,8.9813553538643589,0.16716631649799085,1
102,4310988.976054932,8.2957643336941516,0.073262700389806423,0
103,3771365.8813820076,6.006487691726786,0.15473581395926428,1
104,3624703.4054660094,5.4087174018082074,0.11010186059194738,0
105,3970936.0439121174,5.2870712841619412,0.10807831494058673,0
106,3802012.8965564398,6.0213332100366497,0.13493703285983261,0
107,4117678.1967742415,6.4011206537344654,0.11329020481847679,0
108,3597970.714988993,6.8564517075437417,0.096495418074536377,0
109,3695404.2888104911,11.367181033408148,0.10557239243641764,0
110,4545128.946585468,6.0201966789289658,0.10014888186605275,0
111,3650696.3126917784,8.942740806571722,0.1433150127125209,1
112,3753376.460928373,5.2741573271064581,0.071546150461405167,0
113,3997935.7577886465,5.9652845747969607,0.074843459309202331,0
114,4271625.0349009689,6.4990579176793837,0.10016800007329096,0
115,3592891.3756738929,5.5443321516127764,0.12378244204602201,0
116,3664242.7999027581,6.580317766009137,0.10225939409055951,0
117,2342560.3317427742,3.8262499817817326,0.15197596361915799,1
118,3717813.8811760028,5.4575432835415958,0.066428843934014575,0
119,3630750.2441876079,6.0357221236283038,0.074104224319968326,0
120,3655315.6883788425,4.673056300266639,0.12109027672783534,0
121,2090177.9550635067,3.348252205560867,0.099123953082987937,0
122,3627101.9950811709,5.2796592078446691,0.069120037993353423,0
123,2267725.2931199414,3.7368003916834165,0.13007933238784419,0
124,3629534.0699157105,7.5908142235526181,0.11170341986733012,0
125,3641683.6436593104,5.4100139127189264,0.11148717388683227,0
126,3755038.7546802722,5.5254241903381667,0.09187591730760597,0
127,3632038.2977793105,4.8409055963649914,0.087580501594341387,0
128,3680026.5310217277,4.8645704801323735,0.1256031477785281,0
129,3699744.4464728464,6.8967584955974441,0.074952548930416585,0
130,2581618.0750895645,4.8167140704612459,0.11950911819922783,0
131,2267725.2931199414,4.425110073959913,0.098878071156457414,0
132,3599370.7630532919,5.0481389409205191,0.075565692193887646,0
133,2378837.9975668644,3.689837148902682,0.12700080162997129,0
134,4063343.3319049231,9.5883986908055459,0.077149974493774809,0
135,3602728.0644528363,6.7759955797164935,0.12948023900784378,0
136,3642801.9732512101,5.332278903376185,0.1362572499672261,1
137,3669861.7780267382,5.5304920231996126,0.10784451794365935,0
138,4022753.5568185006,7.3601840655582675,0.12615261269828359,0
139,3606757.1033159224,5.7881958463075005,0.12241303726643948,0
140,2798038.8762947805,3.9885082240244247,0.13456027669866255,0
141,3606695.5898707155,8.7291205968698122,0.12175185053587734,0
142,3718530.1262784936,4.1926209104652932,0.05858787878443128,0
143,3261364.380769941,4.6382317286094707,0.11508095584524836,0
144,4127412.7775923442,4.5840454443653247,0.10141843173073528,0
145,3642216.3424143344,4.9601551604072158,0.053466522886860823,0
146,4649160.5546424733,7.9084298573807281,0.1062923620421965,0
147,3947605.8486628807,5.4415572302587698,0.081349104110990278,0
148,3638336.7498152289,5.7784222751758536,0.12934704618147586,0
149,3671145.3684485867,8.1963334784294499,0.16615797899651152,1
150,3980578.7278009243,8.0655471278554121,0.12936215154623454,0
151,3701930.9899005154,7.0817374207000663,0.069800648109835661,0
152,3927322.6391956178,5.4688238974151133,0.066463555364949023,0
153,2342560.3317427742,3.7136523532183139,0.15540823331121267,1
154,2628545.6714319899,4.497183058090803,0.15072576014292249,1
155,4477223.8102697972,7.3745063219714133,0.10669401567471093,0
156,3635478.6986257937,4.3976399373941168,0.11434381900582202,0
157,3608792.9118870622,9.9691733906444817,0.10876828111664527,0
158,4039468.1947748177,4.6496114218685989,0.065352528681104638,0
159,3810844.8437342625,5.516713894525676,0.081507625310275222,0
160,3673659.3672151817,4.7486147665718281,0.094674708870662205,0
161,4081679.1064263228,6.5232244627083231,0.10822893078732249,0
162,2349511.4431106183,3.8089172627038796,0.12996622671915059,0
163,3591106.8875634861,4.3501755244090337,0.10580252494102838,0
164,4035210.6125030215,7.0220187857440441,0.093134201856062193,0
165,2267725.2931199414,3.761859252147937,0.12014424103546351,0
166,3712420.6692469604,7.449466474012393,0.096444322741329691,0
167,3661858.0244207927,5.6187501603311585,0.14681542857102403,1
168,3811493.8921640711,8.5890000282520855,0.094340853185160722,0
169,4228634.8210544474,7.2500762052988366,0.10891752579165978,0
170,4294162.6420463696,11.58621673645211,0.12200603323923853,0
171,3705453.4367021858,6.1516540918634677,0.077407476974922229,0
172,3948530.5150244799,4.229720368058449,0.10762945044229033,0
173,3795775.4157696241,6.8879274773216652,0.12135704224248944,0
174,3751291.0526432856,5.5783386363264311,0.089197799856898019,0
175,3781002.3251985624,5.2384025819237792,0.11909042020426452,0
176,3603598.6463088766,4.8104835811363307,0.10783728422671812,0
177,2342560.3317427742,3.4187217261965275,0.11127001933355951,0
178,2581618.0750895645,4.0386627212786754,0.12446570035934151,0
179,3626064.4297450241,7.0635497493454436,0.16560365211677802,1
180,4043467.528929003,4.0433355215099667,0.10141001048520448,0
181,3641069.6818375718,5.2316383361582419,0.078359866635382025,0
182,3592180.0881954422,6.4901903745864802,0.073025630894503132,0
183,4701816.7674157321,12.800980618178663,0.14133217906149287,1
184,3596023.4080235073,6.0997190674629698,0.14043456226052675,1
185,3630221.484279959,4.7585972703364021,0.11502309356819651,0
186,3601119.6474661087,7.0801844567535639,0.12786010970434536,0
187,3768607.1978638493,6.1600674779843771,0.10856176110497673,0
188,3767617.0627222909,6.3285077201501911,0.12239204894291389,0
189,2357307.6858878741,3.5085414421738235,0.12128173397265118,0
190,4069053.4616953856,5.0624154066800591,0.14080507818226251,1
191,3878453.8348168833,3.9998563837970922,0.10045710529658902,0
192,2267725.2931199414,3.8036628621291242,0.15198506325026184,1
193,2349719.955294122,3.6203031723939971,0.12360195163094309,0
194,2357307.6858878741,3.5805862751476756,0.092738328727487329,0
195,3598336.8850677959,4.6656051831937697,0.10693607741489075,0
196,3603175.8089746744,6.3334425577100681,0.064809236759099054,0
197,3633813.4201309425,6.9951048032670364,0.087950677603766181,0
198,2090177.9550635067,3.4435438046955316,0.1108014300264496,0
199,3596801.8773825257,6.3135698543570991,0.092987119595818846,0
200,2678205.3747857241,5.7466636420433552,0.143676515552983,1
201,3669790.6715903631,5.1775707987636617,0.082173386798892245,0
202,3655086.3934301939,7.3249327042368204,0.07390374353737772,0
203,4015595.0211209785,9.7593398818960111,0.10329555214593722,0
204,3671531.4821780287,6.0899889529703106,0.095684248820095463,0
205,4583466.53887593,3.4583888987687912,0.11673364985928381,0
206,3809874.8457503798,6.6817082184970102,0.070743409526717538,0
207,3617939.4919971474,6.3037039100553356,0.12601770641913779,0
208,4138297.4703853056,6.558993284667328,0.1196561461217146,0
209,4005027.5657280502,10.431555587337462,0.091608869587247899,0
210,2267725.2931199414,3.5227576790628712,0.11132125641712312,0
211,3847159.5659524859,5.7718609050749752,0.099876896934428139,0
212,3655336.7137730978,6.3400299302393766,0.090099872825396665,0
213,2786813.40424396,4.4897181427375799,0.15867950019732652,1
214,3633791.7512133587,4.9277752354636277,0.11194949044551672,0
215,3601239.5217356361,5.2764583203699482,0.085343618644683261,0
216,3868650.3668082678,5.5863615149249242,0.088313133859503956,0
217,2581618.0750895645,3.4943025604787099,0.11807329040121817,0
218,3608169.0092657055,4.4782677794333896,0.070258716525182119,0
219,4316993.9375206828,7.0662483921327155,0.12165153899357106,0
220,3700557.0564930975,4.8654219775592322,0.14255212549699436,1
221,2008285.8541831209,3.1149359762316466,0.12631053643149348,0
222,2678205.3747857241,4.9736428175603935,0.099372840190194961,0
223,4373651.3427439127,9.6861523564550716,0.11016396922938676,0
224,3991214.2229337022,5.415657628454607,0.15433085209527198,1
225,3623150.4745443924,5.8156449686183702,0.13261638864330849,0
226,3617470.6203824244,6.6962253863852528,0.11040145155823233,0
227,4022510.5890483521,6.3563988635703792,0.12976241774139585,0
228,3693704.2929442623,5.32274502319828,0.070230622344577331,0
229,2267725.2931199414,3.8089325312293965,0.11139920837504758,0
230,4536391.9761086442,9.284304032071276,0.10338485045192369,0
231,2628545.6714319899,4.0024492389765669,0.091767361663932512,0
232,4276058.7561454782,4.0273849816417231,0.13403312931761868,0
233,3788842.6454175883,5.9007420059212263,0.11991244584706617,0
234,2142731.0761223878,3.578730130595162,0.13223846781931053,0
235,3823484.0291672922,3.8947470268601365,0.13688587164832744,1
236,2349511.4431106183,4.0191350207635397,0.13072406466674036,0
237,4024377.7974154851,8.9248235643968723,0.13245823813621838,0
238,3634526.3732845834,5.6530889497119903,0.14182384033071049,1
239,3751422.2825393723,4.9188510461369201,0.096403680066548647,0
240,3725210.9009847473,6.4915660253195373,0.1041326548528152,0
241,3673376.1869934783,5.831217497996608,0.1360189612781475,1
242,3593041.6726043597,4.5280034404344072,0.062884040433386246,0
243,4168307.222126029,7.634231606941432,0.12876469766907661,0
244,2267725.2931199414,3.9144919474165176,0.11766561057555924,0
245,2267725.2931199414,3.5963854599221587,0.15295014506904114,1
246,3158053.4917109548,4.4309692761330401,0.11849745338628431,0
247,4296375.4336294718,10.1419177743209,0.10783526531445076,0
248,2349719.955294122,3.9193839569244484,0.11237924666189486,0
249,3679993.9706651592,4.0682494179593389,0.076855068974417406,0
250,3771855.8211762113,5.1010946731165285,0.10203175094933872,0
251,3648327.2302999999,5.4855616026935463,0.12579867173981413,0
252,2678205.3747857241,4.7948140099206418,0.11474757497376364,0
253,3624979.8443017262,5.2905774042828959,0.066259760389703937,0
254,4895245.7218017895,16.019526009998,0.14106559574213218,1
255,3611747.8614442684,7.215198780276193,0.13680837173428162,1
256,2090177.9550635067,3.3453122118873759,0.13440321904338537,0
257,2267725.2931199414,3.4888453614052692,0.12889349902097336,0
258,4193021.8387092594,7.5796020225426597,0.089723196767555247,0
259,2142731.0761223878,3.8767408232821152,0.13978857325548172,1
260,4033782.7421686556,6.4597319853139012,0.084571178766285726,0
261,3635457.7419745135,5.9385698882166835,0.1269893666620121,0
262,3711157.4686593576,9.0347135998687413,0.092119251862777252,0
263,3601310.8248912664,6.0762882453776106,0.11164698793797034,0
264,3641474.557379588,4.7476506459106416,0.098948117629223842,0
265,3606961.0278901123,5.7787169572910031,0.085439573511847888,0
266,2581618.0750895645,4.2759188978612919,0.13976137421821822,1
267,3601069.5674177078,4.6431213650656922,0.082066683403724361,0
268,4550143.921743067,12.619209153827946,0.12872088971068452,0
269,3597556.2767520002,6.4760085744558866,0.082753331304847411,0
270,3592648.2947460879,5.4677798966232602,0.11362650764405369,0
271,3612958.3091172939,6.9981622461759123,0.10264693318323026,0
272,3698001.3789066887,5.6473651099137658,0.09326140124237503,0
273,3628975.7673589927,6.3936354412689349,0.15885129847799595,1
274,4312139.8322345028,9.9893143281152241,0.12916108310645436,0
275,3617661.9878145214,6.7808791085296383,0.12532378887262119,0
276,3798402.6996232704,7.3550770233676763,0.070622786714589214,0
277,3612981.1828798065,5.4636785303637385,0.080718026332880166,0
278,3158053.4917109548,3.6251806766315573,0.11185087740082642,0
279,2267725.2931199414,3.5830386438231003,0.13558613925779261,1
280,4772455.5848052036,13.213348739857777,0.10756600597805022,0
281,3629239.2007624004,5.9019397905718947,0.10978844636194562,0
282,3911633.9393606698,10.038239331593688,0.12913094968379524,0
283,3621855.8853256535,4.9902528593148645,0.066077378926036379,0
284,3720603.3644014597,4.0222010349511015,0.11812348735697031,0
285,3756242.8555203574,6.133416515023332,0.1017031557059086,0
286,3586081.5718841637,5.3772175704282787,0.10207250654171175,0
287,3585892.0837575044,5.1552698601255367,0.097193094371878341,0
288,2772356.9728852585,4.7734750716719327,0.15827275500865318,1
289,4825620.1969596464,7.1450837577169297,0.10159500670805466,0
290,4129371.803363964,9.5312052500475168,0.081042507412090237,0
291,3776053.3062540758,6.5143041732982576,0.063200316035234461,0
292,3668845.8912407146,5.169866273189295,0.074226446253261025,0
293,2267725.2931199414,3.8510319900314678,0.11093923423742313,0
294,3588418.2974359901,5.4957800940150037,0.10790077924899433,0
295,2342560.3317427742,3.5299280859759228,0.12402446715034909,0
296,3669870.2256092583,4.6022950861622105,0.088908945308419085,0
297,3864307.9083211897,6.6097615524382993,0.057378320073534383,0
298,3805435.3776151375,4.352622977199748,0.096443501753607191,0
299,2773471.102127803,4.3578818542590945,0.12572601490118052,0
300,3878972.3425575444,5.6310866738298149,0.08779481547185225,0
301,3614817.981568139,5.1161632239040093,0.090067868356815128,0
302,2349511.4431106183,3.9242494424305936,0.11869453787139805,0
303,3588686.3113216022,6.6418627154549901,0.092876974624719666,0
304,4102710.7623259388,5.9785615106464967,0.074697332652534976,0
305,4160394.0445107408,7.5194854558621209,0.099038275757078575,0
306,3615244.7493934613,6.5320740060357707,0.10852669602403364,0
307,3843637.4889322151,5.670318982117327,0.08147853266679228,0
308,3891894.4317188631,4.935444040962528,0.10576075644116056,0
309,3630984.1636858103,4.2423371567718871,0.1054458238005338,0
310,4024767.4680345701,3.8970017029394555,0.1309279415972171,0
311,2349719.955294122,3.7731480020346524,0.094417324470257413,0
312,2628545.6714319899,3.8983305505039052,0.10535454407731265,0
313,2008285.8541831209,3.1469340151449749,0.16471795631910857,1
314,2008285.8541831209,3.1681808126520821,0.13396612198707247,0
315,4297692.5647540456,5.2780011195405745,0.11688863584918696,0
316,3591170.5727829263,5.0344675281751616,0.077681536438286569,0
317,2581618.0750895645,4.1991520208726705,0.11157278267690962,0
318,2342560.3317427742,4.0371798405234642,0.13068118603306533,0
319,3651237.1802929053,5.037141892009072,0.076230934536342776,0
320,4354926.4871471403,5.4864205408526434,0.083895323259282062,0
321,3901685.8885421385,5.0834642846877127,0.10737937874557146,0
322,3760198.4200328575,7.6785617905726538,0.087765683671486239,0
323,3687978.4033767609,6.1964960040541426,0.11717081630218579,0
324,3879948.8298914372,4.980440811990543,0.16824451878705909,1
325,3593323.6981837694,7.9691819371681998,0.14709873162582332,1
326,2090177.9550635067,2.7537393930491976,0.11901887379328357,0
327,3733566.9509382318,6.139949212298867,0.092671236337554364,0
328,4307081.4776136084,6.8619280957662312,0.11455815255896373,0
329,3876196.4677032614,5.575420066665874,0.083540214043008043,0
330,2581618.0750895645,4.5916447330788914,0.1311749428797595,0
331,2357307.6858878741,3.170244772976357,0.086661478171514483,0
332,3641452.6565733328,4.4621376669933426,0.089766782819362012,0
333,4380168.2358006136,7.2464200580276428,0.17500209404168571,1
334,3820948.8610034911,7.3305854531026933,0.12984166907446781,0
335,2142731.0761223878,3.9702659915458978,0.11735351985551656,0
336,4258961.6724540219,7.8051891031328529,0.13655585210069954,1
337,2342560.3317427742,4.1495911637618867,0.10148926875489772,0
338,4407245.5225483626,5.7798970655047199,0.08144874484895348,0
339,2008285.8541831209,3.151464229758997,0.12288040604489078,0
340,3661823.8811999131,6.3840887633525245,0.081903112992175342,0
341,4092175.5523588941,4.4823408026799614,0.17420489296477404,1
342,2267725.2931199414,3.4095626188389323,0.15359445865009241,1
343,3795971.2158435304,8.6986254564814001,0.05583466757665273,0
344,3629451.869650071,5.6187898620160057,0.090677991772266986,0
345,3899254.9883770556,5.8596623987996352,0.088942351394239005,0
346,3723564.4267616333,10.322232979552432,0.11770159508599798,0
347,3657551.6220722455,4.3394581178072897,0.094785063793731306,0
348,2342560.3317427742,4.2845829511819735,0.12650064910355274,0
349,3630529.3851024876,4.5757647575473239,0.087325843562458094,0
350,2416638.8374307705,3.6977169214748673,0.10481127637086496,0
351,4548108.4336471222,4.940954637766577,0.092859845295971494,0
352,3587310.780757085,6.2197004806948897,0.11290563067303161,0
353,2142731.0761223878,3.4958983095726759,0.15395719927377638,1
354,3588795.3308465364,5.07101185028489,0.097879528593018073,0
355,3652080.1407172196,9.0033922026268822,0.074614267377764887,0
356,3660486.4083397216,4.9278096482294815,0.07235891303418962,0
357,3764740.6762984199,5.2126268667702584,0.086700917593066751,0
358,4042818.4522217242,6.9339578741064241,0.13143720234920692,0
359,2008285.8541831209,2.9958751012233655,0.14888551978868736,1
360,2267725.2931199414,3.9279387400582446,0.12072618680955433,0
361,3626902.3515906255,5.5816128766903157,0.09804982471823398,0
362,2378837.9975668644,3.7972323993099972,0.091668062323004063,0
363,2267725.2931199414,3.9411009099020711,0.13865795955898763,1
364,3615829.2044442976,6.1782722900616163,0.12314521483413698,0
365,2342560.3317427742,3.6583237158017408,0.14236823022303802,1
366,3602728.9197852197,5.4611876171077913,0.074871569083771017,0
367,3585884.8549528122,4.5122072314570731,0.080281763179267385,0
368,3695124.4662734456,4.0507539030511612,0.10741643487087216,0
369,3918307.5929639931,7.2294164343004166,0.076754960415304829,0
370,3890445.7218286037,7.2413345482600491,0.073920800097964423,0
371,4507050.5951888459,6.2753391016847706,0.095195400312002354,0
372,2267725.2931199414,3.9461356020864513,0.12399520898617866,0
373,3967257.0409069154,9.6704465495742493,0.08358209051420544,0
374,3635609.3026623442,5.8662434930835232,0.11097064573029725,0
375,2342560.3317427742,3.932145391731499,0.14295177585907293,1
376,5013745.8370419778,17.101743722442571,0.1134585610933162,0
377,4947287.1280934336,7.4257204711825411,0.089007198682898969,0
378,4331617.1056426782,5.0514871168987723,0.11350047576872679,0
379,2342560.3317427742,3.8697025933279088,0.14180924645126614,1
380,3610102.391220795,7.6695791160143081,0.10404013130652601,0
381,3605956.5950149344,7.315646876581523,0.073428357708799519,0
382,2349511.4431106183,3.5191510402765283,0.14279523708445707,1
383,2142731.0761223878,3.6729402528912578,0.098419508907640743,0
384,4113296.2472581286,7.9702425488987583,0.092189080904184206,0
385,3727903.9272719533,5.2654005572354823,0.1169261783427413,0
386,3624332.6826828178,6.1679823120744768,0.13129827205297695,0
387,3613094.3927413975,6.613064297625411,0.0751088839824402,0
388,3675808.0199453509,4.858262903862486,0.11600588748533053,0
389,3627000.086864294,5.5197861111620323,0.13203557300343238,0
390,3603825.3588601956,7.8628682921749604,0.1197447626321273,0
391,3661661.7092731367,5.2594431217886326,0.088476603607178461,0
392,4393615.4064355865,5.2543883749536668,0.10743542958377816,0
393,4579784.6037952816,6.004210061960972,0.095714883945910795,0
394,3643637.2614537328,5.0912078128182285,0.089534459075107098,0
395,4421891.6612318968,10.935036456188122,0.14061754649207553,1
396,2342560.3317427742,3.9002628711249239,0.12738230739210654,0
397,3640820.3239022205,5.2587057111829942,0.087331122394051275,0
398,2267725.2931199414,3.6322349820642095,0.12496886678926022,0
399,2267725.2931199414,3.7088288604484152,0.11053219500505407,0
400,4105644.7632559775,4.1404439032638303,0.095009534555671737,0
401,3614281.4487158232,7.1264065574289024,0.14957614673508923,1
402,4130435.0097241038,5.6116514387923981,0.13198961954020819,0
403,4306221.5834695427,10.675354135374338,0.16365491843645141,1
404,3591610.4176307963,5.7977763699243186,0.10798148216755982,0
405,3635248.3822940812,6.4415449906463405,0.13282040013218466,0
406,2267725.2931199414,3.4936370863274115,0.13358874137819188,0
407,3642469.6506240233,4.6830884440847829,0.1288786042204233,0
408,4052301.0482375501,4.5317819101966625,0.084895065680054338,0
409,3672504.5359199718,6.8557478529759139,0.087134594927484987,0
410,3602291.4496741467,4.7582593680890373,0.11570233289468257,0
411,3668525.1660758965,5.4499236580008938,0.10657116190864746,0
412,3861170.4119178886,6.7660272896614186,0.11338727540417703,0
413,3691436.0041108145,4.8605060922057275,0.10277383782764193,0
414,4439864.7857332546,9.5296425404834224,0.096885712414315817,0
415,3618230.2717893776,5.2616655512188473,0.12693456751746257,0
416,3594179.9082920137,6.6094134224632466,0.12610536419414808,0
417,3786773.4649882549,9.2340930359126059,0.11519736984165541,0
418,2342560.3317427742,3.5278690418954493,0.10627418260183577,0
419,3620208.4126855023,5.180923055082336,0.099519746501977646,0
420,3979863.1667320766,6.8536114113844313,0.10342991700703064,0
421,2267725.2931199414,3.5890709207054794,0.13745186880101001,1
422,3657857.8157272404,5.198832781096506,0.097638205506685005,0
423,2357307.6858878741,3.7435715382341859,0.14114931882795578,1
424,4319757.1127955187,11.339508953090181,0.12001183363002299,0
425,3621977.7743596723,6.8614879532932758,0.13561528128779121,1
426,4276332.6156841945,10.494441538600439,0.11665748263731168,0
427,3633894.661732466,3.6345475370596825,0.092724756800991792,0
428,3622052.0330658215,6.9112689670723277,0.11280580447638466,0
429,2090177.9550635067,3.7176241523264495,0.13578145454247709,1
430,4904156.8908764841,10.896171773034091,0.18026984881715657,1
431,4872044.9916238505,6.4340990834494605,0.080543647775183191,0
432,2349511.4431106183,4.0639913432322725,0.12399559908160931,0
433,3673901.1753943199,5.6668071129007966,0.09803527480646268,0
434,3647299.5852851672,4.8415756271334169,0.10487853310470807,0
435,3649975.6057394375,5.6157598098159331,0.13770758729824839,1
436,3635515.9506099494,5.2762102879595769,0.11203557229305094,0
437,3918480.8507843008,11.437206132809882,0.1132933384908964,0
438,4528679.8581511499,5.2841852556851325,0.10963017092807464,0
439,3601671.8975362396,5.3150582924586143,0.10375161235263425,0
440,3748239.5855551073,7.9999280179684167,0.10863083320963451,0
441,3631828.3192544952,5.5783519869303539,0.09768185443053945,0
442,3588320.1345180012,4.858016806190502,0.06697476195204688,0
443,3603006.0447746469,5.2255983363561151,0.12174329994591992,0
444,2267725.2931199414,3.7895615631286388,0.14224876983267021,1
445,3589351.8815885284,4.6797139407971571,0.082685554728632427,0
446,3617496.2517737565,8.5780314054211644,0.11903878491886,0
447,3713935.6440081238,5.8233074282788664,0.11000460583698957,0
448,4655538.055603235,10.304767686387436,0.14347559033593049,1
449,4444729.9846711271,6.1136879117083627,0.085715767970749868,0
450,3901434.7859472227,5.1234999184417074,0.1416454899587315,1
451,3699906.9590345114,5.5047646690959953,0.12678025757325301,0
452,3977699.865338644,8.1064626427872124,0.09617498807291594,0
453,3627031.9535348685,8.8307565030169322,0.11087088789924238,0
454,3766312.8654962643,9.0250663190603344,0.094532002223171818,0
455,4470341.4814458042,6.2186232402941393,0.10552431656341721,0
456,3603826.6065684538,4.68289479219355,0.10566881602710065,0
457,3588938.7966585774,5.7513953406873517,0.10197556096367655,0
458,3641896.736970494,7.2391180875070171,0.11450265314069108,0
459,2267725.2931199414,3.3557009323905973,0.10264444835567688,0
460,3608718.7237530476,5.269872720919242,0.098397412513817617,0
461,3624568.2830925439,5.4657342751956763,0.071204360525278565,0
462,4423846.3004526114,9.670476829112248,0.12315019253793924,0
463,3600594.8158226791,6.3401550364564088,0.097017802454931634,0
464,3632999.8513739202,5.4291248020130967,0.090797488189645614,0
465,3666003.9082530201,5.4820496546726547,0.11329514019665665,0
466,4225025.2433272004,6.8611150879181748,0.10723065853429509,0
467,3962965.9339428446,7.7862432378232178,0.085212472700574526,0
468,3634006.6039783852,6.6526404278025888,0.12575939391519075,0
469,3609014.3454219801,8.739129414632707,0.074834059567562672,0
470,3656770.6619847147,7.6503718292462857,0.15146840086363433,1
471,4904460.6462113969,6.034138763381768,0.10962639800253304,0
472,3659702.3899529665,5.0143501181330805,0.078140097200019576,0
473,3593738.1069042752,5.9657013337555673,0.069706740384236521,0
474,4139237.708884479,9.532404097280768,0.084458296689848722,0
475,4108960.0607435787,10.986004138384926,0.079078008077730577,0
476,3644180.7034885716,6.5166773093290749,0.1048039640095273,0
477,3637080.197732938,5.9068781236652734,0.087374805815095269,0
478,3602487.6531542218,4.5449455321663663,0.096999911299030406,0
479,3768797.4270484839,4.9145003403705099,0.10200865386039148,0
480,3917615.3358392245,5.1794876251638549,0.089967009633200423,0
481,3788656.3405483118,6.0433772622925614,0.085744075563832289,0
482,4014409.6518013976,10.108960429245649,0.12846244096182036,0
483,3896101.187153209,6.1151175979524997,0.064943334822553211,0
484,3589282.0826781173,7.4755759999420759,0.097378611098582035,0
485,4288151.1320487689,8.0788912252773226,0.096755725887712751,0
486,3991248.2347251102,6.6098640220807541,0.11941741556818364,0
487,2349719.955294122,3.3225130653771795,0.1138387105780152,0
488,2342560.3317427742,4.5064145850874366,0.11420742687097754,0
489,3639811.5861392315,4.7760098138591882,0.101709147598737,0
490,4072210.7736837268,6.1056492442902961,0.10002366997623968,0
491,3600459.0786875347,5.2990760051547356,0.11999628795654144,0
492,2357307.6858878741,3.762720433965971,0.10998159634114418,0
493,2267725.2931199414,3.5071302561912621,0.13446841258771647,0
494,3655878.1602979912,4.5808832153832979,0.1326819787089103,0
495,3611125.6545733484,8.2887105741051919,0.17883150560055094,1
496,4030695.3277466795,7.1671501411267746,0.12362721973394042,0
497,2142731.0761223878,3.459711250404772,0.13999315108266008,1
498,3589728.9756253697,6.3643546902700967,0.099317780797454985,0
499,3604076.4255538993,5.7342839483424628,0.085538481382899989,0
500,4748608.4223228656,10.771944755638495,0.14533351613257905,1
501,4172943.8304370726,6.1044488744399032,0.10974378036832766,0
502,3643411.0055798031,6.5197659308849305,0.1493916533095373,1
503,4998792.6385701373,10.229103775523077,0.11227153921051547,0
504,3778399.5006025038,5.850607163887962,0.14484624783281908,1
505,2267725.2931199414,3.9352757491783006,0.10770343669232518,0
506,3833958.7916879957,9.4509349947399528,0.1525118783689951,1
507,4389332.962227799,8.0895309393628292,0.12173606020288136,0
508,2267725.2931199414,3.4241046135753881,0.10164236871754029,0
509,3648418.0187480981,5.6220793215626053,0.1175068422208605,0
510,2090177.9550635067,3.6883216002878694,0.15166180050153888,1
511,3627737.8488416849,6.7717749245601304,0.11974352966092983,0
512,3766396.09738384,5.7534870420922957,0.10088031992872259,0
513,2349511.4431106183,4.376119008441985,0.13935832899626566,1
514,3697568.0823368556,5.7433584320276116,0.097100951946780145,0
515,4113947.6087526954,4.2625555172884209,0.12181078668028178,0
516,2581618.0750895645,3.6993141376461769,0.12260636573162786,0
517,4183361.2447379185,7.9605267179263279,0.093351478048329328,0
518,3619481.7931300541,5.8973918945414221,0.071697459917941964,0
519,4798784.9189789696,10.85878512458333,0.10833843561622292,0
520,3606192.6523994626,5.4216577574945033,0.1100757356833173,0
521,4660608.6551308222,13.433772792941811,0.16374036544748105,1
522,3658682.5083959587,5.81749258360633,0.11830979794012153,0
523,3724769.0227912101,4.1052644600469481,0.11959441876033572,0
524,4674589.3973622238,10.174512438949654,0.1097699862361719,0
525,3601144.8902816982,6.75167171163333,0.11528290715048473,0
526,3615206.2921408885,5.1480055921575216,0.070393059869007624,0
527,3741772.1956110448,9.1282852699309149,0.10283231790171821,0
528,3592350.7047453765,4.6375493030113439,0.088992309890561505,0
529,3664192.467699761,3.7789560387818382,0.061156851517998767,0
530,4438108.769974621,8.409135870979183,0.080738645157524602,0
531,3767027.2870996757,8.0566268895733018,0.066519642789018674,0
532,4327344.516319545,11.499670983224052,0.11312027637711386,0
533,2142731.0761223878,3.5772041347491377,0.11308321601773896,0
534,3655864.4830480339,7.9336788334517454,0.043688782339310395,0
535,3626821.3430775111,9.1827839745207847,0.092290785895837613,0
536,2772356.9728852585,3.485076842202032,0.10553257951936434,0
537,3625531.4538091631,5.0672059756345407,0.12641885253094692,0
538,3614492.1813266026,6.7901595886532045,0.10106725977796072,0
539,3784033.780473873,5.4033773577967841,0.1016166445811803,0
540,2628545.6714319899,4.0236932257243705,0.097063049519728384,0
541,3628067.7285495643,4.8886061808951169,0.12259386788542925,0
542,3621553.7104899576,4.2784922214140328,0.11503916620835658,0
543,3871158.9633630882,4.4773531705468361,0.07834798833693446,0
544,2342560.3317427742,3.5765631946425871,0.11689754668877261,0
545,3924303.8491973155,8.5055890300351784,0.12227135918675547,0
546,3610691.086589681,6.2414440664362925,0.12948485650371111,0
547,4095545.5537438453,3.9205729900383837,0.1119631620803071,0
548,5759728.7777521461,6.8673850981529769,0.10888282918174486,0
549,5290751.9726563934,11.784888823203868,0.12357039360705269,0
550,4676264.7227648208,14.143923201825576,0.12116182340303161,0
551,2342560.3317427742,3.4130865942011193,0.096709104263796863,0
552,2267725.2931199414,3.8009248056055314,0.1483117835255835,1
553,3611617.0022123437,5.3133140571585349,0.06490423357200692,0
554,3692214.9386633318,4.2678779690733712,0.09189314646015817,0
555,3636991.7171351467,8.9826040334090145,0.13210322308346611,0
556,3588794.7787506059,6.2771729351860834,0.15088169231390547,1
557,3607959.9390300238,4.6852510846478941,0.1091021429389874,0
558,3666673.1229255758,8.1344286649036448,0.10814531586319376,0
559,4076829.090718539,6.7124963595551614,0.11593991397182329,0
560,3664575.2006123522,6.1997160498909381,0.12292343540065731,0
561,2142731.0761223878,3.327512301461701,0.11982380626366813,0
562,3600580.8384255804,7.1205735394349716,0.10746408149100684,0
563,3601071.2074723421,4.5092643787681483,0.098366752016895154,0
564,3676818.6986449272,4.6923095643173705,0.099354437614125879,0
565,2678205.3747857241,4.7138517943569793,0.11778755614167091,0
566,3703636.9437351646,5.7286607269040344,0.11744535254283017,0
567,4427900.6595387878,7.4535028762885833,0.11553000702761285,0
568,3657729.5205625854,6.0278544254333468,0.10788936821850847,0
569,4125166.7624773066,6.0969633968539281,0.10238102294805518,0
570,3600878.9814952668,5.6402237804768207,0.10996890197021858,0
571,2267725.2931199414,3.4557612476096349,0.13377217404302261,0
572,3868005.7055286029,5.892418513998364,0.10390419415285157,0
573,3587220.9258743515,4.8120030287383226,0.11509622007708142,0
574,4253677.365007652,5.5139466361694423,0.073537987760811108,0
575,3649390.5585799329,5.4431498416087001,0.11194618878521656,0
576,3827580.0968372342,4.6699907745629599,0.16124882063615154,1
577,2008285.8541831209,3.2552259722314152,0.1439189461600715,1
578,3588323.4175774162,5.6967822426154928,0.10323253117447784,0
579,2090177.9550635067,3.222968404877169,0.11393011205633807,0
580,3754284.4536339561,7.0888807580144695,0.10255595763630065,0
581,3710917.3875370789,6.4445412489160478,0.11211046826400073,0
582,4079784.218669964,5.2119235658757779,0.13405190625297475,0
583,3640398.098138873,4.8439920327855193,0.12967841469590669,0
584,3650197.9305765294,4.039568394985027,0.084275023621735556,0
585,4958775.6987635,13.246392992156919,0.14118330990692107,1
586,3619619.5648404853,8.2486072285013776,0.10166432295888111,0
587,2342560.3317427742,3.2441953658910316,0.10581493610564086,0
588,3628322.6915671052,6.7836009013959409,0.077135167408168615,0
589,3608168.0393943219,8.227529296146006,0.14166962622297696,1
590,3725042.5235451953,5.540075368494163,0.084586338593224952,0
591,3828654.2073355536,6.1781110592742463,0.074753918138729836,0
592,3644501.8324914933,5.7147147801121454,0.12187437145259616,0
593,3622734.8519808338,5.2931840031563038,0.090313635244569257,0
594,3602023.1991706095,5.4111985299090106,0.07797077672456254,0
595,3763807.0104461238,4.8621237460514051,0.11255181516502433,0
596,3588964.0291929804,6.5790834809143641,0.085303201142235774,0
597,3809756.6690580705,6.7736772673649934,0.099517101249088635,0
598,3605429.0387718799,5.1831391653242012,0.081508238525504761,0
599,3647400.8137652678,6.1704143456651632,0.096289115998230201,0
600,2142731.0761223878,3.7342587867949981,0.15659267939426946,1
601,3618352.7256323579,6.814918942451289,0.13143167444178272,0
602,4049188.2580348752,8.0093289670764189,0.12372872233666954,0
603,3625273.394453309,6.5161295018210712,0.084759673852898398,0
604,3595190.2507124827,9.6067408928780988,0.10610818228198271,0
605,3729403.119805716,8.2617010234328756,0.099830746677347704,0
606,3687934.44494945,5.4129505025760567,0.09534754870279083,0
607,3874566.2670979071,5.0971728170890627,0.093880779501466727,0
608,3713367.0385719473,8.5782516611870321,0.11770554727935278,0
609,3621724.8953429745,6.6682142284092221,0.11120847728713923,0
610,2342560.3317427742,3.7531903090647636,0.087113794811597645,0
611,4111700.1285512014,6.9983882534381454,0.087658796633590386,0
612,2349719.955294122,3.4145094022664639,0.13746083147522248,1
613,4980701.3598645665,4.2563291392313793,0.098912903127799878,0
614,2349719.955294122,3.4764154863935923,0.12771705175125925,0
615,3765085.3256685473,5.7479972146595903,0.10886087224196284,0
616,3589572.4058640217,5.6860442450411499,0.12055299598416158,0
617,3889177.549522128,7.0515248558622359,0.13978177096686417,1
618,2349719.955294122,3.5416684183116338,0.11236037661848297,0
619,2581618.0750895645,3.5560378093115195,0.088452754203460715,0
620,3738096.9459310621,4.2145533471183443,0.061439967587651634,0
621,4223024.9082465637,4.9628990326032421,0.081443700445819986,0
622,3601002.605402221,6.5201578510328488,0.059317750015707604,0
623,3694656.1328860954,7.0168175563541828,0.15825543657525809,1
624,4684226.366412662,8.9368967566974504,0.12670309608076424,0
625,3585690.7556570852,5.8318796501580827,0.13226274462468834,0
626,3620778.1048615756,6.5192842750550071,0.14910519276554102,1
627,5304757.1390107702,8.5323937737120588,0.14694406701977414,1
628,4527899.6145591838,8.1135642619711241,0.13295777393856878,0
629,3619850.9729453027,4.8629144098380515,0.12571115748413086,0
630,3894357.4417979401,4.2397020664345249,0.11421798520618431,0
631,4019585.2190972283,6.4151031055746106,0.13971077755092964,1
632,3590246.7977218959,5.7562662776631157,0.14408399431377905,1
633,2581618.0750895645,4.3739062169851142,0.12988396821730319,0
634,3632310.0736982701,6.5363305123206192,0.10483430732091575,0
635,3628552.928515024,5.3453756823813006,0.14332820649337641,1
636,3651532.2477051043,6.9395057853986781,0.13050761633348784,0
637,3621842.7892593993,6.9778759665909131,0.15614111154813537,1
638,3999572.9729843242,4.8738416651017262,0.11696226720355907,0
639,3590942.493384507,5.6966223168050734,0.13442796215589448,0
640,4137938.7244657115,5.6000735235104697,0.10407011259872778,0
641,4128025.0801115795,7.8707705592989674,0.10532634386307749,0
642,3623150.5807079566,6.745649003686947,0.14164976590574307,1
643,4430755.755599251,4.1950928754512367,0.094860207990476952,0
644,4008227.973168754,7.0824291727793751,0.099946570771840992,0
645,3622106.6612395975,6.1919673205942445,0.13106325947739828,0
646,3724179.7513295114,4.2780594891075872,0.10615315321738938,0
647,2349511.4431106183,4.3452921909960489,0.1361189286361697,1
648,3261364.380769941,4.9185416141151101,0.15502861955696776,1
649,3731848.2366607659,5.9881293832183413,0.11125421577168126,0
650,4035293.2208992997,5.7235543034560123,0.075856407337862808,0
651,3763999.1634803517,5.5269633491300114,0.13528270246196372,0
652,2349719.955294122,3.4927053709914939,0.096687518199407352,0
653,3590645.7179081426,5.9331613947586623,0.12775862903523083,0
654,2267725.2931199414,3.4169746108700108,0.13415853445255244,0
655,3610527.8098865505,5.8133762743906994,0.082612472723255337,0
656,3635287.758238907,6.2533656203894079,0.12136893941360472,0
657,3644489.9521071408,5.6632250226572927,0.06967639578133944,0
658,2008285.8541831209,2.9907285941057755,0.16415485622441706,1
659,4985864.0102022169,22.629629664907647,0.14677195657813924,1
660,3588996.5153652411,5.1626273763412884,0.067074992414583257,0
661,4713453.731919867,4.8780552643728772,0.087232908132733877,0
662,4261733.0969680706,5.8582160001702723,0.082530565688087032,0
663,3606278.942721623,5.1414180140318919,0.10279941611814314,0
664,2090177.9550635067,3.5559361856855825,0.14059795441520906,1
665,3605881.7515810733,6.1076919870881339,0.13949205190524272,1
666,3594571.757580773,5.7514594565709762,0.10398846374047155,0
667,3678676.1688655037,4.843509712391552,0.099131246324997813,0
668,3685354.1987445047,5.3349633332722535,0.10294500198776857,0
669,3796481.3906107931,6.425880873469433,0.15205839936456567,1
670,3948904.8127313126,7.1670008514037944,0.079825535285689309,0
671,3859945.2355779386,5.2079918092338602,0.10518787562610743,0
672,2581618.0750895645,5.202366343615191,0.12216193329667752,0
673,4713926.3555072155,5.5670928558896176,0.089184579962373528,0
674,3606785.2573692431,7.1496156300330211,0.14114228336754886,1
675,2142731.0761223878,3.6082203127863623,0.12664846117926565,0
676,3648028.7191252615,6.6379947043242664,0.10319547029374432,0
677,3613997.7852905304,4.5319208832716305,0.084356524709622405,0
678,3591036.1462598587,7.5711955820179151,0.14064288267124331,1
679,2628545.6714319899,4.1596954715360317,0.11597862422179764,0
680,3655096.3128920458,4.7652151644649976,0.1032785447397323,0
681,4439397.49576688,5.2688528364370351,0.093035415794441412,0
682,3640412.2666469906,6.1488481877760757,0.098215591205131902,0
683,3903613.8141363133,5.0385822956315103,0.088392270275654217,0
684,3591534.5048697675,7.4926476805933673,0.079282668814874779,0
685,3634401.0415763883,6.112699917460886,0.11372885287027601,0
686,3710875.1024258663,6.3142150826936971,0.096318983553394188,0
687,3612602.0506715225,6.353761773650465,0.11685269500415341,0
688,4060140.3354955479,7.7781118213734546,0.096812362684178255,0
689,3669141.3218329023,5.4657107265413991,0.10040799357622271,0
690,2267725.2931199414,3.4812916599617254,0.11441828355766015,0
691,3604263.8816766827,6.0019215241130874,0.088912441685778387,0
692,3680913.751681366,5.3375565939340301,0.068161983721623409,0
693,3967310.1837403649,6.2436366512038273,0.090497019679120383,0
694,3846335.1680209488,5.4119356802693162,0.12016737736130001,0
695,3607517.9723047959,6.6132438789123853,0.10992320929645638,0
696,3654660.5425280198,4.6732365089233605,0.10671444572482613,0
697,3634798.3585164989,7.2737164944043817,0.095834309261954909,0
698,2008285.8541831209,3.445501022134434,0.15776222789625727,1
699,5433681.8253997006,9.7353382343184247,0.11758465697797016,0
700,3742868.2359792953,7.0457417008865866,0.13830435105558503,1
701,4462322.9952618079,10.916597993375845,0.13034507391461503,0
702,3689397.4682262144,4.8726573199652279,0.11837909754048015,0
703,3606012.8936939603,4.476603249449175,0.085851054105817393,0
704,2357307.6858878741,3.4744565876111069,0.095790647557261188,0
705,4040516.09475222,6.740497160904896,0.11666330977073991,0
706,3597533.1310794973,6.7308213047680274,0.13299108180689379,0
707,2267725.2931199414,3.6626610286817729,0.10397743501333823,0
708,2609060.0868099569,4.3175599698424127,0.10329668502221395,0
709,3734165.475092927,4.008139307345612,0.089159271997137746,0
710,3603852.8247574824,12.5467131491015,0.10720054827642156,0
711,3801471.6963074072,6.4823919341131786,0.17046092629808546,1
712,3921367.471695614,6.4307996196335058,0.13611276237716219,1
713,3618089.038960069,6.2230949366204351,0.079649909188280854,0
714,3599529.5237385454,4.9318908420722121,0.069122815587971176,0
715,2772356.9728852585,4.7444678611341544,0.10392305122322398,0
716,3590339.4620596082,4.9586523738704038,0.08353172443428003,0
717,3930804.4781871201,4.7537538423616947,0.098833112324072381,0
718,4009104.3396633165,8.9594246461151403,0.082092809294995572,0
719,3261364.380769941,4.7221721396587704,0.13869221782722041,1
720,3586589.2604203774,4.1294097099802567,0.10349974095653247,0
721,2267725.2931199414,3.1874360192068019,0.12697850167028446,0
722,3618301.281786235,5.4826860107804096,0.067138217613782025,0
723,3635064.7700772104,6.3561731894200753,0.10022516616589189,0
724,2267725.2931199414,3.6649417141648666,0.087028204444443924,0
725,4289124.9594524121,9.5691821249711424,0.12886886459821434,0
726,3901665.7143234941,3.7953393963463955,0.10986150991218158,0
727,4906150.9525067629,11.028461342199568,0.12214880465149353,0
728,3659772.8553829431,6.2507716450027093,0.10593266948391017,0
729,2090177.9550635067,3.500457444770273,0.091398090136402266,0
730,2090177.9550635067,3.5206563751237554,0.13080758471864784,0
731,2342560.3317427742,3.9968593519708739,0.1318879534994134,0
732,3261364.380769941,4.3763633129273716,0.12754132146195016,0
733,3593997.6762093143,5.032843857944969,0.072747731070129107,0
734,3608325.9961131248,4.4785135000390364,0.065838132684881923,0
735,3625773.2106804517,5.6359726075015697,0.082951447563918645,0
736,3658790.5536802476,5.2246367085500278,0.11719625860849736,0
737,3722705.2529681413,5.5679174241906813,0.060600623840904033,0
738,2581618.0750895645,4.6435265526040004,0.11569808069468301,0
739,4234598.7453567712,5.0328125578658849,0.11377014896275961,0
740,3855452.3305446198,10.00421436180209,0.14336379348202388,1
741,3612750.0813827515,5.7410865873949941,0.084171709295311814,0
742,2342560.3317427742,3.7436042403374379,0.14786212666942955,1
743,3596505.0562630421,5.9115058167238166,0.11916706390048559,0
744,3598253.6509980895,5.5671376092195723,0.072253651905468619,0
745,2980790.4908226882,3.704101439092534,0.11115758000282316,0
746,3659217.9084836049,5.0519148939713991,0.090166561243021137,0
747,3676358.5323173241,7.327499902225048,0.11168228820194093,0
748,3648761.514577176,6.8919899114131926,0.081612861044720542,0
749,4098479.7519599977,8.3548096165476977,0.14649306959606767,1
750,2142731.0761223878,3.4119524977072917,0.16041347749110202,1
751,3618584.5997040858,6.4825801283074016,0.13116601965764424,0
752,4202999.8228198411,6.9397069983578303,0.1097050086736262,0
753,2267725.2931199414,3.876650404463823,0.1078120000988444,0
754,3662834.8158518737,5.8822655754777724,0.11489690957494314,0
755,3942025.2596507068,5.9343964312745303,0.068802689214457091,0
756,3603310.3158413763,5.7929958206358165,0.091353298253480153,0
757,3924341.4624833455,4.8193607246722134,0.089542634202279925,0
758,3625661.9188270764,6.2397427455465078,0.10014242282502905,0
759,2349511.4431106183,3.6054703437674536,0.12057150237033232,0
760,3616638.2285158611,5.3133785286168607,0.13226817567984472,0
761,4420176.2643946279,8.1748225000800083,0.1072418275309433,0
762,3660633.8856585561,4.7924524619131557,0.087348491842130449,0
763,3646986.1435707402,4.5345204206862917,0.096337847414210365,0
764,2267725.2931199414,4.9163868894677067,0.12161990420316343,0
765,3617340.3565630922,4.1669207342600085,0.083006166293836614,0
766,2267725.2931199414,3.4833838160852357,0.1753416896027753,1
767,3622697.1197195021,4.5324074239020717,0.10349891665240385,0
768,2267725.2931199414,3.7728599163041214,0.10683261380277326,0
769,3639524.0439944067,5.180333245696854,0.087996944109652114,0
770,2090177.9550635067,3.2898738747089169,0.12150225972538403,0
771,3678172.4116179431,7.882206329042047,0.15201843510213953,1
772,3660192.1296406728,6.1598269258267093,0.092889488996259817,0
773,3663005.5251154467,5.2446265952506534,0.104756776252796,0
774,3733385.4945598175,4.170564266980703,0.090165971272669843,0
775,3615377.4979531579,5.9837708508728902,0.14316655181005322,1
776,4161493.9145324132,7.081646676207427,0.076575636345587283,0
777,3854332.806993518,10.655270679056329,0.13360133671377306,0
778,3585881.7970051914,5.9382699731059319,0.13037960481909083,0
779,2267725.2931199414,3.9727551611533833,0.17080355468140052,1
780,2628545.6714319899,3.549341932186294,0.092870518827198212,0
781,2267725.2931199414,3.3070424222653019,0.12094232761595247,0
782,3810376.919520386,8.8971007607251185,0.13220760937088361,0
783,3620097.7741918173,6.7609544074097645,0.11056882520261979,0
784,3636377.7242540214,5.6513418023580568,0.1127671121728494,0
785,3614290.6592974253,5.6313435203754665,0.14849188902710841,1
786,3599255.2633199678,7.5496072111820229,0.1175723742276179,0
787,3627043.2472966034,6.6160426085202166,0.13643197030080856,1
788,3636842.3165332275,4.948093421667032,0.08291771783026225,0
789,3780230.330963728,5.2532750224167284,0.14532056706095375,1
790,4194926.9332995452,8.843688893236342,0.096709317919927762,0
791,4181376.3045859868,3.9143039773176844,0.10615201586650636,0
792,3894217.4503884134,5.4936280540023263,0.070443164864417734,0
793,2609060.0868099569,4.0170667920817458,0.1439962381927361,1
794,2267725.2931199414,3.6039994345320965,0.13005867084635447,0
795,3768995.4731603139,5.785564360682673,0.077948498803287025,0
796,2267725.2931199414,4.0480344608245105,0.09622035427422615,0
797,3594243.8577121175,7.4408442411037168,0.16775759051004629,1
798,2581618.0750895645,3.3934608708978717,0.12387555846598142,0
799,4607468.0510560283,8.1420084461694486,0.12517030508726257,0
800,3616066.9110176573,8.852660672760301,0.13598552038054224,1
801,3587324.42710318,7.6630197174203474,0.1142950913595413,0
802,3590166.6891172808,5.2075912785640321,0.11265985466996109,0
803,3689335.970960774,6.0135169921762355,0.092067045592512109,0
804,3613674.7496927585,5.0237208301794993,0.14621154526680624,1
805,4038841.2614621301,5.1814173135639381,0.10762389711128639,0
806,4338993.4920923943,3.9672961405167442,0.1057335296598062,0
807,2349719.955294122,3.9752340704898232,0.13031796209935764,0
808,3590040.6204684465,6.1019101783280991,0.11618911648836794,0
809,3599770.023567989,4.6674096817787856,0.087370329461039842,0
810,3885149.250409021,6.9163311247960477,0.069715808093559595,0
811,2267725.2931199414,3.6920675483611674,0.12054781103063983,0
812,3607320.3921409333,6.2915891826848824,0.14583903308014357,1
813,3596841.3905848186,7.9543118012296565,0.057817165649669544,0
814,3261364.380769941,3.6086863658213355,0.1004946538453409,0
815,2342560.3317427742,4.5312267279890905,0.1348494585768476,0
816,4298038.0117644956,8.5855686228294701,0.095234930569323972,0
817,2342560.3317427742,3.6851789066350844,0.12272076350421779,0
818,3681675.8614013181,5.2117919475860237,0.10807271998493045,0
819,3587788.4739390207,5.9100882791755103,0.098292771288349123,0
820,3701711.1497921371,10.541294732684252,0.054199113098419072,0
821,3803294.2999215433,4.8469003142106581,0.11925195198833766,0
822,2349511.4431106183,3.5140034263711351,0.12554573848498407,0
823,2142731.0761223878,3.4787290193523162,0.15067356157051776,1
824,3873478.2170314118,7.6723481362557813,0.094281409906833119,0
825,3619500.2611184232,3.9467701133746487,0.064161927943120589,0
826,4437183.5154991979,5.8305488739857685,0.16258697252285059,1
827,3598347.669205477,4.4704975083828931,0.10810918786340629,0
828,4144108.0446276283,4.6453605372158826,0.091438092575975224,0
829,3601114.7373733297,4.9436311304894005,0.10701891886402515,0
830,2267725.2931199414,3.6155167250994009,0.13943449651043333,1
831,4249390.5116933044,5.5748183045344746,0.092674438486271271,0
832,3821671.5281294654,6.30831835781016,0.10465585165984326,0
833,3662911.466446714,4.2671570943305266,0.089084709616521263,0
834,3616378.2899010452,5.9643932985173853,0.12382707138099058,0
835,3618163.8362248754,9.9635236348169549,0.085055695687172195,0
836,3761817.6491402318,4.5894219472872821,0.08577291854027963,0
837,2142731.0761223878,3.4077231785205546,0.11625862362110667,0
838,4562809.4442052674,6.8829346129015345,0.10816731506157629,0
839,3629010.7155237412,7.4972458631522114,0.095161560997554795,0
840,2349511.4431106183,3.6404533868349254,0.11781846075402458,0
841,2581618.0750895645,4.0384099592644489,0.087432909895843958,0
842,2581618.0750895645,3.923503351921358,0.12170042831350308,0
843,4896293.0126325842,6.0597850036045475,0.10163794252651148,0
844,4860832.4713415848,9.3129748084151558,0.12417217354756771,0
845,3861365.7118497421,5.9138896848683205,0.091441319566445745,0
846,6068933.0618803892,7.2701819547447899,0.11628528517443881,0
847,3774520.8837662027,5.1163921601210669,0.10418860399941443,0
848,3602391.6770999669,6.8804753956335984,0.11483279816889547,0
849,5208862.6064691069,4.1582404990774586,0.11395113334413881,0
850,3599253.8678953922,5.9165095365866405,0.11285544458688945,0
851,3664277.4897718295,6.4302665444737936,0.14161058867645959,1
852,3589745.8787794416,6.7848676998812021,0.090994803792927237,0
853,3669993.2301481864,6.2422659525857398,0.081972934202644732,0
854,3877312.87665893,5.4318139497313043,0.08002684552084216,0
855,2342560.3317427742,4.1041953809543719,0.11773457953768229,0
856,3587453.2178819887,7.7276735184518559,0.1658638968364945,1
857,3586798.1440130905,5.3919530981982762,0.075197083669517606,0
858,3667873.2184478119,6.0451166127943647,0.10729150318017977,0
859,3820032.100216262,9.4283410012752675,0.124437506093795,0
860,4078390.7151518469,6.1450806044143524,0.099608882819667288,0
861,3623811.7103167316,5.7754481640790729,0.10577239092123136,0
862,3604943.4990455783,7.1668432749321926,0.1045052334967681,0
863,3789838.1208641459,5.417672079053931,0.09117130686641145,0
864,3623911.9470190532,4.1751151511069162,0.09927269717323417,0
865,2142731.0761223878,3.875011468611731,0.11349052736935084,0
866,3722072.2845688919,7.3473294941324632,0.079636177217919935,0
867,3616490.9894575197,4.8071925630107453,0.096237827260316822,0
868,3799505.1256951755,3.4215456400998789,0.060923535214560953,0
869,4112319.1836604699,5.6026337639773711,0.10137651763487099,0
870,2349511.4431106183,3.5508978854272133,0.18147060918780339,1
871,3613202.1660318719,4.6636569413573365,0.094814284832496876,0
872,3792717.3705007159,5.6677430585353967,0.11693154103843195,0
873,3602129.9764842819,4.8703248819064244,0.094081680477171581,0
874,4035559.8442836907,6.6159601436173672,0.095575195743137775,0
875,3733868.2506436147,4.7751821376901926,0.072639331857857092,0
876,4024004.7043849551,6.5356957277593422,0.13517018029839845,0
877,3591058.9672501576,3.9399578051078477,0.083104265951798595,0
878,3688156.3859128919,14.633832944547036,0.15750271252625403,1
879,3614400.8630346367,7.467021289461826,0.13586364311935761,1
880,4478554.69641943,7.5992344699594607,0.099096053685630653,0
881,3596164.7968855565,4.9512814439143895,0.078889552112878569,0
882,3739993.7936081481,4.4698328254482336,0.095626381534685279,0
883,2349719.955294122,3.9615931320325282,0.13728325693923926,1
884,5058339.3193491893,11.883053291343323,0.14312374575808506,1
885,3611126.9318115567,5.5639303262675197,0.10107184519720469,0
886,3837256.0137233757,5.7442242107155099,0.14164911912305578,1
887,3821726.8487546463,5.5684753077394635,0.088820062746028439,0
888,3625001.1221254007,3.8807604736238037,0.10652407365162153,0
889,3619300.7972584604,6.0168070162324687,0.11971246858052065,0
890,2090177.9550635067,3.1644704822117844,0.15788404652306254,1
891,3742257.4708408737,4.2621945860484924,0.10050112446589354,0
892,3586987.6274927817,5.6997591701579067,0.13207691529832777,0
893,2678205.3747857241,4.6408875997995418,0.11095421895222501,0
894,4036901.8955538208,6.1722076076510213,0.090690417418786917,0
895,3590430.795029385,6.727093357306809,0.10729317954743312,0
896,3785586.4440026507,4.4707072345532719,0.10238007116634951,0
897,3653511.417877329,4.7110336052042712,0.077082915562273313,0
898,3591983.2255401737,6.0203869432756543,0.11364803441430016,0
899,3997591.6956489184,6.808469044130625,0.14256010903193728,1
900,4416021.5412883507,6.5956077909667608,0.10631128219146868,0
901,3787514.4079431118,9.3367389167379997,0.089465100164601852,0
902,4303497.1067393105,9.4198194707732803,0.10400646341478514,0
903,3647768.8117862903,5.2924330656868062,0.1160199575042028,0
904,2349511.4431106183,3.8661256353488374,0.16605442896874012,1
905,3648788.9876522273,6.6208354276689629,0.080699127232739226,0
906,3711775.2946438417,8.5701906728952313,0.13427003435850049,0
907,4020751.9379992303,4.3909346577813482,0.10415118282713254,0
908,3620585.2583692791,4.6499607439595447,0.077658532763725918,0
909,5056147.0606330894,7.138997717968719,0.09832371928104372,0
910,2342560.3317427742,3.9363078150493624,0.10537411837307026,0
911,3603734.1993590933,6.1544823772437844,0.072857832863248873,0
912,3667660.3422357668,4.8411951223553853,0.097627305296597133,0
913,3630586.7473068861,5.3095322331174897,0.095918866484130172,0
914,4073407.5662162835,5.8156076974601483,0.10951352946834536,0
915,3593281.2374117132,6.5737306397242454,0.16122715501783835,1
916,4417077.6396846417,9.4077565750011409,0.14323255358116493,1
917,5462578.8925517434,13.987003937166397,0.12775174440518455,0
918,4182242.8739361349,4.2373699590592633,0.090068798439123021,0
919,3724507.9649411007,10.61936796101231,0.1335849086573799,0
920,3628897.1488598762,7.1189582305403984,0.1489365925666406,1
921,4380023.9162979145,7.2507265243605357,0.13347278057896683,0
922,3773908.6280309181,6.9122688911462751,0.13476995328603936,0
923,4263310.4898980241,16.316395730533785,0.1229719214010262,0
924,3855153.9716916848,5.0354574988703718,0.092004123916492597,0
925,3738047.6529288292,5.5723903348683868,0.099817607900203775,0
926,2267725.2931199414,3.9260279821471236,0.10440893146955077,0
927,3261364.380769941,4.3725125360092063,0.12911710686940103,0
928,3719809.2306858688,8.9077195626895662,0.11939481257726392,0
929,3618795.5858454858,4.5157218493660087,0.11522570138054022,0
930,3633196.8645963548,4.3315243736172064,0.095152441747110572,0
931,3660176.7367076343,5.9464682731192546,0.1353030013901057,0
932,4028021.0058489908,5.4783294299784044,0.10849323387418375,0
933,3659625.4069196107,6.4396850753226911,0.13608082546220057,1
934,3654853.4278945555,5.2262426113812577,0.10258644612213297,0
935,4063619.1576589411,4.0237046646782053,0.1122459119930227,0
936,3781415.561093051,10.247798837319987,0.093425815242424437,0
937,3691531.9564067987,5.3075723985310104,0.10410946781949082,0
938,3757901.0659005987,4.8108734770565738,0.11343929399745323,0
939,4081182.3868235685,6.6997381379426653,0.094443936011276319,0
940,4126497.4580959133,9.4886052163584242,0.079268831219130753,0
941,3957279.8494854318,8.7693635155502125,0.068082189204529242,0
942,3941394.9576935023,7.1056369461580893,0.08622042911344785,0
943,3670939.7634992157,5.7363706513515824,0.079241438227734606,0
944,3590833.9637709274,8.4747118290006291,0.092115180819918874,0
945,3591484.6778505766,7.9987161479429911,0.11487743782465776,0
946,3736250.5694551542,5.258002795231123,0.13295832389039475,0
947,3653954.0330050685,6.5761015598849424,0.12966441796956446,0
948,3591256.5116989473,5.5057098613244229,0.094264481234912822,0
949,3735781.4831522456,6.0094954274992336,0.085290567740055168,0
950,3743640.6597914211,7.9036952928701698,0.095582771805018951,0
951,2342560.3317427742,3.9816836862788625,0.130326585597481,0
952,3595480.2798994845,5.032733974245172,0.086588616198949753,0
953,3829257.0106473868,5.4753357859562097,0.098055252233347767,0
954,3587267.2050440041,6.4599518704517314,0.060631420119511698,0
955,3659315.0844336329,4.8876252657064798,0.092692873642736262,0
956,3631143.2127334992,5.5924527594282702,0.12831719612007264,0
957,4197938.2720961412,9.8956106184565993,0.077110186718915286,0
958,2267725.2931199414,3.7162369016795567,0.16811947515605841,1
959,3985310.5733508426,5.8361950162984559,0.099053187324132513,0
960,3856187.4749557343,7.6802677207813304,0.11996879293627055,0
961,4323046.9411716294,9.8531220391959842,0.1109718754687401,0
962,3646432.7815129547,4.5831132489611983,0.10697103506310102,0
963,2349511.4431106183,3.2022648908503619,0.090733288867209994,0
964,3589790.7163799494,7.3808578996634617,0.093479512930254138,0
965,2267725.2931199414,4.0043175159205928,0.092527970970197493,0
966,2773471.102127803,4.43057123247499,0.12805326784584448,0
967,4591683.6152860047,8.1701933386460457,0.14926289687343969,1
968,3680227.4332033312,8.1375039713416406,0.075738394464876402,0
969,3625573.1991417054,5.6977820257516436,0.14729963468938367,1
970,3621137.1201951951,4.5859712295998944,0.12204502728005162,0
971,3886317.4285287024,5.4599631836433087,0.10182445147980612,0
972,3904986.0105837462,9.1281257488929519,0.12785381948595356,0
973,2609060.0868099569,3.9430038429551346,0.093547472817187671,0
974,3608098.016974872,5.4353161785634159,0.086728702891790369,0
975,3872601.0356591367,6.8149091636296824,0.13505338315038606,0
976,4899542.3177464064,5.33072236680845,0.094047091794534632,0
977,3597105.2279700367,6.1145247435484533,0.1222219251661858,0
978,3801088.8661091025,4.7229034008304103,0.088416463121702871,0
979,4186174.300485848,5.8627148696641935,0.10453665377928456,0
980,2357307.6858878741,4.212537604980831,0.11037990808474402,0
981,4769762.8039296204,5.5699462725368498,0.13926568537906414,1
982,3806106.4768736009,6.5743041038925352,0.096463059655233163,0
983,3720419.2533606119,5.8843591977720031,0.11992911568507547,0
984,2267725.2931199414,3.4447910814084608,0.15181314892425368,1
985,3645983.1278993166,6.5576397049198514,0.096900512884487089,0
986,3875921.9632732063,3.8926853226758302,0.14076048697017174,1
987,2267725.2931199414,4.135485733126222,0.11549899909393857,0
988,3629682.5067156362,5.0298255054187955,0.099444490043981426,0
989,3733100.1331900219,4.3537350584263592,0.10899697334198299,0
990,3780018.2838410013,4.9572683272562994,0.081629069432096746,0
991,3786267.484857609,6.8780324563272792,0.083757974315220252,0
992,3628219.1119702077,6.9268707965411265,0.098795327363597751,0
993,4125859.6265674918,6.5637224704775994,0.10603488376304027,0
994,3606348.9610789032,6.0042604353745475,0.13125470435460362,0
995,3593942.2162264292,5.2621745223135408,0.10553349625847031,0
996,3655164.4484615866,5.7453056750669056,0.11575919874260943,0
997,3859332.0722520538,4.187942523019621,0.078211740984455713,0
998,2267725.2931199414,3.5297517092773449,0.10301566542101842,0
999,3601253.5487754424,7.9120085514281637,0.13612563628682739,1
1000,3596337.6876258538,7.9641421864290116,0.13764409272091316,1
1001,3594860.4225098412,5.8719611771453417,0.1160709224396631,0
1002,3609558.9987827423,5.7671680262458214,0.11384353728008434,0
1003,4045549.4581150869,12.241943463733957,0.13594794286539835,1
1004,2581618.0750895645,4.2424200441711788,0.11927782151202182,0
1005,3853713.0840752884,5.1011405392876501,0.11399250160826507,0
1006,3715592.1304059415,4.9365554775443581,0.094004610643026565,0
1007,2142731.0761223878,3.0503172947479475,0.11344039673544426,0
1008,5473801.9296264211,6.776708292856096,0.10569973625835705,0
1009,3655582.0009257672,7.0358494006208048,0.10856229967241199,0
1010,3596273.089684424,8.5760228672168672,0.1053540701620439,0
1011,2786813.40424396,3.6179696903471665,0.11453100902339375,0
1012,4248654.0217271149,7.9968275330412251,0.11179713974612226,0
1013,4219448.0335654048,8.188278030998859,0.075968304241081031,0
1014,4011651.0704620839,7.4239746114679095,0.099965464815108485,0
1015,3714428.7056004195,6.5409992874823795,0.072438138957124476,0
1016,3875368.455981879,9.789826779800384,0.059972881805429479,0
1017,3814116.6353905275,5.1842266732352469,0.17339146536211375,1
1018,3797615.4177765446,7.0016336128969403,0.12545352928840914,0
1019,3595516.7094273693,5.6503288006608976,0.089803399950264318,0
1020,3797729.2346729953,6.8484016920185065,0.10205469175645088,0
1021,2267725.2931199414,3.005094455052622,0.10313484318026778,0
1022,3590295.5057572857,6.4777629989832457,0.12438795363292743,0
1023,3691896.3208144745,6.6767017617087863,0.097795524832761882,0
1024,3622372.2376389564,4.7489667295499487,0.11781428975660757,0
1025,3635124.1313832938,5.9846002904105413,0.11474193322990733,0
1026,3699256.6851457581,6.9353452064550041,0.085374103605964091,0
1027,3725311.2375054788,5.6836409797053227,0.080711085819646144,0
1028,3791833.5463032373,4.8543161927896845,0.083912425901595644,0
1029,3758639.6427503196,4.3740778700958263,0.10204964599135091,0
1030,3630634.5311252796,5.6609537550482782,0.080662983520268128,0
1031,4417030.0371592855,11.566505459011333,0.14736283441622322,1
1032,3871424.5732067716,10.760939710116132,0.12828240252334433,0
1033,2142731.0761223878,3.8427855211943305,0.11278745654019257,0
1034,3642499.2616209229,4.9176362477792148,0.11900816312508306,0
1035,3817153.4364661523,7.5334426169509685,0.090000300806825084,0
1036,3595994.9841483179,5.095616493277622,0.15116621973181088,1
1037,2357307.6858878741,2.9767226708857275,0.16812824229295381,1
1038,3598795.2644366478,4.8840912286346931,0.13954398242114985,1
1039,3621313.7285639243,5.8194138969636953,0.099347420979854606,0
1040,2349511.4431106183,3.9712863410627093,0.12094847480865534,0
1041,3627595.7971691932,9.454792665032727,0.084755200753442339,0
1042,2090177.9550635067,3.2166578081281094,0.13342012102605361,0
1043,3775151.6685840515,7.1294497502010676,0.081260633028711893,0
1044,4131981.8006423167,7.1121956049427313,0.089868502639258718,0
1045,3795593.9835630865,5.9791013779957964,0.1089745871095556,0
1046,4464045.7031338094,6.0313570383992836,0.097088590578750189,0
1047,3830619.7724316353,9.4207051599468858,0.11186869121583698,0
1048,3811010.24988996,11.776860887670379,0.11606426643511936,0
1049,3703072.2586668129,6.9450362452929593,0.13704958275914481,1
1050,2008285.8541831209,3.0415356627527328,0.14260471307810296,1
1051,3754059.1860402059,8.1929035642949266,0.12644546000568591,0
1052,4001980.7351179165,6.9486639865733562,0.1359519341450095,1
1053,3592388.42848414,6.3694022796094556,0.08590223388924717,0
1054,3999431.8240071647,7.657371472371703,0.12563602780663519,0
1055,2267725.2931199414,3.4224213255547817,0.083905840311790825,0
1056,3917301.79520992,6.6186410238068465,0.096168341587013595,0
1057,2628545.6714319899,4.0007771218829991,0.086264399595134655,0
1058,2581618.0750895645,4.0196727578675446,0.092617526877064038,0
1059,5652046.7364727296,9.6422549569268252,0.13167467375979558,0
1060,4145326.8085132069,5.6919340131604361,0.13565209946652224,1
1061,3591699.2936009071,7.2843097220272757,0.10398999872923398,0
1062,2342560.3317427742,3.3577714101265119,0.10245321275486141,0
1063,3974922.0910932347,4.4035229947266954,0.073525035413210926,0
1064,3687130.6999069257,5.6084098098741979,0.10599890309567073,0
1065,3589918.9250607123,6.5396468817607243,0.12191201598655577,0
1066,3623752.2951209969,7.1858495638881097,0.10709756345225241,0
1067,2357307.6858878741,3.1111096406847931,0.11395199541903589,0
1068,4368032.96720766,6.7591645511571246,0.1002719560806552,0
1069,3606169.6658804477,6.5582657002543794,0.11639884259347788,0
1070,4596484.1319777109,14.55671726582891,0.11660780924371561,0
1071,3635080.2556654634,4.8616876098184854,0.10948725888933081,0
1072,3626883.2257546829,4.6992952444100347,0.10169734879550851,0
1073,4168632.8443401218,6.3075704028683477,0.077262464468669745,0
1074,4197789.0232307464,5.0233168863318189,0.10281928443458033,0
1075,3740552.4169412912,7.9051193440293703,0.12925371872075453,0
1076,3892716.7910963329,5.276983464256082,0.061700390633437463,0
1077,2609060.0868099569,4.7313315017993416,0.08690393795080005,0
1078,3588453.1113717314,6.1795729021046446,0.12986655359421062,0
1079,4082162.9792181775,10.552875175530854,0.14648012259160281,1
1080,3597535.4303281596,5.3359502416515214,0.06566682479275332,0
1081,2008285.8541831209,3.1709584158653388,0.15858518765464058,1
1082,3605894.3365427861,4.8100733083359586,0.06998172143224457,0
1083,3896491.623013177,6.9190736155172807,0.10334070040357507,0
1084,3625859.1143103177,4.9600926665607794,0.10781964020803925,0
1085,2609060.0868099569,4.5425676513116544,0.11353376340386712,0
1086,3604935.2126181535,6.5768196408453532,0.090726724701860384,0
1087,3598871.3695023349,4.842447454372266,0.085380740247731457,0
1088,3719969.7427482177,5.4044613363915071,0.12081586445981329,0
1089,2142731.0761223878,3.9225231876048294,0.11079816180537838,0
1090,3672501.4613940292,4.835213484521069,0.067826188614880434,0
1091,2267725.2931199414,3.2308106928956524,0.071304236539284915,0
1092,3675418.2368514831,4.7784683974184734,0.12116497067831267,0
1093,3637747.4474698827,5.7692094173333315,0.11136861869658576,0
1094,2349511.4431106183,3.7909058526061949,0.13463384354796548,0
1095,3600076.1452870928,5.0149616528112047,0.10517076366214251,0
1096,3633569.0667657778,5.4646618079247515,0.10014481228822547,0
1097,3703905.5706042671,6.9275913382638086,0.086751756650849665,0
1098,3648943.6923242845,6.0986056403059177,0.10369961401489092,0
1099,3948417.6570037366,6.6604566866264028,0.080619196560181017,0
1100,3664731.5516948169,4.8179434531526955,0.13409373643921685,0
1101,4069683.3356193192,15.022353912795728,0.13802899432383242,1
1102,4165902.526842054,6.1613265885012991,0.10103419009204244,0
1103,2581618.0750895645,4.4758737629198198,0.13285284293454841,0
1104,3841544.541337437,4.3173525983463126,0.10936277123141058,0
1105,3887427.241837359,6.4783369847642893,0.078288411040259076,0
1106,3651435.7616205006,5.7261109126665009,0.081194438431365534,0
1107,3614125.1482215896,5.8504120345397554,0.061700002501801354,0
1108,2581618.0750895645,4.7800004906688471,0.098264959399567198,0
1109,4369152.2066177269,9.0848792134084473,0.10420190404828844,0
1110,3874130.6612870125,4.76042181465961,0.14973767397805987,1
1111,3662767.2260266789,5.8333538903847373,0.084636053907682141,0
1112,3667493.004722062,4.9387558754548433,0.073334666954978478,0
1113,3778532.9981356678,4.7186071423813427,0.079574956353641646,0
1114,3644682.7481757314,10.159056613561491,0.15555914612181632,1
1115,4039640.5467349612,5.2356005970274975,0.098538664760806971,0
1116,4044149.9597366033,5.4136641789233995,0.11793550115960283,0
1117,3980764.535975541,5.7694427402256361,0.11055118264236197,0
1118,3695896.8894194551,3.8524268961834474,0.11603796846267467,0
1119,4705358.3242139295,11.695595047990935,0.15144227336428595,1
1120,3992251.1366588813,7.6652140709957113,0.091031033358583091,0
1121,3741998.2503695805,5.1486452135667555,0.06047093344339427,0
1122,2267725.2931199414,3.5405778660859886,0.12718991423051218,0
1123,2267725.2931199414,3.7904486832021131,0.16591954017393507,1
1124,3587022.3243553806,4.6593040774294261,0.099473108324528159,0
1125,2142731.0761223878,3.3845794524756037,0.17019911139874105,1
1126,3618336.6057648798,4.7809370677986127,0.12149058590470274,0
1127,3589513.0521578006,7.3945612739817754,0.13207599111876622,0
1128,2772356.9728852585,3.4968966261132244,0.1213122481542436,0
1129,3621312.8459267435,7.8467045376017452,0.10224348082263213,0
1130,3588785.0752854482,8.6113982991057316,0.14458262540230649,1
1131,3607236.6831312985,7.2326702891501498,0.070812674094191563,0
1132,3587413.738154328,6.6279008601603948,0.13284033385677552,0
1133,3593079.3233407508,4.7020097185523646,0.1264713430065354,0
1134,3926765.8234770913,6.2358226257356506,0.087277522412721797,0
1135,2142731.0761223878,3.1825550513283916,0.13279808361918854,0
1136,3814231.0876994967,6.2661743465834325,0.11813778633452587,0
1137,4047198.4811757482,7.0198089520592841,0.11631027492642199,0
1138,2349719.955294122,4.1225271085343822,0.12797070193335902,0
1139,4658975.1710846368,9.266831279075685,0.13272191671922018,0
1140,3594671.0433793329,5.383367794464462,0.13705420487486952,1
1141,3591680.4644681434,5.0509978847637056,0.081718701346464306,0
1142,4026115.3723318614,4.086277464920534,0.071091959045735287,0
1143,2342560.3317427742,3.7226842105262197,0.11595602933054205,0
1144,2008285.8541831209,3.206420057623272,0.15248774858282677,1
1145,3701811.2313043014,7.5379052697433524,0.10294561887195708,0
1146,2349719.955294122,3.6803845135305226,0.12541060514389166,0
1147,3711222.4033027194,4.7399984740857617,0.081058479044902265,0
1148,2349511.4431106183,3.3483345844886712,0.087383001104273106,0
1149,4121685.6758061545,6.7721578028119964,0.10621388277638205,0
1150,3724822.3135136836,7.6874930609641359,0.088298504508124959,0
1151,4038847.4113254943,5.377594747347751,0.11379867856011611,0
1152,3659971.2799819261,4.9443885583557572,0.10005223607008651,0
1153,3597831.7434783936,6.5117009884964885,0.10781891776004138,0
1154,4804501.1582520641,8.9735680104671545,0.11629766649266116,0
1155,3804355.5796215562,3.8438058385409466,0.13596517174108252,1
1156,3641342.1825302881,5.3401902513927029,0.13961988035869977,1
1157,3666131.0936406399,5.0461780215712118,0.099749946528588929,0
1158,2342560.3317427742,3.6658638607460095,0.096988456358048425,0
1159,4493006.2725962009,6.9510331072939353,0.092059268580804737,0
1160,3587616.8164765756,5.6131152688399109,0.10753878353138124,0
1161,3615990.4082523957,6.2005339590317305,0.13747731598886881,1
1162,2581618.0750895645,5.0383241137023509,0.12771607552792574,0
1163,2142731.0761223878,3.2846269388388674,0.17791167289163828,1
1164,3806973.7474808972,4.5654658007915785,0.15274108023867783,1
1165,3641805.5907588694,6.8255160968696398,0.12510449812683549,0
1166,3590702.9807789009,7.3405842994744344,0.11776978455510467,0
1167,3614479.1400537272,5.607068474821526,0.10671917934561204,0
1168,2342560.3317427742,4.6030142766314528,0.14043310095971223,1
1169,2349719.955294122,3.1467754953765334,0.13827016648902457,1
1170,4072572.5412849518,7.0968841683812158,0.084560963082615515,0
1171,3811127.1959334202,8.3494424929166353,0.10133205337452411,0
1172,2772356.9728852585,4.6979034494707026,0.10034164503542886,0
1173,3614848.6802395014,4.7081101261460425,0.12416575566242061,0
1174,3592886.0693798559,6.3900571828639787,0.13806095062168866,1
1175,4028694.8385165734,6.4600764472262737,0.098101389242845394,0
1176,3754724.2954627215,5.6944953384533132,0.060641218206962222,0
1177,3603003.5929848878,7.9122246067138127,0.11929347821007652,0
1178,3590694.8354162872,5.3315766420824575,0.12254038369791886,0
1179,4352624.6980343703,5.8661416076174415,0.08517923760649726,0
1180,3649346.3061718503,8.3931661768828629,0.075218024733924915,0
1181,4180483.0014095949,18.178862458511773,0.15246481041391036,1
1182,3593526.2209308799,6.6129751064361253,0.16051642509582631,1
1183,2142731.0761223878,3.3069535267201338,0.099346669837980614,0
1184,4510105.8272086438,6.8663097636227413,0.12213857516824378,0
1185,3651557.751615542,7.2523509892027782,0.08984263355106592,0
1186,3626200.5549919885,5.5050448402649677,0.12370666046259382,0
1187,2267725.2931199414,3.3534110506774941,0.10405653200882692,0
1188,3813785.0271661622,4.3265003556926809,0.14066992249896171,1
1189,3772356.4359144345,7.6263767522212449,0.14395006029051216,1
1190,3671308.2021624367,6.2788314470056417,0.084935629438095295,0
1191,3605462.057119878,7.824607340550167,0.13721552118692298,1
1192,2342560.3317427742,4.0385247840859275,0.15009130634620793,1
1193,2008285.8541831209,2.9283083969039212,0.1536884099595997,1
1194,3595732.6079105223,7.2613969381474401,0.17653080824785672,1
1195,2772356.9728852585,3.9231307593264457,0.10189503915570858,0
1196,3680351.3569705989,5.3971930951779425,0.10111007098444103,0
1197,4541893.0411560023,15.775636405676128,0.12492480513231285,0
1198,3918805.6177902459,6.664999871245759,0.072810496024435734,0
1199,3917545.5185602712,5.8151033589838415,0.12387541795759383,0
1200,3753505.4634230766,4.9066710469831065,0.11551948799068246,0
1201,3603589.5862320224,5.2946121662985943,0.095404524618522446,0
1202,4116429.416693564,5.7916057913396903,0.089272015617564371,0
1203,3599787.5682044192,7.1414000293770021,0.075746203996043593,0
1204,3920169.0892905528,14.876194150332667,0.1296232719578172,0
1205,3689425.3346726177,10.644335603326523,0.068411050550289509,0
1206,4092539.9780627694,4.792523118456983,0.083986948041911202,0
1207,3606715.9005682375,4.9870613413855889,0.082530953109819061,0
1208,3593569.7101743757,4.6029445525392987,0.11006275007360267,0
1209,4176620.2144053727,4.2806945744406351,0.12596554365988788,0
1210,2349511.4431106183,4.4334550012588805,0.12192326821178689,0
1211,3631455.3762671486,4.629586118209942,0.10610561596731216,0
1212,2581618.0750895645,4.2933873376446314,0.11378668813361392,0
1213,2628545.6714319899,3.8062615173350296,0.10929042201681172,0
1214,3675618.2905172668,5.6594855003288949,0.071886931885939753,0
1215,3603681.6403019046,6.8853177639666985,0.14173051782067436,1
1216,3594798.6451414097,6.4717623625380147,0.12897055982323502,0
1217,3728709.8358128187,4.5818116912579345,0.058350208935766035,0
1218,3597200.7488745451,6.0386176818945678,0.10710827415964774,0
1219,5005888.8699278105,7.8625838093243843,0.1212692385551849,0
1220,2267725.2931199414,3.4522383999490565,0.11399409389625448,0
1221,4213323.3890858404,4.5462090169973557,0.11024638496129069,0
1222,2267725.2931199414,3.3653011222954219,0.14100704507502948,1
1223,2267725.2931199414,3.7693044632762449,0.14971122604618781,1
1224,3669371.728038921,4.2780704918476209,0.12568541560168878,0
1225,3600802.5004507694,4.3226487172512069,0.1020361744387267,0
1226,2090177.9550635067,2.9763420515357408,0.12485589341343739,0
1227,3797939.0286585987,6.3447954631961974,0.084660338084849462,0
1228,2142731.0761223878,3.7220346000503302,0.12025939565102095,0
1229,3914666.4076359416,6.234394972839036,0.10142278745103028,0
1230,5851063.5237916708,11.225188913981455,0.14870103761466835,1
1231,3597996.8508562897,5.2858841567354862,0.1195463459074646,0
1232,4871603.639062061,7.1172416044059084,0.11754844921605168,0
1233,3839630.2531688297,3.8441885189881906,0.075712498080243495,0
1234,3671491.0726769487,11.446893413237673,0.11498559555368804,0
1235,3595567.8242960856,6.617846102808004,0.15688314612298015,1
1236,3709277.9455421902,4.7204123913285994,0.10370540646473664,0
1237,2142731.0761223878,3.2562144636244965,0.13778335242294154,1
1238,3811855.3330896469,21.697017730448525,0.12220271486916978,0
1239,3594373.7110074908,5.5866421683292753,0.068122688851067092,0
1240,4393451.4568295088,7.7114398778779503,0.11462803112077669,0
1241,2090177.9550635067,3.3123032685073515,0.11491951944504142,0
1242,3638412.1617179429,5.1842515101654216,0.078486848939675391,0
1243,3641162.9849601449,4.0369695917698101,0.095987369414059609,0
1244,2267725.2931199414,3.3290118209884079,0.084825039324902041,0
1245,3940121.1546113682,4.8102238686823124,0.15220887820940576,1
1246,3679193.957282986,6.2056819763524773,0.14720578121277872,1
1247,2581618.0750895645,3.8400978759642692,0.14950288228388608,1
1248,3589644.5680295257,4.8771087498973689,0.11411155088602354,0
1249,3689304.2082797112,4.3875554847348521,0.10344759129458403,0
1250,4556169.916315984,13.037490347860372,0.1486843641285821,1
1251,2980790.4908226882,4.3008337713327762,0.11216513093636993,0
1252,2267725.2931199414,3.6991181665316688,0.11872188144246065,0
1253,2008285.8541831209,3.222341488771447,0.13654758164914382,1
1254,3618444.0212177369,6.5733237192291867,0.085845112691584846,0
1255,4050111.2230614829,8.4505289684520264,0.10089064972187256,0
1256,3595858.565802943,5.7824710594023676,0.08228084940713043,0
1257,3765479.7357684937,6.5741185864726415,0.087004493764730406,0
1258,3629208.8308428838,4.7322055244449857,0.09087721953974226,0
1259,4228516.0571252303,5.4758078380939619,0.16891261289131998,1
1260,3687069.4931469327,6.6046084096134106,0.13136477694265902,0
1261,3620670.3025763277,7.0993636394376045,0.092066057038121651,0
1262,3589015.297349995,5.4090687738437166,0.061597271255777589,0
1263,3586529.8449266357,5.4545833376772839,0.095054722744026154,0
1264,3801330.0886508152,20.609751617338048,0.132016827412474,0
1265,3899791.6689801938,4.0802772131356075,0.1046243827774348,0
1266,4316019.6239826595,15.684611848168819,0.12744451326440676,0
1267,2267725.2931199414,4.1983993808184934,0.15520986984356303,1
1268,3597605.0634696237,6.3621265884483673,0.072034253143733018,0
1269,3589445.7797049279,5.5978225711080754,0.16519242999641148,1
1270,3684224.4616186125,5.1833353951417518,0.088764827663339763,0
1271,3597477.0705394405,8.1818806592190292,0.11055746341769501,0
1272,4253588.0542959981,6.4952658096005784,0.11361332096567289,0
1273,3600694.8255884508,4.4221447684990993,0.089626188948077057,0
1274,3592256.4363694568,5.3201848050100189,0.098318817179820162,0
1275,3715046.9063724615,5.2354691640252042,0.1605288857937619,1
1276,4328697.0977589432,7.4534067954983074,0.074293314377206321,0
1277,3656663.0634546475,5.0920749369589355,0.11889789617819024,0
1278,2342560.3317427742,3.202804111341039,0.11857842354393,0
1279,4369471.5904577905,6.0309111787794967,0.10048054182466004,0
1280,3603768.1356228571,4.8371244997840401,0.088616621241990434,0
1281,3595424.3035306884,7.3768139794282881,0.12340974717218445,0
1282,3917811.9491181695,6.7618980847885641,0.097259322278097082,0
1283,3641290.8638047846,7.0330512358772888,0.069252385066183697,0
1284,4778555.2591635222,16.05972472069519,0.17105039447604087,1
1285,2267725.2931199414,3.5721718848845727,0.16895341180358792,1
1286,3607540.0763210957,5.517737798642492,0.099465504509859248,0
1287,3598847.5024017431,6.5684486384922556,0.1501837931843667,1
1288,3717734.9408023539,5.58159101889298,0.13857981895091148,1
1289,4553878.2445256105,18.548029383901685,0.14995851402034954,1
1290,3690916.9787063631,6.1310216225093317,0.11619997353080713,0
1291,3603222.9415142578,5.9353950925133701,0.068395520279404154,0
1292,3785220.7577543664,4.9766537682304612,0.10580407285331422,0
1293,3600444.7184212613,6.2390987185019666,0.073845806341549691,0
1294,4556819.2950533917,14.028425923280865,0.097555680551313806,0
1295,3695611.5630600215,4.5202656006894752,0.086674079854397568,0
1296,3602648.1678442494,5.5733200667383418,0.08240317264560848,0
1297,3618985.9245327096,4.4991656038907495,0.066002218259879841,0
1298,3682825.5420439341,5.28400498334224,0.090844392431180948,0
1299,3653852.1566125951,6.1761577442745121,0.074391114026393979,0
1300,3706881.4848980308,6.9570774359300689,0.087405054369663393,0
1301,3601587.3030085387,5.7790918221096987,0.1179739509294776,0
1302,4070747.8468590844,6.6053627497631684,0.09560145060508396,0
1303,4679744.9147076281,11.824350418647501,0.12749346061270639,0
1304,3917729.3720388119,6.3169605522052565,0.074306185777955225,0
1305,3591191.7363220095,5.4505319368785754,0.15820725822808301,1
1306,3647868.8561598361,5.4787615755757368,0.11591004010218131,0
1307,3603602.0194162326,5.526938737213948,0.11039944120219733,0
1308,3901509.6070366492,7.894721914070538,0.11144400415843414,0
1309,4006571.4421461732,7.2809693809993039,0.10706420337804934,0
1310,4016062.9813516871,9.4972012969924435,0.11392417716153436,0
1311,3710644.9859544616,4.8062556082246104,0.11840845974060465,0
1312,3630315.0135410638,5.2763730852259503,0.087825340000294072,0
1313,3800351.4236202301,7.4087728544313167,0.13682937919373672,1
1314,3593439.2699232479,4.9994195222513023,0.09452900965193245,0
1315,3642828.0387131735,4.2948409053498073,0.088020809364279917,0
1316,3850995.8625151338,7.7266353347581154,0.12243441194290766,0
1317,4699004.0192672201,11.042477059941454,0.12089944614298992,0
1318,4276038.9825724317,10.582480601656188,0.11531673788315278,0
1319,3592646.3045337149,8.425323792401791,0.10937384321761323,0
1320,2581618.0750895645,4.0453483959625371,0.1303627138391088,0
1321,3598532.0924810469,6.4123348673560807,0.086151473793995015,0
1322,3643400.0898906658,4.6420111147732914,0.092736876354842651,0
1323,3608090.7940631271,7.3699663752215541,0.069715817685930492,0
1324,3698276.2460814575,4.6912287752969837,0.11907419775273065,0
1325,2349511.4431106183,3.9023314997995286,0.10409593896306041,0
1326,3693117.9140135264,5.1664946986348363,0.054076539232892129,0
1327,4064545.899787941,7.463175493090124,0.075162413944122264,0
1328,2581618.0750895645,3.9057374351502769,0.1190831059789027,0
1329,3628111.4246195504,7.7473957155354549,0.089433217377957508,0
1330,3852327.1664796672,5.3650891029487582,0.12619737281745558,0
1331,2349511.4431106183,4.151961362527703,0.097720783100909037,0
1332,3592294.2250109492,5.8983348117764862,0.12009743379056315,0
1333,2416638.8374307705,4.0459498470178064,0.1367009537610587,1
1334,3588755.5307551115,5.6463574807723829,0.068055367821438451,0
1335,4301578.5045129359,9.9814736627107177,0.11250038696624465,0
1336,3622857.4514047499,5.601813046623298,0.10954005424252677,0
1337,2267725.2931199414,3.7203258153296841,0.17148793050166661,1
1338,2349719.955294122,3.5373586663136107,0.11060276836784588,0
1339,2267725.2931199414,3.5520066927586842,0.075428032732129502,0
1340,4214493.1133346753,8.2875334965108873,0.12122756035821003,0
1341,3641934.2514604456,6.2301823081508196,0.10969068769684087,0
1342,4044509.4707169351,5.0156572045796937,0.093764120819941454,0
1343,4701320.8176013697,9.4845194547973009,0.12166833495511209,0
1344,3595601.6258636173,5.8825660621229305,0.12059292027534829,0
1345,3158053.4917109548,4.7349632201561391,0.16152649777204864,1
1346,4124486.5401721494,9.6134175330426341,0.099623589602980012,0
1347,3661438.7419322785,5.8031454335584476,0.10255499983473726,0
1348,3719680.048282221,10.115818053141226,0.092482274519294749,0
1349,2349719.955294122,3.8659190516175754,0.13969159659939667,1
1350,2349719.955294122,3.8958411232180725,0.10304516895736271,0
1351,3971469.2544513848,8.891689693889802,0.082427630862185741,0
1352,2678205.3747857241,4.0190386754958016,0.12032165766422243,0
1353,3629742.1972068078,5.8529141527992987,0.094281946923549909,0
1354,3653104.1191624468,5.716303441323344,0.14327491322902763,1
1355,3768756.4084377359,8.5995183491129037,0.11465188995937725,0
1356,2581618.0750895645,4.0890493383367437,0.1138658579110543,0
1357,3743741.8477990367,5.6667545701401485,0.1146725289958721,0
1358,3821516.1845852737,10.009782368348274,0.091658609860718054,0
1359,4581827.7595680486,9.2612821311915585,0.097365774301809149,0
1360,3665778.4833217752,5.1391619974287552,0.074582869776111282,0
1361,3611273.9613652844,4.8770011007974414,0.13493364960474208,0
1362,3744264.3253687425,6.2369658659426257,0.10061794096739252,0
1363,3806251.5109319808,4.2648042348261983,0.12961364887734539,0
1364,3811490.6713664308,3.6640579168757208,0.087605453684495793,0
1365,3158053.4917109548,4.8628072143777432,0.10925378675608699,0
1366,3648688.4090747065,6.4275310581574319,0.13472650031027533,0
1367,2609060.0868099569,3.7736501192574892,0.13327601629704844,0
1368,3596719.2474179585,5.3623614050878246,0.09288515891903637,0
1369,3828343.6917331521,7.574680794899523,0.14587212392262672,1
1370,2628545.6714319899,3.593702140063912,0.067041078056782721,0
1371,2267725.2931199414,3.5296525397175547,0.1480161771545426,1
1372,3661327.3467815099,4.7128239623369819,0.14050343538234422,1
1373,4366302.4236209197,7.1015708809400602,0.10880472130531038,0
1374,3586219.1772750434,6.2347774072199735,0.072784650775954529,0
1375,3886885.6855380256,11.994242110495815,0.067156319797289199,0
1376,3608704.0602507228,5.3014264555750739,0.074704047550358976,0
1377,3785729.1551265265,5.2021906836106364,0.10822899281630949,0
1378,3849375.7984131509,3.7624850217509498,0.11126843272716813,0
1379,2267725.2931199414,3.4092225712149675,0.10417925213092305,0
1380,3895001.7239089459,5.6297633265019797,0.094347152535107615,0
1381,4256827.9568793438,14.108152159915495,0.090098547756503722,0
1382,3900487.8945116443,5.3124535485128987,0.12356774669344944,0
1383,2357307.6858878741,3.3404726440397225,0.091706176957741636,0
1384,3652997.8619839367,6.3541899862265057,0.11858321835193408,0
1385,3854605.7144226078,4.7967502250146179,0.11167148440212504,0
1386,4111557.282307764,8.6124027755767276,0.13643907213369577,1
1387,4008459.2664678465,5.0960976519239463,0.11108375693250749,0
1388,3652727.3155368418,7.8163022201996526,0.13230116911459067,0
1389,3597870.7488236041,4.4655139840663978,0.082927048161211214,0
1390,2349511.4431106183,3.9875700627373698,0.13059144740433004,0
1391,2349719.955294122,3.9685251296846453,0.093365573103737387,0
1392,2342560.3317427742,3.5415748109627336,0.10685528094039465,0
1393,4645993.0489776395,59.198719313892717,0.14211026423778617,1
1394,4008935.8547194335,7.4017055294419656,0.10107634718034114,0
1395,4164784.6085181767,7.0791345771305902,0.096578178012306753,0
1396,3802610.9169982807,6.5294219941803844,0.084508412481054451,0
1397,2142731.0761223878,3.1999999722323915,0.11447209401299663,0
1398,4330628.7169887191,7.1915061721770845,0.088900782673441703,0
1399,5089566.9730337467,13.059336057505757,0.11124499237601682,0
1400,3745796.4598259758,4.8759098391521407,0.081695742714745112,0
1401,3676962.3540531346,5.4050824140577092,0.10046052003357475,0
1402,3869128.4417879134,4.2992289767529677,0.11912022798496147,0
1403,4159437.8453377532,7.7665362301652214,0.10389865314327656,0
1404,2342560.3317427742,4.0804366739275864,0.079574557834333204,0
1405,3596024.3681682521,5.6232745991900739,0.10166883275872696,0
1406,2267725.2931199414,3.3909519746545258,0.1420755235017982,1
1407,3616704.3012676602,5.9864263936141704,0.11249577870681793,0
1408,4415747.5622459007,11.816641595436435,0.12403785446218352,0
1409,2954199.3212936129,4.7192903386437379,0.13268308025862408,0
1410,2267725.2931199414,4.5100550358483735,0.10768475727226978,0
1411,3739752.6484573102,6.5972694186190326,0.064124412009516241,0
1412,2609060.0868099569,4.1892057617011877,0.12743966087674319,0
1413,2267725.2931199414,3.9030131973092268,0.11559467810606516,0
1414,3678537.695212618,4.8671676173766274,0.097912590903625696,0
1415,4052728.8073573071,3.5456854624550362,0.11348226985727505,0
1416,4512829.5936162239,10.20363296780002,0.13685894788871966,1
1417,4294423.2592445454,16.28605419428564,0.1074831534710079,0
1418,3589400.5542666358,5.5003800844775235,0.07096494762713712,0
1419,2581618.0750895645,3.6058719612553296,0.11103681373088303,0
1420,2349511.4431106183,3.3367283014505227,0.11683649740560453,0
1421,3632936.7639341271,7.4502830248922187,0.073879089121975494,0
1422,4282627.6708101071,8.7592553085921399,0.12350887093131313,0
1423,3280705.556872033,5.6153136785719093,0.15277861280141236,1
1424,4737172.1327165663,8.3251887684064947,0.084219606819230686,0
1425,2267725.2931199414,3.4033602526653026,0.1289028535181152,0
1426,2342560.3317427742,4.2601434928476332,0.1244605518513551,0
1427,3600875.2839859268,5.6903503594502061,0.1485218416532238,1
1428,2267725.2931199414,3.6694695013185141,0.10779449139467123,0
1429,3683171.515462908,4.9356175508267137,0.11235884839387281,0
1430,4448115.3984881658,9.7657002476431209,0.12139007375670852,0
1431,3753981.695680297,5.3033828498515643,0.15448858486246736,1
1432,2342560.3317427742,3.9111071341214432,0.14435446445338529,1
1433,3631574.7390892636,7.8986270739498492,0.072868576517754802,0
1434,4110315.8438412757,9.1441433843540505,0.14365802581987308,1
1435,4369334.0386027843,7.6650436494904817,0.12876031513737107,0
1436,3836874.4037394277,5.5465724320521472,0.11785100527863501,0
1437,2090177.9550635067,2.9379153148650556,0.11108918775053411,0
1438,3656541.8756866874,5.1284443568920377,0.096345494099215334,0
1439,3712986.7433016719,4.9968731852813164,0.065834785502914273,0
1440,3634276.1873512832,5.4727577753215879,0.12367157063664025,0
1441,3599894.1494176215,7.1203995875819448,0.10038915065026921,0
1442,3630211.0455311383,6.6873464104218145,0.13962994053853828,1
1443,4210703.9545963136,8.9773788726278472,0.081631460469734241,0
1444,3757546.5553390393,6.0868749523234822,0.15702067629218153,1
1445,2581618.0750895645,4.1289847723746806,0.13110764934242147,0
1446,2357307.6858878741,3.8385962107462017,0.11141105988973765,0
1447,3731187.1398686715,4.5154399663234432,0.13094471340587688,0
1448,3640825.0197039568,9.9746341469471389,0.14337355469024105,1
1449,3601140.9396191775,7.2799465633909364,0.087671532486570336,0
1450,3679874.0306124948,6.5412911688608943,0.060478992140900023,0
1451,2090177.9550635067,3.4389669633029181,0.15395958218343897,1
1452,2349511.4431106183,3.7010096473396739,0.1220413989937057,0
1453,3589857.7216191543,5.6781212578967137,0.11672532842526573,0
1454,2581618.0750895645,3.9246864137319761,0.10174039364436915,0
1455,4416946.7829684205,15.76784395935109,0.17657171917812198,1
1456,2267725.2931199414,3.9312272348605837,0.12917770223922254,0
1457,3596415.3294359744,4.8541773483583324,0.11301446998269538,0
1458,3632998.985525955,6.905534898555465,0.077218027265235745,0
1459,3594520.048727937,8.6826679197763923,0.15494926207624438,1
1460,3585656.3261546395,4.5424668005303364,0.1138178912378407,0
1461,3927940.3418170391,5.1411864841248578,0.074993285933181886,0
1462,3823840.5336074457,4.8269066121818431,0.093367309228702122,0
1463,3704568.2455859338,8.5897621322114368,0.082601802789024514,0
1464,3780252.9079625737,5.5771790029444661,0.14039370398061324,1
1465,2342560.3317427742,4.7134669479398692,0.14003073832374996,1
1466,3598592.7050142088,4.7904024643864682,0.1254727273718087,0
1467,4264941.0560051026,5.3017745542511507,0.07139259684105892,0
1468,3729955.332395392,8.6416446120639634,0.15766428771238516,1
1469,3631330.9173980076,4.6793740245732449,0.11640217831747635,0
1470,3983177.2280681431,7.6281685806115362,0.1084373849764324,0
1471,3667634.7731885565,4.9826445393902379,0.082960886326985839,0
1472,3897035.5501266615,6.2456225711979192,0.11458790627005122,0
1473,3759914.1813539197,4.9822083067555543,0.096891657369198136,0
1474,3633520.844772331,6.1929170306522829,0.16707971808904742,1
1475,3158053.4917109548,4.0004815326207011,0.11569277800852507,0
1476,3739647.1671062103,5.6652596710706078,0.15066981179802352,1
1477,3613211.5687436727,5.3913621417303847,0.097953692939559356,0
1478,2349719.955294122,4.2387936376780608,0.10253043516170912,0
1479,3644200.4778120089,5.1206489959724308,0.063226938697651502,0
1480,3593278.2090825252,5.8418091262572869,0.10644065408555359,0
1481,2628545.6714319899,3.6206627475338395,0.079007721641574033,0
1482,2342560.3317427742,5.4464434974934663,0.15016717188780493,1
1483,4585760.5181717854,5.4577940670964891,0.083228858327225569,0
1484,2142731.0761223878,3.6262337240621898,0.11785854069403004,0
1485,3655881.2403580374,5.442766392735213,0.084673162197835938,0
1486,3648572.7800762812,4.936995253478317,0.14863342934095758,1
1487,3595545.3543193089,4.8422013067411775,0.12608780620074833,0
1488,3628822.2319484903,5.3835425889404371,0.10435247816167414,0
1489,3648204.9244063906,5.3585116604759282,0.10573239252698496,0
1490,3606376.4587102933,6.6159984154369536,0.078247237796871261,0
1491,3609896.8833518042,5.2422262782416071,0.081454901125632917,0
1492,2357307.6858878741,3.9953764273698154,0.12899043670402516,0
1493,2342560.3317427742,4.4482219837870716,0.10054379033991145,0
1494,3709196.1269735061,6.8380433328566026,0.10128487132949082,0
1495,2267725.2931199414,3.393866848630577,0.10330963060889908,0
1496,4464490.7098577376,10.677428654922229,0.13595944922904901,1
1497,3591497.0144170169,5.2803914992909888,0.088113385820995399,0
1498,3628754.1651252625,6.5286250034734108,0.088009589104119712,0
1499,5097924.9650987778,11.173045129368699,0.1366080432704242,1
1500,3885043.1787947332,5.4197253439207866,0.12848527925110884,0
1501,3603081.9863073668,6.1623925104314417,0.11216095369225243,0
1502,4778306.2765296381,12.558278172944028,0.092829483083868958,0
1503,4338330.8559412705,6.9618664779600214,0.11167700743785491,0
1504,3707430.0261314954,5.3982808427874795,0.12761335470084373,0
1505,3623710.9364609802,7.5824452085414897,0.094351719591926897,0
1506,3625634.5580895143,8.1579338575792857,0.13408568791770015,0
1507,4041020.1430228502,7.1909002515581006,0.09575542744759219,0
1508,4863009.718844316,5.9363204294974041,0.14451995806651197,1
1509,2678205.3747857241,4.2509178622736812,0.093168635856010401,0
1510,3814575.3622197947,4.706272099131386,0.12617843276571494,0
1511,3598690.2938287552,5.4491310896566141,0.12995292961063365,0
1512,3642315.9445808139,5.5778060863080956,0.089534002537088209,0
1513,3631575.2929835399,6.2264624234196964,0.087117771822944778,0
1514,2342560.3317427742,3.6766316263024095,0.12816222857978588,0
1515,3636368.9930845369,5.551619887096285,0.080006312356775466,0
1516,3854421.1095971703,6.5935621232901456,0.059813087639328133,0
1517,2342560.3317427742,4.1019883177412515,0.13117926756390996,0
1518,3704367.214057568,5.0754039699826636,0.12360310363730609,0
1519,2342560.3317427742,3.9822342884577697,0.11835954041610142,0
1520,3614972.701401372,4.5921118614606016,0.11596797538838999,0
1521,3685139.325455145,7.6944471402955967,0.12761009472464746,0
1522,3779458.1683543976,6.5781020839393243,0.11982421061123427,0
1523,4735967.4431397766,8.517132047470616,0.14206996992161158,1
1524,3586402.4586368166,4.8831608942925149,0.12299498868936787,0
1525,3673712.2484450489,5.7365429488508868,0.1126154916123589,0
1526,3634004.3918040446,6.5761849582371887,0.083873341044634842,0
1527,3855873.4874601276,5.3384445428227814,0.085543981690606785,0
1528,3662568.9298480856,7.1036413681112993,0.057035871010448269,0
1529,3599493.3233253974,4.6064354670892795,0.085052942817333665,0
1530,3745259.9468928315,8.5251584070904514,0.14971957683202275,1
1531,4301432.3712251978,17.125341334483185,0.11666717645050506,0
1532,3687614.3787419274,5.8721119898307945,0.12220774976401583,0
1533,3919535.4799115984,4.4596376374958542,0.13375814459656621,0
1534,2142731.0761223878,3.1323652599232212,0.11168820034617509,0
1535,3600424.2904780963,4.8967191339961538,0.12955185207868369,0
1536,3740278.7700184211,5.5347080820196917,0.086740404871101795,0
1537,2581618.0750895645,3.793352146052952,0.11949259705094017,0
1538,3673336.5916808676,4.4104279366216179,0.10375582803395178,0
1539,3715569.7660749685,5.4209133453052845,0.090667724946852823,0
1540,3599401.297309625,8.0430066886490668,0.075585189873550562,0
1541,3921365.310939034,6.7532102553053495,0.1253497980559406,0
1542,3697714.4280575672,6.6439404111376676,0.15335741827718097,1
1543,2090177.9550635067,3.114535046130253,0.13287653342904462,0
1544,3590180.4765938944,4.6193049605568648,0.11783627509383748,0
1545,3645529.976681449,6.561884405338458,0.10135345840279714,0
1546,3643754.9825511142,5.6156286832869009,0.1360481773529485,1
1547,2342560.3317427742,3.766664677454286,0.13086359363857869,0
1548,2267725.2931199414,3.7440016486875023,0.14378261864662389,1
1549,3676676.5725619257,5.8510248283405026,0.097277589070663972,0
1550,3683409.7947514011,6.2391839309125565,0.10295826207492054,0
1551,3632520.9145940007,5.9110583307519589,0.13195173659508469,0
1552,3672083.1127497368,6.5192580078137885,0.11956953683148708,0
1553,2090177.9550635067,3.5215936206724918,0.14359272488258468,1
1554,3597395.9179803682,5.9443548689939361,0.11336150020378177,0
1555,4225229.2454812098,9.2788237140703274,0.10130147762921671,0
1556,3700059.4497558037,7.8669284855254844,0.11546489416581834,0
1557,3586397.8257945995,4.977344827153809,0.12524935613645108,0
1558,4403305.3165563513,6.9580395119087548,0.1223399114870124,0
1559,4412056.7130962117,6.8437891859394426,0.086425917453090584,0
1560,2628545.6714319899,3.6573864971220638,0.12012332259138508,0
1561,4936775.8885310572,8.6843926353260965,0.11348412479007219,0
1562,3655260.714056998,7.7049767341436279,0.10144206197605177,0
1563,4778533.0386361359,16.786800732618413,0.14780819448893712,1
1564,3703426.0942302244,4.7966559047815771,0.10402708722914678,0
1565,3657548.4183283029,4.8758514684111978,0.13149474483645057,0
1566,3602829.9452707446,6.0421748526938428,0.12523728824508984,0
1567,3605756.1704808054,6.2768846150035316,0.09611096732011104,0
1568,3800520.8765709559,5.5329306104596725,0.094897676647186791,0
1569,3639654.2342074867,5.4648314219706977,0.08849736020315957,0
1570,2090177.9550635067,3.4594506961573073,0.17036728973320958,1
1571,3605320.599455832,6.0750247590903044,0.084616478176217202,0
1572,3693415.445529433,5.7843804648028119,0.13365945902156096,0
1573,3605714.2173908213,7.2701041400896722,0.1384710940389019,1
1574,3623806.9220100534,5.327803966560178,0.11621087518667872,0
1575,3922286.8330159131,4.8596112691717819,0.070193934567479022,0
1576,3855714.5661024251,9.5681225204725244,0.094446681472651672,0
1577,2090177.9550635067,3.0215802132123382,0.14238523988943069,1
1578,3616882.8672528616,8.9483592444905078,0.084855585224809738,0
1579,3588977.0116641438,4.4127031737914413,0.06642872328053695,0
1580,3606442.5005740663,5.7927857452664027,0.097705525345678113,0
1581,5533562.2890388891,7.9576026537215796,0.12162921122023673,0
1582,3628202.2686984865,5.2137510859035308,0.10264954260505732,0
1583,3586692.072112272,8.2659343870617423,0.11438537410755223,0
1584,3617288.9246442392,3.5386382681138553,0.081666017431836879,0
1585,3629102.504744675,4.9539622828164775,0.16693231036058287,1
1586,5108808.9110386036,11.960655193811808,0.14644124338858178,1
1587,3158053.4917109548,4.6501733974352115,0.10836068068897076,0
1588,4467558.2185595613,6.6771196308149046,0.09250288917513444,0
1589,3697047.2430732599,4.7118427830857481,0.10096377003422929,0
1590,3863274.097564782,3.188574621159983,0.10424793985983061,0
1591,4228433.9185250876,6.2314862939062241,0.096075650039611604,0
1592,3686785.1261446076,3.874378558112427,0.10937504446078322,0
1593,3741723.3269830528,5.3102135915198829,0.10751481952570274,0
1594,3834508.2987093227,4.9256662334945158,0.10233813805649694,0
1595,3632723.737451884,5.9898947455625793,0.087618111696233014,0
1596,4012485.4199505216,3.6174961511851063,0.12405039964328274,0
1597,2786813.40424396,4.9216857969282888,0.12646146672695691,0
1598,3687742.9027785319,6.0721504003035953,0.15399796113178976,1
1599,3753581.4765341119,6.5792274213035338,0.10222385468877193,0
1600,3608612.9906181903,7.1751436386001304,0.11199602979251344,0
1601,3662162.2349207387,4.4445670089996625,0.095698136872013506,0
1602,3817029.5795642473,7.2994141614804544,0.078672741316090589,0
1603,2342560.3317427742,4.124877988495335,0.13899971867845251,1
1604,4107385.7190193576,14.109498441209579,0.12767721289786316,0
1605,3668078.2476732899,5.8148106608035315,0.081790290163317347,0
1606,4059667.9767996753,4.4984068260834382,0.094444235328785542,0
1607,4931482.9913924178,10.118686806754551,0.11960323756027391,0
1608,4338920.4657646669,8.8216359597775771,0.097829632370398656,0
1609,3699159.6575998063,6.1166884432794628,0.060132661092234585,0
1610,3592063.8840034506,5.5372992001528383,0.10406852256271015,0
1611,3843441.6197928577,5.039242885581726,0.1030387503036384,0
1612,2267725.2931199414,4.1995270990950395,0.10211566477959755,0
1613,2342560.3317427742,3.6161536254315654,0.10987567446303559,0
1614,4360702.1387082972,8.1217103595649522,0.1055144651738511,0
1615,3666046.1889243666,4.5796633839014262,0.077760005374780949,0
1616,3879437.8307979745,5.6944029743493294,0.098325304040380201,0
1617,3588761.6393587952,4.8405157832612931,0.11667149035506319,0
1618,3651104.5779942619,5.1747654450094167,0.10497412861395572,0
1619,3606267.5677713361,5.6866303856071942,0.13705104095744647,1
1620,3882167.0084660356,4.8931839817750475,0.065306636929311601,0
1621,2378837.9975668644,4.1517539323137633,0.094758543302715048,0
1622,3588640.083047362,5.9026414417864448,0.098651595867558617,0
1623,4396480.2908713836,12.93403843450824,0.074324660522026353,0
1624,2267725.2931199414,3.3801762901587318,0.10052893726085799,0
1625,2349511.4431106183,3.5381943864282714,0.10055975825543528,0
1626,3624829.4665141674,6.0966039887930723,0.10840922522691382,0
1627,3593628.1242363984,6.1326944815792723,0.065569716146333445,0
1628,3606159.3650686457,7.4504645267135263,0.1607855350384908,1
1629,3605397.9484899035,6.4323350117093261,0.11162557332780254,0
1630,3684746.9154312005,7.1547157673703561,0.1006286149884158,0
1631,3963399.326354689,4.6024828795868338,0.093863114878182441,0
1632,4667023.1447732886,9.5108418296989008,0.10523450757684727,0
1633,2342560.3317427742,3.6893779481934699,0.12186658059391386,0
1634,3597764.2389093484,8.7139915825666598,0.1151304083069038,0
1635,3956451.265118985,6.08100214353348,0.13063475840257022,0
1636,3599626.1371570244,6.3180314429517486,0.11972252407820644,0
1637,3596341.8029324389,6.5105846711493855,0.14764668355840621,1
1638,2349511.4431106183,3.4694188234896375,0.1421019133483673,1
1639,2090177.9550635067,3.3029478874069538,0.12395894917845263,0
1640,3723040.6997321048,4.9466326431276659,0.063572775180803398,0
1641,3586222.9802568923,6.2380879240839899,0.13935577192195769,1
1642,3645985.7143943356,6.1751321178533622,0.075020836926930179,0
1643,3641760.0571728447,5.9624160224001814,0.15245338808536857,1
1644,2267725.2931199414,3.4197090834555604,0.086470325387210001,0
1645,4433800.6133904848,10.794386639055828,0.12576528034840562,0
1646,3859372.8343106303,10.284925405759646,0.12122298951606136,0
1647,4605838.342562248,8.6044280479084723,0.11780536410850451,0
1648,3622570.8911059289,4.6506629525739251,0.06009198297810181,0
1649,4139407.5565759731,8.5592277068640605,0.081182357130506477,0
1650,4310479.7182508865,8.122613074074156,0.088878007030729234,0
1651,2142731.0761223878,3.0401762284731415,0.1312950961961209,0
1652,2581618.0750895645,4.5050175668376271,0.10891253191376649,0
1653,2628545.6714319899,3.8930184771849814,0.13090572883667845,0
1654,3586738.4296157695,4.9277225641512254,0.10807254360748397,0
1655,4201632.5036932314,4.0883311410758951,0.10316859855957172,0
1656,3927157.2765428955,5.0812516846202964,0.11899065819329568,0
1657,3607340.7478382709,4.7033850876163195,0.13407072768932227,0
1658,4061072.2838584678,13.714251726434368,0.12196320021154938,0
1659,3906668.4970078915,4.8176369667826222,0.11293789407169696,0
1660,2142731.0761223878,3.6610497739124344,0.11602555351999488,0
1661,3679244.7488978282,4.540952696442111,0.075073047710741414,0
1662,2267725.2931199414,3.3972959899088644,0.089025612305138058,0
1663,3606090.7962400555,5.7263525461520484,0.094236401572424855,0
1664,3622410.8324276269,4.7707570596613627,0.13680707855289942,1
1665,4775121.7164827324,21.313538919824751,0.14760422988506022,1
1666,3670727.5344993924,9.3869512242277882,0.11090977819309789,0
1667,4016601.9259785558,6.0405423308484227,0.11788948862895521,0
1668,3635151.9175935159,5.1495028708345956,0.089869732488279452,0
1669,3602342.2448253422,5.2005734423099019,0.14589807007225447,1
1670,3708068.089690662,5.2205596799703207,0.11259306217828247,0
1671,3875781.6327436827,5.7218044487190438,0.10906045914666623,0
1672,3601634.4169375687,6.028540777488347,0.11355237085208708,0
1673,3667431.6592206573,5.1215680603972906,0.14622475992951967,1
1674,3897793.5074889269,5.4117167469483354,0.12495241599202933,0
1675,3992557.3237611614,7.2114478750784379,0.11886658129164318,0
1676,3750921.4425792499,4.951692827982991,0.1075083662976094,0
1677,2581618.0750895645,4.2965229023323346,0.12723420384150652,0
1678,4333450.658613923,10.144274955185066,0.11847995341637974,0
1679,2954199.3212936129,4.8480935800801541,0.10282815449380461,0
1680,2342560.3317427742,3.4099466625725179,0.12739610631103182,0
1681,2609060.0868099569,4.7620307763309135,0.14182272139695873,1
1682,3842015.8758709668,4.9062548948227729,0.088299160631958529,0
1683,3608994.1848644176,5.3901462719593942,0.10338277318623978,0
1684,3634281.3297075382,5.6316905330063332,0.13156176686110488,0
1685,3637037.0471352935,6.5457538877204282,0.092093644551421605,0
1686,4013751.6194483489,9.1493591665722072,0.12631665702453659,0
1687,3663307.029281633,5.1328542995244195,0.087637734008730872,0
1688,3586208.3363008965,6.3628522744950331,0.13371659877807396,0
1689,4170264.0318871601,7.0663082550278702,0.1288974933743402,0
1690,3888906.7169217961,5.1454058869935286,0.096272789804709602,0
1691,3921146.7814271194,7.7125876916994098,0.095110098522001252,0
1692,3605739.7844667882,5.6737294181471203,0.091309291202208542,0
1693,3796021.0162850018,7.8320416693132575,0.07721389295169917,0
1694,3685079.5296388092,4.4572578434199048,0.065489667823552922,0
1695,3609623.3552920623,5.8516664942362278,0.11607119382425668,0
1696,3714343.1666135602,8.453449975635607,0.1707054989711918,1
1697,3819195.5983444899,5.9876287792801204,0.10845567044460891,0
1698,4218275.3531663083,7.8990657697642677,0.10885902057050867,0
1699,3664025.5962765482,5.1142595208099104,0.089743447678360622,0
1700,3601529.0296391691,6.1658353384264597,0.086498910273345997,0
1701,2349511.4431106183,4.3041612959570399,0.12892921144992775,0
1702,4468653.4773927229,18.227748188357186,0.14781067354866428,1
1703,2349719.955294122,3.6654508088057987,0.10670792162490828,0
1704,3718325.9447396272,9.2142869397321832,0.10922506351091055,0
1705,4271735.8966287272,10.782595327288547,0.097689324565848557,0
1706,3818247.7659936957,7.9466391848920779,0.11753069367202323,0
1707,3600525.9693904193,7.27290099649134,0.12961708960858109,0
1708,3741739.2611809247,5.4514950634804134,0.098388340254286333,0
1709,3673729.7063463354,10.186342997345164,0.052570907847731219,0
1710,3621818.3735924056,6.0825837654656398,0.12016855698587547,0
1711,3680544.9524521232,4.3253900797372751,0.12661400307526005,0
1712,3790626.5363271632,10.132011647790748,0.10579142867265601,0
1713,3700632.2411811561,6.5977415213608754,0.14041872372176434,1
1714,3753469.3829332134,4.9196505409842013,0.1014824181443239,0
1715,3617544.5106151677,5.5374560262975869,0.10110830987634067,0
1716,2267725.2931199414,3.1866312554795355,0.14114002419399019,1
1717,3658930.6969109345,4.8959621012194035,0.10737945831813289,0
1718,3802619.6365603744,7.7480058516424926,0.060434693519469951,0
1719,3656413.9222198478,5.6214053914270883,0.092658163615828126,0
1720,3621106.3977273973,5.6991640382655531,0.076514337165059954,0
1721,3744067.1410801793,4.8578305289116983,0.071586728783605835,0
1722,2349511.4431106183,3.9307728771883754,0.12442566794396781,0
1723,3841386.8621307318,7.7059694994506573,0.10236796472599086,0
1724,2142731.0761223878,3.4996532583745101,0.15221437494238843,1
1725,3594550.9561999897,6.7380727154398317,0.08797525876122958,0
1726,4054911.3207456884,8.333622805397777,0.052814227229725161,0
1727,3261364.380769941,4.431301165538736,0.14209594565849423,1
1728,3588321.4459278062,5.2825248487577658,0.11107971050957355,0
1729,3769583.8214202453,5.6755341123888829,0.12628471456984403,0
1730,3748616.0067580706,7.0699855988681861,0.14953740252762054,1
1731,3587346.5842159283,5.0139131016282663,0.084089170648418199,0
1732,2342560.3317427742,4.2075948487728176,0.16705810682298716,1
1733,3603788.2869018298,10.697782914303451,0.11919206662089687,0
1734,3897197.3934471332,5.6122357376645562,0.090425831650107757,0
1735,4289171.3986152057,10.344265599571894,0.097073338844085533,0
1736,4062441.0160274864,6.3938204543796724,0.13249898940732846,0
1737,3645184.7429953492,5.2500138872487954,0.10050172706377269,0
1738,3795721.4928135118,4.9556226347138512,0.088642592005408527,0
1739,3767200.5262590311,7.4691633737960554,0.14396363560273417,1
1740,4113624.4007957103,8.1944095840798159,0.14781012305585151,1
1741,3597369.3484478048,6.991496512013919,0.086684655896731522,0
1742,3704598.4948286396,4.2374088739761167,0.11002965933518183,0
1743,4944208.2971975747,20.142162192159219,0.089669366731182754,0
1744,3740397.249814366,6.9060970113093854,0.11404701841190301,0
1745,3656037.1997173317,6.730666887653368,0.080699403984965612,0
1746,3593347.758064324,5.2499975966109016,0.13034880849133579,0
1747,2416638.8374307705,3.120003389567203,0.12384604805793537,0
1748,3808275.6616804283,5.9054794492701497,0.074566453192387583,0
1749,3910235.2745243227,8.0783833358313561,0.11237396700546987,0
1750,4836981.2414918197,10.128885425034225,0.1058651148167189,0
1751,4240932.8151909346,6.5775367497406245,0.1458197219892915,1
1752,2267725.2931199414,3.8134501504116511,0.10613791854996046,0
1753,3592714.7428589365,5.9896339245923569,0.11468266209764361,0
1754,3628135.2854567077,4.7081410288944729,0.073054460571959967,0
1755,3643017.9778573466,7.2115504603852978,0.10651928215378759,0
1756,3644334.8966535097,5.681345388071172,0.098149958614797028,0
1757,3614403.7449299358,4.5980749537945291,0.11002295939660761,0
1758,2954199.3212936129,4.4213943159413107,0.15387052591909767,1
1759,3678926.0919042085,5.2381170011199734,0.095090829976013591,0
1760,2267725.2931199414,3.9495140070143657,0.10707595105993772,0
1761,4742785.7661283351,3.7929008713127517,0.092597805513874754,0
1762,3664730.3235705895,5.3745545965427999,0.1042381477323801,0
1763,2267725.2931199414,3.6329687078869783,0.10030934394991087,0
1764,3918633.076579697,4.3883909916136146,0.092005311534276213,0
1765,3621235.5971596288,5.6574067199469882,0.088744643541216583,0
1766,2342560.3317427742,4.3897160356764653,0.10584379820393897,0
1767,3906236.4522487423,5.4428997931947354,0.14225043676840776,1
1768,3594403.8534975918,4.4821526868533468,0.073503344810770699,0
1769,2954199.3212936129,4.5576056984334761,0.12357717517365374,0
1770,2609060.0868099569,6.1795505087774991,0.10313507304525812,0
1771,3766955.0489287162,6.6523854491468999,0.093566505355095586,0
1772,3742972.1039526379,5.633893600732053,0.086001857675192028,0
1773,4469952.3620343823,6.0346113904764849,0.1030777359013284,0
1774,4786706.5438231286,12.743434109513021,0.10015208729971525,0
1775,2267725.2931199414,3.6459582149348195,0.11223617203175829,0
1776,3650863.0885843192,8.0247119442779606,0.12290115221320286,0
1777,3675914.6107594916,5.2625932799064614,0.1032997307249246,0
1778,3618569.6616551802,7.0779441294031722,0.12256816566298367,0
1779,3914394.6283605248,9.2583766026172167,0.081198701074259194,0
1780,3684776.9910881612,5.3141927327459237,0.10084609989322324,0
1781,3602642.8635855839,6.99123083881324,0.1200303527888863,0
1782,3848941.801139459,4.534244946926556,0.097559895718149936,0
1783,3761829.4133741674,5.8012309627432712,0.088599403718969627,0
1784,3596910.6900783586,5.4467415714329155,0.12496223852343197,0
1785,4209379.5997380987,9.8208566476914996,0.074349751800412922,0
1786,3261364.380769941,3.6403086601612107,0.11948213632073368,0
1787,3611844.5985352914,5.5037126581817306,0.10048880728172138,0
1788,3869965.4959922871,4.8505955193989649,0.1089112913037002,0
1789,3711671.2837649384,5.0964070833056141,0.11232087371467103,0
1790,3887176.6148249935,7.3337873009275869,0.12406206627107896,0
1791,2357307.6858878741,3.2125669459283976,0.10536734619017363,0
1792,4377728.1334908018,5.8602521329332493,0.098277958056019687,0
1793,3913418.664110553,5.109040610316173,0.080646424977922626,0
1794,3861722.8769863071,11.16339485902912,0.10163112145238651,0
1795,3602482.0926493662,6.6886952713158765,0.11145849191179102,0
1796,2980790.4908226882,4.1525009717085801,0.11866337201187649,0
1797,2581618.0750895645,5.2429380373077246,0.14025088884263714,1
1798,4152222.6706581856,6.8595790809274524,0.093979445411048634,0
1799,3598725.3821237641,7.3423535635344628,0.097778644681142196,0
1800,3624729.1353223375,5.1013304538935751,0.088659602083006717,0
1801,3743924.4967670366,5.7000768301765454,0.085644739368990697,0
1802,4464418.0666357912,5.9299201256937115,0.099812010904098858,0
1803,4008825.6994734393,7.4914633203844732,0.092691494572014144,0
1804,4066458.477007302,17.567829714232609,0.077977993959437719,0
1805,3593812.5451969695,5.2353745164647334,0.11047288948258049,0
1806,3621869.2460459298,4.9350649136763414,0.076284561596633993,0
1807,2267725.2931199414,3.4540959071881598,0.13658685431908635,1
1808,3593485.640787859,5.1849961137374638,0.13293792547434158,0
1809,3629391.3188438304,5.8667025154882788,0.1530766196107049,1
1810,2008285.8541831209,3.188044026997082,0.10329576347021452,0
1811,3655099.0088252318,5.3478369259131586,0.091863600203161533,0
1812,3885225.6619022219,4.9080901328743032,0.089434644899107241,0
1813,3781068.5449069785,5.1819952873604276,0.067570160109418853,0
1814,3606071.6527179936,5.6686787418275895,0.11424671602413983,0
1815,4151813.5727498853,11.420396761778559,0.12895773645298103,0
1816,2798038.8762947805,3.7554826879188545,0.08130757321341564,0
1817,3626673.5568339191,7.270194098150891,0.13747219029296054,1
1818,4518742.0034522694,7.7409559753113344,0.14998162537584139,1
1819,2267725.2931199414,3.8143939774136233,0.10874025897482098,0
1820,3666811.1317794523,6.6743791628112064,0.079547975552093031,0
1821,4131402.4956516507,7.4181752776413417,0.14061174424426948,1
1822,3731257.751440913,4.1917279817415185,0.098997869535930483,0
1823,3628800.2877909434,6.2097744132168815,0.14113552742965041,1
1824,3592890.2814171421,6.1739848267787263,0.078161337844382117,0
1825,3676855.8773723738,7.2062554010761497,0.093737006472281448,0
1826,4198083.1905220207,15.950710572013138,0.12254269032036991,0
1827,3592040.6812828206,5.8399563356016548,0.12373841010728814,0
1828,3992588.9549267581,7.01841392788217,0.11597692102687612,0
1829,3613135.3152775588,5.3616804076442239,0.095259779542688661,0
1830,3734630.6845352855,4.5980337300609371,0.050348732163902066,0
1831,4817817.8500846624,16.886936222381507,0.12988219554250635,0
1832,3261364.380769941,4.5905588471195227,0.13457684079797763,0
1833,3819868.4032169953,5.7737337354562781,0.14391956423823793,1
1834,3616205.5649241889,5.5410833164415632,0.088838989156250769,0
1835,4339773.1142244143,6.5420648331583688,0.10290478078431953,0
1836,5073418.3746389644,13.163771441469869,0.14585382872100533,1
1837,3769398.6019496582,6.3951532479356947,0.077620036695114358,0
1838,2357307.6858878741,3.5741321016990781,0.10191598884815367,0
1839,3758368.6028012731,6.4189982434065405,0.090154411604299156,0
1840,3733769.0545347892,8.0992241001128704,0.15624108214845567,1
1841,4932071.5687424308,7.6854546647807913,0.09403581237219516,0
1842,3665112.2526442003,5.3359377749900236,0.1386377433178867,1
1843,4107680.0187868737,10.108753448362977,0.10974069051108848,0
1844,3756909.4679649957,7.0531750497443646,0.10476230052821567,0
1845,3718010.6141718789,4.2336569656203782,0.10322053279389232,0
1846,2342560.3317427742,3.4814483832228076,0.14229931797973444,1
1847,3873170.3381384574,5.2831194380549418,0.1137587463952684,0
1848,4103558.5648582922,6.1556367172570665,0.096677149477251145,0
1849,3706964.964138431,4.736013979731287,0.088031552568241356,0
1850,3633185.8931965074,4.4362724152858588,0.12234051104377464,0
1851,3877656.3152259784,6.4827418402678569,0.12088341699637584,0
1852,2678205.3747857241,3.4726539271795982,0.11667100490411553,0
1853,3882375.6864563986,7.7369695486489807,0.12872456676944699,0
1854,2609060.0868099569,4.5719895887583339,0.13557724793034559,1
1855,3655128.8169133752,4.7091970299623611,0.09305405000596878,0
1856,3590201.0976403807,7.2229273162355847,0.06745745208334486,0
1857,4622833.9780836124,6.8711707700635483,0.10485039755653519,0
1858,3704798.8390738894,7.7245368903249458,0.13372235211986516,0
1859,3867762.464956773,6.6467623335081658,0.11090499363419692,0
1860,3764684.3971054005,7.7212780729315966,0.10566070905849057,0
1861,2349511.4431106183,4.1141792131446522,0.10722184690762238,0
1862,3697820.3691914296,7.8476877466067574,0.075609219160884311,0
1863,3760067.302926281,5.7490731870213692,0.10350248473085544,0
1864,3632212.3198184385,6.3736249636979814,0.091262000097981133,0
1865,3769977.9688234422,5.4196905919394283,0.11769679318824966,0
1866,3630130.7880894691,6.0295506340363909,0.10626197622231859,0
1867,2772356.9728852585,3.1786678576243155,0.12162701812523591,0
1868,2008285.8541831209,2.9328677114401422,0.11453710912697906,0
1869,3604368.3030884229,5.9593156541139471,0.077804777701330152,0
1870,3597111.2143402281,5.8905174944553798,0.10106165278789495,0
1871,3601454.2629500353,6.5042872317764564,0.10530446378547054,0
1872,4097075.8301416291,6.1351840791985683,0.12516800089972635,0
1873,3620569.298173727,5.1322464428867365,0.13120210149128886,0
1874,4213049.6904081842,8.7357471280136867,0.13241650550658179,0
1875,3637984.3033606713,5.0342332964742793,0.10574594020702344,0
1876,3772913.8637322849,5.9606422505704151,0.081267113768975024,0
1877,4128950.6752008642,5.8013284666315963,0.10993166658176179,0
1878,3814952.2923525316,9.0970036730067303,0.089382435525433901,0
1879,4884435.8603479788,8.905699652975235,0.12058805147727314,0
1880,3624002.7640516222,4.8924599709354837,0.14602284036630114,1
1881,5083521.5538801849,6.4492389199086171,0.11486921493323776,0
1882,4035315.9243447045,7.5211575746610349,0.084723497563856887,0
1883,2773471.102127803,3.7945622510020458,0.11599361215692355,0
1884,3765696.5985032758,8.3278735073970953,0.11464044028518938,0
1885,3637697.3908209354,6.80938015755551,0.087635162059527816,0
1886,3586606.9193327855,4.6423344690250108,0.086085304678829855,0
1887,2349511.4431106183,4.0692038934447519,0.13211469926530384,0
1888,4420117.8598767947,6.066727834026886,0.10433308462862512,0
1889,3591315.6015079073,6.5456804549287257,0.13327637967615291,0
1890,2090177.9550635067,3.2806954407588536,0.11870177934664727,0
1891,4796160.0580950864,11.198179004236641,0.17457100429088002,1
1892,2008285.8541831209,3.1229960399910781,0.14259605339145953,1
1893,3874016.3793684784,6.3090297000750049,0.075375800964493811,0
1894,3601772.3736224598,9.0628683093175688,0.1256689657309884,0
1895,3715803.7194798817,7.1729161906110548,0.10346409950108321,0
1896,3615251.3803137499,6.316678622049313,0.10816697212837234,0
1897,3677086.5013250322,5.5994146157703781,0.076337285006043087,0
1898,3615857.1685984503,8.2874280960379387,0.071929652472080663,0
1899,3595664.1283881706,4.8098154901497976,0.14124228931147897,1
1900,2342560.3317427742,4.0393893335787086,0.12062678257780601,0
1901,4068715.9209398259,12.809440915527246,0.14448477830646178,1
1902,3595886.4551989902,5.8502915283608079,0.10154267381371684,0
1903,3903582.21257516,5.5023905297376414,0.095955194012279976,0
1904,4065014.3494643192,5.6562653648793697,0.14197931697589372,1
1905,4730088.8091799421,6.6057057757528117,0.15923146207307315,1
1906,3595762.2732312349,6.0654441913941026,0.11712755894490068,0
1907,3743040.2353876946,13.224044112043325,0.10957354953102028,0
1908,2628545.6714319899,3.7636208620267482,0.091771335819808009,0
1909,2267725.2931199414,3.7687515922701338,0.12951882766296186,0
1910,2609060.0868099569,4.0402629899005413,0.17378919188670949,1
1911,2008285.8541831209,3.2134082032297191,0.13904826492219391,1
1912,3612053.7264235429,5.7180228074908515,0.085305431378093766,0
1913,4982537.4942645393,8.0623340443747207,0.10696954486616467,0
1914,3698399.6258542803,6.4652245961421535,0.092723962266458404,0
1915,2349719.955294122,3.4523370041619712,0.11506537007324857,0
1916,3620930.8554535205,4.8223826800088103,0.12191782674880736,0
1917,4038870.7382981181,5.3988320959793903,0.11813853015769868,0
1918,3636327.5654897424,6.1019903030508873,0.093744817889132359,0
1919,3670167.5878516948,4.8941195510524347,0.12243955909516124,0
1920,3811765.5743827014,4.7770988037909126,0.121968129870479,0
1921,3606484.6231777999,5.7529496135613325,0.10196036296020849,0
1922,3986790.8164578592,5.6380814361584282,0.11301375500997102,0
1923,4314681.890000361,14.570183714095755,0.1278502989703918,0
1924,3628349.3930828772,6.2501336309769835,0.15101861096096925,1
1925,3640844.2259723116,4.026244452282838,0.12365081747137419,0
1926,2342560.3317427742,3.4250510291252918,0.13301005346846562,0
1927,2142731.0761223878,3.2770750054576614,0.11893923155309249,0
1928,3759838.5117636546,8.3735247287154699,0.083867599243334645,0
1929,4343686.521053669,6.0804494529103632,0.083064882273625629,0
1930,2090177.9550635067,3.5951427155427331,0.14519233439143658,1
1931,3592086.9250761187,7.3546489579216114,0.12232348036523083,0
1932,4484868.9307724722,11.315435845234544,0.13961772847350656,1
1933,2342560.3317427742,3.5146462498553652,0.11002936243795236,0
1934,3609251.0437380476,6.8157738971627735,0.089743538400302747,0
1935,3616780.9264724455,5.3130891597310868,0.12004919620526244,0
1936,3593377.5708038174,6.6272577647642299,0.15060445222715618,1
1937,3633820.1768851713,7.9442266185965966,0.084165914661130659,0
1938,2142731.0761223878,3.5038013278429574,0.13031540566769884,0
1939,3621294.5964462264,6.7603991734298541,0.13584047661011334,1
1940,3600847.2033359082,8.5103445558021491,0.14007551178118971,1
1941,4008256.6320765568,4.353594121296644,0.13714379240301378,1
1942,1636214.7916851614,2.8182960407419793,0.16558012508220987,1
1943,4107342.5001917006,7.3317153626121998,0.11268302435256994,0
1944,4168030.3027369743,6.0899183780887682,0.11685387911090711,0
1945,3639797.5969677209,7.2535946789031378,0.09844794155896186,0
1946,3823599.5478440081,6.851697585503949,0.13076843176208852,0
1947,3877382.1493545719,8.1589353857750648,0.13044583912217389,0
1948,3812999.8181684385,4.984780378144289,0.10706591483452355,0
1949,3827100.398197378,7.2250900994938752,0.082695831876193393,0
1950,3849963.3968818309,4.4986539727191106,0.12415959457934989,0
1951,3586750.568657971,7.5735379025505836,0.097087716571899851,0
1952,3868239.5165383923,5.122751553982666,0.14107228147616802,1
1953,3640524.2864902574,4.5015674991111227,0.094124589422962091,0
1954,3756076.3433037582,6.8212503404962455,0.1233366103462209,0
1955,3602801.2106205705,5.4180910169400658,0.11062859521676827,0
1956,3598509.2913339105,6.2581036051099845,0.14591763547954828,1
1957,3788322.5739188883,4.4005215155168136,0.1133537281975745,0
1958,3603904.7326987218,4.6424164115817437,0.12330827871425493,0
1959,4330894.0694309026,10.19972944916049,0.15383435036432092,1
1960,3964468.8520217002,7.5792511546034085,0.11095936573712084,0
1961,2142731.0761223878,3.4044027015543938,0.10962857434399813,0
1962,3600634.7432216653,7.4364480354391507,0.099605046854263302,0
1963,3595900.6336944462,6.4177641940772716,0.1234639611415822,0
1964,3606334.0531861312,5.1238641423375944,0.077864934979613998,0
1965,3587513.9261015332,6.1286347056751973,0.10951451858507977,0
1966,3594837.5487160278,9.1861708027709366,0.15724341039744372,1
1967,3664135.5071880678,5.9712035874160678,0.082320170065249831,0
1968,2267725.2931199414,3.9482156984277972,0.096457501393967693,0
1969,3639590.6650443282,7.7043533646072326,0.098369396700307199,0
1970,3588344.1923463745,5.2502539624390687,0.072015095516389849,0
1971,4173992.8990535685,6.0182819592488057,0.12337557911860098,0
1972,3945373.4890546626,5.3543155589864355,0.080225406578654151,0
1973,3685880.999756177,5.195538436399457,0.13538636690570593,0
1974,3608593.9321272834,5.3400168115725206,0.093392285845735001,0
1975,3593060.910148744,4.2198871467419412,0.072507632964494362,0
1976,3813876.4741485803,6.1504545625746596,0.12105967063756079,0
1977,3604455.2173229153,6.4161439576949872,0.12792195566560649,0
1978,5616141.892412656,8.9810979722851965,0.097065575271588656,0
1979,3676800.3111803047,7.1078690257218158,0.076324794751187142,0
1980,2342560.3317427742,3.409994605738925,0.13162695259820356,0
1981,2267725.2931199414,3.7318985546840922,0.085613571705521752,0
1982,4643492.0592047153,12.79575975901446,0.11665269955567165,0
1983,3619482.6007015742,6.1832798586916953,0.08582802106555798,0
1984,4590512.6364886956,7.6993758398047145,0.12186880677026324,0
1985,2267725.2931199414,3.4327310830395721,0.13458347541413196,0
1986,3744389.524484647,7.5691498445007062,0.10309150986062821,0
1987,2090177.9550635067,3.5710861183742022,0.125,0
1988,4199019.8063747855,5.2664173113518595,0.099827226262399926,0
1989,3908009.422279269,8.3495749050245358,0.09515740595434774,0
1990,3618305.2561834068,5.485256730244398,0.092776867420222286,0
1991,3593936.7227897677,9.9115773059275689,0.11424680529953801,0
1992,3713657.7583048255,6.6661309339894368,0.087435603229425451,0
1993,4066742.4256927837,4.1744488272661977,0.093795972170228975,0
1994,3714606.7243960244,5.5040894152973925,0.10316242324548164,0
1995,3592966.1678246204,5.6523430840888169,0.11247521617131429,0
1996,4952548.3086939268,10.007035145361325,0.1381623877684246,1
1997,3841843.5237956806,5.6682597296310027,0.12089228426267218,0
1998,3609777.614452411,6.4838956349103478,0.074648571528368124,0
1999,2142731.0761223878,2.8433082765125439,0.1680319596170467,1
2000,3859664.3243695921,5.8261674882387613,0.11232776177884973,0
2001,2349511.4431106183,3.6099934633539017,0.10502738755056394,0
2002,2581618.0750895645,4.5184990761983732,0.12182500384904901,0
2003,2357307.6858878741,4.1105328067663587,0.09903644855486099,0
2004,3643675.394969428,5.3672722041902787,0.12118718930072114,0
2005,3609382.2757175015,5.6383414963932816,0.079916488887383785,0
2006,3590432.8463686369,7.570950801997216,0.17060215094368458,1
2007,3640601.4314045254,5.9831137209132086,0.071541976048537403,0
2008,2090177.9550635067,3.4556050014498907,0.15905499161028125,1
2009,3899959.7207028349,5.425968975146124,0.10927418408198142,0
2010,3637923.9213555045,7.6091921830124107,0.07084158001420382,0
2011,3685185.1218669084,6.3531068697828914,0.14521856924364335,1
2012,3671855.6648901226,5.6490797896490559,0.09072804175221838,0
2013,2267725.2931199414,3.6831051820340028,0.096958230183907812,0
2014,4722994.0025373222,5.6027799820311834,0.11451687578019265,0
2015,2342560.3317427742,3.5004677407288449,0.10950876258213144,0
2016,3745308.998833389,8.2005380946516588,0.09637721426469037,0
2017,2342560.3317427742,3.5499525050770662,0.12267567682728853,0
2018,4885176.341816619,9.6753449597734935,0.11240730454588099,0
2019,3695710.0834246087,6.6689412791132154,0.12356882263301328,0
2020,3695588.7343404023,4.7574996017921771,0.10974759908630979,0
2021,3614726.5170050077,5.5158855273753176,0.087722878544277127,0
2022,3712964.4395711413,5.3816222747083096,0.1135039100700051,0
2023,3862457.200349635,5.229765487357664,0.095145705598542518,0
2024,4712164.2936397446,5.5900244668716788,0.10220393417000323,0
2025,3585888.1409031535,5.309654127043081,0.15280407525215806,1
2026,3696740.4359578169,5.13682202812205,0.11187223930967541,0
2027,3606359.6451625596,4.3704888059582432,0.11756307166458657,0
2028,4477660.0516468268,8.8278973911238641,0.12816015860909502,0
2029,2678205.3747857241,3.7108697989876029,0.10838369680813487,0
2030,2342560.3317427742,4.6407094268066507,0.13580461818370171,1
2031,3877137.6577778165,4.8941318527613697,0.110286912871572,0
2032,3599140.5648434153,7.0973657971511699,0.10811768198982297,0
2033,3646623.2133273035,4.6982900892898707,0.14587417642928602,1
2034,2954199.3212936129,3.8193573595942594,0.098269921069350286,0
2035,3588731.9511946226,4.4563293545981368,0.10096143846085581,0
2036,3684498.6678584842,4.5281501891381408,0.070734417086987758,0
2037,4019233.3742483258,7.6337431437217589,0.12663393367374909,0
2038,3599630.2326361421,4.3368611267520443,0.14846002870067587,1
2039,3642639.8180600689,6.6504309481688679,0.14055037974463069,1
2040,3634533.563602888,6.2260851604861545,0.080924790185219753,0
2041,2267725.2931199414,4.0515554180554831,0.11046180909038783,0
2042,2267725.2931199414,3.511794019597636,0.10516555993190613,0
2043,3616850.1235119347,5.0419079088091285,0.11880994256573224,0
2044,2008285.8541831209,3.1752493277684408,0.14172985031084917,1
2045,3692151.0403133472,5.7896805225384416,0.11777034229384642,0
2046,3725980.4541243981,4.1182619497565467,0.080879032375800741,0
2047,3625981.6616393235,5.2178670687033035,0.059471325685498844,0
2048,3626189.3258238048,4.5054437049211584,0.11608878885144824,0
2049,3612868.2924777633,6.0196218395273489,0.0891549160178772,0
2050,2267725.2931199414,3.3122721612112009,0.12643151338269554,0
2051,4133997.0984508782,5.6144740607589618,0.080220341987968569,0
2052,2581618.0750895645,3.9744684385132802,0.11137559893769233,0
2053,3997855.7046729983,7.5776859399246241,0.11409491992052934,0
2054,2090177.9550635067,3.2668262285660519,0.13191777008475591,0
2055,3593166.3627210069,4.1836162916073274,0.13219859937064193,0
2056,2609060.0868099569,4.4922524310793408,0.14593576494878513,1
2057,2267725.2931199414,3.4271001261262906,0.12890324488219007,0
2058,3627612.5291495416,4.6357578158078736,0.11304838667507117,0
2059,4726107.5740243094,7.3656109220317569,0.11449785319099404,0
2060,4143512.2423708905,7.4594793153051304,0.12542795220662789,0
2061,4143373.6154418071,5.7858087000544272,0.083148822090667318,0
2062,3856214.8479451071,6.0746254025722264,0.052703432541978817,0
2063,3656189.3539687619,6.2898419900483651,0.17513891888261462,1
2064,2678205.3747857241,5.7968607934102119,0.12328975095756467,0
2065,3594491.377844872,6.0422698294582275,0.08898798055221252,0
2066,3708237.3037447836,6.5876929821285648,0.13007607423453682,0
2067,3602574.6478386484,4.4259417962383152,0.097520514601100228,0
2068,4001510.9369913032,4.6023181958751467,0.13740172711321885,1
2069,3591782.740361013,6.895529605576268,0.10844247436322729,0
2070,2267725.2931199414,4.0462034896889536,0.11717742705544898,0
2071,3614163.6559793842,3.9165943842304234,0.095160281692354243,0
2072,4608729.4716212973,12.150561154143052,0.13762219852388213,1
2073,4131952.1844328823,7.4259523960099418,0.09802406647769113,0
2074,2142731.0761223878,3.2067434285138607,0.12322092293101294,0
2075,2267725.2931199414,4.1556826090788688,0.11270785910120318,0
2076,4643041.6311381357,5.5503668809852496,0.10404007302431573,0
2077,3625811.5849531004,7.3349160554358246,0.10392664392457984,0
2078,3774524.0402691099,4.596780232684357,0.062045353345020038,0
2079,5248980.3658476677,7.5692671631826558,0.12607236638070435,0
2080,3693089.4938153657,9.9588589203599582,0.13527708869416677,0
2081,3787096.2256159126,5.5523042341285809,0.12500215456070057,0
2082,3709141.9379399233,7.649628844771259,0.13141571618313908,0
2083,2581618.0750895645,4.4992219069806199,0.11586452505246858,0
2084,3719660.4539842047,6.2846981862329434,0.078878758862252485,0
2085,3707898.0079688546,6.495511876443385,0.17203568701716632,1
2086,3697933.1924320129,4.968559546775527,0.12997194036094573,0
2087,3780192.8141795192,5.3485054506549554,0.14452058727718409,1
2088,3794798.4807057385,5.4219523342365177,0.10738766130491723,0
2089,2772356.9728852585,4.8623067893663459,0.14791858379942596,1
2090,4614690.7925045472,6.8651133885894033,0.11680772074863033,0
2091,3621330.7956731911,5.1852490263944215,0.1164412551931121,0
2092,4424734.6158162253,10.428712055233579,0.12355225744677756,0
2093,3658928.5816582087,7.2536801381788027,0.095878891169307812,0
2094,3792397.2745690183,4.5752323806299131,0.097780304827433273,0
2095,3843078.6109327408,9.8874777211426057,0.056116365253757405,0
2096,3742722.7867734828,5.83846956677269,0.096010074498367681,0
2097,3872234.9597849562,4.4218715379597242,0.097779747908396164,0
2098,3594961.8514136239,5.2014648625143307,0.064807851554177787,0
2099,3592955.2955495389,5.0977195219570417,0.091447097946426026,0
2100,4304067.1250019269,9.6232778056290318,0.15493030010319178,1
2101,2267725.2931199414,3.1732162977812326,0.10235579848902499,0
2102,3767282.4361544242,7.2127238547555281,0.10491775853658514,0
2103,3659395.3166697389,6.8148223649819926,0.09565450775941442,0
2104,4078218.9830026468,10.865958525565228,0.11862641464945445,0
2105,3608373.5756753599,4.8913458769021547,0.08743021479862223,0
2106,3597368.1319922428,4.8944125121460917,0.12397054616350867,0
2107,4653844.8097705571,10.214583459888635,0.11810367027169,0
2108,2267725.2931199414,3.6541589408175761,0.11400898512697122,0
2109,3612436.0056364513,6.2232322711084995,0.098751450202044566,0
2110,3722126.5525936782,6.8960939401783916,0.13668850768342566,1
2111,3642341.4681798057,6.6823179419398437,0.12870817845638183,0
2112,3643124.8370709228,7.6927355023208577,0.11635135731905233,0
2113,3856088.0841406905,6.5747516509541351,0.086488222978602813,0
2114,3597322.4643329522,5.8137026553173055,0.11500261753026131,0
2115,3626512.0508846184,6.102978952867713,0.075932598109843652,0
2116,4484291.277544979,8.401133037807293,0.1187655254272546,0
2117,3261364.380769941,4.2961899407671851,0.12146874068423519,0
2118,2349511.4431106183,3.8869250646989464,0.091067250478998024,0
2119,3615805.4903293797,5.7660299363667766,0.12134834291695396,0
2120,5049583.9939352693,15.983548255647918,0.14943081422682347,1
2121,3588694.3985929857,7.9755993773081917,0.10989216325217244,0
2122,3616084.5114116324,6.4302641311295243,0.10184327656186426,0
2123,3652148.3934227354,5.0432950880320844,0.086703989003821591,0
2124,4193286.9180969214,6.4305921119116318,0.073736991773578842,0
2125,3662768.9936653641,8.8397877360041512,0.080410500159353027,0
2126,3634357.6000765879,5.3771609868640233,0.075511574906098944,0
2127,3634160.7975892043,6.2944859491003502,0.11496859075906429,0
2128,3280705.556872033,4.1303442341274357,0.1111111111111111,0
2129,4469947.5939608347,17.812410966952356,0.14959020005018075,1
2130,3632284.4851508201,6.4609829263402832,0.089482798471349795,0
2131,3763825.899353473,8.3199997399285319,0.09590669258667317,0
2132,3624215.3403375163,5.3780222313175132,0.06317398548608999,0
2133,3611608.6473841774,5.4498127788945121,0.12515970797516746,0
2134,4028186.0993399695,11.440455393470181,0.11410502520981458,0
2135,3711769.0256844694,4.5703797242646536,0.095325429289088826,0
2136,3934135.9766997746,4.5790926456275667,0.11790971870397904,0
2137,4338480.2627014779,7.6716258909090156,0.11978195930694646,0
2138,3668316.8270184854,5.5861767050112796,0.072149937660848207,0
2139,3949796.383655495,4.7486941642345526,0.081926628002836677,0
2140,3605576.808345716,7.8778291043750608,0.059824069105075761,0
2141,5653910.1411444228,7.8702072867388981,0.10803753142500438,0
2142,4143013.6849309001,5.6598074317891527,0.092767335246311311,0
2143,3585918.8455722141,6.9492646660936721,0.14056878863715161,1
2144,2349511.4431106183,3.6838157581007929,0.16370938155834325,1
2145,3601522.4889672282,5.5271889661125861,0.10046854426287477,0
2146,2267725.2931199414,3.9689823508494237,0.1166037479956526,0
2147,3611169.1875238828,6.1812268031864912,0.15018746046508646,1
2148,2267725.2931199414,3.9920575207282125,0.14890285724874441,1
2149,3746460.8591928706,6.0411011208356706,0.090892731759085965,0
2150,3692141.9299421152,7.4906361234515328,0.071038520672379479,0
2151,4425256.2117674174,6.1452351282960436,0.098581115259802787,0
2152,3623633.1782965106,4.2901872003524151,0.1000392826303842,0
2153,2267725.2931199414,4.0102556283653294,0.107142698181805,0
2154,3931347.4830300878,5.9999598551680524,0.16233793190764034,1
2155,3715836.6527540893,9.6306342862266359,0.10407924934381824,0
2156,3696048.2315620324,5.3057249333983529,0.07135776648212766,0
2157,3685945.4116076697,4.9261903929906437,0.047965567291174849,0
2158,3781870.927103214,6.4549773799719192,0.08993107921681831,0
2159,3638695.7209815942,5.2538411244416494,0.12330299316555154,0
2160,4410657.6177123776,10.960409919607043,0.13762919040631283,1
2161,2357307.6858878741,3.5028183506710744,0.12711879846000501,0
2162,2772356.9728852585,3.8837283892188639,0.098169457133831184,0
2163,3733835.6918092854,5.8250766989585037,0.12806806374355983,0
2164,3637922.7152098101,4.6298605212840487,0.12603515800518017,0
2165,4683622.188367595,9.2733388527892817,0.10524762389865827,0
2166,4577767.6088083191,8.9888596851607794,0.083365872518083806,0
2167,4161045.2330698334,7.108258392499966,0.10695000138614741,0
2168,4733698.5840278547,11.100422446648647,0.12771960124307336,0
2169,2772356.9728852585,4.14467749293068,0.098450749727836406,0
2170,4568107.9606975066,7.1248241717337342,0.11230121957315609,0
2171,3619651.9865024621,5.4559891577054644,0.13855391484250235,1
2172,4889402.6756318482,6.8029287908612632,0.14582161740077076,1
2173,3714274.8113517137,5.418893498406085,0.098528096784322561,0
2174,3633688.657945869,6.7488543252838031,0.10615975842883008,0
2175,2342560.3317427742,3.6896348824770779,0.1338025484802724,0
2176,3956211.9230346787,5.5055966032102033,0.10734483207152518,0
2177,3873506.1504409681,5.483723755469331,0.085438806208008922,0
2178,3706019.4991628747,8.5075450916936646,0.15513887762899248,1
2179,3916331.8568274924,6.7714928413406659,0.068496449357133504,0
2180,2349719.955294122,3.1254151462341864,0.15610297254262856,1
2181,3832951.9173349729,6.0451933375471025,0.15646500937168911,1
2182,2349719.955294122,3.823385328962758,0.10955933072689827,0
2183,4255593.7822570186,11.371954426343331,0.12479803668560752,0
2184,3648398.3039542292,5.7893132783138155,0.11395131628596589,0
2185,3599728.2335859821,4.4712965267096818,0.10765417415984435,0
2186,4297340.2469014246,5.6575267553487327,0.12246031738555052,0
2187,3628390.3501721625,7.9924138542011569,0.075366856708785845,0
2188,3675318.1052021999,4.7582113100234782,0.11450224832886247,0
2189,4356830.6867195154,5.3387528964701172,0.10118287477419374,0
2190,3917070.6907038763,13.635647001344889,0.12416834308188635,0
2191,3623462.6807224564,5.2653246550277277,0.12275881940631994,0
2192,3607363.188716609,6.8720798702822705,0.1010058886953934,0
2193,2349719.955294122,3.7397251271338017,0.11422738698522222,0
2194,3683168.533612093,4.5668232721336777,0.11376698360991311,0
2195,3651984.9967469368,5.6869075400334141,0.14079305235570505,1
2196,4567930.3782079779,11.167088769389833,0.17812398585906586,1
2197,2267725.2931199414,3.8101902513548249,0.12049844636998419,0
2198,3625408.9662382626,6.1471784649301222,0.11780733513693087,0
2199,3591609.2809041929,5.0685786315297356,0.11726179002648895,0
2200,3595612.6702351682,7.2605775499288283,0.093947662531942311,0
2201,4232195.6375034945,9.7547144672625556,0.076850576956869476,0
2202,3755292.2529366971,6.4688675419783497,0.11836437188275745,0
2203,3724717.501162597,4.2582609530386302,0.10151847941999792,0
2204,4743308.1078295279,8.3961353434912009,0.16228367291260432,1
2205,3703638.8778932267,5.9938363017333192,0.14935423390700375,1
2206,3679182.2427926464,5.7113348997656086,0.11244496326786124,0
2207,4547215.9198229564,6.7946722493753082,0.12010727997099829,0
2208,3599222.3419068414,8.9670742530068512,0.11139701709233341,0
2209,3596381.6724759615,6.1580691219461228,0.12223527595554473,0
2210,3687510.3958400255,5.2727223159212127,0.11972649631482424,0
2211,3645127.4699479332,5.6252505235154144,0.10054119588885124,0
2212,3632210.2708543106,4.8069740827772902,0.094870675416665606,0
2213,3651470.6019509425,7.658313240099174,0.14705345723662233,1
2214,2581618.0750895645,4.8625684870724344,0.087592108262052881,0
2215,3593820.4404213983,4.0969172412074348,0.084837180548311575,0
2216,4157834.9120387728,3.659287936836578,0.14250624569947368,1
2217,2349719.955294122,4.1193078850320353,0.1336442692685248,0
2218,3936496.493598571,4.9392999817833578,0.089221460761212401,0
2219,3620695.6404226799,7.0358122137954462,0.080290467814636113,0
2220,3615409.376963295,4.4759618291238965,0.097960991372406103,0
2221,3588320.6314770528,4.8848820395101553,0.10406980034840851,0
2222,3815994.9057118413,4.3161331196962438,0.1194960589501084,0
2223,3619029.8831435153,6.6069093791789744,0.1495294894067507,1
2224,3726769.3861095784,7.8726242139531788,0.086245730671259346,0
2225,3655176.1333568981,4.8816123550133668,0.10909099115986953,0
2226,4203215.6689515132,6.4968754532370063,0.13076288875628961,0
2227,2581618.0750895645,3.8810091675643075,0.079541757175324412,0
2228,3716477.082451365,5.9707210471120344,0.12652609676505233,0
2229,2142731.0761223878,3.1322793318575992,0.11511417261831355,0
2230,3597727.2256917031,4.5050432095028974,0.072573604597620855,0
2231,2142731.0761223878,3.661374245271749,0.14569796627206955,1
2232,4468216.9560761172,33.063451919848987,0.14356468587230553,1
2233,4305635.5636733016,15.132626782577145,0.14768687018075122,1
2234,3605023.9178740047,5.2706338216103843,0.093831588992353887,0
2235,2349511.4431106183,3.8391053764227534,0.15871007082704713,1
2236,3732382.5360689093,5.4526469998213756,0.1369013957601436,1
2237,3681105.6782486476,6.0887313456953684,0.062605459894341631,0
2238,4903059.8204126991,5.584889592288321,0.1362792763241617,1
2239,4303178.3047812022,10.693730922612316,0.11952304733793373,0
2240,4189011.0833230545,9.3647989865902268,0.10534616254322793,0
2241,3625558.5097065051,5.3466610542100854,0.096308672730736067,0
2242,3610865.3159277183,5.6073786580293321,0.13126558698546398,0
2243,3670509.584733624,5.5935732674079848,0.076476514243595306,0
2244,3870125.8479317967,5.4251968713243484,0.092070735498026635,0
2245,3876497.7189787263,5.6290617470504944,0.1395700998330589,1
2246,4079267.4942555195,5.2963241965772365,0.10094242112081964,0
2247,3688688.2969424995,5.487536949773574,0.12582299036714961,0
2248,4410359.4054186111,7.6094753068782399,0.12250703917035943,0
2249,2581618.0750895645,4.3120720274067024,0.12649180404093463,0
2250,3593513.6242185733,5.6079435583181878,0.10243732880374978,0
2251,2342560.3317427742,4.083064972576004,0.11092264423333187,0
2252,3618104.2583484515,4.7233308254082278,0.13478603610212825,0
2253,4118193.5429832833,7.0539586604757591,0.13586248076827034,1
2254,3618647.8254839596,5.5989941941967736,0.088445166256480912,0
2255,3647243.0571669093,5.8607737923871248,0.079216462547949895,0
2256,3851727.0401413464,4.3878502952312441,0.084039560358778798,0
2257,3739275.2368018725,5.8040438210277445,0.097401923432627852,0
2258,3280705.556872033,4.2397266393676558,0.13988624036690067,1
2259,3597675.1739303172,5.8906326014299273,0.10728694297230423,0
2260,2581618.0750895645,3.9895380440773902,0.069610629105792077,0
2261,4114950.1904741707,4.0753622593276377,0.12307589440611555,0
2262,3588159.1112175188,5.9281576049574385,0.12218448941752147,0
2263,2581618.0750895645,4.453793478884009,0.14516399538586566,1
2264,3893090.342025015,7.4106694003090583,0.086843691282324942,0
2265,2267725.2931199414,3.3404893655804391,0.12512416652080571,0
2266,3770361.9558091979,5.5591034505445895,0.063358590618506017,0
2267,2142731.0761223878,3.3678998981633081,0.14719901680183012,1
2268,2267725.2931199414,3.2745851960922572,0.11168662373130556,0
2269,2267725.2931199414,3.7266270125889078,0.091274013841430635,0
2270,2342560.3317427742,3.1538912747994647,0.10900719126820169,0
2271,4104841.7467581434,8.6112168422138993,0.112446436809579,0
2272,3586916.338956194,4.6303829495778421,0.085651764019322729,0
2273,3639107.958723871,5.3246739903181135,0.1022291225393705,0
2274,3616007.2960175248,6.9977439408357087,0.10515768015127958,0
2275,3611182.843113197,5.9069012378670642,0.14746534220780461,1
2276,3627025.6355698593,6.3043667857886465,0.086425217497480805,0
2277,4864369.5987559203,5.4358060286230288,0.12216019066565986,0
2278,2342560.3317427742,3.7857708283260973,0.12938044646908353,0
2279,2090177.9550635067,3.7246689293210702,0.13679198124022196,1
2280,3605644.2710457575,4.8443108025227781,0.091854055333657536,0
2281,3711048.3675835659,7.7655477104633057,0.08548777492930415,0
2282,2142731.0761223878,3.4061327509418606,0.14045481029245738,1
2283,4219089.1160251936,6.5533317553840957,0.099671681188789885,0
2284,3692879.4852109612,5.9776786546355209,0.096966771287449904,0
2285,3956419.9588300851,7.1900770439604944,0.10375900475085209,0
2286,3615244.7871122789,6.4652284415396482,0.070632333799791391,0
2287,3633885.883003335,7.2202729839874831,0.094781167886696993,0
2288,3654713.3159456896,5.9059285972007318,0.12631179464892184,0
2289,2267725.2931199414,3.7196457778847414,0.11776895424548417,0
2290,2342560.3317427742,3.3793921592226868,0.11268321006685211,0
2291,3663237.5113920872,6.6608572443439691,0.099957083836587024,0
2292,4420580.3697018055,8.4911401567944331,0.081990775908391031,0
2293,3663177.6605055784,5.4753710079338855,0.09108029236632903,0
2294,3597740.8065279042,8.3120170554811335,0.10994639477140011,0
2295,3714205.4475080739,6.5496261563526019,0.12665618711376414,0
2296,2342560.3317427742,4.1763031670295563,0.14529899410407132,1
2297,3635613.1941342051,6.2375728866968796,0.11974276703329922,0
2298,4464704.9719695887,8.4181046587478292,0.11007755441129596,0
2299,3605968.9737825706,6.2155703572725818,0.088387040510516823,0
2300,3832006.6159893339,5.7699401171872271,0.1134019626854722,0
2301,5150530.5637654811,9.6773715121234787,0.13038505410921264,0
2302,4108825.4067757069,6.4771225632862466,0.11813965480319188,0
2303,4090932.8314220593,5.7499169982885405,0.11472184595730622,0
2304,3590932.5444013546,5.4949882786057982,0.084282991811757579,0
2305,3625860.3793136273,6.2186573734627819,0.09101330752413489,0
2306,2267725.2931199414,3.6057807692838058,0.13572898294282743,1
2307,2090177.9550635067,3.0283782664221826,0.11387057195297745,0
2308,4658916.9773217244,7.5969570612246002,0.10735312849497969,0
2309,2267725.2931199414,3.4609268663312038,0.11559148307556899,0
2310,3680837.2877799468,5.3538065893842859,0.11373854783523596,0
2311,3734596.9570512748,4.699170941185332,0.12732746716470755,0
2312,2349719.955294122,3.222273904888453,0.13788263494126751,1
2313,3834528.3297860017,5.4397118908941406,0.096425116898609442,0
2314,2628545.6714319899,4.2920464909569134,0.086793481731407662,0
2315,3723414.6203299575,6.4446639810164292,0.1094494472694435,0
2316,4113957.4857377135,8.9136370945474201,0.13280102545006922,0
2317,2267725.2931199414,3.584371300224344,0.093912566972943978,0
2318,3801124.0772758657,6.3620951442276734,0.069518921092676766,0
2319,3655178.8927984047,4.7465316729379232,0.10127448107365289,0
2320,2609060.0868099569,4.3769679263357784,0.10293343840898883,0
2321,3664783.0787973539,8.5368335286988284,0.078016688867695083,0
2322,3631953.4204486855,8.0799537383201052,0.16302521698235589,1
2323,4550237.0701208748,16.686307134253418,0.12670759168254089,0
2324,4204338.1781973038,8.5098859802293987,0.12270805228860582,0
2325,4037086.1776910159,4.2073298512924815,0.090872672502441965,0
2326,3588836.2956255581,7.0051110441833542,0.087731473170744478,0
2327,3671603.0433635945,5.8512858209851366,0.12755032519303866,0
2328,2581618.0750895645,3.7480178551878711,0.15546194829904952,1
2329,3617218.1272771838,11.076017146530869,0.11442431112387852,0
2330,3597904.5595743572,4.7146851983011686,0.083396038140692685,0
2331,2609060.0868099569,4.5926404766123721,0.14580968264536098,1
2332,4173840.0055585643,6.721601902563247,0.098257810348298058,0
2333,3638199.2378441882,5.5191671081522617,0.12496586258171594,0
2334,3657725.76775942,5.1915697892054089,0.099854820884493489,0
2335,2267725.2931199414,3.5021007013643448,0.096124772735265263,0
2336,3599086.2685102727,7.5089467854432028,0.10839883524528682,0
2337,3601920.3253456536,7.7487805738699009,0.10932739746910913,0
2338,3608311.5355556733,6.4900519605325666,0.098112367767136832,0
2339,3594510.1207456621,7.1121613280527161,0.11673343735917363,0
2340,3600597.5327292448,6.0918415473299712,0.074751530272778977,0
2341,3624728.2522932584,5.9528263234469385,0.10273794387005497,0
2342,3608803.2174222916,6.7300259626380576,0.11541314968919369,0
2343,5371751.6248315629,9.5214209698470942,0.1521675114445008,1
2344,4189922.2582835099,7.7749899047158957,0.14014221240866498,1
2345,3757921.4990855861,6.2729897620623536,0.16022623483831355,1
2346,3713586.4450879321,6.5095880722182295,0.12869316718859136,0
2347,3765245.4942351822,8.3191484438477392,0.13945176665980258,1
2348,3624853.8531679865,6.3139970055104433,0.099731645871339425,0
2349,3609470.2107412652,4.0738829414630668,0.12672871309263833,0
2350,3869366.8766386299,6.9112964484333368,0.13040767581982116,0
2351,4370195.707908541,13.991821691726466,0.11931724770634577,0
2352,3876762.3194267354,9.4386947131942343,0.076069213471338937,0
2353,3611324.5878633806,6.1881802005360118,0.061898804064055235,0
2354,3945047.7821787652,5.5384207270544854,0.12660551660897634,0
2355,4724574.0348450998,7.3602330520482102,0.11727131746287012,0
2356,3667145.385632135,8.6594093537113963,0.078977028006961741,0
2357,2267725.2931199414,3.6796456578280083,0.093617616362605793,0
2358,5531965.8020106852,10.746739429813086,0.11418583863693699,0
2359,3598951.4266657503,4.7399725562427717,0.084030746614072171,0
2360,3936149.5622458784,4.7799583762394917,0.08284709777312671,0
2361,4889035.8835645476,14.89974029470944,0.14354218902270144,1
2362,3867140.9893208924,5.1387997846357809,0.09595829749154991,0
2363,3610504.3908988163,5.8410550186517005,0.12223536929069634,0
2364,3651019.6066694832,7.1229139750194399,0.10868093370506082,0
2365,3692746.4694835441,4.7849972000425636,0.12316823451270942,0
2366,4008374.3381759743,11.426370214351685,0.10984510264561753,0
2367,3603327.5567443911,6.1894552365137212,0.062217119898171747,0
2368,2267725.2931199414,4.1312838705615977,0.10864775165699078,0
2369,3864342.9028083985,5.4821833492992162,0.10537810301548631,0
2370,3607921.5180968433,5.5972515651883823,0.063449064568318669,0
2371,4456742.998170441,10.139716076654663,0.10645890186251028,0
2372,3604170.499890897,5.71661195982972,0.11572469722811962,0
2373,3620422.2355771968,5.933996918963464,0.097198262074676467,0
2374,2142731.0761223878,3.2728343959831694,0.13472835191688193,0
2375,3614629.4289574409,6.6593934334852856,0.081201299312996467,0
2376,3765441.07168314,8.0732706132056435,0.13246784886642893,0
2377,3659199.2889372823,7.3868443271251678,0.11512534456124635,0
2378,4112831.7741647284,6.4002092809803042,0.14306003033615455,1
2379,4629358.8694800911,8.6431897878995656,0.13719382189406015,1
2380,3712683.9381116144,5.967819624323905,0.095153246401209479,0
2381,3261364.380769941,4.0005291772371541,0.10006175271476567,0
2382,3938896.5020183241,5.5397850319939801,0.068488864503160357,0
2383,4727385.8982294574,12.546676520295239,0.1575187848401467,1
2384,2342560.3317427742,3.8190225955484558,0.11593224866426366,0
2385,3644159.347989412,8.466881580909277,0.12306733252717805,0
2386,3917965.7465879279,6.6895451598999953,0.099725144418159495,0
2387,3809404.9734924226,7.7953955907846435,0.077901149364038025,0
2388,3653031.3344857115,5.1629056609705177,0.10052745232303339,0
2389,3817070.6794910422,5.1479977759142201,0.097552575065382396,0
2390,3591892.3249801868,7.6890704716062315,0.12338156297359359,0
2391,3653854.4110282524,7.3731296229912164,0.081575788396526239,0
2392,4146785.5259893877,5.8732901153594392,0.075815215147252313,0
2393,4324850.1211862247,4.9855714877535782,0.11214816876609301,0
2394,4042511.1045520604,5.9690325941610674,0.12397805483520991,0
2395,3714080.7777031162,4.8754505150821936,0.071926783831612773,0
2396,3604165.4488934614,5.1350806838796847,0.10988386532533062,0
2397,5202389.4354614699,9.2335210795668381,0.11354905914838698,0
2398,2267725.2931199414,3.3389606667250722,0.13851292286189054,1
2399,3638733.3008117746,5.2054196670769199,0.092725835083547259,0
2400,2342560.3317427742,4.1916991970622313,0.10818980647486687,0
2401,3855636.4897019509,7.3765825901326227,0.080415786549974611,0
2402,3690538.4458157048,5.5872758798809272,0.10516120473214907,0
2403,3632978.7533375979,5.0108828900233053,0.12242900657136246,0
2404,2090177.9550635067,2.9222386783080574,0.14829365785151549,1
2405,2349511.4431106183,3.5995451752684544,0.15123705490482808,1
2406,2267725.2931199414,3.960304842066646,0.14545871584290998,1
2407,3591512.462414836,6.2042603001235745,0.083682318550531098,0
2408,3623426.1854285509,5.9486729136976768,0.095748860815616954,0
2409,3597814.6165425265,4.8720220396330127,0.09125558253982452,0
2410,3911298.5204208442,5.6443454484230369,0.078571039509814755,0
2411,4667286.7118573412,5.3129948308478108,0.078568752364480798,0
2412,2267725.2931199414,3.5405825233393227,0.11793507556039584,0
2413,3619210.9444006342,5.3069218225943864,0.12751095151561853,0
2414,4763937.5737207355,7.0730406752436492,0.081776884792435833,0
2415,3885637.8926567617,5.2402698128486058,0.10753983495913561,0
2416,4700051.0880684564,8.0119904560129438,0.11505729468643,0
2417,3642398.2086723838,5.8420754024307637,0.12367254426620289,0
2418,3645885.4402638604,3.9338594017799315,0.099547002267414642,0
2419,4414174.1095125396,7.2897382216563988,0.10626426168180592,0
2420,3589203.7350274962,4.3948934428366231,0.10579514729572714,0
2421,3681593.7072257092,5.2134801176732779,0.098637078394490207,0
2422,4516959.9131384864,7.937959866292724,0.11884880100409534,0
2423,3748093.4439466526,5.1920665383456734,0.090885802888607481,0
2424,3596435.1119534308,4.4598930009067983,0.095288227500075262,0
2425,2267725.2931199414,3.3806467573255494,0.17136483630532018,1
2426,3981103.3915068423,6.3271751983099653,0.090134304327094905,0
2427,4130078.4351277901,7.7162340080399945,0.099984522248900587,0
2428,2342560.3317427742,3.5206161784240777,0.12212822430378845,0
2429,2342560.3317427742,3.7242773118963823,0.13342744942219581,0
2430,2090177.9550635067,3.386257781113454,0.12596056170849346,0
2431,3590206.4513870999,4.1659614335221447,0.12457290582504488,0
2432,4062362.676922915,6.7875487965120067,0.11151579131059758,0
2433,3647759.901983466,4.4137432719282188,0.084455434424071552,0
2434,3637248.8078863123,6.7705476831049136,0.09963938516554155,0
2435,3706258.9281282476,4.8653546918843267,0.10309618752844318,0
2436,3608102.11523348,4.3458648466107697,0.090722687984571282,0
2437,3946207.1505833184,4.3827684171805803,0.098704297381421474,0
2438,3920893.1420841161,4.8446236350683964,0.12461794451263319,0
2439,3603624.9193274872,6.2351363781649383,0.085516631951493394,0
2440,3605099.3256509989,4.4510542216267011,0.12653990255339664,0
2441,3692210.7915120996,6.0414377605733307,0.11563770291215969,0
2442,3608346.6028139223,6.521457372864198,0.084460182721101118,0
2443,3648928.3721209629,6.9208868607008736,0.073536577145533411,0
2444,4397427.4816003898,8.4853134735691444,0.099251468823468247,0
2445,3594648.3513585688,5.4186641653210827,0.099908534977001529,0
2446,3926700.2780037313,5.4782828866539139,0.12324486369373333,0
2447,3632563.7287710658,4.6688024835056234,0.10636864403921087,0
2448,4328954.7376520624,3.0827422455032885,0.078186137987849458,0
2449,3602733.1454543048,4.3355627701010357,0.058717200975886619,0
2450,4016133.0933004846,7.0739488233595837,0.11155247408442459,0
2451,3586828.9003801122,4.9130880508561354,0.089737904517424028,0
2452,3668224.2886235612,5.0797411503471279,0.12434175439066231,0
2453,3774725.1726944484,7.8003932737064563,0.090086496760879681,0
2454,3591267.1654098006,7.5734050263959141,0.074421885649686215,0
2455,3697804.3840673729,4.8188897728134013,0.10863968511648214,0
2456,2267725.2931199414,4.3230006059826174,0.13743055327161396,1
2457,3612971.6258067819,5.7659544612044389,0.083023890814104662,0
2458,3588004.1984005626,3.9685928941244213,0.097979170604703125,0
2459,2349511.4431106183,4.1606976615723985,0.099021649452629673,0
2460,2008285.8541831209,3.4683915007962685,0.08837522230867903,0
2461,3767122.1394618144,7.0386961542318236,0.10326693860078937,0
2462,2349719.955294122,3.8077023180874039,0.14025965148110464,1
2463,4525980.5771092847,11.121969431596487,0.12287072293320875,0
2464,4134257.9623937532,6.0520129674777872,0.11985045838452024,0
2465,3834508.8042350463,4.7257899241659214,0.11526179524940794,0
2466,3698470.968216849,6.3596367722875016,0.094220514303666292,0
2467,3607194.3454112243,4.7701882074473421,0.12240584681443339,0
2468,3625424.1895156554,6.405501759282191,0.11997739836002141,0
2469,3594553.619620244,6.9670227878487756,0.11135931249727155,0
2470,2090177.9550635067,3.7968805378496526,0.11661317978927244,0
2471,4215353.7152061975,6.8405534393315834,0.095147958267022714,0
2472,3603324.1700297031,5.8711738685109411,0.12596286950891666,0
2473,4024795.5484371074,5.5840121552157758,0.1262039614695788,0
2474,3888210.7148054349,5.7036941951932434,0.096510142972093704,0
2475,3848314.9762821505,7.6871506776318599,0.070541284683557359,0
2476,2357307.6858878741,3.1932305856528092,0.12406620739049645,0
2477,3593470.0030160123,4.6923719371075103,0.093120433305183381,0
2478,3711504.7760716244,5.8751991590912604,0.095548368584303267,0
2479,3594443.1639547767,5.7069255924090454,0.15221568032680188,1
2480,2349719.955294122,3.895739458937578,0.12427710668007456,0
2481,3602696.3743953006,6.3527986046368223,0.087200600462356337,0
2482,3718139.4133471553,7.0525584706655202,0.080189996175968836,0
2483,3617083.8482555738,7.1046135304437206,0.079535257840672724,0
2484,3727311.9838809385,6.1370387347537871,0.080194622980983232,0
2485,3673850.0535254567,5.5513469138634619,0.11168244719555698,0
2486,4049129.4715134269,6.1806425120904596,0.13696376923717291,1
2487,4164155.1876907335,7.1406894354273547,0.1238849193743595,0
2488,3594620.8302599429,3.9057965805394321,0.11186241211190528,0
2489,4407858.7079454651,6.8757491475601507,0.11209439852160891,0
2490,3623521.9687725757,6.4012025362501319,0.10551523547337394,0
2491,3745135.3180435481,7.3101938760605494,0.12335371389155758,0
2492,3826623.0809505479,5.827656491228935,0.13509699785047269,0
2493,3587994.2213947065,4.6596640799463156,0.087774708625634051,0
2494,2349511.4431106183,3.538570134859476,0.10938989808174082,0
2495,4836945.4228790915,8.0660307612120778,0.085539372487669629,0
2496,3620205.9509948734,7.6278279898572903,0.14450097862944511,1
2497,3595694.6854607924,6.6416838158462124,0.080619415616580925,0
2498,3773674.1326808678,4.4510274477999694,0.10495065465523212,0
2499,4811164.4014240038,5.9660770084270398,0.10462590444347564,0
2500,3846339.4395255223,9.3559587793197121,0.11277700263663848,0
2501,4068482.5242997631,10.745666768997461,0.14487526081869279,1
2502,2090177.9550635067,3.1990798635398017,0.13132607712696809,0
2503,3768389.5715497672,6.4703772470965131,0.12405025475669262,0
2504,4166207.1736419364,7.3668849991411864,0.088589461508412293,0
2505,3824956.7305406053,8.9378062102287927,0.076109796629063031,0
2506,3600626.6319396277,6.7687477286506335,0.1274585148407853,0
2507,3813752.6801225245,6.3917488142470944,0.074032897915987772,0
2508,4194911.9384005889,5.8093637073416007,0.084007422950577337,0
2509,2786813.40424396,4.5824845244141974,0.1426250748959485,1
2510,3924087.1497368403,15.283041907972484,0.12102029656640445,0
2511,3619154.3520294628,5.8921216825292309,0.12660331011806314,0
2512,3620915.7815689235,5.2013999448108059,0.083788597343083637,0
2513,4249212.6398820914,9.296386289365925,0.13607991231000938,1
2514,2786813.40424396,3.6370506361079342,0.13377081256940371,0
2515,4296689.0309560653,4.7930007295840378,0.07297804447585543,0
2516,4078330.7959106681,8.9487168739463154,0.079140251289503083,0
2517,3644375.6533964216,5.2936842557112342,0.12101048383831825,0
2518,4004311.9195021368,12.469887918770665,0.14293158983334786,1
2519,4233967.2440643907,7.2737801146026184,0.12743102435602605,0
2520,2008285.8541831209,3.6881093229194195,0.16570977277617149,1
2521,3606854.2335157422,8.2826672407370303,0.090634045877316383,0
2522,3625114.1025226726,5.7348906594035745,0.11623096523601273,0
2523,2342560.3317427742,3.8092330532158014,0.12700996144525856,0
2524,3772099.9263139982,6.1389128121655592,0.096391935185386246,0
2525,3779155.285417215,6.2815862373562315,0.099685910836773625,0
2526,2772356.9728852585,4.474621088332408,0.10555883319036352,0
2527,2609060.0868099569,3.6826928314624916,0.10465684552829874,0
2528,5418291.0492000766,10.279001573991376,0.1056262451018749,0
2529,4904804.0108045703,6.074267622942787,0.084565666713005916,0
2530,3726104.591293084,7.3869378380710327,0.091284376139811704,0
2531,3762115.322065508,7.2395881736544077,0.10571075059048973,0
2532,3588872.1969878157,6.0392156970282427,0.1264925492185609,0
2533,3630902.738079452,5.9037384755791713,0.12883460061352181,0
2534,3653899.5066377567,4.7495987344694104,0.10178956005936679,0
2535,3771575.1454862845,4.5329506733975267,0.096652697433058654,0
2536,4222965.2867061906,14.745976385392373,0.17244663525292681,1
2537,3686099.8513173312,5.3832177512458737,0.086359803076009906,0
2538,3632885.5578634976,7.2258186270522344,0.11041100354457556,0
2539,3798589.3191467603,6.2433006695738751,0.090995082482942968,0
2540,2267725.2931199414,4.190479867590895,0.098252048444203322,0
2541,3679919.8010983611,5.0856898279241918,0.097558629054413537,0
2542,3587150.011644626,5.1956642738924952,0.097410992927920936,0
2543,4648679.449167504,7.7724457392478215,0.1197502867162944,0
2544,4523694.3079693941,10.714355214216262,0.12513133397005516,0
2545,3755941.7276904113,6.3181534457545547,0.11370984691682362,0
2546,2008285.8541831209,3.2746235288960213,0.17359933270365535,1
2547,2267725.2931199414,4.0064766598469159,0.11638769354014522,0
2548,3633268.7048101709,6.8496249955165913,0.1225822966778698,0
2549,3587101.5123408996,4.9736938982346643,0.15439704868498416,1
2550,2142731.0761223878,3.8752660801421936,0.13090486718683447,0
2551,2609060.0868099569,4.2255051256013996,0.15659420501211041,1
2552,3610912.6472374732,7.0228249107992031,0.070205869459349368,0
2553,2267725.2931199414,4.2701922953894673,0.10519202482452394,0
2554,3824056.8646541238,4.0057760514293674,0.094948939317937131,0
2555,3635985.4509892766,7.3291285388341203,0.14837137034506587,1
2556,2786813.40424396,3.8984087615252019,0.062533845477059036,0
2557,2786813.40424396,3.7965678864165486,0.093013533867693621,0
2558,3607782.5349293058,4.7660277465761665,0.090658336669885098,0
2559,3596666.3937312709,5.9755768420401205,0.089896803659086588,0
2560,4376840.6127160303,6.1710678668827708,0.10463408494387094,0
2561,3696949.451947025,5.647753856640704,0.1065312745084418,0
2562,2267725.2931199414,3.4593391924354546,0.077875233051840964,0
2563,3620296.9564329037,7.041848247742724,0.14975913075945402,1
2564,3926554.0785640269,6.6030897772496369,0.097664910642581648,0
2565,3769407.6816544374,6.7309097513839218,0.086553731092417152,0
2566,3830092.3363904767,7.6114406001536361,0.098938347750699623,0
2567,3646111.2508651228,5.8020327209396445,0.1255373132396802,0
2568,4213904.2594582709,6.0553857112227218,0.092326451860588965,0
2569,4125382.511695887,10.258610212846415,0.10290953569502453,0
2570,3671599.7738971785,5.3347956971273671,0.1449543670948798,1
2571,3597616.80748994,6.3262399999568686,0.13312714804058456,0
2572,2267725.2931199414,3.5533879989999035,0.1103798634495064,0
2573,3631131.3810016108,5.5644238566790118,0.072728300663712386,0
2574,3590987.6519323685,4.2290825928909745,0.11503620814269133,0
2575,3616396.9012625143,4.8068653091232107,0.082334492132198678,0
2576,2090177.9550635067,3.3027602330880637,0.11984816785335206,0
2577,3657981.1140397578,4.8090286939635174,0.13294162681279476,0
2578,3719290.6251291335,6.2331458029364413,0.097227273709413642,0
2579,3699177.9058938101,7.809254510953016,0.1404163362406749,1
2580,3625483.3950110674,5.5154793205552854,0.098156809677852286,0
2581,3605291.7742267963,6.6070863269361988,0.087604701410500141,0
2582,3601135.9372220486,7.6833700395062641,0.08601117478332243,0
2583,2581618.0750895645,4.3701192550863279,0.11980077354674756,0
2584,4085088.5111763771,5.635445302837442,0.084203649462252339,0
2585,3665413.3173046769,5.239230897094008,0.067398066913321175,0
2586,3650104.7712798817,6.1105148939276903,0.074822397700325061,0
2587,3809210.2407888463,3.7882131445035236,0.071132211066076367,0
2588,3610609.9696478206,6.2570829302546054,0.15452105979346381,1
2589,4224060.3980913069,14.813620478249618,0.14879425590357853,1
2590,3801806.1686210991,6.2376502748436762,0.082670308985565044,0
2591,4098580.2391136521,5.8890077319992384,0.079650020501116359,0
2592,3640708.9575375319,6.1360086204519249,0.1079853642884846,0
2593,3158053.4917109548,4.4124825074081793,0.12642012092655788,0
2594,4719590.5296242442,6.8641056203847972,0.08520557733364742,0
2595,3723457.7516123648,5.6841896845728286,0.11216918805423443,0
2596,5020979.3947953228,6.069370555855512,0.13351244506390414,0
2597,2090177.9550635067,3.4022356455581559,0.15375549171266745,1
2598,3826404.512360292,5.0073117360520714,0.11322206699210136,0
2599,3652044.959198901,4.5329205653617128,0.10822661170749737,0
2600,3754228.5470300992,6.8371007626332396,0.10216031861147779,0
2601,2342560.3317427742,3.3393840893315474,0.13592254823119299,1
2602,3853796.8812487954,4.5971111909141849,0.1379773320578076,1
2603,4186336.8614266035,9.8894714966567232,0.1070193327032376,0
2604,3638862.3108627931,7.0861609281717204,0.11295320653603319,0
2605,3783565.953402272,8.0165213098280805,0.12743604516979851,0
2606,3611465.894715229,6.3097886904341234,0.13009876654986874,0
2607,2267725.2931199414,3.4686402435657464,0.15153040269803941,1
2608,2349511.4431106183,3.8167529370132121,0.085879978681850377,0
2609,4067895.1292865328,13.255225345239111,0.10611643374782287,0
2610,2628545.6714319899,4.3400385575938598,0.15921761807211998,1
2611,3626346.6940722293,6.7096799138338721,0.082412500646058873,0
2612,4126790.7684400403,6.8917505607893368,0.099785138580390051,0
2613,4397931.0439493386,6.0139400625574639,0.076313433646326395,0
2614,4361877.5299501996,6.5696573682957524,0.096232488697319013,0
2615,2342560.3317427742,3.7914248731090301,0.11124385112305324,0
2616,3825491.3708389141,5.2685115699779788,0.11797421551030096,0
2617,2267725.2931199414,3.9097545756056236,0.11025330759227092,0
2618,2142731.0761223878,3.3050240023867627,0.14545649423099194,1
2619,2142731.0761223878,3.1909574621782406,0.16651356972616504,1
2620,3614256.9450087468,4.3137883384289974,0.15173720951463443,1
2621,2267725.2931199414,3.5157165763821054,0.16222258238835008,1
2622,4388460.9997258037,10.716824836150829,0.10950626619355452,0
2623,3847119.0296548218,8.1056129572825153,0.13242483657804915,0
2624,3891893.208496762,6.0610293874905432,0.088745776841048007,0
2625,3595811.6740268776,4.9386105159707041,0.081430941362427955,0
2626,2142731.0761223878,3.226756423398784,0.13911814866554559,1
2627,3931720.2247126913,4.8855770391369999,0.076724120548776531,0
2628,3651303.2861972554,5.1370608195772851,0.11940685229503156,0
2629,3608130.7769393222,4.0991850833485124,0.12104032419964317,0
2630,3588858.2116034362,5.6639799830751034,0.12070390277035259,0
2631,4237069.1205664985,10.269843540416803,0.11872409231907455,0
2632,3606246.29514548,5.9064774037383563,0.11362037051582774,0
2633,2267725.2931199414,4.1660029322691097,0.11746412690141378,0
2634,2142731.0761223878,3.6034346257310541,0.072661166623802509,0
2635,3626697.4871245953,6.2037596401627457,0.085494600260191622,0
2636,2349719.955294122,4.2726403337418271,0.12996541786657639,0
2637,2267725.2931199414,3.7942124047944277,0.10822438285777902,0
2638,3644542.1714578085,7.199903733934037,0.092586820141539572,0
2639,3660447.1754041859,6.5434101647474447,0.090899032085233311,0
2640,3158053.4917109548,4.1185204275235865,0.096297486796810133,0
2641,3605696.3412706908,6.7105550934302389,0.076541096269730158,0
2642,3826807.8702760395,4.3142346550252295,0.095338433110043863,0
2643,4488439.6068954943,8.2291278240500922,0.084408317192180032,0
2644,3638834.7081287769,4.7313215954466381,0.07895355725502079,0
2645,3903933.2829933832,6.1655348542112494,0.077298677196444565,0
2646,3646601.5025539584,6.1045597729485142,0.089072865165759629,0
2647,4054941.4933046419,4.8503265748550746,0.072554295169780791,0
2648,2609060.0868099569,4.1478406851074956,0.11992112533394006,0
2649,2349511.4431106183,3.5053337938736839,0.12055378109903189,0
2650,2267725.2931199414,3.7783817330871461,0.11416470997344152,0
2651,3606259.3818617743,5.4858508254698357,0.091163983978008345,0
2652,3996322.4392470587,3.4411202881563869,0.11951270980697332,0
2653,3860146.3604739127,6.8215652639585311,0.082102977805571298,0
2654,3649317.9018562431,6.7156122173249209,0.088504234929630221,0
2655,4121194.7038923604,10.14637342213511,0.094838573983732299,0
2656,4168161.2628775109,17.988140973487099,0.1047997229916352,0
2657,3646775.7986757532,6.604694228801212,0.097128696329001785,0
2658,3593370.9745110208,5.6075037600056268,0.12804113158533648,0
2659,3872926.6904268404,8.483575580622567,0.079611583931855467,0
2660,3587618.4007285358,5.2360423336184372,0.17194108462849761,1
2661,3599187.6894553136,6.4172615843327439,0.12987403035153144,0
2662,3829891.6580567025,7.3448292624725635,0.084838115983121853,0
2663,3612402.4746706602,8.9878229461500592,0.13599021865483951,1
2664,4427269.0458689015,11.680274378339391,0.13093552191063385,0
2665,2628545.6714319899,3.7806329756090293,0.098566182827105941,0
2666,3678328.4726643623,5.1897126162911071,0.10088176246328708,0
2667,3589088.5205211528,5.0704334120337871,0.12541935675953059,0
2668,3763431.9940220648,7.5026059989631619,0.076117710646857684,0
2669,3974922.2933399938,5.4123416657167756,0.093385901335894084,0
2670,3617071.9832570283,4.5639152939793588,0.095906680401880773,0
2671,4690169.7852509087,9.2461601763266241,0.14597593391514596,1
2672,2008285.8541831209,2.8482398203972594,0.17082823984986595,1
2673,3714685.5256635668,5.2929456679336253,0.17509555380770714,1
2674,4113169.041963282,3.2469540019434624,0.13909031899857016,1
2675,3695880.4683083016,4.811895303626784,0.14466103506091343,1
2676,3635637.323948611,5.4089991789385472,0.11353519220189368,0
2677,3619343.4616681808,6.6893698658976648,0.11631253979428485,0
2678,3617903.8042310798,5.6346189531962345,0.09191828111512812,0
2679,2581618.0750895645,4.7021907374517076,0.093058976276927663,0
2680,2581618.0750895645,4.3718746617993478,0.10427414999576251,0
2681,2342560.3317427742,3.5307663089873724,0.10173560380546585,0
2682,4100560.1366564734,5.4983063965673047,0.11746056504238384,0
2683,4323432.4508268442,7.4306921001533093,0.11203493002605247,0
2684,3608019.5039195898,6.5329952205826878,0.18753238172717646,1
2685,2142731.0761223878,3.2505268905158218,0.1403962470690866,1
2686,2349511.4431106183,3.7386061225231408,0.10331269611271221,0
2687,3648326.3032380627,4.2809625696694305,0.10655137533315073,0
2688,3609480.7490253048,4.4667583733854768,0.094584919672812406,0
2689,3893579.4521496231,7.9630945533994133,0.10629727533171018,0
2690,3840310.2095478871,5.7076167354943781,0.14538936841258165,1
2691,3727500.4955125907,6.6217425838474222,0.073244758079246242,0
2692,2772356.9728852585,4.7320776057969152,0.14160670017176308,1
2693,3718998.7688391209,6.7567928393816183,0.10028678059367835,0
2694,3666997.8859218094,5.0432238406790688,0.085898324334178766,0
2695,2008285.8541831209,3.2689768400428201,0.074999999999999997,0
2696,4892407.7412134642,16.509907728436335,0.13845467402787048,1
2697,3593960.3318615602,6.3581433273758785,0.14073017450746728,1
2698,2267725.2931199414,3.8761951886427455,0.11470574529604932,0
2699,3587089.8930102866,5.629659230426511,0.059775720046324365,0
2700,3752319.2578192949,4.9706120549065309,0.081301034199595335,0
2701,3946984.3654480642,5.2554022756859284,0.084133360921709754,0
2702,4054331.6441975357,9.4140723173319749,0.10656471785779018,0
2703,3633371.8415257907,6.0585469725803911,0.10144083207523824,0
2704,3680806.6647522338,7.0115164542342541,0.15663720975130391,1
2705,3603655.4076703205,6.9114397466462787,0.075399234284896033,0
2706,4233500.2219912,4.5756441106502672,0.12968280529843948,0
2707,3628260.9142703703,10.313029347741807,0.13671792921163606,1
2708,2142731.0761223878,2.923640250060636,0.141759399037234,1
2709,2267725.2931199414,3.4218924050291042,0.087642313479672274,0
2710,4046196.638027566,4.563722565108022,0.092011720045776402,0
2711,3798764.586037837,5.9442073219468092,0.13586719689612858,1
2712,4504229.8201435758,8.1458661952644018,0.094963024289621556,0
2713,4631895.6906867195,6.7675618821928651,0.11972930012561017,0
2714,3798601.6786651597,6.7079799274850878,0.12868250914025148,0
2715,3604578.0914432523,4.3093630840486021,0.1031276642901206,0
2716,3596340.9749919875,6.762477284162034,0.15250404699968428,1
2717,3666123.5970084504,4.5169205184801919,0.088114232792857572,0
2718,3720525.3198852148,5.6066707000656706,0.10080866591737225,0
2719,2342560.3317427742,3.7583593925900063,0.088777487796039473,0
2720,3611632.0546140103,5.4406686288059234,0.064589055626450675,0
2721,2773471.102127803,3.6356020332787589,0.10537957174427304,0
2722,3632541.382191102,5.0811781147966464,0.10759217967786017,0
2723,4772038.6902567809,6.0475657859419467,0.11057595681624321,0
2724,3617414.4910057252,5.1705597733512372,0.10863535683471559,0
2725,3589621.273388165,5.800800655262929,0.13566807539685255,1
2726,4287627.2105286587,6.471604197722904,0.092817148522781001,0
2727,3710104.7091767583,5.6972815953341964,0.071310350051685401,0
2728,3931752.1523542809,3.4202722565528427,0.12894528931217819,0
2729,3593292.0955424909,5.596368717860611,0.079310165137453925,0
2730,3697450.9100384377,6.7418258219750982,0.088671556667246243,0
2731,3591797.4634494116,4.6306595511442401,0.068203401916723416,0
2732,3745533.433859766,4.177409953631023,0.10458035648607056,0
2733,4073533.8410953549,6.8659186880528393,0.12501984521225185,0
2734,3603379.3187678424,5.7646553325496743,0.10279040928107575,0
2735,2142731.0761223878,2.9104579528242498,0.12469299366033759,0
2736,2142731.0761223878,3.5624991153331824,0.1108326993204907,0
2737,2142731.0761223878,3.3265735988498624,0.12889270527015628,0
2738,3907940.447794145,5.8264513262866,0.091348064512968619,0
2739,4092909.4751958949,3.6457779340926306,0.093024552160211216,0
2740,3625029.8316980531,5.5545519139016184,0.079342911582655162,0
2741,3660459.0611150796,7.6781123371465938,0.062784573686590406,0
2742,2267725.2931199414,3.4980810848662132,0.11370042790464807,0
2743,3616763.3159863721,4.8457276400447205,0.075781851536666611,0
2744,3822527.9840958393,4.6512152430097586,0.09241815293777933,0
2745,4358389.8447284065,7.2781304016772523,0.12013687035116694,0
2746,4022196.2972409693,7.9476997144103869,0.080087082542085963,0
2747,4407161.9669220345,8.3578956051732156,0.10773293611428658,0
2748,3665250.0717253885,4.4873342575050366,0.12948835673533787,0
2749,2773471.102127803,3.6736087191120195,0.12729448787268227,0
2750,3791273.5024367059,5.0395785314224666,0.11916095653591385,0
2751,3621795.2061131988,4.4254590975740333,0.102695151799994,0
2752,3613791.8360050623,7.7567722320946855,0.14520198219208885,1
2753,3980756.2997445106,6.7768969609278544,0.094915350848002289,0
2754,3606355.1194846039,5.5313528891722905,0.11367559432473062,0
2755,3728494.5842519444,5.824543663448555,0.11304702129446487,0
2756,3636534.6856465279,6.6581920160021024,0.084721872357047867,0
2757,3588591.7418420897,5.123847567093919,0.055353300828543839,0
2758,2267725.2931199414,3.3153649052820922,0.12860293606527901,0
2759,3717647.6010008017,4.8983883139467856,0.12336376534890925,0
2760,2090177.9550635067,3.2155293256970361,0.15142844525514709,1
2761,3608977.1630226928,10.648535257373565,0.19574836849353316,1
2762,3761913.1925786543,8.2371459296849281,0.0627949480837382,0
2763,2349511.4431106183,4.0623781987094016,0.14122848464484361,1
2764,3588627.2426716858,5.8796152484964272,0.052424643884126154,0
2765,2267725.2931199414,3.7422283326763304,0.12094585982551864,0
2766,2609060.0868099569,3.9714671698333985,0.11944402185698866,0
2767,2581618.0750895645,4.1174752606808251,0.1265351077956729,0
2768,2772356.9728852585,3.763096754605725,0.099862687483968426,0
2769,3586895.7978336769,4.6079799792348695,0.08510269735798183,0
2770,2267725.2931199414,3.4338976008293631,0.10427495596074499,0
2771,3850806.9162535626,7.3067657717394567,0.10617535541550177,0
2772,3594575.3054177174,6.8137881019116628,0.11557528142009921,0
2773,3613290.8127970961,5.8010197086841533,0.10090238273460184,0
2774,3597844.877311721,6.5551593436645712,0.091118957049218796,0
2775,3662733.913043831,4.8792486932072974,0.080004712140493095,0
2776,3670002.4014279419,5.2815891452116759,0.15018424185282647,1
2777,4495653.0271330103,10.550878876543601,0.12705533064918495,0
2778,3612683.5054016993,5.4957890470090653,0.13481865511881752,0
2779,2142731.0761223878,3.5081260752954222,0.09314533784479051,0
2780,2581618.0750895645,3.9698305667146454,0.077675645762352585,0
2781,3632954.3373594028,5.4519089351850987,0.11917633752160295,0
2782,3609431.2211575317,4.8005630746208361,0.070392138374826052,0
2783,3771117.5843321956,5.8837479136676167,0.097188671904706037,0
2784,4951455.2437480791,11.217616272977489,0.11033785612601127,0
2785,3651074.0207524844,6.143375555182816,0.075798999094564667,0
2786,3603875.277672959,6.7613224362973323,0.10266421244283386,0
2787,3597431.1064851959,6.7347469457789577,0.13218771330229073,0
2788,4106480.905579722,5.3848849499781357,0.1063396872085639,0
2789,3158053.4917109548,4.4834755030534774,0.14366450441340756,1
2790,3620017.8984357277,7.4792092638878778,0.10571668501265941,0
2791,3829454.5258145942,12.070631386486943,0.1290872153601651,0
2792,3638850.5024982807,4.8374618189236536,0.076261696894928233,0
2793,4043850.7183292713,6.3163017183089112,0.088815233009718608,0
2794,2267725.2931199414,3.0225501257225837,0.12391834612357111,0
2795,3609021.4428496952,5.9888370525456036,0.09089319783287686,0
2796,4438783.3875030754,7.5171366559892885,0.11320722498887792,0
2797,2349511.4431106183,3.9449011688221898,0.12127276121363639,0
2798,3596586.6249994966,7.2971530366020527,0.12756232986432714,0
2799,4522861.3294170434,4.4845541294090792,0.12338789975493036,0
2800,4228149.8799681589,12.386005466035659,0.16012928961239292,1
2801,3626569.6058920994,4.1422208948554786,0.075969914912179692,0
2802,3677415.9705095654,7.8440817407413554,0.1048452838070178,0
2803,4733038.0180516923,8.1604256404556406,0.073252713708172157,0
2804,3616527.0805601571,4.7778869951542777,0.074957854078928798,0
2805,3680277.7867086208,6.9993048987882727,0.10062061567497504,0
2806,2267725.2931199414,3.9405797575176242,0.10466534435340752,0
2807,3798996.1201459714,4.5300131408048721,0.073256446244360118,0
2808,3733266.5871775374,4.5804466742773196,0.098011752598969881,0
2809,4852575.8980191108,5.3384705409515512,0.10277511538751133,0
2810,4031046.809760693,6.9588085107755733,0.09692667168286756,0
2811,2798038.8762947805,3.5572678617200144,0.097693337545292525,0
2812,5061642.1632240722,6.4012914816565614,0.08812412401160119,0
2813,3962173.6707921177,5.9530886449252867,0.12626941897835406,0
2814,4073406.3311532214,5.8822360846802564,0.081069005557174501,0
2815,3609314.3683415977,9.3347711410471508,0.12813631042976903,0
2816,2267725.2931199414,3.5596270647716404,0.15914471799178709,1
2817,3653375.0171628348,6.962547991808087,0.09882354415291128,0
2818,3607381.4130851198,8.5346681911861264,0.089723725403889065,0
2819,3818351.5701524341,5.2547354683897574,0.13550957117169327,1
2820,3688448.3157858197,5.0922446031566766,0.087105920678500648,0
2821,3743447.1194665339,7.4983215325418486,0.11913909177497117,0
2822,2349511.4431106183,3.5891945159880949,0.12515252383968978,0
2823,3845784.0887624295,6.6367724810800039,0.16094668631535469,1
2824,4856312.9997518575,8.9633907466470362,0.11018824461902688,0
2825,3644423.5121155446,5.3154547227817472,0.13507990799051961,0
2826,2581618.0750895645,3.4466454873813412,0.11860211408893478,0
2827,3823824.3354050945,8.7041472659239503,0.13734598785488517,1
2828,3768736.9064261904,6.8398048175027455,0.085349814863038526,0
2829,3838503.4244547128,9.9230944390415043,0.072333278967175341,0
2830,3612736.8160335859,4.6647006521293983,0.10998803591566964,0
2831,3734554.6117288494,5.0581206658549753,0.074930279645532005,0
2832,2357307.6858878741,3.7464986049736728,0.11821774631826074,0
2833,2008285.8541831209,3.5200899198895685,0.14079986684348883,1
2834,3593742.9681089241,6.4744565133164125,0.13034753682742273,0
2835,2678205.3747857241,4.5495032921629992,0.11814301475784517,0
2836,4363108.2131822519,6.1991714994395908,0.12641621623397764,0
2837,3668419.8994444013,5.1216183204521384,0.10550403769811656,0
2838,3280705.556872033,4.7407791662523779,0.125,0
2839,4063466.8243719251,5.5429732936353853,0.11752214696203755,0
2840,4243715.2209345866,4.6065459585419495,0.098084477845634566,0
2841,3597548.9435808025,6.2659807821734352,0.084039503452994269,0
2842,2090177.9550635067,3.1601010850846825,0.091848695262871649,0
2843,4278207.7450377075,16.633952156876362,0.12222716011166551,0
2844,3624016.4031541194,6.8170328715339688,0.074239543752342985,0
2845,3589704.6521423408,7.5021236611757454,0.12327827285914195,0
2846,3617344.8578420631,6.1569463377697868,0.096648191586152676,0
2847,2954199.3212936129,3.8805255828051584,0.087910549034390495,0
2848,3585792.9606971135,5.2483177276593507,0.13387578974567804,0
2849,3881837.1555336532,5.993814268942832,0.093439912234583034,0
2850,3697841.3514444823,5.9389049614314056,0.065271298696357838,0
2851,3736532.9447567333,5.6159473734887335,0.053849066646880051,0
2852,2581618.0750895645,5.1701429816077695,0.13514971923932928,0
2853,3683044.6144872559,5.8083318857577169,0.099746114449617063,0
2854,3901620.8212158345,5.6146289151629336,0.11579539823211987,0
2855,5168616.4503577678,8.2539744934086077,0.096071492646294887,0
2856,2342560.3317427742,4.4064937806552251,0.11964371583652056,0
2857,3618207.2695133709,7.0255162994486176,0.063275187675735478,0
2858,2349511.4431106183,4.4755785386135996,0.131616537020943,0
2859,3934367.2823461797,7.0614164733451137,0.14581372595550202,1
2860,2342560.3317427742,3.7713226336362711,0.17013063041355403,1
2861,2267725.2931199414,3.7185730601600833,0.14118484092995837,1
2862,3764271.5131725878,5.1797113366534235,0.073117616699362675,0
2863,3621776.2471646215,8.680049358525153,0.089398311509573336,0
2864,2267725.2931199414,3.2114691240795068,0.11402740770144715,0
2865,3759909.6785451118,10.17317531964156,0.062655839182254924,0
2866,5038269.8070671549,8.5585797773925982,0.096109585092109762,0
2867,3594037.3894663188,6.4504661502729208,0.10851709326847969,0
2868,3852306.0639013299,7.7043889935939065,0.10223765638198612,0
2869,2984801.2881630221,4.5526278941795324,0.12820467866586105,0
2870,3986918.4003067883,6.594350002543873,0.084741041788560373,0
2871,3587702.9546049046,6.624639800792858,0.14567749728897361,1
2872,3600414.8431712762,5.7155378850377385,0.17492083766139566,1
2873,2267725.2931199414,4.0501876241471981,0.11554296637940809,0
2874,5958121.7758305557,11.23648008526853,0.1434360606357441,1
2875,3635339.1659120293,4.5129608899416152,0.085634482499969855,0
2876,3587657.2625781302,6.6005987284021899,0.085802664576252685,0
2877,3602768.7541107875,5.8763586413801745,0.12185920903842784,0
2878,2267725.2931199414,3.6920219062419322,0.17767055076201343,1
2879,3616804.3249156103,5.0011763268471912,0.094528300753983996,0
2880,3813116.1325468845,6.4244830687570262,0.14879895627982087,1
2881,3607822.1117901015,5.9328376650650618,0.12741202723697942,0
2882,4007754.638199504,8.4712916953922708,0.12906846428242696,0
2883,3644787.543360699,5.9017274662637451,0.098528663651052506,0
2884,3598571.9301901073,4.5708392374529909,0.1199836311240981,0
2885,3587981.3041661102,5.9913373089446527,0.10210979011954258,0
2886,3609672.1793284696,6.8845775400375508,0.10174794663551034,0
2887,3590095.2630552812,5.7345142183479734,0.12520313763422813,0
2888,3595482.9485631548,5.5813511054000573,0.14203070321754541,1
2889,3652710.2529385285,5.2276488005423021,0.11349432109157009,0
2890,2008285.8541831209,3.6099357039050468,0.10100744048339463,0
2891,3587061.6765734046,6.8250568900772546,0.13723595925551979,1
2892,3595015.7569980603,7.4531677835795227,0.12315938427035644,0
2893,4246946.5314220171,9.152292552192419,0.1181033508431989,0
2894,3707528.4959718594,4.7927191770072248,0.099269293262376435,0
2895,3594086.8133663479,8.4296994164855814,0.080681006248938147,0
2896,2267725.2931199414,3.6855383107442123,0.12848179863031195,0
2897,3884905.1416512718,8.70881900090904,0.14521660326470665,1
2898,3635365.2514911462,4.1161280026511511,0.11207571049682541,0
2899,3593964.2467970815,7.0261453318996949,0.11798521818957108,0
2900,2267725.2931199414,3.4734008576932394,0.090607918873945592,0
2901,2772356.9728852585,4.7568362202836285,0.12347318233973498,0
2902,3663145.8927414245,4.9877711443527559,0.086432240662180582,0
2903,3592946.340787394,4.9858924039785775,0.10783986343185603,0
2904,3645546.2766067237,4.9229927933672029,0.12997220691691314,0
2905,3709314.4949541828,8.3165381501019997,0.1349428509088958,0
2906,3615829.6277424898,5.8177204978671027,0.068185592212520407,0
2907,4252757.5457632169,6.4875906582244145,0.075207175132726012,0
2908,3999923.3484101635,6.1974379524346261,0.07881294205496514,0
2909,2342560.3317427742,3.2607009817191304,0.18404229495878099,1
2910,3645913.114466235,3.8377280411012182,0.11926456639296201,0
2911,3639918.746830456,4.7235650759525338,0.17019662230068222,1
2912,3783964.5803569411,5.0951257342794101,0.090097695374832587,0
2913,4189763.2880681469,10.963943295502331,0.13535438794577626,0
2914,3720428.3759524226,3.6480302075966695,0.11092431632558114,0
2915,3588322.7417258117,5.074905175682467,0.053215792422062425,0
2916,2342560.3317427742,4.0102778468560967,0.097385669035084499,0
2917,3602428.3437312478,4.720154685018966,0.088287367277109063,0
2918,5378664.3140094895,4.8388838683906465,0.10748585702349889,0
2919,2342560.3317427742,3.5732791112565008,0.093946901383615389,0
2920,4552123.4721125225,4.4299970451165587,0.090426723468720938,0
2921,3599102.3485065917,6.2960711796519258,0.096259950648154124,0
2922,3597350.1374600595,5.7243198807388254,0.087828736781240146,0
2923,4127735.7509096297,7.4884208713770164,0.09814289711349844,0
2924,3771736.1937468783,3.7083358670856352,0.093412086589685583,0
2925,5200408.7979325326,8.7432224732012145,0.085074475178705589,0
2926,3694381.87239007,5.3285482454497162,0.1301420517716621,0
2927,2954199.3212936129,4.6951553473978356,0.11907215725705284,0
2928,2090177.9550635067,3.2687103086496143,0.12770546146994233,0
2929,2342560.3317427742,3.7917607254453594,0.11691689473084038,0
2930,2008285.8541831209,3.1928357089305606,0.09422257000222789,0
2931,2349511.4431106183,3.6810258779735294,0.13673188316668083,1
2932,3636416.2975235074,4.8425325124443503,0.10655021818607269,0
2933,3694246.6341662002,3.8090462082929757,0.074596780577421917,0
2934,3806479.142965538,8.7612508651209886,0.12092771367850158,0
2935,3724746.5652750917,7.9029675753792521,0.09518845046721458,0
2936,4216598.3157628095,3.8830657973473341,0.14027901177374869,1
2937,3607353.3933715643,7.5102104623448209,0.10366427475347428,0
2938,2090177.9550635067,3.0732605968017448,0.13731859466553392,1
2939,3706732.2164362338,4.8227846058152695,0.13137371674017795,0
2940,3921436.7779395226,5.2984010737947838,0.086247510229340518,0
2941,4431181.7202296164,6.3895292640268933,0.12607704475882708,0
2942,2349511.4431106183,4.1392747533244885,0.13921510647493651,1
2943,3898794.8249410689,6.5907692672847933,0.064595032209963876,0
2944,3586317.247292947,6.5581041237917255,0.1715185193851787,1
2945,3720370.3158459403,5.0847417243890671,0.089696521282303987,0
2946,2984801.2881630221,3.5101283314753764,0.12451647622578466,0
2947,3592355.675771154,5.4595037122058514,0.085193091475873395,0
2948,3733717.1964330282,5.3327944858365788,0.083313861339111006,0
2949,2378837.9975668644,3.5993904175302602,0.1201252198943876,0
2950,2349511.4431106183,4.5383400148501307,0.1419727932860694,1
2951,2378837.9975668644,3.9119371712494786,0.1406176201531999,1
2952,3689832.7855724408,5.5399742712986351,0.091689366105998593,0
2953,3599912.9552235161,5.2200308766814008,0.098589122592019574,0
2954,3624848.3833002034,6.7928665863760473,0.0842639143661148,0
2955,2267725.2931199414,3.9497307660737806,0.1312684160457257,0
2956,2342560.3317427742,3.7139299731403819,0.15291075290462797,1
2957,4603522.9264439559,6.794715904106571,0.10180201567765701,0
2958,4154589.8810025118,5.9691887363373732,0.083630445940300002,0
2959,3849322.4347360483,6.7249014617144676,0.095501742023819114,0
2960,3617695.0833944594,5.9330140614690219,0.10773992373737207,0
2961,3760321.8761901157,5.0003389318785354,0.099110221938923493,0
2962,3850134.8019598117,7.8858968223126746,0.1464567893960792,1
2963,3592042.6109677441,6.4843439849782492,0.097064061814955305,0
2964,3924852.2844694695,7.8352646502265495,0.09847849480394999,0
2965,4566174.5717215529,9.0455875000670147,0.1399875817789793,1
2966,4178515.774489746,8.5543914269227823,0.08616401404961116,0
2967,3635238.7442173641,6.2985645621516566,0.10149231543852621,0
2968,4117876.9054394583,6.4188744616074436,0.13636695436076252,1
2969,2342560.3317427742,3.8078775535730633,0.070140028528611897,0
2970,3602040.7225432219,8.006264383850672,0.14501711405250028,1
2971,4606761.6825427329,5.2635647858740739,0.14050764905110336,1
2972,3624080.2694963901,4.743794495449599,0.077626208722340606,0
2973,3625885.840681985,6.3817119479452549,0.085115285518055028,0
2974,3623515.4586067488,5.8408906769489057,0.088046292424926342,0
2975,3640662.8696454833,6.9285081684255045,0.11461607381684702,0
2976,3618064.1889641471,4.864365571981109,0.10298857562225894,0
2977,2349511.4431106183,3.6279437297310486,0.1468743028258801,1
2978,4375005.7906160215,5.2356107116458928,0.095665238559857091,0
2979,3703974.8086100528,4.7260691611810728,0.11214285963384285,0
2980,3729349.5750251794,4.4813154209606409,0.13797078665342166,1
2981,4007602.0262452788,5.3787080281999033,0.061441728529903483,0
2982,3660030.6279308232,4.9137902671848188,0.11698229920640479,0
2983,3716091.8908632118,7.3027412466074146,0.11956348925751725,0
2984,3678122.738244276,5.8169478087239987,0.14366835034503955,1
2985,3604764.4136224319,8.6655270269062399,0.15468819420260238,1
2986,3648273.2595306644,4.7586795595121156,0.074329732839140683,0
2987,2609060.0868099569,3.7679505362924695,0.13784302245099034,1
2988,3719371.9277515435,5.0902792372506651,0.13003294388703329,0
2989,3821616.9391259062,6.6955605822474391,0.11144447218778897,0
2990,2008285.8541831209,2.9981096627404131,0.13808668177828842,1
2991,3648258.4990562163,5.7284546216259624,0.1013500096104295,0
2992,3717717.9358277698,5.472724610866762,0.12373324282093068,0
2993,3612117.0240928186,5.4145371195247254,0.13079934071201238,0
2994,4085109.5361639862,6.9651273100598727,0.07704156104331561,0
2995,4619928.673637649,24.066878963049348,0.14828111884904627,1
2996,3592536.7801587074,4.9531928676305341,0.11529307157459667,0
2997,5329019.4183995211,7.4289980520877172,0.16496792766556267,1
2998,4579552.614197256,9.5614000916999817,0.12432501087544112,0
2999,3686251.3900815886,9.3258699181072071,0.091593857249492427,0
3000,3635531.4671530891,4.2481734378126381,0.11793927290095518,0
3001,3617122.4027902451,6.1956127109312344,0.10015152034421471,0
3002,2349719.955294122,3.5969979815205257,0.073193456676151514,0
3003,3763994.3907580012,5.151205675421493,0.087235349235768922,0
3004,3726906.7438595556,5.7895885260922588,0.18485918688222147,1
3005,3662288.838081588,6.0999677750499739,0.06737245784755308,0
3006,3731540.2791968146,4.2144734323949269,0.094931858278767933,0
3007,3606185.7099799402,4.5103174581981955,0.10063946203266683,0
3008,3598109.5640152139,5.1512058333702653,0.12740678147371609,0
3009,3663125.7756989715,7.1533430434687615,0.097561386639583136,0
3010,3783619.8480691086,6.8145532075521249,0.06585339657975231,0
3011,3737329.5289002303,6.5959514140953095,0.13585339122338491,1
3012,2581618.0750895645,4.2381541454301681,0.10373119139793696,0
3013,3846082.6773325228,3.9535189840423977,0.10911745891496716,0
3014,3701320.1330708619,6.4663584082730337,0.13678365628279976,1
3015,2378837.9975668644,3.026751732409239,0.086199335931111593,0
3016,3602129.872786426,7.5091885001263474,0.10254711962180774,0
3017,3734421.9577194331,4.939715390609889,0.084798642112914074,0
3018,3984774.8743552407,13.235959829842452,0.13928786512383085,1
3019,3592260.2998933238,5.9661220119981957,0.077026268875695858,0
3020,3614287.8253668258,6.3402004915855077,0.087665649272998469,0
3021,3729936.4697473911,9.5710535377384254,0.12541844802147745,0
3022,3651284.7043651389,6.3211780519416179,0.070812765967575797,0
3023,4097902.9144474734,7.7518114892583823,0.13718951186984804,1
3024,3598000.1273716297,5.0044087538871072,0.099112050520816508,0
3025,3807396.2287829965,5.3269279204144855,0.09506408505655406,0
3026,3645332.9902307182,6.9375441797032078,0.093090277495149087,0
3027,2090177.9550635067,2.9790846227846615,0.13802843414539079,1
3028,3587417.6218396984,7.163500740004058,0.1184424541491037,0
3029,3923353.249404382,5.780585707034815,0.082157459706869385,0
3030,3601262.0231120088,6.228838817535733,0.092764081804763032,0
3031,4208253.7717509326,8.0913044300048131,0.14367490627119128,1
3032,3643040.3241090542,6.0506322379244626,0.091948243491900228,0
3033,2267725.2931199414,3.4447870247599366,0.10113691125781443,0
3034,3794850.9736380451,6.9641932670111553,0.090898942428349117,0
3035,2267725.2931199414,3.5518987507749129,0.1205091159262841,0
3036,3603007.1388621074,5.0740366731356641,0.10091110668814329,0
3037,3640203.5152499685,7.6520356020342062,0.17069384143779209,1
3038,4103588.0115311299,9.8576061667976571,0.090410170346654856,0
3039,4674881.3214173513,6.1368391696348796,0.096418785889087921,0
3040,4332060.2623794517,6.0632895193111489,0.10627047808184675,0
3041,2342560.3317427742,4.5169190171464688,0.12546441084574245,0
3042,3628408.2045974359,5.5049289563468289,0.11323731552082128,0
3043,3887123.9268197264,11.273950330676861,0.11032833279236504,0
3044,4027979.1100499942,5.0057576460950752,0.090574537413030232,0
3045,3606955.128920658,6.3142459485654543,0.090337590174158988,0
3046,2349511.4431106183,3.6190704612113294,0.081448788951324347,0
3047,2142731.0761223878,3.3845044287618902,0.14274830591765181,1
3048,3627940.1885194909,5.7317128736882852,0.09745264403675824,0
3049,3970748.5276586488,6.2258360542616984,0.087751023178357646,0
3050,4160498.8612565245,4.540655585020648,0.07828470498650697,0
3051,4081589.8017743737,4.2119569294197268,0.072432365689174077,0
3052,3630417.4869662281,5.3770362068901436,0.07550320684595957,0
3053,4627046.3329723282,7.3107176506365601,0.122820237739242,0
3054,3608234.8321454544,7.0271892717086626,0.083989802553050885,0
3055,3607656.4014235595,4.8049129118915239,0.076444415724010617,0
3056,3626423.7145265588,8.4611306676624487,0.10190075884946204,0
3057,2378837.9975668644,3.7844810019108093,0.078702426837372164,0
3058,5043683.8627165603,10.669325070998564,0.14695846165270895,1
3059,2342560.3317427742,3.6079000353822908,0.10697850082367022,0
3060,3684103.5770791573,5.8127270229440189,0.082892637821976756,0
3061,4793538.7476185942,21.10788479861851,0.167007565689968,1
3062,3646494.7888754359,5.1801686660086395,0.10427905377617591,0
3063,2349719.955294122,3.7071448636938258,0.13520092713151122,0
3064,3736042.3164797602,5.7453163519011161,0.076632700404385412,0
3065,4784579.3280722806,5.7724612593178319,0.10840257398944508,0
3066,2342560.3317427742,3.1793079529561759,0.14120189923093152,1
3067,3974393.7475850293,4.2749068522298765,0.11865991426219896,0
3068,2090177.9550635067,3.6281399505084275,0.092581107556081899,0
3069,3619233.6504450352,6.4290675423628105,0.12866588234058229,0
3070,2628545.6714319899,4.2837765504215373,0.10117215472714403,0
3071,3857628.1475057192,4.9495559035624979,0.107687464740998,0
3072,3679772.8200021321,4.7863397118333006,0.063016608155318399,0
3073,3593380.5754966689,6.7172835939686042,0.10650789538925787,0
3074,3590148.7771867705,5.0716685583467642,0.080942440132337534,0
3075,3748286.4156276388,4.3659980960446108,0.12428712131662145,0
3076,3625690.6474350644,7.9515304318398101,0.11168775643739126,0
3077,2378837.9975668644,3.1705608233525844,0.10325073322191397,0
3078,2349511.4431106183,4.1819284600136779,0.11990412939534179,0
3079,2342560.3317427742,3.9314937540022652,0.12917042549151569,0
3080,5159221.0091588693,10.831551738877938,0.12019748294026866,0
3081,3867540.8836136358,4.9153835509049708,0.11208302744262877,0
3082,3701361.4136090013,6.2808326614038048,0.094117635768678376,0
3083,3654097.9909844045,5.3899923028323267,0.11394162872936675,0
3084,2349719.955294122,4.2274420772457315,0.15181082480272823,1
3085,2609060.0868099569,3.9517358088542465,0.078492729995513044,0
3086,3641588.8886018437,7.334793774706851,0.092933012157509376,0
3087,3697453.4575922461,5.1435738789448244,0.1087235382573124,0
3088,3603247.67120138,5.2633037667234559,0.085148108862836858,0
3089,4340458.4060686799,6.5048427807396614,0.076837696662248045,0
3090,3652822.6234188434,5.6934322654852076,0.10722941793822971,0
3091,2342560.3317427742,3.4081751680953976,0.12802277321680738,0
3092,3705469.5074444632,6.7373266533022713,0.057456191625661623,0
3093,3614109.1268204437,5.4648759159388103,0.065669275132200555,0
3094,3652127.8219974507,5.3948651715098936,0.14361693438794343,1
3095,3962519.1408062209,5.7867075015615006,0.087321127237198648,0
3096,3680893.6966300439,6.631596852124968,0.12575313740128369,0
3097,2008285.8541831209,3.1532271556338967,0.12131308483982683,0
3098,3654862.8928934908,6.0087470044887192,0.088409696497370099,0
3099,3741790.7728549344,6.5660367515511258,0.079026214124788274,0
3100,3901129.7346974686,6.168199490387817,0.13515643947766548,0
3101,3587103.5691138455,6.4628153691070027,0.082917164044082226,0
3102,4684029.3044652482,5.9261011177982121,0.12251564066332576,0
3103,3841174.1257985914,6.8432192668683358,0.076520733019178611,0
3104,5332604.0353809604,4.9163595861447229,0.12632450777468873,0
3105,4044802.2199357962,7.4787314108699769,0.084175239842175009,0
3106,2267725.2931199414,3.8135036323962321,0.1092253853767724,0
3107,4944724.2982130405,9.5325857682046191,0.10352568225585856,0
3108,2349719.955294122,3.6855396452468345,0.1266193852627614,0
3109,3593347.4232325358,5.9645729664780518,0.10756481115525163,0
3110,3609652.193710546,5.8803417258637536,0.10086460801055253,0
3111,2267725.2931199414,3.1905675396849387,0.14102436845067534,1
3112,3618810.962925618,5.3632326240222365,0.13739197588929386,1
3113,3589871.3964827755,5.9980006488871149,0.15240512386662297,1
3114,3979159.4730724911,7.6641072237823655,0.11328039267239964,0
3115,3714020.2269260269,5.9334340596113764,0.06729816976063277,0
3116,3598579.9063532818,11.382611016060382,0.10174539012483608,0
3117,3739419.6821973771,7.4223281666893879,0.1159782419041282,0
3118,3593449.4241300053,6.7269999369232139,0.11091317132522582,0
3119,4166674.1721680262,7.9147402789802879,0.13936676634787515,1
3120,3619141.4352484704,5.6570249003364985,0.12133834865437498,0
3121,3614216.9683432239,6.408266087836644,0.12142974639349702,0
3122,3607589.0594964037,4.8453604091441944,0.095372441588880918,0
3123,3782845.0685107741,6.9952540788227315,0.10336952025525648,0
3124,4070506.8859183867,8.7288118396656493,0.11032555023890464,0
3125,2267725.2931199414,3.8815677194373155,0.13018914527974845,0
3126,4696593.0540495748,7.6744796644809394,0.10431295588181233,0
3127,3882628.4173371457,5.4514645170093843,0.079687656830071951,0
3128,4310092.3004083075,3.4157216515011473,0.10676191072281715,0
3129,3652316.3333958406,5.9379045364593219,0.11452778652314788,0
3130,3746609.7392295627,11.1827869549174,0.11329763709064589,0
3131,3746939.8558446774,5.5051885580408459,0.089168183615187357,0
3132,3671935.6029644562,6.2124852286857237,0.10962441899566189,0
3133,3641587.0804608706,5.3049287442026154,0.086573861197204005,0
3134,4707088.7644429384,13.07237821637589,0.15393225896811447,1
3135,5126640.6991813341,13.530163119926083,0.11690571449929998,0
3136,5116542.711024995,6.4088437151734503,0.16559080752560429,1
3137,3640467.067869009,5.0271879271808846,0.1196588556813718,0
3138,3681824.5530478302,4.3339047523755729,0.095770885260710314,0
3139,2609060.0868099569,4.3710727909477809,0.11341816177670072,0
3140,3624932.3991427319,9.7966775110578741,0.10465088753242868,0
3141,4074434.2006249144,9.926362051440103,0.12362311559830641,0
3142,2142731.0761223878,3.3121101263918344,0.12971151691135174,0
3143,3659037.3785697795,4.2634966860879562,0.10931446609934858,0
3144,3600791.1176202553,6.7650774582989293,0.15722185752824203,1
3145,3622837.4894074257,3.9482575534930611,0.14054063318494792,1
3146,3612637.5705510331,7.4434735156577956,0.12917482252068757,0
3147,3964916.2215079577,11.411983282521403,0.076060754332310743,0
3148,3733236.4034170266,5.3207388190562339,0.11774141482602546,0
3149,3739781.0407525385,5.5659487617176673,0.11385089453677322,0
3150,3917090.8823962878,4.3715585898664076,0.12900521658451708,0
3151,2142731.0761223878,3.5095638670999594,0.13048765320727129,0
3152,2349511.4431106183,3.609996354330673,0.099168594715759562,0
3153,3645885.3699489515,4.972877828056423,0.11044658233862253,0
3154,2090177.9550635067,3.3305462647086652,0.15350129587941885,1
3155,2090177.9550635067,3.9330108465148537,0.10641858395367446,0
3156,3636974.6130690346,4.3919906664838475,0.12783163604176068,0
3157,3672358.3026710926,6.4104742722453061,0.13569302439167552,1
3158,3682182.6822171123,4.4030911178503089,0.0658513076585584,0
3159,4314548.4065962741,8.6617095024061452,0.11733416952345788,0
3160,3622295.0076244301,4.3008687742823639,0.090893067144120043,0
3161,3640566.7020635265,4.9550079652963088,0.13802921259619361,1
3162,3808370.3605129486,7.3701533167785653,0.1212065517188583,0
3163,3877611.3556814883,5.2976407602289761,0.081934691280935112,0
3164,3618675.3635709104,7.3583955628656987,0.12078557468048701,0
3165,2267725.2931199414,3.4036330418121339,0.13179508063834655,0
3166,3991853.6432124013,6.6670385765057958,0.097032309533540917,0
3167,2349719.955294122,3.7833700793581118,0.11895249713439182,0
3168,3611678.5154644274,5.2907153615334126,0.1209582113145683,0
3169,4482919.2595778638,6.4144991152143742,0.11214163880932138,0
3170,3618997.3211969133,6.458283103001528,0.078405222184612211,0
3171,3591478.5775365909,4.8789063894874758,0.095591436174923938,0
3172,3621830.8360784063,8.1614981060465208,0.14796641747946371,1
3173,3635916.024615854,6.3430482210322499,0.11260573200459406,0
3174,3630991.2311799647,4.4232532996047311,0.082727232260286554,0
3175,4208418.7279519616,4.049633281910431,0.063202447776431803,0
3176,2342560.3317427742,4.2719125991890579,0.12222559803329425,0
3177,3834634.910637476,6.9293952212463905,0.1370724544527927,1
3178,3797354.9000399425,5.8943076082272352,0.1110048974052027,0
3179,2342560.3317427742,3.3255218239660436,0.13807499826223968,1
3180,3621057.3892465802,4.6981409309976927,0.11900183981789525,0
3181,3619209.2598781763,5.0919595525325878,0.06977878194061149,0
3182,2349719.955294122,3.4442747014886588,0.079687276495159276,0
3183,2267725.2931199414,3.1506763289729962,0.11717037304826639,0
3184,3668061.1852918924,5.8588516433492162,0.10141573605079823,0
3185,4204332.6578084035,8.0800962867341344,0.12256115675286616,0
3186,4510314.9661494261,10.137219970199785,0.1279187201679054,0
3187,3929914.2178533729,6.8635499303800769,0.1320753737021072,0
3188,3621910.4018409508,5.9491036093170759,0.12027855917904551,0
3189,3591902.1505946922,5.4508397159563069,0.10436489153321182,0
3190,4239748.8704249654,5.1675098966924926,0.12327126921366049,0
3191,3760523.054133045,5.5669139427778846,0.05561377622238084,0
3192,3703097.0071578259,7.4879952856384921,0.074517084297207103,0
3193,3615402.6048205416,5.1249862276407114,0.12167248095481864,0
3194,3592247.5973696983,5.880249413712006,0.10249221264325542,0
3195,3665574.7527810307,5.1298220401514039,0.075354495683286227,0
3196,3591520.535770759,5.9104538399440134,0.095586167537765609,0
3197,4412699.6845526583,8.1097242552528588,0.12189018998670897,0
3198,4502553.1386475367,4.6785170677262418,0.089853618487167886,0
3199,3639303.4201360783,4.9363870179878404,0.060964277127269151,0
3200,3678887.1211788435,5.2558754776398455,0.094543514683346763,0
3201,2008285.8541831209,2.9568558222805614,0.14309346223075958,1
3202,2581618.0750895645,4.7316339969558143,0.11749278539664876,0
3203,2349719.955294122,3.4563655528706052,0.107486750743086,0
3204,3593358.4727696492,4.8702430577768165,0.094947640058051785,0
3205,4474013.1231335392,7.474875297316574,0.142611792176772,1
3206,3998261.6002538372,7.9588697793679337,0.07726017171007038,0
3207,3594375.6763875964,4.9001996800458816,0.079532263538199754,0
3208,4095799.0758781093,6.1124441607624957,0.11540568559667169,0
3209,3642634.6927695582,4.7160552502415669,0.091544623066982855,0
3210,3638114.327916089,4.1913045814392627,0.13805643153200842,1
3211,4093859.1285954253,4.6906548748042951,0.086512496842207603,0
3212,3791873.7819711566,8.9369545371854802,0.16310823950036146,1
3213,3590462.6087034857,4.8174712124871126,0.095428199032800198,0
3214,3603722.3191514551,5.9631729568667495,0.16541199388326167,1
3215,2609060.0868099569,4.0052267456827408,0.10481275923884215,0
3216,2772356.9728852585,4.192048289491094,0.14543238710752104,1
3217,2416638.8374307705,3.5135221252894935,0.099905003026067085,0
3218,3611897.4938212573,8.1033795230478987,0.10386289250955588,0
3219,2581618.0750895645,3.932937626475038,0.13489114981698513,0
3220,3779061.3260710407,4.1748681677762125,0.095093606124048935,0
3221,3615489.582426351,5.7157144946383127,0.089015216859947954,0
3222,3643028.5665838723,4.7558295886966668,0.066635578630307779,0
3223,3632555.0625198702,5.1533751419503782,0.07731644081592759,0
3224,3601282.5128450049,5.6712223819366576,0.080633343204868702,0
3225,3628498.9554392821,6.3740262909992262,0.073714164219614076,0
3226,3762586.0765675195,7.9790397603332943,0.06384626328776638,0
3227,3675464.0025410475,8.1846617468171576,0.13127024806188947,0
3228,2267725.2931199414,4.0677733407263785,0.098565416560498387,0
3229,2267725.2931199414,4.2340167124073051,0.11886529602164614,0
3230,3642371.071724758,7.4218042690480024,0.14582032223503638,1
3231,3645827.7355724215,6.0667332521518968,0.11447341762958885,0
3232,3966447.4344257438,5.7261826431839555,0.10467039510799614,0
3233,3702139.0301275547,5.2703431084908017,0.10116397354454676,0
3234,2267725.2931199414,3.4945969149320737,0.089766906850319517,0
3235,2267725.2931199414,3.4351077363336304,0.11639850078233294,0
3236,4199092.2028496219,7.3150392428525866,0.091710278974030224,0
3237,3597173.4616072662,5.7700746526582227,0.087199781500626017,0
3238,3729472.093533928,6.6133626180735376,0.063714599212123246,0
3239,3756237.5130526605,5.4806795134648469,0.11445212714116648,0
3240,3605140.1666524503,6.0769554890581388,0.1483556392953298,1
3241,4323612.2406196669,6.6995498102577118,0.11586729092797743,0
3242,4489933.1002105307,6.0417175508496657,0.11196034299016366,0
3243,3610175.2409138181,7.6646371495189394,0.13676895502848441,1
3244,2357307.6858878741,4.1810598739015283,0.13365428535312074,0
3245,2416638.8374307705,3.5396813218843488,0.13612819526499564,1
3246,3820487.1741810348,6.5933570508878399,0.11257428400335778,0
3247,3700496.8718979601,5.0084490988098969,0.12951982610394008,0
3248,5055470.8520180611,9.2770889518880804,0.13143727593840254,0
3249,4249432.1143104229,6.4771772972257819,0.10322981103945716,0
3250,3644105.8999931836,8.4316124495095881,0.11419885574531963,0
3251,3622203.7121834648,5.8859711300621571,0.08230417792595901,0
3252,3656886.8467029515,5.3057989746230394,0.087942850666173356,0
3253,3922496.9543033116,5.5316148905826159,0.09773110414994024,0
3254,3592109.0406744303,4.687831136671436,0.095238314830017656,0
3255,3710092.3632302098,7.328109346578211,0.079728636518113183,0
3256,3588694.9835882778,5.104157257627727,0.12528980247356714,0
3257,3627730.5112564145,4.557667320463926,0.13005295571905617,0
3258,4089480.9577688077,3.5462214256408373,0.084279608222982805,0
3259,4326169.6677990742,8.7003159149431699,0.12845525797134405,0
3260,3707240.3917293507,5.0196630648645693,0.096582520763235369,0
3261,3661118.0348370289,6.085879953668937,0.09735413339350063,0
3262,3669139.9318215689,6.5422840845105323,0.087595616824511335,0
3263,3679107.3577976134,5.6901717229720656,0.08185487270857339,0
3264,4435299.4450468672,9.1681097439116179,0.086605333876180968,0
3265,3280705.556872033,4.9997642495499441,0.13171872113566652,0
3266,3595210.3080491996,5.533888234560064,0.10156288158453952,0
3267,3708291.3474340341,5.5307293284389996,0.084181532012845395,0
3268,3616211.3198239915,5.3700193597881789,0.094410151154881827,0
3269,3660531.7624506587,8.9913931537506073,0.095692096368050539,0
3270,2142731.0761223878,3.2244088026395423,0.11013794596045336,0
3271,4244718.6386140361,4.779087448553109,0.14187252383052551,1
3272,3937646.974572795,5.0572913211758168,0.1016012224650118,0
3273,2267725.2931199414,3.5619827513296238,0.12012391490356777,0
3274,3603218.8452153075,5.5279723832665981,0.10072236121531303,0
3275,4415237.4596797582,8.510831552726815,0.1123601416073905,0
3276,5837409.6130900756,9.8886588955222745,0.13035988677558419,0
3277,2357307.6858878741,3.4566772444784908,0.11898295245317714,0
3278,4544291.4633151032,5.636892712695909,0.11477801046247194,0
3279,3593904.5283825719,5.1543767900893043,0.11241690654402964,0
3280,2349511.4431106183,3.650770937468772,0.12255297769474424,0
3281,4143379.3371440838,5.8370280654448976,0.10840153976019162,0
3282,3655683.8998317951,4.7482177426054433,0.12183527395712468,0
3283,2581618.0750895645,3.8493428701304215,0.10683154222192884,0
3284,3782372.1584106744,5.1577961971790858,0.12618123271924486,0
3285,3791314.967648292,7.3863058452368673,0.12635048964195861,0
3286,3620320.3631818094,5.7062394474989011,0.11681588708086232,0
3287,3603178.8486797255,5.8035668387130501,0.085528435814994086,0
3288,3623198.7532790056,5.9134967494347128,0.0882648312879738,0
3289,3623742.7535132496,4.6935241662134004,0.093518560110083415,0
3290,3598156.0681745559,5.3895014991181087,0.087834322011481669,0
3291,4297915.5557979271,6.4408573421424062,0.094997234686238774,0
3292,3606647.9880673392,6.7749497466721529,0.14812628352362012,1
3293,4001554.2621798017,6.4230669071260236,0.097369303032206367,0
3294,3612722.3394439085,6.447301539915026,0.10749781167254151,0
3295,5708409.8276809426,11.529357926305734,0.14208750046817398,1
3296,2349719.955294122,3.8330110067457208,0.16416541383832872,1
3297,4214800.1154082296,5.4566196479560034,0.11272400597915022,0
3298,4720785.3715423504,5.8442193573036292,0.11001035985604135,0
3299,3775215.8208530596,7.336728939120821,0.122040111048629,0
3300,2090177.9550635067,3.2728256772648172,0.17141264832355563,1
3301,3687841.0387454359,6.9337334099945167,0.11885760328343092,0
3302,4900108.4050274724,15.858548540758687,0.12902969187267299,0
3303,3744040.882183047,4.3088180458247818,0.09293654798308193,0
3304,3729685.6383708818,5.0310131983207498,0.11592068429328717,0
3305,3914572.1700138603,5.9405034108696091,0.081362259603274922,0
3306,3608044.805399721,7.585271264400065,0.12168512356012284,0
3307,3716879.4135528249,5.2897380302486017,0.12779523278292937,0
3308,4212710.4257859113,4.9113958306285621,0.10482269620201073,0
3309,3679482.6455832217,6.364738582770773,0.096303876553715417,0
3310,3705521.1374095087,6.4219461893768033,0.051986181517673202,0
3311,3698630.3855755725,6.0618337563639457,0.097546560657458981,0
3312,3620222.1625443362,4.4906158879297537,0.091601631438998465,0
3313,3681164.5454928488,6.4058167503048891,0.12121112397971101,0
3314,2267725.2931199414,3.3432046262493285,0.087787608681718865,0
3315,3588641.0406033583,6.5888147023495334,0.11450004255210611,0
3316,2267725.2931199414,3.4399457913343463,0.10350171336911196,0
3317,3779317.9661366469,12.480318972626197,0.086843947695427248,0
3318,2090177.9550635067,3.3041430202109567,0.14850418443770513,1
3319,3639519.634970902,7.249470942819725,0.097617804040792261,0
3320,3740898.8768865289,5.9868176129443222,0.12588937408072354,0
3321,2349719.955294122,3.1822167431103203,0.10311719390900909,0
3322,3588711.4145842646,6.1604210054871142,0.12818207634280487,0
3323,2349511.4431106183,3.3597411159586184,0.13529669888952245,0
3324,3595266.1156525137,7.4274428767117664,0.10572366929048371,0
3325,3614446.8381645503,4.9108809423353428,0.11162727307011072,0
3326,3654932.6197670395,5.7384845136056741,0.13590103855485092,1
3327,3976054.5811440242,5.210676403517656,0.099413567452225959,0
3328,3596761.8669668199,5.1068610389442766,0.074850342143292892,0
3329,3587393.1431005718,5.984611687881034,0.10406598035510173,0
3330,2267725.2931199414,3.8457081085790921,0.11816937864882038,0
3331,2581618.0750895645,5.5837423784043621,0.11203466694934039,0
3332,3615945.3555206521,5.0892956565146488,0.12620915797993149,0
3333,3643534.8041808056,5.6312013301879347,0.12275801711045264,0
3334,3738360.9907504246,5.551096311500765,0.092742590135027059,0
3335,3903159.1960250372,6.00301725200584,0.08927213412164936,0
3336,2342560.3317427742,3.3177022015013553,0.10409483887088142,0
3337,4341065.5735188946,6.5572333812940951,0.10135450121038458,0
3338,3983747.6786445333,7.3140561233263242,0.13056207264243436,0
3339,3600819.2670234703,5.6158960654990562,0.076248213743809024,0
3340,3820110.3150158515,4.4911984062247035,0.097442966770011852,0
3341,3652342.6686158492,5.7623693681118624,0.095583308733894021,0
3342,3662449.7517894045,8.0483291980121532,0.064962400936007025,0
3343,3598317.481490578,5.0845156360469996,0.088420926170457548,0
3344,3953679.5197111811,5.4014221706496688,0.07087877833722267,0
3345,3634632.5883383243,5.6954745021515478,0.096841305306922532,0
3346,3659359.1591497678,5.0159399148892003,0.11333894952629947,0
3347,3715867.9908030182,5.7742236789835166,0.0816360616952716,0
3348,3901208.7866988736,7.8391099764327814,0.079447979426952586,0
3349,3590918.3627590435,5.4551673655238391,0.12358193908182891,0
3350,3701514.8490782646,5.436881689607084,0.061372031310198194,0
3351,3948630.2745290007,7.8416079464761559,0.085589474262197318,0
3352,3839187.4348643715,5.6993063969779039,0.10453653932490597,0
3353,3606026.3261836651,5.448998361310661,0.083346862683084666,0
3354,2581618.0750895645,3.5914415342199382,0.09315904000229086,0
3355,3772048.4566229531,5.8704271005833863,0.085098997203219562,0
3356,3619580.7762745135,7.0661814287617757,0.087479565032978712,0
3357,3593626.8066956322,5.8730338962240554,0.077592663282980701,0
3358,3672247.4024205524,4.771351879856458,0.11467748898566088,0
3359,3605512.0923581221,4.7953578407108779,0.068998098937531505,0
3360,3671647.0275039044,4.4777959977251207,0.10225139131002148,0
3361,4634404.3618488973,9.392248077303611,0.12475624327409685,0
3362,2142731.0761223878,3.080679479934497,0.11996077659815446,0
3363,3666385.0293395231,6.8350144512998581,0.11771598848842602,0
3364,2142731.0761223878,3.2586801918153157,0.12771730993272734,0
3365,3597272.7469211426,6.5302590480006701,0.13962623693140863,1
3366,3847373.9862151816,7.3036473753957436,0.086210386191402644,0
3367,3793794.2130810563,4.9101633235397131,0.087601682964756566,0
3368,3853485.9035444851,7.1220594831214799,0.09570143422368349,0
3369,3591293.0207956629,5.0463226626539734,0.073877180387905694,0
3370,3974420.405016474,6.8831713826176619,0.080671938715887889,0
3371,3898804.9473139038,4.8157204609645854,0.084643349777792753,0
3372,2798038.8762947805,3.471048895337459,0.11930980570144734,0
3373,3798108.9927104097,6.9587724914084426,0.084033674346023768,0
3374,3782110.2605896974,6.6232010962484953,0.10941131318031316,0
3375,3611615.9932496529,5.8352850465966082,0.10233932962776571,0
3376,4149389.8648804529,7.4338201717506278,0.12773235733556887,0
3377,3595086.4863186865,4.9339550941359391,0.13582302555306403,1
3378,2267725.2931199414,3.8257342153071594,0.12839585838917433,0
3379,3588905.334508413,5.7889844034509368,0.13056654293536407,0
3380,3633872.5161170936,5.3078775700360676,0.1427502579812383,1
3381,3688433.294750432,5.973213389074906,0.12076287354687643,0
3382,4256604.1039273832,12.824240879344421,0.11157774689002209,0
3383,4006508.7555147689,8.899344311276252,0.081331585629658254,0
3384,3909488.9932570164,7.4680300705754847,0.10640825779186924,0
3385,4192491.8077650378,10.375963215813318,0.13497148823347127,0
3386,2416638.8374307705,3.5984402438150034,0.071967670817198376,0
3387,3608688.3779660668,7.2333062637500189,0.097212849277553026,0
3388,2772356.9728852585,3.9126826609858636,0.10683317983472165,0
3389,3817895.6917399559,7.4317291304761399,0.11568087148859928,0
3390,4083805.2379459911,6.5344725558061372,0.12585566778492974,0
3391,2581618.0750895645,3.7697960444706222,0.12232659546432362,0
3392,3977580.5344569325,5.9471825599712487,0.075843092655585739,0
3393,2267725.2931199414,4.4417120806980996,0.10984430826178992,0
3394,3949326.9708241448,5.9412616137630261,0.091888364296526637,0
3395,3594272.1189537318,7.5281709089761328,0.1141257231742947,0
3396,3601593.2383472892,4.3911890807171092,0.10236677029531127,0
3397,3658839.3319543502,5.4530154912381157,0.11754002883616743,0
3398,3618747.9524140684,4.9731380092662478,0.095243290350470633,0
3399,4024074.7440689649,9.834808569616234,0.14753708865148296,1
3400,2267725.2931199414,3.208213387957922,0.11262627115463075,0
3401,3644952.3060253817,7.1940897068765803,0.08524237601683271,0
3402,3590022.3203592226,7.0750397700029692,0.10920777265517945,0
3403,3667744.4328619917,4.9417401629756874,0.077419778524946081,0
3404,3861275.7907364662,4.1319388617343318,0.082471432297413438,0
3405,2581618.0750895645,4.7775467572740231,0.12250957993299527,0
3406,3671849.4494974138,9.1690664325266287,0.061942688553121239,0
3407,3755545.5736832418,9.6318445514887117,0.12445245146975958,0
3408,3601347.7261601025,6.1408361250801624,0.10185010766192082,0
3409,3612872.2398615014,8.2539100494930349,0.14729273955405719,1
3410,3587096.5292770518,4.4034167874342316,0.091528404102120264,0
3411,4215331.0462983763,6.0782793954280985,0.1237821584410489,0
3412,4541657.4876868026,6.6764374343120352,0.15409756498078891,1
3413,3864967.0314334356,8.4660985048734343,0.13841302763891428,1
3414,3714175.5816334696,5.4640246907997367,0.12429523181956581,0
3415,3985951.0479743755,10.689721110701132,0.10913530999300168,0
3416,4175575.2606620304,4.0332064386488575,0.11049643398764208,0
3417,2267725.2931199414,3.5450926511239751,0.12631603090527921,0
3418,3870952.8544783965,5.7481406880202837,0.098960945448793303,0
3419,2349719.955294122,3.6127644923192714,0.089805354148127736,0
3420,3768430.0007040645,6.0409330147779556,0.082075812478778987,0
3421,4182624.519588022,8.6281114953777269,0.092660062359721129,0
3422,4168294.8704876895,13.554791232489531,0.12567683977465749,0
3423,3633910.997177083,8.8449806344709252,0.075863997249692061,0
3424,5237423.5365483016,19.022962618951002,0.18000538166726998,1
3425,3599746.9002494537,5.4175190471095531,0.15784723350514318,1
3426,3986829.4736571177,9.5688238173507596,0.11839901770646877,0
3427,3625785.364438145,5.43284408390344,0.065338226605000771,0
3428,3605233.7303297138,8.4282023455674437,0.16075258409063575,1
3429,4079481.9068129314,5.5636874199736184,0.12233977498278595,0
3430,3588554.1523480355,4.8646415960502436,0.075242179885055882,0
3431,3816636.8013620614,5.0592204259412057,0.13059092457078059,0
3432,3927489.4133411194,5.7684262114740541,0.10550970606505028,0
3433,4017756.7376786689,7.1721082161046468,0.11938269833141857,0
3434,3673266.4216865436,6.3118523351337821,0.13598997102910748,1
3435,3696367.8481486803,4.1873526082981734,0.12930989815623362,0
3436,3601324.894688833,6.872444326281693,0.086471909164670235,0
3437,3613681.4192725229,4.9517912043110579,0.11511437360236254,0
3438,3623499.3363957214,5.4770937697193904,0.14701954357986347,1
3439,3693945.6575461118,8.4566455262434612,0.14705246819895101,1
3440,4370025.2640268896,6.3446491432747667,0.098884514161337617,0
3441,3657175.007112314,5.5240880147816247,0.13144455479386147,0
3442,2267725.2931199414,3.6361765862002118,0.11737602690224608,0
3443,3628951.135604538,6.0875707692910757,0.13786865832785211,1
3444,3780896.762567855,5.4479853808732033,0.1263459646064824,0
3445,4547313.2683398109,7.5241841367696205,0.11345059904631738,0
3446,4784583.9017923139,7.0370635587388062,0.12743053246782629,0
3447,3626488.9639112139,5.4377894306033676,0.094877168105176213,0
3448,3841635.9672233216,6.4974887187206196,0.1044454118979955,0
3449,2267725.2931199414,3.5603391854674467,0.087925687928774199,0
3450,3604085.3465403216,6.256179657472889,0.11916050428949332,0
3451,3620875.4434213736,6.9505126442290956,0.08068157654924793,0
3452,2581618.0750895645,3.9581163457815669,0.09236406564883648,0
3453,3620752.6749290242,5.5670750520760768,0.10362518663580012,0
3454,3986548.154706886,10.87681187646595,0.12673278464954341,0
3455,3628214.2288324335,6.3301291205675332,0.13143628007084895,0
3456,3755161.4734050198,8.3615306091885682,0.098924545066032099,0
3457,2267725.2931199414,3.6239151760746044,0.1240295147853131,0
3458,2090177.9550635067,3.1019875984987975,0.1241566566579837,0
3459,2267725.2931199414,4.0863038452687084,0.11586867507303245,0
3460,2267725.2931199414,4.0668483826150661,0.14598085170244623,1
3461,3914208.9503140608,7.5164264688826616,0.10110762365993209,0
3462,2142731.0761223878,3.0686726543284286,0.12248382297530502,0
3463,4467003.745181202,6.8543057394355484,0.12630365585949993,0
3464,4115296.555017001,6.6995454395963128,0.090697908083400502,0
3465,4075235.8112014183,6.3859446162736768,0.11843932101688648,0
3466,3605663.9224654026,5.706614132254245,0.10562065615749094,0
3467,3662685.2909979802,3.8849975652487485,0.11270393436127696,0
3468,3600123.3774345689,4.7023669134199997,0.09304883980233658,0
3469,3609534.4392196983,7.3862765603139833,0.097103861346633763,0
3470,3261364.380769941,3.5310945681301389,0.13822518156185598,1
3471,3723032.5842569452,7.635571094416469,0.11193529417830994,0
3472,3597210.9915055484,5.9738101082134287,0.12753640595271365,0
3473,2142731.0761223878,3.1939054038484702,0.11870408900596008,0
3474,3592243.6617884305,5.9057902030347993,0.065449271064772718,0
3475,3653587.1177689899,5.1901913296556792,0.1087075848478451,0
3476,3603600.2625586195,6.4249846201526486,0.10058600944950769,0
3477,3622777.7722901916,5.8246484067394313,0.074092445258191919,0
3478,4130492.2548633716,6.3629155838483777,0.0748736553271869,0
3479,2581618.0750895645,4.0052132292736085,0.10746616803880926,0
3480,2954199.3212936129,3.5943221863657255,0.078921784543396767,0
3481,3883122.4245677413,5.8861130542367315,0.10045172437370697,0
3482,3597731.9692080752,6.1877200697545129,0.089783056843518505,0
3483,4332248.5356024699,8.028546230446306,0.10193798737829646,0
3484,3621023.2378733107,5.0074782537378431,0.11027331948661556,0
3485,3590507.9767329558,5.4631702177984485,0.11001868408748483,0
3486,3628088.9599487218,5.5496836813266448,0.11037771787914108,0
3487,3633890.7056396604,8.1761754502683992,0.10476878748236212,0
3488,3937355.5226997109,5.124922979486322,0.12714109523196127,0
3489,3826819.8039044011,5.3110010352722092,0.1024684325279368,0
3490,3600949.932002407,5.9539417223073281,0.11771379477800803,0
3491,3614576.7741416134,5.5118133340033344,0.095493320857548802,0
3492,4264616.2326327171,5.4368411833752175,0.073222605738877511,0
3493,2678205.3747857241,4.7922110050134084,0.097052976568066884,0
3494,3754610.8876845283,5.6325443248461404,0.15527089003259142,1
3495,2267725.2931199414,3.8741675033090632,0.10755007680959339,0
3496,4116475.2055658041,4.0842240964341139,0.093821613180340546,0
3497,4129187.9047659384,10.675083613677556,0.13567683819446724,1
3498,4562909.3740481883,6.0137505838192311,0.088057621289357568,0
3499,2090177.9550635067,3.1709174378027658,0.12101238319090957,0
3500,3707137.4133616565,6.8577509929428659,0.089689654663231533,0
3501,4143092.7373946151,7.2806334811207742,0.11915028570982622,0
3502,2267725.2931199414,3.5375382681201106,0.085209266020987828,0
3503,2357307.6858878741,3.7197419805968179,0.11734406075085557,0
3504,3594870.6702359607,4.8472167375587532,0.12149862321326876,0
3505,3639830.3254975653,6.5528730763216885,0.089532218726119939,0
3506,3649150.6592576737,5.2920578219997125,0.091134226238237803,0
3507,2609060.0868099569,4.7209488196054039,0.080982558853586517,0
3508,3636568.9103875803,4.174500236286117,0.12042692208260386,0
3509,3593204.7099669306,4.8680148182696508,0.14896852047267573,1
3510,3985859.2564274492,8.1284091586569431,0.14915472303879973,1
3511,3885736.6349548944,8.4497532336170487,0.10061597980144438,0
3512,2349511.4431106183,3.4985255488802198,0.11365662455957945,0
3513,2342560.3317427742,4.597444439577492,0.1385531294233624,1
3514,4152063.3033676972,7.6776119562100646,0.10714498446590082,0
3515,3593929.9621920418,3.9315706652159794,0.1022082110657645,0
3516,3709735.9100306975,4.8788815652086255,0.1082959797979125,0
3517,3702576.5577070378,6.176350005703501,0.13447663830967049,0
3518,4005589.9011098463,7.4138209141051759,0.098252323435474576,0
3519,4192385.5052239322,11.284419405662776,0.098200981393486791,0
3520,3604995.8771880013,5.2850685012276335,0.1096439098845714,0
3521,3592343.3187684584,6.3409208862607995,0.085018878492629346,0
3522,3592871.8629252007,6.9880760999143341,0.1814536983038072,1
3523,3876204.5690648626,9.8298429375773111,0.10672653314600933,0
3524,3711199.1623515296,4.6940723064054968,0.08488228346274207,0
3525,3664887.3766998253,4.4071348127381569,0.12427441047188592,0
3526,3592538.6418230119,6.0266382330569286,0.11064218059033781,0
3527,4364635.3668283531,16.925278141550702,0.16346209009384871,1
3528,2267725.2931199414,3.5038167177365556,0.11623790090166103,0
3529,3833855.0041459505,7.37131626896341,0.067466618370285114,0
3530,3649264.332548446,3.9061142034836958,0.060037624627280017,0
3531,3723932.4111696905,5.1480418134270156,0.081374374162703433,0
3532,4049441.8739640987,8.3593519093929753,0.13401383348276896,0
3533,3647902.0932348003,4.3741058452477297,0.09127069614337302,0
3534,3629286.6868111561,4.8222545803927552,0.094919763015486436,0
3535,2267725.2931199414,3.7093264642648709,0.067088119476894081,0
3536,4152059.8209156529,8.3162536122385138,0.13355852185798267,0
3537,3974939.728750207,6.9916123478846366,0.10554020224063176,0
3538,3923454.2450586981,4.0709208934946854,0.12595519152804358,0
3539,3622034.9988391371,3.9857458055984529,0.11231682218509254,0
3540,3970522.3195542595,6.9541456933127224,0.098605086563212929,0
3541,3596344.5626112511,4.3200285571462196,0.071847946225837622,0
3542,3670596.7266083984,4.7383567071203645,0.10562471925411765,0
3543,3601799.1187208993,5.7928993266756654,0.056711347241062748,0
3544,4766515.6021913672,8.3600405512964002,0.12107716962861059,0
3545,2008285.8541831209,3.0648703755541638,0.094954401786725595,0
3546,3739277.1219339115,5.5793339452296609,0.084962243015608535,0
3547,2581618.0750895645,4.171848704541171,0.12869079439656517,0
3548,3612767.916644786,4.8571684271089213,0.095022975190661829,0
3549,3792023.4504849566,4.7667023873300804,0.10985788818967213,0
3550,4357195.2953366861,9.6883314968600978,0.1097879236350866,0
3551,2267725.2931199414,3.5977108196750791,0.12017528768314123,0
3552,2678205.3747857241,4.4225016874761671,0.083848158238493231,0
3553,2267725.2931199414,3.6148928691451787,0.10592778261533498,0
3554,3612674.6698735189,5.2030320436334447,0.11214143906185825,0
3555,3658009.6347169387,5.1975602934657399,0.11590407061200453,0
3556,4937481.5414502798,11.986881097065346,0.12508782260384665,0
3557,3662550.6516650696,5.5967658511933118,0.094477554839807465,0
3558,3649258.8053704812,5.6716572317267104,0.084255027242389036,0
3559,3613767.0883916733,4.9908479561618018,0.11877883518507071,0
3560,4029828.0127903474,5.8107358873799217,0.090817680670925216,0
3561,3841959.6685613305,8.7906768887490312,0.095361683214980508,0
3562,3593379.2021153541,6.7800445906685125,0.11573966212977027,0
3563,3610839.1358947647,6.0012887159884674,0.10020947588373352,0
3564,3695146.4411953366,4.8846891571911328,0.095795158004414849,0
3565,3954886.5898521314,10.195488899693899,0.14101737099783923,1
3566,3609636.1172982776,4.5289656609685505,0.089175370875529625,0
3567,3634119.2545287809,6.7471015335430939,0.10734527955902717,0
3568,3664239.097681005,7.067764458772011,0.073981925113168645,0
3569,3603759.9900693721,5.3364691956112091,0.10593246627375541,0
3570,3748932.8133795601,6.1356153609656605,0.07931774124924762,0
3571,2628545.6714319899,4.2991079285226297,0.12125811003416964,0
3572,2581618.0750895645,3.5848554566482385,0.1323363141220345,0
3573,2142731.0761223878,3.5046471802160188,0.1303757323159368,0
3574,3918302.1230203174,5.2414713401354645,0.098328706263139776,0
3575,3708774.0117816394,4.6509956226729088,0.099861834269725114,0
3576,4530341.707722716,6.8698378229510046,0.099346792727078859,0
3577,2678205.3747857241,4.0110801791344253,0.11043451809040378,0
3578,3627841.6789490855,5.6728517734819368,0.11057910357271486,0
3579,3158053.4917109548,3.4756361925907178,0.099770141700122772,0
3580,3590869.3602848798,4.6389420682150107,0.058664404421978067,0
3581,2267725.2931199414,3.6884835069001167,0.13162281718215396,0
3582,2678205.3747857241,4.8302394746227701,0.11011147621685158,0
3583,4361404.7999797268,7.737467009614841,0.10892051407212933,0
3584,3793688.9442082411,6.3788852855668194,0.1285751678439444,0
3585,3608890.0490680193,5.5813853058917458,0.10874880424375702,0
3586,3641708.3762935009,6.2882746580724787,0.14714213041383145,1
3587,2378837.9975668644,3.8769046576667838,0.081229522623186612,0
3588,2581618.0750895645,3.5469797381301102,0.12238799601880412,0
3589,2609060.0868099569,4.5308800202163217,0.11515972460153279,0
3590,3765806.1761815376,9.1652862520386371,0.13097652236621871,0
3591,3926972.2777784797,4.4803684381601867,0.11303339521397326,0
3592,3590133.605045008,5.999486789754541,0.085056179637363671,0
3593,3660924.37801567,6.3217271082483792,0.086735358460508893,0
3594,4997023.5920574488,9.0262422278573489,0.1484144192361988,1
3595,3596688.2283966667,5.8666776945160359,0.12880858629382319,0
3596,3587695.2143812547,7.1475406117981519,0.14736181931963144,1
3597,2378837.9975668644,3.3533814980681704,0.090075709460456621,0
3598,4359760.6269508218,6.0970705516850279,0.12457932201062255,0
3599,3617239.3839200339,5.971848879575969,0.17775391835770948,1
3600,3640903.7968731411,5.1105270543551953,0.12979404965336827,0
3601,4049756.5729715857,7.1315132626135203,0.15466343625601911,1
3602,3804431.5674592149,4.3937922080336351,0.10313643035878639,0
3603,2008285.8541831209,3.50104866402505,0.11075666417399721,0
3604,3764420.814120736,5.4349127855069037,0.082019731753970593,0
3605,3889642.8647790044,7.7294566136223093,0.09533834292268617,0
3606,2267725.2931199414,3.2483781313911937,0.13264388647250069,0
3607,4318732.7266183803,5.6709029737259309,0.10397107632673347,0
3608,3678247.2452827804,6.1930940217140522,0.12926059510119881,0
3609,3631989.6763697565,9.070941484468511,0.10836843963762111,0
3610,2581618.0750895645,3.7212766135263227,0.12726137269902615,0
3611,3704216.7549370709,6.4124216580043756,0.091583017299193381,0
3612,4080079.3878332549,4.8544269907694222,0.10320813398492257,0
3613,4119917.6444216082,8.662257809202119,0.10246424448325564,0
3614,3863667.0260246214,4.7397330954486394,0.10356773606662173,0
3615,2628545.6714319899,3.4854968625258671,0.062456389182912464,0
3616,3688250.6171912872,4.8207651964694929,0.093057202750681967,0
3617,3588516.85901873,6.1399413116244625,0.076875696922583892,0
3618,3603192.5890113707,4.5665648902653713,0.094729106195046708,0
3619,3675247.6376751829,7.4595690053193717,0.10375083796035733,0
3620,4123939.9123163051,7.3551233233827897,0.12248941221120524,0
3621,3602235.2100954689,6.1804835552425601,0.09014907149774698,0
3622,2357307.6858878741,3.7380691426920523,0.090337058206071963,0
3623,3598781.0402625632,5.573996260370131,0.11866643272543187,0
3624,2581618.0750895645,3.8382821685680848,0.079492218115086499,0
3625,3626197.5983735882,6.7433519181854447,0.14438995487750639,1
3626,2609060.0868099569,4.1474230611988752,0.099739610856225458,0
3627,3714560.6312021343,11.619827857081567,0.11419205998460402,0
3628,3633695.2652238519,6.1226351308020384,0.06235701203935673,0
3629,3780864.3928082827,5.3176329219639715,0.11205172238033489,0
3630,3689752.3431136934,5.7474936982919509,0.12600419375801708,0
3631,3825158.5323836808,5.2038827552870677,0.1356756658094912,1
3632,4121155.3648380209,7.9343237721421103,0.068373692396248159,0
3633,3929086.8498660307,7.9555380825092117,0.12155671966833459,0
3634,3711064.4683783893,3.9152332756304475,0.076753918832339285,0
3635,2142731.0761223878,3.1175602550681507,0.15824718453816311,1
3636,2349511.4431106183,3.91190237639668,0.10151109317717394,0
3637,3822519.2157451878,5.5377512586461073,0.076232880797366454,0
3638,3750602.4415039299,4.209512037187868,0.1253981716370689,0
3639,3831625.6707599028,5.1601187173954575,0.13269925801503912,0
3640,4120432.0849291137,4.3325906433576638,0.0739435797254685,0
3641,2267725.2931199414,3.4662879970887244,0.13434063719930733,0
3642,3609572.5348963249,8.3190427172523496,0.13051579759283571,0
3643,2090177.9550635067,3.3434078523417927,0.11262706667026234,0
3644,3877723.0776673052,10.178162704719943,0.15313062069772654,1
3645,3597898.8543614973,7.611201115138079,0.1249521570377583,0
3646,3869993.9814697853,6.3245246872593617,0.099768876722850841,0
3647,3762556.1339116986,16.1644541790265,0.10777624877541858,0
3648,2581618.0750895645,4.8686170217549511,0.1147496331534279,0
3649,3645925.4273233567,4.6223827914345446,0.13393921004779219,0
3650,3695325.1575745945,4.8089389153067952,0.12424462257801916,0
3651,5024192.5954645034,14.50129696751139,0.15197431361896463,1
3652,2090177.9550635067,3.2567777611104165,0.12099661734222766,0
3653,3847829.160702968,5.3209051030824153,0.10985440571603805,0
3654,4778654.0125484141,5.9220211285617967,0.1011634339471541,0
3655,3903960.1003747862,5.0440468343983067,0.12067140074855776,0
3656,4095851.2961575054,7.3170795576737362,0.10665173477127765,0
3657,3733682.8632175429,10.345581502175568,0.11520082313605462,0
3658,3655174.6767235193,4.3949514755923458,0.081255863068213086,0
3659,3741151.3691078336,4.4757341189796831,0.12979628315292246,0
3660,3618352.3178843455,5.8647007761348489,0.11885698760877078,0
3661,3594452.2203921997,4.1703503443158212,0.063823486191363576,0
3662,3696210.6168694855,5.3499235709380413,0.10402546167629434,0
3663,3773721.2164639877,5.24804078534084,0.10475580283260111,0
3664,2267725.2931199414,3.5738076738514724,0.1067222458379069,0
3665,2678205.3747857241,3.7933863994994694,0.097169457159517414,0
3666,3902230.9824318402,9.2240138372742759,0.12943832684490131,0
3667,3862907.9061456756,9.0720041372491895,0.12932089675114566,0
3668,3660700.1285828361,5.435182504330637,0.11712503981486289,0
3669,2609060.0868099569,4.8420930336986991,0.14137387050333017,1
3670,3734033.2253080681,6.2053957986138215,0.10180809586797768,0
3671,2609060.0868099569,4.5978038616405223,0.16710789521824754,1
3672,2090177.9550635067,3.4780547730618165,0.12949111165778848,0
3673,4067913.4927502293,4.8376980889863086,0.05714762514655547,0
3674,2342560.3317427742,3.4493200922389824,0.12754416941837121,0
3675,4427449.938489262,9.211087704008829,0.1080673805655159,0
3676,4401319.3990760883,7.8790020758882546,0.12164433372628733,0
3677,3613257.7380834045,5.6542896979270418,0.072685994130755049,0
3678,2267725.2931199414,3.8530394214179897,0.11194654158296297,0
3679,4820799.0710701784,10.24653422122678,0.11287076711193156,0
3680,3802673.8866840652,4.4511087914496663,0.062961075939451883,0
3681,2090177.9550635067,3.503474805445657,0.14973128552619158,1
3682,3616061.5175147648,5.3003056546138811,0.060085155984560101,0
3683,2628545.6714319899,4.4654023269461849,0.10056003325220353,0
3684,3594458.0750235454,6.446581756111212,0.071497312504251065,0
3685,3648023.5518899709,7.278528207158562,0.067571916999818016,0
3686,3607281.7639299538,6.8546108451822896,0.10504149793169926,0
3687,3628216.7653928502,7.1602547499833626,0.11748223777316064,0
3688,2267725.2931199414,3.540556978553993,0.14281222067056532,1
3689,3664896.4611705383,5.9067615953009112,0.097612936254800053,0
3690,2342560.3317427742,3.5020802580228172,0.13340108661414241,0
3691,3913777.997368691,6.95829440858504,0.076890057522398414,0
3692,2090177.9550635067,3.1102231966230098,0.16059027529467296,1
3693,2378837.9975668644,3.8449404326281682,0.072495926692697166,0
3694,4188330.5807693209,7.4731150112910081,0.12543610053770027,0
3695,3635077.5216615773,4.4640757217896896,0.084491199092977143,0
3696,3874871.0018467004,8.3921258167188366,0.099548948941303672,0
3697,2416638.8374307705,3.628956406681938,0.11711465232210561,0
3698,2581618.0750895645,3.7340766381345349,0.080192077991839139,0
3699,3587065.7421638565,7.0865594181439802,0.099225913780348618,0
3700,3634176.0665936503,4.0687995959980245,0.15724416812960884,1
3701,3682183.8374848459,4.0674168993369717,0.074452121900835611,0
3702,4182295.3559313081,8.7456098560854745,0.10036588933541701,0
3703,4355051.1586175356,7.0669758286631401,0.12859946512458922,0
3704,3587052.3854544954,7.5082494386186776,0.12869522419218216,0
3705,3622761.7998980521,4.3048418354768101,0.12294442110508774,0
3706,3261364.380769941,5.0898628071620298,0.13133554271497203,0
3707,3681144.719362535,4.932108725881613,0.10229928678158295,0
3708,5232505.0384372296,8.6128063750131485,0.14033775128176362,1
3709,4348603.1233820599,8.7490580219484002,0.16923455456118375,1
3710,4512447.8932052935,7.0132515266007047,0.090644441724311298,0
3711,3588346.5534717287,4.8146473092494588,0.087278075536729283,0
3712,4553241.4961889666,5.722267398231307,0.1076665087934788,0
3713,3609231.9775587986,5.4905292171358662,0.13719984580500438,1
3714,3595797.0539479977,7.6115238638633214,0.10359761297519032,0
3715,2349511.4431106183,3.9188061861736339,0.082955521918574249,0
3716,3622136.4939284567,5.6881125827221535,0.12087003077169212,0
3717,3604114.6135963593,5.9804442762140919,0.095379509787734129,0
3718,2342560.3317427742,3.4438281854005632,0.12893350520154931,0
3719,2267725.2931199414,3.4139855336982881,0.1140444842222007,0
3720,4171179.9266437376,8.2097265417189593,0.10113095780345016,0
3721,3778302.2820538729,5.2951644438860237,0.072733455053142271,0
3722,2267725.2931199414,3.3384815003375108,0.10355321270806184,0
3723,3586831.2100159652,5.7888451007776967,0.14784518414997649,1
3724,2267725.2931199414,3.8154302629911605,0.13099321118680574,0
3725,3607325.8699590145,5.321738405666034,0.075559446814964071,0
3726,3608682.6848182436,5.7454735082932542,0.079507794876477578,0
3727,2267725.2931199414,4.2577498890124845,0.10479769360488667,0
3728,3611943.9413916785,9.2167194601236684,0.080825006064659255,0
3729,4408149.2397880014,6.6114673150927574,0.065154622198221768,0
3730,3747886.3619870902,5.2064725295485657,0.099253934631674645,0
3731,2628545.6714319899,5.2117039270316203,0.13040603661770755,0
3732,2349511.4431106183,3.6132886034709886,0.10058331995340389,0
3733,3590745.0962304105,5.3916213501043373,0.068507371769712777,0
3734,4591084.898585679,6.8852362481213056,0.075968936731081294,0
3735,2090177.9550635067,3.0053360960619226,0.12742928215527244,0
3736,3670187.354295148,5.1118450247113731,0.10320502218878669,0
3737,3929179.4173421869,4.7493588371363513,0.13734907436358534,1
3738,3261364.380769941,3.7023175905444616,0.11494658953614922,0
3739,3621540.1662439071,8.1830725176153472,0.075774052837561723,0
3740,3712182.476923875,6.8765120933055996,0.14375030624904672,1
3741,3588554.8521516728,6.1395866673604944,0.096909856121302651,0
3742,2267725.2931199414,3.6399893458821082,0.1120866563188273,0
3743,3610883.9558591801,5.5273532856994425,0.10614684362213689,0
3744,3589804.415766811,5.9390729390728936,0.10640714016447017,0
3745,3588275.6067076228,5.1929061992119241,0.13615245848549573,1
3746,2581618.0750895645,4.5813577825778813,0.10953371876832829,0
3747,2267725.2931199414,3.8584577614308984,0.10728824733571871,0
3748,3723360.243810785,7.5433893644821879,0.082322545467869213,0
3749,3599503.4007964157,6.4031232318149405,0.11256160073408716,0
3750,3644924.4603655851,5.4560506837272174,0.099828803334760408,0
3751,3594460.1949204141,6.4264274351814574,0.12730925180952357,0
3752,3835385.9964320897,4.6036435807257599,0.068403418630242907,0
3753,3590374.9636096186,6.1694822529122471,0.10244770064951336,0
3754,3791313.9552315748,5.4934148087160226,0.13057099798631555,0
3755,4002271.4058878645,5.2015514433838623,0.11229870018986998,0
3756,4548264.1077460218,13.271344538862202,0.11709779180578878,0
3757,3670534.3555121557,7.3088028826678428,0.06375366991764031,0
3758,3597578.4843068491,6.1816848568350391,0.12774576306573149,0
3759,3788721.2734912215,5.6896500247770261,0.095559297913100527,0
3760,3638761.4560976699,9.6273903599875883,0.1548174902232935,1
3761,2142731.0761223878,3.6686294117812026,0.12627033431968693,0
3762,2090177.9550635067,3.221901721076148,0.16994748719862643,1
3763,3588108.1277357424,5.8726568858727024,0.10147841929504742,0
3764,3606633.8219442926,6.8386639129711559,0.087732183283280613,0
3765,3774238.8262672215,5.0841699118922721,0.12878869597024994,0
3766,2342560.3317427742,3.4251429062736696,0.11337153609334927,0
3767,3625352.4615300526,4.9464465797568575,0.12189075739834343,0
3768,3635333.4424585691,8.6548531581759693,0.13535417662858273,0
3769,3613029.8023705473,4.7568155881659058,0.11031091263499515,0
3770,4247204.8380950205,5.4556992883969953,0.1083280121307108,0
3771,3778680.1151949167,5.9538999334720906,0.081089087589511055,0
3772,4215718.4071235219,5.9720681156659579,0.11920547356347011,0
3773,3826814.5195350819,6.3825906163118455,0.11605587154779295,0
3774,3597521.7490837825,5.8551946698775001,0.08702702341505042,0
3775,4175768.5754297795,6.6396802858809894,0.10725559364711901,0
3776,4209409.5871532699,5.185952009390804,0.10583051687415923,0
3777,3637668.86167238,4.7198129213272733,0.075659327183812852,0
3778,3650933.4063740829,4.4816557574733915,0.089783792188203759,0
3779,4167119.4927744009,6.9795047932321896,0.10448404042877787,0
3780,4210613.0189274009,7.6964558491543711,0.11846199128498364,0
3781,5477989.7514851876,6.7085488807896034,0.11446078198312193,0
3782,3624880.0486651431,8.559657641244101,0.12351422279765223,0
3783,3647010.8993286681,4.8018339953815365,0.069475685999082715,0
3784,3158053.4917109548,4.3817428746213762,0.12910285162813506,0
3785,4013941.2757301014,4.8063570750663871,0.10782798027628132,0
3786,4423676.510740458,9.7548201102708791,0.11901847202995508,0
3787,2090177.9550635067,3.039682859063507,0.15530343407846292,1
3788,2267725.2931199414,3.86021479591182,0.12154896712065072,0
3789,2349719.955294122,3.9473264331470728,0.1089717806237106,0
3790,3590680.3307056404,7.0869864758248609,0.077586548421108792,0
3791,4801471.676707603,8.9567965236175926,0.10631423574700982,0
3792,2628545.6714319899,3.6843410547832693,0.13520798061760608,0
3793,3594197.1861683517,5.0504561207413428,0.098361033703472156,0
3794,3625951.7293079044,4.974255561589584,0.092875753609494405,0
3795,4391135.2082152199,7.7849409891950323,0.12011081056018247,0
3796,3612950.6934997849,5.4599787486085765,0.13110243952948131,0
3797,4012717.8869915754,11.185155579520512,0.15470689051415065,1
3798,3626456.9687390164,5.1842094534984842,0.081748452165730345,0
3799,3700268.5279204138,5.0220547513854958,0.076230715515068381,0
3800,3587742.379902299,4.4205452664441731,0.066362005229679277,0
3801,4374655.2036909042,12.659939698311373,0.13087474872169158,0
3802,4046857.0953605976,5.7078421728276041,0.11570166264170106,0
3803,3611708.2407418764,5.0533917911537607,0.14759303079226394,1
3804,4130629.4319301955,9.3556449667376285,0.11751635027490137,0
3805,3606635.114479505,6.5068387182672449,0.12029091659306579,0
3806,2090177.9550635067,3.0932350486733236,0.11600403288540551,0
3807,4249706.1729562804,5.3371767284696432,0.11318416236932277,0
3808,4189632.0819737795,9.1466116785218503,0.1055284008509294,0
3809,3658310.4195918203,5.8129301657862165,0.068247909146687102,0
3810,3779930.7738612569,4.2419357674444003,0.1297625943853063,0
3811,3969269.3655614676,8.6122147865463834,0.10338014257078165,0
3812,3654544.6896533454,7.4028655222431823,0.14753927900169539,1
3813,4219780.7433782825,8.767130763202708,0.10413737557358399,0
3814,3647008.1108945492,5.2511253401983655,0.08588776451238489,0
3815,3591902.1618351229,5.2081240276248302,0.11023838505662975,0
3816,2342560.3317427742,4.0792349036152844,0.13326876492838477,0
3817,2773471.102127803,3.784098736793879,0.12966631846811727,0
3818,3665205.8403467266,9.1975501156340478,0.10109938313909955,0
3819,3652585.2737793541,6.1938788255391914,0.10716035499543292,0
3820,4736371.5884730639,6.0200609498757327,0.11896473613972658,0
3821,2267725.2931199414,4.9986466542285442,0.10148583120424376,0
3822,3606837.9674277254,5.8571602979189814,0.1137674656647113,0
3823,3876717.932350161,5.5034898494078943,0.092996022518379018,0
3824,4311255.6115414072,8.4631621325106874,0.14052161586417367,1
3825,2008285.8541831209,2.9760096976857793,0.14013408945060213,1
3826,3588788.0512030381,6.2875776516810458,0.078855907973859218,0
3827,3659805.7720238734,5.805603721230125,0.09672630705105778,0
3828,2349719.955294122,3.9196040595438011,0.096259966490778531,0
3829,3708460.3943695859,6.0611800585404847,0.11286555649203356,0
3830,2581618.0750895645,4.6481728071725286,0.10034873808334333,0
3831,3586281.5166141833,5.5311332671325495,0.10190033421768963,0
3832,3158053.4917109548,4.2543821404387527,0.11312913863142871,0
3833,3658372.1670590308,5.665989207928197,0.10639369919418085,0
3834,3636079.4731160584,4.5773500997944296,0.098920513330187698,0
3835,3797842.0770250042,8.071665154549347,0.096117464836543376,0
3836,3683978.6945823687,4.6418401244467917,0.089809504573138466,0
3837,2267725.2931199414,3.4121831447764821,0.10468332982186979,0
3838,2581618.0750895645,5.3195785403653852,0.15218916973499652,1
3839,3903900.1886625006,6.4584700082093622,0.112549951905771,0
3840,2581618.0750895645,4.0088652400503122,0.089326073937165962,0
3841,4112966.9046950312,5.6345968987648627,0.132679876101085,0
3842,4418080.7880311618,4.7192345488327305,0.089904883881973596,0
3843,3716829.7219045069,7.6447575036318396,0.094812693835768735,0
3844,3613020.8265303858,4.7158248483572009,0.12402176514134788,0
3845,4455934.9992994294,18.234362289391466,0.1356395160678765,1
3846,4087125.9066839251,6.4528438921302333,0.11515743463425288,0
3847,3653563.6774326307,5.4173341771072652,0.12458825643758664,0
3848,3668374.4518582858,5.8660026639527088,0.11254697650506619,0
3849,2342560.3317427742,4.5745742884730927,0.14898550796897386,1
3850,4184769.5812462401,7.5930814516829628,0.068275189031492767,0
3851,3961929.4936614111,8.3423733931841273,0.10829678708839607,0
3852,2267725.2931199414,3.5263111285821571,0.14962618300263031,1
3853,4387638.9315106543,8.9181297405411968,0.10383051536823767,0
3854,3590477.8428186751,5.2134807226542215,0.086614243539105129,0
3855,4280429.9444736103,6.9730194037096558,0.089566041987483636,0
3856,3650760.9743760009,5.7281036355232349,0.094158092566901441,0
3857,3759564.2165970001,4.3790391598216285,0.099213432590875145,0
3858,3596237.1046440573,16.512524079308193,0.14165550426909018,1
3859,3661148.4755663634,5.0195861169397773,0.10346410905273185,0
3860,2090177.9550635067,3.3081630576387382,0.11749107434125605,0
3861,3596206.0136468052,7.981048305192445,0.14340308642088839,1
3862,4365228.4031276358,5.268287092785636,0.10771131495010172,0
3863,3619299.1230079182,5.6960236240292543,0.12972683022531406,0
3864,4467953.9861774985,6.6121705551666761,0.1177915658055485,0
3865,3651615.7904038765,8.0841894564182972,0.092575602105991556,0
3866,4597124.3439446688,6.1161376016433806,0.11854747224609885,0
3867,3777175.7064842931,9.3856789933720357,0.11762193583226854,0
3868,2267725.2931199414,4.1449024416284663,0.13646368993183833,1
3869,2090177.9550635067,3.2868591103952385,0.14897180853410863,1
3870,2342560.3317427742,3.4821899493109418,0.14517125063527125,1
3871,3589362.8354569846,7.4046293522341822,0.085666144439021985,0
3872,3667942.0971591743,8.069936582355151,0.091999388023847994,0
3873,3797115.7615544265,7.7876478281173362,0.098761170527940201,0
3874,4096460.3248354928,5.8412338014640097,0.11646810716471301,0
3875,4289640.8290941678,6.8808369010843107,0.089788414470431954,0
3876,3832424.0169998412,6.4058960725842642,0.089170461848383065,0
3877,3645639.9892809279,4.6417297142131639,0.080147338463137097,0
3878,3956631.6113820323,5.0844357948025172,0.12457380650001715,0
3879,2142731.0761223878,3.4912833136772283,0.15484680192997535,1
3880,3624331.284897137,5.0149022693319125,0.13393455576599056,0
3881,4629607.1351526147,4.6806079236781812,0.11068490485248006,0
3882,3767073.0030141487,9.2033910351226904,0.094422886206175338,0
3883,3864222.9575353288,4.1113313714947264,0.075125207745555977,0
3884,3703153.6083129407,7.616684934559169,0.14933659070677796,1
3885,4524524.3705409858,15.452167372759718,0.13052860243011755,0
3886,3822334.3336440469,4.3559320475880492,0.11690309248020048,0
3887,3688225.6028109412,3.3431586946569567,0.086622129936635817,0
3888,2980790.4908226882,4.3216772382936224,0.0856951811364417,0
3889,3599931.5791550707,6.6288718394222474,0.081328734251757906,0
3890,4563920.0455655893,6.1813483482735085,0.11248353303637371,0
3891,2342560.3317427742,3.4441062132888898,0.10851521639635975,0
3892,2267725.2931199414,3.5757804658701824,0.1491529182513236,1
3893,3790124.3522882089,5.8814240571856331,0.13301216367584134,0
3894,3953571.5606714268,5.1202088978124367,0.11402822307108509,0
3895,4297945.9436213421,5.0844410401515141,0.10506595006799091,0
3896,2357307.6858878741,4.183856909738946,0.12830582877926455,0
3897,3782413.9132364588,6.6393029551846912,0.11464717364213839,0
3898,2980790.4908226882,3.885078224586652,0.1516653780077109,1
3899,3779401.356354469,7.0346340505840086,0.077893026102593188,0
3900,3597405.1999011175,5.8228744572094762,0.11500019267064066,0
3901,2090177.9550635067,3.3150182447051075,0.15828271283538864,1
3902,3615128.2953549572,8.3511429028775463,0.079373755398113477,0
3903,2416638.8374307705,3.6911203750269674,0.080379990144406638,0
3904,3683922.757083341,5.4480328383047452,0.11088271525439286,0
3905,4178009.9627324645,7.2526913184462707,0.10230106817815066,0
3906,3960375.0926268795,5.9088428967634359,0.10759653533324454,0
3907,3745530.6036809967,8.2234152784658328,0.08740818582027543,0
3908,3593717.0831578095,5.9104408058846891,0.094556274883072611,0
3909,2342560.3317427742,4.0144788607159523,0.13270796202994461,0
3910,2678205.3747857241,4.9661014643192241,0.13692639997651912,1
3911,3750964.7014759965,10.318048809511707,0.10897192651190934,0
3912,3614812.5709522855,5.469292011909535,0.066021029816072163,0
3913,3731365.6087047416,5.2650695847277991,0.1068787311810715,0
3914,2267725.2931199414,4.6119020265992292,0.11405529895777278,0
3915,4068502.8056611097,7.1285100342481638,0.13786030840377372,1
3916,3940161.1572265415,6.1325559385909099,0.074892398729646259,0
3917,2342560.3317427742,3.8579387188152729,0.10182883265173304,0
3918,2008285.8541831209,2.7831797665918878,0.11075217808371149,0
3919,4680000.7071873108,5.2117691450022265,0.069206743011707816,0
3920,3601472.2173640188,4.5910570135987916,0.11906774319547531,0
3921,3621906.552711972,7.2341856872501866,0.10080711268191211,0
3922,2772356.9728852585,4.5638314656918384,0.15040971101353851,1
3923,2090177.9550635067,3.0972576372787706,0.11129553037447226,0
3924,2581618.0750895645,3.6329364949802376,0.099691216261114851,0
3925,2342560.3317427742,3.4714288191612699,0.11953584197491718,0
3926,2090177.9550635067,3.3863820327827749,0.13560928522791602,1
3927,4513288.2447767351,7.2447643313759098,0.11085026311119739,0
3928,3633787.8482999927,4.2585315095628884,0.10634841343908363,0
3929,3735827.4764833287,4.8673635980070609,0.12934845605503564,0
3930,5305004.6708294693,6.5192398455169789,0.10706834896333128,0
3931,3647226.0913799559,4.9500331562680877,0.087390481237398676,0
3932,4232560.3954447992,13.47575369198532,0.107458785959751,0
3933,3765575.7844522852,5.8401081067652321,0.12700888385688591,0
3934,3611207.0205692658,5.265823502703916,0.099109407439151642,0
3935,3970914.9733137558,4.1836005652234531,0.083201105256661356,0
3936,3618774.321594046,4.5663985459165453,0.097974514507308985,0
3937,4345155.3669944145,11.419397040447318,0.15628575572851977,1
3938,3620112.7583362926,5.7997257604319987,0.13846003594324258,1
3939,3604573.4092543963,5.9686699863905686,0.10256841175186371,0
3940,3749849.4116412355,6.7113312935391596,0.10595872947571672,0
3941,3592313.3263619849,6.9890220159015239,0.12814833862004016,0
3942,3588825.7431217204,6.5581921401804468,0.093863923141087269,0
3943,3645364.9895978654,4.9194609831358802,0.10425159196704537,0
3944,2342560.3317427742,3.3708792241874885,0.12460870629454213,0
3945,3600769.9237161549,5.7539876160880574,0.098093225066360534,0
3946,4799253.7134289071,7.4998133251231991,0.11564798411377519,0
3947,3624013.7968948418,5.0369804740369517,0.085975297856397681,0
3948,3902130.8468215009,5.8278445119469442,0.12106732363056283,0
3949,4670123.5827360013,7.6946798851418858,0.11616217717608468,0
3950,3680452.4394620783,6.0250440466492545,0.12126176136162348,0
3951,3829902.3450166965,9.3009056956104441,0.10153914999714908,0
3952,3600907.0927362381,4.633058293023228,0.083051053518729434,0
3953,3651828.9303141427,7.3165827025964774,0.14536137644619895,1
3954,3635912.9161720541,6.0852079456183512,0.10917020912778308,0
3955,3779841.2411938692,6.5820082948226366,0.08998958166688642,0
3956,2142731.0761223878,3.0492956178326929,0.12154567405941592,0
3957,4465259.4270177307,13.403855421598278,0.16790216430187055,1
3958,3609092.8844665638,6.7296324975274642,0.071516547157625676,0
3959,3603730.0253947945,6.5387754301655203,0.14353199896728563,1
3960,2267725.2931199414,3.6205506073117477,0.14169304978437339,1
3961,3806507.6477515507,7.9237321437393646,0.10138761627200688,0
3962,4940499.3780094553,10.358670174662027,0.097986251712753991,0
3963,2678205.3747857241,5.363705144552199,0.12315151001487512,0
3964,3593700.0682933792,4.340793200189264,0.10246808796737372,0
3965,3646705.8763327645,6.8109485740227251,0.10735010485162022,0
3966,3915035.1461106502,5.3287823991993131,0.084370353521719954,0
3967,3898105.3091647639,4.2283443982047517,0.082832724736957797,0
3968,3675760.3169909734,5.686585124945216,0.11034341259452835,0
3969,4058155.7907428541,7.4080778766887434,0.10461007613049395,0
3970,2416638.8374307705,3.8915200291533356,0.10000000000000001,0
3971,5421088.9798464971,9.2617286994550803,0.10407186517182598,0
3972,2342560.3317427742,3.7818635409969397,0.12314372159482367,0
3973,3758736.1422843351,6.846683353251243,0.096186555512477567,0
3974,2342560.3317427742,3.5805207472874145,0.15498548423821951,1
3975,3658495.4067545268,9.5313122723776598,0.11209847181790455,0
3976,4118115.649497394,5.2882228379785241,0.094702053024051436,0
3977,4372373.5253286874,4.761138613275266,0.090470576786280565,0
3978,3597838.0032017906,5.3147529460897678,0.087583991028821306,0
3979,3590854.1600466664,5.5087652748486029,0.086396131815716926,0
3980,2267725.2931199414,4.4466329799114988,0.15010569305106547,1
3981,3766444.3738334482,7.8084535639034822,0.086082758240804663,0
3982,3615821.9626324074,6.3566308891525329,0.10021490548303419,0
3983,3587005.4879425373,6.48963593730765,0.16008053846234394,1
3984,3821044.1153589408,7.9668811782845683,0.12007000588645245,0
3985,3601058.9761165138,4.4304252298528928,0.09669256830089179,0
3986,3608901.2300183154,7.1365382064681624,0.14393380719317206,1
3987,4388462.727322896,5.1506983844186207,0.07631575569407445,0
3988,3588501.9992653606,6.3186323083361282,0.11878568076783197,0
3989,3848127.4938035058,5.5105960748000768,0.11531023050673539,0
3990,4061632.0951405759,4.7696285273909584,0.10684145849326609,0
3991,2786813.40424396,3.7627361619653272,0.10458289112460606,0
3992,2267725.2931199414,3.1600749552138092,0.13565014923824736,1
3993,4557947.9401130136,4.6410817519307681,0.09170269201960779,0
3994,3680836.923101637,4.5368794587424359,0.095201874424604468,0
3995,2349511.4431106183,3.7714189760463701,0.098793170792499274,0
3996,3586156.3606698043,4.3618364313110973,0.086304896676503429,0
3997,2267725.2931199414,3.9187190538546388,0.12608097754533298,0
3998,3606264.3505724948,6.9175175244680167,0.10987261182837382,0
3999,3628735.8973727822,4.7055845773754443,0.087610334365187614,0
4000,3622245.4376760051,6.0366480491359162,0.086205171763270472,0
4001,3606152.3790473496,6.9236972717380665,0.11364572760890512,0
4002,3601879.5059451521,7.2564928773119606,0.10249509686012237,0
4003,4537328.6645279974,5.5470239254782294,0.11735576675482218,0
4004,4884406.3395809829,7.2183612695721511,0.11071964269276147,0
4005,3593340.176029705,4.9813661437063459,0.080230476668633588,0
4006,3612669.1414811937,5.7742976172208245,0.11641106957337044,0
4007,3659775.7598169511,4.9270575137486379,0.090812339648425056,0
4008,3992576.4259439628,10.001946498420022,0.16113117664391974,1
4009,3617071.7406401173,5.5192856990824453,0.10540155172311183,0
4010,4191392.9236560576,8.3889147393155223,0.10362982444011459,0
4011,3812073.227482866,7.2056391329405622,0.0965879594173642,0
4012,3688643.9697608347,5.1084397436895497,0.12636645726411933,0
4013,3603808.6985762184,6.5289898254486047,0.098181316182713418,0
4014,3664147.6123072323,5.5984896385547032,0.081732614217407462,0
4015,3674266.4517471897,6.5447477715366373,0.10914207631693873,0
4016,3663923.4653728725,6.6952101661091401,0.070221621328731609,0
4017,2267725.2931199414,3.776957687992899,0.1533131927295468,1
4018,3827000.3517478243,6.0387277811921418,0.080286799744726189,0
4019,3655038.0157255908,5.0147913461674634,0.08191255824480681,0
4020,3645399.9678028976,6.1633376675572267,0.12218068295821222,0
4021,3707439.8143395437,4.5736264172391845,0.11490699172615537,0
4022,4651308.4675117629,7.0771687686514682,0.11600844567119051,0
4023,3655553.1945084059,7.1557786111645019,0.099775869384276739,0
4024,2609060.0868099569,5.1583260357448655,0.15659598153989729,1
4025,2349719.955294122,3.9006680140656025,0.11071082377320718,0
4026,3680232.74076286,5.8087432818726272,0.071707979933894606,0
4027,3797949.651362773,7.2598963676026651,0.13897714761843183,1
4028,2008285.8541831209,3.3458665435900219,0.13246737091085359,0
4029,3674876.5204831138,5.9260008096768493,0.075738158073830664,0
4030,2342560.3317427742,3.9950908724053713,0.12097833738956254,0
4031,3590361.44206353,8.3905944602304601,0.10352005663216945,0
4032,2267725.2931199414,3.8223274440842721,0.13088793528342191,0
4033,3772300.1521874112,4.5770676080227402,0.12018015667591087,0
4034,3601163.1134964568,5.1359027524353911,0.082618836165080534,0
4035,2267725.2931199414,3.8750169331762048,0.10390213426307088,0
4036,2349511.4431106183,4.0916779749227121,0.12933219271698626,0
4037,2342560.3317427742,3.6206520920099581,0.10310943499845016,0
4038,3608631.6691807755,4.3608822247319967,0.092477291666822281,0
4039,3625165.6933509181,8.3623488204310945,0.085499369972288353,0
4040,3606242.1273740567,5.7392613061763162,0.098444286771340761,0
4041,3610885.4415501803,4.6745290204168546,0.095415196231340593,0
4042,4165407.5428573475,8.4749472840065909,0.11276091304270242,0
4043,4089074.0673357788,9.433042001665509,0.13933328577084414,1
4044,4001971.0784056843,6.8322262858747163,0.0926276085883041,0
4045,2342560.3317427742,4.1675575547734951,0.12402813719080563,0
4046,3878713.9945655805,6.2763798974182627,0.084579819067277212,0
4047,2142731.0761223878,3.1830723259261804,0.1002959934247788,0
4048,3817725.3311698884,9.273060624107563,0.092968983348730605,0
4049,2342560.3317427742,3.5906315377858662,0.11307128560316859,0
4050,2773471.102127803,4.4758076653540053,0.12132661185203744,0
4051,3594755.0255041313,6.1371222130741145,0.084844478799833978,0
4052,3588576.6272275927,5.8425723888030552,0.12862411721719158,0
4053,4187103.642989588,8.6716035968142258,0.11383752780887024,0
4054,3854019.829238757,6.0319960517506255,0.11335103350084108,0
4055,2609060.0868099569,4.0545510925738979,0.10526584817594675,0
4056,3645666.6839050683,4.8939130543627929,0.099053022295505888,0
4057,3604731.713478046,6.1429212341562796,0.083198950635626656,0
4058,3694173.025480458,5.9366887632614009,0.1019692263597306,0
4059,3630227.8417149954,5.7241091469430296,0.084802670840514294,0
4060,3700927.3773394795,5.1079703049808582,0.080122108230419875,0
4061,3624824.3464417299,7.2141194405415687,0.10428613797574171,0
4062,2349511.4431106183,3.4737894091578938,0.11176819715156838,0
4063,2581618.0750895645,3.9765971690397079,0.15001028698424079,1
4064,3666497.087738778,6.2652191984550836,0.096793525377247003,0
4065,4062185.0174924671,5.6427190285830262,0.13602757845515551,1
4066,3818078.9182552933,8.1679203386817694,0.15278068586820825,1
4067,2349719.955294122,4.7086871374569412,0.12907311691960666,0
4068,4155668.5181854698,5.3231873250941844,0.082079446365194153,0
4069,2349511.4431106183,3.3254306087850032,0.11159157995358365,0
4070,3778028.9680587216,7.3536631615866836,0.13427448148952836,0
4071,3681529.5707856882,7.0096199719335939,0.11241868571051516,0
4072,3674162.8751288122,4.9123235136556511,0.1178585976816745,0
4073,3598306.1157610891,5.1044504934246806,0.16346265812909322,1
4074,3594447.446459081,6.1598967290992457,0.069970517112701747,0
4075,3911167.231091259,6.9117219016303704,0.12693394940641856,0
4076,3912178.9055956849,9.7221185214114989,0.13274179024917154,0
4077,3727201.9081762373,4.2487192518015773,0.1217024480745405,0
4078,3586559.7339932714,9.1798174369381158,0.078413311867606028,0
4079,3967729.3974875375,6.5089308877937935,0.10094923775519504,0
4080,2267725.2931199414,4.4493176676347694,0.11354165837508678,0
4081,4690641.9810940856,25.100944307652888,0.12471572041843676,0
4082,2267725.2931199414,3.6555041681272207,0.10764875549325881,0
4083,3792688.544965765,4.7223985569158353,0.13216867819122569,0
4084,4426889.8402735712,9.7819086570111029,0.11507875685497704,0
4085,3992061.1378502068,4.8226885784702018,0.078141181570377527,0
4086,4336652.7804991268,8.07725236960143,0.092652418742091402,0
4087,3719265.4723486197,7.4273668321129218,0.07302903909966052,0
4088,5152910.914902363,7.4483846042046187,0.12889068188917596,0
4089,2581618.0750895645,3.922435657516897,0.11006829011342634,0
4090,4319208.5006659469,8.1585259986399663,0.096565089174994928,0
4091,3622707.6375672612,5.6216493958613931,0.10470595567396035,0
4092,3732926.8682879452,10.291607890805237,0.13283472216282777,0
4093,3642449.9834900424,4.524725415192254,0.11777299143290432,0
4094,3590019.2000114676,4.9871141985760481,0.10370941076053586,0
4095,3600677.2879211917,5.6885504151233803,0.15521427346139871,1
4096,4219625.4411906786,13.03663848983439,0.12415107990936525,0
4097,3590920.18414175,6.162154268390144,0.092329957323304845,0
4098,3619182.3817473613,5.7741037909015587,0.1183473492887529,0
4099,3586790.3615250592,5.3774263101250099,0.088512360837682602,0
4100,5256108.8620612184,6.3039835364938543,0.09562136956288636,0
4101,3666081.477379289,9.0216929978706339,0.062853229754236351,0
4102,2008285.8541831209,3.2741806929337338,0.10651144685033576,0
4103,3717789.1932447562,5.418077814962615,0.11444163592662582,0
4104,3835261.0894795237,9.3489014085977562,0.065605549093019522,0
4105,4392813.5549065648,10.656828363908767,0.098893408740105215,0
4106,2342560.3317427742,3.3789903761791473,0.15727023624787201,1
4107,3645379.671630227,5.22524506828195,0.099499857242091261,0
4108,2678205.3747857241,3.977957064551076,0.077081874801218586,0
4109,3791195.13916852,7.2634360140148075,0.12309496066836545,0
4110,2267725.2931199414,4.0595273463186512,0.12098586237155307,0
4111,3844850.2830558755,4.524592331881232,0.11072331302438787,0
4112,4602305.8047002992,6.959959081884266,0.12409821956795564,0
4113,4967392.1003158204,6.3282156189312113,0.12987490718164174,0
4114,4374407.2426996464,5.4416788164198717,0.099115072050587449,0
4115,3613232.3571083369,4.3385683748030504,0.089700165892928618,0
4116,2581618.0750895645,4.1385337276945737,0.10105662276189342,0
4117,4682342.7898428068,5.9324359467004113,0.11257687270378947,0
4118,4006174.3672505342,7.1135407284833319,0.12550089349154214,0
4119,3623220.2304336526,5.5201610002784696,0.105590298939785,0
4120,3618185.2322262679,5.3402633360956777,0.12789659518241647,0
4121,3597889.3104543607,6.8644897286896738,0.10160042338741004,0
4122,3730393.2469677599,10.222882650772728,0.15685110910765643,1
4123,3625514.1917424868,6.3554906177136372,0.10650052324046544,0
4124,3601141.5546061508,6.3166650901960963,0.13121030699670311,0
4125,2342560.3317427742,4.2116058257537414,0.14270051418563712,1
4126,3261364.380769941,3.6382578923474265,0.13511533436691142,0
4127,4313862.3896624641,8.0204255871320829,0.13099680639538613,0
4128,4758155.5249709822,11.217073441008795,0.11742841657398817,0
4129,2349719.955294122,3.6526591307232548,0.11242665329353582,0
4130,3612133.7154806009,5.3311775997003039,0.12339944816551196,0
4131,3608204.6923690224,5.8924707925137634,0.11364431804128727,0
4132,3587772.7076974553,4.843860422458671,0.081969555965828333,0
4133,4007088.3490352896,5.8578350626009259,0.1294507030532327,0
4134,3639713.2875410398,7.7177306680818223,0.10320830306476414,0
4135,2090177.9550635067,3.2425003468401266,0.11830700377309171,0
4136,3720655.4941678043,5.9914553665885508,0.13928982802479606,1
4137,3698110.347935074,5.1056335090244982,0.11019557462272933,0
4138,3842521.2235734183,6.8206204307926646,0.10640191544849559,0
4139,2628545.6714319899,3.5028989184104682,0.10473663823433832,0
4140,5100305.4707251135,16.240902432930667,0.13325188762140261,0
4141,2349511.4431106183,3.9409309875404368,0.12387878987507162,0
4142,3667428.4052384337,7.2161737246930953,0.10431918522073569,0
4143,3625923.0108321682,5.9331264081275306,0.11434359083054146,0
4144,3696753.4294971232,5.2831464558614369,0.07806763901225533,0
4145,3648581.0986675289,5.7470839858704332,0.060626626836354336,0
4146,4000273.6791558876,7.4749969706913042,0.092134596427770055,0
4147,3705094.974856439,4.9724552921839562,0.15008298084859606,1
4148,3623816.2129732482,7.5376293283595173,0.10430950642492753,0
4149,3664964.4707644847,6.4264572977744017,0.089290326785564034,0
4150,4131403.2915311372,5.576807229218117,0.12617488699467447,0
4151,3595613.5037101461,6.1440949529255162,0.15626048749592591,1
4152,3636943.2680908372,4.7184733408691777,0.10492493653684543,0
4153,3644364.6508272546,5.300781349088715,0.093542877474679709,0
4154,3647507.8195538851,5.2666239152075853,0.11147121960034945,0
4155,3594368.7619864293,5.8661738178944987,0.11932579751703121,0
4156,4703688.683982701,6.7815656609293917,0.10873232336679084,0
4157,3621195.6907092817,5.1804265911898959,0.11493357812548444,0
4158,4174851.8566921498,6.2432885863026977,0.11489951738512527,0
4159,3824274.0887753344,6.7783153179159177,0.10159234568039188,0
4160,4047057.6887773448,7.9499072297641664,0.12111785996543301,0
4161,2581618.0750895645,3.8872343138768519,0.13939172089310092,1
4162,3611770.5563259018,5.4208870917394387,0.092726508558556242,0
4163,3587629.9693282191,6.2819249480126862,0.10668671768047466,0
4164,2267725.2931199414,3.9431015799392775,0.11307599340678026,0
4165,3864205.3660138664,5.1224939251085306,0.083931052453444233,0
4166,4234544.2745384127,5.3398339648706399,0.093921231394965443,0
4167,4627473.1748300819,5.8996510285439534,0.11459684827456773,0
4168,3611192.0909163253,7.9192672931313162,0.10584518103243756,0
4169,3687045.8310150374,5.3500658947825945,0.10737737575890693,0
4170,3606336.8731288314,4.999241700841627,0.060357512401901126,0
4171,5746595.7807385074,6.6180212816758175,0.11536580843553879,0
4172,3849666.5313764573,6.0578281007144161,0.10331605093967899,0
4173,2581618.0750895645,4.233368316326299,0.13265273259666754,0
4174,2267725.2931199414,3.7142540274364104,0.10936423064791045,0
4175,3158053.4917109548,4.1530977907249538,0.10568222266719124,0
4176,3586836.7687158068,4.8953657314745032,0.12113460852567082,0
4177,3609342.9272508952,6.8116221843184297,0.12150231848613191,0
4178,4305111.5789527716,8.588453467345051,0.10454333234416935,0
4179,2342560.3317427742,3.6729241140712756,0.16381218428707101,1
4180,3751351.0113487951,5.3618576876128623,0.083163684928467707,0
4181,3663726.7607566211,4.5581975598949818,0.092780073539890928,0
4182,4796786.5701999962,10.63281655102222,0.12094517627452706,0
4183,3602791.0302963858,6.4930367265152658,0.13405939258447741,0
4184,3590635.616445506,6.2945742575904555,0.091119507299037394,0
4185,3677015.7110436261,5.7221104345728957,0.096349034635424158,0
4186,2349719.955294122,3.8858042046033372,0.1188718267563269,0
4187,3588967.4738204917,5.4560907914093901,0.14456226216906343,1
4188,3903992.150416743,6.3582453904702376,0.10543847737785583,0
4189,3658670.1849319385,5.854020551472062,0.091538698716366884,0
4190,3862404.2918661907,7.0073283177951842,0.091387121940855742,0
4191,3612786.7908759452,6.1738683596007222,0.085091327571017839,0
4192,2090177.9550635067,3.0280056046542625,0.11699682204129236,0
4193,3668741.5778406751,5.2125966977172107,0.12341269383500952,0
4194,4471399.423462471,10.353100727448425,0.1429098160777329,1
4195,3768724.5465687169,5.9091229138607329,0.12734050749270842,0
4196,4162867.9016293315,4.3735150323853436,0.12049025291704421,0
4197,3608781.5650106836,6.0869810984047863,0.10553340475373796,0
4198,3682119.2820158792,6.7877699748930462,0.10060016863597221,0
4199,3623436.6075809775,4.8732737453772312,0.12430213819720143,0
4200,3658594.6561413687,4.9914097772006425,0.13475504685600864,0
4201,4017286.3622208005,6.9036137557419153,0.088499684131864154,0
4202,3832074.3323274269,4.7906305585271953,0.13924936865382598,1
4203,2773471.102127803,5.5743403883288174,0.11321527328713432,0
4204,2142731.0761223878,3.3407486480643858,0.10728737530774618,0
4205,3665563.1728580333,7.4456802299195486,0.13777497530903821,1
4206,3894597.9881955101,7.9184445822756722,0.11242288436331316,0
4207,3598515.3859168058,7.075824333261183,0.13053998113238585,0
4208,3696885.8344859853,6.8677333073925411,0.09430321854319812,0
4209,3604563.5512687261,4.4918709299079023,0.10589965022782222,0
4210,3748234.9786096793,6.1086783321315687,0.10258295652611393,0
4211,3603055.3244095379,4.7859015082733984,0.072568168798886834,0
4212,3635046.5143978666,6.7809724941265292,0.12948381346780535,0
4213,3644511.5307940124,9.0082491960082347,0.14437222430760899,1
4214,2349719.955294122,3.3496860809071558,0.1016659519676899,0
4215,3643057.8977559586,7.0328818895633578,0.12069439507591662,0
4216,3606922.2732092654,5.0560299239522495,0.11215021012714965,0
4217,3606167.4062484968,5.7857577374272537,0.068293974187096429,0
4218,4190122.1733061392,14.928236232626052,0.10821077506209426,0
4219,2342560.3317427742,4.5214585308726996,0.126671375426194,0
4220,3693236.3849902991,6.3043461661936533,0.081304191568577822,0
4221,4399416.7974427268,3.9317383660795611,0.087684743122155573,0
4222,2267725.2931199414,3.5822379420886188,0.12378551396767734,0
4223,3631891.0640598419,5.2482320134234142,0.10040681672983842,0
4224,4074649.4474787344,5.7626634415414149,0.11364574435560315,0
4225,3665818.1198620698,5.1944979996647307,0.11431476684488162,0
4226,2267725.2931199414,3.8726354006597092,0.12187310978653298,0
4227,2090177.9550635067,3.3643145605076601,0.11720691456300872,0
4228,3617305.518047329,5.8259661094076929,0.086600635479473387,0
4229,3686977.6236617463,4.9298296268632757,0.086521652375071867,0
4230,3616698.9380657123,7.7733568456327164,0.12962359818522784,0
4231,3592170.9120768583,4.3101440335634589,0.10434078857735762,0
4232,3698166.6715159887,5.6697316374034674,0.13988158718036492,1
4233,2142731.0761223878,3.2146316496154537,0.14263124287153195,1
4234,4710795.337382663,11.53607492097305,0.10092503174589212,0
4235,4409639.8638068214,8.272813879107531,0.15437735146490661,1
4236,2609060.0868099569,4.2118572628014519,0.12985713305201818,0
4237,3620484.3141684206,5.942005272812839,0.12366289339768877,0
4238,3616926.7972215707,7.8388333527254632,0.15532554101833851,1
4239,3615685.0645317575,6.1775974868367545,0.090023199722238489,0
4240,3158053.4917109548,4.5284196131876264,0.11420344891997725,0
4241,4172365.3752224641,10.467048012654503,0.13601269673345684,1
4242,3637035.3919343534,9.876381730928415,0.082450372935859551,0
4243,3621795.3791198209,5.7949518483810625,0.072075122793458846,0
4244,3639981.6816102732,7.0902646891632948,0.11333755482274444,0
4245,2342560.3317427742,3.4755368562732456,0.12492102710648412,0
4246,2090177.9550635067,3.28761520810259,0.12148208525699655,0
4247,3621843.1885803244,5.066119497234058,0.11406235454723213,0
4248,3599337.2228444912,6.0449663068127846,0.13744090941785525,1
4249,3672417.5501976348,6.973729839243604,0.0952518786532075,0
4250,2773471.102127803,3.6014155028074479,0.1473878526645867,1
4251,3601580.7818247899,5.3494599817305009,0.10354089680646184,0
4252,3857434.0686112023,5.9460529175324428,0.057511686255716676,0
4253,2416638.8374307705,3.6167151626029952,0.13823303411178808,1
4254,3776455.8269837666,5.4116131840731851,0.11017323277744073,0
4255,3597423.9333425486,4.9617504061536932,0.10969604025265767,0
4256,3603795.3036965262,5.0848261347455077,0.11596710829814183,0
4257,3591257.2069682251,6.4587038444622102,0.10859923619203848,0
4258,3693527.4539430374,4.1351378162587897,0.089265441000280776,0
4259,3635981.9061585865,5.4665108280888264,0.11710712381193711,0
4260,3962924.0640498875,8.1737896949822471,0.079319474052439443,0
4261,2267725.2931199414,3.6986188146126278,0.11239290784955636,0
4262,3895001.0717220386,5.0376668567882845,0.080365289153587538,0
4263,3878711.4600027218,4.930212242715827,0.13177900214492599,0
4264,3744695.8853505971,6.5811719470156023,0.089498685492902574,0
4265,2954199.3212936129,4.1195072813973752,0.11719978459810321,0
4266,2342560.3317427742,3.6075667306439789,0.12097484253534674,0
4267,2142731.0761223878,3.595236586239122,0.10901681832080198,0
4268,3624461.7696566801,6.7358736992805355,0.13385350616733527,0
4269,3596480.6840802608,4.3658733250832604,0.088105334046584938,0
4270,3824932.6795440563,7.9512752587577546,0.097332911618794205,0
4271,3596930.3870065073,4.7238493535170285,0.13562547179386009,1
4272,3629657.173380916,4.5543074827361858,0.053640711765193763,0
4273,3597078.9497808595,5.0567116675433805,0.06440246119106996,0
4274,2090177.9550635067,3.3462051237547095,0.16372333330855804,1
4275,3864131.5640406003,6.5875289222062472,0.16366558096423889,1
4276,2090177.9550635067,3.5380407124090807,0.11965198665672358,0
4277,4103077.7383579751,8.2192324566358774,0.1027252056078356,0
4278,3586404.1382470499,4.6563611064866519,0.13978818968658779,1
4279,3158053.4917109548,3.9322432391251416,0.15105612663431511,1
4280,2581618.0750895645,3.5239497263326878,0.095847777241521159,0
4281,3615552.7108095074,7.5792794908733496,0.13347435563133281,0
4282,3625393.9247661731,5.9567656166690517,0.094772870146514865,0
4283,6114904.0702610584,13.54287049135568,0.12915156500154246,0
4284,3649391.9824632751,8.1353899328670565,0.091107623055874387,0
4285,3724165.6389287598,6.6447988531836426,0.13208337344761942,0
4286,5206472.3027172843,11.505159281043195,0.14110964319807745,1
4287,3731734.3230833136,4.8211959350596354,0.080340994507653085,0
4288,3743282.9446126632,5.0395634270067111,0.10944275259067709,0
4289,3895486.1199014843,4.8442973935517957,0.081551686762687273,0
4290,2349511.4431106183,4.012226254712524,0.12151569180019572,0
4291,4114042.8527602707,6.9277282722595634,0.10608444860839605,0
4292,2267725.2931199414,4.0550402271707027,0.12502109526028093,0
4293,2142731.0761223878,3.0428288426027388,0.16462206586755279,1
4294,3615491.1300619226,7.4900603875461647,0.149235407975046,1
4295,3617692.2939555352,5.0715557393414956,0.10006969085475367,0
4296,2008285.8541831209,3.1144996211528411,0.12787323436128264,0
4297,3714629.9173390386,5.2355698665589951,0.10906908532602377,0
4298,2342560.3317427742,3.630157533458116,0.12537245736349742,0
4299,3942029.0232609394,7.8974772892124889,0.089378674296329397,0
4300,3880237.2814547997,4.6704084772731393,0.1010668088926423,0
4301,3874504.1921022264,8.9289284152903132,0.11000697652398975,0
4302,4371672.181025831,7.8193497482768377,0.14936386231317661,1
4303,3736443.9763061013,4.9138381301814338,0.10444393262782081,0
4304,2357307.6858878741,3.5430796307954235,0.10932550973469435,0
4305,3651912.8254767912,5.8611258698527431,0.11356586237765565,0
4306,3648290.7680773879,7.1308567802907827,0.10787861550826694,0
4307,3937835.5615821611,8.4454046268200287,0.15636016546100678,1
4308,2267725.2931199414,4.1693353719922994,0.10253111559021999,0
4309,2342560.3317427742,4.2113436746661312,0.12519959607350567,0
4310,4459377.1747583561,10.571945850681086,0.080105199137681771,0
4311,3631225.6645044894,5.8055083321434697,0.085966676263011466,0
4312,2609060.0868099569,4.436421994542159,0.10810810810810811,0
4313,2090177.9550635067,3.3801581787253321,0.11280493075494935,0
4314,3834057.1891487008,4.9444092677412614,0.11072311933009854,0
4315,2378837.9975668644,3.2324196963054086,0.072923615527104912,0
4316,2342560.3317427742,4.1215621810144007,0.1269422145681772,0
4317,2349511.4431106183,3.4101404354695166,0.12777452051822291,0
4318,3691209.7985564754,7.0008005594241904,0.069946980501177758,0
4319,4175074.542198773,8.3512510341311845,0.10276595109884201,0
4320,3600717.3117143153,4.6546744016309081,0.097114891449104457,0
4321,2628545.6714319899,4.0201518733048491,0.11737582422834045,0
4322,3665679.374557768,4.7012496715967105,0.088238000856586729,0
4323,3725978.1481311391,8.2915975064707457,0.10691136503182289,0
4324,2090177.9550635067,3.3668547058401925,0.11622858015179649,0
4325,2773471.102127803,3.4519897046890504,0.11015121456723198,0
4326,3797797.4700150741,5.3073350473025744,0.077746150019450289,0
4327,3636740.5691827079,5.6042668351544389,0.12455605726127406,0
4328,4384995.7903272239,8.9079675480311735,0.11244734662675548,0
4329,3588763.9730190276,6.2263490977708864,0.078530915629900111,0
4330,3882974.5010254602,8.5778753145922906,0.083511816708340958,0
4331,3704491.7078732075,6.4349517106677414,0.091689577672544931,0
4332,2008285.8541831209,3.3072134399930198,0.1124928527858744,0
4333,3590804.6998307211,6.2566921706445182,0.11516790680011346,0
4334,3671760.7579252939,5.157287257065386,0.11461865133006355,0
4335,3605596.0711294929,6.3243420710804426,0.090321219445291936,0
4336,4337822.0960180517,4.9708988540950321,0.10010088150889285,0
4337,3947723.4943886632,3.9891100241918447,0.12153700659488009,0
4338,3665294.9360740525,4.9617070944543009,0.087584384816431715,0
4339,3766678.2177555109,5.7779191326630697,0.0755781518489822,0
4340,3595737.6320827161,5.5223559932163155,0.14922052576849298,1
4341,4342930.3767829221,9.9330988806716256,0.10659162196096839,0
4342,2349511.4431106183,3.7438120542057591,0.11346406307917367,0
4343,3794398.7989131748,4.7801656892912865,0.08414719376448776,0
4344,3686574.7863691119,5.5755500127085904,0.1367515728414252,1
4345,3630486.956726376,6.5122762063500153,0.11478214565984224,0
4346,3722340.2484459658,6.6997608425664161,0.10097786015616395,0
4347,3772601.9427736565,5.9485228846586846,0.099819710701521014,0
4348,3597121.4587328392,6.9756765954705608,0.072893166327355763,0
4349,4594200.016626453,5.6101176243074855,0.09367177469003618,0
4350,2267725.2931199414,3.4295076785982967,0.11370923639170999,0
4351,2349511.4431106183,3.5194963285246694,0.13312134669502806,0
4352,3685992.8757232255,4.6432688291776234,0.087866022427329438,0
4353,3599619.6731690066,4.6345755041849204,0.08155658288650991,0
4354,3987328.8030256443,9.8635638344384446,0.075834902814235106,0
4355,4700519.1368285427,8.6684024457647002,0.12189954986644402,0
4356,3598038.0515480009,6.0557612073876426,0.12045111520854379,0
4357,3802793.6639893251,6.2398964425449401,0.1009370281372633,0
4358,2090177.9550635067,3.600145259887074,0.13532494224577318,0
4359,2142731.0761223878,3.1201908430039338,0.15304683047599543,1
4360,2581618.0750895645,5.0851910055688299,0.13353132812483742,0
4361,3593505.0775414403,6.9084276605186572,0.10346754929590424,0
4362,3695701.4143941458,4.8401409110718827,0.13337458532240726,0
4363,3596564.4780755378,5.3973731218433505,0.1288660965823506,0
4364,3599064.4683087356,4.3714498991852313,0.10690738388616638,0
4365,4469897.4905740097,6.7004271833827129,0.093959629480161622,0
4366,2342560.3317427742,3.9383661057576052,0.1376208078257809,1
4367,5066797.3226897148,34.836930886745513,0.17922153987760492,1
4368,2349511.4431106183,3.896697415528553,0.11839251725557393,0
4369,4119066.4147254722,5.2085760155522847,0.14303782912671414,1
4370,2349511.4431106183,4.1933147949516529,0.13372165752820719,0
4371,3666205.5574172032,7.8107993996439884,0.12216436815228837,0
4372,2628545.6714319899,3.901392800133439,0.094459467125245999,0
4373,3598994.3353474345,6.0350962691240193,0.083731850413640174,0
4374,3724710.2888623299,5.6639459103512406,0.11188977421163847,0
4375,4183457.5826229542,6.0820096773904115,0.10618678740155241,0
4376,2267725.2931199414,3.5890122153236748,0.13678907652313599,1
4377,4251538.3282843987,8.051894838494146,0.074352685241494298,0
4378,3854241.033432228,6.3093832123947173,0.084271556841595041,0
4379,2581618.0750895645,4.1218584210631697,0.12057617369045071,0
4380,3630116.7049183175,7.3619926509263571,0.12965813463199516,0
4381,3668975.3049972751,5.6560937063916219,0.096537458128490572,0
4382,3877808.0223879144,5.8760832290678486,0.07063113686258804,0
4383,2267725.2931199414,4.0121591123373035,0.11581306035697891,0
4384,3620119.4743314344,7.7648431895379666,0.15968641064183142,1
4385,3841312.3187254271,5.0914224472176386,0.082560563690615318,0
4386,2342560.3317427742,4.0874579688286525,0.11251303650287969,0
4387,3594810.6187807028,4.8992847544849409,0.12456825478177846,0
4388,3644234.9354366711,5.214617353652522,0.11565801339472559,0
4389,2142731.0761223878,3.2165612554913889,0.093184699836603657,0
4390,2142731.0761223878,3.4057135863703212,0.10636471572418255,0
4391,3591817.8326999559,5.4426253372528999,0.098406276884122179,0
4392,3595708.3619396132,5.0037378517341509,0.1029623044678013,0
4393,3667635.7300442564,5.5224201819772958,0.089454810068512913,0
4394,2357307.6858878741,3.6936304020188215,0.082179381223561276,0
4395,3628220.634979743,7.1119123192945324,0.12991535899639028,0
4396,2342560.3317427742,4.3168234918730848,0.14219502885008151,1
4397,3609807.6689278157,5.9460050554196187,0.078617360037608719,0
4398,3620118.458258565,4.9980023676778389,0.097264727776705417,0
4399,3588985.6101184064,4.7866472565820439,0.075273351427459945,0
4400,3590584.9580292902,5.0735992644306345,0.11314719725384648,0
4401,3978440.7738587628,10.082923107776459,0.13070365477117307,0
4402,2342560.3317427742,3.5712298751293066,0.099117595976979167,0
4403,4265940.1158566289,5.7463759306520403,0.096663884390396027,0
4404,3622041.7458851063,5.4278024679069752,0.099227932154734799,0
4405,3685444.9499476948,5.2913727469536651,0.074455347650971726,0
4406,3619386.3613153724,7.5795698985625188,0.11931348536385633,0
4407,3946895.6444066186,8.4582198111604647,0.10625044711295084,0
4408,3593064.6868640031,5.0231861212023396,0.089425693709503595,0
4409,3707994.598865245,5.8096531743090196,0.20405579343192753,1
4410,3612318.3124402585,5.0129543877890166,0.10701626592663604,0
4411,3596363.0275456533,5.3116084242425003,0.14378748060211066,1
4412,4191445.234628343,6.1802507670192552,0.087916039301242088,0
4413,3781181.9939422146,6.6334049209584052,0.098301332060437591,0
4414,3624359.7208661586,6.3799473256980441,0.14179302822264422,1
4415,3759865.8989872341,6.2610878516271278,0.089258145569196201,0
4416,3592869.9413369177,5.0283366713205329,0.15711279870938977,1
4417,3598513.9143263679,5.2969350732156713,0.084209059741912839,0
4418,3610173.4664512118,6.69280843043886,0.060350535161021734,0
4419,3670037.3958751531,4.8271348727589958,0.09502951422326722,0
4420,3665833.5983958053,6.569658027758055,0.1302635933623551,0
4421,3743849.2527611321,5.3248980896149316,0.12226546199082966,0
4422,3617308.7582911025,5.9085462894130254,0.094986703396172711,0
4423,2349511.4431106183,3.547632524353888,0.12604752290564691,0
4424,3882493.5471902923,5.9836670699262946,0.10066001875928632,0
4425,3594952.301011683,5.0566264114175903,0.081097156388015179,0
4426,2628545.6714319899,4.0489006482130163,0.13866571508725078,1
4427,2786813.40424396,3.801123866194589,0.15359296857843763,1
4428,2349511.4431106183,3.4113943074297395,0.12972420309153143,0
4429,3826442.1756967064,4.465052864156748,0.10564469320582426,0
4430,3602088.7638456449,5.8096035474295284,0.071516927757417581,0
4431,2342560.3317427742,4.2358005787658728,0.12794098309863944,0
4432,3668688.6701489193,4.2344546617241452,0.094638512870424463,0
4433,3630753.7029106352,5.3605201101576361,0.079830853837259852,0
4434,4024143.2682648208,6.1622406732645736,0.12838305093120694,0
4435,2342560.3317427742,4.1469546156416044,0.10073908038677371,0
4436,3630470.5306582064,5.3316734061976341,0.074911155726088197,0
4437,3886064.5969478069,6.1108109272198918,0.1070721294660163,0
4438,3617458.9158691522,6.5341103223786687,0.078055259932519716,0
4439,3616550.9249287723,7.4917331808615106,0.10730366335911123,0
4440,3656178.8607780342,6.0441170255976004,0.093740920467661248,0
4441,3937219.7863692488,3.7759584705628697,0.10062321613569647,0
4442,4931142.7353586769,9.2678980975365146,0.12085673782690665,0
4443,3603879.6474515102,5.1258078724603191,0.11367141946753345,0
4444,3632725.9569891142,4.0297170475134276,0.1156187568372451,0
4445,3587558.0877943342,5.7783715015447443,0.10159241719078826,0
4446,3625704.6280134283,6.0746027038697683,0.12922972820980183,0
4447,3743968.907229627,4.8059291577447159,0.090961735038320168,0
4448,4050687.7837961791,6.8898704057055244,0.13322127189878352,0
4449,3800325.8247142211,9.6121121696368359,0.087786625197800561,0
4450,4449600.5346597461,16.039502664540322,0.1150391746122652,0
4451,2342560.3317427742,3.602601006860235,0.16533557213505401,1
4452,3598482.4525358505,7.0208481955917756,0.10277460007474237,0
4453,3727587.4707649047,7.3538447243653762,0.12973311469030535,0
4454,3633487.1478657122,4.6056401204457913,0.10389841917949771,0
4455,3679790.6867776271,6.1396307955299489,0.12517744333536718,0
4456,4457849.2857411904,7.6829616860385981,0.10398627729891008,0
4457,2628545.6714319899,3.7795581099356688,0.11092900333950817,0
4458,2342560.3317427742,3.6152228559211657,0.15003120111271973,1
4459,3843560.578714876,5.382807432511215,0.078421542618976714,0
4460,3603177.9947466762,9.0620759607441883,0.17103817060426774,1
4461,4650373.8392991163,8.3905474944590637,0.14939632225379429,1
4462,3722239.9076320124,5.6037613485779518,0.089486720114629881,0
4463,2416638.8374307705,4.1067135464105791,0.1529837845478289,1
4464,3602106.965002954,4.9717777022987848,0.094463669372225056,0
4465,3604592.4097545044,10.233952077130573,0.11493699987090855,0
4466,3587503.4507882786,8.807967418065644,0.088933710287133316,0
4467,3609607.7013714993,5.50328601722837,0.10203350373799897,0
4468,5787927.117857079,5.9025664987386355,0.12406515432967302,0
4469,2773471.102127803,3.5459451929438028,0.079478780164256135,0
4470,4922447.96058199,6.1192854496045648,0.10311947682193295,0
4471,2342560.3317427742,3.4931227718704947,0.1297583106492558,0
4472,2581618.0750895645,4.1996953240158552,0.11405233865996448,0
4473,3757892.9134718957,5.9316431746487766,0.11727318151799537,0
4474,3786857.7642697832,7.4687817027739474,0.079181092634970973,0
4475,3657369.3158716955,5.6843495474436461,0.07506412605851831,0
4476,2349511.4431106183,4.0430801203212337,0.12120251184185804,0
4477,2786813.40424396,3.7622321346535696,0.13606670351965544,1
4478,2008285.8541831209,3.3401143414190608,0.12366779600100231,0
4479,2349719.955294122,3.9114715626107173,0.11095812095387669,0
4480,3741318.0114949602,6.8600699271992793,0.084832366965524098,0
4481,3915064.6740438542,10.892046366041251,0.11803469620552709,0
4482,3949336.8698651944,11.115659771863603,0.1327846044758767,0
4483,3633523.5106853503,8.4336026071537429,0.10924927476059515,0
4484,3656975.6589372093,7.8329415992790743,0.1086388008302423,0
4485,3692468.2607815,6.5229614361609167,0.093408697619754011,0
4486,2349719.955294122,3.5209219231556923,0.077997773832314182,0
4487,4004333.0538704419,5.5660091556628322,0.085891968135587082,0
4488,3600027.7438273076,5.3330569447533565,0.098300561748856596,0
4489,3624774.5758424839,7.3851357196445502,0.088080314624858991,0
4490,2267725.2931199414,3.769914701226619,0.11098842523161401,0
4491,3613158.3826467153,4.7689150330523304,0.072200868548982,0
4492,3697974.688900481,6.5029853367275656,0.075002453469083186,0
4493,3987370.5241962788,4.249414146026437,0.097796389657662519,0
4494,4772498.4013054864,10.985110182848837,0.14474311418688834,1
4495,2090177.9550635067,3.3437152686861369,0.12783382715885117,0
4496,3690622.6027277056,7.3878268474202393,0.086728054472069549,0
4497,4097392.0916585685,9.787170939510645,0.13252468946187412,0
4498,3623060.0452664634,4.8157653282885198,0.096834577690608603,0
4499,3666714.6254278305,6.2257833838486283,0.14298874469441591,1
4500,2142731.0761223878,3.2766526997685781,0.13524063861119684,0
4501,2267725.2931199414,3.4816218642748238,0.12000259338401786,0
4502,2267725.2931199414,3.7885035207039977,0.11026451270739146,0
4503,3775040.2558453744,4.7414846201381025,0.11366142999599205,0
4504,3627621.3636251199,5.6457479559385977,0.10653801189500822,0
4505,3680178.6567722475,4.4738474304474796,0.12380686597953028,0
4506,4481752.8706282629,7.1066684102478375,0.10221510931444244,0
4507,2357307.6858878741,3.890844714230663,0.12817084894276742,0
4508,3957902.2888093246,11.423109356309233,0.088608371989155887,0
4509,2581618.0750895645,4.8334314744101912,0.14373272076365018,1
4510,3932492.5150543773,5.7007744585024387,0.076499318298215241,0
4511,4669294.9035414886,9.0600650151772264,0.1354889959440842,1
4512,3669976.6392729599,5.0250614963483908,0.10485726129628214,0
4513,3655035.9382203966,4.6723718938186041,0.1059564104838554,0
4514,4457234.3348188186,8.7040464162986613,0.11144905214699485,0
4515,2349719.955294122,3.8311714850079843,0.12479697051526517,0
4516,2267725.2931199414,3.566721345784849,0.14019163050281797,1
4517,3641652.7122335779,6.4826627488619373,0.12504697458505631,0
4518,2342560.3317427742,3.4892213721739647,0.1445586093123386,1
4519,2090177.9550635067,3.2626594703087664,0.12478851636677876,0
4520,3587817.5972152026,7.8661950959626257,0.10997794504432568,0
4521,3628666.2321087015,5.7827150734366626,0.078936639006318088,0
4522,2342560.3317427742,4.0272868097431731,0.14680236149697246,1
4523,4396914.3667071015,7.2492454503809531,0.1047533818716524,0
4524,3635019.4358710833,4.4641233954644886,0.12247841188848396,0
4525,3792516.3682105299,6.5918942747334279,0.072172584544264451,0
4526,4768136.3722476978,13.983921550373571,0.15081105127938366,1
4527,4382723.65221404,8.5828601491651533,0.11695319422810424,0
4528,3763636.0371878971,5.0451304700739588,0.1060578503020565,0
4529,3606585.0081198635,6.380249082560483,0.089375573387715068,0
4530,3876700.130073125,6.007705258426153,0.10854211976884875,0
4531,2142731.0761223878,3.9764118591769586,0.10809060749860755,0
4532,3743781.4011999727,4.9268861800377177,0.12804127857327488,0
4533,3261364.380769941,5.0762781556664232,0.14261141600676391,1
4534,4174426.8994061733,6.5950146460482255,0.12064418755637873,0
4535,4177204.6461276603,7.8146552149435839,0.12550832653753097,0
4536,2342560.3317427742,3.8375098204816371,0.0862772689913468,0
4537,3648129.0151647236,5.3342461126442284,0.13562684126355629,1
4538,4041760.2348123658,8.9739992775861168,0.1107751850842606,0
4539,3678142.5294081885,4.3170182976598737,0.11629394575925478,0
4540,4173792.8985487176,3.8143612467120933,0.11990954761221295,0
4541,2342560.3317427742,3.5472922386279016,0.14890514396078786,1
4542,2581618.0750895645,3.9563909548268459,0.093416449269764501,0
4543,2628545.6714319899,3.5929515893671202,0.088365602896932072,0
4544,4144250.2505800361,7.1027791764401469,0.095742730515093744,0
4545,3752133.9783369903,7.3660987599423233,0.084989548159484452,0
4546,4817085.2056922633,6.4013314951293285,0.11611758026861807,0
4547,4349373.5923110954,4.4396252273396817,0.093626536104995828,0
4548,3726149.5421140674,6.3784734902323601,0.081368061576939821,0
4549,3611006.5179161415,6.1993641948343408,0.14617466734427986,1
4550,3642204.8210209422,5.8747601993471692,0.13611484125592566,1
4551,4760418.0584505554,13.260093828597991,0.083757693267393241,0
4552,3616149.6294399668,3.9010952562005747,0.074168098299321916,0
4553,4261606.6541962568,5.1067183655128181,0.10924858466626264,0
4554,3613784.0970733445,4.214483259278313,0.087280595553812845,0
4555,3722736.0741648539,5.0541679287910117,0.076210852563062259,0
4556,3958266.6278931797,9.1993060251445051,0.12191381812469226,0
4557,2267725.2931199414,3.4974244304410913,0.10991229306461789,0
4558,3635509.9579647919,5.2930764681501508,0.089514289952176918,0
4559,2008285.8541831209,3.162507767789517,0.14365625509775928,1
4560,4770028.7708373023,12.459245891963036,0.12825177566515733,0
4561,2142731.0761223878,3.03507215563336,0.12188046371029948,0
4562,3757516.0614827368,9.2931983400525127,0.11183450356655789,0
4563,3844776.353827524,5.7391981010786965,0.097280149947042593,0
4564,3787650.573922161,7.9611017027822468,0.14659114891146935,1
4565,2581618.0750895645,4.0346373895451073,0.10217292540358502,0
4566,3709935.9346728958,6.1175021788298976,0.1120091935501133,0
4567,3781749.0018124585,5.6141307029498648,0.094323511548889183,0
4568,3761047.7275125524,6.5473144013821098,0.079171982298370025,0
4569,3727492.5384319741,7.0754150906545865,0.10439090582567945,0
4570,3834548.0392315025,5.1160356987049482,0.099634179395119871,0
4571,3591749.9125413182,5.0739758064454765,0.13023236875006972,0
4572,2342560.3317427742,3.7846684695123032,0.13864374652471451,1
4573,3643215.5417795554,6.3805323936543461,0.071777165384180303,0
4574,4483878.3192991558,7.5871853378665346,0.12492164211680856,0
4575,3941407.6123568625,5.5859389327601114,0.08259817330638286,0
4576,3661260.1719944412,4.0667569195850035,0.094724461597075482,0
4577,4451863.8957996685,7.5629382337127469,0.1213666548183433,0
4578,2609060.0868099569,3.6489474242977296,0.10312139007315557,0
4579,4326406.5292775985,9.1430246598439311,0.097224152887279147,0
4580,4074564.8997869799,7.7488442624682703,0.10628037017598058,0
4581,4071242.8134441953,9.8925006792937129,0.11736489646404002,0
4582,3592233.2463859068,8.1524328194681726,0.12795775476973836,0
4583,3851612.6176046915,5.7151945948641529,0.12314726549931743,0
4584,3836303.1685520732,6.3794843874366194,0.13529825788454641,0
4585,3611513.5612489129,5.9803805152844589,0.086369820735733405,0
4586,2349511.4431106183,3.6838882913608737,0.097474235464760417,0
4587,3597189.5492763584,5.0559971927026721,0.10585488037322044,0
4588,4112745.5031213989,9.6239528584457705,0.1038240452702679,0
4589,2267725.2931199414,4.4153751970172319,0.12470678479113606,0
4590,4444612.7769000065,9.7107184015947396,0.12718527154899417,0
4591,3615241.4853192507,7.9643266263438228,0.12754348493310042,0
4592,2267725.2931199414,3.5503679254665497,0.12680965642933961,0
4593,3621774.4701512461,6.223610678567864,0.071804469265811854,0
4594,4527361.1974399015,5.8800726052841608,0.12685745201604759,0
4595,3605038.0253113322,5.3764217661052829,0.088564168418083566,0
4596,3628582.8072580411,6.2844641864433068,0.078258538133634592,0
4597,3913257.1534581268,6.8893287570530388,0.07709132212627029,0
4598,4303770.8007770404,5.7762642786410279,0.10958186502974598,0
4599,3960363.4738655337,5.4408142276200282,0.15205050644543905,1
4600,3608615.8431502753,4.7922344517757205,0.080872086228875872,0
4601,3596934.3858585446,5.090161674308419,0.058372589936713903,0
4602,3903427.2634805953,5.1949941683420375,0.066765082959680866,0
4603,2142731.0761223878,3.1703244385183376,0.094949956431738369,0
4604,2609060.0868099569,3.9006656813894147,0.10512899313480328,0
4605,3629221.3412524052,7.6515251007936529,0.082576749755021828,0
4606,2609060.0868099569,3.7997108988229926,0.085576482959001554,0
4607,3588785.1242827531,7.5766165252312145,0.083738080315219121,0
4608,3604041.7004274563,7.1496262524523244,0.10751501544663933,0
4609,3596821.889339752,4.8235334682268007,0.11533434680563959,0
4610,3717428.7113482887,5.9261486995712653,0.085624985111086183,0
4611,4446364.4848279385,12.18243927496307,0.10938170562513572,0
4612,2786813.40424396,4.3105564498052589,0.17213327138665974,1
4613,2267725.2931199414,3.615242104378448,0.13080567176838059,0
4614,3710747.1819388024,4.6130371402804577,0.092668576160037874,0
4615,2609060.0868099569,3.8562210178643408,0.1291063542473404,0
4616,3676900.5678534028,7.0618626264825934,0.081595032258012679,0
4617,3633748.5245232931,6.6310041350520939,0.097252247155142024,0
4618,3870230.9754819917,5.6868939965444971,0.068130829356018108,0
4619,4100057.8001989303,6.3000003830246287,0.10062808831712211,0
4620,3633343.1164446496,4.8312289061217806,0.091343570749886305,0
4621,3763333.1746319616,6.1387604577223831,0.11167940721323316,0
4622,4504972.2542831395,7.0132593261451142,0.11753083803182662,0
4623,2628545.6714319899,4.2490899384277228,0.14712128993001872,1
4624,3611978.7144745961,6.9946482032337611,0.07981025160991384,0
4625,3802796.3547498574,8.3027095734480554,0.084400650904839836,0
4626,4265793.352854928,3.8734229534184399,0.12886657680717395,0
4627,3671970.1392049491,7.3318487396106402,0.1582122545684756,1
4628,3594137.4293567874,6.7441726826739474,0.054808225100854369,0
4629,3654420.6465042909,7.1242212467730459,0.13704305251997273,1
4630,3794129.1681976677,7.7056625752767927,0.070415629798399548,0
4631,3609028.7288087304,6.5048453763715832,0.14062061971789996,1
4632,3836813.4531672318,8.3242281648307515,0.078841000392572524,0
4633,3770584.878471592,9.3470711969107061,0.12723711191547488,0
4634,4110793.8453470105,5.7868140432246546,0.14413620504426405,1
4635,2628545.6714319899,4.1105606336948171,0.096457966432296094,0
4636,3760036.5450557494,4.9087343064703628,0.11524343043263063,0
4637,2267725.2931199414,3.4598731556949947,0.094295703539206466,0
4638,3734569.5696622916,6.4675364717670405,0.097897967730418256,0
4639,3607838.5677260775,6.391211660025867,0.10530465556220131,0
4640,2581618.0750895645,3.6946182983981437,0.088541029760674794,0
4641,3676853.2783097322,8.0189398156608291,0.12029983751955375,0
4642,4203755.7707461203,3.4212110958431863,0.12887515088350987,0
4643,3688064.0907056858,7.0408124732627133,0.13900814667292927,1
4644,3909921.7959680771,5.7237891168444976,0.13231218204414619,0
4645,2342560.3317427742,4.0709473351085652,0.10509704357265914,0
4646,3627752.9436224732,4.4273789578372087,0.12320590687714694,0
4647,3627781.8118445175,5.5484053298964016,0.10353841237959294,0
4648,5058478.1017179377,4.8258962910005403,0.090841038650349315,0
4649,3663174.6481749536,4.0436080661054508,0.092653710117968746,0
4650,2349511.4431106183,3.7337449485168728,0.11045069583152256,0
4651,5080839.9023471642,18.159443691252374,0.12502672873649978,0
4652,2628545.6714319899,4.0903597848017368,0.109319579118622,0
4653,3766028.2762293299,4.8587570499250763,0.11693364006730833,0
4654,3641468.5312040998,9.6662312679392492,0.13949924758893939,1
4655,2267725.2931199414,3.5632388955287904,0.13538875017640251,0
4656,3647596.3697270933,6.7869336152532123,0.067142302000885667,0
4657,3636693.5778577947,6.6646268914876758,0.082495731122721572,0
4658,3974376.5254123276,5.5963895000036237,0.14089665135686014,1
4659,4181947.9257466756,14.55244800502475,0.14567422211516406,1
4660,3980305.7090156185,5.4373171142636361,0.090641380406233818,0
4661,2090177.9550635067,2.9737139077990316,0.11760811687908598,0
4662,2349511.4431106183,3.8926314288788566,0.12492567570677643,0
4663,3656653.5521736797,7.3859506481584267,0.072495253745070598,0
4664,3657160.9180853381,5.3779502338988667,0.12611972382949976,0
4665,3604025.5182389948,4.5168602431346061,0.11092154044582114,0
4666,4046037.8463778873,4.4194063452306587,0.12783783889093581,0
4667,3665116.4647563836,6.1666655871576328,0.091857833032305658,0
4668,5512938.289445281,7.1504471646690719,0.10239369260967457,0
4669,3668912.3573456854,6.8624243720422662,0.090630507511052394,0
4670,3590262.0317737754,5.662073369558799,0.11468473981272376,0
4671,3633522.8729594196,6.0865397622909869,0.11163494871560653,0
4672,3859969.1021545683,7.4379356114824393,0.072390099105865247,0
4673,3801591.2439225162,5.9777837078839973,0.094856248437723278,0
4674,3880361.1784145348,6.3620372631296442,0.081790117649196525,0
4675,4127277.5601618867,5.98351974616779,0.10096000105166281,0
4676,3610427.2131676432,5.4819043776674521,0.11173268534298875,0
4677,4052652.015281084,5.2984571967459919,0.14999626705338071,1
4678,3940586.375780113,6.7572011734267354,0.12864135330580873,0
4679,3627952.2350062099,5.1757634831840038,0.09016871336001353,0
4680,3595729.6809776868,6.1687443883263846,0.12185925705576151,0
4681,4126727.3141851709,6.4184952678400577,0.1013769944120726,0
4682,2342560.3317427742,3.7164278431865605,0.13268860705743291,0
4683,4265548.1753009269,8.1095217693480421,0.12599316579401418,0
4684,3784960.2520571649,6.2201609919828131,0.15521461269279901,1
4685,3962923.7876747507,7.1514410316077512,0.071513563485401832,0
4686,4419403.911782749,5.0690101942715451,0.088759735948635232,0
4687,2581618.0750895645,4.5114586006010216,0.081559661947870177,0
4688,3762477.1602339344,10.154787826323821,0.11916111045520267,0
4689,3611968.4973173044,5.3407104177733302,0.12735357831735894,0
4690,3587836.0295439861,6.9406594993942914,0.080321355067934808,0
4691,3924166.5189259322,5.0835405096299437,0.094937209186201854,0
4692,4281142.7951807957,8.9708852245116155,0.11414312718882119,0
4693,3615234.2493990245,9.9595598947550084,0.086070504934799869,0
4694,2267725.2931199414,3.4606691492741137,0.16711460392012378,1
4695,2349511.4431106183,3.4578366457358456,0.1166824120487141,0
4696,3633240.4791823081,6.3786098029098408,0.050025763489842889,0
4697,3625706.3010565564,5.4796377829360496,0.089556190863205321,0
4698,4779961.9826410003,8.1471229140250632,0.097655716862308339,0
4699,3630551.2785267485,4.8563640608969285,0.093138131386846651,0
4700,4315094.9948200677,7.9486074255369177,0.10416876520954496,0
4701,2349511.4431106183,4.1907791798210692,0.1081109606591831,0
4702,3664783.794970335,4.700276800590836,0.096374095991149766,0
4703,3593710.163870133,6.7964737804202917,0.10641298448773839,0
4704,4052041.0585460607,5.7133802904488862,0.1005180067003949,0
4705,3687987.2761478089,5.9574827093291951,0.135724292140813,1
4706,3877572.3929784526,4.9532703467352146,0.11052444860067712,0
4707,3604052.2053338727,6.4397749886355609,0.093392342090749758,0
4708,3616090.5093542002,5.39169099360707,0.12334214967494754,0
4709,3619716.2534391312,4.7728761753200413,0.098700016991093764,0
4710,3612285.1616574745,6.0646224261013684,0.096660592322831751,0
4711,3643088.4768778463,5.6698723538955509,0.089219611482953987,0
4712,3666463.591418996,7.1931640604156488,0.084756450356075597,0
4713,3602307.8044078192,5.2654459874836794,0.074792427555139096,0
4714,3598258.2454314833,7.5378440949175189,0.096837818773251483,0
4715,2090177.9550635067,3.5015520648046388,0.14167212205764446,1
4716,3617458.2646961841,7.0865702071574912,0.075356762013196105,0
4717,2008285.8541831209,2.9235333544055191,0.15366962491263081,1
4718,3688135.9405546831,5.8309963506038844,0.10952613905220432,0
4719,3671366.2290921248,5.1559387271397474,0.10423399672323536,0
4720,2342560.3317427742,3.4200789992506615,0.086742959973100775,0
4721,3694666.066814723,6.8695514502455994,0.1495762572364856,1
4722,3677191.9004288367,15.979646284467883,0.092511350601234721,0
4723,3657449.8974520029,6.9786505644358243,0.11523514253239553,0
4724,3585822.252876706,5.705652822752727,0.16419944416655707,1
4725,2008285.8541831209,2.986924463551123,0.15185699240746153,1
4726,3670519.9161545956,7.8486133292627427,0.13789503749345777,1
4727,4213606.5939965677,3.668411735617934,0.14918262859358122,1
4728,3618488.4155657515,4.4095506243255729,0.10026940570079179,0
4729,4060838.0679840315,7.404291714390042,0.097800121922322458,0
4730,3708480.2361474559,4.3713622376069434,0.092070868015531326,0
4731,2267725.2931199414,3.4214465695561604,0.089560772977345771,0
4732,2954199.3212936129,4.136553739798372,0.12319381085949621,0
4733,3600798.69986834,6.1704720888438027,0.10393965873191613,0
4734,3587281.7222041609,7.0995715902376491,0.13641094772969437,1
4735,3893805.200872127,5.7077026875743186,0.12639814202554578,0
4736,3606366.7081797039,7.9054531084386896,0.14176313045676214,1
4737,2267725.2931199414,3.770634856769576,0.12524937036519646,0
4738,2008285.8541831209,2.8990065164441088,0.16048940898507685,1
4739,3608012.7989273635,5.4171480224868391,0.10209466667911626,0
4740,3614069.2003566599,6.3962939580593279,0.10955942933562779,0
4741,3653439.173852805,7.5543466157345502,0.11250647527419039,0
4742,4123333.7848984315,7.5007317139082117,0.10180382403200039,0
4743,3649186.667811797,6.4237975004729764,0.1509517236133231,1
4744,3588491.8816168294,4.6788586546248743,0.10452479882085441,0
4745,2267725.2931199414,3.3897497738392555,0.14517957778835325,1
4746,3704008.8671474261,6.3835107383307701,0.070245640945180168,0
4747,3671914.5300149336,6.0014158830125446,0.11715378773933582,0
4748,3620675.8373057088,5.3819317792363259,0.072174328044742997,0
4749,2581618.0750895645,4.2919482006664609,0.120197672144298,0
4750,2342560.3317427742,3.7182406092832365,0.13167589829332893,0
4751,2267725.2931199414,3.8429012794397548,0.10293259038667446,0
4752,3805832.0704870373,4.3693451180326521,0.12488442583872295,0
4753,3716211.1532415315,4.7534136392891888,0.076416478802852739,0
4754,3591645.0236244625,5.4946911302630079,0.12388311715850098,0
4755,3597014.5584861594,5.7625094493748268,0.11550847763986416,0
4756,3821832.0880046366,5.7028555768632216,0.08792362288831812,0
4757,3685686.7534905542,5.3108698383624544,0.12389263988648852,0
4758,2267725.2931199414,3.5658167517967447,0.13743920560224043,1
4759,4104543.5338767678,9.3318486773282157,0.12005004349646209,0
4760,3600601.826716512,6.4928120222657402,0.065718287414713583,0
4761,2349511.4431106183,3.3132224235391785,0.11540133733034408,0
4762,5621366.3369365232,11.513691149595198,0.14148947942033546,1
4763,3843858.968556914,4.293388575191261,0.11607875247085653,0
4764,3620806.1646810649,5.5274327301637216,0.13054694090672159,0
4765,3791857.4624717138,6.5735082071687723,0.073939993223655298,0
4766,2090177.9550635067,3.1896755884232766,0.15193546600749841,1
4767,3600805.8994500148,4.9826396905863799,0.084437285254033823,0
4768,3624734.3403341691,8.2408406521353434,0.12522618279261455,0
4769,3779838.7194115319,6.8045622402996937,0.12516938136753308,0
4770,3897710.4120595152,5.3031640707401593,0.13096055100634663,0
4771,3280705.556872033,4.6754115635534701,0.17781029583731195,1
4772,4092282.3676441321,8.2410105634686186,0.11268864126408823,0
4773,3606596.8614377528,5.9100296087073056,0.11071873424171225,0
4774,3713242.2064515688,6.2043705065507231,0.074091776313153779,0
4775,3587541.4907406075,6.5128893363323019,0.14505490614277711,1
4776,3605008.9700870248,6.4311710558019657,0.16292981503852422,1
4777,2267725.2931199414,3.7959848866279398,0.16664372811518596,1
4778,3778739.3517576451,5.0035397031869389,0.047058631497095438,0
4779,2342560.3317427742,4.2173170764192776,0.11839739578708181,0
4780,3762151.9716687528,5.089761542645225,0.094175118530511359,0
4781,2349719.955294122,4.2588099987005279,0.10624856433224045,0
4782,4867589.1716845352,6.8078447465134078,0.095648915623369746,0
4783,2342560.3317427742,3.1605628205064797,0.12575201453719742,0
4784,4392332.9012924228,5.973747214925222,0.13079080448597369,0
4785,3743711.0516247656,6.784300473759397,0.096158787578342619,0
4786,4551923.1547381328,139.62570193065224,0.20569700890563392,1
4787,4561498.3641337985,8.586617314769116,0.1228818344362903,0
4788,2267725.2931199414,3.2405834613362483,0.15800155167344665,1
4789,2090177.9550635067,3.4989446430595001,0.09607209436781905,0
4790,3591236.7784331716,6.7002616964553336,0.066531602843010462,0
4791,3612480.1124788248,5.0676611603147554,0.08516932938868238,0
4792,3727724.0097025326,5.4527623541404413,0.15917855799456548,1
4793,3609397.9150619414,4.6203034359980109,0.14111620825915761,1
4794,2267725.2931199414,4.4456565862972059,0.11117393130281616,0
4795,3646481.9978853799,4.5201101390710221,0.072497546841242433,0
4796,4090439.6758947885,11.127180611236025,0.11184788977398208,0
4797,3608246.1892903475,6.4426073538094313,0.095486289694432513,0
4798,3635207.99511596,5.8144579813401798,0.090915373649278042,0
4799,3615443.1810964197,7.5267022224537525,0.098232849895378838,0
4800,4723996.9238070799,20.524497681061426,0.13301007221612815,0
4801,3827299.1416203887,5.1560297049514814,0.079474647700899265,0
4802,3740393.4841012591,6.2902359059272817,0.16276192681621371,1
4803,2349511.4431106183,3.8338428811213778,0.12126503880765349,0
4804,3610413.0919787111,5.5354063724094704,0.09908595462528047,0
4805,4444071.0135136889,15.42427614141743,0.13962418449151159,1
4806,4648275.9074559379,27.088941841706905,0.1158727261313085,0
4807,2349719.955294122,4.3622984571192731,0.14543639746891457,1
4808,3650306.7555198618,4.2711237784135054,0.10926532147359691,0
4809,3655854.6638220171,4.6598317250767911,0.12710521285431969,0
4810,2980790.4908226882,3.6715763725333499,0.13629067818859425,1
4811,3640081.5482063675,4.9895608264038609,0.093718359529971429,0
4812,3590030.2695232322,6.6226576231396352,0.15038155085732419,1
4813,5054694.7048680643,6.8758989693055064,0.15056282798597953,1
4814,3598190.1968728406,5.2954533476556875,0.08119361368255229,0
4815,3921670.3697036845,7.5591750839166947,0.1280631775414689,0
4816,3696907.2410265328,5.908928908913456,0.10009941331002042,0
4817,5101416.2639687117,8.3853341038468745,0.1302174504460718,0
4818,3695014.3300024192,5.1094996699447863,0.12907321004436223,0
4819,3609625.1410431447,8.9240369576433789,0.10082462090341759,0
4820,2267725.2931199414,3.9921715316494808,0.16236676655849724,1
4821,3651581.9327861862,5.460990898204467,0.15075811024878333,1
4822,3623040.8785712351,4.846512699540618,0.13254865087977319,0
4823,3807819.9079221608,6.8988776007189276,0.089856955359758128,0
4824,3816856.1504038456,10.742186104434607,0.10130938423418023,0
4825,3831149.7797043533,6.221459577841852,0.10102754829830285,0
4826,3652808.8619483528,5.7001378881501168,0.11027977707760062,0
4827,2581618.0750895645,3.7121992847128618,0.080798104408870697,0
4828,3696855.2730463995,4.7309049830786689,0.088571030319546884,0
4829,3597180.3863560562,4.9437253699075621,0.075441671396341059,0
4830,3741951.3087184341,3.9940393834113235,0.058474680109248306,0
4831,2342560.3317427742,3.5843881000849298,0.1389579993314245,1
4832,4302063.7248615595,10.449095359130101,0.10469206062645031,0
4833,3673321.207763134,5.6847921425886678,0.12398932950319919,0
4834,2357307.6858878741,3.93938264594563,0.079539732023099802,0
4835,3712374.9958267026,4.6805729200316879,0.095072666759160596,0
4836,4017726.1957345451,7.3326858387013871,0.097421785328745764,0
4837,3853136.8918207786,7.7520685457099683,0.15334753831432624,1
4838,4466928.1341151455,5.5695911076500293,0.10190062516227227,0
4839,4178232.6849467605,10.893726188864523,0.17158305792136042,1
4840,4371825.4424308995,19.090033715088584,0.14742521054103563,1
4841,3635160.0234273556,5.0830116548626636,0.11785984324056165,0
4842,3587285.0388725437,6.8321146356036007,0.11329881216046911,0
4843,3881963.5025757495,7.7880483274274912,0.086130244108802878,0
4844,3919659.923095888,6.1120992808262375,0.11494976291010517,0
4845,3831352.8202763111,7.8793912093084018,0.089558731004352743,0
4846,3772236.1591694122,6.2779203764104077,0.098372996828958059,0
4847,4494525.9022220597,20.453333742621041,0.14507627566613324,1
4848,2581618.0750895645,3.8238854074477588,0.12008901834770297,0
4849,3829554.2508610096,8.0769608859907933,0.087189427942316211,0
4850,4050865.7960413583,4.9746587242746729,0.098332267836777731,0
4851,2142731.0761223878,3.2785949760562296,0.1325759989786684,0
4852,3793303.0365932994,4.1479564801748934,0.12597280121708021,0
4853,3611669.0662141214,5.6048594569140935,0.12867462463912072,0
4854,4207336.4766253419,9.7293322181780848,0.1103405963905742,0
4855,3768558.9014973715,7.1845742282160181,0.091944456970069699,0
4856,3618869.7226007511,6.777478512411709,0.11719750406306206,0
4857,3609650.6462626043,5.6169141696475089,0.1358089224031902,1
4858,3595012.2736175344,7.1051029540438462,0.13556486241126608,1
4859,2142731.0761223878,3.2240269216766033,0.12131882221571499,0
4860,3587774.9071366028,5.8950110871788484,0.080362043909603442,0
4861,5071557.0657140482,12.771808665336188,0.10558291077388759,0
4862,3638557.090928914,4.7464704019091872,0.093909954564076081,0
4863,3636852.9819452581,7.9535992896292118,0.069003708637139505,0
4864,2342560.3317427742,3.6750496216690292,0.1478427450597902,1
4865,4850920.7390725818,5.5880767094173498,0.0782491740236268,0
4866,2678205.3747857241,4.5794295015855626,0.11346211873168066,0
4867,3616247.9276627391,6.9746591109964156,0.095520312185090828,0
4868,3660126.9873033566,7.4794904679465084,0.077080534437799719,0
4869,4082088.8671687264,4.7450376181108993,0.13191742064500311,0
4870,2267725.2931199414,3.8945976742090713,0.12621592299108564,0
4871,3665790.8348918459,5.3196020706006157,0.072237728915202415,0
4872,5493098.1257548397,102.78193614106317,0.1690462769592983,1
4873,3707730.6213611066,7.0047741933178447,0.072004775944867483,0
4874,3913364.0236882167,4.763054222568889,0.17162220209883516,1
4875,3589864.0701867025,6.7010860253264042,0.11421634875319064,0
4876,2267725.2931199414,3.5090852837795423,0.12629757798665708,0
4877,2142731.0761223878,3.2746548131686928,0.16299985061334105,1
4878,3923027.1944249165,5.1752851216391376,0.099871073196479698,0
4879,3586657.4557866547,7.083045069898529,0.11231572303502402,0
4880,3769974.5740302191,4.3713213239519506,0.11905753090299377,0
4881,3591704.7683844329,5.8685963440614675,0.12566768501620795,0
4882,3632717.4659241936,4.4010450614780456,0.12873765045539143,0
4883,3676957.3253543242,5.4838320232101871,0.17380404884434203,1
4884,2267725.2931199414,3.7320651557163855,0.14495782516222355,1
4885,3592234.1305526085,8.0433898235296599,0.11400676870466547,0
4886,3767211.4193386505,5.8221430318627521,0.096509070297845057,0
4887,4718520.3978714906,7.7727629551055708,0.12218080176461354,0
4888,3592872.7826733207,6.4654562650691405,0.14398708469640398,1
4889,4088917.2871322734,4.9306742722929915,0.076919977967872089,0
4890,3158053.4917109548,4.9647182114190151,0.12066027005945629,0
4891,3722887.1640681918,6.1018194028368447,0.082741368329425691,0
4892,3158053.4917109548,4.6051637393963354,0.12290803007547246,0
4893,3711949.8193860003,4.7696950717985738,0.12680568313200313,0
4894,4175770.1939781723,5.1724787240937102,0.081171758442325048,0
4895,3638982.4176977891,5.3022537006422414,0.074995424656729814,0
4896,3626856.1367442422,9.4811730975203066,0.084028293073479476,0
4897,3614715.3552705338,6.2501215575461648,0.14645417211817557,1
4898,3806400.6442720946,5.0426530302196841,0.15968301667726414,1
4899,3625340.8079485758,4.8665433472036463,0.094662353775220365,0
4900,3611441.8514333046,5.6261365482557109,0.11251319785120339,0
4901,3635395.4238201883,7.4678193130501134,0.09172487554625619,0
4902,3848842.2392107206,5.5995944112463585,0.1113023773919849,0
4903,2581618.0750895645,3.8563705018856678,0.12981053361224504,0
4904,3596966.5370634054,4.2686033507054342,0.077364029063576201,0
4905,3753970.6898133042,3.9722126588492794,0.12850967739279406,0
4906,3650573.7583742244,7.6977133561067488,0.088717833414782177,0
4907,2342560.3317427742,3.5305428108804526,0.10316304842045221,0
4908,2349511.4431106183,3.6407093852861805,0.11611625006266302,0
4909,2342560.3317427742,3.5431422723182062,0.11751119284373046,0
4910,3691244.9450104232,8.1760755381869643,0.095044032103593579,0
4911,3602787.4514819784,5.1363289823217917,0.082763390342351695,0
4912,2267725.2931199414,3.8427185639830759,0.1382549082339648,1
4913,4877563.0619728798,14.048107638324574,0.12220831055318504,0
4914,3828034.9676172948,7.0736266378221639,0.12504085341607118,0
4915,2090177.9550635067,3.4093986366980471,0.13446352856125138,0
4916,2267725.2931199414,3.3792070934216869,0.09567440726828158,0
4917,4642042.8687977139,11.748827069806532,0.13070855612969867,0
4918,2628545.6714319899,4.3107870754960516,0.12617837231553664,0
4919,3590046.3043858963,3.8607154871105287,0.11710158633184364,0
4920,3615156.4790810063,6.7149432731658987,0.10018263738116356,0
4921,3988135.6571057723,7.1245822798463765,0.079287149193542517,0
4922,2678205.3747857241,4.088238374391894,0.095913215955193976,0
4923,3652039.3234704216,6.1773660304351461,0.13503329526334495,0
4924,3955868.7739687692,7.5713782298688423,0.093415254172503515,0
4925,3737241.9789848123,7.448548420812231,0.14138423050608695,1
4926,3729285.9636477539,5.0858758816081142,0.15744248308477354,1
4927,3654074.899766488,5.2816123342302435,0.10798968052115565,0
4928,2142731.0761223878,3.6273802106807387,0.13567777909265272,1
4929,3589966.4772946597,5.93589931474129,0.072900310722522788,0
4930,3698162.3541720114,5.6524654314042939,0.095793485688166591,0
4931,2008285.8541831209,2.8626031467236115,0.1522318952025179,1
4932,3671824.2983230059,9.269235858229516,0.12852517666707231,0
4933,3719869.4571339409,5.7823881981093788,0.08770461550090608,0
4934,5202730.1839365289,9.6370730799000341,0.13910047130224257,1
4935,3628758.9479707489,6.0464982203335316,0.098486823768930642,0
4936,2090177.9550635067,3.0339307514395752,0.15698884350946007,1
4937,3622625.6305140904,5.6770895927612912,0.084216953408135731,0
4938,2267725.2931199414,3.6894955311946482,0.13396416618587703,0
4939,2008285.8541831209,3.0994959780908946,0.13318224943457452,0
4940,5151634.8064552685,14.464936417876377,0.092568952856174946,0
4941,3679699.1750658858,4.7538398150348495,0.17426586624225282,1
4942,2349511.4431106183,3.4981903431918329,0.12516890357669008,0
4943,3809875.0810525981,7.1011821957247045,0.14022485438338289,1
4944,3596324.4218592499,5.9941578665686333,0.10926644698145993,0
4945,3752450.0678170989,4.5666483262925013,0.07340526612547249,0
4946,2678205.3747857241,3.5121270348226474,0.093499499731773295,0
4947,3666113.1839301763,6.993670627053528,0.088794225553831096,0
4948,3798473.2267100657,7.4233432836532787,0.093136680263908977,0
4949,2142731.0761223878,3.1623773586725585,0.13692030681156087,1
4950,2678205.3747857241,4.1876905122453811,0.082865064242382935,0
4951,4279447.4202086255,8.0263996259141113,0.11348630014813632,0
4952,3906688.4922640151,6.3309067244950423,0.087433019414826341,0
4953,3760478.3326016348,6.0932657133311947,0.11307303578589767,0
4954,2090177.9550635067,3.2714585703827033,0.10265297184026345,0
4955,2581618.0750895645,3.9711289003204735,0.15355601964341525,1
4956,3669372.0317244292,5.9975462056699929,0.098637721828033764,0
4957,4958255.2255518259,16.492272269005845,0.13208121659628946,0
4958,4312705.0165037792,16.433390421761317,0.11355606180107969,0
4959,3859571.1170121799,6.1069262837044214,0.067515880197348888,0
4960,3785825.6153030493,6.9505136614000627,0.10247975138622334,0
4961,3621593.3579560197,5.1191492793065194,0.094135176882863714,0
4962,3593178.4197359481,6.0355980541095384,0.12048870282760893,0
4963,3598590.1228309497,5.6426041714030779,0.12766061981686083,0
4964,4481651.7903331555,4.7166274349473074,0.09926726643192485,0
4965,3661065.6169473571,7.5764065097731983,0.13846788411092137,1
4966,3928326.3780717906,9.589911069178477,0.086723105881548079,0
4967,4296884.4093047837,12.889023550473565,0.074548903431818858,0
4968,4377917.198466924,6.1441222977304113,0.10335517428197349,0
4969,4189421.0233598696,5.0761625115390974,0.10454740244031335,0
4970,2984801.2881630221,4.4501821920400992,0.10435745269829166,0
4971,2267725.2931199414,3.4856988560713669,0.099728710567813295,0
4972,2349719.955294122,3.4648503077954276,0.13737396732873974,1
4973,4015655.6323125809,9.5607771115768561,0.1529702916329394,1
4974,3675070.8907692698,4.4047209864401839,0.13909176185811162,1
4975,3662143.6980424765,6.5253182859088916,0.12104975774525339,0
4976,3597596.618245129,3.9558580646457289,0.12599318401693704,0
4977,3604454.7503528763,7.3471695806699131,0.13293489210844778,0
4978,4154494.5647249399,6.5803975007600712,0.069708380261127356,0
4979,3762304.2917867368,5.2702184827569818,0.077963011124692394,0
4980,3699627.350450574,6.1254512673243653,0.10312009548879164,0
4981,3643506.7691538613,5.2386981201857674,0.13780108594557733,1
4982,4396289.6159379138,7.2826071394667533,0.082710061465553111,0
4983,2980790.4908226882,3.9234582173214081,0.13893384924959268,1
4984,3633087.9238043013,4.289684033903626,0.092207187120158962,0
4985,3666143.1175242998,4.8654297483859974,0.16636041817646552,1
4986,2267725.2931199414,3.354993179735827,0.11131668095540104,0
4987,3280705.556872033,4.0019792135815058,0.13830642745296845,1
4988,3696265.0870332355,4.9642131662929136,0.13164477441217104,0
4989,4946055.1361299604,8.3930638571945551,0.143539153103168,1
4990,2581618.0750895645,3.4651089392340144,0.088964349867822534,0
4991,2090177.9550635067,3.8020003181868209,0.11658917898501464,0
4992,3623194.1384034939,9.511332323424039,0.11152181615377554,0
4993,3631015.417528382,5.3260536155459643,0.11520519266891605,0
4994,3706054.2815191564,7.2413390952009866,0.11108926515605266,0
4995,2581618.0750895645,4.7528221908299022,0.16647700880907512,1
4996,2142731.0761223878,3.5814205995435171,0.13417122042746507,0
4997,4164140.6662063315,7.6806094428704554,0.11920337899692524,0
4998,3911841.0295449793,5.979485214317207,0.10270651305548861,0
4999,3599620.4094876819,7.1221921074565904,0.1368650261606173,1
5000,4021079.1582574518,4.5404872511908465,0.09290861722464927,0
