ellipse_id,compound_event_id,date,centroid_lon,centroid_lat,is_daily_largest,is_event_largest,area_weighted_rank,cell_rank,in_top10_zone,in_top20_zone,in_top30_zone,in_top50_zone,distance_to_top10_zone_km,distance_to_top20_zone_km,distance_to_top30_zone_km,distance_to_top50_zone_km,log_density
1,1,1983-07-13,31.05047508761103,21.39001819850779,True,True,0.7479648213182705,0.7333333333333333,False,False,True,True,427.1716076548839,241.34277497184289,0.0,0.0,-16.453758502047958
2,1,1983-07-13,45.03410415656309,12.320740202907068,False,False,0.13270861861286634,0.12,False,False,False,False,1538.494494106402,1226.7454709598035,1053.773234073996,781.0132272921953,-17.976965414700523
3,1,1983-07-13,55.505398322941865,42.20911720548966,False,False,0.9060881684873525,0.9,True,True,True,True,0.0,0.0,0.0,0.0,-16.282110707853715
4,1,1983-07-13,46.68117614252466,30.989532814657984,False,False,0.9898257430969885,0.9894444444444445,True,True,True,True,0.0,0.0,0.0,0.0,-15.89025351710552
5,2,1987-07-23,34.16300971895413,30.870702263041267,True,False,0.5945136721252321,0.5783333333333334,False,False,False,True,416.7446754207618,257.96034555200316,164.28014363498062,0.0,-16.6337725599942
6,2,1987-07-24,34.72037239722158,30.15782813796177,True,False,0.5945136721252321,0.5783333333333334,False,False,False,True,364.72946655845686,304.4744173960152,186.5997905250718,0.0,-16.6337725599942
7,2,1987-07-25,35.282096230914874,29.16789736872632,True,False,0.5875150997313934,0.5711111111111111,False,False,False,True,343.9042421743594,314.1033448084686,123.70042956774617,0.0,-16.64091975494703
8,2,1987-07-26,35.31016505781735,29.22762769371298,True,False,0.5875150997313934,0.5711111111111111,False,False,False,True,338.55235057225485,310.59417233651413,119.21641485290317,0.0,-16.64091975494703
9,2,1987-07-27,36.04256686909867,29.146371515608216,True,True,0.720487507967264,0.7055555555555556,False,False,True,True,280.7992088636355,241.46085465105887,0.0,0.0,-16.47964831493855
10,3,1991-06-04,26.65588666559593,21.22620174643048,False,False,0.532705300431037,0.5138888888888888,False,False,False,True,722.6861241166162,469.1986096530645,316.03675368730734,0.0,-16.717752940877865
11,3,1991-06-04,62.86702913919701,20.51692078997292,True,False,0.13023845518255134,0.11777777777777777,False,False,False,False,1054.7393406512795,848.3272188252273,793.2701724274939,502.67636857894496,-17.9852960712825
12,3,1991-06-05,27.369001758250544,20.515073923701475,False,False,0.5292412368802397,0.5105555555555555,False,False,False,True,769.8714458091063,462.940600036299,311.94249929810513,0.0,-16.722094938566933
13,3,1991-06-05,63.34064888910381,21.502542363022727,True,True,0.144673511504528,0.13111111111111112,False,False,False,False,969.0068802802817,771.6992388099018,771.6992388099018,511.2048353104335,-17.922391519057374
14,4,1998-05-24,29.776947505980985,14.437650008881077,False,False,0.34694110555150687,0.3244444444444444,False,False,False,False,1184.779134177038,978.5397717986507,458.2427435109472,341.8025551439492,-17.031253058800846
15,4,1998-05-24,62.09882411592492,17.632195034404848,True,False,0.09128357670505023,0.08166666666666667,False,False,False,False,1345.8143352861262,1129.1151604600457,876.0913031514223,645.7568939049698,-18.182901880350343
16,4,1998-05-25,30.041193869026472,14.70771334034666,False,False,0.35425002105364345,0.33166666666666667,False,False,False,False,1147.355551555765,939.8645507927753,424.5069795154977,314.33265470871066,-17.016622423522602
17,4,1998-05-25,61.6659049337068,18.033032868394308,True,False,0.10689209302761837,0.0961111111111111,False,False,False,False,1293.8812609473334,1075.7694529839293,812.4305725083073,581.8644020366712,-18.1092817192697
18,4,1998-05-26,29.17025410250766,15.146852413823988,False,False,0.3997172657192927,0.37777777777777777,False,False,False,False,1134.0805379758824,935.8366932716734,398.80314830734824,264.01348751051535,-16.935478571980322
19,4,1998-05-26,61.08328815619943,18.17396172623421,True,True,0.10689209302761837,0.0961111111111111,False,False,False,False,1269.6007205106641,1049.583563570855,754.9930062882697,526.4947269398962,-18.1092817192697
20,5,1998-08-01,31.885491198536847,36.0147550767357,True,False,0.5847596528841212,0.5683333333333334,False,False,False,True,407.5476335974084,343.8261306780743,343.8261306780743,0.0,-16.64351148356238
21,5,1998-08-01,47.1768903491874,25.792305329741936,False,False,0.8232080827961346,0.81,False,True,True,True,85.04475643648827,0.0,0.0,0.0,-16.36183335453559
22,5,1998-08-02,36.38019030281416,32.50095512685049,True,False,0.6231840706328436,0.6072222222222222,False,False,False,True,299.8104974394295,105.01586374406926,105.01586374406926,0.0,-16.59213589302617
23,5,1998-08-03,36.4315404602359,31.76395891896999,True,False,0.6265303157446931,0.6105555555555555,False,False,False,True,241.8871963716247,105.32826135678842,105.32826135678842,0.0,-16.585670253905825
24,5,1998-08-04,36.23032403335603,32.043298726547874,True,False,0.6231840706328436,0.6072222222222222,False,False,False,True,275.6310324208314,129.72450872596798,129.72450872596798,0.0,-16.59213589302617
25,5,1998-08-05,36.91533114653131,32.23176223442387,True,True,0.6231840706328436,0.6072222222222222,False,False,False,True,244.3641323225325,62.48991166414066,62.48991166414066,0.0,-16.59213589302617
26,5,1998-08-06,38.715814148164846,31.62633206762788,True,False,0.8364554792987619,0.8238888888888889,False,True,True,True,126.91821854418409,0.0,0.0,0.0,-16.349356566290922
27,5,1998-08-07,38.85545662109036,28.110581414312428,True,False,0.7598992951245422,0.7455555555555555,False,False,True,True,267.91723442007776,158.33064389174893,0.0,0.0,-16.4413552354937
28,5,1998-08-07,36.95622249949766,42.82160164250247,False,False,0.4451921321253221,0.42388888888888887,False,False,False,False,322.26346230729285,322.26346230729285,300.96481197963084,146.17856665141144,-16.84862453687461
29,5,1998-08-07,49.69838922776376,41.438257034514734,False,False,0.36677517690842876,0.34444444444444444,False,False,False,False,386.9551144164065,324.5590832002728,212.01032820368908,105.65074997385884,-16.994450272317057
30,5,1998-08-08,39.76973575317651,27.829777969571523,True,False,0.6293668411869389,0.6133333333333333,False,False,False,True,288.1449643046712,198.91686533771977,79.07712349244699,0.0,-16.5838133759487
31,5,1998-08-08,50.88927738247682,39.80837841454539,False,False,0.335425945280033,0.31277777777777777,False,False,False,False,310.98896399147054,310.98896399147054,234.81780107154873,140.9057637444322,-17.06154556664014
32,5,1998-08-09,39.40555351988267,27.804056406527984,True,False,0.6293668411869389,0.6133333333333333,False,False,False,True,271.54245977783495,208.2535511212285,77.93750165617632,0.0,-16.5838133759487
33,5,1998-08-09,50.86882297787124,39.87207165063906,False,False,0.335425945280033,0.31277777777777777,False,False,False,False,313.4421354053608,313.4421354053608,234.15368331666477,135.62890743826313,-17.06154556664014
34,5,1998-08-10,39.9213363045259,27.694433788084343,True,False,0.6293668411869389,0.6133333333333333,False,False,False,True,281.9716689993748,208.566045079741,60.9846928543899,0.0,-16.5838133759487
35,5,1998-08-10,51.10416833399216,39.28944684773325,False,False,0.3251407102747482,0.3022222222222222,False,False,False,False,292.726167730273,292.726167730273,244.7202929057323,191.95202029122862,-17.079161698873037
36,5,1998-08-11,41.126125203646914,27.14067236411224,True,False,0.7158301137316843,0.7005555555555556,False,False,True,True,294.7981825543086,141.4853352631657,0.0,0.0,-16.48693677754002
37,5,1998-08-11,51.60950068433424,38.70959128487251,False,False,0.3191070599704752,0.2961111111111111,False,False,False,False,264.4286552827078,252.23934559343905,252.23934559343905,185.28919931497495,-17.093342027687022
38,6,1999-08-18,36.30334378811532,37.36407415054565,True,False,0.7167859455693815,0.7016666666666667,False,False,True,True,143.33149774194968,106.7361807287143,0.0,0.0,-16.484942859906145
39,6,1999-08-18,36.86062157997889,24.371360011592984,False,False,0.28261792548901044,0.26055555555555554,False,False,False,False,207.53718242259848,207.53718242259848,207.53718242259848,141.08857557452728,-17.192800933153745
40,6,1999-08-18,50.20285818094221,23.762297472165887,False,False,0.8594969041930131,0.8483333333333334,False,True,True,True,205.8688432004859,0.0,0.0,0.0,-16.326367101848362
41,6,1999-08-18,65.3462833380076,43.31075585360126,False,False,0.8589102902916245,0.8477777777777777,False,True,True,True,197.21729229378886,0.0,0.0,0.0,-16.32713672171809
42,6,1999-08-19,36.28842818671346,36.127806725220985,True,False,0.7630105968649122,0.7488888888888889,False,False,True,True,116.17633687165021,116.17633687165021,0.0,0.0,-16.434075989627576
43,6,1999-08-19,52.02784075186592,25.26348954469391,False,False,0.29845285382465186,0.27555555555555555,False,False,False,False,255.30504266524954,175.95232923653217,175.95232923653217,59.19086110810386,-17.153513344413938
44,6,1999-08-19,65.30024338105785,43.303846071262704,False,False,0.8589102902916245,0.8477777777777777,False,True,True,True,200.22426034475575,0.0,0.0,0.0,-16.32713672171809
45,6,1999-08-20,36.82503197139903,35.12129330812814,True,False,0.7080031178819934,0.6927777777777778,False,False,True,True,74.32533809546089,74.32533809546089,0.0,0.0,-16.493220620161935
46,6,1999-08-20,65.33876086927707,43.30544736159584,False,False,0.8589102902916245,0.8477777777777777,False,True,True,True,197.50079046818726,0.0,0.0,0.0,-16.32713672171809
47,6,1999-08-21,36.92123160990564,34.915770508705684,True,False,0.5226411281078426,0.5038888888888889,False,False,False,True,83.57737731779925,83.57737731779925,70.25857765606312,0.0,-16.73030932141804
48,6,1999-08-22,38.325768658898525,33.767262845763675,True,True,0.8254137144323822,0.8122222222222222,False,True,True,True,135.34525415713213,0.0,0.0,0.0,-16.35766334330793
49,7,2000-07-07,36.17131575173713,31.84544176233876,True,False,0.6265303157446931,0.6105555555555555,False,False,False,True,267.32025762348576,131.47357430906254,131.47357430906254,0.0,-16.585670253905825
50,7,2000-07-07,33.926137253363464,20.390696821487253,False,False,0.7791768815401362,0.765,False,False,True,True,459.0268887144117,238.6540878515601,0.0,0.0,-16.414515995529104
51,7,2000-07-08,39.30646044733434,29.365582871002623,True,False,0.7979054612906213,0.7838888888888889,False,False,True,True,148.15727256516985,79.51755156867922,0.0,0.0,-16.391262601664458
52,7,2000-07-08,34.80699177028674,21.00878885453835,False,False,0.7349956110660363,0.72,False,False,True,True,410.67785404586124,213.80575310437342,0.0,0.0,-16.46433105342251
53,7,2000-07-09,40.498697229723184,28.05612589489674,True,True,0.7058047159885885,0.6905555555555556,False,False,True,True,252.61947975615482,160.55174716515805,0.0,0.0,-16.49436934874677
54,8,2000-07-28,41.43558548297088,37.36968805742264,True,False,0.9515897749851528,0.9488888888888889,True,True,True,True,0.0,0.0,0.0,0.0,-16.185596543462932
55,8,2000-07-28,52.342775203635405,25.284823773738555,False,False,0.29845285382465186,0.27555555555555555,False,False,False,False,286.559566404415,205.3353975393572,199.10120420921535,87.9750145834141,-17.153513344413938
56,8,2000-07-29,43.50746243365015,36.37561246553075,True,False,0.9871430584852698,0.9866666666666667,True,True,True,True,0.0,0.0,0.0,0.0,-15.928371152573643
57,8,2000-07-29,53.76655116061848,26.184164217155228,False,False,0.3119916415334409,0.28888888888888886,False,False,False,False,426.58395222617327,375.995587327353,225.79479063549513,148.68504485743995,-17.11644055022376
58,8,2000-07-30,43.82709634268284,34.470470074677614,True,True,0.991952977695679,0.9916666666666667,True,True,True,True,0.0,0.0,0.0,0.0,-15.879153536567053
59,8,2000-07-31,44.08258402605241,33.63768495605045,True,False,0.9989210191126056,0.9988888888888889,True,True,True,True,0.0,0.0,0.0,0.0,-15.72164873024299
60,8,2000-08-01,44.133398956156206,32.29539516144609,True,False,0.9956908123768058,0.9955555555555555,True,True,True,True,0.0,0.0,0.0,0.0,-15.779399658878848
61,8,2000-08-02,46.38161596024631,32.324340500863656,True,False,0.9994605095563017,0.9994444444444445,True,True,True,True,0.0,0.0,0.0,0.0,-15.719411590771246
62,9,2001-07-28,40.79686987062469,34.87287054198537,True,True,0.975161216472182,0.9738888888888889,True,True,True,True,0.0,0.0,0.0,0.0,-16.07666260958759
63,9,2001-07-29,39.916926369954815,35.41179805758018,True,False,0.9684243290777054,0.9666666666666667,True,True,True,True,0.0,0.0,0.0,0.0,-16.121718421075368
64,9,2001-07-29,53.93903723618648,24.868902431025084,False,False,0.3553185013732105,0.3327777777777778,False,False,False,False,452.13390790812883,290.46966329662524,158.5957056589195,158.5957056589195,-17.01621989630875
65,9,2001-07-30,40.494102158667445,34.91854561966979,True,False,0.975161216472182,0.9738888888888889,True,True,True,True,0.0,0.0,0.0,0.0,-16.07666260958759
66,9,2001-07-30,53.808819195519966,25.08146016551357,False,False,0.2831952803317054,0.2611111111111111,False,False,False,False,435.6693336720678,292.69961592838763,178.61400973954073,178.61400973954073,-17.191757413982828
67,10,2001-08-07,37.68570231839737,33.43751351571901,True,True,0.8630789331208055,0.8522222222222222,False,True,True,True,204.81363885398997,0.0,0.0,0.0,-16.320934085185375
68,10,2001-08-07,25.81684606106649,18.505348672042704,False,False,0.5043186367069634,0.485,False,False,False,True,951.8775902378034,708.305962719542,493.81234061808345,0.0,-16.75449495111484
69,10,2001-08-07,51.80124347944548,39.13522412990466,False,False,0.3251407102747482,0.3022222222222222,False,False,False,False,235.66903756273885,235.66903756273885,209.94375324297457,151.65832921077242,-17.079161698873037
70,10,2001-08-08,37.05821651323745,33.87719499428655,True,False,0.8630789331208055,0.8522222222222222,False,True,True,True,184.91283776388687,0.0,0.0,0.0,-16.320934085185375
71,10,2001-08-08,25.81080457712488,18.505246374923864,False,False,0.5043186367069634,0.485,False,False,False,True,951.6668342904387,708.1057219206452,494.44947873638654,0.0,-16.75449495111484
72,10,2001-08-08,51.65227406612645,39.11133226965212,False,False,0.3251407102747482,0.3022222222222222,False,False,False,False,248.79004283469772,248.79004283469772,220.79687218209276,164.7449058312181,-17.079161698873037
73,10,2001-08-09,36.66563013994196,33.82731888981684,True,False,0.6705220285247399,0.6555555555555556,False,False,False,True,201.03717057572044,85.36669285318224,85.36669285318224,0.0,-16.53772604067367
74,10,2001-08-09,26.03655227481119,19.002583280402938,False,False,0.5349715094726031,0.5161111111111111,False,False,False,True,908.975786958736,664.9957177322738,471.7987787696038,0.0,-16.71191748423691
75,10,2001-08-09,51.64753863247648,39.09335224499321,False,False,0.3251407102747482,0.3022222222222222,False,False,False,False,249.5766265570072,249.5766265570072,222.5016140285631,165.69216514386014,-17.079161698873037
76,10,2001-08-10,36.69227990461285,33.62335895781757,True,False,0.6705220285247399,0.6555555555555556,False,False,False,True,221.39091344863198,76.08804059325658,76.08804059325658,0.0,-16.53772604067367
77,10,2001-08-10,51.71680449034683,38.50276773203843,False,False,0.3191070599704752,0.2961111111111111,False,False,False,False,264.8199811043992,242.1860443791073,242.1860443791073,189.83583799044612,-17.093342027687022
78,10,2001-08-11,37.42809439638168,33.12470340872219,True,False,0.8630789331208055,0.8522222222222222,False,True,True,True,244.99472886524396,0.0,0.0,0.0,-16.320934085185375
79,10,2001-08-12,39.90610192607581,32.02843211108559,True,False,0.8059677301700847,0.7922222222222223,False,True,True,True,76.60161292311015,0.0,0.0,0.0,-16.38252168289299
80,11,2002-07-16,27.77299676996108,36.51764076704215,True,False,0.45773278272656487,0.43666666666666665,False,False,False,False,221.73961334219146,126.88114586796738,111.89067123746106,65.00517569719953,-16.829545945419024
81,11,2002-07-16,43.56598806288703,22.7293196423725,False,False,0.6125941224819259,0.5966666666666667,False,False,False,True,538.7390614968211,308.1587854603359,200.14699852436792,0.0,-16.610493692779286
82,11,2002-07-16,58.979546348217816,39.986981275171054,False,False,0.948155001068659,0.945,True,True,True,True,0.0,0.0,0.0,0.0,-16.195628546103322
83,11,2002-07-17,29.858986378547577,35.27663337717716,True,False,0.4425535340078784,0.4211111111111111,False,False,False,False,378.23729028183976,275.5258263312025,275.5258263312025,139.82327491031776,-16.852214607539917
84,11,2002-07-17,59.07489904234311,38.592644070627024,False,False,0.9395904360427251,0.9361111111111111,True,True,True,True,0.0,0.0,0.0,0.0,-16.220562394480478
85,11,2002-07-18,46.05287987698973,34.34826086527803,True,False,0.5697361574227657,0.5527777777777778,False,False,False,True,53.44447789141995,53.44447789141995,53.44447789141995,0.0,-16.661584437008816
86,11,2002-07-19,45.4229701586933,32.43898551812649,True,True,0.9999999999999979,1.0,True,True,True,True,0.0,0.0,0.0,0.0,-15.712917207500208
87,11,2002-07-20,24.02449537722921,27.73945616700444,False,False,0.9066555608534127,0.9005555555555556,True,True,True,True,0.0,0.0,0.0,0.0,-16.281751040798547
88,11,2002-07-20,43.24846690897214,30.24667221776568,True,False,0.9704934685458836,0.9688888888888889,True,True,True,True,0.0,0.0,0.0,0.0,-16.11495371873453
89,11,2002-07-20,63.69674091480725,29.50513682837008,False,False,0.5145488020521096,0.4955555555555556,False,False,False,True,238.7077812053217,113.39207319371495,112.23434550695191,0.0,-16.741999297382396
90,12,2002-07-31,33.821134220469425,30.90668036386872,True,True,0.586958361122166,0.5705555555555556,False,False,False,True,449.58282888624524,226.47476807105093,134.16066264825926,0.0,-16.640964072490508
91,13,2002-08-06,25.94412851101665,33.85413474675237,False,False,0.3880099501993143,0.3661111111111111,False,False,False,False,347.6135012880414,347.6135012880414,294.59465190050724,187.46346993746246,-16.9460565380215
92,13,2002-08-06,43.47141281585606,21.140680030018665,False,False,0.6203849566262886,0.6044444444444445,False,False,False,True,701.7432928590986,481.90798840642736,258.2521495004591,0.0,-16.59863848289549
93,13,2002-08-06,51.89890236856987,25.03970548435333,False,False,0.5809763089311882,0.5644444444444444,False,False,False,True,246.58648614784113,153.45960596808723,153.45960596808723,0.0,-16.646915776991825
94,13,2002-08-06,60.83537172250634,40.22667296987609,True,False,0.8707404292674816,0.8605555555555555,False,True,True,True,85.7224960164201,0.0,0.0,0.0,-16.31202794656086
95,13,2002-08-07,25.77883684588748,33.04722644343183,False,False,0.3880099501993143,0.3661111111111111,False,False,False,False,274.7606391162769,274.7606391162769,209.88722090602536,174.02951561546274,-16.9460565380215
96,13,2002-08-07,43.59244721677583,20.744786174092223,False,False,0.5205140644411406,0.5016666666666667,False,False,False,True,741.9655125709915,524.4489989563034,277.4322647493692,0.0,-16.732643214505156
97,13,2002-08-07,60.839479404327285,39.74753476604722,True,True,0.9096380130760977,0.9038888888888889,True,True,True,True,0.0,0.0,0.0,0.0,-16.27633654643372
98,14,2006-08-20,32.47483033157917,33.08148486299103,True,False,0.36461523204469587,0.3422222222222222,False,False,False,False,534.1593849155724,301.4670929931522,287.05826996226335,198.29197580961363,-17.0019876761737
99,14,2006-08-20,48.64143621183261,41.94656686510021,False,False,0.29492467996094257,0.2722222222222222,False,False,False,False,332.72054438752656,332.72054438752656,187.04209514368438,161.28541055404384,-17.162649449063974
100,14,2006-08-21,32.96951980760484,32.30969192799553,True,False,0.33281919191009385,0.31,False,False,False,False,548.2021622175009,244.82659566335136,206.10263974121636,165.37123266905127,-17.063852198043822
101,14,2006-08-21,45.13615415464567,17.656881479586264,False,False,0.35030046710638846,0.3277777777777778,False,False,False,False,981.6896352960534,705.362223656734,493.8768203016867,250.32846571971135,-17.023547307950604
102,14,2006-08-21,49.05221836989156,41.96947765741052,False,False,0.36677517690842876,0.34444444444444444,False,False,False,False,349.1364910731003,328.982147476887,208.6694244858875,167.6332396533829,-16.994450272317057
103,14,2006-08-21,60.47207584728076,44.43323553432809,False,False,0.6794791087273349,0.6644444444444444,False,False,False,True,103.79526003565292,81.90784491121472,81.90784491121472,0.0,-16.526480030237327
104,14,2006-08-22,35.05153012877204,32.08470628661489,True,True,0.6912688088065908,0.6761111111111111,False,False,False,True,372.0158622298361,234.7296458805986,234.7296458805986,0.0,-16.51207249102975
105,14,2006-08-22,44.41210899051735,17.451239527314563,False,False,0.2547075370470032,0.23333333333333334,False,False,False,False,1038.0137118607142,773.0506321045901,554.4448142635637,316.824418329766,-17.30080291566041
106,14,2006-08-22,60.072637308636274,44.3975506074304,False,False,0.6794791087273349,0.6644444444444444,False,False,False,True,105.50410285118686,105.50410285118686,105.50410285118686,0.0,-16.526480030237327
107,14,2006-08-23,35.20688268336332,28.646735203328056,True,False,0.6895809342979806,0.6744444444444444,False,False,False,True,379.2995890281025,292.0254016292421,127.32472966358579,0.0,-16.513977932484043
108,14,2006-08-23,54.62723129303295,42.00500238543233,False,False,0.9221829715513842,0.9172222222222223,True,True,True,True,0.0,0.0,0.0,0.0,-16.257127429172062
109,15,2007-07-25,33.021792176017755,36.05700458776693,True,False,0.5733003798500064,0.5566666666666666,False,False,False,True,404.39920203287096,404.39920203287096,315.63502558712344,0.0,-16.657136870715362
110,15,2007-07-25,40.67099322899447,18.317541235617725,False,False,0.22247006686730722,0.20277777777777778,False,False,False,False,829.4047011811413,687.6865411782318,662.2889809363552,383.2810144938541,-17.444473088404525
111,15,2007-07-26,33.98632065675225,32.92751009862772,True,False,0.3338592916780565,0.3111111111111111,False,False,False,False,431.4615449625757,332.1335692822018,304.3365046070998,149.37971210673928,-17.062700920856287
112,15,2007-07-27,34.81797072558914,31.22638221617997,True,False,0.4944423931522287,0.47444444444444445,False,False,False,False,360.5886489794998,256.45723474028307,235.52417870319186,71.54819312666146,-16.77109203830594
113,15,2007-07-28,36.34474347891277,29.988554874967043,True,False,0.720487507967264,0.7055555555555556,False,False,True,True,214.6981176875473,201.08110716756144,0.0,0.0,-16.47964831493855
114,15,2007-07-29,38.98136788800008,31.87728695912725,True,False,0.8364554792987619,0.8238888888888889,False,True,True,True,158.79848496390656,0.0,0.0,0.0,-16.349356566290922
115,15,2007-07-29,27.44462468572525,20.987172547177785,False,False,0.5292412368802397,0.5105555555555555,False,False,False,True,733.4470050771683,420.6306661502944,270.84817044857346,0.0,-16.722094938566933
116,15,2007-07-30,39.57211563366902,32.19584223181836,True,False,0.8059677301700847,0.7922222222222223,False,True,True,True,93.49574910771942,0.0,0.0,0.0,-16.38252168289299
117,15,2007-07-30,27.167539380881024,19.314119495033925,False,False,0.5118253187558602,0.49277777777777776,False,False,False,True,871.1009017936005,579.2915433017957,350.1040267761635,0.0,-16.745527534442587
118,15,2007-07-31,27.07022931428376,19.168534580880944,False,False,0.5118253187558602,0.49277777777777776,False,False,False,True,889.5918681947816,598.3956330521834,361.74133094484534,0.0,-16.745527534442587
119,15,2007-07-31,42.36027880013358,31.52762733489342,True,False,0.9772817561638685,0.9761111111111112,True,True,True,True,0.0,0.0,0.0,0.0,-16.050610029815683
120,15,2007-08-01,43.51427267463254,32.056499846038285,True,True,0.9814032612317235,0.9805555555555555,True,True,True,True,0.0,0.0,0.0,0.0,-16.002497766721497
121,16,2010-06-18,25.360214729586904,28.71695141357277,False,False,0.8578596776821555,0.8466666666666667,False,True,True,True,88.12380094619066,0.0,0.0,0.0,-16.32991690476375
122,16,2010-06-18,35.05592298239377,18.153546091383262,False,False,0.5935141664363363,0.5772222222222222,False,False,False,True,723.8365698473691,509.79002547487937,160.74464917488783,0.0,-16.634452187030536
123,16,2010-06-18,46.89558827927067,21.83848953535433,True,False,0.6387202401279738,0.6227777777777778,False,False,False,True,485.87565725479345,247.4467226844876,72.9221552419689,0.0,-16.57107860795336
124,16,2010-06-18,58.91432139256492,40.90834917544517,False,False,0.9217113588980457,0.9166666666666666,True,True,True,True,0.0,0.0,0.0,0.0,-16.257863279971
125,16,2010-06-18,64.76358710148692,20.66213599595169,False,False,0.12781415136875054,0.11555555555555555,False,False,False,False,1116.1523722365096,880.8244906389237,849.5339086754153,653.4596352061611,-17.993822360978584
126,16,2010-06-19,27.17882811583308,25.90883956160068,True,False,0.6983519946054336,0.6833333333333333,False,False,False,True,319.53526288353964,179.78226757914067,73.12777164746511,0.0,-16.50553985602433
127,16,2010-06-19,46.73779188804428,21.88921752842353,False,False,0.6387202401279738,0.6227777777777778,False,False,False,True,490.1653404191137,254.4751239300717,89.85914038727626,0.0,-16.57107860795336
128,16,2010-06-19,60.52150049926114,37.491276964347634,False,False,0.8640426592184289,0.8533333333333334,False,True,True,True,112.18085989570613,0.0,0.0,0.0,-16.32045264154791
129,16,2010-06-19,65.67991365117024,20.344179060379847,False,False,0.12494774260346186,0.11277777777777778,False,False,False,False,1193.0730898645188,933.2854465043891,845.6459788456698,684.7427423761977,-17.99958364261775
130,16,2010-06-20,33.22279845278893,23.58725768256529,True,True,0.812250305066117,0.7988888888888889,False,True,True,True,105.323603194616,0.0,0.0,0.0,-16.37663073207883
131,16,2010-06-20,61.30656352607033,35.53086065130945,False,False,0.49850012889248113,0.47888888888888886,False,False,False,False,337.82624532448835,219.63977227691802,109.15880959184321,109.15880959184321,-16.767063799124404
132,16,2010-06-20,65.92709128837457,20.364711288403623,False,False,0.12494774260346186,0.11277777777777778,False,False,False,False,1204.2763134114819,937.2926056696135,835.3061442385664,683.6019900072081,-17.99958364261775
133,16,2010-06-21,31.38848766586732,22.737713143108024,True,False,0.7842190711578393,0.77,False,False,True,True,290.98133645649654,124.25889930758886,0.0,0.0,-16.40738932621841
134,16,2010-06-21,61.4958733603415,32.55153153133924,False,False,0.8473874617313755,0.8355555555555556,False,True,True,True,116.92578013117888,0.0,0.0,0.0,-16.34063585614867
135,16,2010-06-21,66.15495147777673,20.898037102519865,False,False,0.12434858346154237,0.11222222222222222,False,False,False,False,1164.737843188045,877.7928665947862,771.6082807825517,626.4656051820346,-18.00742719215562
136,16,2010-06-22,29.903603180794683,21.982819316231662,True,False,0.6693894593816017,0.6544444444444445,False,False,False,True,461.86755692066896,179.44644521483482,70.94140565655186,0.0,-16.537789038332214
137,16,2010-06-22,47.75435305904237,12.77067848823929,False,False,0.13757815412310911,0.12444444444444444,False,False,False,False,1427.2017073572626,1097.5049949690558,971.0328776928418,642.0511899271954,-17.9587588382185
138,16,2010-06-22,61.7697431601065,31.19376028634405,False,False,0.9107455707342359,0.905,True,True,True,True,0.0,0.0,0.0,0.0,-16.274814650446004
139,16,2010-06-22,66.13720317516463,20.84995260277301,False,False,0.12434858346154237,0.11222222222222222,False,False,False,False,1168.9698164650665,883.4359674672019,777.2620350242787,631.5954889095193,-18.00742719215562
140,17,2010-07-08,50.773958226927554,34.89160514424903,True,False,0.500764363270627,0.4811111111111111,False,False,False,True,252.98975941386314,163.6951488766177,79.38491237253174,0.0,-16.761395037603435
141,17,2010-07-08,37.08422930431458,18.012667133816116,False,False,0.4206053945907522,0.3988888888888889,False,False,False,False,811.2353487297947,623.4301862976656,318.40211774195126,175.8479161695538,-16.898717599836676
142,17,2010-07-08,47.33669360831891,15.95082247291858,False,False,0.23098892123867149,0.21055555555555555,False,False,False,False,1085.3173259176842,762.7846975435385,617.2806019616221,309.2072483084197,-17.38854388211549
143,17,2010-07-09,50.82600909980157,35.160346575078464,True,True,0.6181277835878434,0.6022222222222222,False,False,False,True,254.86266238945075,169.51667487618468,71.86606275982814,0.0,-16.60088084541533
144,17,2010-07-09,37.096866471138654,18.013254198025077,False,False,0.4206053945907522,0.3988888888888889,False,False,False,False,811.7764918012026,624.1684963060968,319.505606666971,177.0976640099215,-16.898717599836676
145,17,2010-07-10,48.97232111870268,34.47775173688198,True,False,0.42724608898651134,0.40555555555555556,False,False,False,False,224.2348274724605,224.2348274724605,224.2348274724605,140.03382541889087,-16.882772092840387
146,17,2010-07-11,46.70629046949971,35.114435530587805,True,False,0.5027146157868638,0.48333333333333334,False,False,False,True,117.55714104497683,117.55714104497683,117.55714104497683,0.0,-16.756534451565752
147,17,2010-07-11,64.05563786172364,30.519945234059083,False,False,0.6835162675305686,0.6683333333333333,False,False,False,True,183.99622331204034,121.1610800018418,53.27573493640659,0.0,-16.523835095086117
148,17,2010-07-12,46.44612273196146,34.926629539544805,True,False,0.5697361574227657,0.5527777777777778,False,False,False,True,98.63549404488082,98.63549404488082,98.63549404488082,0.0,-16.661584437008816
149,17,2010-07-13,46.81587442597071,33.25144337838796,True,False,0.9128127263413613,0.9072222222222223,True,True,True,True,0.0,0.0,0.0,0.0,-16.27179525729809
150,18,2010-07-16,24.863073424383053,37.58394360892962,False,False,0.5488344615696366,0.5305555555555556,False,False,False,True,156.91806473476205,156.91806473476205,156.91806473476205,0.0,-16.69024442582063
151,18,2010-07-16,33.149363627700595,43.77552590975736,False,False,0.5031786144949442,0.48388888888888887,False,False,False,True,346.56156550098154,193.74901331018205,193.74901331018205,0.0,-16.75627101026005
152,18,2010-07-16,53.81029445907816,28.675044707850663,True,False,0.6365269349093093,0.6205555555555555,False,False,False,True,378.9630656293495,242.50486513366326,129.40724776321758,0.0,-16.57478239954712
153,18,2010-07-17,24.827511825012472,37.64749362036788,False,False,0.5488344615696366,0.5305555555555556,False,False,False,True,149.96096442090547,149.96096442090547,149.96096442090547,0.0,-16.69024442582063
154,18,2010-07-17,28.18428080326544,23.49529913657882,False,False,0.7228632337327302,0.7077777777777777,False,False,True,True,551.383265004705,236.1420693787625,0.0,0.0,-16.477718043626663
155,18,2010-07-17,33.40560359084984,43.65927348387847,False,False,0.5031786144949442,0.48388888888888887,False,False,False,True,370.848027580717,204.81618541057694,204.81618541057694,0.0,-16.75627101026005
156,18,2010-07-17,54.20384649765305,27.815027171701825,True,False,0.647897146797454,0.6322222222222222,False,False,False,True,467.3707343475981,323.56623062547334,132.37579388651903,0.0,-16.55991430661481
157,18,2010-07-17,49.41804208216113,42.63517622603852,False,False,0.3575265414074482,0.335,False,False,False,False,313.4422602907991,266.6896840474138,266.6896840474138,183.08822540960333,-17.012828072280556
158,18,2010-07-18,26.54271288014977,23.251374949845587,False,False,0.5298278507816283,0.5111111111111111,False,False,False,True,515.0441594349172,324.5192280787339,201.6794547089546,0.0,-16.721691187953432
159,18,2010-07-18,24.43969316433935,37.57872822175788,False,False,0.5488344615696366,0.5305555555555556,False,False,False,True,131.40030221053038,131.40030221053038,131.40030221053038,0.0,-16.69024442582063
160,18,2010-07-18,33.54684881739421,43.72621509232545,False,False,0.5031786144949442,0.48388888888888887,False,False,False,True,376.1137731711013,197.27100275795715,197.27100275795715,0.0,-16.75627101026005
161,18,2010-07-18,53.27619782422139,28.268919348378844,True,True,0.6365269349093093,0.6205555555555555,False,False,False,True,365.8929043097222,220.55004362618263,80.16251440066594,0.0,-16.57478239954712
162,19,2010-08-01,38.72690847440367,36.80773923264036,True,False,0.9797854471866385,0.9788888888888889,True,True,True,True,0.0,0.0,0.0,0.0,-16.02233682293895
163,19,2010-08-01,48.84211767802019,21.302933686040006,False,False,0.7768535167592154,0.7627777777777778,False,False,True,True,471.49396764993804,149.4130980857564,0.0,0.0,-16.41698706308351
164,19,2010-08-02,38.20511788737246,36.71684539474353,True,True,0.9797854471866385,0.9788888888888889,True,True,True,True,0.0,0.0,0.0,0.0,-16.02233682293895
165,19,2010-08-02,48.47330519338966,21.24771137062738,False,False,0.7768535167592154,0.7627777777777778,False,False,True,True,484.2990817781692,174.96743661007736,0.0,0.0,-16.41698706308351
166,19,2010-08-03,37.8656063526002,36.93852255198691,True,False,0.9657441239402647,0.9638888888888889,True,True,True,True,0.0,0.0,0.0,0.0,-16.140395633238768
167,19,2010-08-03,46.27612528599974,19.472620690669125,False,False,0.5130274554105354,0.4938888888888889,False,False,False,True,747.4891398332326,474.65992897913793,258.97865826638383,0.0,-16.744629654832156
168,19,2010-08-03,54.2380413570318,25.658406485996483,False,False,0.28203585246442775,0.26,False,False,False,False,475.5110912013332,366.3893956839743,180.9522252459756,180.9522252459756,-17.193146164704324
169,20,2010-08-05,38.16820800907266,36.45978139885655,True,False,0.9797854471866385,0.9788888888888889,True,True,True,True,0.0,0.0,0.0,0.0,-16.02233682293895
170,20,2010-08-05,45.8453657097263,19.184167439525947,False,False,0.48385530287987155,0.4633333333333333,False,False,False,False,796.4087527585154,529.2600420903243,309.94453262016634,77.1411535331629,-16.784839757064294
171,20,2010-08-05,54.85059463755709,25.98460587518992,False,False,0.28203585246442775,0.26,False,False,False,False,536.6662577614846,399.6235989608633,177.53139597723506,172.06293781511317,-17.193146164704324
172,20,2010-08-05,64.24292729112167,44.47822066924237,False,False,0.837975484860762,0.8255555555555556,False,True,True,True,244.9003858691878,0.0,0.0,0.0,-16.347015268002178
173,20,2010-08-06,40.85203714336495,36.93688585018032,True,False,0.9835587678048707,0.9827777777777778,True,True,True,True,0.0,0.0,0.0,0.0,-15.974207951791653
174,20,2010-08-06,45.51596369268708,18.78000398691805,False,False,0.4073451182634628,0.38555555555555554,False,False,False,False,852.3110327848016,585.5563782421268,366.5586017099109,130.74788169841685,-16.922609563127416
175,20,2010-08-06,54.04173267044508,26.310667221370583,False,False,0.3651876928376249,0.3427777777777778,False,False,False,False,452.7958547356536,404.1852066278488,195.95187279171097,139.83667022160537,-16.999725686608652
176,20,2010-08-07,41.041990087556414,36.1960756202881,True,False,0.9845871706812707,0.9838888888888889,True,True,True,True,0.0,0.0,0.0,0.0,-15.95654748442342
177,20,2010-08-07,46.08185437248409,17.406533413474275,False,False,0.385883973227392,0.3638888888888889,False,False,False,False,966.8217073768506,669.5445242989399,478.8299072842818,236.9239856144611,-16.949305324625172
178,20,2010-08-07,53.53415160237167,23.61023581979485,False,False,0.7378183084053234,0.7227777777777777,False,False,True,True,458.90175032834367,207.70102951761874,0.0,0.0,-16.463117900777974
179,20,2010-08-08,41.0365447027382,36.52101813596504,True,False,0.9845871706812707,0.9838888888888889,True,True,True,True,0.0,0.0,0.0,0.0,-15.95654748442342
180,20,2010-08-08,46.18189210585344,17.182752432894244,False,False,0.385883973227392,0.3638888888888889,False,False,False,False,986.4668716996027,685.4934832617902,499.5673010220299,259.8444180774097,-16.949305324625172
181,20,2010-08-08,52.624198892068605,22.502718271689325,False,False,0.7830769385434208,0.7688888888888888,False,False,True,True,460.16633265719844,115.4889069579673,0.0,0.0,-16.409020999763534
182,20,2010-08-09,42.44084472170885,34.393825839385954,True,False,0.9860834504949118,0.9855555555555555,True,True,True,True,0.0,0.0,0.0,0.0,-15.933066447445357
183,20,2010-08-10,41.55254311826696,34.279144640357856,True,False,0.9808637707880273,0.98,True,True,True,True,0.0,0.0,0.0,0.0,-16.008863207162747
184,20,2010-08-11,41.00058182690751,33.83643470652875,True,False,0.967903565505347,0.9661111111111111,True,True,True,True,0.0,0.0,0.0,0.0,-16.125587760341926
185,20,2010-08-12,40.01615285860817,33.5869553358134,True,False,0.9374035446371911,0.9338888888888889,True,True,True,True,0.0,0.0,0.0,0.0,-16.228312796251732
186,20,2010-08-13,39.29974980965843,33.787611412321375,True,False,0.856288121315937,0.845,False,True,True,True,81.32946775632041,0.0,0.0,0.0,-16.33177916934096
187,20,2010-08-14,38.14748686832699,34.90878709665002,True,False,0.8977019598550918,0.8905555555555555,False,True,True,True,73.12689999041334,0.0,0.0,0.0,-16.28912590313329
188,20,2010-08-15,37.86274300727511,34.47422325927477,True,False,0.744811685652019,0.73,False,False,True,True,118.75160762728295,58.47666803641246,0.0,0.0,-16.458791167683273
189,20,2010-08-16,36.281607177099175,32.98421042011908,True,False,0.6231840706328436,0.6072222222222222,False,False,False,True,301.32140159043684,126.03180898799572,126.03180898799572,0.0,-16.59213589302617
190,20,2010-08-16,51.532757806717335,40.709188405894245,False,False,0.32785735035604124,0.305,False,False,False,False,285.9235105162713,251.56423000750368,167.6947182309674,167.6947182309674,-17.068026643210164
191,20,2010-08-17,37.72642690028154,32.6835034955645,True,False,0.8462755104947502,0.8344444444444444,False,True,True,True,253.60680281187422,0.0,0.0,0.0,-16.340750926880194
192,20,2010-08-17,51.18838039675349,23.80391050111632,False,False,0.8584462915835441,0.8472222222222222,False,True,True,True,254.32079371187433,0.0,0.0,0.0,-16.32844847211047
193,20,2010-08-18,37.98421174646308,32.426144331127986,True,False,0.8462755104947502,0.8344444444444444,False,True,True,True,219.69271169254756,0.0,0.0,0.0,-16.340750926880194
194,20,2010-08-19,38.33474447202314,32.25232547415441,True,True,0.8479269521750716,0.8361111111111111,False,True,True,True,195.48043274910944,0.0,0.0,0.0,-16.340307615988806
195,20,2010-08-20,37.78761448496908,31.80566137486273,True,False,0.8568335278680952,0.8455555555555555,False,True,True,True,160.22871757635784,0.0,0.0,0.0,-16.331669377064138
196,20,2010-08-21,38.37246187825978,30.0682004721673,True,False,0.9091444295913168,0.9033333333333333,True,True,True,True,0.0,0.0,0.0,0.0,-16.27648570488731
197,20,2010-08-21,32.702384199983534,42.54361151907368,False,False,0.48325232536711576,0.4627777777777778,False,False,False,False,416.6148294709915,334.8598371973221,272.07678091774784,107.61074737655922,-16.785717231334324
198,21,2011-07-26,38.05501185821973,34.66876006780035,True,False,0.8977019598550918,0.8905555555555555,False,True,True,True,100.90911239487313,0.0,0.0,0.0,-16.28912590313329
199,21,2011-07-26,48.87967084305304,17.817614781549093,False,False,0.4112224472570668,0.3894444444444444,False,False,False,False,856.640274319788,524.666091391726,411.3877672910339,85.82910618309313,-16.912618155530748
200,21,2011-07-26,66.9494733240329,33.905024291413014,False,False,0.20280217165224065,0.18444444444444444,False,False,False,False,494.7409087878248,402.8201185083962,352.17614328576263,276.2961713436265,-17.53657434568051
201,21,2011-07-27,38.15357849942797,34.09013909270721,True,False,0.8977019598550918,0.8905555555555555,False,True,True,True,131.81469807323205,0.0,0.0,0.0,-16.28912590313329
202,21,2011-07-27,48.89088163062102,20.84237865055728,False,False,0.6852415310175727,0.67,False,False,False,True,521.6311526056669,194.76936899310402,83.60534564449121,0.0,-16.522370397246842
203,21,2011-07-27,66.85540898889867,33.78942256374624,False,False,0.20280217165224065,0.18444444444444444,False,False,False,False,480.65794596097857,404.3143170973159,336.78933393719154,261.9938888835617,-17.53657434568051
204,21,2011-07-28,38.760682710474754,32.248620553151305,True,False,0.8479269521750716,0.8361111111111111,False,True,True,True,165.71480298761946,0.0,0.0,0.0,-16.340307615988806
205,21,2011-07-29,41.12352856317038,32.839650291743986,True,True,0.9636202946673768,0.9616666666666667,True,True,True,True,0.0,0.0,0.0,0.0,-16.144729776391635
206,21,2011-07-30,43.48584030232422,34.44435752874777,True,False,0.991952977695679,0.9916666666666667,True,True,True,True,0.0,0.0,0.0,0.0,-15.879153536567053
207,21,2011-07-31,45.53140154696657,34.95198709364352,True,False,0.9914258106187912,0.9911111111111112,True,True,True,True,0.0,0.0,0.0,0.0,-15.880066820329281
208,21,2011-08-01,29.125507729376213,19.830111264244223,False,False,0.6907293183628946,0.6755555555555556,False,False,False,True,687.3034637822445,432.0753694047771,148.52926661239414,0.0,-16.512594217820936
209,21,2011-08-01,25.95940237884393,36.80660334770022,False,False,0.44882636267612736,0.42777777777777776,False,False,False,False,232.0485746050356,232.0485746050356,156.79813896977404,150.57417930850664,-16.842737187829368
210,21,2011-08-01,48.92363467734589,35.82522174794922,True,False,0.4766906524103663,0.45611111111111113,False,False,False,False,311.38838513411093,311.38838513411093,235.5392452858338,146.9298382550705,-16.800648244183233
211,21,2011-08-02,25.391237038568512,18.83015422903941,False,False,0.5043186367069634,0.485,False,False,False,True,902.8608866574618,660.0220064059625,447.7374804419358,0.0,-16.75449495111484
212,21,2011-08-02,35.33349975526882,21.69022864876037,False,False,0.6918639670679951,0.6766666666666666,False,False,False,True,364.380023340871,209.2628294102051,88.73349124166384,0.0,-16.51120494413082
213,21,2011-08-02,50.90988077007594,35.12751394332924,True,False,0.6181277835878434,0.6022222222222222,False,False,False,True,246.52971348549391,161.06197359868784,67.69402914629732,0.0,-16.60088084541533
214,21,2011-08-03,24.50309648990707,19.076283159853563,False,False,0.49971643262138093,0.48,False,False,False,False,850.5854634786431,611.9096608349018,351.82559733378577,114.74710639100405,-16.764068032225442
215,21,2011-08-03,52.38729025764204,34.28607632982175,True,False,0.8551925602087382,0.8438888888888889,False,True,True,True,104.8317888298902,0.0,0.0,0.0,-16.33246220883922
216,21,2011-08-04,24.499775972489733,19.07135465218357,False,False,0.49971643262138093,0.48,False,False,False,False,851.0362625012698,612.3922559428976,351.7668085440099,115.24905799139519,-16.764068032225442
217,21,2011-08-04,25.83135840300177,35.90439967133375,False,False,0.547238237150149,0.5288888888888889,False,False,False,True,324.23874938601426,296.7618081460258,231.5261269459236,0.0,-16.693401813671056
218,21,2011-08-04,35.32137968007579,21.65992731088705,False,False,0.6918639670679951,0.6766666666666666,False,False,False,True,366.6522434143829,209.63386043344278,86.77301197155789,0.0,-16.51120494413082
219,21,2011-08-04,53.71236710160017,33.88678415322507,True,False,0.7657226630155204,0.7516666666666667,False,False,True,True,70.92894039034167,70.92894039034167,0.0,0.0,-16.432747472230727
220,21,2011-08-05,24.671954189854137,18.91756284007985,False,False,0.4640643387368148,0.44333333333333336,False,False,False,False,872.0039777528627,632.4231791081094,375.7683131155847,98.79913878387066,-16.819743281073702
221,21,2011-08-05,26.065605641076505,35.02285718575145,False,False,0.4228527920097356,0.4011111111111111,False,False,False,False,407.19180475725824,351.41001783839437,303.97913469410264,73.83808433310057,-16.893722771807276
222,21,2011-08-05,35.06256472314047,21.82149230456799,False,False,0.6918639670679951,0.6766666666666666,False,False,False,True,337.9618330429711,177.72169765644787,68.24852799817094,0.0,-16.51120494413082
223,21,2011-08-05,54.65669059175494,32.70808577250685,True,False,0.6484366372411502,0.6327777777777778,False,False,False,True,199.7796821790015,89.25826642975318,89.25826642975318,0.0,-16.559008372548014
224,22,2012-07-13,40.91891200648334,34.113433108314766,True,False,0.975161216472182,0.9738888888888889,True,True,True,True,0.0,0.0,0.0,0.0,-16.07666260958759
225,22,2012-07-13,47.09103641444084,17.951158715964322,False,False,0.38480991239042217,0.36277777777777775,False,False,False,False,875.4250171765101,564.7747504333838,396.9276132326276,160.83712453518996,-16.954190372443044
226,22,2012-07-14,40.76668132064773,30.43304247744141,True,True,0.8852548745221136,0.8766666666666667,False,True,True,True,70.67577153242753,0.0,0.0,0.0,-16.29943808798948
227,22,2012-07-14,58.99291065689623,44.67566651631383,False,False,0.7506370071146226,0.7361111111111112,False,False,True,True,176.93210709298748,119.82514223130075,0.0,0.0,-16.451990714185154
228,22,2012-07-15,38.0735637212412,29.847353193733145,True,False,0.8281399686106466,0.815,False,True,True,True,83.34829381835064,0.0,0.0,0.0,-16.356446974788135
229,22,2012-07-15,60.02601529249496,44.08254600293185,False,False,0.6794791087273349,0.6644444444444444,False,False,False,True,75.12251079153974,75.12251079153974,75.12251079153974,0.0,-16.526480030237327
230,22,2012-07-15,64.3628236876992,28.70580235596672,False,False,0.7290571836264184,0.7138888888888889,False,False,True,True,341.16504846021235,87.28586818270124,0.0,0.0,-16.47156302899839
231,22,2012-07-16,37.77518608228524,29.47683287015791,True,False,0.7046604918580258,0.6894444444444444,False,False,True,True,133.47843296644504,70.20215122410708,0.0,0.0,-16.495049277248288
232,22,2012-07-16,60.377846024979405,43.72208175613428,False,False,0.905616555834014,0.8994444444444445,True,True,True,True,0.0,0.0,0.0,0.0,-16.282133315452015
233,22,2012-07-17,38.75643713607258,28.24239056816768,True,False,0.7598992951245422,0.7455555555555555,False,False,True,True,252.261638092202,142.05172735970336,0.0,0.0,-16.4413552354937
234,22,2012-07-17,61.46788325904573,43.01122425069643,False,False,0.9007260356538471,0.8938888888888888,True,True,True,True,0.0,0.0,0.0,0.0,-16.285597169807147
235,22,2012-07-18,39.97324802252758,28.91156505266173,True,False,0.7103124706312919,0.695,False,False,True,True,226.80428604860413,83.03646793390512,0.0,0.0,-16.491967134797463
236,22,2012-07-18,61.60061182551314,42.93218213430649,False,False,0.8961869531701131,0.8888888888888888,False,True,True,True,63.66278195708525,0.0,0.0,0.0,-16.291282693522785
237,22,2012-07-19,41.07672340295431,29.051162275295844,True,False,0.8772364091617526,0.8677777777777778,False,True,True,True,146.79118258871964,0.0,0.0,0.0,-16.306020810212953
238,22,2012-07-19,62.04907738305612,43.00868569711919,False,False,0.8811281377401656,0.8722222222222222,False,True,True,True,70.4408681100892,0.0,0.0,0.0,-16.30286168388261
239,22,2012-07-20,40.83947068193795,30.14114765974838,True,False,0.8852548745221136,0.8766666666666667,False,True,True,True,74.91242404139133,0.0,0.0,0.0,-16.29943808798948
240,22,2012-07-20,64.9907171093834,42.93329024440848,False,False,0.8064393428234232,0.7927777777777778,False,True,True,True,210.57735555671874,0.0,0.0,0.0,-16.382271260097774
241,22,2012-07-21,41.25554757264746,30.62342002069289,True,False,0.9471342505069902,0.9438888888888889,True,True,True,True,0.0,0.0,0.0,0.0,-16.199283252045092
242,22,2012-07-21,68.07206548699438,44.07362330746718,False,False,0.6955631681309217,0.6805555555555556,False,False,False,True,181.00081750694596,78.59490422991473,65.73651628930662,0.0,-16.50683170603233
243,22,2012-07-22,40.72999453475592,31.594099399477862,True,False,0.8887484797750391,0.8805555555555555,False,True,True,True,73.71322437858296,0.0,0.0,0.0,-16.297062623321654
244,22,2012-07-22,51.89373317260108,41.964510539586655,False,False,0.3458143299002355,0.3233333333333333,False,False,False,False,215.31250648600133,145.03004979246643,145.03004979246643,77.69748309404794,-17.038545394949946
245,22,2012-07-23,41.59808811973579,32.915353911163976,True,False,0.9636202946673768,0.9616666666666667,True,True,True,True,0.0,0.0,0.0,0.0,-16.144729776391635
246,22,2012-07-24,41.50804950844735,32.55634163151083,True,False,0.9636202946673768,0.9616666666666667,True,True,True,True,0.0,0.0,0.0,0.0,-16.144729776391635
247,22,2012-07-25,40.604756066643695,31.76790640519025,True,False,0.8887484797750391,0.8805555555555555,False,True,True,True,82.00061829197458,0.0,0.0,0.0,-16.297062623321654
248,22,2012-07-26,40.09357296886719,31.58758101601021,True,False,0.8887484797750391,0.8805555555555555,False,True,True,True,108.44721554147644,0.0,0.0,0.0,-16.297062623321654
249,22,2012-07-27,39.43512787899844,31.969198944222352,True,False,0.8221516450126258,0.8088888888888889,False,True,True,True,116.25451608046853,0.0,0.0,0.0,-16.364878287111218
250,22,2012-07-28,38.788879711086594,32.125653261048555,True,False,0.8479269521750716,0.8361111111111111,False,True,True,True,166.10161036106416,0.0,0.0,0.0,-16.340307615988806
251,22,2012-07-29,30.012280937080604,39.57228349903591,False,False,0.6038413928119624,0.5877777777777777,False,False,False,True,176.84815655173708,127.17689074111567,127.17689074111567,0.0,-16.622582658948676
252,22,2012-07-29,35.98612874103812,21.58861289999264,False,False,0.6918639670679951,0.6766666666666666,False,False,False,True,411.6932847288295,275.5417214478529,154.01971311583276,0.0,-16.51120494413082
253,22,2012-07-29,45.20250270387312,26.412179415291927,True,False,0.8503826769109063,0.8388888888888889,False,True,True,True,124.50214095685732,0.0,0.0,0.0,-16.33782506641088
254,23,2015-07-16,21.521371894628867,43.16260393282855,False,False,0.9299748024979947,0.9255555555555556,True,True,True,True,0.0,0.0,0.0,0.0,-16.243791547711254
255,23,2015-07-16,48.09959578481335,24.222290019893748,True,True,0.8385575578853448,0.8261111111111111,False,True,True,True,200.36457559352297,0.0,0.0,0.0,-16.347002620854976
256,23,2015-07-16,63.22079660382837,38.84286133314925,False,False,0.8857554838463801,0.8772222222222222,False,True,True,True,117.41413153548635,0.0,0.0,0.0,-16.299185564212888
257,24,2015-07-28,40.36206616486922,32.78534342347465,True,False,0.9041451571771115,0.8977777777777778,True,True,True,True,0.0,0.0,0.0,0.0,-16.282755080331672
258,24,2015-07-29,40.4017442341156,33.85347846128871,True,False,0.9374035446371911,0.9338888888888889,True,True,True,True,0.0,0.0,0.0,0.0,-16.228312796251732
259,24,2015-07-30,39.94046014345507,34.817513540607216,True,False,0.9496241007947225,0.9466666666666667,True,True,True,True,0.0,0.0,0.0,0.0,-16.191106450613027
260,24,2015-07-31,40.45783531646625,34.88676860401853,True,False,0.975161216472182,0.9738888888888889,True,True,True,True,0.0,0.0,0.0,0.0,-16.07666260958759
261,24,2015-08-01,40.97356200468558,34.05076644076404,True,False,0.975161216472182,0.9738888888888889,True,True,True,True,0.0,0.0,0.0,0.0,-16.07666260958759
262,24,2015-08-02,41.69338900923755,33.94249599994546,True,False,0.967903565505347,0.9661111111111111,True,True,True,True,0.0,0.0,0.0,0.0,-16.125587760341926
263,24,2015-08-03,42.18532436933845,33.93539619034809,True,False,0.9819366712329424,0.9811111111111112,True,True,True,True,0.0,0.0,0.0,0.0,-15.987253618998553
264,24,2015-08-04,41.44919582245501,34.02168366936774,True,False,0.9808637707880273,0.98,True,True,True,True,0.0,0.0,0.0,0.0,-16.008863207162747
265,24,2015-08-05,39.82793697761996,33.09971510526132,True,False,0.856288121315937,0.845,False,True,True,True,76.69631650370383,0.0,0.0,0.0,-16.33177916934096
266,24,2015-08-06,37.68613416646024,32.27162715896672,True,False,0.8462755104947502,0.8344444444444444,False,True,True,True,211.6010397665319,0.0,0.0,0.0,-16.340750926880194
267,24,2015-08-07,36.01543185868515,30.1477778900434,True,False,0.6398335477584548,0.6238888888888889,False,False,False,True,241.6629481284238,206.6437756392107,85.86829614241898,0.0,-16.57013350164807
268,24,2015-08-08,36.39030423980138,26.2140387020398,True,False,0.5178499009937523,0.4988888888888889,False,False,False,True,225.53519439945674,225.53519439945674,115.04640149685483,0.0,-16.737643643895723
269,24,2015-08-08,34.18850717054287,43.13269040756157,False,False,0.4974929580251385,0.4777777777777778,False,False,False,False,432.27585668831875,264.39652966536585,264.39652966536585,69.07127342204251,-16.767778057686364
270,24,2015-08-09,30.90542453435925,29.039913452853263,True,False,0.8216062384604677,0.8083333333333333,False,True,True,True,334.24556232487873,0.0,0.0,0.0,-16.367087783654096
271,24,2015-08-09,52.46965027979739,25.03805431705037,False,False,0.29845285382465186,0.27555555555555555,False,False,False,False,302.9921260721213,197.2550003992331,171.05173936780565,110.20552315983583,-17.153513344413938
272,24,2015-08-10,29.565563950293875,25.19618301551768,True,False,0.7501807636903016,0.7355555555555555,False,False,True,True,404.4490671609522,121.99270678942557,0.0,0.0,-16.452461636678933
273,24,2015-08-10,35.56725081896371,43.1965566544836,False,False,0.49066863431146557,0.47055555555555556,False,False,False,False,346.34055637482845,269.81725618882035,256.1873552619382,145.0367689699797,-16.777658779824783
274,24,2015-08-10,51.483723648790416,23.169285065518373,False,False,0.8584462915835441,0.8472222222222222,False,True,True,True,327.9487267690957,0.0,0.0,0.0,-16.32844847211047
275,24,2015-08-10,50.99341018071761,40.787530142735406,False,False,0.33645184301871345,0.3138888888888889,False,False,False,False,330.6281720256468,282.18413172813746,213.88112280970992,129.99306537508104,-17.05772188181146
276,24,2015-08-11,29.71594046049221,24.653985956103607,False,False,0.7575925203665151,0.7433333333333333,False,False,True,True,383.0191848871942,81.11269427487953,0.0,0.0,-16.443038931579146
277,24,2015-08-11,44.3755909647491,33.25725578867894,True,False,0.9989210191126056,0.9988888888888889,True,True,True,True,0.0,0.0,0.0,0.0,-15.72164873024299
278,24,2015-08-12,33.76200214852065,31.676293189696075,True,False,0.38369236758823033,0.3616666666666667,False,False,False,False,469.70205903242976,251.99103398941963,177.61925837052036,133.15603459472226,-16.95531567757727
279,24,2015-08-12,48.39708882381973,15.29870620534946,False,False,0.21951806477141908,0.2,False,False,False,False,1140.1211586592462,809.0959532386428,689.6387355873659,356.13641325245925,-17.457217554822172
280,24,2015-08-12,52.42574479864887,27.18905774346715,False,False,0.4090031575977201,0.38722222222222225,False,False,False,False,300.2023062254523,272.4644709406988,145.9530290913462,111.59512613501185,-16.91852526798994
281,24,2015-08-13,33.74551721748327,32.05471885821637,True,False,0.3338592916780565,0.3111111111111111,False,False,False,False,483.7225648983833,274.62558891445747,209.5120065464504,172.21176630968912,-17.062700920856287
282,24,2015-08-13,45.84626292824584,12.410579628148351,False,False,0.13270861861286634,0.12,False,False,False,False,1505.054258064216,1186.7380864923555,1025.8497469493677,734.3557006625988,-17.976965414700523
283,24,2015-08-14,35.02832626988178,31.63774039392542,True,True,0.6901263408501389,0.675,False,False,False,True,354.0082269104059,234.66036933703563,234.66036933703563,0.0,-16.513278615680605
284,24,2015-08-15,34.432872636563246,33.4567005365863,True,False,0.36253730894522374,0.34,False,False,False,False,361.4358833020988,284.4978180580394,284.4978180580394,145.68627409665473,-17.005498231404637
285,24,2015-08-15,43.52332666561178,15.255253380818706,False,False,0.1925701117935629,0.175,False,False,False,False,1253.320701117384,1021.585610370557,811.1872275229055,567.8915916532947,-17.58006639469643
286,24,2015-08-16,36.704219081153774,30.301356864198794,True,False,0.6398335477584548,0.6238888888888889,False,False,False,True,173.635920972301,153.39120927609764,79.45244968920699,0.0,-16.57013350164807
287,24,2015-08-17,39.27908977865592,29.36376804034882,True,False,0.7979054612906213,0.7838888888888889,False,False,True,True,146.9648882919661,76.95588744902726,0.0,0.0,-16.391262601664458
288,24,2015-08-18,41.19889075416731,30.34811813403,True,False,0.9471342505069902,0.9438888888888889,True,True,True,True,0.0,0.0,0.0,0.0,-16.199283252045092
289,24,2015-08-19,41.562257073429855,31.05175383032717,True,False,0.9646731838928373,0.9627777777777777,True,True,True,True,0.0,0.0,0.0,0.0,-16.142012242316106
290,24,2015-08-20,41.50598643192887,30.768018968104016,True,False,0.9471342505069902,0.9438888888888889,True,True,True,True,0.0,0.0,0.0,0.0,-16.199283252045092
291,25,2016-06-07,29.02238341538269,21.650324833660605,False,False,0.6693894593816017,0.6544444444444445,False,False,False,True,556.8988816551149,255.57012993088705,106.52929990169706,0.0,-16.537789038332214
292,25,2016-06-07,64.25140357392623,28.3519772835717,True,True,0.7290571836264184,0.7138888888888889,False,False,True,True,357.82332947053783,75.29945473258107,0.0,0.0,-16.47156302899839
293,25,2016-06-08,30.2740314597332,20.521023627395486,False,False,0.770244606185555,0.7561111111111111,False,False,True,True,552.7186369390746,332.06536003179525,0.0,0.0,-16.423747360015547
294,25,2016-06-08,64.16667386050513,28.377833395901867,True,False,0.7290571836264184,0.7138888888888889,False,False,True,True,349.7871918285206,66.58544847665117,0.0,0.0,-16.47156302899839
295,26,2016-07-17,42.75422714164891,32.80241017114172,True,True,0.9792712457484385,0.9783333333333334,True,True,True,True,0.0,0.0,0.0,0.0,-16.02584555176697
296,26,2016-07-18,43.62731223722763,33.0061441500091,True,False,0.9908986435419034,0.9905555555555555,True,True,True,True,0.0,0.0,0.0,0.0,-15.880323244945247
297,27,2016-08-03,41.34249209066371,32.315675561920365,True,True,0.9636202946673768,0.9616666666666667,True,True,True,True,0.0,0.0,0.0,0.0,-16.144729776391635
298,28,2017-06-30,28.218845506795827,37.022954319316376,False,False,0.8625455231195868,0.8516666666666667,False,True,True,True,166.08915635199216,0.0,0.0,0.0,-16.321219642184328
299,28,2017-06-30,45.20823372501688,21.48195820416035,True,False,0.6287994488208788,0.6127777777777778,False,False,False,True,604.5586646243257,405.8353581395548,117.13002404828558,0.0,-16.583976293297415
300,28,2017-06-30,57.045047514509776,44.82323587784119,False,False,0.8415909887963092,0.8294444444444444,False,True,True,True,56.12567264894639,0.0,0.0,0.0,-16.344431259746088
301,28,2017-07-01,29.319773574250323,35.570393073464615,True,False,0.4425535340078784,0.4211111111111111,False,False,False,False,333.7812010876845,226.71616983656864,226.71616983656864,104.63027537298669,-16.852214607539917
302,28,2017-07-01,45.358935348979074,20.93950531625764,False,False,0.6191831861540837,0.6033333333333334,False,False,False,True,655.5478842054308,430.7869821288945,174.13008023431453,0.0,-16.60020360956659
303,28,2017-07-01,45.71801291205978,44.28281225570159,False,False,0.9309316552465822,0.9266666666666666,True,True,True,True,0.0,0.0,0.0,0.0,-16.24018350863587
304,28,2017-07-01,58.93743150204151,43.70624741260584,False,False,0.8862194825544606,0.8777777777777778,False,True,True,True,117.99080119631765,0.0,0.0,0.0,-16.298823796741363
305,28,2017-07-02,37.300066610372106,30.036410603383988,True,False,0.7836280950679219,0.7694444444444445,False,False,True,True,126.24049122992439,126.24049122992439,0.0,0.0,-16.408982179882067
306,28,2017-07-02,58.396770691195584,43.03796178380087,False,False,0.8862194825544606,0.8777777777777778,False,True,True,True,88.94544661920763,0.0,0.0,0.0,-16.298823796741363
307,28,2017-07-03,42.77779320475821,31.68676601854112,True,True,0.9772817561638685,0.9761111111111112,True,True,True,True,0.0,0.0,0.0,0.0,-16.050610029815683
308,28,2017-07-04,46.95147951301528,31.52420016465004,True,False,0.9962362189289639,0.9961111111111111,True,True,True,True,0.0,0.0,0.0,0.0,-15.74156365848327
309,28,2017-07-05,30.3213904141227,20.982577581027343,False,False,0.770244606185555,0.7561111111111111,False,False,True,True,509.09283455380904,280.5277993532832,0.0,0.0,-16.423747360015547
310,28,2017-07-05,50.660165933328805,31.6389659478618,True,False,0.42671892190962357,0.405,False,False,False,False,110.99312141307017,110.99312141307017,110.99312141307017,110.99312141307017,-16.88294618401333
311,28,2017-07-06,45.59771840618521,26.17507221672101,True,False,0.8503826769109063,0.8388888888888889,False,True,True,True,147.64410910548162,0.0,0.0,0.0,-16.33782506641088
312,28,2017-07-06,62.67036762776831,39.86583126389648,False,False,0.8755560532350951,0.8661111111111112,False,True,True,True,99.6976658916855,0.0,0.0,0.0,-16.307554517508567
313,29,2017-07-17,40.01512102100068,27.482672148292988,True,True,0.7018540100266033,0.6866666666666666,False,False,True,True,267.087738340409,226.34424697144473,0.0,0.0,-16.498437176210597
314,29,2017-07-18,40.97907399269863,28.349976642335307,True,False,0.7058047159885885,0.6905555555555556,False,False,True,True,195.60533733358253,136.11132263241606,0.0,0.0,-16.49436934874677
315,30,2017-07-22,23.025339990906577,43.19413917639701,False,False,0.9368701346359724,0.9333333333333333,True,True,True,True,0.0,0.0,0.0,0.0,-16.22887698264004
316,30,2017-07-22,47.01055863997178,33.014369490233896,True,False,0.6676945326540114,0.6527777777777778,False,False,False,True,71.90034155801169,71.90034155801169,71.90034155801169,0.0,-16.538816217239194
317,30,2017-07-23,23.258990112764494,42.6586447078125,False,False,0.6320193368577174,0.6161111111111112,False,False,False,True,95.58025833889481,95.58025833889481,64.5992204646339,0.0,-16.58022462444587
318,30,2017-07-23,48.1268289276487,32.87517876596829,True,False,0.9903652335406846,0.99,True,True,True,True,0.0,0.0,0.0,0.0,-15.889170892887956
319,30,2017-07-23,42.049657625178526,11.97292306364228,False,False,0.22603575958065403,0.2061111111111111,False,False,False,False,1549.6090442722707,1402.4800948708855,1162.836593857889,934.5046534340885,-17.422978896802796
320,30,2017-07-24,23.57253678595032,42.45300694633454,False,False,0.6320193368577174,0.6161111111111112,False,False,False,True,116.56992563434098,106.13918089297609,76.2423860504669,0.0,-16.58022462444587
321,30,2017-07-24,44.0248995467829,27.694410016026545,True,False,0.9243279124839955,0.9194444444444444,True,True,True,True,0.0,0.0,0.0,0.0,-16.25389480420308
322,30,2017-07-24,60.44675796422744,42.24403458623762,False,False,0.8665992897737412,0.8561111111111112,False,True,True,True,139.72454707479568,0.0,0.0,0.0,-16.31624875039792
323,30,2017-07-25,42.08207048851733,28.532122904941847,True,False,0.8557547113147181,0.8444444444444444,False,True,True,True,115.03989709159505,0.0,0.0,0.0,-16.332083613102593
324,30,2017-07-25,62.28606103791916,41.0216506794727,False,False,0.8821796814739084,0.8733333333333333,False,True,True,True,117.54877462589532,0.0,0.0,0.0,-16.30249625819348
325,30,2017-07-26,41.8279641654856,29.474956832437154,True,False,0.8772364091617526,0.8677777777777778,False,True,True,True,65.10666630463547,0.0,0.0,0.0,-16.306020810212953
326,30,2017-07-26,62.2562804880388,40.46664565358439,False,False,0.883152496063877,0.8744444444444445,False,True,True,True,105.25134566470402,0.0,0.0,0.0,-16.302348108680288
327,30,2017-07-27,25.085892103964586,26.23636470881664,False,False,0.7922518371889155,0.7783333333333333,False,False,True,True,152.05337006547168,65.31790935710937,0.0,0.0,-16.398482865733364
328,30,2017-07-27,46.910667208054605,32.28181761750764,True,True,0.9994605095563017,0.9994444444444445,True,True,True,True,0.0,0.0,0.0,0.0,-15.719411590771246
329,30,2017-07-28,23.63363939939763,23.55304693563728,False,False,0.7244933550599179,0.7094444444444444,False,False,True,True,347.0157805739156,106.16762357237927,0.0,0.0,-16.476104154069947
330,30,2017-07-28,47.21791585960361,31.68364290081897,True,False,0.9983876091113868,0.9983333333333333,True,True,True,True,0.0,0.0,0.0,0.0,-15.722927469695906
331,30,2017-07-29,23.60861392441017,22.48318474234678,False,False,0.6739599170202945,0.6588888888888889,False,False,False,True,460.51315597827323,224.53325765073973,113.61014376174694,0.0,-16.533423141552344
332,30,2017-07-29,47.37681032012127,30.338444993346656,True,False,0.994085151808593,0.9938888888888889,True,True,True,True,0.0,0.0,0.0,0.0,-15.823294264311516
333,30,2017-07-29,68.10960111821788,36.41467881898173,False,False,0.4024308558694093,0.38055555555555554,False,False,False,False,394.0001403260456,132.27962633056634,125.56843973494274,125.56843973494274,-16.931495769092106
334,30,2017-07-30,23.08751893505645,20.93969689211425,False,False,0.589674089134656,0.5733333333333334,False,False,False,True,621.160980827485,398.1412439974284,172.1927508952699,0.0,-16.63853499794607
335,30,2017-07-30,21.374052641774146,43.03586704136328,False,False,0.9299748024979947,0.9255555555555556,True,True,True,True,0.0,0.0,0.0,0.0,-16.243791547711254
336,30,2017-07-30,46.79922778383288,29.557259268807016,True,False,0.9767363496117104,0.9755555555555555,True,True,True,True,0.0,0.0,0.0,0.0,-16.063886191432655
337,30,2017-07-30,67.52959640368287,35.44243145512569,False,False,0.0923251038497669,0.08277777777777778,False,False,False,False,433.56241498438715,228.8068004956584,228.8068004956584,228.8068004956584,-18.181479624379637
338,31,2017-08-01,22.06190560358596,41.784764079727424,False,False,0.9449424496871466,0.9416666666666667,True,True,True,True,0.0,0.0,0.0,0.0,-16.206328430989053
339,31,2017-08-01,45.13272897659283,30.063805972786533,True,False,0.9830445663666708,0.9822222222222222,True,True,True,True,0.0,0.0,0.0,0.0,-15.979433937264199
340,31,2017-08-01,68.47898165134617,35.290430471979626,False,False,0.13572953402301,0.12277777777777778,False,False,False,False,502.457769115967,260.8460443367754,245.7004608712918,245.7004608712918,-17.967523466092736
341,31,2017-08-02,42.01493620230315,31.567065010635314,True,False,0.9772817561638685,0.9761111111111112,True,True,True,True,0.0,0.0,0.0,0.0,-16.050610029815683
342,31,2017-08-02,25.1560124734469,21.72011774481352,False,False,0.5799198711476795,0.5633333333333334,False,False,False,True,595.894755939663,352.4536172931896,209.05498597280769,0.0,-16.649111338980685
343,31,2017-08-03,41.289830165844975,32.37780903186806,True,False,0.9636202946673768,0.9616666666666667,True,True,True,True,0.0,0.0,0.0,0.0,-16.144729776391635
344,31,2017-08-03,25.291161166835632,21.49142792942014,False,False,0.5799198711476795,0.5633333333333334,False,False,False,True,624.8842827054216,381.46773826845583,237.671011923526,0.0,-16.649111338980685
345,31,2017-08-04,40.56917990833206,33.059465489470725,True,False,0.9374035446371911,0.9338888888888889,True,True,True,True,0.0,0.0,0.0,0.0,-16.228312796251732
346,31,2017-08-04,25.495675128141524,21.306789087517487,False,False,0.5799198711476795,0.5633333333333334,False,False,False,True,652.7602890794336,409.68555896402415,264.48027583965506,0.0,-16.649111338980685
347,31,2017-08-05,40.9411085658422,33.51106925775135,True,False,0.9374035446371911,0.9338888888888889,True,True,True,True,0.0,0.0,0.0,0.0,-16.228312796251732
348,31,2017-08-06,41.77844868734527,34.29195089973571,True,True,0.9808637707880273,0.98,True,True,True,True,0.0,0.0,0.0,0.0,-16.008863207162747
349,31,2017-08-07,43.3368173983473,35.297804454858046,True,False,0.9946059153809514,0.9944444444444445,True,True,True,True,0.0,0.0,0.0,0.0,-15.791509546759377
350,31,2017-08-07,68.58934513653203,34.29442796594231,False,False,0.12721499222683108,0.115,False,False,False,False,593.6931192566012,369.69433600815603,356.53461955090677,356.53461955090677,-17.996194528770637
351,31,2017-08-08,43.21237559700844,35.487996468510545,True,False,0.9946059153809514,0.9944444444444445,True,True,True,True,0.0,0.0,0.0,0.0,-15.791509546759377
352,31,2017-08-08,68.60517671572354,34.33259545508654,False,False,0.12721499222683108,0.115,False,False,False,False,591.1805287875518,365.98287374160003,352.3270542426736,352.3270542426736,-17.996194528770637
353,31,2017-08-09,41.946461071245125,35.040735131071635,True,False,0.9876638220576283,0.9872222222222222,True,True,True,True,0.0,0.0,0.0,0.0,-15.920778685243361
354,31,2017-08-09,68.66563195338101,35.00262630169771,False,False,0.13572953402301,0.12277777777777778,False,False,False,False,537.437784268187,296.70761757379535,278.0924076887219,278.0924076887219,-17.967523466092736
355,31,2017-08-09,68.054989786648,43.04807633033608,False,False,0.6656589738273535,0.6505555555555556,False,False,False,True,75.93441827310599,67.40944761926748,67.40944761926748,0.0,-16.540413323764167
356,31,2017-08-10,39.76186037005108,34.028877465185154,True,False,0.9496241007947225,0.9466666666666667,True,True,True,True,0.0,0.0,0.0,0.0,-16.191106450613027
357,31,2017-08-11,37.0957798784918,33.32459783382784,True,False,0.8630789331208055,0.8522222222222222,False,True,True,True,244.71887792286515,0.0,0.0,0.0,-16.320934085185375
358,31,2017-08-11,53.36965052980937,25.54809711758337,False,False,0.2831952803317054,0.2611111111111111,False,False,False,False,388.3152225603291,296.02761010147196,228.11970909057322,187.68089543584617,-17.191757413982828
359,31,2017-08-12,38.230391616862825,33.182523064342625,True,False,0.8254137144323822,0.8122222222222222,False,True,True,True,187.6405092408521,0.0,0.0,0.0,-16.35766334330793
360,31,2017-08-12,26.907155031688823,19.235362811165203,False,False,0.5349715094726031,0.5161111111111111,False,False,False,True,897.2224328956495,602.6527115367032,378.0383038917005,0.0,-16.71191748423691
361,31,2017-08-13,40.618236380146136,32.70983204310477,True,False,0.9041451571771115,0.8977777777777778,True,True,True,True,0.0,0.0,0.0,0.0,-16.282755080331672
362,31,2017-08-13,26.91998690175683,19.23748789018795,False,False,0.5349715094726031,0.5161111111111111,False,False,False,True,896.0621623137233,601.6461843531465,376.67556141134463,0.0,-16.71191748423691
363,32,2018-07-09,54.17447446461454,34.8384964763568,True,False,0.9160011658588285,0.9105555555555556,True,True,True,True,0.0,0.0,0.0,0.0,-16.26519406695141
364,32,2018-07-10,52.77837340984679,34.991980978211565,True,False,0.8551925602087382,0.8438888888888889,False,True,True,True,85.67286562924072,0.0,0.0,0.0,-16.33246220883922
365,32,2018-07-11,51.96870582385922,34.99113710235497,True,False,0.7879614391251117,0.7738888888888888,False,False,True,True,150.1897799788853,73.06766466207358,0.0,0.0,-16.403300298444005
366,32,2018-07-12,51.67212418518724,33.84422051444168,True,True,0.3870125414900151,0.365,False,False,False,False,183.28575150248852,105.44105787006434,74.618952950885,74.618952950885,-16.94887476115633
367,32,2018-07-13,27.03372450641,36.19284040222509,False,False,0.45773278272656487,0.43666666666666665,False,False,False,False,259.83362329995657,195.3144460817221,151.15495585418847,135.6896339311375,-16.829545945419024
368,32,2018-07-13,52.636555150604856,33.15744377791354,True,False,0.5546697317611172,0.5366666666666666,False,False,False,True,169.25311658922126,149.81752694613706,88.80358867417004,0.0,-16.683153920123555
369,32,2018-07-14,28.66720898886729,35.83036986663954,False,False,0.43213397205427273,0.41055555555555556,False,False,False,False,297.21909183808816,186.25261733098623,186.25261733098623,75.95743509478409,-16.87293253354684
370,32,2018-07-14,37.02037876046515,43.79474326525365,False,False,0.4955164539891984,0.47555555555555556,False,False,False,False,222.82512004385478,222.82512004385478,193.37398126665684,87.25958935959787,-16.770064901213306
371,32,2018-07-14,49.77129124362958,21.44454453269671,False,False,0.7587697516525023,0.7444444444444445,False,False,True,True,451.79426223110084,120.64943343875255,0.0,0.0,-16.442600843894592
372,32,2018-07-14,58.95065543135565,37.696444143860575,True,False,0.297875498981957,0.275,False,False,False,False,101.46109791225726,97.66632369290517,97.66632369290517,53.09866845033965,-17.156405991680597
373,32,2018-07-15,29.129090171539406,35.658507652416674,False,False,0.4425535340078784,0.4211111111111111,False,False,False,False,320.84802123788234,212.32851496570063,212.32851496570063,99.32947827792096,-16.852214607539917
374,32,2018-07-15,57.03498287211096,31.82179709361343,True,False,0.9165465724109867,0.9111111111111111,True,True,True,True,0.0,0.0,0.0,0.0,-16.263249599506402
375,33,2019-06-26,43.52865900619659,28.45245840797347,True,True,0.8982641109610718,0.8911111111111111,False,True,True,True,95.08774899806822,0.0,0.0,0.0,-16.288746182654318
376,33,2019-06-27,41.22021363457133,25.67610863141677,True,False,0.779754236382831,0.7655555555555555,False,False,True,True,273.50544014982734,129.83363982932164,0.0,0.0,-16.41295683151244
377,33,2019-06-27,65.31912285217692,22.86469558341605,False,False,0.1531011879948176,0.1388888888888889,False,False,False,False,929.735318436385,652.5608720967876,606.6428426056849,404.64063647389645,-17.858357352493933
378,34,2019-07-18,28.39240419203306,23.022314146843406,False,False,0.7228632337327302,0.7077777777777777,False,False,True,True,545.100374245183,221.75706953642205,0.0,0.0,-16.477718043626663
379,34,2019-07-18,60.024084102878255,37.882279085523344,True,False,0.8640426592184289,0.8533333333333334,False,True,True,True,80.29842681349442,0.0,0.0,0.0,-16.32045264154791
380,34,2019-07-19,29.171968594516727,22.97165285568133,False,False,0.7485557974081879,0.7338888888888889,False,False,True,True,472.15422667629684,147.8638842916869,0.0,0.0,-16.453131614107026
381,34,2019-07-19,59.58108726402439,37.66415663730866,True,False,0.5086049233459744,0.48944444444444446,False,False,False,True,93.21223568818282,83.0059983115208,83.0059983115208,0.0,-16.74812359605793
382,34,2019-07-20,30.15191215882209,22.38854824275468,False,False,0.7663136391054378,0.7522222222222222,False,False,True,True,414.43767303130414,128.62495224544568,0.0,0.0,-16.431115303289463
383,34,2019-07-20,59.033027399732205,37.63211435604863,True,True,0.5086049233459744,0.48944444444444446,False,False,False,True,104.80587380341925,104.80587380341925,104.80587380341925,0.0,-16.74812359605793
384,35,2020-07-19,51.6141700925801,37.55548667594413,True,False,0.3092000147666082,0.2861111111111111,False,False,False,False,331.2805357327272,273.702967347008,228.78749060489903,228.78749060489903,-17.12347856768575
385,35,2020-07-19,65.20197763826354,23.333848465645577,False,False,0.16343322985512085,0.14833333333333334,False,False,False,False,877.1298347091929,599.1108702426106,569.4129342540829,353.34040953998203,-17.787797505073716
386,35,2020-07-20,50.16607527594034,36.73448864965741,True,False,0.3125058429716409,0.28944444444444445,False,False,False,False,390.534346177674,325.9246283565628,182.2027408488025,140.50760706162023,-17.11318538605577
387,35,2020-07-20,65.56680308310834,23.50962627318224,False,False,0.16343322985512085,0.14833333333333334,False,False,False,False,875.2978877429368,592.0605566856623,532.420284994909,332.58295995975504,-17.787797505073716
388,35,2020-07-21,49.60372245486359,35.56559957948098,True,True,0.41772571994378166,0.39611111111111114,False,False,False,False,355.7208353321456,289.083897718409,171.74392015121623,81.43002944387634,-16.901860950858207
389,35,2020-07-21,65.72788509313901,23.4292736706212,False,False,0.16343322985512085,0.14833333333333334,False,False,False,False,890.6827799067293,606.1890682104168,531.300718621517,342.22124842318954,-17.787797505073716
390,36,2020-07-29,39.39484381231325,33.065518727999084,True,False,0.856288121315937,0.845,False,True,True,True,113.52311257717624,0.0,0.0,0.0,-16.33177916934096
391,36,2020-07-29,63.90616700030736,32.900525027770186,False,False,0.6840557579742648,0.6688888888888889,False,False,False,True,204.34265282114632,138.90881738012524,138.90881738012524,0.0,-16.523718232453554
392,36,2020-07-29,65.88326983087157,23.35302589603096,False,False,0.16343322985512085,0.14833333333333334,False,False,False,False,905.5101672542195,619.907607532328,530.6946949032987,352.0549210443123,-17.787797505073716
393,36,2020-07-30,39.0598947351682,32.25138240965689,True,False,0.8059677301700847,0.7922222222222223,False,True,True,True,138.03620150082014,0.0,0.0,0.0,-16.38252168289299
394,36,2020-07-30,65.6446543538312,23.76693269643533,False,False,0.16343322985512085,0.14833333333333334,False,False,False,False,853.4549084600873,568.1339988720155,504.1775053044782,304.25220612730163,-17.787797505073716
395,36,2020-07-30,66.76189925719916,33.628429231898444,False,False,0.20280217165224065,0.18444444444444444,False,False,False,False,464.1884440613372,386.55595911851333,317.69772949966125,245.29225491979017,-17.53657434568051
396,36,2020-07-31,37.965357710364856,31.139195760988898,True,True,0.8568335278680952,0.8455555555555555,False,True,True,True,87.51118119000137,0.0,0.0,0.0,-16.331669377064138
397,36,2020-07-31,65.64401297555237,23.760302557937347,False,False,0.16343322985512085,0.14833333333333334,False,False,False,False,854.0767613904541,568.7951184628895,504.82544097809216,304.9855455513745,-17.787797505073716
398,37,2021-06-28,23.4883820659537,36.53858237734257,False,False,0.5428689767599425,0.5244444444444445,False,False,False,True,218.1023961259992,218.1023961259992,138.30482332528533,0.0,-16.698085210752094
399,37,2021-06-28,35.214370670966126,20.21841461551105,False,False,0.6642079585000222,0.6488888888888888,False,False,False,True,507.66280394353976,309.6400619288175,80.78651376041938,0.0,-16.543083938117025
400,37,2021-06-28,49.43683173804739,35.691264682376385,True,False,0.41772571994378166,0.39611111111111114,False,False,False,False,356.57009553914145,308.54214782268605,187.75181739531556,98.45323568364745,-16.901860950858207
401,37,2021-06-29,23.90748180004997,37.22330051893151,False,False,0.6928276931656185,0.6777777777777778,False,False,False,True,146.3997727842619,146.3997727842619,128.14062445508608,0.0,-16.510484822040503
402,37,2021-06-29,34.14925147072002,21.012017063261336,False,False,0.7349956110660363,0.72,False,False,True,True,393.5161321013187,178.52536870544927,0.0,0.0,-16.46433105342251
403,37,2021-06-29,51.10969114943449,35.489162694920296,True,False,0.7193583085651077,0.7044444444444444,False,False,True,True,243.93067518699294,167.73691573487724,0.0,0.0,-16.48025958588929
404,37,2021-06-30,24.102399283353115,37.29710690358277,False,False,0.5488344615696366,0.5305555555555556,False,False,False,True,143.81991324122683,143.81991324122683,143.33540474796933,0.0,-16.69024442582063
405,37,2021-06-30,42.63599431921105,28.312655504919,True,False,0.8557547113147181,0.8444444444444444,False,True,True,True,132.68881967911764,0.0,0.0,0.0,-16.332083613102593
406,37,2021-06-30,61.00414929828856,41.82077133670648,False,False,0.8716678613726901,0.8616666666666667,False,True,True,True,191.07240914717633,0.0,0.0,0.0,-16.31195805289151
407,37,2021-07-01,23.76802944183732,35.44226744135116,False,False,0.47509192467104655,0.45444444444444443,False,False,False,False,340.8370369056388,340.8370369056388,255.35507107601813,120.06231063989878,-16.802548142722262
408,37,2021-07-01,44.22128831010527,28.118554715603658,True,False,0.9439066281371055,0.9405555555555556,True,True,True,True,0.0,0.0,0.0,0.0,-16.208325985177765
409,37,2021-07-01,62.68273477350938,41.39121127965184,False,False,0.8821796814739084,0.8733333333333333,False,True,True,True,120.547838562633,0.0,0.0,0.0,-16.30249625819348
410,37,2021-07-02,23.18947087562325,33.56636561021316,False,False,0.40077784279739925,0.3788888888888889,False,False,False,False,231.6060333395806,231.6060333395806,134.87285900546513,122.05678541497277,-16.934985955547504
411,37,2021-07-02,49.915629419012326,31.10659190679884,True,False,0.9866288570470698,0.9861111111111112,True,True,True,True,0.0,0.0,0.0,0.0,-15.929674412036704
412,37,2021-07-03,21.289533900851456,29.73057660637086,False,False,0.9599584466678984,0.9577777777777777,True,True,True,True,0.0,0.0,0.0,0.0,-16.163302894187147
413,37,2021-07-03,49.91035649135038,30.44611707487624,True,True,0.9710446250703847,0.9694444444444444,True,True,True,True,0.0,0.0,0.0,0.0,-16.107828263468274
414,37,2021-07-04,51.02386847802986,31.575110807084204,True,False,0.2481490783951762,0.22722222222222221,False,False,False,False,129.54733698742874,129.54733698742874,129.54733698742874,129.54733698742874,-17.319730530869418
415,37,2021-07-05,43.91775855871661,20.43169804694988,False,False,0.5205140644411406,0.5016666666666667,False,False,False,True,767.2105707892889,565.1892755475568,282.3071719767692,0.0,-16.732643214505156
416,37,2021-07-05,58.45913701319708,39.071375029250206,True,False,0.948155001068659,0.945,True,True,True,True,0.0,0.0,0.0,0.0,-16.195628546103322
417,37,2021-07-06,42.253199965337664,20.87332214817221,False,False,0.4397982693783912,0.41833333333333333,False,False,False,False,641.6471837326977,441.54251632100653,381.1098036823802,74.23292229172161,-16.860553061542163
418,37,2021-07-06,59.19353825286363,38.20546203118149,True,False,0.9395904360427251,0.9361111111111111,True,True,True,True,0.0,0.0,0.0,0.0,-16.220562394480478
419,37,2021-07-07,22.94367967540295,39.79945711749397,False,False,0.9510822923118505,0.9483333333333334,True,True,True,True,0.0,0.0,0.0,0.0,-16.187082233978593
420,37,2021-07-07,56.13078175608906,33.72979359409334,True,False,0.845196529607358,0.8333333333333334,False,True,True,True,92.14144136451242,0.0,0.0,0.0,-16.34253700227734
421,37,2021-07-08,22.886721307250376,40.01308662463484,False,False,0.8656636784123223,0.855,False,True,True,True,65.93810031663782,0.0,0.0,0.0,-16.319211666447142
422,37,2021-07-08,54.312364434587735,31.37460644909479,True,False,0.41508778584081524,0.3933333333333333,False,False,False,False,302.7307907611426,236.98824123701843,236.98824123701843,113.5332859138118,-16.906687181022292
423,38,2021-07-18,41.43122286743146,38.03507808703774,True,False,0.6636087993581028,0.6483333333333333,False,False,False,True,59.804393255727724,59.804393255727724,59.804393255727724,0.0,-16.54317372283926
424,38,2021-07-19,42.48044021784872,37.401432441020695,True,False,0.8540880382891556,0.8427777777777777,False,True,True,True,87.23934508551334,0.0,0.0,0.0,-16.333302200270165
425,38,2021-07-20,42.93132510304881,36.29470347321669,True,False,0.9887234300479864,0.9883333333333333,True,True,True,True,0.0,0.0,0.0,0.0,-15.91085849929688
426,38,2021-07-21,44.3921818191896,35.747625637189806,True,True,0.9929945048403959,0.9927777777777778,True,True,True,True,0.0,0.0,0.0,0.0,-15.877321687529852
427,39,2021-07-26,25.81075097991628,41.794695277454,False,False,0.8084254141264352,0.795,False,True,True,True,65.98178843981987,0.0,0.0,0.0,-16.38038867601021
428,39,2021-07-26,32.405209640684326,34.733351596950826,False,False,0.41061238512817744,0.3888888888888889,False,False,False,False,471.1174875340655,466.4910442911027,382.0433337081248,131.08134120493395,-16.913680058086424
429,39,2021-07-26,54.607296521843125,32.98712383399924,True,False,0.6484366372411502,0.6327777777777778,False,False,False,True,168.51663047439874,57.89565999510356,57.89565999510356,0.0,-16.559008372548014
430,39,2021-07-27,27.807652498625448,40.125717571559086,False,False,0.733278889336353,0.7183333333333334,False,False,True,True,182.69877752814472,74.37346113171986,0.0,0.0,-16.46832268403837
431,39,2021-07-27,50.94816265864824,29.56051428102327,True,True,0.5048753753161908,0.4855555555555556,False,False,False,True,113.02431093221405,53.81275345353925,53.81275345353925,0.0,-16.753829513667682
432,39,2021-07-28,27.465873537962423,39.27625790847776,False,False,0.8337369742752828,0.8211111111111111,False,True,True,True,86.3665801630852,0.0,0.0,0.0,-16.35270432344216
433,39,2021-07-28,48.59602589125363,26.16858355312074,True,False,0.9527133923025829,0.95,True,True,True,True,0.0,0.0,0.0,0.0,-16.18442404298047
434,39,2021-07-28,66.43716524425055,32.95998914806622,False,False,0.28732073733913027,0.265,False,False,False,False,404.3170595661754,320.4200818019207,244.0328976258382,184.72981003176002,-17.177491648534048
435,40,2021-07-31,28.51060604312257,37.514512466400646,True,False,0.8625455231195868,0.8516666666666667,False,True,True,True,109.58530496130177,0.0,0.0,0.0,-16.321219642184328
436,40,2021-07-31,48.84233722398605,22.361140589162176,False,False,0.7967713678386992,0.7827777777777778,False,False,True,True,355.3661419332771,69.33710273541921,0.0,0.0,-16.392724439689996
437,40,2021-07-31,50.7203294060072,43.05043064838979,False,False,0.40558261213067437,0.3838888888888889,False,False,False,False,215.39019454357208,152.5002058454753,152.5002058454753,80.51749190125447,-16.925512994121213
438,40,2021-08-01,31.83152918493027,37.85732472497404,True,False,0.5643550608222537,0.5472222222222223,False,False,False,True,299.8265527913816,215.95490544264953,184.9101821090096,0.0,-16.670643257966315
439,40,2021-08-01,50.156189416786894,23.325391160625244,False,False,0.8594969041930131,0.8483333333333334,False,True,True,True,250.7661039090008,0.0,0.0,0.0,-16.326367101848362
440,40,2021-08-02,36.09680647480196,38.46205958539013,True,False,0.3799308956505813,0.35777777777777775,False,False,False,False,236.22703785438725,162.9957937445818,112.6615539375198,112.6615539375198,-16.95980505784991
441,40,2021-08-02,37.93913139045336,21.020347634125752,False,False,0.2850257586442595,0.2627777777777778,False,False,False,False,501.39722380628194,467.57119620446707,360.34903973239807,158.3828231387886,-17.1795138498194
442,40,2021-08-02,50.82934315358678,22.993653988194307,False,False,0.804927630402122,0.7911111111111111,False,True,True,True,309.5641441254543,0.0,0.0,0.0,-16.38500374194879
443,40,2021-08-03,37.55645758209676,38.16313434086089,True,False,0.476169888838008,0.45555555555555555,False,False,False,False,110.9215858857483,73.90378921174599,73.90378921174599,73.90378921174599,-16.8017757928363
444,40,2021-08-03,37.7521847115364,21.99360383322185,False,False,0.2850257586442595,0.2627777777777778,False,False,False,False,397.2501327383493,395.5562218012852,330.98644539027714,140.49135952841604,-17.1795138498194
445,40,2021-08-03,50.63525936932907,23.11837091890895,False,False,0.8594969041930131,0.8483333333333334,False,True,True,True,288.7286517507188,0.0,0.0,0.0,-16.326367101848362
446,40,2021-08-04,37.53811336065565,37.334982629709295,True,False,0.8296864563033476,0.8166666666666667,False,True,True,True,86.90712038407315,0.0,0.0,0.0,-16.35523621814344
447,40,2021-08-04,51.03915925136041,23.226873436559817,False,False,0.8584462915835441,0.8472222222222222,False,True,True,True,296.9664742550186,0.0,0.0,0.0,-16.32844847211047
448,40,2021-08-05,37.27890251168151,37.00070880647119,True,False,0.9657441239402647,0.9638888888888889,True,True,True,True,0.0,0.0,0.0,0.0,-16.140395633238768
449,40,2021-08-05,51.23219722412998,23.152984607139,False,False,0.8584462915835441,0.8472222222222222,False,True,True,True,314.49214459723294,0.0,0.0,0.0,-16.32844847211047
450,40,2021-08-06,38.6439870131923,36.515693912343465,True,False,0.9797854471866385,0.9788888888888889,True,True,True,True,0.0,0.0,0.0,0.0,-16.02233682293895
451,40,2021-08-06,51.20469538545007,22.912601541874004,False,False,0.8139708246280745,0.8005555555555556,False,True,True,True,335.6429578988172,0.0,0.0,0.0,-16.375386622813835
452,40,2021-08-07,41.47222638386451,36.59014004264654,True,False,0.9845871706812707,0.9838888888888889,True,True,True,True,0.0,0.0,0.0,0.0,-15.95654748442342
453,40,2021-08-07,50.7680460214988,22.457795531134632,False,False,0.804927630402122,0.7911111111111111,False,True,True,True,361.971461869657,0.0,0.0,0.0,-16.38500374194879
454,40,2021-08-08,40.54769458605074,37.30001307914892,True,True,0.9641277773406791,0.9622222222222222,True,True,True,True,0.0,0.0,0.0,0.0,-16.143473629661177
455,40,2021-08-08,50.580652056535904,22.957406037347685,False,False,0.804927630402122,0.7911111111111111,False,True,True,True,303.2112500942333,0.0,0.0,0.0,-16.38500374194879
456,40,2021-08-09,26.48401926110604,38.36576946245432,True,False,0.6170296651727901,0.6011111111111112,False,False,False,True,89.74455423423198,89.74455423423198,89.74455423423198,0.0,-16.603227256634156
457,40,2021-08-09,24.51380586979905,23.30801398490545,False,False,0.7256524297542355,0.7105555555555556,False,False,True,True,408.91349669902246,167.89439581064917,0.0,0.0,-16.473933406838775
458,40,2021-08-09,37.40993212508484,22.802833165738093,False,False,0.25986752614887715,0.23833333333333334,False,False,False,False,319.6494467913435,319.6494467913435,284.4775893500311,172.5348036681701,-17.269145984126123
459,40,2021-08-09,51.35075583920241,41.217291152175214,False,False,0.3458143299002355,0.3233333333333333,False,False,False,False,297.2359517077541,228.07791502157926,197.55852636181243,171.46685888398994,-17.038545394949946
460,40,2021-08-09,50.569274023171,24.09174975207675,False,False,0.8727139331053533,0.8627777777777778,False,True,True,True,190.18374473727525,0.0,0.0,0.0,-16.310743908551633
461,41,2021-08-28,39.67636918963181,32.524179286932366,True,True,0.8059677301700847,0.7922222222222223,False,True,True,True,77.27711120312924,0.0,0.0,0.0,-16.38252168289299
462,42,2022-07-19,33.66506413456441,34.86686964293277,False,False,0.4193854561638077,0.3977777777777778,False,False,False,False,355.53672120131984,355.53672120131984,267.0757356238456,71.98144384823934,-16.899428155079967
463,42,2022-07-19,53.74490993084546,35.11017280311047,True,False,0.5776741520586305,0.5611111111111111,False,False,False,True,71.43789935450341,71.43789935450341,71.43789935450341,0.0,-16.651812120050817
464,42,2022-07-20,23.04858155599529,44.97835584213409,False,False,0.9787317553047424,0.9777777777777777,True,True,True,True,0.0,0.0,0.0,0.0,-16.03780054022578
465,42,2022-07-20,33.655195836749854,34.59879282812148,False,False,0.4193854561638077,0.3977777777777778,False,False,False,False,364.029014225907,364.029014225907,277.6627342836012,101.2007066955483,-16.899428155079967
466,42,2022-07-20,45.175408030319865,29.380417446999967,True,False,0.972513850528254,0.9711111111111111,True,True,True,True,0.0,0.0,0.0,0.0,-16.091203813500993
467,42,2022-07-20,62.1201897451582,39.200812670398285,False,False,0.8755560532350951,0.8661111111111112,False,True,True,True,143.22729885218416,0.0,0.0,0.0,-16.307554517508567
468,42,2022-07-21,23.26567385821197,43.46330508069063,False,False,0.9368701346359724,0.9333333333333333,True,True,True,True,0.0,0.0,0.0,0.0,-16.22887698264004
469,42,2022-07-21,54.94366014372737,34.36888916531533,True,True,0.9160011658588285,0.9105555555555556,True,True,True,True,0.0,0.0,0.0,0.0,-16.26519406695141
470,42,2022-07-22,23.5256429357676,42.574122289228,False,False,0.6320193368577174,0.6161111111111112,False,False,False,True,102.97413696056606,102.97413696056606,80.25587904780676,0.0,-16.58022462444587
471,42,2022-07-22,33.6195761757476,34.965700861229315,False,False,0.4193854561638077,0.3977777777777778,False,False,False,False,357.38949830764767,357.38949830764767,268.2665144896836,60.39593543765945,-16.899428155079967
472,42,2022-07-22,55.52476942310543,33.63545869258218,True,False,0.8947950983843731,0.8872222222222222,False,True,True,True,96.15980927402887,0.0,0.0,0.0,-16.291996212851572
473,43,2023-07-12,24.088230610189463,40.67137747053029,False,False,0.6601598209657623,0.645,False,False,False,True,161.88437385945025,53.20307155200809,53.20307155200809,0.0,-16.546564438274867
474,43,2023-07-12,35.1342140502224,33.40637297207702,False,False,0.4370478531833827,0.41555555555555557,False,False,False,False,318.1753827433291,219.7256796996778,219.7256796996778,106.40605155135258,-16.867167695849435
475,43,2023-07-12,45.24122651128141,19.465175920142315,False,False,0.48385530287987155,0.4633333333333333,False,False,False,False,800.9234173416016,556.1468614864166,326.4120546481239,118.20210392019007,-16.784839757064294
476,43,2023-07-12,60.47443127456821,36.66707322025671,True,True,0.5064624771993057,0.4872222222222222,False,False,False,True,203.8248904283194,92.64512669194613,92.64512669194613,0.0,-16.751382001031665
477,44,2023-07-15,40.10123301006798,29.014563517280425,True,False,0.8353327179039086,0.8227777777777778,False,True,True,True,213.33558004700993,0.0,0.0,0.0,-16.351306965985348
478,44,2023-07-16,40.11046936563322,29.29021989864424,True,False,0.8353327179039086,0.8227777777777778,False,True,True,True,189.83437115581768,0.0,0.0,0.0,-16.351306965985348
479,44,2023-07-17,24.509976515774344,18.081201571001323,False,False,0.4640643387368148,0.44333333333333336,False,False,False,False,958.6377397033398,721.3569456383149,414.8622981040709,114.42796071696846,-16.819743281073702
480,44,2023-07-17,41.65326075851567,28.83826392967857,True,False,0.7910927624945978,0.7772222222222223,False,False,True,True,110.33182740402631,75.07136861944215,0.0,0.0,-16.400834793062632
481,44,2023-07-18,40.505330656768336,27.164902937352643,True,False,0.7018540100266033,0.6866666666666666,False,False,True,True,272.4062435671075,200.52505969064487,0.0,0.0,-16.498437176210597
482,44,2023-07-19,40.14348409822605,26.941379197483936,True,False,0.7199307693580368,0.705,False,False,True,True,229.26438496394837,172.64919922594746,0.0,0.0,-16.479788204866846
483,44,2023-07-20,40.43733968618786,27.47674024094263,True,False,0.7018540100266033,0.6866666666666666,False,False,True,True,292.3725953059598,203.47833305520737,0.0,0.0,-16.498437176210597
484,44,2023-07-21,39.89998523147668,28.23831022631107,True,False,0.7103124706312919,0.695,False,False,True,True,285.73854032153804,151.97298218198193,0.0,0.0,-16.491967134797463
485,44,2023-07-22,39.65813515390314,29.57873028802421,True,False,0.7979054612906213,0.7838888888888889,False,False,True,True,151.39876056492182,81.9123459914636,0.0,0.0,-16.391262601664458
486,44,2023-07-22,65.8533344933127,32.449794921962976,False,False,0.4493658531198235,0.42833333333333334,False,False,False,False,333.4485014947271,245.81198923919175,165.67497663800128,110.74616438618183,-16.842222710949596
487,44,2023-07-22,67.95297026210086,40.30749534474607,False,False,0.5017298535064252,0.4822222222222222,False,False,False,True,246.70440346456604,180.25529445466987,137.95646643192867,0.0,-16.759312003819094
488,44,2023-07-23,42.336484321044864,31.529273107199025,True,False,0.9772817561638685,0.9761111111111112,True,True,True,True,0.0,0.0,0.0,0.0,-16.050610029815683
489,44,2023-07-24,43.55395114792016,31.826613286129334,True,False,0.9778271627160267,0.9766666666666667,True,True,True,True,0.0,0.0,0.0,0.0,-16.045207784584726
490,44,2023-07-25,44.08518209120782,31.4305742515498,True,True,0.9882092286097863,0.9877777777777778,True,True,True,True,0.0,0.0,0.0,0.0,-15.919158976008566
491,44,2023-07-26,43.76537214603798,30.75333870708843,True,False,0.9704934685458836,0.9688888888888889,True,True,True,True,0.0,0.0,0.0,0.0,-16.11495371873453
492,44,2023-07-27,42.34222213523972,28.73191347736924,True,False,0.8557547113147181,0.8444444444444444,False,True,True,True,86.77181086187159,0.0,0.0,0.0,-16.332083613102593
493,44,2023-07-28,41.58532097716641,26.65774304295021,True,False,0.7885338999180408,0.7744444444444445,False,False,True,True,303.37734330519885,92.63477744877498,0.0,0.0,-16.40259949599321
494,44,2023-07-28,68.23995653384394,39.06759521056327,False,False,0.12668782514994334,0.11444444444444445,False,False,False,False,325.4336286407391,185.88731805728094,175.78014490759787,157.27931554814347,-17.996280609547473
495,44,2023-07-29,40.43606807619652,25.285439029998685,True,False,0.7113381746383814,0.6961111111111111,False,False,True,True,195.93892993235394,87.57468635765491,0.0,0.0,-16.490605665935433
496,44,2023-07-29,59.47262732557599,41.77520217776466,False,False,0.8907456506760651,0.8827777777777778,False,True,True,True,86.42640529866479,0.0,0.0,0.0,-16.294071995509913
497,44,2023-07-30,24.53295700320019,20.103214279078017,False,False,0.5309994707164768,0.5122222222222222,False,False,False,True,740.9246239541501,500.30856394637755,319.35674417136266,0.0,-16.72062834075156
498,44,2023-07-30,27.261036216921926,34.23567278367214,False,False,0.3831469610360721,0.3611111111111111,False,False,False,False,464.60090846193526,379.7466528801447,363.61481743427714,213.4814371863392,-16.95589294664877
499,44,2023-07-30,45.374726939088085,23.712173302031363,True,False,0.7469213138924714,0.7322222222222222,False,False,True,True,376.65981197224295,217.5770393382149,0.0,0.0,-16.45513046059476
500,44,2023-07-30,62.68813671495454,41.86518904045536,False,False,0.8821796814739084,0.8733333333333333,False,True,True,True,166.31105050771706,0.0,0.0,0.0,-16.30249625819348
501,44,2023-07-31,24.701955773201004,19.92399555943824,False,False,0.49971643262138093,0.48,False,False,False,False,765.004317853636,523.6456978555958,340.1934538915438,67.42662068835266,-16.764068032225442
502,44,2023-07-31,26.7190860087986,34.4394809952094,False,False,0.41344915492336964,0.39166666666666666,False,False,False,False,443.8066238851605,376.1437493700418,347.49080526469237,162.00137898735133,-16.90993314232682
503,44,2023-07-31,46.12499456793975,24.944701868703707,True,False,0.734400452804632,0.7194444444444444,False,False,True,True,221.08780535595383,72.35774670078641,0.0,0.0,-16.465869256871446
504,44,2023-07-31,62.756955382602605,41.30445538618347,False,False,0.8821796814739084,0.8733333333333333,False,True,True,True,109.0925144837403,0.0,0.0,0.0,-16.30249625819348
505,44,2023-08-01,27.6691866647646,35.284317963450974,False,False,0.414542379288657,0.3927777777777778,False,False,False,False,357.8842080048831,257.34802395644937,246.8377708256339,154.51100493686553,-16.909612743027065
506,44,2023-08-01,26.19524268660872,20.461478995233065,False,False,0.5258072790003369,0.5072222222222222,False,False,False,True,769.8481943629558,527.5362160011549,380.3936978211572,0.0,-16.726763416920946
507,44,2023-08-01,46.72859863732046,25.914343220581205,True,False,0.8043366543122046,0.7905555555555556,False,True,True,True,100.81370418467809,0.0,0.0,0.0,-16.38561567026524
508,44,2023-08-01,62.50153430537604,41.11136571208455,False,False,0.8821796814739084,0.8733333333333333,False,True,True,True,108.09002155476405,0.0,0.0,0.0,-16.30249625819348
509,44,2023-08-02,26.91508593014977,36.45031906258147,False,False,0.4447205194719836,0.42333333333333334,False,False,False,False,233.6845341682729,182.8775090688085,127.76159062064829,127.76159062064829,-16.84869097270826
510,44,2023-08-02,27.12120011107635,22.325785220914376,False,False,0.6371179109992268,0.6211111111111111,False,False,False,True,633.1046781720082,369.8578930817245,192.32590365872042,0.0,-16.574741991908265
511,44,2023-08-02,48.77747692805386,29.118743165051704,True,False,0.6756553052151373,0.6605555555555556,False,False,False,True,73.92220549617947,73.92220549617947,73.92220549617947,0.0,-16.531036009596235
512,44,2023-08-02,67.70448374725241,39.97956307213906,False,False,0.25644202923677084,0.235,False,False,False,False,279.12060390410807,195.8839553956662,169.94043808515292,60.41678358177314,-17.28169710584633
513,44,2023-08-03,41.03495819436962,30.08795511555669,True,False,0.9471342505069902,0.9438888888888889,True,True,True,True,0.0,0.0,0.0,0.0,-16.199283252045092
514,44,2023-08-03,67.42558131811734,38.96132462643817,False,False,0.2441830888421316,0.22333333333333333,False,False,False,False,258.89319486518,162.62205204084538,162.62205204084538,99.71591198651558,-17.328300725693566
515,44,2023-08-04,39.60960360618876,30.314087414893194,True,False,0.843152645591185,0.8311111111111111,False,True,True,True,108.40030737761352,0.0,0.0,0.0,-16.3430414900179
516,44,2023-08-05,37.04834645420662,30.62558847769422,True,False,0.7836280950679219,0.7694444444444445,False,False,True,True,139.69025844091908,106.32198636044654,0.0,0.0,-16.408982179882067
517,44,2023-08-06,37.87680561481794,30.535053544912472,True,False,0.7836280950679219,0.7694444444444445,False,False,True,True,59.82385771181654,59.82385771181654,0.0,0.0,-16.408982179882067
518,44,2023-08-07,39.51041050101539,30.799727680092342,True,False,0.843152645591185,0.8311111111111111,False,True,True,True,102.24095951452037,0.0,0.0,0.0,-16.3430414900179
519,44,2023-08-08,40.50092753330658,39.26760538619828,False,False,0.3711850889964847,0.3488888888888889,False,False,False,False,196.5490393628315,85.35398026201173,85.35398026201173,85.35398026201173,-16.982770954782108
520,44,2023-08-08,41.23960313627376,21.51995759914988,True,False,0.45488761141400363,0.4338888888888889,False,False,False,False,523.2985909355734,339.8992267268593,332.43570251747053,112.2334640966047,-16.83233789642356
521,44,2023-08-09,41.7963171608962,31.06952810397219,True,False,0.9646731838928373,0.9627777777777777,True,True,True,True,0.0,0.0,0.0,0.0,-16.142012242316106
522,44,2023-08-10,27.9471198364837,22.662615231435066,False,False,0.6371179109992268,0.6211111111111111,False,False,False,True,601.5743629818941,277.24104037161015,108.94292029050797,0.0,-16.574741991908265
523,44,2023-08-10,43.349408339853646,31.970844394176773,True,False,0.9778271627160267,0.9766666666666667,True,True,True,True,0.0,0.0,0.0,0.0,-16.045207784584726
524,44,2023-08-11,26.86201731760096,21.997133374077208,False,False,0.532705300431037,0.5138888888888888,False,False,False,True,656.6818224901344,408.7533276346761,236.93142929927097,0.0,-16.717752940877865
525,44,2023-08-11,43.877487113291885,31.981815190999885,True,False,0.9778271627160267,0.9766666666666667,True,True,True,True,0.0,0.0,0.0,0.0,-16.045207784584726
526,45,2023-08-13,42.66087685144879,33.32790179950866,True,False,0.9819366712329424,0.9811111111111112,True,True,True,True,0.0,0.0,0.0,0.0,-15.987253618998553
527,45,2023-08-14,42.45731875937204,31.8792892581738,True,False,0.9772817561638685,0.9761111111111112,True,True,True,True,0.0,0.0,0.0,0.0,-16.050610029815683
528,45,2023-08-15,41.805256558541664,30.861053201598107,True,False,0.9471342505069902,0.9438888888888889,True,True,True,True,0.0,0.0,0.0,0.0,-16.199283252045092
529,45,2023-08-16,41.311340293681205,31.10391650987389,True,False,0.9646731838928373,0.9627777777777777,True,True,True,True,0.0,0.0,0.0,0.0,-16.142012242316106
530,45,2023-08-17,39.56224607515881,32.20753509128978,True,False,0.8059677301700847,0.7922222222222223,False,True,True,True,93.89719319229954,0.0,0.0,0.0,-16.38252168289299
531,45,2023-08-17,52.34264064121018,26.50172777297153,False,False,0.30818504942000324,0.285,False,False,False,False,282.8698640790017,282.8698640790017,222.73932881859884,139.63808187489195,-17.124924585054497
532,45,2023-08-18,38.70545277183664,32.1610618892427,True,False,0.8479269521750716,0.8361111111111111,False,True,True,True,172.76907240603637,0.0,0.0,0.0,-16.340307615988806
533,45,2023-08-19,38.06348307477688,32.63399962195978,True,False,0.8479269521750716,0.8361111111111111,False,True,True,True,228.8091257849856,0.0,0.0,0.0,-16.340307615988806
534,45,2023-08-20,37.62851844153705,33.392540011002524,True,False,0.8630789331208055,0.8522222222222222,False,True,True,True,212.04492673423223,0.0,0.0,0.0,-16.320934085185375
535,45,2023-08-21,37.200011326321146,34.007936175690496,True,False,0.744811685652019,0.73,False,False,True,True,168.15824766734687,62.92192099663025,0.0,0.0,-16.458791167683273
536,45,2023-08-22,36.9860534858272,35.6067892708766,True,False,0.7080031178819934,0.6927777777777778,False,False,True,True,47.98670882709417,47.98670882709417,0.0,0.0,-16.493220620161935
537,45,2023-08-23,36.753196086412736,33.46584918460666,True,False,0.6705220285247399,0.6555555555555556,False,False,False,True,236.3155417381363,69.36417550385994,69.36417550385994,0.0,-16.53772604067367
538,45,2023-08-23,49.36296464490144,13.242774218427892,False,False,0.12556973643846753,0.11333333333333333,False,False,False,False,1363.0186122418957,1029.4598273414394,918.2777877108106,584.7611937540825,-17.999008022505894
539,45,2023-08-24,37.40786376415058,29.21240804838182,True,False,0.7046604918580258,0.6894444444444444,False,False,True,True,177.7372945191843,110.57065997237648,0.0,0.0,-16.495049277248288
540,45,2023-08-25,36.69507936330314,26.720807127472565,True,False,0.5178499009937523,0.4988888888888889,False,False,False,True,225.6165497412368,225.6165497412368,83.70413960150192,0.0,-16.737643643895723
541,45,2023-08-26,35.43051542854642,26.13016791016527,True,True,0.3257131710676773,0.30277777777777776,False,False,False,False,265.53336921258165,196.76121969842086,185.64549179680816,114.25432561496788,-17.07857827083444
542,45,2023-08-27,35.39660349926207,25.46692739843386,True,False,0.3025172162622486,0.27944444444444444,False,False,False,False,219.31716153878693,140.4502014685968,140.4502014685968,90.07317145383928,-17.135697435573398
543,45,2023-08-28,39.185565979395896,19.880085137474808,True,False,0.23037251776037965,0.21,False,False,False,False,628.8474342549522,531.2249899553494,492.34841165788606,288.6197021917803,-17.388613658222102
544,45,2023-08-28,28.19039447792169,40.04275595260777,False,False,0.6721985710515611,0.6572222222222223,False,False,False,True,173.60445435921676,84.40243660003001,65.89745728604946,0.0,-16.535618810922756
545,46,2024-05-20,25.337593323098627,21.446305666780685,True,False,0.5799198711476795,0.5633333333333334,False,False,False,True,631.5187704948364,388.16997742480413,244.03749048951525,0.0,-16.649111338980685
546,46,2024-05-20,62.13775640828242,16.101475539534416,False,False,0.074763618146255,0.06666666666666667,False,False,False,False,1514.0174402778161,1296.2457171368983,995.3472273923759,770.1930251806026,-18.248947266386658
547,46,2024-05-21,25.43522565714666,21.63152003716221,False,False,0.5799198711476795,0.5633333333333334,False,False,False,True,617.88664283261,375.39406788275886,228.88263811904739,0.0,-16.649111338980685
548,46,2024-05-21,62.34182395847856,16.578726868085337,True,False,0.074763618146255,0.06666666666666667,False,False,False,False,1465.7236075362641,1249.0599754658072,973.0634574698612,747.1497689679651,-18.248947266386658
549,46,2024-05-22,25.399696320708703,22.28690956212025,False,False,0.5771533884862722,0.5605555555555556,False,False,False,True,552.8402646491512,313.26776864608115,163.36601883512566,0.0,-16.652963718259418
550,46,2024-05-22,62.44140792654318,17.124548056431372,True,False,0.09128357670505023,0.08166666666666667,False,False,False,False,1408.2943375985885,1192.5592791149575,940.1993435035729,710.9142628082486,-18.182901880350343
551,46,2024-05-23,25.82996880775675,21.199312401614243,False,False,0.5799198711476795,0.5633333333333334,False,False,False,True,679.6755256186075,437.81291251382294,290.0870642187682,0.0,-16.649111338980685
552,46,2024-05-23,59.4773413969854,16.6813711880676,True,False,0.08266936378449322,0.07388888888888889,False,False,False,False,1424.6389718686216,1056.4269847807334,748.5980797449836,527.9294982612383,-18.222209919772865
553,46,2024-05-24,25.299142459317533,19.613891001853727,False,False,0.5343685319598472,0.5155555555555555,False,False,False,True,817.4112704682791,574.0504927843338,408.86144404918286,0.0,-16.713436334178226
554,46,2024-05-24,58.02668613564862,16.758694366657625,True,False,0.08389275212952665,0.075,False,False,False,False,1313.2056259160076,934.995751449708,644.2874285003903,446.0196023925004,-18.212222920498228
555,46,2024-05-25,48.14361452438421,17.070732437680423,True,False,0.4112224472570668,0.3894444444444444,False,False,False,False,947.7427667469641,620.1478633559711,493.9301267257745,163.34547090032828,-16.912618155530748
556,46,2024-05-26,48.3139824494978,17.11188048538513,True,False,0.4112224472570668,0.3894444444444444,False,False,False,False,940.7543820422851,611.8326177971558,488.3273782445993,155.6032273087454,-16.912618155530748
557,46,2024-05-27,48.55270677475866,16.71689027141363,True,False,0.2844306003828551,0.26222222222222225,False,False,False,False,981.5558152261941,650.6549002082008,531.8870768621224,198.35169723086625,-17.18149838093118
558,46,2024-05-28,47.70914078596511,16.76593171090572,True,False,0.2914977581184162,0.2688888888888889,False,False,False,False,988.7386313021382,664.5833651745688,526.8630516505813,210.2440535010089,-17.17067125458365
559,46,2024-05-29,47.42126261754285,16.980988965384757,True,False,0.2914977581184162,0.2688888888888889,False,False,False,False,971.3985751757364,651.0708183317695,502.55973266583106,203.91318511591177,-17.17067125458365
560,46,2024-05-30,48.05409619623513,17.44396080193658,True,False,0.4112224472570668,0.3894444444444444,False,False,False,False,908.1711245595791,582.1419142800205,453.42633299872034,126.5433587484603,-16.912618155530748
561,46,2024-05-31,47.84838395855457,17.41898651975016,True,False,0.38480991239042217,0.36277777777777775,False,False,False,False,914.6412715782682,590.7426521315862,455.25538526235215,138.5621198081362,-16.954190372443044
562,46,2024-06-01,44.51755361639547,18.4148778176198,True,False,0.3174486819109072,0.29444444444444445,False,False,False,False,940.308577014503,689.6396924042157,463.4825954096071,231.86263144323752,-17.097023863065324
563,46,2024-06-02,44.14898143330291,18.610650569986984,True,False,0.3174486819109072,0.29444444444444445,False,False,False,False,942.1813465171994,705.1431261670714,454.76464990662424,213.28124427199438,-17.097023863065324
564,46,2024-06-03,41.5879898820821,18.84755751137818,True,False,0.2681141776856348,0.2461111111111111,False,False,False,False,805.0579200910869,638.4877637989756,574.8853997790981,271.7268996965886,-17.24177605751758
565,46,2024-06-03,29.70766361763564,39.54096709283509,False,False,0.6214606131356522,0.6055555555555555,False,False,False,True,155.82624205458598,117.13230683568389,103.68736130710953,0.0,-16.595128538621015
566,46,2024-06-04,40.44570902121074,19.76271421827776,True,True,0.23326401541754088,0.2127777777777778,False,False,False,False,668.443539857178,526.7925293123762,526.7925293123762,288.11930411296805,-17.37456243947537
567,46,2024-06-05,40.52533177676513,20.94841464371193,True,False,0.4188582890869199,0.3972222222222222,False,False,False,False,546.7607172666651,394.9273607087681,394.9273607087681,172.54849884989454,-16.901219302618216
568,46,2024-06-06,40.84357175067807,20.93067780814462,True,False,0.4188582890869199,0.3972222222222222,False,False,False,False,561.6584014107052,398.4517279378137,398.4517279378137,178.07345329019498,-16.901219302618216
569,46,2024-06-07,42.344080110724754,20.20616134825745,True,False,0.4397982693783912,0.41833333333333333,False,False,False,False,708.1516962037227,513.7132344241179,414.55171090567654,124.858367427224,-16.860553061542163
570,46,2024-06-08,43.56753853498586,20.15647796002297,True,False,0.5205140644411406,0.5016666666666667,False,False,False,True,788.9480322279305,576.8414961633615,328.5771687732056,0.0,-16.732643214505156
571,46,2024-06-09,45.88060293316816,18.769806770384985,True,False,0.4073451182634628,0.38555555555555554,False,False,False,False,835.931497601824,560.1978785916837,347.47389312004856,104.04944249955423,-16.922609563127416
572,46,2024-06-10,26.349612512569987,19.10678161744645,False,False,0.5349715094726031,0.5161111111111111,False,False,False,True,911.702518727243,650.666079467855,437.73524622651354,0.0,-16.71191748423691
573,46,2024-06-10,25.630005567818884,42.36348942291807,False,False,0.8877094897381,0.8794444444444445,False,True,True,True,72.99665381563183,0.0,0.0,0.0,-16.297659310383604
574,46,2024-06-10,51.94779148836432,17.98868154082121,True,False,0.2761854051338606,0.2538888888888889,False,False,False,False,872.5676276553744,503.8054400282316,393.24267603821136,163.12267328751386,-17.216257172928092
575,46,2024-06-10,60.307935601851085,37.89509824164134,False,False,0.8640426592184289,0.8533333333333334,False,True,True,True,69.32444519880487,0.0,0.0,0.0,-16.32045264154791
576,46,2024-06-11,24.45312648682275,19.064681212776907,False,False,0.49971643262138093,0.48,False,False,False,False,850.6216499145811,612.3323739212329,347.7648196155589,111.13284531828964,-16.764068032225442
577,46,2024-06-11,21.98037637010488,31.07299250311875,False,False,0.9610550097445576,0.9588888888888889,True,True,True,True,0.0,0.0,0.0,0.0,-16.154862554084126
578,46,2024-06-11,27.71735493654067,40.74870566909927,False,False,0.733278889336353,0.7183333333333334,False,False,True,True,131.81680164706714,85.5009478625679,0.0,0.0,-16.46832268403837
579,46,2024-06-11,54.412848639262805,17.542615718322455,True,False,0.17369780732121767,0.15777777777777777,False,False,False,False,1020.0709834405418,629.5946728239635,440.1363931938827,217.84535992611734,-17.703142615298766
580,46,2024-06-11,60.287954493767074,37.28579887631611,False,False,0.8640426592184289,0.8533333333333334,False,True,True,True,136.2892188143305,0.0,0.0,0.0,-16.32045264154791
581,46,2024-06-12,23.668561545507966,18.59459749933829,False,False,0.48225994914141895,0.46166666666666667,False,False,False,False,887.1760464512386,656.8827808248894,310.67401342932465,102.22329393104965,-16.786473153222666
582,46,2024-06-12,27.01131569677171,36.17126684833256,False,False,0.45773278272656487,0.43666666666666665,False,False,False,False,262.5219692385574,198.4438212343318,154.01582512739066,138.26543695839808,-16.829545945419024
583,46,2024-06-12,34.99204313727396,18.57819570201713,False,False,0.647329754431394,0.6316666666666667,False,False,False,True,676.2943024811157,462.9190942745768,114.80908744756516,0.0,-16.560243637311583
584,46,2024-06-12,56.42900631770629,17.771820851881948,True,False,0.09477113329631506,0.085,False,False,False,False,1118.1020714827064,735.5116863580084,461.13850509154327,279.7019937656578,-18.173174753276218
585,46,2024-06-12,60.42158738871407,36.11878334019891,False,False,0.5064624771993057,0.4872222222222222,False,False,False,True,264.870344022748,153.74304220083263,105.51846501666786,0.0,-16.751382001031665
586,46,2024-06-13,23.865018485283528,18.2737569420645,False,False,0.48225994914141895,0.46166666666666667,False,False,False,False,925.3938400566245,693.3568938957833,350.43602630928103,141.65674188467293,-16.786473153222666
587,46,2024-06-13,44.30006902824804,24.214181801521967,True,False,0.6890187831920007,0.6738888888888889,False,False,False,True,365.9138566325741,144.39251494579858,125.63619250585664,0.0,-16.514415380995963
588,46,2024-06-14,41.81972477648077,23.43559797504291,True,False,0.6934143070670071,0.6783333333333333,False,False,False,True,406.885080933339,178.85277587637972,122.73352832555341,0.0,-16.509963716132617
589,46,2024-06-15,41.2407515189274,21.70747567650579,True,False,0.45488761141400363,0.4338888888888889,False,False,False,False,505.74586951252405,319.6210368546807,311.6446363689404,92.0831525364633,-16.83233789642356
590,46,2024-06-16,41.77129878877237,20.93284689754203,True,False,0.2902624380672665,0.2677777777777778,False,False,False,False,607.917829088313,417.52346634139514,397.62429632874677,98.40094410740774,-17.171739130840905
591,46,2024-06-17,37.04347545204743,22.584929782043258,True,False,0.25986752614887715,0.23833333333333334,False,False,False,False,356.28159564458184,335.50149249891706,261.3805998650017,133.00836255870018,-17.269145984126123
592,46,2024-06-17,57.080701080985925,44.05311171549268,False,False,0.8415909887963092,0.8294444444444444,False,True,True,True,67.8717577740005,0.0,0.0,0.0,-16.344431259746088
593,46,2024-06-17,64.4558961222751,17.41601186239115,False,False,0.08573738161400031,0.07666666666666666,False,False,False,False,1435.1035937130716,1231.1040843054775,1093.0449072679667,840.6437098308194,-18.197796381711726
594,46,2024-06-18,45.11593631479999,22.3966770362539,True,False,0.7041037532487985,0.6888888888888889,False,False,True,True,516.1184786652469,337.3959944493018,0.0,0.0,-16.496732354565708
595,46,2024-06-18,26.28789739880443,40.382152146459454,False,False,0.7983918685856056,0.7844444444444445,False,False,True,True,125.56929371679645,125.56929371679645,0.0,0.0,-16.390732637851787
596,46,2024-06-18,57.04153932301734,44.00614831397839,False,False,0.8415909887963092,0.8294444444444444,False,True,True,True,67.25685581690416,0.0,0.0,0.0,-16.344431259746088
597,46,2024-06-19,44.21805817429848,24.332950122777017,True,False,0.6890187831920007,0.6738888888888889,False,False,False,True,353.2869742217726,132.8482904212659,131.1188988729865,0.0,-16.514415380995963
598,46,2024-06-19,57.13668730014148,43.99796851812421,False,False,0.8415909887963092,0.8294444444444444,False,True,True,True,62.59108750431177,0.0,0.0,0.0,-16.344431259746088
599,46,2024-06-20,44.186413258690926,23.969839106213204,True,False,0.687943126682637,0.6727777777777778,False,False,False,True,393.7905848928145,173.06844317983047,143.55299582605937,0.0,-16.517771716732497
600,46,2024-06-20,59.98439101416748,43.67895120653987,False,False,0.8957153405167746,0.8883333333333333,False,True,True,True,46.04754252674311,0.0,0.0,0.0,-16.291283137040477
601,46,2024-06-21,45.097229690543934,22.45088683788446,True,False,0.7041037532487985,0.6888888888888889,False,False,True,True,511.6702051847615,334.6047295518932,0.0,0.0,-16.496732354565708
602,46,2024-06-21,24.563784356215702,41.13529948487835,False,False,0.6310402415310764,0.615,False,False,False,True,166.7050565928323,88.07765642430486,88.07765642430486,0.0,-16.581907552111794
603,46,2024-06-22,44.31590600886611,22.17343586589754,True,False,0.5995152928536076,0.5833333333333334,False,False,False,True,579.1654693588879,370.3709630066782,127.08382977244571,0.0,-16.626500479460248
604,46,2024-06-22,24.44866685714824,41.51331850527529,False,False,0.6310402415310764,0.615,False,False,False,True,162.2719821989205,79.01051663162325,79.01051663162325,0.0,-16.581907552111794
605,46,2024-06-23,44.33822606504103,21.154411213587952,True,False,0.5782693103200348,0.5616666666666666,False,False,False,True,675.7394543503292,483.49012852124565,191.74803396627854,0.0,-16.651806676381156
606,46,2024-06-23,23.393566966140323,42.45012545817387,False,False,0.6320193368577174,0.6161111111111112,False,False,False,True,117.0615392463341,106.01498036575032,73.49446177788143,0.0,-16.58022462444587
607,46,2024-06-23,32.788516473871034,38.52607779623187,False,False,0.6489372465654167,0.6333333333333333,False,False,False,True,373.1059493690909,286.12150788614974,111.1270435342242,0.0,-16.558937124428383
608,46,2024-06-24,44.83365461125354,21.00623149421861,True,False,0.5782693103200348,0.5616666666666666,False,False,False,True,668.3743250757608,468.20795971929107,179.79051822684883,0.0,-16.651806676381156
609,46,2024-06-24,23.225339324117247,42.168075644066974,False,False,0.6320193368577174,0.6161111111111112,False,False,False,True,95.5490510509217,77.69366983267925,70.12105066528302,0.0,-16.58022462444587
610,46,2024-06-24,32.76792693556603,38.54579627503215,False,False,0.6489372465654167,0.6333333333333333,False,False,False,True,371.28778098109416,284.32232286885164,108.5977262235404,0.0,-16.558937124428383
611,46,2024-06-25,28.5191541779674,21.932140738280665,False,False,0.6271254740060974,0.6111111111111112,False,False,False,True,583.5369316122955,267.7110874682696,119.08644318646007,0.0,-16.584583086187326
612,46,2024-06-25,32.60882162922183,38.27902123496068,False,False,0.6489372465654167,0.6333333333333333,False,False,False,True,358.91824891802065,272.04954298276584,136.09309391749397,0.0,-16.558937124428383
613,46,2024-06-25,51.22413096536792,20.31113284485482,True,False,0.6682936917959308,0.6533333333333333,False,False,False,True,603.3701435076651,245.06079644435124,135.2662147585031,0.0,-16.538644658743284
614,46,2024-06-26,25.996975403013327,19.347504509808488,False,False,0.5349715094726031,0.5161111111111111,False,False,False,True,872.0879981970083,628.1135965139451,472.5066931260374,0.0,-16.71191748423691
615,46,2024-06-26,22.292674808096244,30.18079899180597,False,False,0.9605096031923994,0.9583333333333334,True,True,True,True,0.0,0.0,0.0,0.0,-16.160663291579688
616,46,2024-06-26,35.72859111806801,30.28587133549009,False,False,0.6078043101194903,0.5916666666666667,False,False,False,True,266.87482056222683,216.31865411936073,114.74361495082225,0.0,-16.6181156375871
617,46,2024-06-26,51.29876106574209,20.003565426300344,True,False,0.6682936917959308,0.6533333333333333,False,False,False,True,638.3715632580789,278.37336868204716,167.70660595014888,0.0,-16.538644658743284
618,46,2024-06-27,25.997958097980987,19.34306357739681,False,False,0.5349715094726031,0.5161111111111111,False,False,False,True,872.581825492204,628.6071170135795,472.4281379967273,0.0,-16.71191748423691
619,46,2024-06-27,22.3059314762324,30.164459775091814,False,False,0.9605096031923994,0.9583333333333334,True,True,True,True,0.0,0.0,0.0,0.0,-16.160663291579688
620,46,2024-06-27,35.72021892845686,30.28292984063082,False,False,0.6078043101194903,0.5916666666666667,False,False,False,True,267.70786084285436,217.14908433962756,115.02127575993421,0.0,-16.6181156375871
621,46,2024-06-27,51.83890033205957,20.836814749548072,True,False,0.6682936917959308,0.6533333333333333,False,False,False,True,570.9509350163904,188.22439852910608,81.68786586652902,0.0,-16.538644658743284
622,46,2024-06-28,24.75747442362709,19.49270804154177,False,False,0.49971643262138093,0.48,False,False,False,False,812.6538096788512,571.6670026771735,358.3227720489102,77.83529113625269,-16.764068032225442
623,46,2024-06-28,35.46889825686784,29.9353129759142,False,False,0.5875150997313934,0.5711111111111111,False,False,False,True,297.92698870473686,260.69814715579133,110.71517030277695,0.0,-16.64091975494703
624,46,2024-06-28,52.48889960436186,20.969314835550648,True,False,0.6607589801076817,0.6455555555555555,False,False,False,True,589.0605540586002,198.49930302065343,59.020793924858175,0.0,-16.546539386202472
625,47,2024-07-08,34.059769265210576,41.24603451283442,True,False,0.5012434462114408,0.4816666666666667,False,False,False,True,564.0433148706192,474.35423637296054,90.83862394001878,0.0,-16.759575971780418
626,47,2024-07-08,25.25876436803028,18.496703963343563,False,False,0.5043186367069634,0.485,False,False,False,True,933.8593828680762,691.8600506406426,452.568386591812,0.0,-16.75449495111484
627,47,2024-07-08,49.698344592166606,20.269442167383843,False,False,0.6699886185235211,0.655,False,False,False,True,581.966739382394,248.87565617754083,138.37474659534627,0.0,-16.537731879761168
628,47,2024-07-08,65.21528340144724,24.13521397551793,False,False,0.1730877451923283,0.15722222222222224,False,False,False,False,797.0889765534963,514.5489040315142,490.5464873302751,264.5049442897015,-17.70449671293378
629,47,2024-07-09,41.37651318010798,30.82856662605008,True,False,0.9471342505069902,0.9438888888888889,True,True,True,True,0.0,0.0,0.0,0.0,-16.199283252045092
630,47,2024-07-09,25.255540660199298,18.49927552934147,False,False,0.5043186367069634,0.485,False,False,False,True,933.4859300357878,691.4962095927175,452.1308877437784,0.0,-16.75449495111484
631,47,2024-07-10,41.05808081788853,30.08282130585092,True,False,0.9471342505069902,0.9438888888888889,True,True,True,True,0.0,0.0,0.0,0.0,-16.199283252045092
632,47,2024-07-10,65.27401764943959,23.949812966046768,False,False,0.16343322985512085,0.14833333333333334,False,False,False,False,818.2046120993548,535.9839620522054,510.10689584075817,284.4776845152393,-17.787797505073716
633,47,2024-07-11,39.91147883778059,29.09559946800137,True,False,0.7979054612906213,0.7838888888888889,False,False,True,True,207.20671138083168,72.65683851914632,0.0,0.0,-16.391262601664458
634,47,2024-07-11,65.27855596397184,23.946156975187453,False,False,0.16343322985512085,0.14833333333333334,False,False,False,False,818.7733660892509,536.5179950466347,510.1370656327459,284.84688656626224,-17.787797505073716
635,47,2024-07-12,39.171579373351136,28.02428363492893,True,False,0.7103124706312919,0.695,False,False,True,True,282.8887447172275,176.66712441145535,0.0,0.0,-16.491967134797463
636,47,2024-07-12,48.67318116709856,43.83275620834528,False,False,0.405118613422594,0.38333333333333336,False,False,False,False,188.5413843531101,188.5413843531101,188.5413843531101,101.35898118073875,-16.92723620527492
637,47,2024-07-13,38.419692603763565,27.11765091300969,True,False,0.6666747153578082,0.6516666666666666,False,False,False,True,180.0528305616737,180.0528305616737,69.14062907108213,0.0,-16.540296809879685
638,47,2024-07-14,37.74825838996304,26.93749463546472,True,False,0.7301160517143317,0.715,False,False,True,True,176.55736615572152,176.55736615572152,0.0,0.0,-16.470758949665466
639,47,2024-07-15,25.17723116710817,20.97326431851314,False,False,0.5172774402008232,0.49833333333333335,False,False,False,True,672.1873978917706,428.2031582310519,289.475975525682,0.0,-16.738657003985512
640,47,2024-07-15,41.42376064543875,29.59482421290281,True,True,0.8772364091617526,0.8677777777777778,False,True,True,True,100.91823056913759,0.0,0.0,0.0,-16.306020810212953
641,47,2024-07-16,24.19234206162929,20.77068443022989,False,False,0.5309994707164768,0.5122222222222222,False,False,False,True,659.9552599942247,420.72186656454517,259.94268208368356,0.0,-16.72062834075156
642,47,2024-07-16,41.28901093430662,30.46870759251349,True,False,0.9471342505069902,0.9438888888888889,True,True,True,True,0.0,0.0,0.0,0.0,-16.199283252045092
643,47,2024-07-17,24.65005227001644,20.09260377096036,False,False,0.5309994707164768,0.5122222222222222,False,False,False,True,745.4882916660556,504.15089078295125,331.62516196323037,0.0,-16.72062834075156
644,47,2024-07-17,36.32644421919126,31.629507885026925,True,False,0.6265303157446931,0.6105555555555555,False,False,False,True,242.13659583491497,112.11508983945777,112.11508983945777,0.0,-16.585670253905825
645,47,2024-07-17,56.84234897866096,29.53608235937519,False,False,0.2367310699935299,0.21611111111111111,False,False,False,False,192.24564144026237,192.24564144026237,192.24564144026237,131.76413929107673,-17.351218177647464
646,47,2024-07-18,26.06456932822138,19.86132588734393,False,False,0.5349715094726031,0.5161111111111111,False,False,False,True,823.0705599628187,579.4123184119154,435.6899762483886,0.0,-16.71191748423691
647,47,2024-07-18,39.65026725514613,31.34397166965128,True,False,0.8221516450126258,0.8088888888888889,False,True,True,True,144.38124616185408,0.0,0.0,0.0,-16.364878287111218
648,47,2024-07-19,39.70353880388889,31.03111778265366,True,False,0.8221516450126258,0.8088888888888889,False,True,True,True,129.27118826654385,0.0,0.0,0.0,-16.364878287111218
649,47,2024-07-19,26.544324026382416,19.52351028499032,False,False,0.5349715094726031,0.5161111111111111,False,False,False,True,879.0820235487531,602.3772473247138,414.591385761622,0.0,-16.71191748423691
650,47,2024-07-20,39.85199440896155,29.91041137061644,True,False,0.7979054612906213,0.7838888888888889,False,False,True,True,145.52585245352532,73.77129384289472,0.0,0.0,-16.391262601664458
651,47,2024-07-20,27.58175082858432,19.45398167688695,False,False,0.5118253187558602,0.49277777777777776,False,False,False,True,828.75652454894,541.7854219687249,305.9649822272095,0.0,-16.745527534442587
652,47,2024-07-21,39.50678224856693,28.56603900684642,True,False,0.7103124706312919,0.695,False,False,True,True,236.07387723104603,141.80676739775862,0.0,0.0,-16.491967134797463
653,47,2024-07-22,39.78461957809398,28.82049335568714,True,False,0.7103124706312919,0.695,False,False,True,True,224.23625224427622,102.63649331768764,0.0,0.0,-16.491967134797463
654,47,2024-07-23,40.8591291704265,28.66219318442132,True,False,0.7058047159885885,0.6905555555555556,False,False,True,True,184.6709834914117,99.48210478133099,0.0,0.0,-16.49436934874677
655,47,2024-07-24,43.16949766770801,28.87626079378032,True,False,0.8982641109610718,0.8911111111111111,False,True,True,True,76.41797063959993,0.0,0.0,0.0,-16.288746182654318
656,47,2024-07-25,46.36961543101005,28.10239592107289,True,False,0.9694939628569877,0.9677777777777777,True,True,True,True,0.0,0.0,0.0,0.0,-16.118089969970324
657,47,2024-07-25,34.340421090392844,43.0784228422008,False,False,0.4974929580251385,0.4777777777777778,False,False,False,False,426.657690066669,269.5667137250382,269.5667137250382,82.610446303685,-16.767778057686364
658,47,2024-07-26,52.03919091841551,27.606320946626404,True,False,0.4090031575977201,0.38722222222222225,False,False,False,False,279.921593271181,217.05237152017784,109.17725187516412,109.17725187516412,-16.91852526798994
659,47,2024-07-26,27.558048856399527,34.80579180529087,False,False,0.3831469610360721,0.3611111111111111,False,False,False,False,410.81038588753233,311.28564117514236,299.6280067022779,202.39989135433413,-16.95589294664877
660,47,2024-07-26,34.73606682443607,43.35990254051126,False,False,0.4974929580251385,0.4777777777777778,False,False,False,False,381.96799776475655,238.70510950641798,238.70510950641798,101.0216902962446,-16.767778057686364
661,47,2024-07-27,29.344418832047914,37.715182444088384,False,False,0.6315477242043789,0.6155555555555555,False,False,False,True,114.34120788926357,78.13788119507703,78.13788119507703,0.0,-16.58065657924484
662,47,2024-07-27,25.69057221163765,19.79627283526689,False,False,0.5343685319598472,0.5155555555555555,False,False,False,True,813.5576695811563,569.5760216462971,429.81636301519313,0.0,-16.713436334178226
663,47,2024-07-27,37.4731118405491,22.74765733114762,False,False,0.25986752614887715,0.23833333333333334,False,False,False,False,323.2979946131096,323.2979946131096,283.90204784548354,171.15500986909245,-17.269145984126123
664,47,2024-07-27,57.380362463867975,29.191662539819173,True,False,0.22007480338064642,0.20055555555555554,False,False,False,False,181.17517135024204,181.17517135024204,181.17517135024204,77.787169369156,-17.457096100373338
665,47,2024-07-28,29.16616012877096,37.86630223137496,False,False,0.6315477242043789,0.6155555555555555,False,False,False,True,91.40679397549043,71.38297809197088,71.38297809197088,0.0,-16.58065657924484
666,47,2024-07-28,37.95447189273949,21.713816851494467,False,False,0.2850257586442595,0.2627777777777778,False,False,False,False,424.6562501442702,404.6453688747775,347.7927029241199,152.23305755406776,-17.1795138498194
667,47,2024-07-28,57.461625219807445,28.936694867300154,True,False,0.5274866090572727,0.5088888888888888,False,False,False,True,200.67743728518732,189.3965348178696,159.79763767112686,0.0,-16.72460596733289
668,47,2024-07-29,29.186212768822383,37.87696747163614,False,False,0.6315477242043789,0.6155555555555555,False,False,False,True,91.63033142695708,73.50524434220495,73.50524434220495,0.0,-16.58065657924484
669,47,2024-07-29,55.24506343601201,27.25013387723919,True,False,0.7007192252944832,0.6855555555555556,False,False,True,True,480.60166685454647,322.5911787957313,0.0,0.0,-16.500072444495437
670,48,2024-08-05,46.59205209970185,35.60590759349615,True,False,0.5027146157868638,0.48333333333333334,False,False,False,True,99.49237546243968,99.49237546243968,99.49237546243968,0.0,-16.756534451565752
671,48,2024-08-05,48.241288634437865,16.613914712503764,False,False,0.2844306003828551,0.26222222222222225,False,False,False,False,996.659869321434,667.6439059908462,543.9880661434279,211.5090516372152,-17.18149838093118
672,48,2024-08-06,47.32542065019789,35.98423916607257,True,False,0.4436609114816253,0.4222222222222222,False,False,False,False,173.32030845179293,173.32030845179293,173.32030845179293,91.91734472353012,-16.850187260762326
673,48,2024-08-06,48.23555609047756,16.61158263439384,False,False,0.2844306003828551,0.26222222222222225,False,False,False,False,996.994964829936,668.0170218133343,544.2774759981523,211.8457642701411,-17.18149838093118
674,48,2024-08-07,47.995051334945,36.340388138763615,True,False,0.37670926303805535,0.35444444444444445,False,False,False,False,243.3263433098272,243.3263433098272,243.3263433098272,163.87826893361077,-16.97384516743674
675,48,2024-08-07,48.24058450668354,16.609341186599284,False,False,0.2844306003828551,0.26222222222222225,False,False,False,False,997.1738361222347,668.1573532801439,544.4997005195754,212.0230348497146,-17.18149838093118
676,48,2024-08-08,47.08111151375904,36.108629299978745,True,False,0.37670926303805535,0.35444444444444445,False,False,False,False,157.82966188854715,157.82966188854715,157.82966188854715,85.59426073383902,-16.97384516743674
677,48,2024-08-08,48.235163222054624,16.60984156844886,False,False,0.2844306003828551,0.26222222222222225,False,False,False,False,997.1923253181151,668.2150657252017,544.4729363467967,212.04318900154496,-17.18149838093118
678,48,2024-08-09,45.44578533482598,35.20731318454001,True,False,0.9268973100519695,0.9222222222222223,True,True,True,True,0.0,0.0,0.0,0.0,-16.248044673243967
679,48,2024-08-09,49.2086882739539,43.059336342053705,False,False,0.3874765401980955,0.3655555555555556,False,False,False,False,270.0720447521823,243.9113617575878,243.9113617575878,146.7404595552651,-16.947920264227683
680,48,2024-08-10,43.47505187767232,33.456808931987965,True,False,0.9908986435419034,0.9905555555555555,True,True,True,True,0.0,0.0,0.0,0.0,-15.880323244945247
681,48,2024-08-10,49.62005284787585,42.83577538823247,False,False,0.3575265414074482,0.335,False,False,False,False,296.452895228341,238.96128925379872,238.96128925379872,169.40647612105155,-17.012828072280556
682,48,2024-08-11,41.64684964108227,33.6823235181943,True,False,0.967903565505347,0.9661111111111111,True,True,True,True,0.0,0.0,0.0,0.0,-16.125587760341926
683,48,2024-08-12,31.29835509772115,33.970206972816335,True,False,0.36091933241828517,0.3383333333333333,False,False,False,False,562.6785141566452,386.335448546005,386.335448546005,263.44625754454273,-17.009121773331493
684,48,2024-08-12,57.90233287119416,32.29416114407611,False,False,0.8732534235490493,0.8633333333333333,False,True,True,True,96.12843178055624,0.0,0.0,0.0,-16.310563457430096
685,48,2024-08-13,42.89508415077883,33.01232702424273,True,True,0.9819366712329424,0.9811111111111112,True,True,True,True,0.0,0.0,0.0,0.0,-15.987253618998553
686,48,2024-08-14,42.94727575728493,32.67489577974914,True,False,0.9792712457484385,0.9783333333333334,True,True,True,True,0.0,0.0,0.0,0.0,-16.02584555176697
687,48,2024-08-15,43.08886919713032,32.93956255455254,True,False,0.9814032612317235,0.9805555555555555,True,True,True,True,0.0,0.0,0.0,0.0,-16.002497766721497
688,48,2024-08-16,27.241084459942986,37.84069734078807,False,False,0.7118456573116839,0.6966666666666667,False,False,True,True,76.72562464512957,76.72562464512957,0.0,0.0,-16.490549388596364
689,48,2024-08-16,26.50959469186145,21.3240389431948,False,False,0.532705300431037,0.5138888888888888,False,False,False,True,705.1086918697006,468.7139452211547,316.85664299252875,0.0,-16.717752940877865
690,48,2024-08-16,50.28636942839486,29.013007449456403,True,False,0.5048753753161908,0.4855555555555556,False,False,False,True,166.62719425856298,129.59067448937213,129.59067448937213,0.0,-16.753829513667682
691,48,2024-08-17,38.907470430373046,32.5628322619928,True,False,0.8479269521750716,0.8361111111111111,False,True,True,True,149.4587730276477,0.0,0.0,0.0,-16.340307615988806
692,48,2024-08-18,37.18650282522852,32.86664104265526,True,False,0.8462755104947502,0.8344444444444444,False,True,True,True,280.7124146740202,0.0,0.0,0.0,-16.340750926880194
693,48,2024-08-18,65.705392295103,33.62427231005608,False,False,0.23214683646658513,0.21166666666666667,False,False,False,False,382.10345495155497,313.8456245114566,261.82466338810667,168.0641430782114,-17.37661148297734
694,48,2024-08-19,36.1916658674104,33.16595457498448,True,False,0.6705220285247399,0.6555555555555556,False,False,False,True,285.9811854401579,127.0952564631885,127.0952564631885,0.0,-16.53772604067367
695,48,2024-08-20,32.60965855078951,32.91819435105084,True,False,0.33281919191009385,0.31,False,False,False,False,533.4130515122897,288.647970663546,269.09126915518914,189.11946681488325,-17.063852198043822
696,48,2024-08-21,32.34334817653987,33.76789791614811,True,False,0.36461523204469587,0.3422222222222222,False,False,False,False,509.49979780211254,371.9449142910899,363.6732533548091,219.75364320615517,-17.0019876761737
697,48,2024-08-22,32.996512412422724,34.17467849768162,True,False,0.41061238512817744,0.3888888888888889,False,False,False,False,436.5842250229029,422.619928091267,352.04625339809957,154.3664276300786,-16.913680058086424
698,48,2024-08-23,23.66041898567749,24.00985568466659,False,False,0.8116636911647284,0.7983333333333333,False,True,True,True,300.4733464696434,0.0,0.0,0.0,-16.376835717327587
699,48,2024-08-23,35.76870490839681,36.58768817164501,True,False,0.5269244579512927,0.5083333333333333,False,False,False,True,154.96893974049163,154.96893974049163,66.0531801572928,0.0,-16.726368545425334
700,49,2025-06-14,44.0984733862725,22.57324347548244,True,True,0.5995152928536076,0.5833333333333334,False,False,False,True,549.3210718876256,327.9846243561272,144.171563721488,0.0,-16.626500479460248
701,49,2025-06-14,59.46872525083357,44.43243626522236,False,False,0.5814325523555092,0.565,False,False,False,True,132.5197607036009,103.71253088675337,77.23981120536249,0.0,-16.646453134138426
702,49,2025-06-14,66.17402184391428,19.683887038279327,False,False,0.11175059189272288,0.10055555555555555,False,False,False,False,1282.5111744292376,1008.2529582569728,900.7764343754958,761.0417059466919,-18.079847837045403
703,49,2025-06-15,23.114684534289065,15.075335489615895,False,False,0.3564683148527211,0.3338888888888889,False,False,False,False,1271.964963475519,1048.7490707052143,471.65758803363525,234.40054204206655,-17.01515802152314
704,49,2025-06-15,46.82635178785503,22.75410405641363,True,False,0.6625357292409072,0.6472222222222223,False,False,False,True,408.4347901216972,190.18122521247068,74.69117451058494,0.0,-16.54531442750442
705,49,2025-06-15,60.8008346429064,44.16948224294121,False,False,0.6794791087273349,0.6644444444444444,False,False,False,True,78.2559992702588,66.6548602346043,66.6548602346043,0.0,-16.526480030237327
706,49,2025-06-15,66.14840871767282,20.703679886206643,False,False,0.12434858346154237,0.11222222222222222,False,False,False,False,1184.458499332496,898.8425600643772,792.4474947387652,647.8951901585468,-18.00742719215562
707,50,2025-07-14,41.67701583045532,31.958539460221047,True,False,0.9646731838928373,0.9627777777777777,True,True,True,True,0.0,0.0,0.0,0.0,-16.142012242316106
708,50,2025-07-15,41.97859908675365,30.97846126067249,True,False,0.9471342505069902,0.9438888888888889,True,True,True,True,0.0,0.0,0.0,0.0,-16.199283252045092
709,50,2025-07-16,45.08397475025597,31.650168664747607,True,False,0.9951513219331096,0.995,True,True,True,True,0.0,0.0,0.0,0.0,-15.786466874587614
710,50,2025-07-17,49.6019547706093,32.64479652302674,True,False,0.6750985666059099,0.66,False,False,False,True,104.50631721796093,104.50631721796093,104.50631721796093,0.0,-16.53137394739059
711,50,2025-07-18,51.6562620826253,32.850473223847224,True,False,0.4067385060526624,0.385,False,False,False,False,250.49067366963243,199.34260510318262,183.9882583139998,88.06381336908157,-16.923639060633576
712,50,2025-07-19,54.6692128484376,37.94171668781807,True,False,0.6569118980507316,0.6416666666666667,False,False,False,True,173.8940713422078,63.81402476668839,63.81402476668839,0.0,-16.54809081334579
713,50,2025-07-19,45.83977760854211,18.525834666801565,False,False,0.4073451182634628,0.38555555555555554,False,False,False,False,862.2626322705668,583.5246915091582,373.4298335382848,128.65110364865663,-16.922609563127416
714,50,2025-07-20,26.14095355045779,39.26313184628985,False,False,0.6884367101674179,0.6733333333333333,False,False,False,True,145.04648482248106,119.73720400425991,119.73720400425991,0.0,-16.51509097078233
715,50,2025-07-20,24.393001750956007,20.09800931308561,False,False,0.5309994707164768,0.5122222222222222,False,False,False,True,737.6131427370533,498.0205797004994,304.9976845588167,0.0,-16.72062834075156
716,50,2025-07-20,49.438095921054334,37.72817370723367,True,False,0.3141237858310016,0.2911111111111111,False,False,False,False,429.9656731778785,429.9656731778785,308.6111467999614,213.20838076522512,-17.10182203305947
717,50,2025-07-20,47.291861902176855,17.405774131353144,False,False,0.38480991239042217,0.36277777777777775,False,False,False,False,928.5275173252676,611.6254362480432,455.78020549520585,176.4535228525143,-16.954190372443044
718,50,2025-07-20,65.59537213097269,37.05988666699396,False,False,0.8676003559318245,0.8572222222222222,False,True,True,True,186.83844785550997,0.0,0.0,0.0,-16.315263112470397
719,50,2025-07-21,39.55804676183992,38.28844483659792,True,False,0.752670525177982,0.7383333333333333,False,False,True,True,87.81901928261227,85.39458089572896,0.0,0.0,-16.449166848856215
720,50,2025-07-21,24.58892884296395,20.04659491373828,False,False,0.5309994707164768,0.5122222222222222,False,False,False,True,748.5890414212873,507.70586009689634,326.1105402427282,0.0,-16.72062834075156
721,50,2025-07-21,46.95255392136155,17.700498208677825,False,False,0.385883973227392,0.3638888888888889,False,False,False,False,906.2869172647305,596.2530326873964,426.3581194324623,186.15138755565488,-16.949305324625172
722,50,2025-07-21,65.5670103488317,37.08596008221011,False,False,0.8676003559318245,0.8572222222222222,False,True,True,True,183.06231910361464,0.0,0.0,0.0,-16.315263112470397
723,50,2025-07-22,45.702238266161736,34.30850485915804,True,False,0.9914258106187912,0.9911111111111112,True,True,True,True,0.0,0.0,0.0,0.0,-15.880066820329281
724,50,2025-07-22,24.60353394474223,20.198872051384186,False,False,0.5309994707164768,0.5122222222222222,False,False,False,True,732.7752948749728,491.5358717799765,325.282561366738,0.0,-16.72062834075156
725,50,2025-07-23,44.56855973951781,33.45245928661671,True,False,0.9989210191126056,0.9988888888888889,True,True,True,True,0.0,0.0,0.0,0.0,-15.72164873024299
726,50,2025-07-23,25.798214777784423,20.507762872616453,False,False,0.5172774402008232,0.49833333333333335,False,False,False,True,746.2628436686146,502.75847930842446,358.6236828905859,0.0,-16.738657003985512
727,50,2025-07-24,42.748598355480965,32.69808178255403,True,True,0.9792712457484385,0.9783333333333334,True,True,True,True,0.0,0.0,0.0,0.0,-16.02584555176697
728,50,2025-07-25,37.771922774265,30.51271177964564,True,False,0.7836280950679219,0.7694444444444445,False,False,True,True,69.76593593336463,69.76593593336463,0.0,0.0,-16.408982179882067
729,50,2025-07-25,63.84196902942859,38.78983919988861,False,False,0.8857554838463801,0.8772222222222222,False,True,True,True,65.60896508171975,0.0,0.0,0.0,-16.299185564212888
730,50,2025-07-26,37.376484610633966,30.739682146024112,True,False,0.7836280950679219,0.7694444444444445,False,False,True,True,110.76352387430164,85.35726163821263,0.0,0.0,-16.408982179882067
731,50,2025-07-26,66.68741740873801,39.79041657806213,False,False,0.5727861784118063,0.5561111111111111,False,False,False,True,190.04803665362948,106.67261743899599,106.67261743899599,0.0,-16.657306683136955
732,50,2025-07-27,38.029130983682215,30.94059894629786,True,False,0.9091444295913168,0.9033333333333333,True,True,True,True,0.0,0.0,0.0,0.0,-16.27648570488731
733,50,2025-07-28,39.47715067261097,31.31131929019974,True,False,0.8221516450126258,0.8088888888888889,False,True,True,True,129.72896973604105,0.0,0.0,0.0,-16.364878287111218
734,50,2025-07-29,43.01198259130591,32.657773917890246,True,False,0.9814032612317235,0.9805555555555555,True,True,True,True,0.0,0.0,0.0,0.0,-16.002497766721497
735,50,2025-07-29,33.12762273960406,21.58596710707303,False,False,0.7956939844537974,0.7816666666666666,False,False,True,True,326.257970795144,108.64083456622605,0.0,0.0,-16.39395895429241
736,50,2025-07-30,44.03471219518134,31.475486092781725,True,False,0.9882092286097863,0.9877777777777778,True,True,True,True,0.0,0.0,0.0,0.0,-15.919158976008566
737,50,2025-07-31,44.91956415637643,30.756305322828805,True,False,0.9746340493952942,0.9733333333333334,True,True,True,True,0.0,0.0,0.0,0.0,-16.07745504866733
738,50,2025-08-01,29.857183631721725,34.82368392700943,False,False,0.3810034692796273,0.35888888888888887,False,False,False,False,426.3205140926293,321.5575897349742,321.5575897349742,189.1701614485003,-16.958088552105316
739,50,2025-08-01,46.55155356146134,30.256287188328727,True,False,0.9898257430969885,0.9894444444444445,True,True,True,True,0.0,0.0,0.0,0.0,-15.89025351710552
740,51,2025-08-07,40.881038199122855,34.95841567929185,True,False,0.975161216472182,0.9738888888888889,True,True,True,True,0.0,0.0,0.0,0.0,-16.07666260958759
741,51,2025-08-08,39.90760594068298,34.76169309526052,True,False,0.9496241007947225,0.9466666666666667,True,True,True,True,0.0,0.0,0.0,0.0,-16.191106450613027
742,51,2025-08-09,38.19236273965468,34.9130555870371,True,False,0.8977019598550918,0.8905555555555555,False,True,True,True,70.99840114166201,0.0,0.0,0.0,-16.28912590313329
743,51,2025-08-09,66.68416239939839,40.27378760665384,False,False,0.4875281703714783,0.4672222222222222,False,False,False,False,205.25145162224663,132.70423603575114,103.39883351608995,73.53360491921549,-16.780063877407386
744,51,2025-08-10,35.72207112005482,33.57821970210229,True,False,0.4370478531833827,0.41555555555555557,False,False,False,False,268.6599246334957,165.00949618787507,165.00949618787507,72.62260770371526,-16.867167695849435
745,51,2025-08-10,66.67100200691314,40.172501581625646,False,False,0.4875281703714783,0.4672222222222222,False,False,False,False,199.8770078146058,124.85358933750078,105.72211482665182,76.1909263299448,-16.780063877407386
746,51,2025-08-11,35.30814699268925,32.242704318087185,True,False,0.6912688088065908,0.6761111111111111,False,False,False,True,359.66441174512886,207.82238351445176,207.82238351445176,0.0,-16.51207249102975
747,51,2025-08-11,66.68138830041212,40.15891599835957,False,False,0.4875281703714783,0.4672222222222222,False,False,False,False,200.1589515855439,124.67923897661568,107.08410095876425,74.88751639515208,-16.780063877407386
748,51,2025-08-12,35.1708557747593,31.02716580796369,True,False,0.6901263408501389,0.675,False,False,False,True,323.43620851428057,227.53367212361846,212.43714651094638,0.0,-16.513278615680605
749,51,2025-08-13,35.98509488193211,29.88707706122785,True,True,0.5875150997313934,0.5711111111111111,False,False,False,True,251.12405512841153,230.5319409429509,65.77417633494747,0.0,-16.64091975494703
750,51,2025-08-14,37.65087057599208,28.6334251319291,True,False,0.7327924820413687,0.7177777777777777,False,False,True,True,223.20792369849485,126.86811463545028,0.0,0.0,-16.468344223513526
751,51,2025-08-14,22.385692651979813,44.20076097886451,False,False,0.9536179848912987,0.9511111111111111,True,True,True,True,0.0,0.0,0.0,0.0,-16.179617817711204
752,51,2025-08-15,37.935950170346665,28.17844637149036,True,False,0.7327924820413687,0.7177777777777777,False,False,True,True,263.87032199887125,156.88409154813417,0.0,0.0,-16.468344223513526
753,51,2025-08-15,22.590407363789808,44.509263012726805,False,False,0.9536179848912987,0.9511111111111111,True,True,True,True,0.0,0.0,0.0,0.0,-16.179617817711204
