"cell_id","lon","lat","mean_tmax","std_tmax","mean_intensity_per_km2","mean_intensity_per_million_km2","concentration_rank"
1,20.5,10.5,33.1881061394706,4.38564139978028,1.9455198984763e-05,19.455198984763,0.204444444444444
2,21.5,10.5,33.098594455862,4.44687948422638,1.89824617804879e-05,18.9824617804879,0.198888888888889
3,22.5,10.5,32.8301182448872,4.42951447310807,1.82214803461153e-05,18.2214803461153,0.192222222222222
4,23.5,10.5,32.7031005696248,4.41589343002827,1.77185573395495e-05,17.7185573395495,0.187222222222222
5,24.5,10.5,32.9798152662775,4.34244747784725,1.78776354611448e-05,17.8776354611448,0.187777777777778
6,25.5,10.5,33.5566725713323,4.36287901567158,1.85388870993037e-05,18.5388870993037,0.195555555555556
7,26.5,10.5,33.7112738714389,4.40749243768385,1.84966405719231e-05,18.4966405719231,0.195
8,27.5,10.5,33.5832182874157,4.36671490110901,1.79846639156351e-05,17.9846639156351,0.188888888888889
9,28.5,10.5,33.3121122211646,4.38554221741592,1.72592184939507e-05,17.2592184939507,0.178888888888889
10,29.5,10.5,33.0299021943519,4.42912114589015,1.6546029114546e-05,16.546029114546,0.172777777777778
11,30.5,10.5,32.4382296504143,4.27442426236153,1.54215347001793e-05,15.4215347001793,0.163888888888889
12,31.5,10.5,32.7845147390168,4.16017979306919,1.56595571485694e-05,15.6595571485694,0.165
13,32.5,10.5,33.0385321684874,4.13861129235453,1.5766996323386e-05,15.766996323386,0.166666666666667
14,33.5,10.5,32.5664112210077,4.06657478131999,1.48562623204508e-05,14.8562623204508,0.156666666666667
15,34.5,10.5,29.8835612035401,3.5305249265299,1.14400932949061e-05,11.4400932949061,0.123333333333333
16,35.5,10.5,29.3082400759591,3.7286311459671,1.06766475180384e-05,10.6766475180384,0.108888888888889
17,36.5,10.5,26.1864346645887,3.58811023589894,7.89671053346802e-06,7.89671053346802,0.0533333333333333
18,37.5,10.5,23.5665505803484,3.30784586002981,6.1151786909119e-06,6.1151786909119,0.01
19,38.5,10.5,23.7777594657119,3.35254076151171,6.13288825214035e-06,6.13288825214035,0.0116666666666667
20,39.5,10.5,21.8256102543893,2.7035478148544,5.04906438614328e-06,5.04906438614328,0.000555555555555556
21,40.5,10.5,34.1709595387069,2.86022499192695,1.53475353648579e-05,15.3475353648579,0.162222222222222
22,41.5,10.5,35.6285868998722,2.93851711714732,1.72487144996321e-05,17.2487144996321,0.178333333333333
23,42.5,10.5,34.0552360191932,2.74159026020835,1.4697302013467e-05,14.697302013467,0.156111111111111
24,43.5,10.5,33.8295326518928,2.90520114483495,1.41620668331033e-05,14.1620668331033,0.153333333333333
25,44.5,10.5,33.501454773148,2.5892499048903,1.35225238888578e-05,13.5225238888578,0.146666666666667
26,45.5,10.5,34.114429476422,2.46312201148901,1.40700937173212e-05,14.0700937173212,0.152777777777778
27,46.5,10.5,33.7308954302397,2.1078482967102,1.33670545324479e-05,13.3670545324479,0.146111111111111
28,47.5,10.5,27.9653095791218,1.84079308442426,7.76506015468177e-06,7.76506015468177,0.05
29,48.5,10.5,29.4220039479417,1.79465364808625,8.72676340398293e-06,8.72676340398293,0.0711111111111111
30,49.5,10.5,32.7806104996226,1.69733111809615,1.16696684143428e-05,11.6696684143428,0.126111111111111
31,50.5,10.5,34.4246403417467,1.82754226666695,1.33402327515362e-05,13.3402327515362,0.145555555555556
32,51.5,10.5,27.850139589197,1.26849172232356,7.19832229494019e-06,7.19832229494019,0.0383333333333333
33,52.5,10.5,26.6401355716503,1.52937503015629,6.33917410300063e-06,6.33917410300063,0.0172222222222222
34,53.5,10.5,26.8542984639967,1.46027136487197,6.35961468697297e-06,6.35961468697297,0.0183333333333333
35,54.5,10.5,26.9562554337015,1.44575352326951,6.31485760322408e-06,6.31485760322408,0.0161111111111111
36,55.5,10.5,27.05350902808,1.41392497597094,6.2677756995771e-06,6.2677756995771,0.0155555555555556
37,56.5,10.5,27.1625798983228,1.35885619778952,6.22784008993768e-06,6.22784008993768,0.0138888888888889
38,57.5,10.5,27.2800332491273,1.28104244129045,6.19297244791132e-06,6.19297244791132,0.0127777777777778
39,58.5,10.5,27.4066386344639,1.20755181854152,6.16343942991072e-06,6.16343942991072,0.0122222222222222
40,59.5,10.5,27.503426411234,1.15002382418684,6.11730550950299e-06,6.11730550950299,0.0105555555555556
41,60.5,10.5,27.622691091338,1.07665033307173,6.08405009537525e-06,6.08405009537525,0.00944444444444444
42,61.5,10.5,27.7509201005933,0.997541966357749,6.05595221554017e-06,6.05595221554017,0.00888888888888889
43,62.5,10.5,27.8511336124569,0.939617900979746,6.01250610073225e-06,6.01250610073225,0.00722222222222222
44,63.5,10.5,27.9401296750611,0.896322980145187,5.96321125879097e-06,5.96321125879097,0.00666666666666667
45,64.5,10.5,28.0147503520652,0.860394144352715,5.90653380093921e-06,5.90653380093921,0.005
46,65.5,10.5,28.0720589736287,0.836238422370341,5.84111158375886e-06,5.84111158375886,0.00388888888888889
47,66.5,10.5,28.1042118637273,0.826497732337285,5.76310765303886e-06,5.76310765303886,0.00333333333333333
48,67.5,10.5,28.1309245471079,0.817564874689342,5.68331680818293e-06,5.68331680818293,0.00277777777777778
49,68.5,10.5,28.1258411893458,0.827280649238066,5.5883158034865e-06,5.5883158034865,0.00222222222222222
50,69.5,10.5,28.1381456734098,0.84295233460001,5.50362482137507e-06,5.50362482137507,0.00111111111111111
51,20.5,11.5,33.8823878838125,4.64351010108653,2.21215816449694e-05,22.1215816449694,0.231666666666667
52,21.5,11.5,33.6202687039159,4.68811829314212,2.12464315973959e-05,21.2464315973959,0.217222222222222
53,22.5,11.5,32.9607298350846,4.56779257592942,1.9679709956605e-05,19.679709956605,0.205
54,23.5,11.5,32.5782371521723,4.37952639574065,1.86965765254666e-05,18.6965765254666,0.197222222222222
55,24.5,11.5,33.3728645369306,4.17121080255944,1.978012572191e-05,19.78012572191,0.206666666666667
56,25.5,11.5,34.2809937056933,4.01342073220388,2.11441254422162e-05,21.1441254422162,0.215555555555556
57,26.5,11.5,34.37119670356,4.00913938160147,2.0972670318409e-05,20.972670318409,0.214444444444444
58,27.5,11.5,34.2346449369759,4.11537835114431,2.03748170013972e-05,20.3748170013972,0.209444444444444
59,28.5,11.5,33.6596449787636,4.25388618940165,1.90162503422816e-05,19.0162503422816,0.199444444444444
60,29.5,11.5,32.7498251279559,4.39506005594502,1.72134007076304e-05,17.2134007076304,0.177777777777778
61,30.5,11.5,31.9722634845229,4.23980483940559,1.57733082583851e-05,15.7733082583851,0.167222222222222
62,31.5,11.5,32.8009404876754,4.16522372796438,1.67383173140155e-05,16.7383173140155,0.173333333333333
63,32.5,11.5,34.1102804847375,4.19521023891967,1.85590208498089e-05,18.5590208498089,0.196111111111111
64,33.5,11.5,33.502426396999,4.19895706410354,1.7270776057211e-05,17.270776057211,0.179444444444444
65,34.5,11.5,32.9497633486937,4.10075879485502,1.61540537488802e-05,16.1540537488803,0.170555555555556
66,35.5,11.5,31.600530423935,4.32710476615344,1.4046385697546e-05,14.046385697546,0.152222222222222
67,36.5,11.5,27.0537478702316,3.84250125518331,9.12210338305219e-06,9.12210338305219,0.0783333333333333
68,37.5,11.5,22.4792046278492,3.05933660442637,5.91002241819185e-06,5.91002241819185,0.00555555555555556
69,38.5,11.5,22.8978188404787,3.01847889407055,6.04081584048446e-06,6.04081584048446,0.00833333333333333
70,39.5,11.5,22.1368389184176,2.2382551765325,5.54558062632165e-06,5.54558062632165,0.00166666666666667
71,40.5,11.5,34.8499261338824,3.02056457407331,1.74274041254862e-05,17.4274041254862,0.180555555555556
72,41.5,11.5,37.3090101563956,3.22030270358126,2.14620557651051e-05,21.462055765105,0.221111111111111
73,42.5,11.5,36.5560040292753,3.22502257170708,1.9709105092307e-05,19.709105092307,0.206111111111111
74,43.5,11.5,33.7224507191869,2.70671729844685,1.49693070824068e-05,14.9693070824068,0.158888888888889
75,44.5,11.5,30.8904909645834,1.72087553118094,1.13737158539872e-05,11.3737158539872,0.121111111111111
76,45.5,11.5,30.8514519128037,1.76667148937362,1.11487415645476e-05,11.1487415645476,0.116111111111111
77,46.5,11.5,31.2520111681228,1.95892397601311,1.13753443474069e-05,11.3753443474069,0.121666666666667
78,47.5,11.5,32.4807166261827,2.42382963125409,1.25173387203459e-05,12.5173387203459,0.136666666666667
79,48.5,11.5,32.0192155584718,1.96287853477752,1.18080850062599e-05,11.8080850062599,0.128333333333333
80,49.5,11.5,32.4167140743029,1.78634031027322,1.20469651938547e-05,12.0469651938547,0.132777777777778
81,50.5,11.5,33.2211853910362,1.70400381944462,1.27557986537694e-05,12.7557986537694,0.139444444444444
82,51.5,11.5,29.1605579178917,1.11073350403026,8.66078188196173e-06,8.66078188196173,0.0672222222222222
83,52.5,11.5,26.7330430520809,1.50935425426502,6.82348143983325e-06,6.82348143983325,0.0294444444444444
84,53.5,11.5,26.8081189675621,1.51259184156089,6.75877490458495e-06,6.75877490458495,0.0283333333333333
85,54.5,11.5,26.9414015629495,1.46995046565129,6.73054464590662e-06,6.73054464590662,0.0266666666666667
86,55.5,11.5,27.08583277701,1.41178448880062,6.7093172151421e-06,6.7093172151421,0.0261111111111111
87,56.5,11.5,27.2127798076566,1.34556304019869,6.67750580346151e-06,6.67750580346151,0.0255555555555556
88,57.5,11.5,27.2960631034474,1.30044161255844,6.61930822542321e-06,6.61930822542321,0.0238888888888889
89,58.5,11.5,27.3606447827515,1.27194497256571,6.55035789599465e-06,6.55035789599465,0.0222222222222222
90,59.5,11.5,27.4302658056089,1.22360170422109,6.48517679215156e-06,6.48517679215156,0.0211111111111111
91,60.5,11.5,27.5415373976825,1.15956645915845,6.44518132486916e-06,6.44518132486916,0.0205555555555556
92,61.5,11.5,27.658256477194,1.08630518305975,6.40865205306504e-06,6.40865205306504,0.0194444444444444
93,62.5,11.5,27.7587032402951,1.02210167624984,6.36283145527738e-06,6.36283145527738,0.0188888888888889
94,63.5,11.5,27.8566787958236,0.969356799765777,6.31587534241498e-06,6.31587534241498,0.0166666666666667
95,64.5,11.5,27.930606571294,0.920020659179316,6.25549224962306e-06,6.25549224962306,0.015
96,65.5,11.5,28.0055214574913,0.88628601141951,6.19619652561535e-06,6.19619652561535,0.0133333333333333
97,66.5,11.5,28.0619558150621,0.858596592614869,6.12708732043681e-06,6.12708732043681,0.0111111111111111
98,67.5,11.5,28.0816970903487,0.849130038728725,6.03841044594855e-06,6.03841044594855,0.00777777777777778
99,68.5,11.5,28.1006634511401,0.845127665965292,5.95057912523898e-06,5.95057912523898,0.00611111111111111
100,69.5,11.5,28.1173789462711,0.853192091419119,5.86278346879693e-06,5.86278346879693,0.00444444444444444
101,20.5,12.5,34.9114658563197,4.67337248490544,2.59378860749387e-05,25.9378860749387,0.276666666666667
102,21.5,12.5,33.9919900079742,4.60529714493182,2.34605973807505e-05,23.4605973807505,0.242222222222222
103,22.5,12.5,33.2785698971522,4.46270226508527,2.16241047472232e-05,21.6241047472232,0.222777777777778
104,23.5,12.5,31.6328898118524,4.25420922435596,1.83042045123132e-05,18.3042045123132,0.192777777777778
105,24.5,12.5,32.2823076803237,3.70525707474468,1.91130202556742e-05,19.1130202556742,0.201666666666667
106,25.5,12.5,34.5961730296282,3.48399779560296,2.32325413689587e-05,23.2325413689587,0.239444444444444
107,26.5,12.5,35.1459875390405,3.63980597870404,2.403074698805e-05,24.03074698805,0.251666666666667
108,27.5,12.5,35.0128911393224,3.7422947349912,2.33531367433822e-05,23.3531367433822,0.241111111111111
109,28.5,12.5,34.3741660953735,3.9030386504038,2.16691712387768e-05,21.6691712387768,0.223888888888889
110,29.5,12.5,33.7142598428119,3.87517374374566,2.00696646908917e-05,20.0696646908917,0.207777777777778
111,30.5,12.5,34.1761665573295,3.84046614636517,2.05950801578394e-05,20.5950801578394,0.211111111111111
112,31.5,12.5,34.217374693652,3.764674214583,2.03375490372887e-05,20.3375490372887,0.208888888888889
113,32.5,12.5,35.3988012722751,4.08326952245979,2.22844395102089e-05,22.2844395102089,0.233888888888889
114,33.5,12.5,35.0289610393591,4.17321738734357,2.11926958655553e-05,21.1926958655553,0.216666666666667
115,34.5,12.5,34.6832268573472,4.52115404939777,2.01962535563272e-05,20.1962535563272,0.208333333333333
116,35.5,12.5,33.7979452392776,4.87523970984413,1.83206034396647e-05,18.3206034396647,0.193333333333333
117,36.5,12.5,30.0255634545644,4.43472943996679,1.27701493234151e-05,12.7701493234151,0.14
118,37.5,12.5,23.705500326279,3.15194635907165,7.055392918518e-06,7.055392918518,0.0338888888888889
119,38.5,12.5,26.6941458598709,3.31636143880175,9.11980474169742e-06,9.11980474169742,0.0777777777777778
120,39.5,12.5,24.6544133580342,2.30604080262984,7.44962810672643e-06,7.44962810672643,0.0427777777777778
121,40.5,12.5,36.762145389761,2.95566702899676,2.21525248006706e-05,22.1525248006706,0.232222222222222
122,41.5,12.5,38.0435573421783,3.06305383543904,2.4498588130298e-05,24.498588130298,0.257222222222222
123,42.5,12.5,36.7671142249205,3.03185677355885,2.14471525947533e-05,21.4471525947533,0.220555555555556
124,43.5,12.5,33.3060639029098,2.31966723303319,1.53830352213434e-05,15.3830352213434,0.163333333333333
125,44.5,12.5,32.0901517977116,2.01324892989805,1.35435799615086e-05,13.5435799615086,0.147777777777778
126,45.5,12.5,30.3101481827806,1.53765984004581,1.13259233323642e-05,11.3259233323642,0.12
127,46.5,12.5,30.516370254727,1.62303644852132,1.13533143476433e-05,11.3533143476433,0.120555555555556
128,47.5,12.5,30.8694307168749,1.79495469490309,1.15340182212668e-05,11.5340182212668,0.124444444444444
129,48.5,12.5,30.816383530397,1.74715707316649,1.12919430601811e-05,11.2919430601811,0.119444444444444
130,49.5,12.5,30.7965569632498,1.66753496478747,1.10887404388646e-05,11.0887404388646,0.113888888888889
131,50.5,12.5,30.5024602941886,1.51507339067711,1.06200396464167e-05,10.6200396464167,0.107222222222222
132,51.5,12.5,28.9520179902694,1.04338032804339,9.06935848111672e-06,9.06935848111672,0.0761111111111111
133,52.5,12.5,27.2587750323741,1.3349929995366,7.64173132329032e-06,7.64173132329032,0.0477777777777778
134,53.5,12.5,27.6291191929071,1.51379906567052,7.77560520468482e-06,7.77560520468482,0.0505555555555556
135,54.5,12.5,27.5863972579165,1.49459688976324,7.61948771977059e-06,7.61948771977059,0.0466666666666667
136,55.5,12.5,27.0972091109072,1.43546955250351,7.16813450529011e-06,7.16813450529011,0.0372222222222222
137,56.5,12.5,27.2393102895533,1.37487944220952,7.14401432631043e-06,7.14401432631043,0.0366666666666667
138,57.5,12.5,27.3007471541738,1.34648981470708,7.06756648699384e-06,7.06756648699384,0.0344444444444444
139,58.5,12.5,27.3376763336903,1.32757565923772,6.9762608971933e-06,6.9762608971933,0.0327777777777778
140,59.5,12.5,27.3939277594631,1.28588720815981,6.89838474161231e-06,6.89838474161231,0.0316666666666667
141,60.5,12.5,27.4688332488961,1.23151601554852,6.83306045847978e-06,6.83306045847978,0.0305555555555556
142,61.5,12.5,27.5744988940422,1.17582490254202,6.78741267700015e-06,6.78741267700015,0.0288888888888889
143,62.5,12.5,27.6627829241804,1.11508534293923,6.73138592042065e-06,6.73138592042065,0.0272222222222222
144,63.5,12.5,27.7480225781804,1.04642441394399,6.67399127216183e-06,6.67399127216183,0.025
145,64.5,12.5,27.8178803700476,0.991883285042197,6.60774359796091e-06,6.60774359796091,0.0233333333333333
146,65.5,12.5,27.9035935566134,0.949902353573234,6.55159833963808e-06,6.55159833963808,0.0227777777777778
147,66.5,12.5,27.9898657529111,0.909669421479957,6.49625626655318e-06,6.49625626655318,0.0216666666666667
148,67.5,12.5,28.048013863592,0.878990646089082,6.42481621029904e-06,6.42481621029904,0.02
149,68.5,12.5,28.0819921669261,0.867817320863923,6.34007947711624e-06,6.34007947711624,0.0177777777777778
150,69.5,12.5,28.1115639669981,0.868324923107625,6.25390442518658e-06,6.25390442518658,0.0144444444444444
151,20.5,13.5,35.8532151561451,4.39847985007948,3.01754575287253e-05,30.1754575287253,0.343888888888889
152,21.5,13.5,34.2609989779743,4.33355009659002,2.56659308408704e-05,25.6659308408704,0.273333333333333
153,22.5,13.5,33.1793502394831,3.98037979958354,2.2876393249181e-05,22.876393249181,0.236666666666667
154,23.5,13.5,32.8931899175572,3.95745085176304,2.19239108042479e-05,21.9239108042479,0.228333333333333
155,24.5,13.5,31.3566566304401,3.19393061059712,1.87492785398394e-05,18.7492785398394,0.197777777777778
156,25.5,13.5,34.754940630081,3.07039815603005,2.51634626264095e-05,25.1634626264095,0.263888888888889
157,26.5,13.5,35.0804261103233,3.17897683189189,2.55004499570177e-05,25.5004499570177,0.27
158,27.5,13.5,35.3340714645289,3.28798893088853,2.56728391929838e-05,25.6728391929838,0.273888888888889
159,28.5,13.5,35.3283842165326,3.32850183495086,2.52419118981801e-05,25.2419118981801,0.266111111111111
160,29.5,13.5,34.9555568416323,3.31430223842586,2.39999889793223e-05,23.9999889793223,0.250555555555556
161,30.5,13.5,35.556946371483,3.27239479354446,2.49443377436531e-05,24.9443377436531,0.261666666666667
162,31.5,13.5,36.0656115148585,3.41664524180061,2.57046606465658e-05,25.7046606465658,0.274444444444444
163,32.5,13.5,36.3440334968698,3.83630232804769,2.593302062044e-05,25.93302062044,0.276111111111111
164,33.5,13.5,36.2816405025457,4.12599670268289,2.53627379095826e-05,25.3627379095826,0.268333333333333
165,34.5,13.5,35.8721505402761,4.57543330021625,2.40285759838705e-05,24.0285759838705,0.251111111111111
166,35.5,13.5,34.9365441275909,4.77208053880757,2.16987240136684e-05,21.6987240136684,0.225555555555556
167,36.5,13.5,32.8332415600262,4.83369571852355,1.76126568569605e-05,17.6126568569605,0.186111111111111
168,37.5,13.5,28.2495537272007,4.19609145640352,1.14005056668535e-05,11.4005056668535,0.122222222222222
169,38.5,13.5,26.0233558352285,3.10500211542768,9.15567154566668e-06,9.15567154566668,0.08
170,39.5,13.5,25.6477306852924,2.6169820812204,8.70506412000551e-06,8.70506412000551,0.0688888888888889
171,40.5,13.5,38.5031164913199,2.77711014536035,2.77231120451007e-05,27.7231120451006,0.3
172,41.5,13.5,38.284942731907,2.88466004185169,2.67326586888643e-05,26.7326586888643,0.288333333333333
173,42.5,13.5,33.7604845359435,1.76478682488608,1.74019554546398e-05,17.4019554546398,0.18
174,43.5,13.5,33.0591007947225,1.84913155077525,1.60555437817855e-05,16.0555437817855,0.17
175,44.5,13.5,31.5865818063191,2.60295495570968,1.38006373269434e-05,13.8006373269434,0.149444444444444
176,45.5,13.5,31.1708364195829,2.0488919610616,1.30738369504447e-05,13.0738369504447,0.143333333333333
177,46.5,13.5,30.8541839633301,1.43578640492023,1.24983557867243e-05,12.4983557867243,0.136111111111111
178,47.5,13.5,31.0687699353684,1.4620240448476,1.25385370958392e-05,12.5385370958392,0.137222222222222
179,48.5,13.5,30.0701405161262,1.43681096015707,1.12590148569803e-05,11.2590148569803,0.118888888888889
180,49.5,13.5,30.0730294193545,1.42487385857336,1.10790018408131e-05,11.0790018408131,0.113333333333333
181,50.5,13.5,29.9315924677799,1.35515569160575,1.0759333239572e-05,10.759333239572,0.11
182,51.5,13.5,28.8856997438422,1.1322133366516,9.62069480442546e-06,9.62069480442546,0.0916666666666667
183,52.5,13.5,27.6399416589634,1.36360909209009,8.44491429932602e-06,8.44491429932602,0.0633333333333333
184,53.5,13.5,27.4339655882098,1.482361359612,8.15224230190137e-06,8.15224230190137,0.0588888888888889
185,54.5,13.5,27.9675520032678,1.37868883251627,8.42093880359444e-06,8.42093880359444,0.0627777777777778
186,55.5,13.5,27.3112005563897,1.45455889253389,7.8014735741956e-06,7.8014735741956,0.0511111111111111
187,56.5,13.5,27.2057104206461,1.43036287206425,7.60112858198427e-06,7.60112858198427,0.0461111111111111
188,57.5,13.5,27.2686614583023,1.40645004128233,7.52081280193476e-06,7.52081280193476,0.0438888888888889
189,58.5,13.5,27.3036575994856,1.38559730579752,7.42234769277261e-06,7.42234769277261,0.0422222222222222
190,59.5,13.5,27.3570064552434,1.34004025930456,7.33755958965552e-06,7.33755958965552,0.0411111111111111
191,60.5,13.5,27.4244533180812,1.29461112022556,7.26309125704735e-06,7.26309125704735,0.04
192,61.5,13.5,27.5131141365915,1.23312421679,7.2033887658117e-06,7.2033887658117,0.0388888888888889
193,62.5,13.5,27.5923475184788,1.17485775618869,7.13801295002082e-06,7.13801295002082,0.0361111111111111
194,63.5,13.5,27.6843969590147,1.11142400982018,7.08153823781389e-06,7.08153823781389,0.035
195,64.5,13.5,27.7752148917525,1.05237357198849,7.02470413602541e-06,7.02470413602541,0.0333333333333333
196,65.5,13.5,27.8505154075337,0.999361513495933,6.95843009035818e-06,6.95843009035818,0.0322222222222222
197,66.5,13.5,27.9316355615214,0.952964977630416,6.89642511371134e-06,6.89642511371135,0.0311111111111111
198,67.5,13.5,28.002155105682,0.916573846703185,6.82831980320654e-06,6.82831980320654,0.03
199,68.5,13.5,28.040577517878,0.891306170408318,6.74104652344525e-06,6.74104652344525,0.0277777777777778
200,69.5,13.5,28.0845815180096,0.87559511191295,6.65825199122594e-06,6.65825199122594,0.0244444444444444
201,20.5,14.5,36.9225641610071,3.92748868791165,3.5520621026327e-05,35.520621026327,0.432777777777778
202,21.5,14.5,34.6810741047648,3.96408949628412,2.8470306635335e-05,28.470306635335,0.316666666666667
203,22.5,14.5,33.5068247651248,3.39246885099613,2.51649095958708e-05,25.1649095958708,0.264444444444444
204,23.5,14.5,34.256044612632,3.2575066471736,2.65120940079725e-05,26.5120940079725,0.283888888888889
205,24.5,14.5,33.0181422517781,3.02597850225118,2.32941170229653e-05,23.2941170229653,0.240555555555556
206,25.5,14.5,33.5687725306133,2.91259082235322,2.40995136295816e-05,24.0995136295816,0.252222222222222
207,26.5,14.5,34.5720679654844,2.88314868186092,2.59847097689456e-05,25.9847097689456,0.277777777777778
208,27.5,14.5,34.9665403487283,2.94732271014967,2.64998311580369e-05,26.4998311580369,0.283333333333333
209,28.5,14.5,36.0365477103959,2.91593731477492,2.87475528163625e-05,28.7475528163625,0.32
210,29.5,14.5,36.3719923792868,2.94398349077612,2.9160252155089e-05,29.160252155089,0.324444444444444
211,30.5,14.5,36.7117688651308,3.00991782616268,2.95900214013616e-05,29.5900214013616,0.331666666666667
212,31.5,14.5,37.1581870275496,3.15151425250964,3.0319023858486e-05,30.319023858486,0.346111111111111
213,32.5,14.5,37.4806458134711,3.48013067164334,3.07131403585938e-05,30.7131403585938,0.353333333333333
214,33.5,14.5,37.5555617821718,3.81080956693577,3.04164106072803e-05,30.4164106072803,0.346666666666667
215,34.5,14.5,36.8825962442594,4.16642928339639,2.81321728626997e-05,28.1321728626997,0.305555555555556
216,35.5,14.5,36.0139059321764,4.39843463282919,2.55598049646657e-05,25.5598049646657,0.271111111111111
217,36.5,14.5,35.1471455053266,4.65833438563877,2.32264195263812e-05,23.2264195263812,0.238888888888889
218,37.5,14.5,31.9940041921269,4.62295803264279,1.71287943556527e-05,17.1287943556527,0.177222222222222
219,38.5,14.5,28.2089968603893,3.9797076933833,1.19268677478807e-05,11.9268677478807,0.13
220,39.5,14.5,25.9242509194017,2.46838742843698,9.52930022336358e-06,9.52930022336358,0.0905555555555556
221,40.5,14.5,38.988728114104,2.70555565384643,3.09323424183201e-05,30.9323424183201,0.355
222,41.5,14.5,33.4361645417014,1.84422056781808,1.83276631786333e-05,18.3276631786333,0.193888888888889
223,42.5,14.5,31.0605140681915,1.54016763983668,1.45133854444027e-05,14.5133854444027,0.155
224,43.5,14.5,32.8673067216513,2.229732810222,1.68349092922786e-05,16.8349092922786,0.174444444444444
225,44.5,14.5,25.8500860277012,2.23777324031146,8.72133347933643e-06,8.72133347933643,0.0705555555555556
226,45.5,14.5,29.9073060934115,2.45908189274614,1.24292748319959e-05,12.4292748319959,0.135
227,46.5,14.5,32.3540578482945,2.43157840648684,1.52913149560637e-05,15.2913149560637,0.161666666666667
228,47.5,14.5,32.3948795333389,2.58908030234401,1.50977909534776e-05,15.0977909534776,0.16
229,48.5,14.5,31.0278994330822,2.10877979775333,1.3111344465002e-05,13.111344465002,0.143888888888889
230,49.5,14.5,30.577742956057,1.62116132003786,1.23814300347391e-05,12.3814300347391,0.134444444444444
231,50.5,14.5,29.3305137808554,1.25868385108991,1.08700514898467e-05,10.8700514898467,0.111666666666667
232,51.5,14.5,28.8786371535033,1.24745703284593,1.02608261444988e-05,10.2608261444988,0.101111111111111
233,52.5,14.5,27.9762533050675,1.40565436623651,9.29427492862784e-06,9.29427492862784,0.0833333333333333
234,53.5,14.5,27.4482967802342,1.55583208118369,8.71186720344707e-06,8.71186720344707,0.07
235,54.5,14.5,27.6140513675218,1.44339071571661,8.70156942011702e-06,8.70156942011702,0.0683333333333333
236,55.5,14.5,27.6233802714937,1.40974741749042,8.56758055110201e-06,8.56758055110201,0.0655555555555556
237,56.5,14.5,27.2579012115872,1.47495510589891,8.15119363213715e-06,8.15119363213715,0.0583333333333333
238,57.5,14.5,27.2205824505981,1.45668518360243,7.99147647872436e-06,7.99147647872436,0.055
239,58.5,14.5,27.2696929700888,1.42222204420036,7.89708331476386e-06,7.89708331476386,0.0538888888888889
240,59.5,14.5,27.3377040713242,1.37325477911846,7.81735348792127e-06,7.81735348792127,0.0522222222222222
241,60.5,14.5,27.4222393194653,1.32992831479688,7.75010124098927e-06,7.75010124098927,0.0494444444444444
242,61.5,14.5,27.4709822805853,1.28724620007465,7.65833370251585e-06,7.65833370251585,0.0483333333333333
243,62.5,14.5,27.5472076173386,1.22291028578752,7.5867663376368e-06,7.5867663376368,0.0455555555555556
244,63.5,14.5,27.6493282950747,1.16390959520736,7.53365502532686e-06,7.53365502532686,0.045
245,64.5,14.5,27.740965730248,1.1052264579387,7.47375070437631e-06,7.47375070437631,0.0433333333333333
246,65.5,14.5,27.8230829369781,1.05169430214314,7.40785550502189e-06,7.40785550502189,0.0416666666666667
247,66.5,14.5,27.895799506921,1.00285913534146,7.33621855930001e-06,7.33621855930001,0.0405555555555556
248,67.5,14.5,27.9633858907721,0.960215003438088,7.26184620593411e-06,7.26184620593411,0.0394444444444444
249,68.5,14.5,28.0193090860597,0.918277278390928,7.1805675657404e-06,7.1805675657404,0.0377777777777778
250,69.5,14.5,28.0511259199446,0.887241640009047,7.08453482448882e-06,7.08453482448882,0.0355555555555556
251,20.5,15.5,37.7953826465818,3.4372632200221,4.10687312369785e-05,41.0687312369785,0.531111111111111
252,21.5,15.5,36.681595234514,3.41959687430361,3.64915746455076e-05,36.4915746455076,0.451111111111111
253,22.5,15.5,34.4155380824937,2.9773518685971,2.91900114597393e-05,29.1900114597393,0.325555555555556
254,23.5,15.5,34.758888939312,2.81039110622134,2.96333848308631e-05,29.6333848308631,0.333888888888889
255,24.5,15.5,34.5556302404507,2.72888376312464,2.86163940129496e-05,28.6163940129496,0.318333333333333
256,25.5,15.5,33.8763870180358,2.6836689395486,2.64575154602699e-05,26.4575154602699,0.282777777777778
257,26.5,15.5,34.0924895519616,2.63332608656743,2.65472810238848e-05,26.5472810238848,0.284444444444444
258,27.5,15.5,34.8431204424863,2.67842249204824,2.79695306951646e-05,27.9695306951646,0.303888888888889
259,28.5,15.5,36.4742730669455,2.72713730682344,3.19372025160557e-05,31.9372025160557,0.373888888888889
260,29.5,15.5,36.7065228868097,2.78215833942226,3.20911740692879e-05,32.0911740692879,0.377777777777778
261,30.5,15.5,36.8599289770365,2.85477344184309,3.20140942922312e-05,32.0140942922312,0.375555555555556
262,31.5,15.5,37.406857962226,2.92404477150297,3.31067267285649e-05,33.1067267285649,0.395
263,32.5,15.5,37.9639532142801,3.08017434654928,3.42669691336966e-05,34.2669691336966,0.412222222222222
264,33.5,15.5,37.9282814342922,3.28006021827338,3.3596882887668e-05,33.596882887668,0.403333333333333
265,34.5,15.5,37.728141503983,3.4551509026557,3.24489077797261e-05,32.4489077797261,0.384444444444444
266,35.5,15.5,37.707912309816,3.70998163170578,3.18584190116645e-05,31.8584190116645,0.370555555555556
267,36.5,15.5,36.3562957296106,3.94901211645969,2.76955437080678e-05,27.6955437080678,0.299444444444444
268,37.5,15.5,34.3204579289706,4.09285942870634,2.26183101735048e-05,22.6183101735048,0.234444444444444
269,38.5,15.5,29.597039260651,3.73622820228552,1.44527964404793e-05,14.4527964404793,0.154444444444444
270,39.5,15.5,31.6146782096875,2.22294488131265,1.71098372826511e-05,17.1098372826511,0.176666666666667
271,40.5,15.5,32.3995610747469,1.80012863912433,1.80872761949617e-05,18.0872761949617,0.190555555555556
272,41.5,15.5,31.2402132608518,1.67471834759087,1.60055232716548e-05,16.0055232716548,0.168888888888889
273,42.5,15.5,31.7718244021299,1.52315101726891,1.65304785332831e-05,16.5304785332831,0.172222222222222
274,43.5,15.5,32.1619478525784,2.46823802262415,1.68439782409629e-05,16.8439782409629,0.175
275,44.5,15.5,26.7682570939689,2.20561076836052,1.01230897481755e-05,10.1230897481755,0.1
276,45.5,15.5,35.3775578638334,2.55947573664868,2.18683548313369e-05,21.8683548313369,0.227777777777778
277,46.5,15.5,37.243457980222,2.51662446063803,2.55131972534158e-05,25.5131972534158,0.270555555555556
278,47.5,15.5,34.9747106025173,2.42938263953447,2.03996089404835e-05,20.3996089404835,0.210555555555556
279,48.5,15.5,34.4024565385612,2.40731463271013,1.90457134094473e-05,19.0457134094473,0.2
280,49.5,15.5,33.7162887243837,2.50138376956395,1.75964875826923e-05,17.5964875826923,0.185
281,50.5,15.5,32.8486465098276,2.09829219561083,1.59941536913824e-05,15.9941536913824,0.168333333333333
282,51.5,15.5,31.4498128484992,1.75385688022534,1.38484450050099e-05,13.8484450050099,0.150555555555556
283,52.5,15.5,28.5216940916059,1.50451465186497,1.04261391103595e-05,10.4261391103595,0.103333333333333
284,53.5,15.5,27.604471599939,1.58599633771279,9.43158331974375e-06,9.43158331974375,0.0872222222222222
285,54.5,15.5,27.4556603799525,1.57247486528712,9.15301793079198e-06,9.15301793079198,0.0794444444444444
286,55.5,15.5,27.580608090386,1.45519796666525,9.10819076112221e-06,9.10819076112221,0.0772222222222222
287,56.5,15.5,27.4508884652686,1.45690396962486,8.85454431602599e-06,8.85454431602599,0.0733333333333333
288,57.5,15.5,27.2577977642835,1.49171603546764,8.55811046666712e-06,8.55811046666712,0.065
289,58.5,15.5,27.2469384496041,1.45055388250318,8.41083063452406e-06,8.41083063452406,0.0616666666666667
290,59.5,15.5,27.2984067538988,1.40213579426026,8.31333391245939e-06,8.31333391245939,0.0605555555555556
291,60.5,15.5,27.3742646434162,1.36222923426622,8.2352673051865e-06,8.2352673051865,0.0594444444444444
292,61.5,15.5,27.4396007819981,1.32077087973554,8.15009957706261e-06,8.15009957706261,0.0577777777777778
293,62.5,15.5,27.5103906524092,1.27109557453162,8.0698672126263e-06,8.0698672126263,0.0566666666666667
294,63.5,15.5,27.6082467865589,1.21769807685558,8.01022882142809e-06,8.01022882142809,0.0555555555555556
295,64.5,15.5,27.6945088128756,1.1620011686208,7.94262023904989e-06,7.94262023904989,0.0544444444444444
296,65.5,15.5,27.7831198498048,1.10196812309319,7.87729040429374e-06,7.87729040429374,0.0527777777777778
297,66.5,15.5,27.8730810406339,1.04398851345364,7.81345384052819e-06,7.81345384052819,0.0516666666666667
298,67.5,15.5,27.9390691601347,0.991698827098057,7.73315152496641e-06,7.73315152496641,0.0488888888888889
299,68.5,15.5,27.9786162061906,0.94335978451997,7.63518724480192e-06,7.63518724480192,0.0472222222222222
300,69.5,15.5,28.0093079499208,0.910785228390536,7.53230577974005e-06,7.53230577974005,0.0444444444444444
301,20.5,16.5,37.983856662072,2.95729396243785,4.4604488962857e-05,44.604488962857,0.599444444444444
302,21.5,16.5,37.5636450910162,3.00986504293891,4.22252331952683e-05,42.2252331952683,0.553333333333333
303,22.5,16.5,35.1399811273125,2.87522060621497,3.32882432314073e-05,33.2882432314073,0.398333333333333
304,23.5,16.5,34.1089752543638,2.65016485956463,2.98059706111466e-05,29.8059706111466,0.337777777777778
305,24.5,16.5,35.0645077511837,2.63615527035243,3.1997333847231e-05,31.997333847231,0.374444444444444
306,25.5,16.5,35.1779426632153,2.62015627492507,3.18055147198245e-05,31.8055147198245,0.367777777777778
307,26.5,16.5,35.0293668555947,2.62577388865052,3.08664922258958e-05,30.8664922258958,0.353888888888889
308,27.5,16.5,35.5227896233104,2.68698827654092,3.17643843532613e-05,31.7643843532613,0.366666666666667
309,28.5,16.5,36.9308107974554,2.68629551824577,3.55391498257422e-05,35.5391498257422,0.433333333333333
310,29.5,16.5,37.4390753876801,2.681314446343,3.66238328700542e-05,36.6238328700542,0.453888888888889
311,30.5,16.5,37.2775191512976,2.68480019111034,3.55004555174583e-05,35.5004555174583,0.432222222222222
312,31.5,16.5,38.076115658632,2.70121354177743,3.75672218666967e-05,37.5672218666967,0.47
313,32.5,16.5,38.400411258857,2.76032368151781,3.80671317655745e-05,38.0671317655745,0.479444444444444
314,33.5,16.5,38.4165965544555,2.84063333887855,3.75022973108581e-05,37.5022973108581,0.467777777777778
315,34.5,16.5,38.9698128840235,2.93351306120902,3.88040678129963e-05,38.8040678129963,0.492222222222222
316,35.5,16.5,38.7686175577734,3.1436399013064,3.74738896129425e-05,37.4738896129425,0.466666666666667
317,36.5,16.5,37.6648264262134,3.32328759633811,3.33244907421038e-05,33.3244907421038,0.399444444444444
318,37.5,16.5,36.1175184657089,3.6051193202662,2.84559397573261e-05,28.4559397573261,0.315555555555556
319,38.5,16.5,30.9817156343876,2.64701650192137,1.75157780704061e-05,17.5157780704061,0.182222222222222
320,39.5,16.5,33.4964610498641,2.27779185845935,2.16871318176953e-05,21.6871318176953,0.224444444444444
321,40.5,16.5,31.3424944977609,1.78233879252599,1.75268660222191e-05,17.5268660222191,0.182777777777778
322,41.5,16.5,31.1270382389481,1.58638738010722,1.69074815760918e-05,16.9074815760918,0.175555555555556
323,42.5,16.5,31.3690234955179,1.36091482944958,1.70065267372477e-05,17.0065267372477,0.176111111111111
324,43.5,16.5,31.9306029978936,2.47227361756781,1.7601243613913e-05,17.601243613913,0.185555555555556
325,44.5,16.5,31.0743706058798,2.47323311197848,1.60118967153868e-05,16.0118967153868,0.169444444444444
326,45.5,16.5,35.8413252033656,2.70773205552277,2.43484713616192e-05,24.3484713616192,0.255555555555556
327,46.5,16.5,37.2350091604557,2.66066059434208,2.72069237089795e-05,27.2069237089795,0.291666666666667
328,47.5,16.5,36.6468801174826,2.55683389288108,2.53654587960085e-05,25.3654587960085,0.268888888888889
329,48.5,16.5,36.7076602810477,2.54522175600302,2.50923051715652e-05,25.0923051715652,0.262222222222222
330,49.5,16.5,36.9417020108379,2.5593194381494,2.52179278804206e-05,25.2179278804206,0.265555555555556
331,50.5,16.5,36.3758898254028,2.54037956921271,2.3558074381105e-05,23.558074381105,0.244444444444444
332,51.5,16.5,35.550052887755,2.61290271940472,2.1489676665035e-05,21.489676665035,0.222222222222222
333,52.5,16.5,30.2247895605456,1.97532148297374,1.29985961487822e-05,12.9985961487822,0.142777777777778
334,53.5,16.5,27.5336121234222,1.55740268859244,1.00013819886034e-05,10.0013819886034,0.0977777777777778
335,54.5,16.5,27.3489287410702,1.62791231392714,9.6738095160797e-06,9.67380951607969,0.0927777777777778
336,55.5,16.5,27.2867611680132,1.60653069500028,9.46275937045302e-06,9.46275937045302,0.0877777777777778
337,56.5,16.5,27.3569494324516,1.50536014121006,9.36933348981819e-06,9.36933348981819,0.0855555555555556
338,57.5,16.5,27.2766039025785,1.5060860121419,9.14961115190849e-06,9.14961115190849,0.0788888888888889
339,58.5,16.5,27.2164444222295,1.48480201607283,8.95163943582974e-06,8.95163943582974,0.075
340,59.5,16.5,27.2861913414889,1.43229448921229,8.86268435580202e-06,8.86268435580202,0.0738888888888889
341,60.5,16.5,27.3643983006402,1.39129088278674,8.78134887808067e-06,8.78134887808067,0.0722222222222222
342,61.5,16.5,27.4523942441767,1.33838081604518,8.70859941089379e-06,8.70859941089379,0.0694444444444444
343,62.5,16.5,27.5308168395257,1.29474303451782,8.62885954936888e-06,8.62885954936888,0.0666666666666667
344,63.5,16.5,27.603107097537,1.2442437066839,8.54508926928639e-06,8.54508926928639,0.0644444444444444
345,64.5,16.5,27.6944017490266,1.19046011738043,8.47685591884966e-06,8.47685591884966,0.0638888888888889
346,65.5,16.5,27.7881790157012,1.129414900029,8.41110639404241e-06,8.41110639404241,0.0622222222222222
347,66.5,16.5,27.8704921477843,1.06892640406663,8.33712522971016e-06,8.33712522971016,0.0611111111111111
348,67.5,16.5,27.9193286218278,1.00694476261058,8.23855762354494e-06,8.23855762354494,0.06
349,68.5,16.5,27.966396716214,0.959556392438321,8.13977973439781e-06,8.13977973439781,0.0572222222222222
350,69.5,16.5,28.0088630973922,0.928239185088084,8.03873949228211e-06,8.03873949228211,0.0561111111111111
351,20.5,17.5,38.123898213239,2.68755035718202,4.82255784445942e-05,48.2255784445942,0.663333333333333
352,21.5,17.5,37.2006626640588,2.73181876613388,4.36021646824797e-05,43.6021646824797,0.581666666666667
353,22.5,17.5,34.773908050955,2.62029893753531,3.43636374075698e-05,34.3636374075698,0.416111111111111
354,23.5,17.5,33.6988049563011,2.61368261566157,3.06417366866776e-05,30.6417366866776,0.350555555555556
355,24.5,17.5,35.0196729475335,2.73718162663428,3.40089833537711e-05,34.0089833537711,0.409444444444444
356,25.5,17.5,35.8523728084285,2.70310667837554,3.6102180057208e-05,36.102180057208,0.444444444444444
357,26.5,17.5,36.3414698666335,2.68315866812868,3.71392154635326e-05,37.1392154635326,0.46
358,27.5,17.5,36.7249834691119,2.74662268711459,3.78375641748422e-05,37.8375641748422,0.475
359,28.5,17.5,37.4822555268821,2.78153909891136,3.98890893106593e-05,39.8890893106593,0.513333333333333
360,29.5,17.5,37.6127319019622,2.78735503134482,3.97113208940179e-05,39.7113208940179,0.51
361,30.5,17.5,38.4100585386795,2.7345878596963,4.20198283215548e-05,42.0198283215548,0.551111111111111
362,31.5,17.5,38.9285873008783,2.69815254421111,4.33436335996884e-05,43.3436335996884,0.576666666666667
363,32.5,17.5,38.7667109859931,2.65252441356315,4.20139512085516e-05,42.0139512085516,0.55
364,33.5,17.5,39.0504228827277,2.6503548514761,4.2416742547028e-05,42.416742547028,0.557777777777778
365,34.5,17.5,39.6055634558345,2.66281436369068,4.38986052498436e-05,43.8986052498436,0.588333333333333
366,35.5,17.5,38.9824406429567,2.73989215828814,4.07929779842036e-05,40.7929779842036,0.527777777777778
367,36.5,17.5,37.8715832171317,2.88114567996136,3.62533489242046e-05,36.2533489242046,0.447777777777778
368,37.5,17.5,37.2596584137793,2.92012698905097,3.37237316731552e-05,33.7237316731552,0.403888888888889
369,38.5,17.5,33.8185952452363,2.41802188870277,2.42300983046378e-05,24.2300983046378,0.253333333333333
370,39.5,17.5,31.7348021235668,2.10220947239008,1.97062064012713e-05,19.7062064012713,0.205555555555556
371,40.5,17.5,31.1432406628718,1.74655721306434,1.83689935835117e-05,18.3689935835117,0.194444444444444
372,41.5,17.5,31.1061351939492,1.41504042476063,1.80122683954724e-05,18.0122683954724,0.19
373,42.5,17.5,34.7767032445621,1.99780208173885,2.4774561886829e-05,24.774561886829,0.258888888888889
374,43.5,17.5,29.5144976564883,2.49132117542414,1.50635373259169e-05,15.0635373259169,0.159444444444444
375,44.5,17.5,33.9732432430256,2.70762949408269,2.22703611392186e-05,22.2703611392186,0.233333333333333
376,45.5,17.5,37.1872728861398,2.86798374242975,2.93858217683799e-05,29.3858217683799,0.327777777777778
377,46.5,17.5,38.1786946538958,2.81781750797281,3.16505108345661e-05,31.6505108345661,0.363888888888889
378,47.5,17.5,38.3040265972755,2.72151292454486,3.14962736105089e-05,31.4962736105089,0.362777777777778
379,48.5,17.5,38.9380433648192,2.68555500840997,3.28332413396202e-05,32.8332413396202,0.389444444444444
380,49.5,17.5,38.8567675434054,2.68006088155939,3.20606366185532e-05,32.0606366185532,0.376666666666667
381,50.5,17.5,37.7294859685594,2.65461748466647,2.84524449699701e-05,28.4524449699701,0.315
382,51.5,17.5,36.1533928191379,2.67009559233554,2.4235110777768e-05,24.235110777768,0.253888888888889
383,52.5,17.5,36.0439615856815,2.62582927543594,2.360447975197e-05,23.60447975197,0.245555555555556
384,53.5,17.5,35.3181202684035,2.44577703973015,2.17324523428302e-05,21.7324523428302,0.226111111111111
385,54.5,17.5,31.3623419051583,2.42751020915321,1.48933826655878e-05,14.8933826655878,0.157777777777778
386,55.5,17.5,29.6618956028847,1.65938043858199,1.25474446905913e-05,12.5474446905913,0.137777777777778
387,56.5,17.5,26.5738345076008,1.72343472211606,9.30809880011831e-06,9.30809880011831,0.085
388,57.5,17.5,26.9376438376955,1.58343069283799,9.46703638254253e-06,9.46703638254253,0.0883333333333333
389,58.5,17.5,27.1855410610892,1.45620315862596,9.52716801688298e-06,9.52716801688298,0.09
390,59.5,17.5,27.3019599514611,1.40722036601114,9.47279487410229e-06,9.47279487410229,0.0888888888888889
391,60.5,17.5,27.3847319252353,1.37769033979773,9.3897222619145e-06,9.3897222619145,0.0861111111111111
392,61.5,17.5,27.4591160641039,1.33394109634189,9.30031318368607e-06,9.30031318368608,0.0838888888888889
393,62.5,17.5,27.5408875157197,1.28587091869211,9.21799666814637e-06,9.21799666814637,0.0816666666666667
394,63.5,17.5,27.6601525481342,1.23302825374869,9.16779016633964e-06,9.16779016633964,0.0805555555555556
395,64.5,17.5,27.7360011272986,1.18776293466058,9.08171663521576e-06,9.08171663521576,0.0766666666666667
396,65.5,17.5,27.8243893106945,1.12981230313833,9.0068245594822e-06,9.0068245594822,0.0755555555555556
397,66.5,17.5,27.8867435600755,1.07133261087471,8.91132546058152e-06,8.91132546058152,0.0744444444444444
398,67.5,17.5,27.9357487045532,1.02356145902727,8.80604172380356e-06,8.80604172380356,0.0727777777777778
399,68.5,17.5,27.9829744986649,0.974556117203078,8.70059236911076e-06,8.70059236911076,0.0677777777777778
400,69.5,17.5,28.016514396619,0.938199736102953,8.5856057882823e-06,8.5856057882823,0.0661111111111111
401,20.5,18.5,38.1160656934712,2.66279017275749,5.1434380514669e-05,51.434380514669,0.721666666666667
402,21.5,18.5,37.6320998837433,2.60636550450819,4.84106109998434e-05,48.4106109998434,0.666111111111111
403,22.5,18.5,37.054579546467,2.59026163733359,4.51757782037291e-05,45.1757782037291,0.606111111111111
404,23.5,18.5,35.1228335889932,2.68584620586561,3.72475607691878e-05,37.2475607691878,0.461666666666667
405,24.5,18.5,34.9390520994356,2.85814383422558,3.60287176201494e-05,36.0287176201494,0.443333333333333
406,25.5,18.5,35.8323395489465,2.85810591527623,3.84579202133678e-05,38.4579202133678,0.485
407,26.5,18.5,36.2623868915113,2.82052424739316,3.93500525323558e-05,39.3500525323558,0.503333333333333
408,27.5,18.5,35.9502991774376,2.93010919871066,3.76199017629018e-05,37.6199017629018,0.471666666666667
409,28.5,18.5,37.1609302629342,2.97078403597333,4.13371831444744e-05,41.3371831444744,0.538333333333333
410,29.5,18.5,38.2407393105861,2.94748570471104,4.488341571176e-05,44.88341571176,0.603888888888889
411,30.5,18.5,39.506059383131,2.8418825010544,4.95691880952827e-05,49.5691880952827,0.685
412,31.5,18.5,39.6532593408493,2.79077091433187,4.94251803748775e-05,49.4251803748775,0.684444444444444
413,32.5,18.5,39.3523094336252,2.73154481336713,4.73042013697895e-05,47.3042013697896,0.643333333333333
414,33.5,18.5,39.0736110104071,2.65807162918477,4.53667263286817e-05,45.3667263286817,0.607777777777778
415,34.5,18.5,39.5701540769896,2.56614492022048,4.67033537039851e-05,46.7033537039851,0.631666666666667
416,35.5,18.5,38.9372980202876,2.5372963528059,4.33630382998387e-05,43.3630382998387,0.577222222222222
417,36.5,18.5,36.5432422909171,2.59489614652509,3.4274525647512e-05,34.274525647512,0.413888888888889
418,37.5,18.5,36.408397917433,3.28653680346192,3.32928284976175e-05,33.2928284976175,0.398888888888889
419,38.5,18.5,33.581588988838,2.94773476299371,2.52996061543096e-05,25.2996061543096,0.266666666666667
420,39.5,18.5,31.1096656950566,2.03971530942997,1.98649270295452e-05,19.8649270295452,0.207222222222222
421,40.5,18.5,30.9650381961822,1.57355882884042,1.92899941720215e-05,19.2899941720215,0.202777777777778
422,41.5,18.5,33.3621448614286,1.53903125935926,2.36244822000213e-05,23.6244822000213,0.246111111111111
423,42.5,18.5,31.0189374261261,2.54170303277872,1.87510121517276e-05,18.7510121517276,0.198333333333333
424,43.5,18.5,30.4992287824017,2.56398265116804,1.75904065664673e-05,17.5904065664673,0.183888888888889
425,44.5,18.5,35.4913735306692,2.86715679396741,2.73040693120578e-05,27.3040693120578,0.294444444444444
426,45.5,18.5,37.579812887194,2.9794093241353,3.25068244402841e-05,32.506824440284,0.385555555555556
427,46.5,18.5,38.5826375059379,3.02338437085559,3.50468778479684e-05,35.0468778479684,0.425
428,47.5,18.5,39.3973232319704,3.00353733599583,3.71424904278711e-05,37.1424904278711,0.460555555555556
429,48.5,18.5,40.0223667348623,2.95712242618354,3.86875971428911e-05,38.6875971428911,0.488888888888889
430,49.5,18.5,40.7029463980943,2.90241172558673,4.05021903233508e-05,40.5021903233508,0.523333333333333
431,50.5,18.5,40.4532016434683,2.82849198440724,3.89462357109314e-05,38.9462357109314,0.496111111111111
432,51.5,18.5,40.0352500102801,2.80805141858769,3.68777741489342e-05,36.8777741489342,0.456666666666667
433,52.5,18.5,39.8673931454624,2.81442045655377,3.57259784132284e-05,35.7259784132284,0.437777777777778
434,53.5,18.5,40.0243559342992,2.79489102155836,3.56534151666807e-05,35.6534151666807,0.436111111111111
435,54.5,18.5,38.9548918854586,2.64322280205467,3.18105397204053e-05,31.8105397204053,0.368333333333333
436,55.5,18.5,37.5015071720313,2.80484264155896,2.73989925093699e-05,27.3989925093699,0.295555555555556
437,56.5,18.5,32.339125289534,2.36144020242029,1.681989182172e-05,16.8198918217199,0.173888888888889
438,57.5,18.5,26.5559541346203,1.81610650836826,9.75653131779786e-06,9.75653131779786,0.0938888888888889
439,58.5,18.5,26.9345044128655,1.52638815928623,9.93725489923629e-06,9.93725489923629,0.0966666666666667
440,59.5,18.5,27.2796120543631,1.39069674109419,1.00896543083349e-05,10.0896543083349,0.0988888888888889
441,60.5,18.5,27.381717224984,1.35469963117861,1.00188907803973e-05,10.0188907803973,0.0983333333333333
442,61.5,18.5,27.4546642881561,1.30209521124468,9.92223197956023e-06,9.92223197956023,0.0961111111111111
443,62.5,18.5,27.5643685821173,1.25515050409946,9.85954196426404e-06,9.85954196426404,0.0955555555555556
444,63.5,18.5,27.6761826413274,1.21449827124586,9.79910603038013e-06,9.79910603038013,0.0944444444444444
445,64.5,18.5,27.7891534340398,1.16434261933042,9.740116924724e-06,9.740116924724,0.0933333333333333
446,65.5,18.5,27.8637406147637,1.11553253388456,9.64757507775787e-06,9.64757507775787,0.0922222222222222
447,66.5,18.5,27.9203355450811,1.0625005980889,9.54023316810451e-06,9.54023316810451,0.0911111111111111
448,67.5,18.5,27.9700917268075,1.0221201948067,9.4281310051503e-06,9.4281310051503,0.0866666666666667
449,68.5,18.5,28.000072574264,0.97730904131184,9.30054353097656e-06,9.30054353097656,0.0844444444444444
450,69.5,18.5,28.0381969464508,0.942885642755575,9.18146498110975e-06,9.18146498110975,0.0811111111111111
451,20.5,19.5,37.1293580425726,2.84024586596415,5.01573115283995e-05,50.1573115283995,0.697222222222222
452,21.5,19.5,36.7994759152784,2.78894504911767,4.78779625028322e-05,47.8779625028322,0.657777777777778
453,22.5,19.5,36.0603944939873,2.74249421628055,4.40245720216652e-05,44.0245720216652,0.590555555555556
454,23.5,19.5,35.0260599853578,2.78924810869107,3.94017720786885e-05,39.4017720786885,0.504444444444444
455,24.5,19.5,34.8359316296128,2.90032603724571,3.80915160305219e-05,38.0915160305219,0.48
456,25.5,19.5,35.5696851200972,2.97371808287169,4.00698138500984e-05,40.0698138500984,0.515555555555556
457,26.5,19.5,35.7658792341327,3.01998189841666,4.01307201265516e-05,40.1307201265516,0.516111111111111
458,27.5,19.5,35.5780010400332,3.12409099346138,3.88043393291211e-05,38.8043393291211,0.492777777777778
459,28.5,19.5,37.2018124009197,3.16086653898141,4.42795539507411e-05,44.2795539507411,0.595
460,29.5,19.5,38.4854450411257,3.11907956764112,4.89826128516004e-05,48.9826128516004,0.675555555555556
461,30.5,19.5,39.6900249752191,3.02881865288904,5.37964660279341e-05,53.7964660279341,0.761666666666667
462,31.5,19.5,39.1153940738179,2.94435997868164,5.02167395114422e-05,50.2167395114422,0.698333333333333
463,32.5,19.5,39.2414421800707,2.85389133414569,4.99751498337003e-05,49.9751498337003,0.693888888888889
464,33.5,19.5,39.6325484238369,2.74643000172153,5.09546027334244e-05,50.9546027334244,0.712222222222222
465,34.5,19.5,39.7557045823511,2.60824424050646,5.06972858245346e-05,50.6972858245346,0.707222222222222
466,35.5,19.5,38.9439024831307,2.50700271507735,4.63094882312915e-05,46.3094882312915,0.625
467,36.5,19.5,36.4297194008846,2.63260046579852,3.62025384774583e-05,36.2025384774583,0.446666666666667
468,37.5,19.5,33.4626798200735,2.99104700995712,2.71508455439612e-05,27.1508455439612,0.290555555555556
469,38.5,19.5,30.7843762704508,2.18904276484431,2.09190615004309e-05,20.9190615004309,0.213888888888889
470,39.5,19.5,30.6854386444179,1.76471584706086,2.03981855848539e-05,20.3981855848539,0.21
471,40.5,19.5,31.01647024534,1.39589018303906,2.06868280930165e-05,20.6868280930165,0.212777777777778
472,41.5,19.5,35.161251789461,2.27242894450107,2.97090129417118e-05,29.7090129417118,0.335555555555556
473,42.5,19.5,32.1034820067987,2.72503334485287,2.20958576483101e-05,22.0958576483101,0.231111111111111
474,43.5,19.5,35.5248185550565,2.75816288302379,2.97151039641321e-05,29.7151039641321,0.336111111111111
475,44.5,19.5,36.7333338125823,2.99665050139661,3.26417229827138e-05,32.6417229827138,0.387777777777778
476,45.5,19.5,38.3755175105376,3.11538721963221,3.73084505068509e-05,37.3084505068509,0.463333333333333
477,46.5,19.5,38.9952570855474,3.19288263035061,3.88391966006759e-05,38.8391966006759,0.493888888888889
478,47.5,19.5,39.9177124120635,3.23108306568216,4.15677471698391e-05,41.5677471698391,0.542222222222222
479,48.5,19.5,40.4309127917661,3.19544993615444,4.28564185012322e-05,42.8564185012322,0.565555555555556
480,49.5,19.5,40.8898236006517,3.13822553527018,4.3966842909743e-05,43.966842909743,0.588888888888889
481,50.5,19.5,41.0315692478402,3.07832621256329,4.3817459111655e-05,43.817459111655,0.585
482,51.5,19.5,41.038231109782,3.02183853043004,4.31327311912037e-05,43.1327311912037,0.571666666666667
483,52.5,19.5,41.1598057795971,2.99411586264467,4.29063163081213e-05,42.9063163081213,0.566111111111111
484,53.5,19.5,41.149164634309,3.0134495556781,4.21674762000651e-05,42.1674762000651,0.552222222222222
485,54.5,19.5,40.6285056921227,3.01822290431818,3.95544087323172e-05,39.5544087323172,0.507777777777778
486,55.5,19.5,39.8378203071229,3.02527808212716,3.61988275631467e-05,36.1988275631467,0.446111111111111
487,56.5,19.5,38.9544902024176,3.10771379845144,3.28473662659837e-05,32.8473662659837,0.390555555555556
488,57.5,19.5,35.1807236542376,2.95883012864337,2.28895773765442e-05,22.8895773765442,0.237222222222222
489,58.5,19.5,26.6479645126853,1.73668561434769,1.03306863329511e-05,10.3306863329511,0.101666666666667
490,59.5,19.5,27.0694039549969,1.48124138117928,1.05631849132109e-05,10.5631849132109,0.106111111111111
491,60.5,19.5,27.339598766593,1.34787532139223,1.06519957720804e-05,10.6519957720804,0.108333333333333
492,61.5,19.5,27.4464433140184,1.28844350518006,1.05819958862487e-05,10.5819958862487,0.106666666666667
493,62.5,19.5,27.5948676734553,1.23076601659963,1.05524689480103e-05,10.5524689480103,0.105
494,63.5,19.5,27.7136404726099,1.19011273221831,1.04944573831687e-05,10.4944573831687,0.104444444444444
495,64.5,19.5,27.8128031960799,1.14498041345231,1.04181010451907e-05,10.4181010451907,0.102777777777778
496,65.5,19.5,27.9055944803422,1.09493550477902,1.03363056328967e-05,10.3363056328967,0.102222222222222
497,66.5,19.5,27.9593635401045,1.04945849555676,1.02186223487328e-05,10.2186223487328,0.100555555555556
498,67.5,19.5,28.0209045957952,1.00871383430644,1.01094326346699e-05,10.1094326346699,0.0994444444444444
499,68.5,19.5,28.0625222322825,0.968866636684266,9.98321147958362e-06,9.98321147958362,0.0972222222222222
500,69.5,19.5,28.0856388628687,0.938478774156526,9.84186468505609e-06,9.84186468505609,0.095
501,20.5,20.5,35.9370878907743,2.99094223379767,4.80023184888533e-05,48.0023184888533,0.659444444444444
502,21.5,20.5,36.5071732615225,2.99705260486601,4.97473746464559e-05,49.7473746464559,0.688333333333333
503,22.5,20.5,35.9102598989702,2.98745599532622,4.63408632145681e-05,46.3408632145681,0.626111111111111
504,23.5,20.5,35.3180597954654,2.97137620357757,4.31863561390959e-05,43.1863561390959,0.573333333333333
505,24.5,20.5,34.5990847146319,2.97128083142622,3.97826653103168e-05,39.7826653103168,0.512222222222222
506,25.5,20.5,34.5815973447896,3.05623285103269,3.90718636891252e-05,39.0718636891252,0.498333333333333
507,26.5,20.5,34.8919642207613,3.21981334636177,3.95393427927106e-05,39.5393427927106,0.507222222222222
508,27.5,20.5,35.1230347314986,3.34058304409061,3.97243629038243e-05,39.7243629038243,0.510555555555556
509,28.5,20.5,36.0769674206859,3.36989728979218,4.26377676204432e-05,42.6377676204432,0.562777777777778
510,29.5,20.5,37.4072381808685,3.320074491202,4.73681006051105e-05,47.3681006051105,0.646111111111111
511,30.5,20.5,38.9250054163708,3.23131462493155,5.35337477010142e-05,53.5337477010142,0.756111111111111
512,31.5,20.5,38.6081010456354,3.10827569162071,5.1163457533603e-05,51.163457533603,0.716666666666667
513,32.5,20.5,38.3794281232734,3.00472845962009,4.92935045097524e-05,49.2935045097524,0.682222222222222
514,33.5,20.5,39.5621209021581,2.89637774052402,5.40302252954499e-05,54.0302252954499,0.765
515,34.5,20.5,39.2169326259154,2.70150978447796,5.15065207303193e-05,51.5065207303193,0.723888888888889
516,35.5,20.5,38.5126047488285,2.6578495670101,4.75116847288601e-05,47.5116847288601,0.648888888888889
517,36.5,20.5,37.4860160285658,2.71195956190915,4.25526736646194e-05,42.5526736646194,0.56
518,37.5,20.5,33.142625192324,2.72821203085722,2.81462014318452e-05,28.1462014318452,0.307777777777778
519,38.5,20.5,30.2938921406424,2.03988172652967,2.1349584854102e-05,21.349584854102,0.219444444444444
520,39.5,20.5,31.6020981873107,1.66191056336286,2.36743056047819e-05,23.6743056047819,0.247222222222222
521,40.5,20.5,35.4890465547933,2.42052360231321,3.3209643831e-05,33.209643831,0.397222222222222
522,41.5,20.5,32.7105045328299,2.82886739303135,2.53383860825325e-05,25.3383860825325,0.267777777777778
523,42.5,20.5,36.2958523724491,2.99639142099778,3.45879913722815e-05,34.5879913722815,0.418333333333333
524,43.5,20.5,37.8753241611597,3.09053191029051,3.93075416003414e-05,39.3075416003414,0.501666666666667
525,44.5,20.5,39.0218051838169,3.21405326013677,4.29373109061942e-05,42.9373109061942,0.566666666666667
526,45.5,20.5,39.6844586278935,3.32534638493634,4.48738851762686e-05,44.8738851762686,0.603333333333333
527,46.5,20.5,40.0581896886512,3.40817138465055,4.56763723164412e-05,45.6763723164412,0.614444444444444
528,47.5,20.5,40.8548207393912,3.4100817296516,4.8327233484856e-05,48.327233484856,0.665
529,48.5,20.5,41.0744475924479,3.38977682392313,4.85060831548243e-05,48.5060831548243,0.67
530,49.5,20.5,41.0853546168998,3.33175705836639,4.77666517286278e-05,47.7666517286278,0.655
531,50.5,20.5,41.2670813177634,3.28701158638578,4.7778246248333e-05,47.778246248333,0.656111111111111
532,51.5,20.5,41.4334885476884,3.2386396394978,4.77230712255932e-05,47.7230712255932,0.653333333333333
533,52.5,20.5,41.5261005619033,3.18084422566402,4.73477938900431e-05,47.3477938900431,0.645555555555556
534,53.5,20.5,41.6650538226976,3.15076256571732,4.71741716460382e-05,47.1741716460382,0.640555555555556
535,54.5,20.5,41.553825523487,3.17099366479511,4.59375916929312e-05,45.9375916929312,0.618888888888889
536,55.5,20.5,40.8544332146993,3.17709062235627,4.23927320469455e-05,42.3927320469455,0.557222222222222
537,56.5,20.5,40.0677049063352,3.15473037417208,3.88109724820284e-05,38.8109724820284,0.493333333333333
538,57.5,20.5,39.2138047311036,3.1849231087358,3.53134458609548e-05,35.3134458609548,0.429444444444444
539,58.5,20.5,30.3378192066828,2.2882364353354,1.54432112590034e-05,15.4432112590034,0.164444444444444
540,59.5,20.5,26.6647106807649,1.65852419208146,1.08636419169618e-05,10.8636419169618,0.111111111111111
541,60.5,20.5,27.143060651603,1.40612658425492,1.11660411351538e-05,11.1660411351538,0.116666666666667
542,61.5,20.5,27.4107604261305,1.29277099789224,1.12572395329004e-05,11.2572395329004,0.118333333333333
543,62.5,20.5,27.5651278793319,1.22880742482558,1.1231962874166e-05,11.231962874166,0.117777777777778
544,63.5,20.5,27.7251915300888,1.17454757613968,1.12125233297386e-05,11.2125233297386,0.117222222222222
545,64.5,20.5,27.8299185557383,1.12960522994504,1.11366030154378e-05,11.1366030154378,0.115555555555556
546,65.5,20.5,27.9459118430414,1.07838899899714,1.10726263796321e-05,11.0726263796321,0.112777777777778
547,66.5,20.5,28.0391742404769,1.03693331455584,1.09861173983606e-05,10.9861173983606,0.112222222222222
548,67.5,20.5,28.0824393753418,1.00300275100169,1.08505515197635e-05,10.8505515197635,0.110555555555556
549,68.5,20.5,28.1107918698961,0.973559765100212,1.07020390836495e-05,10.7020390836495,0.109444444444444
550,69.5,20.5,28.1441288174964,0.959632536049581,1.05602858899484e-05,10.5602858899484,0.105555555555556
551,20.5,21.5,35.0234632173326,3.14926778360052,4.71246098476039e-05,47.1246098476039,0.64
552,21.5,21.5,35.9367353926773,3.19825904912829,5.0392647454935e-05,50.392647454935,0.702222222222222
553,22.5,21.5,35.6758492511357,3.21087252119996,4.84053051279629e-05,48.4053051279629,0.665555555555556
554,23.5,21.5,35.2718288187969,3.19045753943438,4.5892856406886e-05,45.892856406886,0.617222222222222
555,24.5,21.5,35.3424791505004,3.14122155123409,4.54404818906565e-05,45.4404818906565,0.608888888888889
556,25.5,21.5,34.8494740190553,3.16632918980476,4.27320094067438e-05,42.7320094067438,0.563333333333333
557,26.5,21.5,34.2786343105867,3.3365231421952,3.98972209989034e-05,39.8972209989034,0.513888888888889
558,27.5,21.5,35.4279602989791,3.47281603043957,4.35924940226438e-05,43.5924940226438,0.581111111111111
559,28.5,21.5,36.0955142314347,3.52700948803629,4.55803419968161e-05,45.5803419968161,0.611111111111111
560,29.5,21.5,36.7866756129195,3.49206056871982,4.77639215330991e-05,47.7639215330991,0.654444444444444
561,30.5,21.5,37.5016977189229,3.43329967281861,5.01619738606845e-05,50.1619738606845,0.697777777777778
562,31.5,21.5,38.0641435335212,3.37284046650464,5.19510075075277e-05,51.9510075075277,0.733333333333333
563,32.5,21.5,37.0741753823604,3.21097949077334,4.66897185186084e-05,46.6897185186084,0.631111111111111
564,33.5,21.5,39.0755647070784,3.09034290944387,5.51524218664787e-05,55.1524218664787,0.781666666666667
565,34.5,21.5,38.4838308874148,2.90646317463186,5.14046461179193e-05,51.4046461179193,0.72
566,35.5,21.5,38.1498146659462,2.82966584995447,4.90507103990209e-05,49.0507103990209,0.676666666666667
567,36.5,21.5,37.8133521207877,2.97400120319403,4.67888737955389e-05,46.7888737955389,0.634444444444444
568,37.5,21.5,31.1935165447449,2.4547191897258,2.51421510758591e-05,25.1421510758591,0.262777777777778
569,38.5,21.5,29.9169046242244,2.05458107466631,2.20143217642855e-05,22.0143217642855,0.230555555555556
570,39.5,21.5,35.3553000610231,2.14110302940109,3.55971952781004e-05,35.5971952781004,0.434444444444444
571,40.5,21.5,34.2537446667391,2.87688309493681,3.16531676588627e-05,31.6531676588627,0.364444444444444
572,41.5,21.5,35.7128696181084,3.02657901385508,3.55777953371169e-05,35.5777953371169,0.433888888888889
573,42.5,21.5,37.4349383823086,3.18676368828997,4.09613874989784e-05,40.9613874989784,0.529444444444444
574,43.5,21.5,38.6304170029456,3.33262398239584,4.49441734814962e-05,44.9441734814962,0.604444444444444
575,44.5,21.5,38.2284846913634,3.42908076533365,4.26169873049137e-05,42.6169873049137,0.561666666666667
576,45.5,21.5,39.1503755452142,3.49226850445572,4.56080082172435e-05,45.6080082172435,0.612777777777778
577,46.5,21.5,39.471529176993,3.61961304462199,4.62000557706744e-05,46.2000557706744,0.622777777777778
578,47.5,21.5,40.682043255292,3.62744367293036,5.07654555734762e-05,50.7654555734762,0.708333333333333
579,48.5,21.5,41.5160734101738,3.58087522164456,5.38968777819757e-05,53.8968777819757,0.762777777777778
580,49.5,21.5,41.4148808324302,3.53813245283881,5.25339049278726e-05,52.5339049278726,0.744444444444444
581,50.5,21.5,41.442876109357,3.48275065723974,5.18138566948533e-05,51.8138566948533,0.731111111111111
582,51.5,21.5,41.7191542219307,3.42214720441176,5.22766189914002e-05,52.2766189914002,0.740555555555556
583,52.5,21.5,41.7393061330894,3.35798411894362,5.15233813516858e-05,51.5233813516858,0.724444444444444
584,53.5,21.5,41.8306814270805,3.29382960889133,5.11126068830349e-05,51.1126068830349,0.715555555555556
585,54.5,21.5,41.9052593285981,3.28574409972471,5.06258956783505e-05,50.6258956783506,0.706111111111111
586,55.5,21.5,41.5331769001076,3.28682826284306,4.81379650008075e-05,48.1379650008075,0.662222222222222
587,56.5,21.5,41.1324344670883,3.26450493106918,4.56531107046672e-05,45.6531107046672,0.613888888888889
588,57.5,21.5,40.7692601611978,3.29149087673838,4.34443449524561e-05,43.4443449524561,0.579444444444444
589,58.5,21.5,38.939943915326,3.39214207106636,3.6156776688321e-05,36.156776688321,0.445555555555556
590,59.5,21.5,29.9812166677192,2.15683654546489,1.56955880154159e-05,15.6955880154159,0.165555555555556
591,60.5,21.5,26.9765923190168,1.50637395059159,1.1736853750393e-05,11.736853750393,0.126666666666667
592,61.5,21.5,27.368690550956,1.31478177850235,1.19684758682907e-05,11.9684758682907,0.131666666666667
593,62.5,21.5,27.5688028674914,1.24067527335405,1.19916905309377e-05,11.9916905309377,0.132222222222222
594,63.5,21.5,27.7198956559007,1.17414116922375,1.19612001938064e-05,11.9612001938064,0.131111111111111
595,64.5,21.5,27.8742410998163,1.12018442573163,1.19342585123113e-05,11.9342585123113,0.130555555555556
596,65.5,21.5,28.0149055773761,1.07234169811833,1.18924625281458e-05,11.8924625281458,0.129444444444444
597,66.5,21.5,28.1024584536904,1.03887208649927,1.17933454736785e-05,11.7933454736785,0.127777777777778
598,67.5,21.5,28.1366372627775,1.00781382540302,1.16381335789291e-05,11.6381335789291,0.125
599,68.5,21.5,28.1579003629152,0.989567629053112,1.14713419340367e-05,11.4713419340367,0.123888888888889
600,69.5,21.5,28.5072900059717,0.995074231169574,1.16509955164666e-05,11.6509955164666,0.125555555555556
601,20.5,22.5,34.7778945990235,3.36524490567804,4.91739834445804e-05,49.1739834445804,0.679444444444444
602,21.5,22.5,35.2850810963675,3.3599997763809,5.06698267040502e-05,50.6698267040502,0.706666666666667
603,22.5,22.5,35.2990972402817,3.42782751356412,4.99084157184046e-05,49.9084157184046,0.692222222222222
604,23.5,22.5,35.0454822189548,3.40443565753463,4.79729097628729e-05,47.9729097628729,0.658888888888889
605,24.5,22.5,35.1967214949629,3.33968059776282,4.78515303475273e-05,47.8515303475273,0.656666666666667
606,25.5,22.5,34.095283846068,3.26304898735784,4.25677061815362e-05,42.5677061815362,0.560555555555556
607,26.5,22.5,34.1270882135911,3.3913593084014,4.19949761650074e-05,41.9949761650074,0.549444444444444
608,27.5,22.5,35.3114821232476,3.55826706625529,4.603111686063e-05,46.03111686063,0.621111111111111
609,28.5,22.5,36.0740453539756,3.6260405082209,4.85495549813013e-05,48.5495549813013,0.671111111111111
610,29.5,22.5,37.0011401107978,3.61600592793362,5.19835851778609e-05,51.9835851778609,0.733888888888889
611,30.5,22.5,37.4213123040363,3.60585416897481,5.31407636047894e-05,53.1407636047894,0.752222222222222
612,31.5,22.5,37.8597010167585,3.50689152848865,5.44166561909661e-05,54.4166561909661,0.77
613,32.5,22.5,37.9397822257781,3.39881713312686,5.39283226942842e-05,53.9283226942842,0.763888888888889
614,33.5,22.5,38.6014234757602,3.25528969579815,5.63626637480724e-05,56.3626637480724,0.802222222222222
615,34.5,22.5,38.262213207288,3.09895599356952,5.3758327645507e-05,53.758327645507,0.760555555555556
616,35.5,22.5,36.8108380634367,3.18895856602397,4.63131996573317e-05,46.3131996573317,0.625555555555556
617,36.5,22.5,33.8721355216932,3.00465226203556,3.48331660344331e-05,34.8331660344331,0.42
618,37.5,22.5,29.4987824765166,2.20559239019718,2.29866503779602e-05,22.9866503779602,0.238333333333333
619,38.5,22.5,29.5888951889728,2.06971273460571,2.28015830378602e-05,22.8015830378602,0.236111111111111
620,39.5,22.5,37.143398428042,2.67179132928597,4.47248901809501e-05,44.7248901809501,0.600555555555556
621,40.5,22.5,36.3165277410059,3.16496323799141,4.0785519895139e-05,40.785519895139,0.526666666666667
622,41.5,22.5,37.6870331764827,3.35351821825928,4.54717923945491e-05,45.4717923945491,0.61
623,42.5,22.5,38.0786763609463,3.46310243173645,4.63601734343828e-05,46.3601734343828,0.627222222222222
624,43.5,22.5,37.7890554490637,3.50135206484408,4.44144967896427e-05,44.4144967896427,0.596666666666667
625,44.5,22.5,37.7935430438504,3.55934943973953,4.37092230556367e-05,43.7092230556367,0.583333333333333
626,45.5,22.5,39.3932610319203,3.63763369661733,4.97657630493125e-05,49.7657630493125,0.688888888888889
627,46.5,22.5,39.0417119146287,3.77030704305846,4.74058285197577e-05,47.4058285197577,0.647222222222222
628,47.5,22.5,40.2964290410928,3.85170506563033,5.22992872890423e-05,52.2992872890423,0.741111111111111
629,48.5,22.5,41.0703701932362,3.83002803389116,5.52205503808017e-05,55.2205503808017,0.782777777777778
630,49.5,22.5,41.4851807173635,3.76331922721437,5.64237449529807e-05,56.4237449529807,0.803888888888889
631,50.5,22.5,41.5127759970557,3.7010160880787,5.56485416289113e-05,55.6485416289113,0.791111111111111
632,51.5,22.5,41.7968838574517,3.62067957013458,5.61863019914433e-05,56.1863019914434,0.800555555555556
633,52.5,22.5,41.6075917527672,3.51728691400231,5.4327938371588e-05,54.327938371588,0.768888888888889
634,53.5,22.5,41.5150495692302,3.44805928206185,5.29966531673694e-05,52.9966531673694,0.75
635,54.5,22.5,41.4989350727695,3.42702104382285,5.20590754888772e-05,52.0590754888772,0.736666666666667
636,55.5,22.5,41.5665920771188,3.37904447581094,5.15317878872369e-05,51.5317878872369,0.725555555555556
637,56.5,22.5,41.0622154493498,3.31921754520135,4.84119878191465e-05,48.4119878191465,0.666666666666667
638,57.5,22.5,40.1130442686586,3.29868272967796,4.36685104109768e-05,43.6685104109768,0.582222222222222
639,58.5,22.5,39.6329762710521,3.32703190681511,4.11141693017719e-05,41.1141693017719,0.532777777777778
640,59.5,22.5,34.8890470840952,2.61438707013185,2.62269238593004e-05,26.2269238593004,0.278888888888889
641,60.5,22.5,27.5157577422783,1.53419048553861,1.31591011137792e-05,13.1591011137792,0.144444444444444
642,61.5,22.5,27.4656982307953,1.37302925147139,1.28871752884567e-05,12.8871752884567,0.142222222222222
643,62.5,22.5,27.610162128895,1.28044124461729,1.28467923908205e-05,12.8467923908205,0.141111111111111
644,63.5,22.5,27.7948878251063,1.20133513796216,1.28536562651092e-05,12.8536562651092,0.141666666666667
645,64.5,22.5,27.9441888530216,1.13985369373971,1.28188423278753e-05,12.8188423278753,0.140555555555556
646,65.5,22.5,28.0662144658405,1.09632550058678,1.27521802974157e-05,12.7521802974157,0.138888888888889
647,66.5,22.5,28.1537679189163,1.06123448026619,1.26459090049611e-05,12.6459090049611,0.138333333333333
648,67.5,22.5,28.1749261276045,1.04057227836223,1.24645701881177e-05,12.4645701881177,0.135555555555556
649,68.5,22.5,28.1149528460758,1.05450621918881,1.21948625509402e-05,12.1948625509402,0.133333333333333
650,69.5,22.5,30.5305168360551,1.56477434327676,1.49561590150088e-05,14.9561590150088,0.158333333333333
651,20.5,23.5,34.8849211426305,3.61357862351095,5.29919854194903e-05,52.9919854194903,0.749444444444444
652,21.5,23.5,34.7317455079416,3.64527035737334,5.1405164387708e-05,51.405164387708,0.720555555555556
653,22.5,23.5,34.91462649601,3.6259860304196,5.14224045169337e-05,51.4224045169337,0.721111111111111
654,23.5,23.5,34.9611974499977,3.6001776343936,5.08030025995372e-05,50.8030025995372,0.709444444444444
655,24.5,23.5,35.1638394241973,3.5225211005201,5.09134028589424e-05,50.9134028589424,0.710555555555556
656,25.5,23.5,33.8538014645467,3.36192244600933,4.44381283410459e-05,44.4381283410459,0.597222222222222
657,26.5,23.5,32.8110014792697,3.44554551065855,3.97404048779781e-05,39.7404048779781,0.511111111111111
658,27.5,23.5,34.5767252144357,3.64873681928192,4.59357817175799e-05,45.9357817175799,0.618333333333333
659,28.5,23.5,35.8407734668396,3.71651262466129,5.07210782903675e-05,50.7210782903675,0.707777777777778
660,29.5,23.5,36.7422035813316,3.70814540866745,5.41814312547295e-05,54.1814312547295,0.766111111111111
661,30.5,23.5,37.4038371295665,3.72961450822158,5.66224352050927e-05,56.6224352050927,0.807777777777778
662,31.5,23.5,37.229252087114,3.60410368843965,5.48238952179846e-05,54.8238952179846,0.777777777777778
663,32.5,23.5,37.4277633874718,3.41170060437055,5.49254822100201e-05,54.9254822100201,0.779444444444444
664,33.5,23.5,37.8414536353851,3.34705471345061,5.61164435573432e-05,56.1164435573432,0.798888888888889
665,34.5,23.5,37.6845711883679,3.23315911503724,5.44216292902663e-05,54.4216292902663,0.770555555555556
666,35.5,23.5,35.3420301476887,3.0130786363419,4.32243859645717e-05,43.2243859645717,0.574444444444444
667,36.5,23.5,29.0553633673762,2.35882464343677,2.3946473337487e-05,23.946473337487,0.25
668,37.5,23.5,29.2039141929472,2.17346395669149,2.38814727858169e-05,23.8814727858169,0.248888888888889
669,38.5,23.5,31.0166148375883,2.19113827424842,2.77258673169398e-05,27.7258673169398,0.301111111111111
670,39.5,23.5,37.5109775719913,3.19229030566581,4.93520849750303e-05,49.3520849750303,0.683888888888889
671,40.5,23.5,37.2504380910032,3.41453660259845,4.74022580821321e-05,47.4022580821321,0.646666666666667
672,41.5,23.5,37.8181585536583,3.55166006048293,4.91116313146515e-05,49.1116313146515,0.678333333333333
673,42.5,23.5,37.8561352772094,3.6534875754139,4.84788424637725e-05,48.4788424637725,0.669444444444444
674,43.5,23.5,37.7220175831938,3.70710543871478,4.7108620513297e-05,47.108620513297,0.638888888888889
675,44.5,23.5,38.2717575956018,3.74718048179526,4.87296608213693e-05,48.7296608213693,0.672777777777778
676,45.5,23.5,39.1367974405535,3.79774259112553,5.18797817493289e-05,51.8797817493289,0.732222222222222
677,46.5,23.5,38.5629391074559,3.88171265529947,4.8426891483641e-05,48.426891483641,0.667222222222222
678,47.5,23.5,39.700121789167,3.98236175158294,5.28544462907218e-05,52.8544462907218,0.748333333333333
679,48.5,23.5,40.7542812999677,4.03648620390856,5.72521154237737e-05,57.2521154237737,0.814444444444444
680,49.5,23.5,41.5352765365816,3.98149259836819,6.04900278733521e-05,60.4900278733521,0.875
681,50.5,23.5,41.4429712348858,3.90793263780826,5.90091496885692e-05,59.0091496885693,0.848333333333333
682,51.5,23.5,41.599057343367,3.82525653941722,5.88864575274158e-05,58.8864575274158,0.847222222222222
683,52.5,23.5,40.6774883582944,3.70816317210297,5.32534320845436e-05,53.2534320845436,0.755
684,53.5,23.5,40.4830995679189,3.6451059003263,5.14670456427198e-05,51.4670456427198,0.722777777777778
685,54.5,23.5,40.552571109811,3.58687022539821,5.09544676299012e-05,50.9544676299012,0.711666666666667
686,55.5,23.5,40.8720267835514,3.48600179837816,5.16138636354025e-05,51.6138636354025,0.728888888888889
687,56.5,23.5,39.3391245028648,3.35492942380875,4.41405944413248e-05,44.1405944413248,0.592777777777778
688,57.5,23.5,36.9606683330897,3.14052449200228,3.49436909311208e-05,34.9436909311208,0.421666666666667
689,58.5,23.5,35.358843460306,2.71010597285022,2.97009816228254e-05,29.7009816228254,0.334444444444444
690,59.5,23.5,30.883222033493,2.01194407165779,1.94165661101039e-05,19.4165661101039,0.203888888888889
691,60.5,23.5,28.7920356553669,1.65506510541747,1.5781048641175e-05,15.781048641175,0.167777777777778
692,61.5,23.5,27.9775866348387,1.45260973280364,1.44124659877972e-05,14.4124659877972,0.153888888888889
693,62.5,23.5,27.8659103218793,1.33889514235072,1.4035046605184e-05,14.035046605184,0.151666666666667
694,63.5,23.5,27.9526508626769,1.26484020383228,1.3917324607734e-05,13.917324607734,0.151111111111111
695,64.5,23.5,28.037036862666,1.20337727207847,1.37975329553226e-05,13.7975329553226,0.148888888888889
696,65.5,23.5,28.126089484738,1.16078119181971,1.36844767726687e-05,13.6844767726687,0.148333333333333
697,66.5,23.5,28.1863628542095,1.13367376511181,1.35365914886107e-05,13.5365914886107,0.147222222222222
698,67.5,23.5,28.1521469335087,1.11841867692607,1.32750946540128e-05,13.2750946540128,0.145
699,68.5,23.5,29.7519220924693,1.27772919461189,1.51140094198105e-05,15.1140094198105,0.160555555555556
700,69.5,23.5,34.171783407514,2.98694980005216,2.22489209655143e-05,22.2489209655143,0.232777777777778
701,20.5,24.5,34.36152728029,3.95719863523844,5.39067418514788e-05,53.9067418514788,0.763333333333333
702,21.5,24.5,34.6778822565703,3.93982499237611,5.45865681550599e-05,54.5865681550599,0.773333333333333
703,22.5,24.5,34.5646029290682,3.85634954572584,5.31485100221757e-05,53.1485100221757,0.752777777777778
704,23.5,24.5,35.335618873763,3.73828022530392,5.61049416930977e-05,56.1049416930977,0.798333333333333
705,24.5,24.5,35.3073301705552,3.71438797397698,5.50511711512352e-05,55.0511711512352,0.780555555555556
706,25.5,24.5,33.6801678225718,3.70349734433797,4.66735531414077e-05,46.6735531414077,0.63
707,26.5,24.5,32.4987438670682,3.78505103204106,4.12141121283412e-05,41.2141121283412,0.533888888888889
708,27.5,24.5,33.6484327885895,3.82088304404594,4.50351358419553e-05,45.0351358419553,0.605
709,28.5,24.5,35.1837694714917,3.84388934700827,5.09760217057471e-05,50.9760217057471,0.712777777777778
710,29.5,24.5,35.6875782839481,3.82262981764782,5.25108955115411e-05,52.5108955115411,0.743333333333333
711,30.5,24.5,36.8355063392241,3.81791453364657,5.73712043823964e-05,57.3712043823964,0.817777777777778
712,31.5,24.5,35.4970489285743,3.69969148018087,4.99436580643781e-05,49.9436580643781,0.693333333333333
713,32.5,24.5,36.7465613170415,3.5518308381543,5.50792646661435e-05,55.0792646661435,0.781111111111111
714,33.5,24.5,38.5545180576822,3.45223229579332,6.39218932721639e-05,63.9218932721639,0.923888888888889
715,34.5,24.5,37.371507061105,3.2795187001904,5.64439689083546e-05,56.4439689083546,0.804444444444444
716,35.5,24.5,31.4035449094066,2.68978806194693,3.219328514436e-05,32.19328514436,0.38
717,36.5,24.5,28.7300854891497,2.27256368540946,2.48102948026149e-05,24.8102948026149,0.260555555555556
718,37.5,24.5,31.0888775848406,2.32568545216586,3.02776527697436e-05,30.2776527697436,0.345555555555556
719,38.5,24.5,36.6024545970601,3.18380972090548,4.92773332699081e-05,49.2773332699081,0.681666666666667
720,39.5,24.5,37.4709814605878,3.49748057334503,5.24726003943351e-05,52.4726003943351,0.741666666666667
721,40.5,24.5,38.5523877344436,3.65956361644498,5.69770952821464e-05,56.9770952821464,0.810555555555556
722,41.5,24.5,37.842836331285,3.80838524181978,5.25277680559681e-05,52.5277680559681,0.743888888888889
723,42.5,24.5,37.8412512971813,3.87605611791193,5.1664727863176e-05,51.664727863176,0.729444444444444
724,43.5,24.5,37.330968863962,3.91428892949748,4.85082856699564e-05,48.5082856699564,0.670555555555556
725,44.5,24.5,37.5969677176253,3.93793299956307,4.88934887003022e-05,48.8934887003022,0.673888888888889
726,45.5,24.5,38.7950259051248,3.99770690313903,5.3662517767708e-05,53.662517767708,0.758888888888889
727,46.5,24.5,38.4875851563417,4.0775945733017,5.13256360962917e-05,51.3256360962917,0.719444444444444
728,47.5,24.5,39.8826663045996,4.16570094592274,5.73545474072453e-05,57.3545474072452,0.817222222222222
729,48.5,24.5,40.1477062309208,4.22320586160374,5.78039430576961e-05,57.8039430576961,0.826111111111111
730,49.5,24.5,40.6768402876947,4.20173855060138,5.96823807409948e-05,59.6823807409948,0.857777777777778
731,50.5,24.5,40.9024842494112,4.11220955766866,5.9938300290992e-05,59.938300290992,0.862777777777778
732,51.5,24.5,38.1691104755845,3.70717639074807,4.59399387957275e-05,45.9399387957275,0.619444444444444
733,52.5,24.5,33.0010429970841,3.31803624941005,2.81865191796097e-05,28.1865191796097,0.308333333333333
734,53.5,24.5,33.7161802199036,3.26183879491478,2.96019345877641e-05,29.6019345877641,0.332777777777778
735,54.5,24.5,36.4468637615014,3.39865291788974,3.73724990371649e-05,37.3724990371649,0.465
736,55.5,24.5,39.7857206617048,3.6564811082979,4.98764617820351e-05,49.8764617820351,0.69
737,56.5,24.5,37.1900324008867,3.09386519379675,3.8715143339555e-05,38.715143339555,0.490555555555556
738,57.5,24.5,31.9031726641067,2.32909177663668,2.35017162187543e-05,23.5017162187543,0.243888888888889
739,58.5,24.5,30.7364773103736,2.09023011515691,2.07840209319763e-05,20.7840209319763,0.213333333333333
740,59.5,24.5,30.0226344910764,1.96741939006079,1.91561187640379e-05,19.1561187640379,0.202222222222222
741,60.5,24.5,29.2032600284789,1.79847692642678,1.74866699543723e-05,17.4866699543723,0.181111111111111
742,61.5,24.5,28.5789914617758,1.58843379374001,1.62502242574588e-05,16.2502242574588,0.171666666666667
743,62.5,24.5,28.3856234744992,1.43966650141404,1.57072561501213e-05,15.7072561501213,0.166111111111111
744,63.5,24.5,28.3168671327165,1.35576598524328,1.53558128889897e-05,15.3558128889897,0.162777777777778
745,64.5,24.5,28.3364903959875,1.29784276743288,1.51337768296254e-05,15.1337768296254,0.161111111111111
746,65.5,24.5,28.3255391106973,1.25396490061139,1.48732292192894e-05,14.8732292192894,0.157222222222222
747,66.5,24.5,28.2395804377701,1.22945181970134,1.45171702378708e-05,14.5171702378708,0.155555555555556
748,67.5,24.5,31.4190080129808,1.69214628648635,1.90920623484354e-05,19.0920623484354,0.201111111111111
749,68.5,24.5,35.9771228513476,2.95254060569526,2.84687129727551e-05,28.4687129727551,0.316111111111111
750,69.5,24.5,36.5495074728208,3.27448296169407,2.95051419377528e-05,29.5051419377528,0.33
751,20.5,25.5,34.3905310990138,4.09597880021902,5.76826575894468e-05,57.6826575894468,0.824444444444444
752,21.5,25.5,34.7433366593722,4.06062392991354,5.86055325746736e-05,58.6055325746736,0.843333333333333
753,22.5,25.5,34.8833780384439,4.0330971354064,5.83963600095264e-05,58.3963600095264,0.84
754,23.5,25.5,34.916858915241,3.93941559540632,5.7625955691602e-05,57.625955691602,0.823333333333333
755,24.5,25.5,35.1442880808648,3.9150554729441,5.7880593088339e-05,57.880593088339,0.828333333333333
756,25.5,25.5,33.94144946033,3.99213162808855,5.10104441911661e-05,51.0104441911661,0.713333333333333
757,26.5,25.5,33.2998388957941,4.01305380229923,4.73230093897124e-05,47.3230093897124,0.643888888888889
758,27.5,25.5,33.933472244572,4.00489811169201,4.93293755812504e-05,49.3293755812504,0.683333333333333
759,28.5,25.5,35.2142476181106,4.00304807715345,5.45534421160399e-05,54.5534421160399,0.772222222222222
760,29.5,25.5,34.8726832013767,3.96409125143062,5.20184246760969e-05,52.0184246760969,0.735555555555556
761,30.5,25.5,35.7205282981612,3.91376975610501,5.52970095895385e-05,55.2970095895385,0.783333333333333
762,31.5,25.5,34.396942667683,3.82886607305697,4.82026555031043e-05,48.2026555031043,0.662777777777778
763,32.5,25.5,36.3225296508677,3.63718327981636,5.65485334049938e-05,56.5485334049938,0.806111111111111
764,33.5,25.5,37.399446455068,3.5195813135028,6.13864159643086e-05,61.3864159643086,0.892222222222222
765,34.5,25.5,34.370908084069,3.15436179161309,4.57967468452066e-05,45.7967468452066,0.616666666666667
766,35.5,25.5,28.4633813549715,2.33398465984066,2.62682813132846e-05,26.2682813132846,0.279444444444444
767,36.5,25.5,28.8041463438173,2.23209342673801,2.66600977904169e-05,26.6600977904169,0.287222222222222
768,37.5,25.5,34.6674921019042,3.03552436843594,4.48002915056037e-05,44.8002915056037,0.601666666666667
769,38.5,25.5,38.5792374578784,3.6204844539323,6.29926830521099e-05,62.9926830521099,0.914444444444444
770,39.5,25.5,37.3910934616944,3.73536870519587,5.55892941956738e-05,55.5892941956738,0.789444444444444
771,40.5,25.5,36.4272079283559,3.85679598255644,5.00715983059986e-05,50.0715983059986,0.696111111111111
772,41.5,25.5,37.4569666367169,3.99791586265928,5.41145329862224e-05,54.1145329862225,0.765555555555556
773,42.5,25.5,38.49825257706,4.11511628935422,5.85462569803679e-05,58.5462569803679,0.842222222222222
774,43.5,25.5,38.0756703505357,4.19619969634774,5.54105261918318e-05,55.4105261918318,0.786666666666667
775,44.5,25.5,38.4133175630433,4.23396367075818,5.62170371799816e-05,56.2170371799816,0.801111111111111
776,45.5,25.5,38.4217397540993,4.28212961227078,5.53445185671204e-05,55.3445185671204,0.785
777,46.5,25.5,38.6545375540866,4.32378881154029,5.56144991273671e-05,55.6144991273671,0.790555555555556
778,47.5,25.5,39.0944871844293,4.39557627892818,5.69529938700856e-05,56.9529938700856,0.81
779,48.5,25.5,39.8090548346254,4.45359198439984,5.98063815740081e-05,59.8063815740081,0.86
780,49.5,25.5,40.5413727769404,4.42932236084045,6.29073017793569e-05,62.9073017793569,0.913888888888889
781,50.5,25.5,37.1071444429123,3.8603567018367,4.52279139086876e-05,45.2279139086876,0.606666666666667
782,51.5,25.5,36.6880804720699,3.63395212473353,4.28259332523875e-05,42.8259332523875,0.564444444444444
783,52.5,25.5,31.3223255319628,3.32439963724111,2.58044322235576e-05,25.8044322235576,0.275555555555556
784,53.5,25.5,31.0822405738166,3.15735920241354,2.48361983339427e-05,24.8361983339427,0.261111111111111
785,54.5,25.5,31.2458959085724,3.07293842719921,2.48017309844051e-05,24.8017309844051,0.26
786,55.5,25.5,35.0979316274886,3.28902397785541,3.46898481905876e-05,34.6898481905876,0.419444444444444
787,56.5,25.5,33.9101332432888,2.71767602997565,3.06244160461977e-05,30.6244160461977,0.35
788,57.5,25.5,31.3934474631903,2.31422083667964,2.39416274930354e-05,23.9416274930354,0.249444444444444
789,58.5,25.5,32.6457549789716,2.48309458943002,2.6406014622554e-05,26.406014622554,0.281111111111111
790,59.5,25.5,33.3741162607094,2.51825439803474,2.77642730043873e-05,27.7642730043873,0.301666666666667
791,60.5,25.5,33.925790824798,2.5710705797723,2.87245538434562e-05,28.7245538434562,0.319444444444444
792,61.5,25.5,35.9468332957943,2.77740478046065,3.39863766649988e-05,33.9863766649988,0.408888888888889
793,62.5,25.5,33.7249012126721,2.44386792314231,2.72944256339683e-05,27.2944256339683,0.293888888888889
794,63.5,25.5,33.1961224670255,2.35690670012808,2.55852176930627e-05,25.5852176930627,0.272777777777778
795,64.5,25.5,32.7412166213698,2.24999664280643,2.41457456619559e-05,24.1457456619559,0.252777777777778
796,65.5,25.5,32.6556612678428,2.14560110500931,2.3569526839121e-05,23.569526839121,0.245
797,66.5,25.5,32.0554499619494,1.92400908015708,2.19513109884398e-05,21.9513109884398,0.23
798,67.5,25.5,34.9872822267671,3.03967708747298,2.82137678765742e-05,28.2137678765742,0.309444444444444
799,68.5,25.5,37.7867952650514,3.20592054233378,3.58441654019521e-05,35.8441654019521,0.438888888888889
800,69.5,25.5,38.2128729985681,3.28345120266165,3.66602290035101e-05,36.6602290035101,0.455
801,20.5,26.5,34.5862901717678,4.17963814669057,6.26726344544472e-05,62.6726344544472,0.91
802,21.5,26.5,35.0741998516388,4.14460654690447,6.44664021664851e-05,64.4664021664852,0.928333333333333
803,22.5,26.5,34.9102928593314,4.15155565973153,6.2475466120525e-05,62.475466120525,0.908333333333333
804,23.5,26.5,34.5398419384187,4.15058413320364,5.94141265288261e-05,59.4141265288261,0.854444444444444
805,24.5,26.5,34.8524955791202,4.12910028142074,6.01431849452871e-05,60.1431849452871,0.866666666666667
806,25.5,26.5,34.0344055568207,4.12922820801045,5.49034807126319e-05,54.9034807126319,0.778333333333333
807,26.5,26.5,33.6680713392513,4.11173008649426,5.22332570414589e-05,52.2332570414589,0.74
808,27.5,26.5,34.2601607222466,4.10362152279312,5.42414769576696e-05,54.2414769576696,0.767222222222222
809,28.5,26.5,34.4958476813022,4.09594368910985,5.4521829785557e-05,54.521829785557,0.771666666666667
810,29.5,26.5,33.9043072585245,4.05539441563692,5.08141212034034e-05,50.8141212034034,0.71
811,30.5,26.5,33.8851483878648,4.01698986198386,4.99017078708549e-05,49.9017078708549,0.691666666666667
812,31.5,26.5,34.8709307922798,3.9013650080118,5.37215878091252e-05,53.7215878091252,0.76
813,32.5,26.5,36.4515339191721,3.70968053799861,6.10670624693375e-05,61.0670624693375,0.886111111111111
814,33.5,26.5,36.0984696694744,3.52703130683034,5.81724279618739e-05,58.1724279618739,0.835
815,34.5,26.5,29.838188551087,2.5929819234656,3.23101202027087e-05,32.3101202027087,0.382222222222222
816,35.5,26.5,28.3755809584208,2.28943218836313,2.7812382699273e-05,27.812382699273,0.302777777777778
817,36.5,26.5,32.2876894850639,2.68149425969446,3.91114776246221e-05,39.1114776246221,0.498888888888889
818,37.5,26.5,35.3927768853193,3.66261852921503,5.1075282079251e-05,51.075282079251,0.715
819,38.5,26.5,36.1001088591661,3.85730239839772,5.35950352200884e-05,53.5950352200884,0.758333333333333
820,39.5,26.5,34.9478451968421,3.94911004464526,4.74520246993789e-05,47.4520246993789,0.647777777777778
821,40.5,26.5,35.8340912310016,4.05315930752547,5.06161860893752e-05,50.6161860893752,0.705
822,41.5,26.5,36.8589420485851,4.21723253862951,5.46779279597333e-05,54.6779279597333,0.774444444444444
823,42.5,26.5,37.2903360197635,4.35744450313222,5.59481830560953e-05,55.9481830560953,0.796111111111111
824,43.5,26.5,38.2991600962542,4.4623744104448,6.03511444011198e-05,60.3511444011198,0.870555555555556
825,44.5,26.5,38.6025520118193,4.5242981231429,6.10374404546094e-05,61.0374404546094,0.885555555555556
826,45.5,26.5,38.286873558089,4.55605339299513,5.83368836973764e-05,58.3368836973764,0.838888888888889
827,46.5,26.5,38.85026812411,4.6050983834555,6.04193708876079e-05,60.4193708876079,0.872777777777778
828,47.5,26.5,39.5505350705311,4.65336832599759,6.33638739033499e-05,63.3638739033499,0.918333333333333
829,48.5,26.5,40.5040245200373,4.6699411173503,6.80086953787074e-05,68.0086953787074,0.95
830,49.5,26.5,40.8680745665463,4.57163910558851,6.9170020544644e-05,69.1700205446439,0.955
831,50.5,26.5,32.9212039455948,3.72802827744648,3.29290919855931e-05,32.9290919855931,0.392222222222222
832,51.5,26.5,31.541598884407,3.49463545549576,2.8560006060539e-05,28.560006060539,0.317777777777778
833,52.5,26.5,30.9226934634408,3.34450549131637,2.6552795343234e-05,26.552795343234,0.285
834,53.5,26.5,31.1932893522299,3.06287529635135,2.67790285118219e-05,26.7790285118219,0.288888888888889
835,54.5,26.5,32.6488997694164,2.91075650174574,3.00942440709267e-05,30.0942440709267,0.342777777777778
836,55.5,26.5,31.9142645438239,2.81596084172623,2.76840739748243e-05,27.6840739748243,0.298888888888889
837,56.5,26.5,32.3284099900991,2.65245609758248,2.8286943999991e-05,28.286943999991,0.312222222222222
838,57.5,26.5,35.2561974271551,3.05376092933522,3.63565732470646e-05,36.3565732470646,0.448888888888889
839,58.5,26.5,37.4966171906733,3.57549930398974,4.38805663541645e-05,43.8805663541645,0.587222222222222
840,59.5,26.5,38.4927549383997,3.50094905517778,4.72832843144573e-05,47.2832843144573,0.642222222222222
841,60.5,26.5,37.04659146859,3.45274580682671,4.07571548624953e-05,40.7571548624953,0.525555555555556
842,61.5,26.5,36.9493867187219,3.37174743938305,3.97417153529373e-05,39.7417153529373,0.511666666666667
843,62.5,26.5,37.326186693613,3.3373602969767,4.04661675063642e-05,40.4661675063642,0.522777777777778
844,63.5,26.5,37.1091907578542,3.36452723033917,3.90262337607848e-05,39.0262337607848,0.497222222222222
845,64.5,26.5,36.7460204423921,3.50053855107761,3.71360531376298e-05,37.1360531376298,0.459444444444444
846,65.5,26.5,37.8102524746841,3.39589969135796,4.02661753212552e-05,40.2661753212552,0.519444444444444
847,66.5,26.5,36.6541280201088,3.2714053670235,3.56422259467093e-05,35.6422259467093,0.435555555555556
848,67.5,26.5,38.189968157972,3.43089157448628,4.03431032524147e-05,40.3431032524147,0.520555555555556
849,68.5,26.5,40.0078485106889,3.53975945378664,4.68574764654849e-05,46.8574764654849,0.635555555555556
850,69.5,26.5,39.6299664350367,3.50862776621071,4.45318554395047e-05,44.5318554395047,0.598333333333333
851,20.5,27.5,34.103085161937,4.2987655195527,6.39963486352413e-05,63.9963486352413,0.925
852,21.5,27.5,35.1644819747812,4.25806532875962,6.93702511630816e-05,69.3702511630816,0.957222222222222
853,22.5,27.5,34.8134554107817,4.24217495910946,6.60887738261493e-05,66.0887738261493,0.938888888888889
854,23.5,27.5,34.364371363128,4.22876445406015,6.24007396174955e-05,62.4007396174955,0.907777777777778
855,24.5,27.5,34.4202978857925,4.21292683561848,6.17015203985352e-05,61.7015203985352,0.900555555555556
856,25.5,27.5,33.9308362536152,4.18798901814912,5.80440728149317e-05,58.0440728149317,0.832777777777778
857,26.5,27.5,33.7234450025288,4.16401313286554,5.60292586365918e-05,56.0292586365918,0.797222222222222
858,27.5,27.5,33.8865235638082,4.14312068619864,5.59467562202173e-05,55.9467562202173,0.795555555555556
859,28.5,27.5,34.1841747688965,4.11491232002737,5.65558659436709e-05,56.5558659436709,0.806666666666667
860,29.5,27.5,33.7413148171021,4.08573812846457,5.34306171326687e-05,53.4306171326687,0.755555555555556
861,30.5,27.5,34.5061182222549,4.0226513555877,5.63691608784462e-05,56.3691608784462,0.802777777777778
862,31.5,27.5,34.5076560225143,3.96673927340899,5.54622956364546e-05,55.4622956364546,0.787222222222222
863,32.5,27.5,33.6001874749429,3.81117788471172,5.02224733847647e-05,50.2224733847647,0.698888888888889
864,33.5,27.5,32.9997142950997,3.32186230815521,4.67795537602019e-05,46.7795537602019,0.633888888888889
865,34.5,27.5,29.1288712928492,2.58704389241783,3.23198264951411e-05,32.3198264951411,0.382777777777778
866,35.5,27.5,30.4850910922172,2.68779269175101,3.59879724504889e-05,35.9879724504889,0.441666666666667
867,36.5,27.5,34.8174087654334,3.76533520966702,5.25715476438481e-05,52.5715476438481,0.745
868,37.5,27.5,33.0689180292703,3.95540459338866,4.40753226235033e-05,44.0753226235033,0.591111111111111
869,38.5,27.5,34.100984573849,4.0905660486313,4.76442905959087e-05,47.6442905959087,0.651666666666667
870,39.5,27.5,33.8051589605147,4.27657778567673,4.56154391583205e-05,45.6154391583205,0.613333333333333
871,40.5,27.5,34.9194596444868,4.41526444153994,4.96809935782376e-05,49.6809935782376,0.686666666666667
872,41.5,27.5,35.2251031464521,4.50273496248115,5.02556428249151e-05,50.2556428249151,0.700555555555556
873,42.5,27.5,36.8400515951306,4.60000198489317,5.72984314430265e-05,57.2984314430265,0.815555555555556
874,43.5,27.5,37.6867475102432,4.69986021171356,6.08987816567548e-05,60.8987816567548,0.882222222222222
875,44.5,27.5,38.3145414776111,4.76655042878164,6.34444556534866e-05,63.4444556534866,0.919444444444444
876,45.5,27.5,38.7872875996293,4.779461404799,6.51683613989871e-05,65.1683613989871,0.934444444444444
877,46.5,27.5,39.6201937117136,4.81121860921131,6.91783682037715e-05,69.1783682037715,0.955555555555556
878,47.5,27.5,40.1488297563418,4.85201796807986,7.14209385329522e-05,71.4209385329522,0.964444444444444
879,48.5,27.5,40.841077517942,4.82980165070312,7.48493911959159e-05,74.8493911959159,0.972222222222222
880,49.5,27.5,35.1281736727545,4.12321591563385,4.37003365424905e-05,43.7003365424905,0.582777777777778
881,50.5,27.5,30.9852515426793,3.84854079714868,2.94440850667982e-05,29.4440850667982,0.328888888888889
882,51.5,27.5,31.0630556009128,3.58526995894851,2.91760716035924e-05,29.1760716035924,0.325
883,52.5,27.5,32.4688083248984,3.3797828462829,3.26398634055393e-05,32.6398634055393,0.387222222222222
884,53.5,27.5,36.7024046285496,3.92218783642935,4.72651459788411e-05,47.265145978841,0.641111111111111
885,54.5,27.5,36.7553653917011,4.08094624528896,4.67187370849728e-05,46.7187370849728,0.632222222222222
886,55.5,27.5,37.5878926628744,3.79149437680292,4.95998182149175e-05,49.5998182149175,0.685555555555556
887,56.5,27.5,35.5362100076427,3.36750583103868,4.04600232272549e-05,40.4600232272549,0.522222222222222
888,57.5,27.5,37.9523918885321,3.76068542920339,4.96271711007076e-05,49.6271711007076,0.686111111111111
889,58.5,27.5,39.4877734436954,3.94813802436289,5.61693841611072e-05,56.1693841611072,0.799444444444444
890,59.5,27.5,39.9204859714796,4.01430873795723,5.7483365601454e-05,57.483365601454,0.821666666666667
891,60.5,27.5,38.1004003050185,3.98614798432287,4.78843145460377e-05,47.8843145460377,0.658333333333333
892,61.5,27.5,34.5978111419067,4.03001652698111,3.42019637109294e-05,34.2019637109294,0.411111111111111
893,62.5,27.5,35.3397576163269,4.02251329207571,3.60066769304564e-05,36.0066769304564,0.442222222222222
894,63.5,27.5,37.6824775505042,4.01828057463638,4.3878120679919e-05,43.878120679919,0.586666666666667
895,64.5,27.5,36.6065236883131,3.90177925636813,3.91248443614748e-05,39.1248443614748,0.499444444444444
896,65.5,27.5,34.1015737023101,3.75519129149628,3.06159593828818e-05,30.6159593828818,0.349444444444444
897,66.5,27.5,34.528151382711,3.71689155162185,3.13162567025347e-05,31.3162567025347,0.357222222222222
898,67.5,27.5,38.3863049445453,3.81647087825758,4.38287051927357e-05,43.8287051927357,0.586111111111111
899,68.5,27.5,40.5870445348177,3.6974950912755,5.27246487821062e-05,52.7246487821062,0.747777777777778
900,69.5,27.5,40.5288544128986,3.58928926754423,5.15953880524752e-05,51.5953880524753,0.727222222222222
901,20.5,28.5,33.6111818195556,4.40723398047301,6.52964467991351e-05,65.2964467991351,0.935
902,21.5,28.5,34.4111137794924,4.37292698998828,6.91080821771392e-05,69.1080821771392,0.953888888888889
903,22.5,28.5,34.0308962184602,4.31508546521644,6.56649934738886e-05,65.6649934738886,0.937222222222222
904,23.5,28.5,33.6031287389996,4.27302298973906,6.21224077049749e-05,62.1224077049749,0.904444444444444
905,24.5,28.5,33.5210899177781,4.24497815188535,6.06570562658766e-05,60.6570562658766,0.878333333333333
906,25.5,28.5,33.3599666864994,4.20724333801095,5.88000501875529e-05,58.8000501875529,0.846666666666667
907,26.5,28.5,33.3921466560281,4.17007112935741,5.80157649533354e-05,58.0157649533354,0.830555555555556
908,27.5,28.5,33.2189081488699,4.13495261654499,5.61773136504098e-05,56.1773136504098,0.8
909,28.5,28.5,33.0236681494481,4.11425488213135,5.42874598891529e-05,54.2874598891529,0.768333333333333
910,29.5,28.5,33.6625283133773,4.08241560552014,5.66168148415506e-05,56.6168148415505,0.807222222222222
911,30.5,28.5,34.1910483786529,3.99887083988166,5.84552289986402e-05,58.4552289986402,0.840555555555556
912,31.5,28.5,33.4139367272157,3.96872954183418,5.35636140769756e-05,53.5636140769756,0.757222222222222
913,32.5,28.5,31.2571091848856,3.78441553100462,4.32703258448708e-05,43.2703258448708,0.575555555555556
914,33.5,28.5,30.9331756195008,3.34705991005733,4.1334474453063e-05,41.334474453063,0.537777777777778
915,34.5,28.5,31.9389262293327,3.42124477598656,4.45755497635869e-05,44.5755497635869,0.598888888888889
916,35.5,28.5,33.1370298376167,3.83414810276886,4.89148817630174e-05,48.9148817630174,0.674444444444444
917,36.5,28.5,33.5535081900246,4.05696646195674,4.99809861718067e-05,49.9809861718067,0.694444444444444
918,37.5,28.5,33.9970932702489,4.2114865209832,5.1198763926027e-05,51.198763926027,0.717777777777778
919,38.5,28.5,34.472457759337,4.34228009418214,5.25993823723439e-05,52.5993823723439,0.745555555555556
920,39.5,28.5,34.0991480758615,4.55639748752962,5.00034737692737e-05,50.0034737692737,0.695
921,40.5,28.5,34.2531051216411,4.72352875172747,4.9883498887433e-05,49.883498887433,0.690555555555556
922,41.5,28.5,35.4564298311506,4.81747713381956,5.47745034479026e-05,54.7745034479026,0.777222222222222
923,42.5,28.5,36.3884134845246,4.88376188030643,5.86727855509502e-05,58.6727855509502,0.844444444444444
924,43.5,28.5,37.0422151901016,4.93266491409508,6.12714155865399e-05,61.2714155865399,0.891111111111111
925,44.5,28.5,38.1016686473812,4.95980463193318,6.64024283945031e-05,66.4024283945031,0.940555555555556
926,45.5,28.5,38.8895190949512,4.95954684939519,7.01998641463028e-05,70.1998641463028,0.96
927,46.5,28.5,39.4477139824545,4.96261635703964,7.26729794292587e-05,72.6729794292587,0.967777777777778
928,47.5,28.5,40.1385883130602,4.99490106772911,7.61498776613283e-05,76.1498776613283,0.974444444444444
929,48.5,28.5,38.3684642271584,4.74870897594668,6.3731054543024e-05,63.731054543024,0.921111111111111
930,49.5,28.5,31.4515519380297,4.22686951329518,3.33288798436074e-05,33.3288798436074,0.4
931,50.5,28.5,30.9701592558932,3.94101956855602,3.13805288950386e-05,31.3805288950386,0.359444444444444
932,51.5,28.5,35.3919787875336,3.92766478444175,4.62429355846118e-05,46.2429355846118,0.623333333333333
933,52.5,28.5,37.3219487129286,4.76113490871122,5.42431229180684e-05,54.2431229180684,0.767777777777778
934,53.5,28.5,35.7050833423948,4.85821922503869,4.60292568894625e-05,46.0292568894625,0.620555555555556
935,54.5,28.5,34.6832992280055,4.75126866095645,4.12464366323697e-05,41.2464366323697,0.535555555555556
936,55.5,28.5,33.7811036092351,4.54726674998417,3.7368580765118e-05,37.368580765118,0.464444444444444
937,56.5,28.5,32.89503986188,4.4549868833105,3.39033420170638e-05,33.9033420170638,0.407777777777778
938,57.5,28.5,34.7799590920717,4.3197890514428,3.96247390174318e-05,39.6247390174318,0.508888888888889
939,58.5,28.5,35.2508411358993,4.28701099295537,4.06954248110107e-05,40.6954248110107,0.525
940,59.5,28.5,37.5063213468855,4.29009562960535,4.91978887806434e-05,49.1978887806434,0.68
941,60.5,28.5,33.6591357346153,4.3020777493461,3.40513564097372e-05,34.0513564097372,0.41
942,61.5,28.5,33.1352703080182,4.25131256996383,3.19327729993794e-05,31.9327729993794,0.373333333333333
943,62.5,28.5,38.2702399435757,4.29574819091017,5.02242620482112e-05,50.2242620482112,0.699444444444444
944,63.5,28.5,40.2818927184374,4.2115203502477,5.93821959679154e-05,59.3821959679154,0.853888888888889
945,64.5,28.5,38.802915311099,4.11114610531493,5.10342300072811e-05,51.0342300072811,0.713888888888889
946,65.5,28.5,36.5306248655766,4.03218475198591,4.07921017290068e-05,40.7921017290068,0.527222222222222
947,66.5,28.5,30.6183592762028,3.89687801956549,2.33794687006551e-05,23.379468700655,0.241666666666667
948,67.5,28.5,37.5244521893545,3.87321015652738,4.32335890517734e-05,43.2335890517734,0.575
949,68.5,28.5,40.7652945751792,3.74361918927806,5.71952157288569e-05,57.195215728857,0.812777777777778
950,69.5,28.5,39.949458410816,3.5826473471788,5.22273484750344e-05,52.2273484750344,0.738888888888889
951,20.5,29.5,33.4893321637081,4.53852054660612,6.89137831621351e-05,68.9137831621351,0.953333333333333
952,21.5,29.5,33.7546683515189,4.46035120561741,6.94603939570312e-05,69.4603939570312,0.957777777777778
953,22.5,29.5,33.2575940192617,4.37782822247965,6.52994845198671e-05,65.2994845198671,0.935555555555556
954,23.5,29.5,33.3486527533706,4.31658866831503,6.47769094559303e-05,64.7769094559303,0.931111111111111
955,24.5,29.5,33.1984313684159,4.26039794182087,6.28569537173739e-05,62.8569537173739,0.912222222222222
956,25.5,29.5,33.2818667798049,4.23476693155991,6.23093783684361e-05,62.3093783684361,0.906111111111111
957,26.5,29.5,33.6584078063655,4.18873295334168,6.34440888000846e-05,63.4440888000846,0.918888888888889
958,27.5,29.5,34.3516255858772,4.12122153065097,6.64970419468187e-05,66.4970419468187,0.941111111111111
959,28.5,29.5,33.0070876012325,4.08350414015232,5.78535083797634e-05,57.8535083797634,0.827222222222222
960,29.5,29.5,32.2696489105535,4.0600234585524,5.32046192541792e-05,53.2046192541792,0.753888888888889
961,30.5,29.5,33.1360886324496,3.99698939703071,5.66545232338165e-05,56.6545232338165,0.808333333333333
962,31.5,29.5,32.9860787904919,3.9641852226814,5.4975723954603e-05,54.975723954603,0.78
963,32.5,29.5,30.7207068763129,3.67072763857365,4.39751320686722e-05,43.9751320686722,0.589444444444444
964,33.5,29.5,29.9327819610675,3.81260373884385,4.0251931450307e-05,40.251931450307,0.518333333333333
965,34.5,29.5,29.6613938851162,3.80211570423586,3.86278705599108e-05,38.6278705599108,0.487777777777778
966,35.5,29.5,31.0372593981866,4.16696453282541,4.30834898782157e-05,43.0834898782157,0.571111111111111
967,36.5,29.5,32.9824283377826,4.37742183078409,5.06232672792998e-05,50.6232672792998,0.705555555555556
968,37.5,29.5,32.9938505696044,4.49065253156323,4.98495932028107e-05,49.8495932028107,0.689444444444444
969,38.5,29.5,34.6904132138639,4.60113810106854,5.72605919992941e-05,57.2605919992941,0.815
970,39.5,29.5,34.4901033253148,4.84267509200129,5.53013329122417e-05,55.3013329122417,0.783888888888889
971,40.5,29.5,35.1074570086091,4.99222938054737,5.7555669647423e-05,57.555669647423,0.822777777777778
972,41.5,29.5,35.782639386527,5.05144919487889,6.02220643728423e-05,60.2220643728423,0.867777777777778
973,42.5,29.5,36.6892885614614,5.08136621226117,6.43600497290849e-05,64.3600497290848,0.927777777777778
974,43.5,29.5,37.2837016279807,5.10559407710872,6.68476119068292e-05,66.8476119068292,0.943333333333333
975,44.5,29.5,38.1300044730561,5.12649214958644,7.10482689605559e-05,71.0482689605559,0.963333333333333
976,45.5,29.5,38.8509086566954,5.12295617460216,7.46533799083833e-05,74.6533799083833,0.971111111111111
977,46.5,29.5,39.3291415070197,5.12219196148527,7.67208432487263e-05,76.7208432487264,0.975555555555556
978,47.5,29.5,40.3820878231385,5.20433323397688,8.30938873527952e-05,83.0938873527952,0.981666666666667
979,48.5,29.5,34.5731609591475,4.59665782700649,4.80875642220114e-05,48.0875642220114,0.660555555555556
980,49.5,29.5,31.6516814573033,4.25219528688463,3.62276091143317e-05,36.2276091143317,0.447222222222222
981,50.5,29.5,32.4906099813686,3.99889154935004,3.84835200702246e-05,38.4835200702246,0.485555555555556
982,51.5,29.5,36.9951510063983,4.92794934105063,5.71131621365527e-05,57.1131621365527,0.811666666666667
983,52.5,29.5,30.9140170637027,5.4605425740172,3.22215078899871e-05,32.2215078899871,0.381111111111111
984,53.5,29.5,30.9560814313444,5.19036703711581,3.18242108179956e-05,31.8242108179956,0.369444444444444
985,54.5,29.5,30.3240335669053,4.97867489505213,2.95529946289574e-05,29.5529946289574,0.331111111111111
986,55.5,29.5,30.9169577912343,4.80688142575646,3.06941040920764e-05,30.6941040920764,0.352777777777778
987,56.5,29.5,27.0348449612015,4.93038812079946,2.11754276337013e-05,21.1754276337013,0.216111111111111
988,57.5,29.5,26.0545168236866,4.73247208224143,1.90480267365512e-05,19.0480267365512,0.200555555555556
989,58.5,29.5,36.1930334781022,4.52398728524382,4.73336599726624e-05,47.3336599726624,0.644444444444444
990,59.5,29.5,40.105489253816,4.46707750856324,6.65807154175663e-05,66.5807154175663,0.942222222222222
991,60.5,29.5,32.3115611516895,4.40244064349563,3.21299089399787e-05,32.1299089399787,0.379444444444444
992,61.5,29.5,35.187573856616,4.51545750980968,4.11069057161253e-05,41.1069057161253,0.531666666666667
993,62.5,29.5,36.7850545255879,4.55704666690454,4.67941567207346e-05,46.7941567207346,0.635
994,63.5,29.5,34.9535630797322,4.42610431258292,3.89414920486139e-05,38.9414920486139,0.495555555555556
995,64.5,29.5,36.2376515973491,4.41601509610529,4.3078684516999e-05,43.078684516999,0.57
996,65.5,29.5,37.1160055449691,4.42175113166358,4.59203779284192e-05,45.9203779284192,0.617777777777778
997,66.5,29.5,30.8034223884227,4.33632631863764,2.53725843975156e-05,25.3725843975156,0.269444444444444
998,67.5,29.5,34.6978954584721,3.93852140355332,3.56372505127075e-05,35.6372505127075,0.435
999,68.5,29.5,38.1674896524555,3.97011251983021,4.81377995429542e-05,48.1377995429542,0.661666666666667
1000,69.5,29.5,35.3276321828282,3.92424412652889,3.65314664181355e-05,36.5314664181355,0.453333333333333
1001,20.5,30.5,32.1010737599101,4.57203952400962,6.47859943951476e-05,64.7859943951476,0.931666666666667
1002,21.5,30.5,33.1503109011479,4.56967580438887,7.01468502053291e-05,70.1468502053291,0.959444444444444
1003,22.5,30.5,33.2504648084273,4.4903074653407,6.96439839898031e-05,69.6439839898031,0.958333333333333
1004,23.5,30.5,33.1620500526763,4.40014795764627,6.79637347637289e-05,67.9637347637289,0.949444444444444
1005,24.5,30.5,32.6351753776115,4.3099890676976,6.37189581970039e-05,63.7189581970039,0.920555555555556
1006,25.5,30.5,32.1875345620589,4.23203951542549,6.01730684721249e-05,60.1730684721249,0.867222222222222
1007,26.5,30.5,31.50128677437,4.16746008131464,5.55984333800949e-05,55.5984333800949,0.79
1008,27.5,30.5,31.7281274662219,4.09608755459373,5.58424353917169e-05,55.8424353917169,0.793333333333333
1009,28.5,30.5,31.5310592526538,4.02982424114837,5.39560745834506e-05,53.9560745834506,0.764444444444444
1010,29.5,30.5,30.7284402598843,3.91203787766032,4.93280244365845e-05,49.3280244365845,0.682777777777778
1011,30.5,30.5,32.2011989421895,3.90146994916844,5.55177521073619e-05,55.5177521073619,0.787777777777778
1012,31.5,30.5,33.0961234718921,3.88599060388219,5.92703139320385e-05,59.2703139320385,0.850555555555556
1013,32.5,30.5,32.229344434274,3.97706256155258,5.3863960349639e-05,53.863960349639,0.762222222222222
1014,33.5,30.5,29.9648783044237,4.04255328711447,4.30815805660882e-05,43.0815805660882,0.570555555555556
1015,34.5,30.5,30.223086528,4.0783174647838,4.3392519009854e-05,43.392519009854,0.578333333333333
1016,35.5,30.5,30.5748876886032,4.28792864604773,4.40772587838042e-05,44.0772587838042,0.591666666666667
1017,36.5,30.5,31.2807319019146,4.55714394500902,4.62437403747337e-05,46.2437403747337,0.623888888888889
1018,37.5,30.5,33.2240053478168,4.66253782430684,5.43300474166521e-05,54.3300474166521,0.769444444444444
1019,38.5,30.5,34.8542606227961,4.86426179840529,6.20272564319326e-05,62.0272564319326,0.903333333333333
1020,39.5,30.5,34.3067652100846,5.12857505945901,5.80333661264615e-05,58.0333661264615,0.831111111111111
1021,40.5,30.5,34.9635100675547,5.18340839607424,6.06197971402768e-05,60.6197971402768,0.876666666666667
1022,41.5,30.5,36.2388850578224,5.20665589730824,6.70056109329668e-05,67.0056109329668,0.943888888888889
1023,42.5,30.5,37.1964487208392,5.22398993913128,7.19441407253314e-05,71.9441407253314,0.965555555555556
1024,43.5,30.5,37.5204724986757,5.24071262654912,7.29012579330586e-05,72.9012579330586,0.968888888888889
1025,44.5,30.5,38.1102459543102,5.26456342321392,7.56868599299536e-05,75.6868599299536,0.973333333333333
1026,45.5,30.5,39.3623266165556,5.29750236396918,8.34815522185587e-05,83.4815522185587,0.982222222222222
1027,46.5,30.5,40.5176419274964,5.32546404094917,9.12685350884144e-05,91.2685350884144,0.989444444444444
1028,47.5,30.5,41.4300159214867,5.39142538928396,9.75890553073056e-05,97.5890553073056,0.993888888888889
1029,48.5,30.5,40.7464003691999,5.3133139795419,9.01921941321188e-05,90.1921941321188,0.988888888888889
1030,49.5,30.5,38.6734000909039,5.06854697510168,7.34225676642345e-05,73.4225676642345,0.969444444444444
1031,50.5,30.5,37.6674535580217,5.35057804859603,6.58756981888459e-05,65.8756981888459,0.937777777777778
1032,51.5,30.5,30.1270821382651,5.91679148922921,3.25245491643939e-05,32.5245491643939,0.386666666666667
1033,52.5,30.5,26.747373105368,5.75686285230846,2.34958319058719e-05,23.4958319058719,0.243333333333333
1034,53.5,30.5,28.1239425368557,5.36827872668675,2.62176807704201e-05,26.2176807704201,0.278333333333333
1035,54.5,30.5,30.9574572418587,5.04687104624315,3.3420135957853e-05,33.420135957853,0.400555555555556
1036,55.5,30.5,29.9149812618861,4.97864938635713,2.98903454588026e-05,29.8903454588026,0.339444444444444
1037,56.5,30.5,29.9221044847753,4.92277168021225,2.94244856796129e-05,29.4244856796129,0.328333333333333
1038,57.5,30.5,30.4088922697672,4.73275700756535,3.02659185169287e-05,30.2659185169287,0.345
1039,58.5,30.5,41.3225766934681,4.70125802545266,8.07236930421469e-05,80.7236930421469,0.979444444444444
1040,59.5,30.5,38.7687648293751,4.6139829270119,6.28845495498166e-05,62.8845495498166,0.913333333333333
1041,60.5,30.5,34.1167827569358,4.64191867330889,4.04377083496665e-05,40.4377083496665,0.521666666666667
1042,61.5,30.5,38.9150433739708,4.84983048382373,6.16685602364517e-05,61.6685602364517,0.898888888888889
1043,62.5,30.5,38.7430399516468,4.8509153821535,5.97200037258138e-05,59.7200037258138,0.858888888888889
1044,63.5,30.5,37.7778560580497,4.75712438950778,5.37917701229598e-05,53.7917701229598,0.761111111111111
1045,64.5,30.5,36.8092305595106,4.73236176411264,4.84350884052562e-05,48.4350884052562,0.668333333333333
1046,65.5,30.5,35.9930592095902,4.69059892851147,4.42240893895478e-05,44.2240893895478,0.593333333333333
1047,66.5,30.5,32.9178602045563,4.67018700854711,3.28468422344678e-05,32.8468422344678,0.39
1048,67.5,30.5,28.6833543173921,4.3374712657056,2.1947484269572e-05,21.947484269572,0.229444444444444
1049,68.5,30.5,31.2827904592522,4.05604969445153,2.73841634478261e-05,27.3841634478261,0.295
1050,69.5,30.5,32.1755056572712,4.06052469424861,2.92289197546265e-05,29.2289197546265,0.326666666666667
1051,20.5,31.5,30.407550146171,4.43564768800714,5.9234902994934e-05,59.234902994934,0.85
1052,21.5,31.5,32.4232865522741,4.71407487019615,7.00491444376858e-05,70.0491444376858,0.958888888888889
1053,22.5,31.5,32.3703840500306,4.60943591175663,6.85818351950421e-05,68.5818351950421,0.952777777777778
1054,23.5,31.5,31.6246707876023,4.42058289367083,6.30284507598172e-05,63.0284507598172,0.915
1055,24.5,31.5,30.260767891986,4.26551995220753,5.47420662415585e-05,54.7420662415585,0.776111111111111
1056,25.5,31.5,27.7974737340423,3.82882543415055,4.30064322759737e-05,43.0064322759737,0.568888888888889
1057,26.5,31.5,27.1007270185204,3.69664869594225,3.97001324246238e-05,39.7001324246238,0.509444444444444
1058,27.5,31.5,25.7978491069916,3.48122272210941,3.46746274472973e-05,34.6746274472973,0.418888888888889
1059,28.5,31.5,24.8761314531948,3.33577908896032,3.13577071715055e-05,31.3577071715055,0.358333333333333
1060,29.5,31.5,24.1166653748858,3.22404237222502,2.87812108053852e-05,28.7812108053852,0.320555555555556
1061,30.5,31.5,27.2211025316571,3.25950846852291,3.76008272845778e-05,37.6008272845778,0.471111111111111
1062,31.5,31.5,28.5285604073111,3.39659698792743,4.16814147410646e-05,41.6814147410646,0.545555555555556
1063,32.5,31.5,26.3379681548801,3.32318588890392,3.35659001442534e-05,33.5659001442534,0.402222222222222
1064,33.5,31.5,25.8087229840803,3.34774713001904,3.14608506266768e-05,31.4608506266768,0.361666666666667
1065,34.5,31.5,28.0056143935321,3.66157833556828,3.78248984482351e-05,37.8248984482351,0.474444444444444
1066,35.5,31.5,31.0098505426141,4.35517694661498,4.89491007253256e-05,48.9491007253256,0.675
1067,36.5,31.5,30.3991270296788,4.73334940693663,4.55308154471101e-05,45.5308154471101,0.610555555555556
1068,37.5,31.5,33.3588974931246,4.93020946780294,5.86970949677726e-05,58.6970949677726,0.845555555555556
1069,38.5,31.5,33.3459890651376,5.16746639656508,5.76680357517028e-05,57.6680357517028,0.823888888888889
1070,39.5,31.5,33.3561842728485,5.29775621313136,5.67798395990963e-05,56.7798395990963,0.808888888888889
1071,40.5,31.5,34.2777086753133,5.32381086880522,6.07639684957402e-05,60.7639684957402,0.880555555555556
1072,41.5,31.5,36.1537735104364,5.34783584227169,7.09551062619452e-05,70.9551062619451,0.962777777777778
1073,42.5,31.5,37.3333690532782,5.37012629655554,7.77461928563082e-05,77.7461928563082,0.976111111111111
1074,43.5,31.5,37.5719021696468,5.38847231362932,7.81673333838724e-05,78.1673333838724,0.976666666666667
1075,44.5,31.5,39.1305881549449,5.40637273617107,8.86681400596136e-05,88.6681400596136,0.987777777777778
1076,45.5,31.5,40.7623012630954,5.48465410829051,0.000101250003303131,101.250003303131,0.995
1077,46.5,31.5,41.433257729902,5.53742745006492,0.000105900074353173,105.900074353173,0.996111111111111
1078,47.5,31.5,41.817190632279,5.66235530833333,0.000107892152851917,107.892152851917,0.998333333333333
1079,48.5,31.5,41.9228341526415,5.77324507908189,0.000107162146409613,107.162146409613,0.996666666666667
1080,49.5,31.5,39.9145688196198,5.84965134210821,8.77406409801559e-05,87.7406409801559,0.986111111111111
1081,50.5,31.5,29.6646577214813,6.17350319132522,3.38220659819483e-05,33.8220659819483,0.405
1082,51.5,31.5,25.0640720009183,6.089843946088,2.18528004926436e-05,21.8528004926436,0.227222222222222
1083,52.5,31.5,27.7263465093103,5.4886621025574,2.74274886547408e-05,27.4274886547408,0.297222222222222
1084,53.5,31.5,31.2083666279471,5.3104697351332,3.70943118327237e-05,37.0943118327237,0.458888888888889
1085,54.5,31.5,30.1169452857511,5.23259769822633,3.30285530789782e-05,33.0285530789782,0.393333333333333
1086,55.5,31.5,33.1918949562768,5.14151328045555,4.30363399812688e-05,43.0363399812688,0.569444444444444
1087,56.5,31.5,30.4249514094876,4.9890758694039,3.28801283324767e-05,32.8801283324767,0.391111111111111
1088,57.5,31.5,37.6935902416274,4.86718301407426,6.28537132031587e-05,62.8537132031587,0.911111111111111
1089,58.5,31.5,39.7721108597651,4.90200973126774,7.47655334166678e-05,74.7655334166678,0.971666666666667
1090,59.5,31.5,35.4835718314641,4.8404039334889,4.97036749672258e-05,49.7036749672258,0.687222222222222
1091,60.5,31.5,34.715775672931,4.76654885215604,4.55841991351058e-05,45.5841991351058,0.611666666666667
1092,61.5,31.5,38.2856722086505,5.11249076306275,6.2130994005702e-05,62.130994005702,0.905
1093,62.5,31.5,39.1824814251924,5.12751983681029,6.63409613353399e-05,66.3409613353399,0.94
1094,63.5,31.5,37.9842779289466,5.04407374006065,5.8496124952642e-05,58.496124952642,0.841111111111111
1095,64.5,31.5,37.1307216471707,5.01863401928662,5.32278019133927e-05,53.2278019133927,0.754444444444444
1096,65.5,31.5,35.3524021681207,5.05163206312624,4.45075682967359e-05,44.5075682967359,0.597777777777778
1097,66.5,31.5,32.8936460093601,5.07312025288659,3.49724150403743e-05,34.9724150403743,0.422777777777778
1098,67.5,31.5,27.9675024597114,5.08487224122211,2.19326173085631e-05,21.9326173085631,0.228888888888889
1099,68.5,31.5,28.7896854895348,4.75969606628432,2.32635901187e-05,23.2635901187,0.24
1100,69.5,31.5,30.3534166498702,4.31113649855346,2.64071589679552e-05,26.4071589679552,0.281666666666667
1101,20.5,32.5,26.5112341547394,3.9126803853938,4.42926485840721e-05,44.2926485840721,0.595555555555556
1102,21.5,32.5,28.2849021540283,4.5575701144913,5.12234484824951e-05,51.2234484824951,0.718888888888889
1103,22.5,32.5,29.2262160335991,4.56454037849745,5.49174550052414e-05,54.9174550052414,0.778888888888889
1104,23.5,32.5,26.2989623900789,3.75554416396506,4.13609116279722e-05,41.3609116279722,0.539444444444444
1105,24.5,32.5,23.8420020349599,3.35659896533672,3.25121305457447e-05,32.5121305457447,0.386111111111111
1106,25.5,32.5,23.3548568392788,3.38783237983474,3.05905333793198e-05,30.5905333793198,0.347777777777778
1107,26.5,32.5,23.2951104198906,3.40443019753923,2.99291974170009e-05,29.9291974170009,0.340555555555556
1108,27.5,32.5,23.3006957649564,3.38583676966485,2.94580364071105e-05,29.4580364071105,0.329444444444444
1109,28.5,32.5,23.2283567061856,3.31715511966673,2.87892759993959e-05,28.7892759993959,0.321111111111111
1110,29.5,32.5,23.2236920131451,3.26933009165733,2.83099476612578e-05,28.3099476612578,0.313333333333333
1111,30.5,32.5,23.33797154043,3.26198215785665,2.81422829533984e-05,28.1422829533984,0.307222222222222
1112,31.5,32.5,23.5144817051977,3.28096176596455,2.81347913972405e-05,28.1347913972405,0.306111111111111
1113,32.5,32.5,23.7291008036327,3.33157524656017,2.82249803869689e-05,28.2249803869689,0.31
1114,33.5,32.5,23.9211755285482,3.36025056959886,2.82574938754346e-05,28.2574938754346,0.311111111111111
1115,34.5,32.5,24.6736838169512,3.3434271634732,2.97774072171895e-05,29.7774072171895,0.336666666666667
1116,35.5,32.5,30.311139762288,4.47495510751896,4.90081750606923e-05,49.0081750606923,0.676111111111111
1117,36.5,32.5,29.6173437337649,5.01123408196255,4.52373792740191e-05,45.2373792740191,0.607222222222222
1118,37.5,32.5,32.548745113159,5.25421345299376,5.81664475732096e-05,58.1664475732096,0.834444444444444
1119,38.5,32.5,32.7328027840839,5.23402926372488,5.81922391093441e-05,58.1922391093441,0.836111111111111
1120,39.5,32.5,32.4508669325169,5.35448065111923,5.57868361521921e-05,55.7868361521921,0.792222222222222
1121,40.5,32.5,33.7221920743257,5.41358556090054,6.16396007229039e-05,61.6396007229039,0.897777777777778
1122,41.5,32.5,35.4121181085916,5.46569285388858,7.07625451071006e-05,70.7625451071006,0.961666666666667
1123,42.5,32.5,36.8926783581219,5.53268904544814,7.96955748309343e-05,79.6955748309343,0.978333333333333
1124,43.5,32.5,37.326792755762,5.40913639317434,8.15781818130981e-05,81.5781818130981,0.980555555555556
1125,44.5,32.5,39.9482900081649,5.58345067055505,0.000101968093376932,101.968093376932,0.995555555555556
1126,45.5,32.5,40.8557887925082,5.71126412545284,0.000108977605358924,108.977605358924,1
1127,46.5,32.5,40.9649632719697,5.87755085477036,0.000108272156229751,108.272156229751,0.999444444444444
1128,47.5,32.5,39.9755755269493,6.12620012501061,9.7291967237724e-05,97.291967237724,0.993333333333333
1129,48.5,32.5,39.4688605795611,6.38809048553152,9.13673981209032e-05,91.3673981209032,0.99
1130,49.5,32.5,32.621780111793,6.53330728586815,4.80713163621599e-05,48.0713163621599,0.66
1131,50.5,32.5,23.9291780089799,6.76799716964376,2.13655233165692e-05,21.3655233165692,0.22
1132,51.5,32.5,28.6839199596991,5.77395674816955,3.24733759661042e-05,32.4733759661042,0.385
1133,52.5,32.5,31.1473242144888,5.47092080239021,4.00173105220494e-05,40.0173105220494,0.515
1134,53.5,32.5,31.6824168014866,5.36558110171004,4.13419991978603e-05,41.3419991978603,0.538888888888889
1135,54.5,32.5,33.2098849859273,5.43005827215865,4.67610803576664e-05,46.7610803576664,0.632777777777778
1136,55.5,32.5,33.9263727658585,5.34514277955863,4.9116011354892e-05,49.116011354892,0.678888888888889
1137,56.5,32.5,34.6391537854535,5.16693856272852,5.15744976065809e-05,51.5744976065809,0.726666666666667
1138,57.5,32.5,36.464944467776,5.1654055109967,5.99491172004349e-05,59.9491172004349,0.863333333333333
1139,58.5,32.5,36.2966324865235,5.15147308988741,5.80749195454572e-05,58.0749195454572,0.833888888888889
1140,59.5,32.5,29.9652704223621,5.01830826855818,3.20341368157745e-05,32.0341368157745,0.376111111111111
1141,60.5,32.5,31.2530763982166,4.93691693457524,3.54508022546378e-05,35.4508022546378,0.431666666666667
1142,61.5,32.5,36.8545712342422,5.42127758964841,5.81731412139956e-05,58.1731412139956,0.835555555555556
1143,62.5,32.5,37.5749335832556,5.43976861964475,6.1121238905631e-05,61.121238905631,0.889444444444444
1144,63.5,32.5,35.2096605445124,5.38537699135413,4.84407489879446e-05,48.4407489879446,0.668888888888889
1145,64.5,32.5,32.8896981406688,5.43704689191985,3.85482456389449e-05,38.5482456389448,0.486666666666667
1146,65.5,32.5,32.0835590228024,5.46580424965931,3.522784786134e-05,35.22784786134,0.428333333333333
1147,66.5,32.5,28.594552145054,5.52009892631348,2.5193045007625e-05,25.193045007625,0.265
1148,67.5,32.5,27.6506753678636,5.45686306698498,2.27360821937196e-05,22.7360821937196,0.235555555555556
1149,68.5,32.5,27.2105293117586,5.19676925084357,2.14875336861787e-05,21.4875336861787,0.221666666666667
1150,69.5,32.5,27.2860186054861,4.34102728104878,2.12938168732386e-05,21.2938168732386,0.218333333333333
1151,20.5,33.5,23.2839840421048,3.63030519956629,3.52036430073591e-05,35.2036430073591,0.427222222222222
1152,21.5,33.5,23.2115550539911,3.56937938876813,3.44040274162401e-05,34.4040274162401,0.417222222222222
1153,22.5,33.5,23.0002254916807,3.47087373401995,3.31991018785252e-05,33.1991018785252,0.396666666666667
1154,23.5,33.5,22.813143249024,3.40060668324224,3.21069866034202e-05,32.1069866034202,0.378888888888889
1155,24.5,33.5,22.8837611858568,3.43044372313312,3.17891372511573e-05,31.7891372511573,0.367222222222222
1156,25.5,33.5,23.0511640735829,3.49497374581616,3.17535038006614e-05,31.7535038006614,0.366111111111111
1157,26.5,33.5,23.1067034012027,3.49208110416128,3.13963797273617e-05,31.3963797273617,0.360555555555556
1158,27.5,33.5,22.9865965648685,3.39753623882968,3.05503595818366e-05,30.5503595818366,0.347222222222222
1159,28.5,33.5,22.9140160760941,3.29037355369945,2.98567231031294e-05,29.8567231031294,0.338888888888889
1160,29.5,33.5,22.9804472728763,3.26740726558108,2.95506309190578e-05,29.5506309190578,0.330555555555556
1161,30.5,33.5,23.1898470637547,3.31678864256692,2.96312400262669e-05,29.6312400262669,0.333333333333333
1162,31.5,33.5,23.4364306943997,3.39317477231618,2.98128002496904e-05,29.8128002496904,0.338333333333333
1163,32.5,33.5,23.6940743442351,3.44045273332901,3.00262481369091e-05,30.0262481369091,0.342222222222222
1164,33.5,33.5,23.8561243406774,3.45773486467679,2.99786382180655e-05,29.9786382180655,0.341666666666667
1165,34.5,33.5,24.0142579036862,3.43328002899071,2.99210241398384e-05,29.9210241398384,0.34
1166,35.5,33.5,25.7108970351952,4.0952356003227,3.43599594632054e-05,34.3599594632054,0.415555555555556
1167,36.5,33.5,29.5022198603983,5.38661965247545,4.77669306431009e-05,47.7669306431009,0.655555555555556
1168,37.5,33.5,32.0533806468408,5.32003870628473,5.93306198677622e-05,59.3306198677622,0.852222222222222
1169,38.5,33.5,31.8309756223364,5.35266028704018,5.71909843606139e-05,57.1909843606139,0.812222222222222
1170,39.5,33.5,32.2939222013197,5.42403334323754,5.86906508338376e-05,58.6906508338376,0.845
1171,40.5,33.5,33.6057809942907,5.49209046533395,6.50884306574753e-05,65.0884306574753,0.933888888888889
1172,41.5,33.5,34.9095909200095,5.57155463631209,7.21301302914415e-05,72.1301302914415,0.966111111111111
1173,42.5,33.5,36.6031352649242,5.66685522909899,8.28312987505432e-05,82.8312987505432,0.981111111111111
1174,43.5,33.5,37.9525374645108,5.66967094200546,9.21793714230516e-05,92.1793714230516,0.990555555555556
1175,44.5,33.5,39.86924847164,5.87262506384965,0.000108030207053294,108.030207053294,0.998888888888889
1176,45.5,33.5,40.0004690990528,6.09497310048578,0.000107544306771043,107.544306771043,0.997777777777778
1177,46.5,33.5,34.210552733801,6.33472900073668,6.23188754044411e-05,62.3188754044411,0.907222222222222
1178,47.5,33.5,31.4695294401155,6.60439100543032,4.77148846295336e-05,47.7148846295336,0.652777777777778
1179,48.5,33.5,29.1215978009923,6.76883069644987,3.78715263369489e-05,37.8715263369489,0.476111111111111
1180,49.5,33.5,25.4522059048308,6.8822813523815,2.66400481090649e-05,26.6400481090649,0.286666666666667
1181,50.5,33.5,26.065552193262,6.3919960445943,2.77248323073271e-05,27.7248323073271,0.300555555555556
1182,51.5,33.5,27.6956698310649,5.85685440823828,3.16641413224861e-05,31.6641413224861,0.365
1183,52.5,33.5,30.7817531661561,5.70461325818054,4.1301783913855e-05,41.301783913855,0.536666666666667
1184,53.5,33.5,33.7005315362036,5.60123790043158,5.30540996452694e-05,53.0540996452694,0.751666666666667
1185,54.5,33.5,34.6750842027886,5.55853971819575,5.70546005242187e-05,57.0546005242187,0.811111111111111
1186,55.5,33.5,35.5989961147854,5.54337969074265,6.10726048810514e-05,61.0726048810514,0.887222222222222
1187,56.5,33.5,35.2247914780745,5.45501613048386,5.80626506344323e-05,58.0626506344323,0.833333333333333
1188,57.5,33.5,34.1981755233747,5.42390807579363,5.20044978425006e-05,52.0044978425006,0.735
1189,58.5,33.5,32.1770217678328,5.21880196417613,4.25354050093525e-05,42.5354050093525,0.559444444444444
1190,59.5,33.5,27.474326421927,5.07151681747209,2.7228194322307e-05,27.228194322307,0.292777777777778
1191,60.5,33.5,31.4584100604254,5.35588455927448,3.85447432755968e-05,38.5447432755968,0.486111111111111
1192,61.5,33.5,33.4779729753456,5.51468954910231,4.56003780490711e-05,45.6003780490711,0.612222222222222
1193,62.5,33.5,31.7908779289235,5.65271263951791,3.84469030712043e-05,38.4469030712043,0.484444444444444
1194,63.5,33.5,27.5044191786834,5.68467113471991,2.55629194916697e-05,25.5629194916697,0.271666666666667
1195,64.5,33.5,23.5352191013671,5.72179914891773,1.74964606558647e-05,17.4964606558647,0.181666666666667
1196,65.5,33.5,25.5260617658165,5.92426320866676,2.06444832803334e-05,20.6444832803334,0.211666666666667
1197,66.5,33.5,23.9569630745876,6.27688150680501,1.75927215377431e-05,17.5927215377431,0.184444444444444
1198,67.5,33.5,19.7259324092334,6.44372794126013,1.17558060520837e-05,11.7558060520837,0.127222222222222
1199,68.5,33.5,24.3491900698901,5.66674251823165,1.76522528665958e-05,17.6522528665958,0.186666666666667
1200,69.5,33.5,23.5906606381632,4.72478194615193,1.62100491555396e-05,16.2100491555396,0.171111111111111
1201,20.5,34.5,22.9751362297038,3.75496298797875,3.65244568953022e-05,36.5244568953022,0.452222222222222
1202,21.5,34.5,22.8208602225861,3.67760008805462,3.54291387575344e-05,35.4291387575344,0.431111111111111
1203,22.5,34.5,22.6390537816304,3.57187580018487,3.42808028205041e-05,34.2808028205041,0.414444444444444
1204,23.5,34.5,22.5908794394593,3.50979644025619,3.35765110045782e-05,33.5765110045782,0.402777777777778
1205,24.5,34.5,22.8762286941619,3.59710070304632,3.3901951330608e-05,33.901951330608,0.407222222222222
1206,25.5,34.5,23.1753339798966,3.67130308961054,3.4273832564261e-05,34.273832564261,0.413333333333333
1207,26.5,34.5,22.9133895707261,3.53181791275535,3.2921517484418e-05,32.921517484418,0.391666666666667
1208,27.5,34.5,22.5887026754688,3.33336101356333,3.14426944916388e-05,31.4426944916388,0.361111111111111
1209,28.5,34.5,22.6329896257648,3.29096395613104,3.10577326799717e-05,31.0577326799717,0.355555555555556
1210,29.5,34.5,22.9235933236934,3.3837652289036,3.13737344722447e-05,31.3737344722447,0.358888888888889
1211,30.5,34.5,23.2898733295621,3.52657897676624,3.19120902676083e-05,31.9120902676083,0.371666666666667
1212,31.5,34.5,23.580265879222,3.60206941192445,3.22364448827922e-05,32.2364448827922,0.381666666666667
1213,32.5,34.5,23.9490239302984,3.66264880274794,3.27983941421692e-05,32.7983941421692,0.388888888888889
1214,33.5,34.5,24.2843257794009,3.66884477436703,3.32691805063616e-05,33.2691805063616,0.397777777777778
1215,34.5,34.5,24.0121070737229,3.52492475726103,3.19265852992154e-05,31.9265852992154,0.372777777777778
1216,35.5,34.5,24.2512377160737,3.58298355743208,3.21006357645945e-05,32.1006357645945,0.378333333333333
1217,36.5,34.5,26.6811417700724,5.17041547712411,3.93993883384964e-05,39.3993883384964,0.503888888888889
1218,37.5,34.5,29.8324130677953,5.33489339521612,5.16902122554217e-05,51.6902122554217,0.73
1219,38.5,34.5,31.8690429720949,5.47536667054885,6.12481539919977e-05,61.2481539919977,0.890555555555556
1220,39.5,34.5,33.1213625556315,5.55478315693386,6.7555748626556e-05,67.555748626556,0.946666666666667
1221,40.5,34.5,34.5533749262492,5.62906431325695,7.5746860926012e-05,75.746860926012,0.973888888888889
1222,41.5,34.5,35.4751436689452,5.73146459134878,8.10605499805803e-05,81.0605499805803,0.98
1223,42.5,34.5,36.4846793744476,5.88036270222675,8.74435258166323e-05,87.4435258166323,0.985555555555556
1224,43.5,34.5,37.253749034565,5.84745343528152,9.22872574914198e-05,92.2872574914198,0.991666666666667
1225,44.5,34.5,39.1038521531425,6.25464206194674,0.000107489179073687,107.489179073687,0.997222222222222
1226,45.5,34.5,37.6064472665083,6.58053692673715,9.22030115137898e-05,92.2030115137898,0.991111111111111
1227,46.5,34.5,29.2349802983854,6.73305140126792,4.22023191709279e-05,42.2023191709279,0.552777777777778
1228,47.5,34.5,28.1815771950535,6.95872446872497,3.77016911395912e-05,37.7016911395912,0.472777777777778
1229,48.5,34.5,27.1746633680913,6.97820784609988,3.38279546176513e-05,33.8279546176513,0.405555555555556
1230,49.5,34.5,27.3665974634335,6.57817204331992,3.38738269721464e-05,33.8738269721464,0.406666666666667
1231,50.5,34.5,28.8565582445547,6.09400229270927,3.81934706493848e-05,38.1934706493848,0.481111111111111
1232,51.5,34.5,32.9532470850981,5.90907303003202,5.46396229575022e-05,54.6396229575022,0.773888888888889
1233,52.5,34.5,33.9075188214419,5.87635715649216,5.86505764888778e-05,58.6505764888778,0.843888888888889
1234,53.5,34.5,35.5696941028633,5.72786734297291,6.71674003451559e-05,67.1674003451559,0.944444444444444
1235,54.5,34.5,35.0006910676286,5.59877721728808,6.27316149505467e-05,62.7316149505467,0.910555555555556
1236,55.5,34.5,36.155377819087,5.67086942368773,6.85776182159355e-05,68.5776182159355,0.952222222222222
1237,56.5,34.5,36.0181997524372,5.62898847172133,6.66238986959595e-05,66.6238986959595,0.942777777777778
1238,57.5,34.5,34.5361024610786,5.56094004793268,5.72406337194405e-05,57.2406337194405,0.813888888888889
1239,58.5,34.5,31.3313259614864,5.47914283194994,4.20155240627643e-05,42.0155240627643,0.550555555555556
1240,59.5,34.5,32.1082786632048,5.56945750001195,4.43720697072854e-05,44.3720697072854,0.596111111111111
1241,60.5,34.5,31.5847668604742,5.59687623983281,4.16110596552861e-05,41.6110596552861,0.542777777777778
1242,61.5,34.5,31.0939031258701,5.64739680622478,3.91379950863192e-05,39.1379950863192,0.5
1243,62.5,34.5,27.5588772206919,5.33119529875313,2.78771256428592e-05,27.8771256428592,0.303333333333333
1244,63.5,34.5,22.6607131059961,5.12034790854916,1.75296071090579e-05,17.5296071090579,0.183333333333333
1245,64.5,34.5,20.2283596388341,5.37452234250833,1.38057741536082e-05,13.8057741536082,0.15
1246,65.5,34.5,19.0984627202197,6.03893119907365,1.22448359836361e-05,12.2448359836361,0.133888888888889
1247,66.5,34.5,17.5418911497722,7.15538282689926,1.04426685834894e-05,10.4426685834894,0.103888888888889
1248,67.5,34.5,16.6778633784484,6.84620022867153,9.49444563548648e-06,9.49444563548648,0.0894444444444444
1249,68.5,34.5,18.5750911505163,6.52658348510279,1.11102164335251e-05,11.1102164335251,0.115
1250,69.5,34.5,24.1024360977902,5.67609429106341,1.81204525607551e-05,18.1204525607551,0.191111111111111
1251,20.5,35.5,22.7467398996774,3.82229490306109,3.81755742776688e-05,38.1755742776688,0.480555555555556
1252,21.5,35.5,22.5925095854243,3.76307213931055,3.70305564851574e-05,37.0305564851574,0.457777777777778
1253,22.5,35.5,22.4981074588304,3.71990604873821,3.61165216022185e-05,36.1165216022185,0.445
1254,23.5,35.5,22.8390393074744,3.7367267177936,3.66535934206861e-05,36.6535934206861,0.454444444444444
1255,24.5,35.5,22.9671204087392,3.93500547117036,3.6478708339224e-05,36.478708339224,0.450555555555556
1256,25.5,35.5,24.3931754782809,3.95067289221247,4.08806889822524e-05,40.8806889822524,0.528888888888889
1257,26.5,35.5,22.3775847531104,3.4209832555774,3.3459536442744e-05,33.459536442744,0.401111111111111
1258,27.5,35.5,22.3826505955754,3.35242666285906,3.29320672055383e-05,32.9320672055383,0.392777777777778
1259,28.5,35.5,22.9643077079549,3.52805985707228,3.4162449726391e-05,34.162449726391,0.410555555555556
1260,29.5,35.5,23.3712997756475,3.70362754253251,3.48776075448581e-05,34.8776075448581,0.421111111111111
1261,30.5,35.5,23.8080108830186,3.90273120698218,3.57041526581588e-05,35.7041526581588,0.437222222222222
1262,31.5,35.5,24.0006922026089,3.85767292813492,3.57485956760423e-05,35.7485956760423,0.438333333333333
1263,32.5,35.5,24.4165718801171,3.95088533769001,3.65281342044732e-05,36.5281342044732,0.452777777777778
1264,33.5,35.5,27.1660711840127,4.4633382949786,4.61874363670233e-05,46.1874363670233,0.621666666666667
1265,34.5,35.5,24.2583388048473,3.72174509089751,3.48468516807529e-05,34.8468516807529,0.420555555555556
1266,35.5,35.5,24.2698316317166,3.57134759178827,3.43190825468584e-05,34.3190825468584,0.415
1267,36.5,35.5,28.5620876981973,5.02805963936267,4.99408344136906e-05,49.9408344136906,0.692777777777778
1268,37.5,35.5,31.7774812621043,5.53110533407497,6.58939099252831e-05,65.8939099252831,0.938333333333333
1269,38.5,35.5,31.9145866130568,5.62749874423355,6.56369973276775e-05,65.6369973276775,0.936666666666667
1270,39.5,35.5,33.1690849109562,5.74032846349802,7.24097668924321e-05,72.4097668924321,0.966666666666667
1271,40.5,35.5,35.227438205957,5.93129396566201,8.59672314954077e-05,85.9672314954077,0.984444444444444
1272,41.5,35.5,35.7285216926907,6.11088551342326,8.85246397001279e-05,88.5246397001279,0.987222222222222
1273,42.5,35.5,36.3772633001483,6.27813707994132,9.23971470944318e-05,92.3971470944318,0.992222222222222
1274,43.5,35.5,37.5035692928313,6.45516139366367,0.000100740717887977,100.740717887977,0.994444444444444
1275,44.5,35.5,36.7453407325653,6.71520463858395,9.24564687526263e-05,92.4564687526263,0.992777777777778
1276,45.5,35.5,32.8696877484037,7.00526130808328,6.38167018104265e-05,63.8167018104265,0.922222222222222
1277,46.5,35.5,27.4864248661638,7.27375831402274,3.83795651974568e-05,38.3795651974568,0.483333333333333
1278,47.5,35.5,26.6402339545059,7.14199798483989,3.4948388274423e-05,34.948388274423,0.422222222222222
1279,48.5,35.5,27.360517727494,6.94180600193294,3.6723297723861e-05,36.723297723861,0.456111111111111
1280,49.5,35.5,26.4301098375009,6.53993202036255,3.31883417564353e-05,33.1883417564353,0.396111111111111
1281,50.5,35.5,29.9016142575013,6.31579549550486,4.48435052609001e-05,44.8435052609001,0.602222222222222
1282,51.5,35.5,31.4002255715959,6.20992350000839,5.05923322024006e-05,50.5923322024006,0.704444444444444
1283,52.5,35.5,28.2296604869599,6.11438852064447,3.72521117420197e-05,37.2521117420197,0.462222222222222
1284,53.5,35.5,29.8800136773646,5.90922694841519,4.26167553127444e-05,42.6167553127444,0.561111111111111
1285,54.5,35.5,32.1538187576713,5.788089253187,5.16102346657795e-05,51.6102346657796,0.728333333333333
1286,55.5,35.5,34.0351990692375,5.71706944010292,6.02983171194093e-05,60.2983171194093,0.869444444444444
1287,56.5,35.5,34.5483606413399,5.82327179007777,6.21629907743093e-05,62.1629907743093,0.905555555555556
1288,57.5,35.5,31.953383393384,5.82222694785927,4.82416412740583e-05,48.2416412740583,0.663888888888889
1289,58.5,35.5,30.0860353481483,5.78355367752998,4.00128656366059e-05,40.0128656366059,0.514444444444444
1290,59.5,35.5,27.514430297074,5.64182379335255,3.11206272409945e-05,31.1206272409945,0.356111111111111
1291,60.5,35.5,26.9963710356855,5.74561970214673,2.91975944327244e-05,29.1975944327244,0.326111111111111
1292,61.5,35.5,30.0542855147016,6.06234003868684,3.79775734855346e-05,37.9775734855346,0.478888888888889
1293,62.5,35.5,30.1504179539682,6.04075719652359,3.76903655861429e-05,37.6903655861429,0.472222222222222
1294,63.5,35.5,28.3252061974034,5.71435292957274,3.13865411555543e-05,31.3865411555543,0.36
1295,64.5,35.5,22.505271212575,5.13058611101679,1.81453356807109e-05,18.1453356807109,0.191666666666667
1296,65.5,35.5,18.0298889873746,5.54098972131809,1.18558518357552e-05,11.8558518357552,0.128888888888889
1297,66.5,35.5,15.4708614666893,6.01447171717671,9.22880751019202e-06,9.22880751019202,0.0822222222222222
1298,67.5,35.5,15.6494422670937,5.38623941281017,9.23111634650448e-06,9.23111634650448,0.0827777777777778
1299,68.5,35.5,18.1696434081593,5.33242308868297,1.1433368566362e-05,11.433368566362,0.122777777777778
1300,69.5,35.5,17.5478305410651,5.95820274089179,1.06228348243739e-05,10.6228348243739,0.107777777777778
1301,20.5,36.5,22.6008227514727,3.8552949990023,4.02039268995788e-05,40.2039268995788,0.517777777777778
1302,21.5,36.5,22.5355279289611,3.7998624239733,3.93162507406255e-05,39.3162507406255,0.502222222222222
1303,22.5,36.5,22.6982828600311,3.95124597220144,3.92537784950196e-05,39.2537784950196,0.501111111111111
1304,23.5,36.5,23.2710912642417,4.01776873640899,4.06896761264706e-05,40.6896761264706,0.524444444444444
1305,24.5,36.5,22.4242328384929,3.64045254136897,3.70543114684487e-05,37.0543114684487,0.458333333333333
1306,25.5,36.5,22.0432437949327,3.35719425241552,3.5209728609459e-05,35.209728609459,0.427777777777778
1307,26.5,36.5,22.1572336318578,3.32459716663213,3.50007202724149e-05,35.0007202724149,0.423333333333333
1308,27.5,36.5,22.5470999340678,3.51560872828058,3.56772655919724e-05,35.6772655919724,0.436666666666667
1309,28.5,36.5,23.844161914346,4.00592325807628,3.95044903360989e-05,39.5044903360989,0.506666666666667
1310,29.5,36.5,24.9413633770736,4.84287851551321,4.29430542225387e-05,42.9430542225387,0.567222222222222
1311,30.5,36.5,24.6976922508237,4.82416919222692,4.13151035440317e-05,41.3151035440317,0.537222222222222
1312,31.5,36.5,25.3048942780189,4.39585913269401,4.29719737368581e-05,42.9719737368581,0.568333333333333
1313,32.5,36.5,23.6532857248692,4.82409332856951,3.63431819756984e-05,36.3431819756984,0.448333333333333
1314,33.5,36.5,25.5184876459771,5.12808441638956,4.23904348014565e-05,42.3904348014565,0.556666666666667
1315,34.5,36.5,24.4219916689455,4.12452451487136,3.77443460753958e-05,37.7443460753958,0.473333333333333
1316,35.5,36.5,25.1125730723465,3.8633916608644,3.95549588350968e-05,39.5549588350967,0.508333333333333
1317,36.5,36.5,28.4976324737564,5.19717836003577,5.29836631493313e-05,52.9836631493313,0.748888888888889
1318,37.5,36.5,31.8954623668708,6.09429301875148,7.10699056987156e-05,71.0699056987156,0.963888888888889
1319,38.5,36.5,33.3673822280791,6.23208364947197,7.9975696139279e-05,79.975696139279,0.978888888888889
1320,39.5,36.5,34.137956818869,6.33108389658087,8.44117454810138e-05,84.4117454810138,0.983333333333333
1321,40.5,36.5,34.2541645444898,6.50383402181449,8.39189675652845e-05,83.9189675652845,0.982777777777778
1322,41.5,36.5,34.6276073423088,6.66249239509389,8.5414179966581e-05,85.414179966581,0.983888888888889
1323,42.5,36.5,35.307913752459,6.85118625106456,8.94071908850796e-05,89.4071908850796,0.988333333333333
1324,43.5,36.5,35.2965826049574,7.02831972049138,8.78550643462802e-05,87.8550643462802,0.986666666666667
1325,44.5,36.5,32.0069022455578,7.13800190881966,6.3982372068772e-05,63.982372068772,0.924444444444444
1326,45.5,36.5,26.9038223191946,7.1353924344973,3.94826080957844e-05,39.4826080957844,0.506111111111111
1327,46.5,36.5,26.6127158495958,7.17990358941528,3.78203193461319e-05,37.8203193461319,0.473888888888889
1328,47.5,36.5,24.5740830242929,7.05641826965086,3.08832648248424e-05,30.8832648248424,0.354444444444444
1329,48.5,36.5,25.5228087361848,6.6387580145595,3.31399756093807e-05,33.1399756093807,0.395555555555556
1330,49.5,36.5,24.1260773451147,5.94101028235589,2.87046945351695e-05,28.7046945351695,0.318888888888889
1331,50.5,36.5,23.5810737466855,5.92517798619739,2.68663406765049e-05,26.8663406765049,0.289444444444444
1332,51.5,36.5,19.3763849919172,5.33022632710413,1.80028237836947e-05,18.0028237836947,0.189444444444444
1333,52.5,36.5,21.3956563771188,4.78077487268124,2.13053084983455e-05,21.3053084983455,0.218888888888889
1334,53.5,36.5,23.3895706600209,5.12873835184049,2.51438402848547e-05,25.1438402848547,0.263333333333333
1335,54.5,36.5,24.542148576999,5.44917339047017,2.74782659430957e-05,27.4782659430957,0.297777777777778
1336,55.5,36.5,27.1770934401723,5.78129124709284,3.43857645169363e-05,34.3857645169363,0.416666666666667
1337,56.5,36.5,31.4298340117163,5.98990394654503,4.98889606264682e-05,49.8889606264682,0.691111111111111
1338,57.5,36.5,30.1911188413567,6.00752545643556,4.38247778136482e-05,43.8247778136482,0.585555555555556
1339,58.5,36.5,27.9174070189817,5.74914450905567,3.50281509234657e-05,35.0281509234657,0.424444444444444
1340,59.5,36.5,25.6419813763551,5.80569043118807,2.7988366106224e-05,27.988366106224,0.304444444444444
1341,60.5,36.5,29.3348525566375,6.21802095684608,3.85778243302329e-05,38.5778243302329,0.487222222222222
1342,61.5,36.5,32.7813289125806,6.36921550075037,5.19967245246961e-05,51.9967245246961,0.734444444444444
1343,62.5,36.5,32.4721913741889,6.30533956279329,4.97282867691839e-05,49.7282867691839,0.687777777777778
1344,63.5,36.5,30.8891809492345,6.17844700402715,4.2333641365345e-05,42.333641365345,0.555
1345,64.5,36.5,30.5029776731097,6.10338138338743,4.02028556551071e-05,40.2028556551071,0.517222222222222
1346,65.5,36.5,29.9259986778062,5.97926743230729,3.75203756463341e-05,37.5203756463341,0.468888888888889
1347,66.5,36.5,28.8783884868944,5.72865697051625,3.35448740496981e-05,33.5448740496981,0.401666666666667
1348,67.5,36.5,26.4085035784633,5.47475419264446,2.63352038939506e-05,26.3352038939506,0.280555555555556
1349,68.5,36.5,28.796647751857,5.87687394146193,3.22192417549397e-05,32.2192417549397,0.380555555555556
1350,69.5,36.5,24.1073633766732,5.6509670415927,2.06506210488066e-05,20.6506210488066,0.212222222222222
1351,20.5,37.5,22.3645221915265,3.82380217653986,4.19931320366673e-05,41.9931320366673,0.547777777777778
1352,21.5,37.5,24.0330846643248,4.35414303858355,4.81026501371639e-05,48.1026501371639,0.661111111111111
1353,22.5,37.5,25.2087585766989,5.48977427548936,5.26580078361488e-05,52.6580078361488,0.746111111111111
1354,23.5,37.5,24.6136945859497,4.44946894670849,4.90860456204347e-05,49.0860456204347,0.677777777777778
1355,24.5,37.5,22.8228060851665,3.86788382577467,4.10099691593917e-05,41.0099691593917,0.530555555555556
1356,25.5,37.5,21.7023964368156,3.46108477246437,3.64244794014585e-05,36.4244794014585,0.45
1357,26.5,37.5,22.1246287526101,3.49670041939181,3.72414544124847e-05,37.2414544124847,0.461111111111111
1358,27.5,37.5,25.5503587513113,4.6754836915552,5.00744162816076e-05,50.0744162816076,0.696666666666667
1359,28.5,37.5,27.5898628260314,5.99935401531868,5.93136800127689e-05,59.3136800127689,0.851666666666667
1360,29.5,37.5,24.9300593693566,5.94953412680114,4.57596653529162e-05,45.7596653529162,0.615555555555556
1361,30.5,37.5,25.0318111798287,5.9106135852525,4.54373309488338e-05,45.4373309488338,0.608333333333333
1362,31.5,37.5,24.3036477144314,5.88010590791332,4.18217423089725e-05,41.8217423089725,0.547222222222222
1363,32.5,37.5,23.4074567503207,5.9083609130251,3.79061454817782e-05,37.9061454817782,0.476666666666667
1364,33.5,37.5,25.1541035211379,5.91631955745973,4.37435630916044e-05,43.7435630916044,0.583888888888889
1365,34.5,37.5,22.271549475846,5.84015559440704,3.30679351454111e-05,33.0679351454111,0.393888888888889
1366,35.5,37.5,26.6255738344046,5.70846044010346,4.84314470581673e-05,48.4314470581673,0.667777777777778
1367,36.5,37.5,27.2327203023447,5.96761185125817,5.03559484046455e-05,50.3559484046455,0.701666666666667
1368,37.5,37.5,28.8354595874889,6.71376437778152,5.73299626285372e-05,57.3299626285372,0.816666666666667
1369,38.5,37.5,31.573314753644,6.92258968505711,7.24240041590619e-05,72.4240041590619,0.967222222222222
1370,39.5,37.5,31.6762728692919,7.06906153054411,7.19150329558884e-05,71.9150329558884,0.965
1371,40.5,37.5,31.6928426547674,7.12057643760349,7.08514890984323e-05,70.8514890984323,0.962222222222222
1372,41.5,37.5,31.4114507410241,7.15903913056896,6.79290018800269e-05,67.9290018800269,0.948888888888889
1373,42.5,37.5,29.9750851010531,7.26045663237126,5.86013311929162e-05,58.6013311929162,0.842777777777778
1374,43.5,37.5,23.5391417161712,7.33581978587776,3.20136613361793e-05,32.0136613361793,0.375
1375,44.5,37.5,22.5591656480906,7.17813104166333,2.87977323622339e-05,28.7977323622339,0.321666666666667
1376,45.5,37.5,24.4778750115784,6.1571305451746,3.37767424258881e-05,33.7767424258881,0.404444444444444
1377,46.5,37.5,24.8192308240234,6.76158027187949,3.42701677258302e-05,34.2701677258302,0.412777777777778
1378,47.5,37.5,24.8597347269459,6.63795251699168,3.38402768315271e-05,33.8402768315271,0.406111111111111
1379,48.5,37.5,23.3148067882546,6.0940823971575,2.89147235245895e-05,28.9147235245895,0.322777777777778
1380,49.5,37.5,22.807907199387,4.90936077962326,2.71733735469603e-05,27.1733735469603,0.291111111111111
1381,50.5,37.5,22.7374738768862,4.74881439077432,2.65623388098943e-05,26.5623388098943,0.285555555555556
1382,51.5,37.5,22.9294695803892,4.89102222216898,2.65912189203739e-05,26.5912189203739,0.286111111111111
1383,52.5,37.5,23.2998348870655,4.90268259870935,2.70594032904864e-05,27.0594032904864,0.29
1384,53.5,37.5,24.2796716029557,4.68437886087671,2.91164354849963e-05,29.1164354849963,0.323888888888889
1385,54.5,37.5,29.7678298037606,5.67173820782452,4.72743941892921e-05,47.2743941892921,0.641666666666667
1386,55.5,37.5,28.216285894144,6.12896301803077,4.03486267151786e-05,40.3486267151786,0.521111111111111
1387,56.5,37.5,26.5948103245308,6.13578792825095,3.42258998247445e-05,34.2258998247445,0.411666666666667
1388,57.5,37.5,25.8550597078268,5.92205082423801,3.14720129493723e-05,31.4720129493723,0.362222222222222
1389,58.5,37.5,23.8282140349324,5.58133910700954,2.57298969573077e-05,25.7298969573077,0.275
1390,59.5,37.5,28.4780721407498,6.11941283440583,3.87037315218175e-05,38.7037315218175,0.489444444444444
1391,60.5,37.5,33.3386805772266,6.40332306381934,5.93591910943701e-05,59.3591910943701,0.853333333333333
1392,61.5,37.5,33.3196684500059,6.26409046180542,5.8297096212566e-05,58.297096212566,0.837222222222222
1393,62.5,37.5,32.9409490616353,6.2478500074895,5.53990498790746e-05,55.3990498790746,0.786111111111111
1394,63.5,37.5,33.158119774301,6.42611691560069,5.55860116821682e-05,55.5860116821682,0.788888888888889
1395,64.5,37.5,33.7896439384696,6.45681370949019,5.79304012198751e-05,57.9304012198751,0.828888888888889
1396,65.5,37.5,34.2922292694323,6.43421024640393,5.96680380345254e-05,59.6680380345254,0.857222222222222
1397,66.5,37.5,33.1772048324593,6.16921112967817,5.30186023937925e-05,53.0186023937925,0.751111111111111
1398,67.5,37.5,33.9322449818305,6.09548633983847,5.58849018581329e-05,55.8849018581329,0.794444444444444
1399,68.5,37.5,33.0082082775076,6.1695168342134,5.05227250398946e-05,50.5227250398946,0.703888888888889
1400,69.5,37.5,31.0134485810484,6.13082983100628,4.14197489614047e-05,41.4197489614047,0.540555555555556
1401,20.5,38.5,21.9580877425029,3.80388527507233,4.31850087353197e-05,43.1850087353197,0.572777777777778
1402,21.5,38.5,24.7421108714385,4.93954517134746,5.47599190669302e-05,54.7599190669302,0.776666666666667
1403,22.5,38.5,24.0172080700363,5.27539731996906,5.0408188973708e-05,50.408188973708,0.703333333333333
1404,23.5,38.5,26.4462520706258,5.25500881409416,6.19149840849184e-05,61.9149840849184,0.902222222222222
1405,24.5,38.5,23.4516189029581,4.18248762362075,4.63509953797904e-05,46.3509953797904,0.626666666666667
1406,25.5,38.5,21.7103467202729,3.59685307731191,3.8900984316922e-05,38.900984316922,0.495
1407,26.5,38.5,23.4221931368563,4.07581187964718,4.4738407306793e-05,44.738407306793,0.601111111111111
1408,27.5,38.5,28.1266782153197,5.83812878585953,6.75919018252442e-05,67.5919018252442,0.947222222222222
1409,28.5,38.5,27.448058330993,6.10550399553678,6.24863181801567e-05,62.4863181801567,0.908888888888889
1410,29.5,38.5,26.4393563766858,6.241043344467,5.60535853881292e-05,56.0535853881292,0.797777777777778
1411,30.5,38.5,23.457670613186,6.07663819204766,4.19934169921536e-05,41.9934169921536,0.548333333333333
1412,31.5,38.5,23.5390343849685,6.071665380416,4.1619278414737e-05,41.619278414737,0.543333333333333
1413,32.5,38.5,24.9938487759356,6.08396627373101,4.67644121154031e-05,46.7644121154031,0.633333333333333
1414,33.5,38.5,25.3690592440645,5.87154403537601,4.7614249420625e-05,47.614249420625,0.649444444444444
1415,34.5,38.5,23.9924572811207,6.12880208570078,4.1297804356864e-05,41.297804356864,0.536111111111111
1416,35.5,38.5,22.8202287281525,6.22916809757207,3.64974798007286e-05,36.4974798007286,0.451666666666667
1417,36.5,38.5,21.3268906298458,6.48171233245768,3.13199274700194e-05,31.3199274700194,0.357777777777778
1418,37.5,38.5,23.2360645550636,6.5985100125271,3.66819137545803e-05,36.6819137545803,0.455555555555556
1419,38.5,38.5,26.298156074139,6.86153404119479,4.77320072972548e-05,47.7320072972548,0.653888888888889
1420,39.5,38.5,27.4561925244037,7.16353459990686,5.21900970049251e-05,52.1900970049251,0.738333333333333
1421,40.5,38.5,28.5092370766123,7.4614184503474,5.65197654590402e-05,56.5197654590402,0.805555555555556
1422,41.5,38.5,26.7874437102612,7.39299132205371,4.75074190969411e-05,47.5074190969411,0.648333333333333
1423,42.5,38.5,22.1741343431695,7.10904305901815,3.06624872859494e-05,30.6624872859494,0.352222222222222
1424,43.5,38.5,19.7846321387612,6.8387445145028,2.42500053682328e-05,24.2500053682328,0.254444444444444
1425,44.5,38.5,19.7596413604731,6.44492217658138,2.38061622112616e-05,23.8061622112616,0.247777777777778
1426,45.5,38.5,25.5804208059113,6.46822180824556,3.98648670421628e-05,39.8648670421628,0.512777777777778
1427,46.5,38.5,22.5696025938799,6.24586792875239,2.97868521888344e-05,29.7868521888344,0.337222222222222
1428,47.5,38.5,21.4482944981542,5.99363020917283,2.64520254416954e-05,26.4520254416955,0.282222222222222
1429,48.5,38.5,20.8812681751491,5.63346488646723,2.47124635585595e-05,24.7124635585595,0.258333333333333
1430,49.5,38.5,22.5267760011016,5.07421670911773,2.82638258202397e-05,28.2638258202397,0.311666666666667
1431,50.5,38.5,22.4625681695224,5.08891993907121,2.76415450566413e-05,27.6415450566413,0.298333333333333
1432,51.5,38.5,22.5477174155851,5.08172009372376,2.74047836935361e-05,27.4047836935361,0.296111111111111
1433,52.5,38.5,23.0609461487074,5.18989750260277,2.82523982850719e-05,28.2523982850719,0.310555555555556
1434,53.5,38.5,24.5383297536891,5.05800081734585,3.18129297256764e-05,31.8129297256764,0.368888888888889
1435,54.5,38.5,30.860415152786,6.20304628925655,5.57384468219947e-05,55.7384468219947,0.791666666666667
1436,55.5,38.5,31.3769948656124,6.60297831515045,5.74715293993075e-05,57.4715293993075,0.820555555555556
1437,56.5,38.5,28.9867426454983,6.48644904825113,4.54457932370826e-05,45.4457932370826,0.609444444444444
1438,57.5,38.5,28.7612179574253,6.33742353823202,4.37984189107647e-05,43.7984189107647,0.584444444444444
1439,58.5,38.5,32.5711562405973,6.5451304114422,6.10252909069245e-05,61.0252909069245,0.884444444444444
1440,59.5,38.5,33.5409977530294,6.61557853526657,6.55948520955313e-05,65.5948520955313,0.936111111111111
1441,60.5,38.5,33.4684899132957,6.57324152399415,6.41038662586112e-05,64.1038662586112,0.926111111111111
1442,61.5,38.5,33.1771749841135,6.50082431891418,6.14074378723603e-05,61.4074378723603,0.892777777777778
1443,62.5,38.5,33.2121767728085,6.46164480552807,6.06040629391216e-05,60.6040629391216,0.876111111111111
1444,63.5,38.5,33.3966033514762,6.37204484857428,6.0635107013359e-05,60.635107013359,0.877222222222222
1445,64.5,38.5,33.7513255660939,6.40238119156313,6.1613964479355e-05,61.6139644793549,0.896666666666667
1446,65.5,38.5,33.1507064219669,6.28150322007525,5.73786671762268e-05,57.3786671762268,0.818333333333333
1447,66.5,38.5,27.9461865975936,5.83363419401944,3.50887270135412e-05,35.0887270135412,0.425555555555556
1448,67.5,38.5,22.8500888655761,5.85432561442999,2.16663179721341e-05,21.6663179721341,0.223333333333333
1449,68.5,38.5,25.5266510589799,5.83089828209875,2.72210135828133e-05,27.2210135828133,0.292222222222222
1450,69.5,38.5,24.9087371807993,5.83838953449514,2.5308184782945e-05,25.308184782945,0.267222222222222
1451,20.5,39.5,23.5317409400004,4.59021687866195,5.3198476947222e-05,53.198476947222,0.753333333333333
1452,21.5,39.5,23.7920090090836,5.58968598588601,5.35664206719126e-05,53.5664206719126,0.757777777777778
1453,22.5,39.5,26.5549813584582,5.70913911810864,6.78281553381207e-05,67.8281553381207,0.948333333333333
1454,23.5,39.5,22.6398879429454,4.35532560131827,4.66877094126616e-05,46.6877094126616,0.630555555555556
1455,24.5,39.5,21.9054342658445,4.07715032870491,4.29533055778372e-05,42.9533055778372,0.567777777777778
1456,25.5,39.5,21.6380062211134,3.84827875201413,4.12397237027933e-05,41.2397237027933,0.535
1457,26.5,39.5,23.6765185118721,4.52410351834939,4.88604679142252e-05,48.8604679142252,0.673333333333333
1458,27.5,39.5,25.638434615034,5.55612699156198,5.74752999689215e-05,57.4752999689215,0.821111111111111
1459,28.5,39.5,24.7619879009127,5.73076938053696,5.21843466934538e-05,52.1843466934538,0.737777777777778
1460,29.5,39.5,23.3472035753786,6.06587243402501,4.51022021996369e-05,45.1022021996369,0.605555555555556
1461,30.5,39.5,23.226582583031,6.15134944506259,4.38808038381529e-05,43.8808038381529,0.587777777777778
1462,31.5,39.5,25.1643048754367,6.26209988676984,5.15276346392992e-05,51.5276346392992,0.725
1463,32.5,39.5,25.6547349736384,6.29224501280525,5.30128820053118e-05,53.0128820053118,0.750555555555556
1464,33.5,39.5,25.4002552433622,6.21678333883522,5.09542957028727e-05,50.9542957028727,0.711111111111111
1465,34.5,39.5,25.0894389663359,6.20413244718454,4.87225982864279e-05,48.7225982864279,0.672222222222222
1466,35.5,39.5,23.730438056812,6.19121593789797,4.23329316796913e-05,42.3329316796913,0.554444444444444
1467,36.5,39.5,21.6629256345308,6.16419343218828,3.44753727372321e-05,34.4753727372321,0.417777777777778
1468,37.5,39.5,21.6654333049664,6.35949013668466,3.3919433342503e-05,33.919433342503,0.408333333333333
1469,38.5,39.5,22.4740791477141,6.85864869861427,3.5918369894056e-05,35.918369894056,0.44
1470,39.5,39.5,21.349549735512,7.19799234903724,3.1878158074607e-05,31.878158074607,0.371111111111111
1471,40.5,39.5,21.0846483076917,7.26917311851016,3.06088339482903e-05,30.6088339482903,0.348888888888889
1472,41.5,39.5,19.9904243976071,6.94328415493258,2.72503590898291e-05,27.2503590898291,0.293333333333333
1473,42.5,39.5,21.4552744815607,6.74847170284698,3.06504559762246e-05,30.6504559762246,0.351111111111111
1474,43.5,39.5,19.1414834025067,6.56519647161868,2.44077204630832e-05,24.4077204630832,0.256666666666667
1475,44.5,39.5,21.3121476303684,6.14105545967054,2.92856990599374e-05,29.2856990599374,0.327222222222222
1476,45.5,39.5,24.1616302078902,6.41314944446707,3.73742943446084e-05,37.3742943446084,0.465555555555556
1477,46.5,39.5,19.8397007377558,5.74060298328747,2.4778153460776e-05,24.778153460776,0.259444444444444
1478,47.5,39.5,25.7115780221627,6.39052817615245,4.16735357915787e-05,41.6735357915787,0.545
1479,48.5,39.5,27.2141018837315,6.40183807838985,4.70300087023396e-05,47.0300087023396,0.637777777777778
1480,49.5,39.5,24.1873480482558,5.63854264153715,3.50990713353634e-05,35.0990713353634,0.426111111111111
1481,50.5,39.5,22.0056439769482,5.42315861928793,2.82901601570507e-05,28.2901601570507,0.312777777777778
1482,51.5,39.5,21.9919464972047,5.37718566158144,2.77961609079702e-05,27.7961609079702,0.302222222222222
1483,52.5,39.5,22.5814644690768,5.5072798504372,2.88560458439734e-05,28.8560458439734,0.322222222222222
1484,53.5,39.5,26.6046087837292,5.79181688288884,4.09952360910624e-05,40.9952360910624,0.53
1485,54.5,39.5,31.2464961925627,6.64024259058531,6.16117721563439e-05,61.6117721563439,0.896111111111111
1486,55.5,39.5,31.8141060199076,6.77950771187841,6.38328402912385e-05,63.8328402912385,0.922777777777778
1487,56.5,39.5,32.6119095004488,6.80306101688697,6.75439229830351e-05,67.5439229830351,0.946111111111111
1488,57.5,39.5,33.0509775545685,6.79164301582635,6.91668641308543e-05,69.1668641308543,0.954444444444444
1489,58.5,39.5,32.9227356169605,6.75892407345772,6.72509447758275e-05,67.2509447758275,0.945
1490,59.5,39.5,32.687053557287,6.70363137698268,6.47499471318025e-05,64.7499471318025,0.930555555555556
1491,60.5,39.5,32.3975417989987,6.63298166399966,6.20365090116157e-05,62.0365090116157,0.903888888888889
1492,61.5,39.5,32.1410013932802,6.56230002516011,5.96161467939284e-05,59.6161467939284,0.856666666666667
1493,62.5,39.5,32.4139721032125,6.52286826383809,6.01297721460786e-05,60.1297721460786,0.866111111111111
1494,63.5,39.5,32.7013516733313,6.35292903391275,6.07317425385318e-05,60.7317425385318,0.88
1495,64.5,39.5,33.0219210245237,6.39039758957586,6.15196245457641e-05,61.5196245457642,0.895
1496,65.5,39.5,32.4105294574578,6.31827180767516,5.72330282332754e-05,57.2330282332754,0.813333333333333
1497,66.5,39.5,29.3012300258156,5.99677419128858,4.23832369902266e-05,42.3832369902266,0.556111111111111
1498,67.5,39.5,22.6470666281346,5.78135097074297,2.26999451310812e-05,22.6999451310812,0.235
1499,68.5,39.5,15.0068567121842,5.72440417896386,1.11092600986253e-05,11.1092600986253,0.114444444444444
1500,69.5,39.5,12.5637456753578,5.61271255656591,8.74232753407966e-06,8.74232753407966,0.0716666666666667
1501,20.5,40.5,22.3738199667398,5.49092705154899,5.10535342352229e-05,51.0535342352229,0.714444444444444
1502,21.5,40.5,22.8574801531176,5.88710369632629,5.2482917925456e-05,52.482917925456,0.742222222222222
1503,22.5,40.5,24.3943467028093,5.30076157811106,5.94329000985799e-05,59.4329000985799,0.855
1504,23.5,40.5,24.746619255574,4.98735562996879,6.0389323338737e-05,60.389323338737,0.871666666666667
1505,24.5,40.5,22.2608005544527,4.50301318269931,4.73466077445406e-05,47.3466077445406,0.645
1506,25.5,40.5,22.2432714406046,4.5504243861427,4.65013652745166e-05,46.5013652745166,0.628333333333333
1507,26.5,40.5,24.3277473488489,5.07176402656257,5.53306483848615e-05,55.3306483848615,0.784444444444444
1508,27.5,40.5,23.6583729618037,5.13026524088736,5.11998667324076e-05,51.1998667324076,0.718333333333333
1509,28.5,40.5,23.1007884379823,5.03515063175678,4.78676926675443e-05,47.8676926675443,0.657222222222222
1510,29.5,40.5,23.1101416252001,5.43647188875215,4.71203576656192e-05,47.1203576656192,0.639444444444444
1511,30.5,40.5,23.4057578897519,5.68497638245073,4.76178532095469e-05,47.6178532095469,0.65
1512,31.5,40.5,22.5703135177859,5.93085737266211,4.33950841196436e-05,43.3950841196436,0.578888888888889
1513,32.5,40.5,22.2493091933017,6.11694206081715,4.14516847701659e-05,41.4516847701659,0.541111111111111
1514,33.5,40.5,23.613664890187,6.20645322462966,4.61908464845517e-05,46.1908464845517,0.622222222222222
1515,34.5,40.5,25.0041657492778,6.20238088238655,5.15974079142148e-05,51.5974079142148,0.727777777777778
1516,35.5,40.5,23.307603376129,5.97102281127241,4.34736536560724e-05,43.4736536560724,0.58
1517,36.5,40.5,22.0003835628653,5.73698576217782,3.79557648721336e-05,37.9557648721336,0.478333333333333
1518,37.5,40.5,19.6551806803413,5.56757426684984,3.01382666078909e-05,30.1382666078909,0.343333333333333
1519,38.5,40.5,19.2029242935501,5.88688453140944,2.84433905157555e-05,28.4433905157555,0.314444444444444
1520,39.5,40.5,18.5208290504643,5.96699035743435,2.62890449821025e-05,26.2890449821025,0.28
1521,40.5,40.5,17.8823335158929,6.02975314971385,2.43950946438743e-05,24.3950946438743,0.256111111111111
1522,41.5,40.5,17.6485120912931,6.19817226506653,2.34892025147284e-05,23.4892025147284,0.242777777777778
1523,42.5,40.5,18.3137074018588,6.23416841656149,2.45552589042446e-05,24.5552589042446,0.257777777777778
1524,43.5,40.5,20.0063380635153,6.0218815353218,2.82002872495891e-05,28.2002872495891,0.308888888888889
1525,44.5,40.5,20.7148944650161,6.0165935185076,2.95978261496474e-05,29.5978261496474,0.332222222222222
1526,45.5,40.5,16.250541450199,5.55475009694337,1.93667521919643e-05,19.3667521919643,0.203333333333333
1527,46.5,40.5,19.9281178556959,5.61988240922251,2.66615970209778e-05,26.6615970209778,0.287777777777778
1528,47.5,40.5,28.0718161835878,6.47597914624204,5.51822573942111e-05,55.1822573942111,0.782222222222222
1529,48.5,40.5,26.6510317250149,6.51852285792959,4.76741592240439e-05,47.6741592240439,0.652222222222222
1530,49.5,40.5,24.5510955092595,6.10538891806896,3.87178781905403e-05,38.7178781905403,0.491111111111111
1531,50.5,40.5,21.3370385642033,5.80746544708222,2.83985398861594e-05,28.3985398861594,0.313888888888889
1532,51.5,40.5,21.4026130772497,5.6292429178017,2.81074023363278e-05,28.1074023363278,0.305
1533,52.5,40.5,22.6983366825784,5.61405271335161,3.11267275808408e-05,31.1267275808408,0.356666666666667
1534,53.5,40.5,28.8178726383655,6.64419949048242,5.35390701791787e-05,53.5390701791787,0.756666666666667
1535,54.5,40.5,29.8217399708424,6.91886643255179,5.7721333413347e-05,57.721333413347,0.825
1536,55.5,40.5,30.9338627125775,7.03743339874817,6.28539742391514e-05,62.8539742391514,0.911666666666667
1537,56.5,40.5,31.4885372078726,6.98610150503991,6.50491547381681e-05,65.0491547381681,0.932777777777778
1538,57.5,40.5,31.8598267237345,6.94821221219004,6.62017067683439e-05,66.2017067683439,0.939444444444444
1539,58.5,40.5,31.5298867624981,6.88831484381398,6.31931767954248e-05,63.1931767954248,0.916666666666667
1540,59.5,40.5,31.3164234081389,6.82120621894035,6.09671167691215e-05,60.9671167691215,0.883333333333333
1541,60.5,40.5,31.2950101173247,6.73906334445594,5.98613866258123e-05,59.8613866258123,0.860555555555556
1542,61.5,40.5,31.3537121782583,6.66843192738807,5.92072771621566e-05,59.2072771621566,0.849444444444444
1543,62.5,40.5,31.758886133311,6.61595269977931,6.04436486984364e-05,60.4436486984364,0.874444444444444
1544,63.5,40.5,32.1882316227228,6.60484120794669,6.18410034744128e-05,61.8410034744128,0.901666666666667
1545,64.5,40.5,32.1156549685216,6.53608079028057,6.0435770604999e-05,60.435770604999,0.873888888888889
1546,65.5,40.5,30.2714535109287,6.27877043910489,5.02386910157746e-05,50.2386910157746,0.7
1547,66.5,40.5,27.2452839905795,5.97429125125082,3.74870573395396e-05,37.4870573395396,0.467222222222222
1548,67.5,40.5,27.6514821631252,5.93916762768893,3.82731118579557e-05,38.2731118579557,0.482222222222222
1549,68.5,40.5,30.0832458564689,6.20010830351231,4.70148039126276e-05,47.0148039126276,0.637222222222222
1550,69.5,40.5,28.2065141921214,6.09143656856478,3.89632474409435e-05,38.9632474409435,0.496666666666667
1551,20.5,41.5,21.2723691375302,5.55651173160337,4.92693715118297e-05,49.2693715118297,0.681111111111111
1552,21.5,41.5,22.6048954501814,5.93753615053345,5.47347921665184e-05,54.7347921665184,0.775555555555556
1553,22.5,41.5,24.9210367250024,6.03383933852,6.65352034119791e-05,66.5352034119791,0.941666666666667
1554,23.5,41.5,23.365599957911,5.58959285962981,5.67933735806116e-05,56.7933735806116,0.809444444444444
1555,24.5,41.5,21.1652188559835,5.17659505071897,4.57024570436409e-05,45.7024570436409,0.615
1556,25.5,41.5,23.5514504583807,5.50667718237585,5.59059568551489e-05,55.9059568551489,0.795
1557,26.5,41.5,25.956842873084,5.87827368471101,6.85059018495403e-05,68.5059018495403,0.951666666666667
1558,27.5,41.5,24.5556292012135,5.5582010333812,5.93018066301189e-05,59.3018066301189,0.851111111111111
1559,28.5,41.5,21.5333044102056,5.044952732272,4.4269986038154e-05,44.269986038154,0.594444444444444
1560,29.5,41.5,21.3434838708133,5.0144093493853,4.28021116037197e-05,42.8021116037197,0.563888888888889
1561,30.5,41.5,21.1013920377149,4.96314605852046,4.11861255328682e-05,41.1861255328682,0.533333333333333
1562,31.5,41.5,20.2402982820866,4.80523247043625,3.74534904300899e-05,37.4534904300899,0.466111111111111
1563,32.5,41.5,21.360171881242,5.26982083420796,4.08056547855238e-05,40.8056547855238,0.528333333333333
1564,33.5,41.5,20.4772636239297,5.81592788675065,3.70204210802269e-05,37.0204210802269,0.457222222222222
1565,34.5,41.5,21.0173799430177,5.73420753775973,3.82630103159454e-05,38.2630103159454,0.481666666666667
1566,35.5,41.5,22.1388382978945,5.37723685315995,4.17109845371117e-05,41.7109845371117,0.546111111111111
1567,36.5,41.5,20.7271291796051,4.86231817323118,3.60758517539452e-05,36.0758517539452,0.443888888888889
1568,37.5,41.5,19.960508602519,4.90146927238089,3.30875242286466e-05,33.0875242286466,0.394444444444444
1569,38.5,41.5,20.0279880792247,4.90834602653146,3.27509531537195e-05,32.7509531537195,0.388333333333333
1570,39.5,41.5,19.8996413517277,4.83256754707152,3.18441412196677e-05,31.8441412196677,0.37
1571,40.5,41.5,20.1040851880489,4.73544248989893,3.19189115594508e-05,31.9189115594508,0.372222222222222
1572,41.5,41.5,19.0352996950274,4.92742075473475,2.84753759441622e-05,28.4753759441622,0.317222222222222
1573,42.5,41.5,16.854864194654,5.84537803144539,2.29409182037997e-05,22.9409182037997,0.237777777777778
1574,43.5,41.5,16.5009601402501,5.73123569920516,2.18510638960997e-05,21.8510638960997,0.226666666666667
1575,44.5,41.5,18.5587009850959,5.45890874908468,2.59469177982997e-05,25.9469177982997,0.277222222222222
1576,45.5,41.5,24.0939493415649,5.95270353213769,4.23205079127972e-05,42.3205079127972,0.553888888888889
1577,46.5,41.5,24.5787726113963,6.04716289346927,4.35166474102482e-05,43.5166474102482,0.580555555555556
1578,47.5,41.5,16.9280891634182,5.83825694721636,2.12781285335843e-05,21.2781285335843,0.217777777777778
1579,48.5,41.5,19.1178860465004,5.84512275892833,2.55697538856057e-05,25.5697538856057,0.272222222222222
1580,49.5,41.5,21.1379065982025,5.88309870825156,3.02534231748906e-05,30.2534231748906,0.344444444444444
1581,50.5,41.5,20.5254752631411,6.03080811596389,2.8139608031232e-05,28.139608031232,0.306666666666667
1582,51.5,41.5,21.0129883742299,5.69300193733517,2.89483792572943e-05,28.9483792572943,0.323333333333333
1583,52.5,41.5,22.3165620612832,5.59149944961881,3.20824496173981e-05,32.0824496173981,0.377222222222222
1584,53.5,41.5,23.8663340975875,5.78361318601802,3.6359490538674e-05,36.359490538674,0.449444444444444
1585,54.5,41.5,26.7267286327564,6.56429501472392,4.64361960031668e-05,46.4361960031668,0.627777777777778
1586,55.5,41.5,29.6766139974678,7.14973163382574,5.97984846114123e-05,59.7984846114123,0.859444444444444
1587,56.5,41.5,30.2523374101806,7.11472332655838,6.20056019074804e-05,62.0056019074804,0.902777777777778
1588,57.5,41.5,29.7063808465401,6.85279719684659,5.80367009326884e-05,58.0367009326884,0.831666666666667
1589,58.5,41.5,30.8827775364259,7.0081500399991,6.35685086054489e-05,63.5685086054489,0.92
1590,59.5,41.5,30.6000202255065,6.81492667954893,6.0945962913014e-05,60.945962913014,0.882777777777778
1591,60.5,41.5,30.5824880838727,6.60966439099095,5.98655707039946e-05,59.8655707039946,0.861666666666667
1592,61.5,41.5,30.9350995095171,6.7787135417659,6.08160074427652e-05,60.8160074427652,0.881666666666667
1593,62.5,41.5,31.0454025811503,6.74407494760284,6.04346946645904e-05,60.4346946645905,0.873333333333333
1594,63.5,41.5,30.8309546468339,6.69701330227823,5.82999688441846e-05,58.2999688441846,0.837777777777778
1595,64.5,41.5,30.6709176798093,6.73224642490034,5.65186505887344e-05,56.5186505887344,0.805
1596,65.5,41.5,31.3584268419424,6.73552449517645,5.92053339232166e-05,59.2053339232166,0.848888888888889
1597,66.5,41.5,31.196588656093,6.65067385199155,5.73903890628923e-05,57.3903890628923,0.818888888888889
1598,67.5,41.5,30.9873165023238,6.53416697330108,5.53913344435705e-05,55.3913344435705,0.785555555555556
1599,68.5,41.5,30.5809864720936,6.48832688718861,5.25058713631399e-05,52.5058713631399,0.742777777777778
1600,69.5,41.5,27.6008859088542,6.17167054017275,3.93443184657889e-05,39.3443184657889,0.502777777777778
1601,20.5,42.5,20.9683960060074,5.87630470241482,5.11356542143261e-05,51.1356542143261,0.716111111111111
1602,21.5,42.5,23.0451890206395,6.17673138298772,6.08089408750533e-05,60.8089408750533,0.881111111111111
1603,22.5,42.5,21.5590257193812,5.85615871367016,5.22319076710267e-05,52.2319076710267,0.739444444444444
1604,23.5,42.5,20.2939236148035,5.57057670398475,4.5779435729612e-05,45.779435729612,0.616111111111111
1605,24.5,42.5,21.8334602490967,5.48456256265545,5.18412570363273e-05,51.8412570363273,0.731666666666667
1606,25.5,42.5,23.7450008900136,5.66378038994984,6.07277222368182e-05,60.7277222368182,0.879444444444444
1607,26.5,42.5,24.0855079544956,5.71058207381138,6.16274492192721e-05,61.6274492192721,0.897222222222222
1608,27.5,42.5,22.5443667136573,5.29192738222263,5.2672281822975e-05,52.672281822975,0.747222222222222
1609,28.5,42.5,19.8531369153419,5.04941188022588,4.05233287496847e-05,40.5233287496847,0.523888888888889
1610,29.5,42.5,19.7373826998528,5.04690790485206,3.94452227975174e-05,39.4452227975174,0.505555555555556
1611,30.5,42.5,19.6900178908332,5.1046688614548,3.86353469685715e-05,38.6353469685715,0.488333333333333
1612,31.5,42.5,19.6687326718504,5.10879987583852,3.79334266766096e-05,37.9334266766096,0.477222222222222
1613,32.5,42.5,19.6563900483277,5.05886525082076,3.7275727660304e-05,37.275727660304,0.462777777777778
1614,33.5,42.5,19.4499182254512,4.96195543161943,3.59861702592072e-05,35.9861702592072,0.441111111111111
1615,34.5,42.5,19.6160237980943,4.97962162788076,3.59424221835423e-05,35.9424221835423,0.440555555555556
1616,35.5,42.5,19.8190901258544,5.1646215512825,3.60171435519119e-05,36.0171435519119,0.442777777777778
1617,36.5,42.5,19.6860981595942,5.20119001477723,3.5003045651688e-05,35.003045651688,0.423888888888889
1618,37.5,42.5,19.9182982406587,5.2188161220512,3.51723028150022e-05,35.1723028150022,0.426666666666667
1619,38.5,42.5,20.133196522796,5.18327900493768,3.52874881985765e-05,35.2874881985765,0.428888888888889
1620,39.5,42.5,20.3424138784075,5.114865061432,3.53852634385961e-05,35.3852634385961,0.430555555555556
1621,40.5,42.5,20.5197102050646,5.00169423277398,3.53807488134046e-05,35.3807488134046,0.43
1622,41.5,42.5,21.699518131625,4.83147137128613,3.87715521937798e-05,38.7715521937798,0.491666666666667
1623,42.5,42.5,21.5228780485166,5.59920287613523,3.75160304077272e-05,37.5160304077272,0.468333333333333
1624,43.5,42.5,18.2678664673206,5.86430133869328,2.74064181089482e-05,27.4064181089482,0.296666666666667
1625,44.5,42.5,15.885824073935,5.6387192092196,2.16891731416223e-05,21.6891731416223,0.225
1626,45.5,42.5,15.7560141171111,5.72898920418468,2.10840513999742e-05,21.0840513999742,0.215
1627,46.5,42.5,14.5459749270522,5.69237934952622,1.85703192570326e-05,18.5703192570326,0.196666666666667
1628,47.5,42.5,17.4535282762551,5.48426677252038,2.38312590355441e-05,23.8312590355441,0.248333333333333
1629,48.5,42.5,20.3699881899901,5.92959602362844,3.05974090293371e-05,30.5974090293371,0.348333333333333
1630,49.5,42.5,20.2251935546318,6.0556032289743,2.9702509610748e-05,29.7025096107479,0.335
1631,50.5,42.5,20.4969792155757,5.96216456727877,2.99559862631215e-05,29.9559862631215,0.341111111111111
1632,51.5,42.5,20.9267914250052,5.64270805212604,3.06546027149145e-05,30.6546027149145,0.351666666666667
1633,52.5,42.5,24.2261730429935,6.07594663117959,4.07599772887772e-05,40.7599772887772,0.526111111111111
1634,53.5,42.5,27.7934191893222,6.76688647244798,5.55324682912935e-05,55.5324682912935,0.788333333333333
1635,54.5,42.5,29.397080860533,7.17003191543728,6.32396946580614e-05,63.2396946580614,0.917222222222222
1636,55.5,42.5,29.3032750631321,7.21544720319401,6.16793323847821e-05,61.6793323847821,0.9
1637,56.5,42.5,29.7282726073571,7.20660233608664,6.30801118658299e-05,63.0801118658299,0.915555555555556
1638,57.5,42.5,28.3505418338502,6.92757419352164,5.47211735021287e-05,54.7211735021287,0.775
1639,58.5,42.5,29.5843828541606,6.87187864261158,6.02588678482376e-05,60.2588678482376,0.868333333333333
1640,59.5,42.5,29.319170921666,6.51286654475683,5.78704219025885e-05,57.8704219025885,0.827777777777778
1641,60.5,42.5,29.8246753017335,6.91856805286853,5.96092559268737e-05,59.6092559268737,0.856111111111111
1642,61.5,42.5,30.2776022153731,6.99476491993944,6.11161969151236e-05,61.1161969151236,0.888888888888889
1643,62.5,42.5,30.4477915202122,6.89724136828151,6.1068239523418e-05,61.068239523418,0.886666666666667
1644,63.5,42.5,29.9348403237678,6.8341301360538,5.73262465161599e-05,57.3262465161599,0.816111111111111
1645,64.5,42.5,29.8188597335796,6.80125939392942,5.58008081970238e-05,55.8008081970238,0.792777777777778
1646,65.5,42.5,30.3256851676944,6.81519773517372,5.74957807511892e-05,57.4957807511892,0.822222222222222
1647,66.5,42.5,31.2162237314003,6.84769931991709,6.13559550428957e-05,61.3559550428957,0.891666666666667
1648,67.5,42.5,31.4581501558754,6.88939852835147,6.17067164777279e-05,61.7067164777279,0.901111111111111
1649,68.5,42.5,31.0593917765237,6.81717582406297,5.85335393633862e-05,58.5335393633862,0.841666666666667
1650,69.5,42.5,28.1093032721538,6.40807442477416,4.39835618266739e-05,43.9835618266739,0.59
1651,20.5,43.5,20.5800468926206,5.98730561117278,5.26705212656275e-05,52.6705212656275,0.746666666666667
1652,21.5,43.5,22.9071417422046,6.1241891387219,6.40887002660817e-05,64.0887002660817,0.925555555555556
1653,22.5,43.5,22.059989315716,5.90776070910398,5.83564669679946e-05,58.3564669679946,0.839444444444444
1654,23.5,43.5,23.4276202695466,5.87856523144021,6.50517190079424e-05,65.0517190079424,0.933333333333333
1655,24.5,43.5,24.3053875402144,5.89620586034394,6.93387327235886e-05,69.3387327235885,0.956666666666667
1656,25.5,43.5,24.2244330492358,5.8149962581609,6.77116906841103e-05,67.7116906841103,0.947777777777778
1657,26.5,43.5,23.0284852767054,5.73280422590314,5.97170365283429e-05,59.7170365283429,0.858333333333333
1658,27.5,43.5,23.0191878922211,5.63964942678442,5.86992636524569e-05,58.6992636524569,0.846111111111111
1659,28.5,43.5,20.7835768754062,5.19034285132826,4.70851819538384e-05,47.0851819538384,0.638333333333333
1660,29.5,43.5,19.5092624905967,5.12199760693412,4.12292544462161e-05,41.2292544462161,0.534444444444444
1661,30.5,43.5,19.3973892632214,5.13925705473329,4.01462031039761e-05,40.146203103976,0.516666666666667
1662,31.5,43.5,19.3831272806353,5.1825228488722,3.94413610554132e-05,39.4413610554132,0.505
1663,32.5,43.5,19.3992156863652,5.20784794384968,3.88568718935732e-05,38.8568718935732,0.494444444444444
1664,33.5,43.5,19.4462803343621,5.22745151495546,3.8389677292138e-05,38.389677292138,0.483888888888889
1665,34.5,43.5,19.4997722327838,5.24325878770357,3.7950457363624e-05,37.950457363624,0.477777777777778
1666,35.5,43.5,19.5710513602977,5.25751664758952,3.7577325879336e-05,37.577325879336,0.470555555555556
1667,36.5,43.5,19.7460318033449,5.25331810857186,3.75625112843956e-05,37.5625112843956,0.469444444444444
1668,37.5,43.5,20.0126695466899,5.23699613270839,3.78637697641242e-05,37.8637697641242,0.475555555555556
1669,38.5,43.5,20.3225665439689,5.19748878137516,3.83190826837506e-05,38.3190826837506,0.482777777777778
1670,39.5,43.5,20.6117994445663,5.03148852313582,3.87091808398315e-05,38.7091808398315,0.49
1671,40.5,43.5,18.5789941299793,5.25820288786417,3.16203306348143e-05,31.6203306348143,0.363333333333333
1672,41.5,43.5,15.8787861136988,5.5466866841219,2.43005709815393e-05,24.3005709815393,0.255
1673,42.5,43.5,12.7083927733363,5.68592824583502,1.78911374341009e-05,17.8911374341009,0.188333333333333
1674,43.5,43.5,15.935693479975,5.5810373942574,2.36392384276996e-05,23.6392384276996,0.246666666666667
1675,44.5,43.5,21.6073387286339,5.93816236455276,3.90429015921567e-05,39.0429015921567,0.497777777777778
1676,45.5,43.5,23.1214811810091,6.1540695300524,4.41034958871733e-05,44.1034958871733,0.592222222222222
1677,46.5,43.5,23.9014936566641,6.20673832280582,4.65910632866962e-05,46.5910632866962,0.628888888888889
1678,47.5,43.5,23.0628054714942,6.1745067060496,4.24527328670077e-05,42.4527328670077,0.558888888888889
1679,48.5,43.5,20.2722559667237,6.48534175716172,3.23567743778806e-05,32.3567743778805,0.383333333333333
1680,49.5,43.5,20.2241632816888,6.29022789091702,3.16943790767528e-05,31.6943790767528,0.365555555555556
1681,50.5,43.5,20.6473866291945,6.05826721364354,3.24125800010132e-05,32.4125800010132,0.383888888888889
1682,51.5,43.5,24.3251045905494,6.17164311338192,4.46208658761869e-05,44.6208658761869,0.6
1683,52.5,43.5,27.6496773472673,6.97890596302072,5.94557616497288e-05,59.4557616497288,0.855555555555556
1684,53.5,43.5,28.4786091467707,7.18234474810574,6.30858606923811e-05,63.0858606923811,0.916111111111111
1685,54.5,43.5,28.8727104617492,7.21981351067205,6.43351627747143e-05,64.3351627747143,0.927222222222222
1686,55.5,43.5,28.3449158793954,7.27963660281476,6.03073712880027e-05,60.3073712880027,0.87
1687,56.5,43.5,28.4751318386086,7.31446384627167,6.00362981667139e-05,60.0362981667139,0.864444444444444
1688,57.5,43.5,28.921076743208,7.33274531046817,6.15165723579066e-05,61.5165723579066,0.894444444444444
1689,58.5,43.5,28.9454873451391,7.16270491923813,6.06570467910184e-05,60.6570467910184,0.877777777777778
1690,59.5,43.5,29.2065974698616,7.03239359836415,6.11161698090149e-05,61.1161698090149,0.888333333333333
1691,60.5,43.5,29.4867775283573,7.16639398024396,6.16779379789742e-05,61.6779379789742,0.899444444444444
1692,61.5,43.5,29.6283585987971,7.19627509330335,6.14646641728345e-05,61.4646641728345,0.893888888888889
1693,62.5,43.5,29.6182328569706,7.1004413660609,6.04126143092555e-05,60.4126143092555,0.872222222222222
1694,63.5,43.5,29.359299738505,7.01748769800449,5.80432752274586e-05,58.0432752274586,0.832222222222222
1695,64.5,43.5,29.4963640241372,6.95407890642385,5.7821424790321e-05,57.821424790321,0.826666666666667
1696,65.5,43.5,29.889572381337,6.92141814988006,5.89637525459853e-05,58.9637525459853,0.847777777777778
1697,66.5,43.5,30.3541896007827,6.89690662496433,6.05220771423622e-05,60.5220771423622,0.875555555555556
1698,67.5,43.5,30.4201703456385,6.86461681810038,5.98994191005937e-05,59.8994191005937,0.862222222222222
1699,68.5,43.5,28.0930000490118,6.77980508331189,4.76387396979227e-05,47.6387396979227,0.650555555555556
1700,69.5,43.5,26.8070233265407,6.77538488254425,4.16681853970976e-05,41.6681853970976,0.544444444444444
1701,20.5,44.5,23.8314608464718,6.05102409056224,7.56626779190126e-05,75.6626779190126,0.972777777777778
1702,21.5,44.5,23.2176402285042,5.93993509640146,7.037637662314e-05,70.37637662314,0.960555555555556
1703,22.5,44.5,23.0748368836613,5.8958864244387,6.8336347242576e-05,68.336347242576,0.951111111111111
1704,23.5,44.5,24.8061729348256,5.93298143460086,7.87484876417398e-05,78.7484876417398,0.977777777777778
1705,24.5,44.5,24.6832181230284,5.885861424282,7.66047200498662e-05,76.6047200498662,0.975
1706,25.5,44.5,24.4958379161087,5.84734878013491,7.40815302337834e-05,74.0815302337834,0.970555555555556
1707,26.5,44.5,24.6232048089932,5.86982471645139,7.37298050539779e-05,73.7298050539779,0.97
1708,27.5,44.5,24.3211647148341,5.84078753904925,7.05577366904859e-05,70.5577366904859,0.961111111111111
1709,28.5,44.5,22.9114571572683,5.62240752538196,6.10274377485868e-05,61.0274377485868,0.885
1710,29.5,44.5,19.7212725627345,5.25565075591545,4.48613344412301e-05,44.8613344412301,0.602777777777778
1711,30.5,44.5,19.3434145390904,5.19218874189573,4.26355760154058e-05,42.6355760154058,0.562222222222222
1712,31.5,44.5,19.2243516658764,5.21934142081207,4.14881057436728e-05,41.4881057436728,0.541666666666667
1713,32.5,44.5,19.3032871934234,5.22017082793948,4.11092249450352e-05,41.1092249450352,0.532222222222222
1714,33.5,44.5,19.8109059179279,5.22327162553479,4.2361237611138e-05,42.361237611138,0.555555555555556
1715,34.5,44.5,19.8287812673026,5.27153276309019,4.17398101742137e-05,41.7398101742137,0.546666666666667
1716,35.5,44.5,19.6320259733172,5.26646600085958,4.03297426599279e-05,40.3297426599279,0.52
1717,36.5,44.5,19.7937266856019,5.24899943687305,4.02652173788591e-05,40.2652173788591,0.518888888888889
1718,37.5,44.5,20.4691249591936,5.3254070458505,4.21310585693468e-05,42.1310585693468,0.551666666666667
1719,38.5,44.5,21.6748064290555,5.44120995201146,4.62714014315639e-05,46.2714014315639,0.624444444444444
1720,39.5,44.5,22.4946013308947,5.64214558535571,4.90556066351655e-05,49.0556066351655,0.677222222222222
1721,40.5,44.5,21.0894204297383,5.57823179933807,4.24438622520102e-05,42.4438622520102,0.558333333333333
1722,41.5,44.5,21.4671368838296,5.70397781089092,4.32176933667283e-05,43.2176933667283,0.573888888888889
1723,42.5,44.5,21.6334255836352,5.97276559738921,4.31603973999868e-05,43.1603973999868,0.572222222222222
1724,43.5,44.5,23.8097713768353,6.4537599214619,5.17893672955694e-05,51.7893672955694,0.730555555555556
1725,44.5,44.5,25.6517163939724,6.76606868259147,6.02782520234456e-05,60.2782520234456,0.868888888888889
1726,45.5,44.5,26.5412919303486,6.77468830654302,6.43203524547036e-05,64.3203524547036,0.926666666666667
1727,46.5,44.5,26.2554842318342,6.62293555051854,6.16483083952421e-05,61.6483083952421,0.898333333333333
1728,47.5,44.5,22.5757144984212,6.28817367340291,4.33341083729012e-05,43.3341083729012,0.576111111111111
1729,48.5,44.5,21.1328225034606,6.5160969941152,3.73590062110019e-05,37.3590062110019,0.463888888888889
1730,49.5,44.5,20.8771957385826,6.61204753988458,3.59014135506386e-05,35.9014135506386,0.439444444444444
1731,50.5,44.5,22.0284327938348,6.41939904301117,3.92399711413129e-05,39.2399711413129,0.500555555555556
1732,51.5,44.5,26.9284042609754,7.09577989470881,6.03865128392927e-05,60.3865128392927,0.871111111111111
1733,52.5,44.5,27.7088669901625,7.18606833420745,6.37939023391266e-05,63.7939023391266,0.921666666666667
1734,53.5,44.5,27.3428177443919,7.10722759112428,6.06947567315763e-05,60.6947567315762,0.878888888888889
1735,54.5,44.5,27.8116959669884,7.33297722344845,6.23152099224949e-05,62.3152099224949,0.906666666666667
1736,55.5,44.5,28.2615897653366,7.38890815228232,6.38735051866199e-05,63.8735051866199,0.923333333333333
1737,56.5,44.5,28.037474428294,7.43007686835861,6.15601512084721e-05,61.5601512084721,0.895555555555556
1738,57.5,44.5,27.5563107819096,7.48184861274764,5.79527691295997e-05,57.9527691295998,0.829444444444444
1739,58.5,44.5,26.5589925871672,7.53882247434309,5.20429270912843e-05,52.0429270912843,0.736111111111111
1740,59.5,44.5,24.6101517280397,7.48711254850646,4.28457509482511e-05,42.8457509482511,0.565
1741,60.5,44.5,26.101184870785,7.29340421866232,4.83071500063502e-05,48.3071500063502,0.664444444444444
1742,61.5,44.5,28.8534801036919,7.36748969471409,6.1110380224625e-05,61.110380224625,0.887777777777778
1743,62.5,44.5,29.0125651760104,7.25787248170927,6.1000865863955e-05,61.000865863955,0.883888888888889
1744,63.5,44.5,28.8876967932463,7.1488977808817,5.93317198942265e-05,59.3317198942265,0.852777777777778
1745,64.5,44.5,28.7805441401786,6.98995284037046,5.78032120073421e-05,57.8032120073421,0.825555555555556
1746,65.5,44.5,28.8949126312551,6.95019435573552,5.74622830008529e-05,57.4622830008529,0.82
1747,66.5,44.5,29.0668909538503,6.96656124774879,5.7423275085842e-05,57.423275085842,0.819444444444444
1748,67.5,44.5,28.0666790658144,7.07980159627461,5.15523277755868e-05,51.5523277755868,0.726111111111111
1749,68.5,44.5,27.7495301302756,7.07627611630403,4.92656905716082e-05,49.2656905716082,0.680555555555556
1750,69.5,44.5,28.4017277640147,7.15379602930116,5.14393929735739e-05,51.4393929735739,0.722222222222222
1751,20.5,45.5,24.5238215581846,5.98582868694143,8.60313786852061e-05,86.0313786852061,0.985
1752,21.5,45.5,23.7004284057006,5.80233088182005,7.85055157296245e-05,78.5055157296245,0.977222222222222
1753,22.5,45.5,19.7167348367223,5.54794966016152,5.36696397074044e-05,53.6696397074044,0.759444444444444
1754,23.5,45.5,19.2066333317245,5.42148994345586,5.03957363911705e-05,50.3957363911706,0.702777777777778
1755,24.5,45.5,19.6182322410635,5.43219699517635,5.14766777862175e-05,51.4766777862175,0.723333333333333
1756,25.5,45.5,19.1589001740293,5.47695271640614,4.85571341850388e-05,48.5571341850388,0.671666666666667
1757,26.5,45.5,20.5892360751246,5.6673476779419,5.44331349855472e-05,54.4331349855472,0.771111111111111
1758,27.5,45.5,23.9388365344999,5.93297398009291,7.27162607951693e-05,72.7162607951693,0.968333333333333
1759,28.5,45.5,23.5936650549961,5.88266316451129,6.93147891973896e-05,69.3147891973896,0.956111111111111
1760,29.5,45.5,22.6408731857118,5.66002152764992,6.2508925599442e-05,62.508925599442,0.909444444444444
1761,30.5,45.5,19.4679497953806,5.31695983686218,4.60223690341746e-05,46.0223690341746,0.62
1762,31.5,45.5,19.221029904189,5.40039273067224,4.42622536133631e-05,44.2622536133631,0.593888888888889
1763,32.5,45.5,20.0268618235489,5.44552346639701,4.68694158800755e-05,46.8694158800756,0.636111111111111
1764,33.5,45.5,22.5422517550099,5.81098128200573,5.80131602349115e-05,58.0131602349115,0.83
1765,34.5,45.5,23.3122569376366,5.97181890396761,6.1225903319969e-05,61.225903319969,0.89
1766,35.5,45.5,21.3420020760446,5.67449469973708,5.03135841718292e-05,50.3135841718292,0.701111111111111
1767,36.5,45.5,20.9247240769937,5.66576743303261,4.76440457624731e-05,47.6440457624731,0.651111111111111
1768,37.5,45.5,21.6478529596953,5.73701664399392,5.00698726252854e-05,50.0698726252854,0.695555555555556
1769,38.5,45.5,24.6314983922988,6.09771903900143,6.46843592548495e-05,64.6843592548496,0.929444444444444
1770,39.5,45.5,24.8033800950452,6.16644089704979,6.46381672798365e-05,64.6381672798366,0.928888888888889
1771,40.5,45.5,24.6795533216959,6.24298030424907,6.28695841617398e-05,62.8695841617398,0.912777777777778
1772,41.5,45.5,24.3506362120977,6.3747583315806,6.00122774360986e-05,60.0122774360986,0.863888888888889
1773,42.5,45.5,24.2189469260505,6.57869687247196,5.83245821679273e-05,58.3245821679273,0.838333333333333
1774,43.5,45.5,24.9683617260878,6.78634702849092,6.14373984822719e-05,61.4373984822719,0.893333333333333
1775,44.5,45.5,25.7227794815919,6.88094961517623,6.47496432675311e-05,64.7496432675311,0.93
1776,45.5,45.5,26.4770383642141,6.89005100655541,6.82424180368371e-05,68.2424180368371,0.950555555555556
1777,46.5,45.5,26.5083542110081,6.82570913985915,6.73277964698409e-05,67.3277964698409,0.945555555555556
1778,47.5,45.5,24.3203749608806,6.51952916803021,5.42381734270891e-05,54.2381734270891,0.766666666666667
1779,48.5,45.5,22.057934108055,6.51382491811865,4.33904758625087e-05,43.3904758625088,0.577777777777778
1780,49.5,45.5,21.7843059330614,6.63977954410331,4.16283881266822e-05,41.6283881266822,0.543888888888889
1781,50.5,45.5,21.897240129234,6.74738381101111,4.13743537621798e-05,41.3743537621798,0.54
1782,51.5,45.5,23.3876543763723,6.81323490410783,4.66394410054464e-05,46.6394410054464,0.629444444444444
1783,52.5,45.5,24.5810929288827,6.79486680322073,5.11690270410467e-05,51.1690270410467,0.717222222222222
1784,53.5,45.5,25.8262886743501,7.06778122169589,5.63963825456105e-05,56.3963825456105,0.803333333333333
1785,54.5,45.5,25.1422801280146,6.88427480876123,5.2122666519656e-05,52.122666519656,0.737222222222222
1786,55.5,45.5,27.7472058773829,7.49508658035902,6.50374293401213e-05,65.0374293401213,0.932222222222222
1787,56.5,45.5,27.636749738295,7.50691366918669,6.33373368930533e-05,63.3373368930533,0.917777777777778
1788,57.5,45.5,27.199288413794,7.54268769778746,5.98649112695399e-05,59.8649112695399,0.861111111111111
1789,58.5,45.5,24.7247107200753,7.41717564340405,4.6975176845257e-05,46.975176845257,0.636666666666667
1790,59.5,45.5,23.6780925678743,7.51412920715999,4.19943134185648e-05,41.9943134185648,0.548888888888889
1791,60.5,45.5,25.1571386665473,7.47669541445418,4.72916076072671e-05,47.2916076072671,0.642777777777778
1792,61.5,45.5,27.9503135627827,7.38248980128444,6.00547108041423e-05,60.0547108041423,0.865
1793,62.5,45.5,28.1381289988343,7.34042327918529,6.01026408000749e-05,60.1026408000749,0.865555555555556
1794,63.5,45.5,27.9799662448351,7.24460880978983,5.82800842600351e-05,58.2800842600351,0.836666666666667
1795,64.5,45.5,27.7854726239707,7.05714662829675,5.6328081191514e-05,56.328081191514,0.801666666666667
1796,65.5,45.5,27.8743500621668,7.08696702078986,5.58635928411725e-05,55.8635928411725,0.793888888888889
1797,66.5,45.5,28.0782024106253,7.17324480106065,5.59865438096232e-05,55.9865438096232,0.796666666666667
1798,67.5,45.5,27.9800137017973,7.12193345146121,5.45859455019014e-05,54.5859455019014,0.772777777777778
1799,68.5,45.5,27.6165349649829,7.05540448538761,5.19460061095351e-05,51.9460061095351,0.732777777777778
1800,69.5,45.5,27.547037289821,7.07756531698711,5.07775732452519e-05,50.7775732452519,0.708888888888889
