ellipse_id,cluster_id,date,cluster_number_in_day,n_member_cells,centroid_lon_unweighted,centroid_lat_unweighted,eigenvalue_major_km2,eigenvalue_minor_km2,major_axis_km,minor_axis_km,area_km2,axis_ratio,orientation_east_ccw_deg,azimuth_north_cw_deg,major_axis_east,major_axis_north,centroid_lon_weighted,centroid_lat_weighted,tmax_weight_sum_c,tmax_min_c,tmax_max_c,scale_factor,eigenvalue_floor_km2
1,1,1983-07-13,0,125,30.972,21.356,398998.5063468907,65061.67992228221,1579.1582139443997,637.6797781914241,790893.7982339282,0.40380993656021097,22.153130580415166,67.84686941958483,0.9261793584654122,0.3770832745596089,31.05047508761103,21.39001819850779,5265.403514862061,34.926361083984375,46.432029724121094,1.25,1.0
2,2,1983-07-13,1,34,45.35294117647059,12.382352941176471,192831.58334500864,14103.758763164195,1097.8148276946818,296.89811765953687,255992.01440847176,0.27044462341886727,10.313745588126324,79.68625441187368,0.9838421139371388,0.17903824966666188,45.03410415656309,12.320740202907068,1221.096393585205,27.562658309936523,43.28784942626953,1.25,1.0
3,3,1983-07-13,2,171,54.87426900584796,42.10818713450293,300215.3388015689,71057.33297190882,1369.797746935585,666.41453396098,716953.1695112048,0.4865057892319034,11.596956806238381,78.40304319376162,0.9795859282202322,0.20102589194655054,55.505398322941865,42.20911720548966,6217.668659210205,22.67152214050293,42.77973937988281,1.25,1.0
4,4,1983-07-13,3,36,46.72222222222222,31.0,54272.52874770356,21605.194368689456,582.4116282090763,367.4676377646188,168088.8927064788,0.6309414509710027,99.14279897290857,-9.142798972908565,-0.1588956043825028,0.9872953898949995,46.68117614252466,30.989532814657984,1665.9117012023926,36.993553161621094,50.85563659667969,1.25,1.0
5,5,1987-07-23,0,381,33.077427821522306,31.61023622047244,1004135.8781662628,440892.7234228893,2505.1645132683684,1659.9938317334368,3266123.5324480752,0.6626286708682945,136.90038801393027,-46.90038801393027,-0.7301669038164255,0.6832688289181169,34.16300971895413,30.870702263041267,14598.99658203125,25.88983726501465,49.89308166503906,1.25,1.0
6,6,1987-07-24,0,438,33.6324200913242,30.91780821917808,994890.9498602815,418355.7228350605,2493.6055094234052,1617.010596044172,3166871.8959954055,0.648462874313296,138.7852119426097,-48.78521194260969,-0.7522448758946448,0.6588836366842405,34.72037239722158,30.157828137961772,16975.667875289917,25.823169708251953,50.34062194824219,1.25,1.0
7,7,1987-07-25,0,491,34.26985743380855,29.882892057026478,1081627.7931674663,457406.7351079287,2600.033405034763,1690.7962900434086,3452709.942445366,0.6502979103150417,136.88298290596677,-46.88298290596677,-0.7299593091568303,0.6834906048917446,35.282096230914874,29.16789736872632,19325.946111679077,25.3697509765625,49.79838180541992,1.25,1.0
8,8,1987-07-26,0,514,34.36770428015564,30.05252918287938,1061061.6173487082,486861.14163375786,2575.196130089789,1744.385890567505,3528115.202946391,0.6773798198068446,133.3737042845131,-43.37370428451311,-0.686753979324085,0.7268899310642115,35.31016505781735,29.22762769371298,19946.856435775757,25.746601104736328,49.61457824707031,1.25,1.0
9,9,1987-07-27,0,503,35.30119284294235,30.052683896620277,874501.4133357662,620987.4735043155,2337.86950733965,1970.0689605701552,3617358.7046664474,0.8426770418046006,122.99604733937167,-32.99604733937167,-0.544581176401073,0.8387081389313111,36.04256686909867,29.146371515608216,19460.032932281494,21.283151626586914,50.163352966308594,1.25,1.0
10,10,1991-06-04,0,176,26.619318181818183,21.238636363636363,269336.9223012051,160469.5931131722,1297.442008099989,1001.4664033093302,1020502.8478161177,0.7718775845526277,116.81287881569708,-26.812878815697076,-0.4510781627183897,0.8924844486704527,26.65588666559593,21.226201746430473,7268.006446838379,35.898963928222656,45.138065338134766,1.25,1.0
11,11,1991-06-04,1,195,62.725641025641025,19.71025641025641,442388.1897288761,179228.58691201152,1662.8067193169134,1058.384933849718,1382214.0436230008,0.6365050859816744,64.5864436873029,25.413556312697096,0.4291488525949468,0.9032337805443509,62.86702913919701,20.51692078997292,6580.227390289307,28.99297523498535,48.44999313354492,1.25,1.0
12,12,1991-06-05,0,169,27.393491124260354,20.5,267985.2073534571,182984.65067263276,1294.1821919494591,1069.4176296956932,1087007.7495094195,0.8263269548507715,129.285378403005,-39.28537840300501,-0.6331833718457464,0.7740018201645597,27.369001758250544,20.515073923701475,6948.977954864502,28.428956985473633,45.38054656982422,1.25,1.0
13,13,1991-06-05,1,204,63.17156862745098,20.54901960784314,499657.2904795781,160849.566659479,1767.1610185541563,1002.651380900532,1391604.9362851547,0.5673797522541972,72.82753276487396,17.172467235126035,0.29524896894015273,0.9554203505995551,63.340648889103804,21.502542363022727,7034.273378372192,29.04254150390625,49.422149658203125,1.25,1.0
14,14,1998-05-24,0,158,29.930379746835442,14.386075949367088,454071.0542434027,78359.61128538578,1684.6198648422933,699.81967001054,925929.5493782004,0.4154169641565126,173.9412887267695,-83.9412887267695,-0.9944142624112684,0.1055474997953668,29.776947505980985,14.437650008881075,6473.741298675537,27.1578426361084,45.07691192626953,1.25,1.0
15,15,1998-05-24,1,212,62.0,17.03301886792453,486557.92454086256,225260.00096390268,1743.8426042451167,1186.5390874406085,1625096.7234224891,0.6804163888140831,50.015120765648774,39.98487923435124,0.64258542270209,0.7662140526842198,62.09882411592492,17.632195034404848,6953.206357955933,29.386823654174805,48.46710968017578,1.25,1.0
16,16,1998-05-25,0,157,30.136942675159236,14.621019108280255,447215.47890698054,85909.22066830468,1671.8542828753434,732.7568690752099,962162.0023783768,0.43828991352941116,174.75114468076768,-84.75114468076768,-0.9958067554362856,0.09148172400789986,30.041193869026472,14.707713340346661,6505.987867355347,26.97218894958496,46.17732238769531,1.25,1.0
17,17,1998-05-25,1,217,61.70276497695853,17.352534562211982,445421.5723761107,246183.8384093561,1668.4977756505077,1240.4229077449656,1625493.7030477652,0.7434369561933364,51.07144886174977,38.928551138250214,0.6283507870749245,0.7779301307844573,61.6659049337068,18.033032868394308,7320.763120651245,29.282140731811523,49.01560974121094,1.25,1.0
18,18,1998-05-26,0,147,29.289115646258505,15.071428571428571,437636.5657461236,106743.10914870331,1653.8526342795094,816.7890989596982,1060954.1688765753,0.49387054325763874,172.27663718739635,-82.27663718739635,-0.99092848339333,0.13439025559836898,29.17025410250766,15.146852413823988,6015.435911178589,24.943403244018555,45.78345489501953,1.25,1.0
19,19,1998-05-26,1,220,61.263636363636365,17.454545454545453,423111.2705189887,280723.6674543788,1626.1750953521823,1324.5840560681181,1691752.0450769467,0.8145396272848784,44.55262860043584,45.44737139956416,0.712606333504279,0.7015641192717799,61.08328815619943,18.173961726234218,7574.803424835205,29.144248962402344,48.82356643676758,1.25,1.0
20,20,1998-08-01,0,308,31.873376623376622,36.75,789799.3825036769,433108.3482813765,2221.766446017218,1645.2741950078118,2870956.2282144492,0.740525268962074,70.12195109233274,19.878048907667264,0.34001928314903734,0.9404184638164091,31.885491198536847,36.0147550767357,10127.098857879639,24.766359329223633,43.670867919921875,1.25,1.0
21,21,1998-08-01,1,125,47.244,25.772,172756.4265521586,104985.97336342275,1039.0994494998981,810.0384765684851,661077.9083610123,0.7795581808443297,112.10307486940766,-22.103074869407664,-0.3762739862345637,0.9265084388623513,47.176890349187396,25.792305329741936,5493.4831466674805,34.982826232910156,49.17113494873047,1.25,1.0
22,22,1998-08-02,0,537,35.62849162011173,33.48882681564246,956844.8997851269,557167.7755233105,2445.4612292279435,1866.0917975867883,3584129.286628449,0.7630837795682134,131.32196379076902,-41.32196379076902,-0.6602896094026696,0.7510110729642208,36.380190302814164,32.50095512685049,19450.22950363159,20.82699203491211,49.10535430908203,1.25,1.0
23,23,1998-08-03,0,605,35.71322314049587,32.65702479338843,1026005.976435229,533190.7903932898,2532.2988276900064,1825.497860847298,3630664.8753481517,0.7208856399118342,126.59190996450313,-36.59190996450313,-0.596111512996589,0.8029016528024572,36.4315404602359,31.76395891896999,22193.920150756836,19.233551025390625,49.41741180419922,1.25,1.0
24,24,1998-08-04,0,581,35.56196213425129,32.90103270223752,1027444.9619926019,542428.8361918206,2534.073995062844,1841.2442060190926,3664549.283225118,0.7265944915603897,125.36617150294265,-35.36617150294265,-0.5787998047470945,0.8154696720447213,36.23032403335603,32.043298726547874,21210.0975856781,20.706363677978516,49.18354415893555,1.25,1.0
25,25,1998-08-05,0,554,36.2057761732852,33.11913357400722,1021317.699420249,562063.2714718223,2526.5066042614167,1874.2719777820105,3719143.4633247466,0.7418432924816848,124.0223588174963,-34.0223588174963,-0.5595163803469927,0.8288192928035637,36.91533114653131,32.23176223442387,20016.206342697144,19.87987518310547,48.50526809692383,1.25,1.0
26,26,1998-08-06,0,528,37.865530303030305,32.51136363636363,957348.1307447173,555213.3018711533,2446.1042122433137,1862.8159159441138,3578778.14702384,0.7615439712749327,123.19805742864149,-33.19805742864149,-0.5475348532978465,0.8367828777072973,38.715814148164846,31.626332067627878,19185.14105987549,21.71292495727539,49.13978958129883,1.25,1.0
27,27,1998-08-07,0,392,37.76020408163265,28.56122448979592,957954.7089942838,265996.47485566477,2446.8790185079183,1289.371152092331,2477880.3267379995,0.5269451993088633,146.2444179574801,-56.244417957480096,-0.8314154819150321,0.5556512363272442,38.85545662109036,28.110581414312428,15074.3076877594,25.957622528076172,48.79407501220703,1.25,1.0
28,28,1998-08-07,1,19,36.921052631578945,42.81578947368421,35721.09199143694,7557.343915780465,472.50060840858276,217.33246299995753,80652.3182688105,0.4599622923914309,171.15927451320778,-81.15927451320778,-0.9881193904263372,0.1536882242186554,36.95622249949766,42.82160164250247,509.1513481140137,25.498519897460938,28.075183868408203,1.25,1.0
29,29,1998-08-07,2,41,49.74390243902439,41.426829268292686,84600.08456788241,17158.302692081576,727.1523420503196,327.4742613176031,187021.89785334058,0.4503516558775542,103.48228085410702,-13.482280854107017,-0.23314464006843616,0.9724420686125006,49.698389227763755,41.438257034514734,1296.7499198913574,25.64040184020996,38.196990966796875,1.25,1.0
30,30,1998-08-08,0,403,38.85732009925558,28.15260545905707,898019.2277287074,226581.1922162557,2369.0969109144567,1190.0136349435656,2214239.7619901905,0.5023068619359382,148.8311599344705,-58.83115993447049,-0.8556458592495183,0.5175617485374605,39.76973575317651,27.829777969571523,15706.360292434692,27.142972946166992,48.478294372558594,1.25,1.0
31,31,1998-08-08,1,21,50.833333333333336,39.88095238095238,61661.90512570473,8778.012581783492,620.7953825824211,234.22762142016222,114202.72520764759,0.37730245422542996,109.78617146792388,-19.78617146792388,-0.33851082559439044,0.9409624971035797,50.88927738247682,39.80837841454539,615.2014122009277,25.97357940673828,31.79817771911621,1.25,1.0
32,32,1998-08-09,0,409,38.580684596577015,28.094132029339853,872265.4147862449,238840.04359919357,2334.878763964851,1221.7815977067912,2240514.6922152857,0.523274105946335,151.85691516341024,-61.856915163410235,-0.8817724287793218,0.4716750829168484,39.40555351988267,27.804056406527984,15936.280696868896,26.698759078979492,48.79649353027344,1.25,1.0
33,33,1998-08-09,1,21,50.833333333333336,39.88095238095238,61661.90512570473,8778.012581783492,620.7953825824211,234.22762142016222,114202.72520764759,0.37730245422542996,109.78617146792388,-19.78617146792388,-0.33851082559439044,0.9409624971035797,50.86882297787124,39.872071650639064,599.085807800293,25.965024948120117,32.06658935546875,1.25,1.0
34,34,1998-08-10,0,423,39.086288416075654,27.97517730496454,855722.2429990447,258382.62620706033,2312.6314057246627,1270.7837793244478,2308170.909475237,0.5494968961239406,153.6299052650381,-63.629905265038104,-0.8959437134800246,0.4441676060628732,39.9213363045259,27.694433788084346,16633.5887298584,26.63331413269043,49.205108642578125,1.25,1.0
35,35,1998-08-10,1,18,51.05555555555556,39.333333333333336,41972.21406225873,9935.45908785381,512.1780333918247,249.19193265249643,100240.8655392581,0.4865338152092526,111.26369940652694,-21.26369940652694,-0.3626608707695687,0.9319211837986398,51.104168333992156,39.28944684773325,542.473934173584,28.028165817260742,32.45154571533203,1.25,1.0
36,36,1998-08-11,0,399,40.33458646616541,27.357142857142858,825702.6985096366,295217.5781207872,2271.7046167328244,1358.3482113415985,2423554.8727614577,0.5979422682580893,152.96794337013392,-62.96794337013392,-0.8907523799024605,0.45448894122750966,41.126125203646914,27.140672364112238,15858.997964859009,26.72128677368164,51.12932586669922,1.25,1.0
37,37,1998-08-11,1,13,51.57692307692308,38.73076923076923,19414.655207218348,9873.797137143334,348.3412049199961,248.41745531895668,67963.67271719004,0.7131440432836851,106.40745354686628,-16.40745354686628,-0.2824662505855706,0.959277236923784,51.60950068433424,38.70959128487251,389.94311141967773,28.602336883544922,32.09407424926758,1.25,1.0
38,38,1999-08-18,0,333,35.614114114114116,37.77927927927928,636832.3615891285,224977.25281748077,1995.0444255534896,1185.7941769587396,1858025.9090895548,0.5943698104014712,179.92412333434063,-89.92412333434063,-0.9999991231180069,0.001324297254106534,36.30334378811532,37.36407415054565,11008.49963760376,21.884599685668945,49.24928283691406,1.25,1.0
39,39,1999-08-18,1,9,36.833333333333336,24.38888888888889,26719.306687356566,3258.2855446578224,408.6510330293789,142.7034850804681,45801.22164455371,0.3492062262086802,123.16446046307846,-33.164460463078456,-0.547044088401866,0.8371037960399961,36.86062157997889,24.371360011592984,298.88477516174316,31.712596893310547,35.46982192993164,1.25,1.0
40,40,1999-08-18,2,32,50.40625,23.9375,131815.95289605804,18672.066314325144,907.6616691258714,341.61442367753176,243528.65827546734,0.37636757758705996,35.4567601071206,54.5432398928794,0.8145535305141571,0.5800883949252236,50.20285818094221,23.762297472165887,1341.8486633300781,34.995948791503906,46.502044677734375,1.25,1.0
41,41,1999-08-18,3,42,65.35714285714286,43.333333333333336,39553.51174594035,24751.109753130666,497.201617467328,393.3121355324123,153588.87553003264,0.7910516010303558,27.852323674875066,62.147676325124934,0.884154692620855,0.4671942631459866,65.3462833380076,43.31075585360126,1681.0718688964844,37.99553680419922,42.249473571777344,1.25,1.0
42,42,1999-08-19,0,427,35.69906323185012,36.675644028103044,626127.6009317342,391974.85836501216,1978.2056277908368,1565.1973884406164,2431814.417970173,0.7912207742470898,6.439607941884162,83.56039205811584,0.9936906244693905,0.11215588634410945,36.28842818671346,36.127806725220985,14649.642742156982,21.783679962158203,49.72142028808594,1.25,1.0
43,43,1999-08-19,1,18,52.166666666666664,25.38888888888889,52431.58245288915,15639.058357576214,572.4485918670402,312.640551967993,140563.21489122315,0.5461460756647445,26.28646003078535,63.71353996921465,0.8965911106238275,0.44285932343164197,52.027840751865924,25.26348954469391,706.6639289855957,35.03746032714844,46.216312408447266,1.25,1.0
44,44,1999-08-19,2,42,65.35714285714286,43.333333333333336,39553.51174594035,24751.109753130666,497.201617467328,393.3121355324123,153588.87553003264,0.7910516010303558,27.852323674875066,62.147676325124934,0.884154692620855,0.4671942631459866,65.30024338105785,43.303846071262704,1699.3338203430176,37.454219818115234,42.2130241394043,1.25,1.0
45,45,1999-08-20,0,464,36.21551724137931,35.78879310344828,677178.4442698731,457593.18266142,2057.271318199597,1691.1408550543254,2732506.6917101406,0.8220310272610579,166.47114401928002,-76.47114401928002,-0.9722522265585196,0.2339350507128014,36.82503197139903,35.12129330812814,16219.120210647583,21.247821807861328,49.86648941040039,1.25,1.0
46,46,1999-08-20,1,42,65.35714285714286,43.333333333333336,39553.51174594035,24751.109753130666,497.201617467328,393.3121355324123,153588.87553003264,0.7910516010303558,27.852323674875066,62.147676325124934,0.884154692620855,0.4671942631459866,65.33876086927707,43.30544736159584,1684.2096099853516,37.88683319091797,42.24287033081055,1.25,1.0
47,47,1999-08-21,0,473,36.309725158562365,35.620507399577164,668630.9809013226,487775.8759591019,2044.2464701286062,1746.0238328111066,2803324.065564543,0.8541161050415129,175.45333263539862,-85.45333263539862,-0.9968530981903029,0.07927105794925646,36.92123160990564,34.915770508705684,16491.489517211914,21.353395462036133,49.225738525390625,1.25,1.0
48,48,1999-08-22,0,428,37.7196261682243,34.5677570093458,700662.6313784294,526276.7099214682,2092.6398271358557,1813.623289718451,2980790.4908226877,0.8666676731469419,14.258329276266892,75.74167072373311,0.9691951153499871,0.24629419071858968,38.325768658898525,33.767262845763675,14973.129192352295,21.457969665527344,49.5330924987793,1.25,1.0
49,49,2000-07-07,0,346,35.02601156069364,32.517341040462426,1066018.8996206755,192902.36229692504,2581.2047812270184,1098.0162860157318,2225979.3132002214,0.4253890640531712,136.5628548669975,-46.5628548669975,-0.7261290761320708,0.687558408279315,36.17131575173713,31.845441762338762,13075.441249847412,25.32633399963379,48.3244514465332,1.25,1.0
50,50,2000-07-07,1,29,33.94827586206897,20.396551724137932,45362.79918814353,26098.795906110678,532.4636090155806,403.87804398505216,168900.15849073027,0.7585082569900737,43.522695589649715,46.477304410350285,0.725101648077543,0.6886418517308043,33.926137253363464,20.390696821487253,1253.8476181030273,40.13478469848633,45.04052734375,1.25,1.0
51,51,2000-07-08,0,417,38.089928057553955,30.08033573141487,1503131.979293915,188700.54572569672,3065.0570746051317,1085.991901804799,2614297.659348182,0.3543137616596279,138.2843824338824,-48.2843824338824,-0.7464568274242164,0.665433847043997,39.30646044733434,29.365582871002626,16616.741346359253,24.99182891845703,49.32841491699219,1.25,1.0
52,52,2000-07-08,1,17,34.85294117647059,20.970588235294116,37488.92576355094,14716.667315525134,484.05142910871916,303.28067977045964,115299.15723320573,0.6265463988586677,155.87926489636916,-65.87926489636916,-0.9126863443694594,0.40866078451634247,34.80699177028674,21.00878885453835,699.8030166625977,37.41785430908203,43.14741516113281,1.25,1.0
53,53,2000-07-09,0,398,39.515075376884425,28.66331658291457,1314985.1377850168,245106.6756654464,2866.820034664952,1237.7062344955043,2786813.40424396,0.43173489076029714,136.67969014180164,-46.67969014180164,-0.727529607235714,0.6860762862797749,40.498697229723184,28.05612589489674,16139.964977264404,26.230337142944336,49.94055938720703,1.25,1.0
54,54,2000-07-28,0,439,41.06036446469248,37.72095671981777,930135.0641748975,330497.11501361016,2411.0877526736995,1437.221962271334,2721615.335806162,0.596088616300909,18.970163683931645,71.02983631606836,0.9456879843887706,0.32507573914813226,41.43558548297088,37.369688057422636,15830.838394165039,22.60730743408203,48.89080810546875,1.25,1.0
55,55,2000-07-28,1,11,52.5,25.318181818181817,48962.61339995905,4507.737146621573,553.1874309397712,167.84920960905606,72925.8476402556,0.3034219510806832,13.388797277513902,76.6112027224861,0.97282117198266,0.23155769765283934,52.342775203635405,25.284823773738555,437.1354179382324,35.02928161621094,45.98997497558594,1.25,1.0
56,56,2000-07-29,0,539,43.253246753246756,36.76901669758813,1308503.6724227448,304035.32462279324,2859.746134299713,1378.484957804204,3096131.4746871507,0.4820305345536427,26.00990588116943,63.99009411883057,0.8987182427730717,0.4385265329565387,43.50746243365015,36.37561246553075,20304.659059524536,22.57639503479004,49.6206169128418,1.25,1.0
57,57,2000-07-29,1,18,53.888888888888886,26.166666666666668,70918.14253502115,24161.363235759698,665.7615119875002,388.5981474782119,203193.25714506384,0.5836897154329761,175.4685489959412,-85.4685489959412,-0.996874115493949,0.07900631530552997,53.766551160618484,26.184164217155228,701.4888458251953,34.859962463378906,45.8248291015625,1.25,1.0
58,58,2000-07-30,0,583,43.77615780445969,34.84476843910806,1470621.2727224338,300163.5867114768,3031.7293669645405,1369.6796767663343,3261364.380769941,0.4517816437348097,34.10602979810582,55.89397020189418,0.8280013284844661,0.5607261363874163,43.827096342682836,34.470470074677614,22892.933835983276,25.82307243347168,50.70626449584961,1.25,1.0
59,59,2000-07-31,0,556,44.172661870503596,34.09172661870504,1464702.7557881724,291285.89745781233,3025.6226175245447,1349.2727148769175,3206301.642311538,0.44594877995089943,35.865924394431914,54.134075605568086,0.8103902312853055,0.5858904957731854,44.08258402605241,33.63768495605045,21990.797370910645,25.753501892089844,50.887420654296875,1.25,1.0
60,60,2000-08-01,0,454,44.35022026431718,32.76651982378855,1231916.301825209,271198.45748511853,2774.7931249748253,1301.917954128443,2837292.4822628833,0.4691946013597878,47.71359478326918,42.28640521673083,0.6728369995384189,0.7397907623457713,44.133398956156206,32.29539516144609,17982.32961845398,22.436281204223633,50.74995422363281,1.25,1.0
61,61,2000-08-02,0,375,46.56133333333333,32.92933333333333,986696.8201851745,215540.01704406622,2483.315349720478,1160.6571873406092,2263735.6976576257,0.46738211780926364,63.101131740440444,26.89886825955955,0.4524170939063462,0.8918064661917048,46.38161596024631,32.324340500863656,14880.124433517456,22.02848243713379,50.58992385864258,1.25,1.0
62,62,2001-07-28,0,382,40.15706806282723,35.79842931937173,756533.8653116322,393477.2103324643,2174.473880780751,1568.194045575324,2678205.374785724,0.7211832064003728,121.86356698554034,-31.863566985540345,-0.527898387154067,0.8493075372561666,40.79686987062469,34.87287054198537,13501.125932693481,23.735750198364258,48.85321044921875,1.25,1.0
63,63,2001-07-29,0,362,39.28453038674033,36.23480662983425,606686.1781672733,361901.2357813301,1947.2515537406712,1503.9556920445873,2300101.3989870236,0.7723479224630674,120.26900814555157,-30.269008145551567,-0.5040605308273917,0.863668328273075,39.916926369954815,35.41179805758018,12777.779600143433,22.87828826904297,49.88555145263672,1.25,1.0
64,64,2001-07-29,1,10,54.0,25.0,34493.96646204576,7037.733065663809,464.31378440423885,209.72799446044107,76481.75805260106,0.45169452535109017,54.273394533837696,35.72660546616231,0.5839182418385236,0.8118124702467975,53.93903723618648,24.868902431025084,395.4602966308594,34.83090591430664,45.80315399169922,1.25,1.0
65,65,2001-07-30,0,367,39.933242506811986,35.81880108991825,619488.0315868922,332809.31863803254,1967.6890499817487,1442.2407016471639,2228866.710748766,0.732961695172589,115.56843633987383,-25.568436339873827,-0.4315888729285589,0.9020704211780011,40.494102158667445,34.91854561966979,13234.621940612793,23.370723724365234,49.493431091308594,1.25,1.0
66,66,2001-07-30,1,11,53.86363636363637,25.227272727272727,33332.354345695356,13012.636668224392,456.4287618682635,285.18236126451166,102231.69127668247,0.6248124243906046,64.49950252281363,25.50049747718637,0.4305189335924658,0.9025815463537941,53.808819195519966,25.081460165513572,430.3925552368164,34.59364318847656,46.37127685546875,1.25,1.0
67,67,2001-08-07,0,352,36.59659090909091,34.375,887102.206110831,258296.63816832993,2354.6525833321343,1270.572307486694,2349719.955294122,0.5396007531984492,123.66241678031803,-33.662416780318026,-0.5542985870426412,0.832317893837764,37.68570231839737,33.43751351571901,12728.943235397339,25.73504066467285,50.63574981689453,1.25,1.0
68,68,2001-08-07,1,14,25.785714285714285,18.5,25754.353042821524,8555.495840772452,401.204070913587,231.2398084345077,72864.80606483191,0.5763645615757301,23.481650393147333,66.51834960685267,0.9171877311507283,0.39845534985312897,25.816846061066492,18.505348672042704,554.1442489624023,37.92449188232422,41.410003662109375,1.25,1.0
69,69,2001-08-07,2,14,51.785714285714285,39.142857142857146,25600.377204669574,6220.263549569693,400.0029469006257,197.17161860879114,61943.7472035851,0.492925415016443,89.06938024107801,0.930619758921992,0.01624166472320854,0.9998680954641062,51.80124347944548,39.135224129904664,415.85366439819336,28.34407615661621,30.65629005432129,1.25,1.0
70,70,2001-08-08,0,390,35.98717948717949,34.676923076923075,845680.9552315704,261677.65909498878,2299.0228294206468,1278.860965603251,2309173.138498743,0.5562628388190142,124.44820953254224,-34.448209532542236,-0.5656610662855223,0.8246378344999251,37.05821651323745,33.87719499428655,13946.230070114136,26.16298484802246,50.401912689208984,1.25,1.0
71,71,2001-08-08,1,14,25.785714285714285,18.5,25754.353042821524,8555.495840772452,401.204070913587,231.2398084345077,72864.80606483191,0.5763645615757301,23.481650393147333,66.51834960685267,0.9171877311507283,0.39845534985312897,25.810804577124873,18.505246374923864,561.7194747924805,38.84495544433594,41.73170852661133,1.25,1.0
72,72,2001-08-08,2,15,51.63333333333333,39.1,24199.282416719998,8291.75635106108,388.9029636098187,227.64770412664333,69533.55098017931,0.5853586252303269,85.55860381870349,4.441396181296511,0.0774393783161178,0.9969970625262711,51.65227406612645,39.11133226965212,446.4413871765137,28.305387496948242,31.961097717285156,1.25,1.0
73,73,2001-08-09,0,415,35.639759036144575,34.59879518072289,815405.639107405,273606.62858758477,2257.4953475968186,1307.6855236150643,2318569.194530288,0.5792638842011969,126.53987053196745,-36.53987053196745,-0.5953820242157424,0.8034427454652666,36.66563013994196,33.82731888981684,14918.507154464722,26.222299575805664,50.728363037109375,1.25,1.0
74,74,2001-08-09,1,10,26.0,19.0,28119.356248857286,2973.5290004249696,419.2206776333415,136.32518568722384,44885.76949923159,0.32518716981431073,7.450006727298842,82.54999327270116,0.9915583742119202,0.12966106019238624,26.03655227481119,19.002583280402938,394.5235824584961,38.02881622314453,41.540199279785156,1.25,1.0
75,75,2001-08-09,2,15,51.63333333333333,39.1,24199.282416719998,8291.75635106108,388.9029636098187,227.64770412664333,69533.55098017931,0.5853586252303269,85.55860381870349,4.441396181296511,0.0774393783161178,0.9969970625262711,51.647538632476476,39.09335224499321,456.9717826843262,28.742076873779297,31.957500457763672,1.25,1.0
76,76,2001-08-10,0,416,35.62980769230769,34.44230769230769,824348.0687949625,243716.52174549614,2269.8403974659795,1234.1913388568853,2200228.048778272,0.5437348547654366,129.9670264489789,-39.96702644897891,-0.6423466469633373,0.7664142386040057,36.69227990461285,33.62335895781757,15185.913063049316,26.5985164642334,51.059688568115234,1.25,1.0
77,77,2001-08-10,1,10,51.7,38.5,19583.900971387724,10904.427292337088,349.8562291444491,261.0606645534842,71733.31998388692,0.7461941300627725,75.22175844676023,14.778241553239766,0.255078582023994,0.9669203260830898,51.71680449034683,38.50276773203843,298.05759048461914,28.903316497802734,30.36077308654785,1.25,1.0
78,78,2001-08-11,0,437,36.287185354691076,34.0766590389016,896193.9885010531,236062.8729557169,2366.688071574195,1214.657546789724,2257796.2952232705,0.5132309413220638,128.36782624987805,-38.36782624987805,-0.6207076088132012,0.7840421317514754,37.42809439638168,33.12470340872219,15976.722776412964,24.26812744140625,50.97150421142578,1.25,1.0
79,79,2001-08-12,0,375,38.716,33.102666666666664,975413.9272317659,217883.90425528886,2469.0761521667446,1166.95089939361,2262960.374076044,0.47262653214221395,125.85271011265738,-35.85271011265738,-0.5857035776850998,0.8105253352529298,39.90610192607581,32.02843211108559,13819.420890808105,23.479267120361328,49.68976593017578,1.25,1.0
80,80,2002-07-16,0,189,28.14021164021164,36.854497354497354,371349.26637609635,115054.92782296467,1523.4608346953335,847.9936903618618,1014644.244028545,0.5566232298524736,60.075368617373684,29.924631382626316,0.49886037148693474,0.866682369591027,27.77299676996108,36.51764076704215,5930.003583908081,25.865270614624023,42.60098648071289,1.25,1.0
81,81,2002-07-16,1,16,43.5625,22.6875,57421.72964666356,7684.068042168878,599.0707890488796,219.14704028016325,103110.67613413748,0.3658115940323081,89.29129772965966,0.7087022703403392,0.012368872628486842,0.9999235025690216,43.56598806288703,22.7293196423725,678.3238983154297,39.388587951660156,43.89455032348633,1.25,1.0
82,82,2002-07-16,2,201,58.72885572139303,40.03731343283582,279683.7097150975,148983.80182552635,1322.1282788441367,964.960497331129,1002012.2032530477,0.7298539126435903,14.215488269112456,75.78451173088754,0.9693790026661633,0.24556943863183525,58.979546348217816,39.986981275171054,7831.5044593811035,25.403484344482422,45.35981750488281,1.25,1.0
83,83,2002-07-17,0,250,29.88,35.892,413778.3638147258,226433.58061197994,1608.1401598872023,1189.6259407161876,1502533.6421727464,0.7397526474307003,53.072909176970214,36.927090823029786,0.6007982683421481,0.799400675979872,29.858986378547577,35.276633377177156,8371.070901870728,26.311067581176758,45.600643157958984,1.25,1.0
84,84,2002-07-17,1,230,58.891304347826086,38.67391304347826,317976.0254254991,273131.33253574034,1409.734073827177,1306.5492062484202,1446614.6160763232,0.9268054383486466,55.42172808321201,34.578271916788,0.5675315490290292,0.8233516507888415,59.074899042343105,38.592644070627024,9005.261726379395,26.35384178161621,46.136741638183594,1.25,1.0
85,85,2002-07-18,0,582,44.97250859106529,34.8041237113402,1734000.6398009008,524896.720884286,3292.0364516140507,1811.2439111082713,4683078.68915011,0.5501895066259784,9.380758387057739,80.61924161294226,0.9866269556485302,0.16299463300278705,46.05287987698973,34.34826086527803,22200.26735305786,25.666595458984375,49.236351013183594,1.25,1.0
86,86,2002-07-19,0,567,44.567019400352734,33.01499118165785,1590026.3209796036,616697.3171482463,3152.4061454899056,1963.251953310257,4860803.725702407,0.6227788751519371,5.94388637068883,84.05611362931117,0.9946237901875175,0.10355441078494525,45.4229701586933,32.43898551812649,22300.82293510437,26.151344299316406,50.15406799316406,1.25,1.0
87,87,2002-07-20,0,57,24.04385964912281,27.763157894736842,76815.15885828933,47212.764947247764,692.8886944266794,543.2124638852633,295612.696333626,0.7839822878546698,159.38355241876442,-69.38355241876442,-0.9359584959438288,0.35211034331664526,24.02449537722921,27.739456167004434,2367.460906982422,37.44065856933594,44.23395538330078,1.25,1.0
88,88,2002-07-20,1,363,42.33471074380165,31.241046831955924,1100226.4857814754,200556.05942929094,2622.2920386818514,1119.5871432957188,2305838.256920926,0.4269498312089229,123.3708804574756,-33.37088045747559,-0.5500563726982506,0.8351275272998988,43.24846690897214,30.24667221776568,14395.56727027893,25.552431106567383,49.942752838134766,1.25,1.0
89,89,2002-07-20,2,32,63.78125,29.5,43354.11029209812,21156.62915032325,520.5412465171355,363.63296356287657,148664.84229965688,0.6985670511143756,30.337622369590008,59.66237763040999,0.8630640743924886,0.505094450071506,63.69674091480725,29.505136828370077,1369.714412689209,34.196441650390625,47.04071807861328,1.25,1.0
90,90,2002-07-31,0,364,33.90659340659341,31.695054945054945,864892.1305482059,193530.4540076538,2324.989422755787,1099.8024084115457,2008285.8541831207,0.47303544594536723,61.73115666582478,28.268843334175216,0.4736093473632843,0.8807350260379815,33.821134220469425,30.90668036386872,13904.409587860107,25.67741584777832,49.1497802734375,1.25,1.0
91,91,2002-08-06,0,125,26.196,34.228,173368.04155022366,115461.77573530673,1040.9372025674256,849.4916705569674,694502.0572211561,0.8160834952019523,76.17904688007283,13.820953119927168,0.23888858633084484,0.9710469830656241,25.94412851101665,33.85413474675237,3958.99893951416,26.191360473632812,41.67817306518555,1.25,1.0
92,92,2002-08-06,1,31,43.46774193548387,21.112903225806452,107999.93974962762,8774.06705337028,821.5836070876612,234.1749753572406,151106.14631725443,0.28502878263034115,125.38539131964636,-35.38539131964636,-0.5790733207307169,0.8152754683037509,43.47141281585606,21.140680030018665,1307.72416305542,38.46809005737305,44.473819732666016,1.25,1.0
93,93,2002-08-06,2,24,51.833333333333336,25.25,95186.30202220185,24037.176318975748,771.3069347793793,387.5981836820168,234800.4098820345,0.502521326082571,113.07448676951205,-23.07448676951205,-0.39192749052078046,0.9199961098689948,51.89890236856987,25.03970548435333,1031.240650177002,35.618812561035156,48.37928009033203,1.25,1.0
94,94,2002-08-06,3,179,60.891061452513966,40.05865921787709,218252.8979248588,134536.4981103879,1167.938616550702,916.9804322830038,841143.2569096353,0.7851272483746977,28.946449561431933,61.05355043856807,0.8750724433950693,0.4839919615144277,60.83537172250634,40.22667296987609,7096.031160354614,23.47186279296875,45.342628479003906,1.25,1.0
95,95,2002-08-07,0,125,26.092,33.508,199831.59538918803,108199.52967122073,1117.5631844251247,822.342422866004,721796.3191499542,0.7358352837016705,65.84095131948698,24.159048680513024,0.40927100469533423,0.9124128696569727,25.77883684588748,33.04722644343183,4060.4792861938477,27.385242462158203,42.5493278503418,1.25,1.0
96,96,2002-08-07,1,31,43.564516129032256,20.661290322580644,98887.93167818055,18727.682157825344,786.1612894238868,342.1228046862828,211243.60014236745,0.4351814434121992,118.38266082962713,-28.382660829627127,-0.4753579831067574,0.8797924686519405,43.59244721677583,20.744786174092223,1292.5721893310547,33.10829162597656,44.313594818115234,1.25,1.0
97,97,2002-08-07,2,202,60.95049504950495,39.52970297029703,239615.1131680643,139525.56836239214,1223.7624186501241,933.8280367738757,897540.1852786447,0.7630795181665558,31.455987246857177,58.54401275314282,0.8530412791439577,0.521843440196809,60.839479404327285,39.74753476604722,8026.778970718384,20.36009979248047,45.642757415771484,1.25,1.0
98,98,2006-08-20,0,344,31.863372093023255,33.91279069767442,799013.1895550349,415780.3647103459,2234.6884424274826,1612.0258308847478,2829299.09620582,0.721364911671377,121.4203857075781,-31.420385707578106,-0.5213132902818541,0.8533653692150316,32.47483033157917,33.08148486299103,12029.717185974121,25.999317169189453,48.91217041015625,1.25,1.0
99,99,2006-08-20,1,50,48.66,41.88,98826.66978030387,22206.619928697524,785.9177349614266,372.5471440695252,229957.83381388057,0.47402816795807523,130.26702017754664,-40.26702017754664,-0.6463506755474216,0.7630404997242228,48.64143621183261,41.94656686510021,1531.6672458648682,23.274768829345703,37.4818000793457,1.25,1.0
100,100,2006-08-21,0,372,32.215053763440864,33.17741935483871,712671.3834214953,436382.39822974306,2110.496658700114,1651.4811500395317,2737462.4543173728,0.782508298808065,117.99986920939149,-27.99986920939149,-0.4694695472565792,0.8829486645319209,32.96951980760484,32.30969192799553,13298.6842212677,26.51030158996582,50.21650695800781,1.25,1.0
101,101,2006-08-21,1,16,45.0,17.5625,47220.908022894284,17301.15942525217,543.2593074610772,328.834679448239,140305.49158241373,0.6052996698483605,37.67566384243648,52.32433615756352,0.7914832052988232,0.6111909159419018,45.136154154645666,17.656881479586264,639.579174041748,32.97610092163086,43.64060974121094,1.25,1.0
102,102,2006-08-21,2,45,49.1,41.9,118362.07676250655,20582.293928785853,860.0947504581493,358.6632641558257,242283.07387890294,0.41700436372245664,126.61063150070746,-36.610631500707456,-0.596373831249747,0.8027068290481266,49.052218369891555,41.969477657410515,1391.9429683685303,23.872615814208984,37.03956985473633,1.25,1.0
103,103,2006-08-21,3,21,60.45238095238095,44.45238095238095,33968.1147292686,10162.959849699684,460.76101946446033,252.02876633555746,91204.38631624189,0.5469836980317669,5.266318738224129,84.73368126177587,0.9957788260865228,0.09178523583750597,60.47207584728076,44.43323553432809,809.9410171508789,34.16194152832031,40.14060974121094,1.25,1.0
104,104,2006-08-22,0,392,34.576530612244895,33.06887755102041,766655.2953987721,539882.2219624186,2188.9713557381983,1836.91695165163,3158053.491710955,0.8391690219409732,45.03932817972554,44.960671820274456,0.706621252150383,0.7075919770668863,35.051530128772036,32.08470628661489,13867.830429077148,23.5072021484375,49.7523307800293,1.25,1.0
105,105,2006-08-22,1,20,44.2,17.35,69248.57770887174,16386.183479706862,657.8781123281489,320.0213223336343,165353.82074187876,0.48644470204536616,25.374912250130876,64.62508774986912,0.9035230214448318,0.4285395544394964,44.412108990517346,17.451239527314563,772.2599029541016,33.01593780517578,43.65760040283203,1.25,1.0
106,106,2006-08-22,2,23,60.06521739130435,44.41304347826087,41619.96194545241,9573.98998726574,510.02427604877545,244.61691973453284,97986.72049793824,0.47961818921564286,5.850299149828004,84.149700850172,0.9947916095853504,0.10192964975211,60.072637308636274,44.3975506074304,895.1005439758301,34.595062255859375,40.364768981933594,1.25,1.0
107,107,2006-08-23,0,287,34.59407665505226,29.385017421602786,674264.9397993651,441193.88465106435,2052.840927530926,1660.560682139967,2677317.826830968,0.8089086006957306,115.20773795285346,-25.207737952853464,-0.4259014870676781,0.9047695415483108,35.20688268336332,28.646735203328056,10513.34246635437,25.88169288635254,48.893638610839844,1.25,1.0
108,108,2006-08-23,1,87,54.05172413793103,41.91379310344828,174716.8744417448,66409.34511841388,1044.9786912951408,644.2502673574041,528751.8786496047,0.6165200044021222,19.15124200236926,70.84875799763074,0.9446558896914309,0.3280628751798824,54.62723129303295,42.00500238543233,3023.803050994873,24.068220138549805,41.35929870605469,1.25,1.0
109,109,2007-07-25,0,386,32.479274611398964,36.5,405244.294492413,323731.2837618306,1591.4700250326996,1422.4347167836706,1777954.6855010367,0.893786684266607,164.7261415567215,-74.7261415567215,-0.9646777117824441,0.2634329371779235,33.021792176017755,36.05700458776693,13641.769804000854,24.954235076904297,48.96012878417969,1.25,1.0
110,110,2007-07-25,1,11,40.68181818181818,18.227272727272727,49686.79256853333,5324.515099612354,557.2633610361742,182.42318759570344,79841.81693921493,0.3273554307545111,110.51549944875363,-20.51549944875363,-0.350460753643229,0.9365774181325428,40.67099322899447,18.317541235617725,386.1477813720703,33.196773529052734,39.807525634765625,1.25,1.0
111,111,2007-07-26,0,450,33.42,33.50888888888889,587413.4301173878,390122.50838985684,1916.0725294815106,1561.4946933744618,2349861.893056653,0.8149455040707684,113.92677005915704,-23.926770059157036,-0.4055687054629022,0.914064562899769,33.98632065675225,32.92751009862772,16146.959594726562,25.810638427734375,48.86783218383789,1.25,1.0
112,112,2007-07-27,0,446,34.17488789237668,31.791479820627803,686273.8484643032,376102.19075884816,2071.041176051769,1533.1792759631212,2493857.0467109773,0.7402939611688324,126.75080651575382,-36.75080651575382,-0.5983358792447931,0.801245390381973,34.81797072558914,31.226382216179974,16716.87838935852,25.779748916625977,50.055816650390625,1.25,1.0
113,113,2007-07-28,0,477,35.642557651991616,30.59224318658281,852782.4722056681,414728.91693232156,2308.6555505933375,1609.9862517509303,2919249.3367435215,0.6973696233451346,127.96530939351918,-37.96530939351918,-0.6151842493382984,0.7883833708076764,36.34474347891277,29.988554874967043,18295.9650554657,25.479589462280273,49.495765686035156,1.25,1.0
114,114,2007-07-29,0,429,37.95687645687646,32.67948717948718,1053117.337433171,242499.49111842856,2565.537635459149,1231.1059334964552,2480639.734040926,0.47986274552395203,126.68551391885367,-36.68551391885367,-0.597422415091539,0.8019267160696124,38.98136788800008,31.877286959127254,16155.258926391602,25.468820571899414,49.49787139892578,1.25,1.0
115,115,2007-07-29,1,57,27.37719298245614,20.99122807017544,86535.0513159232,44204.6868725234,735.4210159660385,525.6227667760133,303598.8245540238,0.7147236145890703,58.776066738301154,31.223933261698846,0.5183842619812389,0.8551477982958071,27.44462468572525,20.987172547177785,2349.971893310547,37.654083251953125,44.519187927246094,1.25,1.0
116,116,2007-07-30,0,431,38.6322505800464,33.10788863109049,1074512.0821727815,241390.09875398624,2591.4668652290125,1228.286659217796,2499972.759664674,0.47397351503826773,124.02721357411718,-34.027213574117184,-0.5595866054298853,0.8287718811732562,39.57211563366902,32.19584223181836,16201.129461288452,22.198226928710938,49.5987548828125,1.25,1.0
117,117,2007-07-30,1,35,27.1,19.3,74380.8545164961,18516.481986968676,681.8213407690467,340.1882014687667,182171.19991155382,0.49894038383289413,23.20019696252038,66.79980303747962,0.9191339850175712,0.3939450692491521,27.167539380881024,19.314119495033925,1422.2494316101074,37.8281135559082,42.80372619628906,1.25,1.0
118,118,2007-07-31,0,28,27.0,19.142857142857142,86394.10488454881,12566.088939588504,734.8218529197605,280.2464199101001,161737.9812023536,0.38138008388912437,25.708381326526734,64.29161867347327,0.9010135752745266,0.4337908910650556,27.07022931428376,19.168534580880944,1139.2288818359375,38.24006652832031,43.09608459472656,1.25,1.0
119,119,2007-07-31,1,378,41.53439153439153,32.544973544973544,1002643.075334144,290640.24788122025,2503.301663970685,1347.7765205172655,2649847.9570655096,0.5383995624320604,113.42467565141648,-23.42467565141648,-0.39754310442639296,0.9175835003546141,42.36027880013358,31.52762733489342,14408.525817871094,22.976036071777344,50.214019775390625,1.25,1.0
120,120,2007-08-01,0,374,42.8716577540107,32.967914438502675,981971.188004514,376523.6882277261,2477.361484529097,1534.0381518799613,2984801.288163022,0.6192225726684998,104.76767696962742,-14.767676969627416,-0.254900290374889,0.966967342761273,43.51427267463254,32.056499846038285,14088.758409500122,22.254783630371094,50.33881378173828,1.25,1.0
121,121,2010-06-18,0,83,25.512048192771083,28.765060240963855,141257.16380568745,51813.38904005128,939.6048498095072,569.063864166686,419948.60184269166,0.6056416846742079,9.596854073394809,80.40314592660519,0.9860051923186668,0.16671460859993312,25.360214729586904,28.716951413572772,3410.885265350342,31.918346405029297,46.651039123535156,1.25,1.0
122,122,2010-06-18,1,22,35.13636363636363,18.136363636363637,52019.77420367565,17922.633598356282,570.1960967710783,334.68860152345604,149883.92012450434,0.5869710498173166,168.55059268409153,-78.55059268409153,-0.9801003662354265,0.1985025745555531,35.05592298239377,18.153546091383262,928.0483055114746,34.78793716430664,44.035919189453125,1.25,1.0
123,123,2010-06-18,2,135,46.84074074074074,21.581481481481482,190655.0363956196,114409.09572063564,1091.601565349108,845.6103406735119,724977.1461870507,0.7746510883786385,92.36150486780679,-2.3615048678067865,-0.041204366866838094,0.9991507394538138,46.89558827927067,21.838489535354334,5823.193660736084,31.12748908996582,48.072044372558594,1.25,1.0
124,124,2010-06-18,3,109,58.91284403669725,40.87614678899082,156601.0676537401,63992.010925754126,989.321319307269,632.4160563157479,491394.3254217222,0.639242320946415,87.37990208295334,2.620097917046664,0.04571339905832451,0.9989545961386506,58.914321392564915,40.90834917544517,4433.527879714966,31.685346603393555,44.40004348754883,1.25,1.0
125,125,2010-06-18,4,38,64.73684210526316,20.657894736842106,117743.18951346402,13670.405131316831,857.8431875693542,292.3012693621603,196937.53125800096,0.3407397454427282,8.985987974071634,81.01401202592837,0.9877265680441562,0.15619291526734777,64.76358710148692,20.66213599595169,1142.896396636963,29.390239715576172,30.745555877685547,1.25,1.0
126,126,2010-06-19,0,156,27.30128205128205,25.92948717948718,254716.74298786581,121147.12823399008,1261.7367568847956,870.1549008437739,862293.6878750508,0.6896485309599525,141.56198628387997,-51.561986283879975,-0.7832811753650196,0.6216675963236249,27.178828115833074,25.908839561600676,6516.445770263672,31.928356170654297,47.92082214355469,1.25,1.0
127,127,2010-06-19,1,117,46.662393162393165,21.585470085470085,198870.29448350717,89946.95154577344,1114.8718942201026,749.7789321934058,656520.1825825,0.6725247412555019,86.59880457091622,3.401195429083785,0.05932720101200227,0.9982385903280244,46.73779188804428,21.889217528423526,5009.802959442139,30.579219818115234,48.83464813232422,1.25,1.0
128,128,2010-06-19,2,143,60.47202797202797,37.56293706293706,364948.78918101045,61405.43235170728,1510.2747870441706,619.5029880462002,734834.0280613212,0.410192233466771,97.24616358383709,-7.246163583837088,-0.1261325460927876,0.9920133974983154,60.521500499261144,37.491276964347634,5909.168441772461,31.683021545410156,48.088775634765625,1.25,1.0
129,129,2010-06-19,3,25,65.66,20.34,80289.67571309196,7141.0172999282095,708.3858222796563,211.2613502857333,117538.4050526001,0.29822921865639995,5.549204544799238,84.45079545520076,0.9953135207810495,0.09670054472665301,65.67991365117024,20.344179060379847,748.1559886932373,29.342926025390625,30.618974685668945,1.25,1.0
130,130,2010-06-20,0,325,33.19846153846154,23.524615384615384,866160.1823360587,209328.5732156799,2326.6931769359635,1143.8109907663938,2090177.9550635067,0.4916037069712327,174.0237117216575,-84.02371172165749,-0.9945650690563763,0.10411687381440814,33.22279845278893,23.587257682565294,13703.149099349976,29.753856658935547,49.72218322753906,1.25,1.0
131,131,2010-06-20,1,152,61.28947368421053,35.66447368421053,363282.4449957335,83043.95539666455,1506.8229097088133,720.433703562759,852601.5500724444,0.4781143815380266,97.41806561227187,-7.418065612271874,-0.1291082684664102,0.9916305032690379,61.30656352607033,35.53086065130945,6272.842693328857,31.00988006591797,48.73067855834961,1.25,1.0
132,132,2010-06-20,2,22,65.9090909090909,20.363636363636363,85391.65707354808,7808.054426011332,730.5462728052725,220.90799026420666,126750.31150873327,0.3023874030811595,5.399794669023322,84.60020533097668,0.9955623018528,0.0941047455209052,65.92709128837457,20.364711288403626,656.489372253418,29.453489303588867,30.351444244384766,1.25,1.0
133,133,2010-06-21,0,326,31.521472392638035,22.677914110429448,718918.7455020696,244377.21743541418,2119.726906794348,1235.8631028440564,2057501.4992624973,0.5830293982129263,176.86193505755503,-86.86193505755503,-0.9985005222424955,0.054742187401160124,31.388487665867313,22.737713143108024,13931.15686416626,30.004549026489258,49.00850296020508,1.25,1.0
134,134,2010-06-21,1,104,61.50961538461539,32.63461538461539,175435.10383152982,76411.12647954539,1047.124347413936,691.0640639601792,568337.678473568,0.659963705043138,127.2612425246813,-37.26124252468129,-0.6054501671635885,0.7958832169870041,61.4958733603415,32.55153153133924,4289.389228820801,33.494876861572266,47.63375473022461,1.25,1.0
135,135,2010-06-21,2,28,66.14285714285714,20.892857142857142,72221.4030628409,17886.313718296555,671.8510021892916,334.34930946444837,176426.2817423814,0.49765395656914807,11.992365800607132,78.00763419939287,0.9781752946028656,0.2077813587129442,66.15495147777673,20.898037102519865,838.1794033050537,29.562454223632812,30.551380157470703,1.25,1.0
136,136,2010-06-22,0,277,30.113718411552348,22.012635379061372,469118.5702345094,210984.3711183557,1712.3057740852491,1148.325876870204,1544316.6508823363,0.6706313172854098,173.86726767577568,-83.86726767577568,-0.994277074611741,0.10683210613630405,29.903603180794683,21.982819316231666,11756.6712474823,29.513721466064453,47.33289337158203,1.25,1.0
137,137,2010-06-22,1,7,47.785714285714285,12.785714285714286,46243.9207095406,2979.9277859142558,537.609992870881,136.47178705492246,57623.56091518829,0.25384905203519753,25.60838958243926,64.39161041756074,0.9017692482202793,0.4322177957514386,47.75435305904237,12.77067848823929,229.29454803466797,31.782390594482422,33.96971130371094,1.25,1.0
138,138,2010-06-22,2,78,61.833333333333336,31.26923076923077,145040.28632344306,53296.32582877477,952.103875384151,577.1499254351874,431581.53778424667,0.6061837792670692,148.89502956462005,-58.895029564620046,-0.8562222718731572,0.5166076084886567,61.7697431601065,31.19376028634405,3241.830265045166,33.70676040649414,48.53183364868164,1.25,1.0
139,139,2010-06-22,3,29,66.12068965517241,20.844827586206897,68911.40552182708,17447.284530529778,656.2745496447499,330.2204238320385,170207.76713226168,0.5031742035567145,13.684182825938535,76.31581717406146,0.9716144649326848,0.23656992947873273,66.13720317516463,20.849952602773012,874.1701068878174,29.588937759399414,30.673397064208984,1.25,1.0
140,140,2010-07-08,0,380,50.671052631578945,35.29736842105263,869793.9207872038,257481.54809653191,2331.568571781672,1268.5659918204194,2323010.316471717,0.5440826434073276,45.820513264631884,44.17948673536813,0.6969083869690791,0.7171601635423961,50.773958226927554,34.89160514424903,14981.052425384521,20.96357536315918,48.683555603027344,1.25,1.0
141,141,2010-07-08,1,10,37.2,18.0,36246.057190153806,7580.63038543691,475.9599325977569,217.66703909637005,81367.86960902227,0.45732219077424896,167.94815998341724,-77.94815998341724,-0.9779590862652338,0.20879661297844168,37.08422930431458,18.012667133816116,396.56893157958984,34.40010452270508,43.514251708984375,1.25,1.0
142,142,2010-07-08,2,9,47.388888888888886,15.833333333333334,33268.98892656599,12909.003774389828,455.9947157490286,284.04449227178554,101726.95943126013,0.6229118067853194,111.36616955675402,-21.366169556754016,-0.36432697641753153,0.9312710960050566,47.33669360831891,15.95082247291858,356.87981033325195,33.05728530883789,43.00599670410156,1.25,1.0
143,143,2010-07-09,0,412,50.640776699029125,35.59708737864078,734107.22525363,310228.91478741623,2142.0014374026896,1392.4549247359325,2342560.331742774,0.6500718909060915,41.78978670708031,48.21021329291969,0.7455948009764807,0.6663995743972547,50.82600909980157,35.160346575078464,16090.634105682373,21.169269561767578,49.86077880859375,1.25,1.0
144,144,2010-07-09,1,10,37.2,18.0,36246.057190153806,7580.63038543691,475.9599325977569,217.66703909637005,81367.86960902227,0.45732219077424896,167.94815998341724,-77.94815998341724,-0.9779590862652338,0.20879661297844168,37.096866471138654,18.013254198025077,399.59033203125,34.82377624511719,43.476600646972656,1.25,1.0
145,145,2010-07-10,0,395,48.93037974683544,35.02405063291139,597561.1691726672,334083.96858640807,1932.5520193074158,1444.9999320640295,2193253.852471472,0.7477159308663194,38.39230975434208,51.60769024565792,0.7837768207879989,0.6210425872639146,48.97232111870268,34.47775173688198,15459.277603149414,21.7088680267334,52.023643493652344,1.25,1.0
146,146,2010-07-11,0,408,46.84313725490196,35.68382352941177,588814.9604616112,236418.26762187103,1918.3569800444,1215.5715415542986,1831470.096201781,0.633652419335511,51.753934903836,38.24606509616399,0.619040014617282,0.7853594465610224,46.70629046949971,35.114435530587805,15987.91365814209,23.034250259399414,51.90205001831055,1.25,1.0
147,147,2010-07-11,1,12,64.08333333333333,30.5,30622.931109057314,6349.705176376476,437.48522195796306,199.21259335783213,68449.46497487288,0.45535845180382806,26.300792953164176,63.699207046835824,0.8964802983502471,0.4430835978343724,64.05563786172364,30.519945234059083,512.2702484130859,38.672786712646484,46.13759231567383,1.25,1.0
148,148,2010-07-12,0,384,46.635416666666664,35.484375,642510.9093625038,240699.75620816625,2003.919455346359,1226.5290360611277,1930402.9693967386,0.6120650372393004,55.54495415483938,34.45504584516061,0.5657594548818233,0.8245703361216811,46.44612273196146,34.926629539544805,15153.783689498901,23.840972900390625,51.53746795654297,1.25,1.0
149,149,2010-07-13,0,404,46.972772277227726,33.95544554455446,716616.5102753877,300907.85099985666,2116.3301229300623,1371.3767056316453,2279449.9621173227,0.647997536288418,62.52722452026251,27.472775479737493,0.46132709126129434,0.8872301363616958,46.81587442597071,33.25144337838796,16189.897619247437,23.859617233276367,50.075599670410156,1.25,1.0
150,150,2010-07-16,0,17,24.852941176470587,37.55882352941177,50460.767528092576,9678.989741898444,561.5868561946394,245.9546419298999,108483.03816751236,0.4379636724344113,72.00608059616583,17.99391940383417,0.30891606040824093,0.9510893058077418,24.863073424383053,37.58394360892962,471.8235683441162,26.435428619384766,29.810958862304688,1.25,1.0
151,151,2010-07-16,1,36,33.111111111111114,43.75,48445.637020683374,15325.265634483352,550.2592401580105,309.4881422858087,133752.2940724606,0.5624406092607135,5.527770153194524,84.47222984680548,0.9953496268745937,0.0963281904771763,33.149363627700595,43.77552590975736,984.6236248016357,26.026988983154297,31.112520217895508,1.25,1.0
152,152,2010-07-16,2,307,54.30130293159609,29.004885993485342,842944.6485813269,151723.52308212448,2295.3004277508626,973.7925956091873,1755480.0041238954,0.4242549619368977,35.7093804543303,54.2906195456697,0.8119879787503852,0.5836741576983377,53.81029445907816,28.675044707850663,12994.604690551758,23.14409637451172,50.13706970214844,1.25,1.0
153,153,2010-07-17,0,16,24.8125,37.625,53201.252821573245,9720.623743022306,576.634919281544,246.48305904035152,111629.22125825482,0.4274508025761883,71.23695481772452,18.763045182275476,0.32165505533053745,0.9468569191701083,24.827511825012472,37.647493620367875,442.1447219848633,26.15407943725586,29.717065811157227,1.25,1.0
154,154,2010-07-17,1,16,28.125,23.5,46196.008115650606,6006.992939409634,537.3314160951472,193.76198252317252,81771.25890025316,0.36060050970267926,173.50732706849567,-83.50732706849567,-0.993586324145634,0.11307615341338442,28.184280803265434,23.49529913657882,657.4818916320801,37.71051788330078,43.40134811401367,1.25,1.0
155,155,2010-07-17,2,40,33.375,43.625,56420.43040293931,19472.418088090228,593.8246290095846,348.8590160087079,162703.9284277883,0.5874781862627614,2.705452179474264,87.29454782052574,0.9988853878610343,0.04720150334164227,33.405603590849836,43.659273483878465,1104.258155822754,26.273958206176758,31.89313316345215,1.25,1.0
156,156,2010-07-17,3,295,54.652542372881356,28.222033898305085,817542.6925082025,137914.6164583317,2260.45168676003,928.4214306362026,1648277.2606173565,0.41072385491544633,36.49558037501507,53.50441962498493,0.8039027410755264,0.5947607778689304,54.20384649765305,27.815027171701825,12439.01849937439,20.690723419189453,50.88267135620117,1.25,1.0
157,157,2010-07-17,4,21,49.5,42.54761904761905,78214.98486726373,5755.587424976216,699.1735517168811,189.66396970985645,104150.10426207434,0.271268799061578,112.24725103687838,-22.24725103687838,-0.3786042109109128,0.9255586699288841,49.41804208216113,42.63517622603852,634.4947109222412,27.577051162719727,36.20170211791992,1.25,1.0
158,158,2010-07-18,0,28,26.5,23.25,84653.63280486417,9433.384107989705,727.3824338203399,242.81402487281426,138715.96834077075,0.3338189287820885,177.12366425329702,-87.12366425329702,-0.99874016785277,0.05018044556817669,26.54271288014977,23.251374949845587,1152.7700424194336,38.43290328979492,43.6077880859375,1.25,1.0
159,159,2010-07-18,1,16,24.4375,37.5625,57087.184609019634,13834.540690411672,597.3231150779055,294.05081077098384,137949.961582007,0.4922809838568401,65.53792491218604,24.462075087813957,0.4140908352172103,0.9102355630215253,24.43969316433935,37.57872822175788,441.76233863830566,25.818513870239258,29.687294006347656,1.25,1.0
160,160,2010-07-18,2,41,33.5,43.670731707317074,59364.347027886186,19749.467167121205,609.1199955052277,351.33199369614425,168077.83209839856,0.5767861772535243,5.506651290684715,84.49334870931528,0.9953850652217453,0.09596130435494213,33.54684881739421,43.72621509232545,1142.2339153289795,25.218746185302734,33.99773406982422,1.25,1.0
161,161,2010-07-18,3,290,53.37931034482759,28.851724137931033,714208.2118814713,320767.59823669447,2112.7710061100315,1415.908714917505,2349511.4431106183,0.6701666724991803,51.17342220311092,38.82657779688907,0.6269652554880133,0.7790472183448511,53.27619782422139,28.268919348378844,11844.484071731567,24.892105102539062,49.894371032714844,1.25,1.0
162,162,2010-08-01,0,317,38.6577287066246,37.27602523659306,579297.1563690761,306551.7249848781,1902.7893281461104,1384.1778358128295,2068580.7514632826,0.7274467095952422,81.52827020567906,8.471729794320936,0.14732140465062535,0.9890886733411554,38.72690847440367,36.80773923264036,11075.200429916382,23.01710319519043,47.606773376464844,1.25,1.0
163,163,2010-08-01,1,62,48.935483870967744,21.387096774193548,213334.39302476478,30676.314811738805,1154.703406249752,437.8663809581269,397101.8679597861,0.37920246756717396,41.31245369008022,48.68754630991978,0.751120659184255,0.660164945560282,48.84211767802019,21.302933686040006,2670.576457977295,34.954959869384766,47.90150451660156,1.25,1.0
164,164,2010-08-02,0,327,38.06880733944954,37.17584097859327,611850.5427504629,348815.47262669465,1955.5218976504439,1476.5150537386478,2267725.2931199414,0.7550491024992755,80.6726723951026,9.327327604897405,0.16207449013232872,0.9867785261386395,38.20511788737246,36.71684539474353,11137.188051223755,21.28192138671875,44.050079345703125,1.25,1.0
165,165,2010-08-02,1,50,48.62,21.36,253931.29242065176,31768.643004286045,1259.789894239938,445.5940066661442,440887.0497724411,0.3537050175616641,42.39188275007132,47.60811724992868,0.7385508634798615,0.6741977618274558,48.47330519338966,21.24771137062738,2105.391757965088,34.85121154785156,46.72715377807617,1.25,1.0
166,166,2010-08-03,0,334,37.71556886227545,37.41017964071856,562831.6358744695,378369.5920349994,1875.5526450130465,1537.793858167845,2265255.8586463346,0.8199150593062388,78.15163258309317,11.848367416906825,0.2053223100242406,0.9786944104296855,37.8656063526002,36.93852255198691,11284.635095596313,20.313013076782227,44.48688507080078,1.25,1.0
167,167,2010-08-03,1,33,46.22727272727273,19.439393939393938,53609.536761190175,29638.471272540162,578.843333517316,430.3956847522707,195667.55833466694,0.7435443406370258,85.24914786518056,4.750852134819439,0.08282302898155132,0.9965642708176533,46.27612528599974,19.472620690669125,1410.180492401123,38.56089401245117,45.394981384277344,1.25,1.0
168,168,2010-08-03,2,14,54.214285714285715,25.714285714285715,27463.876674098807,14892.231411295785,414.3057195032643,305.0843265731602,99272.89955194814,0.7363748850461053,11.407581326512883,78.59241867348712,0.9802450121971051,0.19778704725713764,54.2380413570318,25.658406485996483,526.4355659484863,34.58235168457031,45.10002136230469,1.25,1.0
169,169,2010-08-05,0,363,38.03168044077135,36.984848484848484,704499.0196484731,373132.1898914788,2098.3609967789043,1527.1136784214011,2516757.976688166,0.7277649940909128,61.555312185531434,28.444687814468566,0.47631014579739445,0.8792773424866951,38.16820800907266,36.45978139885655,12536.920930862427,22.397281646728516,47.549232482910156,1.25,1.0
170,170,2010-08-05,1,20,45.8,19.15,28707.89941278108,21029.82823426104,423.58514059145386,362.54162031983515,120611.43077783784,0.8558884285072338,94.1244292671381,-4.1244292671380975,-0.07192271779005219,0.9974102078210813,45.8453657097263,19.184167439525947,854.625560760498,38.94831085205078,45.88097381591797,1.25,1.0
171,171,2010-08-05,2,10,54.8,26.0,22564.023369089504,5906.630933123593,375.53314907849267,192.13652263956078,56669.331154675616,0.5116366507485097,6.395345735256086,83.60465426474391,0.9937769707533134,0.11138820584051133,54.85059463755709,25.984605875189914,373.01001358032227,34.77088928222656,40.8582763671875,1.25,1.0
172,172,2010-08-05,3,12,64.16666666666667,44.5,33057.94346893805,3725.4786567263486,454.54608862123416,152.5917481534951,54475.20269524357,0.33570137764544117,155.18500941398594,-65.18500941398594,-0.9076677040838529,0.4196895745228219,64.24292729112167,44.47822066924237,469.10167694091797,33.47373962402344,40.590457916259766,1.25,1.0
173,173,2010-08-06,0,437,40.5,37.378718535469105,863071.2813364547,397427.37963205867,2322.540744174974,1576.0460407933415,2874895.898084573,0.6785870365228807,39.31041899959476,50.68958100040524,0.7737250192508057,0.6335215817833993,40.85203714336495,36.93688585018032,15632.541318893433,22.71285629272461,48.558387756347656,1.25,1.0
174,174,2010-08-06,1,16,45.5,18.75,31572.0923125228,11475.02591100091,444.21343625926886,267.80386842567395,93432.59650456284,0.6028720578126953,124.0598717992576,-34.05987179925761,-0.5600589091336445,0.8284527858001518,45.51596369268708,18.78000398691805,672.6711540222168,38.76770782470703,44.21239471435547,1.25,1.0
175,175,2010-08-06,2,11,54.04545454545455,26.318181818181817,29117.030740692175,7738.229399443828,426.59282943964973,219.91801596623213,73682.48108827228,0.5155220641076059,146.56880738376225,-56.56880738376225,-0.8345480502172418,0.5509351612291596,54.04173267044508,26.310667221370586,411.1160583496094,35.45344543457031,41.562217712402344,1.25,1.0
176,176,2010-08-07,0,467,40.729122055674516,36.729122055674516,861509.1940665235,422235.57669939555,2320.4379894571134,1624.4914140650983,2960583.1882386534,0.700079649379108,43.666297531179225,46.333702468820775,0.723373411005639,0.6904570285325994,41.041990087556414,36.1960756202881,16987.99209022522,22.78426742553711,49.73246765136719,1.25,1.0
177,177,2010-08-07,1,9,46.05555555555556,17.38888888888889,13719.760081293136,8642.849232121991,292.82844893910516,232.41731368545342,53452.94352074269,0.7936978614184632,80.62770588783465,9.37229411216535,0.16284887735175038,0.9866510239924117,46.08185437248409,17.406533413474275,372.7830390930176,37.92264175415039,43.533233642578125,1.25,1.0
178,178,2010-08-07,2,22,53.54545454545455,23.818181818181817,72944.53116875376,15975.722595868076,675.2061313441334,315.98776277599023,167570.09766017197,0.4679871051332919,85.84258827319609,4.157411726803915,0.07249686753780687,0.9973686400710651,53.534151602371665,23.61023581979485,939.0925140380859,34.73674011230469,47.15519714355469,1.25,1.0
179,179,2010-08-08,0,424,40.700471698113205,37.117924528301884,749403.5852967438,459309.9324934203,2164.202487778038,1694.3102071592077,2879921.834476474,0.7828797059090051,47.14494796932014,42.85505203067987,0.6801459869314512,0.7330766920732388,41.0365447027382,36.521018135965036,15189.103887557983,21.063486099243164,49.533145904541016,1.25,1.0
180,180,2010-08-08,1,9,46.166666666666664,17.166666666666668,18988.32826631738,5007.887360981896,344.49535797232977,176.91607051406282,47867.47732963093,0.5135513916802121,77.56333012363267,12.436669876367333,0.2153603632471361,0.9765346455410896,46.18189210585344,17.182752432894244,376.4739112854004,40.375282287597656,43.645469665527344,1.25,1.0
181,181,2010-08-08,2,25,52.66,22.58,48545.687015176154,27478.818454226457,550.8271451597597,414.41840612950017,179285.12234314228,0.7523565419226098,61.43951088819789,28.560489111802113,0.478086291421235,0.8783128701977957,52.624198892068605,22.502718271689325,1118.805679321289,34.45991897583008,47.05188751220703,1.25,1.0
182,182,2010-08-09,0,462,41.76406926406926,35.36363636363637,908919.206543075,577660.000976646,2383.4313585446966,1900.098683254119,3556875.6913997256,0.7972114138895543,109.93579429047831,-19.935794290478313,-0.34096690828226667,0.9400752988226169,42.44084472170885,34.393825839385954,16841.96002960205,21.6325740814209,49.902000427246094,1.25,1.0
183,183,2010-08-10,0,462,40.81385281385281,35.28787878787879,923157.038749515,467258.28804214776,2402.0265386095275,1708.9073410408837,3223934.413738825,0.7114439884707214,118.17442180468227,-28.174421804682268,-0.472157283023886,0.8815143221113892,41.552543118266954,34.279144640357856,16730.376274108887,22.258771896362305,49.35228729248047,1.25,1.0
184,184,2010-08-11,0,500,40.266,34.828,930187.0599006186,403646.76832921844,2411.15514315833,1588.3300356215693,3007847.3059194763,0.6587423626092528,120.6509103955717,-30.6509103955717,-0.5098060304920831,0.8602893764739311,41.000581826907506,33.83643470652875,18294.885860443115,22.1709041595459,49.961795806884766,1.25,1.0
185,185,2010-08-12,0,527,39.31024667931689,34.55123339658444,982760.4287174968,415829.27070206887,2478.356850714674,1612.1206350295038,3137987.848810427,0.6504796250647371,121.32329380796534,-31.323293807965342,-0.5198664522866713,0.8542475471354133,40.01615285860817,33.5869553358134,19186.913566589355,21.877805709838867,49.91862487792969,1.25,1.0
186,186,2010-08-13,0,531,38.56026365348399,34.688323917137474,984846.2710140089,442723.3902709619,2480.985528744083,1663.4365600146918,3241308.401427877,0.670474108269689,123.30668423256573,-33.30668423256573,-0.5491203211084078,0.8357433056541937,39.29974980965843,33.787611412321375,19317.79787826538,23.872865676879883,49.605010986328125,1.25,1.0
187,187,2010-08-14,0,504,37.47420634920635,35.648809523809526,828692.0895076788,472337.8842529905,2275.8131644366135,1718.1710556813575,3071092.4141826956,0.7549701717744908,124.56318430978202,-34.56318430978202,-0.567314717466617,0.8235010694260042,38.14748686832699,34.90878709665002,18008.249086380005,23.816675186157227,48.612030029296875,1.25,1.0
188,188,2010-08-15,0,522,37.1455938697318,35.18007662835249,857146.0463759564,492567.9938351242,2314.554555384195,1754.5797107767792,3189557.2825675867,0.7580636657257512,128.9940187059178,-38.994018705917796,-0.6292392588085568,0.7772116540390127,37.86274300727511,34.47422325927477,18595.174297332764,23.765026092529297,48.25299072265625,1.25,1.0
189,189,2010-08-16,0,464,35.35775862068966,33.730603448275865,999766.3337127285,238710.7262433971,2499.7079000764375,1221.4507927138252,2398032.8043741873,0.48863740946551193,126.8200054136998,-36.8200054136998,-0.5993031456310962,0.8005221668615261,36.281607177099175,32.984210420119076,16738.830171585083,23.81627655029297,48.90353775024414,1.25,1.0
190,190,2010-08-16,1,51,51.40196078431372,40.754901960784316,95279.98946319852,18166.39823820648,771.6864221592801,336.95695420749297,204223.24101483557,0.4366501010405795,114.43360596164962,-24.43360596164962,-0.41363850628395793,0.9104412040978682,51.532757806717335,40.709188405894245,1668.0091037750244,27.700284957885742,40.81080627441406,1.25,1.0
191,191,2010-08-17,0,477,37.15199161425576,33.4664570230608,740353.159678305,559628.2544453396,2151.0944302818057,1870.207632933673,3159651.4884486543,0.8694214473367704,114.38776139992186,-24.387761399921857,-0.4129098948500007,0.9107718807335684,37.72642690028154,32.6835034955645,17044.016967773438,24.365886688232422,48.72257614135742,1.25,1.0
192,192,2010-08-17,1,11,51.31818181818182,23.863636363636363,35500.76032178061,5662.331618184227,471.0411362196818,188.12116471479607,69596.33600813047,0.3993731125577556,23.60883920569765,66.39116079430235,0.9163009555142028,0.40049039804189923,51.18838039675349,23.803910501116313,480.8355026245117,35.24090576171875,46.775569915771484,1.25,1.0
193,193,2010-08-18,0,492,37.43292682926829,33.22154471544715,742304.1299920959,640410.1734877881,2153.926835445113,2000.6407934206168,3384464.385239622,0.9288341463126721,82.54800374552786,7.451996254472135,0.129695490788619,0.991553871289452,37.984211746463075,32.426144331127986,17463.511098861694,24.417081832885742,49.07994079589844,1.25,1.0
194,194,2010-08-19,0,508,37.803149606299215,32.99409448818898,778918.6780037686,685021.8986435537,2206.409240717495,2069.151243027491,3585652.395054665,0.9377912333047657,61.6073851294342,28.392614870565808,0.4755108229713519,0.8797098710581277,38.33474447202314,32.25232547415441,18145.17767906189,24.146589279174805,47.25455093383789,1.25,1.0
195,195,2010-08-20,0,480,37.38333333333333,32.51875,771202.9412602133,614771.8730069379,2195.4540265913865,1960.1847377972726,3379957.442615515,0.8928379797779743,65.02583345155418,24.974166548445822,0.4222095838416936,0.9064982445169013,37.78761448496908,31.80566137486273,17286.625745773315,24.643747329711914,47.77587890625,1.25,1.0
196,196,2010-08-21,0,363,37.946280991735534,30.422865013774103,809225.3596105645,456830.6092563858,2248.923853216473,1689.7311347822208,2984573.2252407395,0.7513509772087306,36.40041310383734,53.59958689616266,0.8048895187716978,0.5934246898903556,38.37246187825978,30.0682004721673,13594.947170257568,26.669937133789062,48.863487243652344,1.25,1.0
197,197,2010-08-21,1,19,32.71052631578947,42.55263157894737,67791.7598293619,5965.915545182995,650.9212693817217,193.09834840669592,98718.12620031739,0.29665392343087915,177.56456741014244,-87.56456741014244,-0.9990967425021817,0.042493518582592676,32.702384199983534,42.54361151907368,501.6184539794922,25.596216201782227,27.691837310791016,1.25,1.0
198,198,2011-07-26,0,369,38.28861788617886,35.40243902439025,1142638.4418805938,361920.6358643585,2672.356686850337,1503.996002039979,3156683.115653401,0.562797627068489,39.14187618493864,50.85812381506136,0.7755852531980371,0.631242833639905,38.05501185821973,34.66876006780035,13373.644739151001,24.021087646484375,51.14341735839844,1.25,1.0
199,199,2011-07-26,1,24,48.833333333333336,17.708333333333332,57631.63923370476,15203.074660680013,600.1647650526102,308.2518720612254,145300.162202497,0.5136120779003149,59.58603549671298,30.41396450328702,0.5062439665794207,0.8623903097217259,48.87967084305304,17.817614781549093,1022.573413848877,36.130470275878906,45.92528533935547,1.25,1.0
200,200,2011-07-26,2,12,67.08333333333333,34.0,30900.709123854776,7686.9866889629375,439.4649383330738,219.18865574207612,75654.05070656742,0.4987625556056337,18.415320406600273,71.58467959339973,0.9487915758425908,0.3159027470759528,66.9494733240329,33.905024291413014,369.8152713775635,25.144853591918945,36.297813415527344,1.25,1.0
201,201,2011-07-27,0,474,38.232067510548525,34.84177215189873,1082748.260343564,345601.33528771764,2601.3797545047655,1469.696684880331,3002765.046938365,0.5649681413623989,46.85773242889652,43.142267571103474,0.6838122344676298,0.729658021262281,38.15357849942797,34.09013909270721,17423.479600906372,23.993982315063477,51.29503631591797,1.25,1.0
202,202,2011-07-27,1,32,48.90625,20.78125,198415.96737117966,36714.92224502315,1113.597681422637,479.0284584775676,418966.70811228786,0.4301629452618848,56.54403968164718,33.45596031835282,0.5512958664632642,0.8343098151289596,48.89088163062102,20.842378650557276,1359.0957221984863,35.11863708496094,47.82908248901367,1.25,1.0
203,203,2011-07-27,2,11,66.95454545454545,33.86363636363637,30897.870876560424,6777.64802547269,439.4447553202821,205.8161805087353,71035.21207663164,0.46835507311659585,13.025274878880651,76.97472512111935,0.9742707373585419,0.2253808561676059,66.85540898889867,33.78942256374624,328.253116607666,24.86397933959961,34.44398498535156,1.25,1.0
204,204,2011-07-28,0,569,38.68453427065026,33.16959578207381,1136984.7745425345,561951.0650964195,2665.737204018964,1874.0848851779958,3923706.126287285,0.7030268708980602,54.960364804039436,35.03963519596056,0.5741429595096237,0.8187550684090638,38.760682710474754,32.248620553151305,21206.528024673462,22.29747200012207,49.29722595214844,1.25,1.0
205,205,2011-07-29,0,607,40.92668863261944,33.71087314662274,1207221.6083486418,572195.8356997241,2746.840922255785,1891.0906834742948,4079770.612327572,0.6884602119300294,50.523476903422946,39.47652309657707,0.6357619942853268,0.7718851511865895,41.12352856317038,32.839650291743986,22984.668655395508,24.792163848876953,49.73766326904297,1.25,1.0
206,206,2011-07-30,0,578,43.20415224913495,35.19550173010381,1242037.5019211513,494613.5084265143,2786.1684060744055,1758.2191068424077,3847425.6841116394,0.6310527041398997,45.8322184637844,44.167781536215614,0.6967618607185988,0.7173025229622129,43.48584030232422,34.44435752874777,22164.23340988159,25.410232543945312,50.72043228149414,1.25,1.0
207,207,2011-07-31,0,553,45.219710669077756,35.52350813743219,1231659.3684787059,375215.58664571994,2774.5037489597867,1531.3710904074653,3336995.6572216814,0.5519441417160114,40.44586613942539,49.55413386057461,0.7610192337873397,0.6487293162835562,45.53140154696657,34.95198709364352,21471.539781570435,22.50191879272461,50.70798110961914,1.25,1.0
208,208,2011-08-01,0,38,29.105263157894736,19.81578947368421,304126.0591301811,24002.189666623988,1378.6906359164234,387.3160020143757,419393.9367700659,0.28093032035205245,15.893831139548382,74.10616886045162,0.9617708003217411,0.27385566937435796,29.125507729376213,19.830111264244223,1546.4520568847656,33.69029235839844,44.197425842285156,1.25,1.0
209,209,2011-08-01,1,13,25.96153846153846,36.80769230769231,44045.221360335316,4824.965137761969,524.6738353511596,173.65492250728832,71559.35000311269,0.33097690566380655,114.18277646563223,-24.18277646563223,-0.40964882528279206,0.912243300849301,25.959402378843926,36.80660334770022,349.7710361480713,26.535690307617188,27.623241424560547,1.25,1.0
210,210,2011-08-01,2,534,48.68539325842696,36.38202247191011,871480.634887117,399676.52602898463,2333.828178775053,1580.4993792093542,2897030.6514494177,0.6772132557071552,35.590051061070255,54.409948938929745,0.8132018296346838,0.5819817731499868,48.92363467734589,35.82522174794922,21097.5813331604,21.94339942932129,51.234291076660156,1.25,1.0
211,211,2011-08-02,0,22,25.363636363636363,18.818181818181817,50235.74179101414,14411.947211934821,560.3332813548009,300.12442432196787,132080.1762641048,0.5356177016583997,14.808100152072626,75.19189984792737,0.966787265471536,0.2555824393851613,25.391237038568512,18.83015422903941,889.0540885925293,38.65470886230469,43.91322326660156,1.25,1.0
212,212,2011-08-02,1,12,35.416666666666664,21.666666666666668,50349.66439013596,13814.981465956611,560.9682722207644,293.84287325410634,129462.30706966265,0.523813712477605,118.80664731208886,-28.806647312088856,-0.4818553377540638,0.8762507822980343,35.33349975526882,21.690228648760378,494.56929779052734,32.78596496582031,43.773216247558594,1.25,1.0
213,213,2011-08-02,2,577,50.94367417677643,35.650779896013866,930086.2588947894,447668.4061714459,2411.024495539694,1672.7006721381852,3167449.763013553,0.6937717452612445,36.15921658877531,53.84078341122469,0.8073805036313022,0.5900311198200183,50.909880770075944,35.12751394332924,22912.188579559326,21.323928833007812,51.82773971557617,1.25,1.0
214,214,2011-08-03,0,14,24.5,19.071428571428573,21096.82776840087,10265.20608087992,363.1186769535622,253.29338326434723,72237.43449719234,0.6975498627319021,27.853957478528997,62.146042521471,0.8841413700987382,0.46721947485087356,24.50309648990707,19.076283159853563,527.6187629699707,35.238487243652344,38.57896423339844,1.25,1.0
215,215,2011-08-03,1,530,52.550943396226415,34.68679245283019,1068118.8921016972,358080.45048293436,2583.7459386781056,1495.995593415415,3035777.9529785244,0.5790025911683853,42.507631090325475,47.492368909674525,0.7371873499978654,0.6756883978603782,52.38729025764204,34.28607632982175,21380.575805664062,22.86044692993164,50.785667419433594,1.25,1.0
216,216,2011-08-04,0,14,24.5,19.071428571428573,21096.82776840087,10265.20608087992,363.1186769535622,253.29338326434723,72237.43449719234,0.6975498627319021,27.853957478528997,62.146042521471,0.8841413700987382,0.46721947485087356,24.499775972489733,19.071354652183572,551.9734001159668,38.025001525878906,40.831787109375,1.25,1.0
217,217,2011-08-04,1,9,25.833333333333332,35.94444444444444,37024.686713229836,4055.8630352072187,481.04499993003407,159.21414500616808,60152.99217656903,0.3309755740717087,90.72167784763279,-0.7216778476327903,-0.012595321531360563,0.9999206757915958,25.83135840300177,35.90439967133375,241.32207679748535,25.865936279296875,28.34181785583496,1.25,1.0
218,218,2011-08-04,2,11,35.40909090909091,21.59090909090909,47077.759509492345,7922.776197324763,542.4352467662173,222.52494519329687,94801.77870431446,0.41023319653341456,130.65918174186783,-40.659181741867826,-0.6515581336392408,0.7585987071492736,35.32137968007579,21.659927310887046,455.9051818847656,33.912086486816406,43.796600341796875,1.25,1.0
219,219,2011-08-04,3,505,53.84059405940594,34.298019801980196,989043.4854124803,341223.8751334255,2486.2666357066378,1460.3592775697048,2851657.0687579694,0.5873703393661343,45.196419532113914,44.80358046788609,0.7046785503395381,0.7095267018875098,53.71236710160017,33.88678415322507,20312.395248413086,23.214170455932617,50.63572692871094,1.25,1.0
220,220,2011-08-05,0,12,24.666666666666668,18.916666666666668,22090.61845784976,7854.1239576745475,371.57282645742674,221.55873879282197,64658.066221714354,0.5962727169937634,33.250030290809406,56.749969709190594,0.836285865979072,0.5482936716428831,24.671954189854137,18.91756284007985,473.7407569885254,37.607757568359375,41.079559326171875,1.25,1.0
221,221,2011-08-05,1,9,26.055555555555557,35.05555555555556,50076.30017364342,5628.399196434873,559.4433627144676,187.5566447175838,82409.7244341189,0.3352558225153351,97.85522620059993,-7.85522620059993,-0.13667047031354357,0.9906165668634231,26.065605641076502,35.02285718575145,242.02340126037598,26.099613189697266,27.588581085205078,1.25,1.0
222,222,2011-08-05,2,10,35.1,21.8,34958.1265055208,7066.894215305664,467.42731056230014,210.162053771989,77153.96838174984,0.44961440853588713,121.5866061176851,-31.586606117685093,-0.5237867857097903,0.8518494016642885,35.06256472314047,21.82149230456799,420.6896514892578,37.48381423950195,43.53643035888672,1.25,1.0
223,223,2011-08-05,3,434,54.92626728110599,33.025345622119815,1123923.0585903502,260576.69648684014,2650.380937938863,1276.1678389000215,2656476.487725477,0.48150355318072363,44.629879190503175,45.370120809496825,0.7116597832164852,0.7025242721445754,54.65669059175494,32.70808577250685,17747.224534988403,22.603017807006836,49.94757080078125,1.25,1.0
224,224,2012-07-13,0,408,39.05882352941177,34.7328431372549,1667963.4988588588,190234.56028986507,3228.741530049729,1090.39717617557,2765081.136165395,0.33771584564056933,164.85806646185083,-74.85806646185083,-0.9652817147216127,0.261211047285721,40.91891200648334,34.113433108314766,14787.672592163086,25.12384605407715,49.21858215332031,1.25,1.0
225,225,2012-07-13,1,27,47.05555555555556,17.833333333333332,57683.41423872963,31784.232424902584,600.434291985443,445.7033235860387,210184.7689537531,0.7423015799318211,106.91882240710012,-16.918822407100123,-0.2910165035851743,0.95671803298624,47.09103641444084,17.951158715964322,1111.4629249572754,33.802581787109375,45.319061279296875,1.25,1.0
226,226,2012-07-14,0,565,39.2858407079646,31.220353982300885,1490533.625926659,392134.4995042202,3052.1853092565693,1565.516088036586,3752825.0085132015,0.5129164612937293,147.19666023496947,-57.19666023496947,-0.840535025952447,0.5417572059023482,40.76668132064773,30.43304247744141,21225.15330886841,25.777864456176758,49.55263137817383,1.25,1.0
227,227,2012-07-14,1,16,59.0,44.6875,25655.086457520105,7907.230015746165,400.43013168279515,222.30651721983665,69914.75275204304,0.5551693032829483,10.599095461102394,79.4009045388976,0.9829382531005099,0.18393583281056997,58.99291065689623,44.67566651631383,609.3844032287598,34.9803466796875,39.45953369140625,1.25,1.0
228,228,2012-07-15,0,547,36.92961608775137,30.690127970749543,1330499.0091228855,295649.6407836743,2883.681467676004,1359.3418462248428,3078689.2430445333,0.47139112327838134,135.08553217110423,-45.085532171104234,-0.708161574631322,0.7060504119506528,38.0735637212412,29.847353193733145,20609.63141822815,25.644718170166016,49.1834716796875,1.25,1.0
229,229,2012-07-15,1,35,60.01428571428571,44.1,59653.66474308648,14279.382951135703,610.6024931526979,298.740930313538,143266.01589659616,0.48925599496173305,15.215921561719455,74.78407843828055,0.9649435991220222,0.2624573308433927,60.026015292494954,44.08254600293185,1368.3064804077148,34.82273864746094,40.8515625,1.25,1.0
230,230,2012-07-15,2,9,64.38888888888889,28.72222222222222,19760.25680750692,4084.7894665048293,351.42795143089893,159.78089424476002,44101.263249652504,0.4546618833083277,32.016322213557686,57.983677786442314,0.8478971002717699,0.5301608315886078,64.3628236876992,28.705802355966718,384.61597061157227,36.5355224609375,46.776222229003906,1.25,1.0
231,231,2012-07-16,0,510,36.57450980392157,30.392156862745097,1260427.3008134477,260005.93482708937,2806.718837020204,1274.7694272570661,2810091.2975366944,0.4541849402380627,131.96104524393328,-41.961045243933285,-0.6686251959369571,0.7435995880568155,37.77518608228524,29.47683287015791,19139.737615585327,25.69438934326172,48.482696533203125,1.25,1.0
232,232,2012-07-16,1,46,60.34782608695652,43.73913043478261,59373.81958117637,19602.190212281115,609.1685910996662,350.0195549205172,167463.31828125415,0.5745856894700772,16.79669010710046,73.20330989289954,0.9573361928764127,0.288976493523082,60.377846024979405,43.72208175613428,1814.2487678527832,35.8735237121582,41.76666259765625,1.25,1.0
233,233,2012-07-17,0,406,37.60591133004926,28.854679802955665,998200.1757320308,235316.2734778982,2497.749206450718,1212.7352181069302,2379056.196602412,0.4855312194574641,137.62667691453666,-47.62667691453666,-0.7387692157590263,0.6739584897060005,38.756437136072584,28.242390568167682,15612.71947479248,27.00155258178711,48.61369323730469,1.25,1.0
234,234,2012-07-17,1,69,61.44202898550725,43.05072463768116,72417.85124509863,38902.444254047245,672.7641267798592,493.0925639145203,260544.0504540691,0.7329352804149578,10.937954382688673,79.06204561731133,0.9818332349634111,0.18974587932622694,61.46788325904573,43.01122425069643,2756.063503265381,34.473411560058594,42.017295837402344,1.25,1.0
235,235,2012-07-18,0,370,38.92972972972973,29.386486486486486,811297.1915616819,190466.59418767173,2251.800934199227,1091.0619660096984,1929608.8976257145,0.48452860527731145,137.067191563532,-47.06719156353199,-0.732152987569659,0.6811402225627429,39.97324802252758,28.91156505266173,14487.651126861572,26.090579986572266,48.74105453491211,1.25,1.0
236,236,2012-07-18,1,72,61.583333333333336,42.97222222222222,73685.98047757795,42350.3474097672,678.6290429865658,514.4800008854037,274214.7556445958,0.7581166856950866,10.475938687412594,79.5240613125874,0.9833313505094703,0.18182259239495296,61.60061182551314,42.93218213430649,2904.6218185424805,35.372642517089844,42.45667266845703,1.25,1.0
237,237,2012-07-19,0,381,40.158792650918635,29.507874015748033,771182.4349169247,219077.00650496178,2195.42483775482,1170.1415686386033,2017654.7878215064,0.5329909494124444,140.460746336832,-50.46074633683199,-0.7711886215406167,0.6366067153323811,41.07672340295431,29.051162275295844,15208.396741867065,25.741344451904297,49.98297119140625,1.25,1.0
238,238,2012-07-19,1,77,62.05844155844156,43.05844155844156,92075.30108682014,39978.86737407931,758.5978063457776,499.867903638547,297821.95874362247,0.6589366584731481,12.208026428790419,77.79197357120958,0.9773862807099466,0.21146171823755097,62.04907738305612,43.00868569711919,3091.714626312256,34.747764587402344,42.81713104248047,1.25,1.0
239,239,2012-07-20,0,421,39.77553444180523,30.870546318289787,1097670.844399939,206089.13010969333,2619.244695995321,1134.9260166132344,2334713.0252537285,0.4333027831834395,134.78062115899266,-44.78062115899266,-0.7043941753996381,0.7098090205562788,40.83947068193795,30.14114765974838,16557.441471099854,25.747194290161133,51.46471405029297,1.25,1.0
240,240,2012-07-20,1,38,65.02631578947368,42.973684210526315,65064.39624825829,14975.602533755393,637.6930896219703,305.9371109165595,153226.45475245613,0.47975603922244403,47.40904430276594,42.59095569723405,0.676759766218332,0.7362039247573383,64.9907171093834,42.933290244408475,1533.5247268676758,36.1029052734375,42.33525085449219,1.25,1.0
241,241,2012-07-21,0,419,40.12052505966587,31.59307875894988,1250438.9120879448,227974.85281845738,2795.575647438226,1193.6678055955763,2620864.7557739206,0.4269846200332351,131.86047962997603,-41.86047962997603,-0.6673189998817991,0.7447720137040297,41.25554757264746,30.623420020692894,16309.418939590454,25.681238174438477,50.0322265625,1.25,1.0
242,242,2012-07-21,1,10,68.1,44.1,26193.90220322704,4890.654152618201,404.6132582728462,174.83303021415534,55558.87916077758,0.43209911351016267,64.61799212654635,25.382007873453645,0.42865144524149135,0.9034699433253885,68.07206548699438,44.07362330746718,385.1549644470215,36.172725677490234,40.6656608581543,1.25,1.0
243,243,2012-07-22,0,427,39.58196721311475,32.649882903981265,1186887.2174071074,233635.7376983499,2723.6088391680664,1208.3970211046894,2584903.0699008578,0.4436749520440672,129.6251452870554,-39.6251452870554,-0.6377620819969819,0.7702334235586474,40.729994534755924,31.594099399477866,16189.53620147705,21.40384292602539,50.51010513305664,1.25,1.0
244,244,2012-07-22,1,20,51.8,41.9,48025.38849585768,15515.211068231754,547.8673909798889,311.400175299322,133993.64031487575,0.5683860372532243,79.02573425890974,10.974265741090264,0.19036808070206238,0.9817127858237423,51.89373317260108,41.964510539586655,630.278938293457,28.201650619506836,37.62602233886719,1.25,1.0
245,245,2012-07-23,0,448,40.65625,33.935267857142854,974161.3112893212,370388.4534842795,2467.490262505256,1521.4886901573561,2948587.7523981933,0.6166138579256563,127.42614887051732,-37.42614887051732,-0.6077383344884614,0.7941373412661006,41.59808811973579,32.915353911163976,16868.634050369263,22.664457321166992,50.99679946899414,1.25,1.0
246,246,2012-07-24,0,469,40.61727078891258,33.56396588486141,970571.9153128421,378846.0301810017,2462.9402085120264,1538.7617387468604,2976563.3445416004,0.6247661772010681,124.71189899152222,-34.71189899152222,-0.5694502512157151,0.822025797277895,41.50804950844735,32.55634163151083,17653.62297821045,21.851835250854492,50.566925048828125,1.25,1.0
247,247,2012-07-25,0,479,39.8027139874739,32.76304801670146,1052683.221709689,303815.57355335844,2565.0087983641606,1377.9866961289904,2776027.5073256674,0.5372249393482799,123.51927075099378,-33.51927075099378,-0.5522174216231045,0.8337001374930499,40.604756066643695,31.76790640519025,18209.037254333496,22.200721740722656,49.967193603515625,1.25,1.0
248,248,2012-07-26,0,455,39.27362637362637,32.572527472527476,1094362.6166555204,245756.41386491788,2615.2946973710254,1239.3456284086924,2545674.978121579,0.47388373847678456,125.75258848344468,-35.75258848344468,-0.5842863299724363,0.8115475861632152,40.09357296886719,31.58758101601021,17358.58399772644,22.824522018432617,49.44982147216797,1.25,1.0
249,249,2012-07-27,0,423,38.52127659574468,32.984633569739955,1102886.3911541163,259553.42398425718,2625.45994917333,1273.65964837613,2626326.2160815657,0.4851186736926469,125.71793378551882,-35.717933785518824,-0.5837953678380284,0.8119008366117509,39.43512787899844,31.969198944222352,15714.531162261963,21.772600173950195,50.786163330078125,1.25,1.0
250,250,2012-07-28,0,415,37.74578313253012,33.19397590361446,1131159.8680967838,259480.8382295559,2658.8999935320808,1273.4815424397498,2659405.356170103,0.4789505229747501,127.51487842212292,-37.51487842212292,-0.6089674244564588,0.7931952319264578,38.788879711086594,32.125653261048555,15119.99252319336,20.952638626098633,49.997562408447266,1.25,1.0
251,251,2012-07-29,0,217,30.043778801843317,39.495391705069125,250537.00241646744,150858.51297316866,1251.3417858854236,971.0127218951892,954312.7988429937,0.7759772212898018,34.322985293508964,55.677014706491036,0.8258721588166825,0.563857408651755,30.012280937080604,39.57228349903591,6716.902711868286,25.67724609375,41.96662521362305,1.25,1.0
252,252,2012-07-29,1,9,36.05555555555556,21.61111111111111,36329.62271104765,11959.696529553214,476.50828108653866,273.4009936150701,102319.97431556912,0.5737591653006713,115.15912337700385,-25.15912337700385,-0.4251336509976718,0.9051305865947685,35.98612874103812,21.588612899992636,356.58503341674805,33.08580017089844,43.16721725463867,1.25,1.0
253,253,2012-07-29,2,161,45.201863354037265,26.23913043478261,257646.5562082449,190521.97328154626,1268.9724095903468,1091.2205702834162,1087563.4535488186,0.8599245831008154,121.26265708715232,-31.26265708715232,-0.5189621022394513,0.8547972487316564,45.20250270387312,26.412179415291927,6941.314800262451,31.680889129638672,49.292327880859375,1.25,1.0
254,254,2015-07-16,0,13,21.5,43.11538461538461,39832.926198201676,8786.448728147498,498.9546960784721,234.3401471172233,91832.7720556145,0.4696621736582832,88.61759890971196,1.3824010902880417,0.024125109775776477,0.9997089471832823,21.521371894628867,43.16260393282855,420.55888175964355,30.244091033935547,34.32392120361328,1.25,1.0
255,255,2015-07-16,1,206,47.98543689320388,24.0,512671.49264907103,237127.5582055389,1790.027047018199,1217.3936252439546,1711514.1648443607,0.6800978942032586,84.13054402670022,5.869455973299779,0.10226225226889729,0.994757473840178,48.09959578481335,24.222290019893748,9018.530380249023,33.457672119140625,50.96934509277344,1.25,1.0
256,256,2015-07-16,2,159,63.380503144654085,38.776729559748425,283275.89577357325,101978.19272303031,1330.5917287375692,798.3506150301004,834311.759624588,0.5999966765068911,91.08937504731462,-1.0893750473146184,-0.0190120358378608,0.9998192549122565,63.22079660382837,38.84286133314925,6495.171548843384,20.905195236206055,47.024871826171875,1.25,1.0
257,257,2015-07-28,0,379,39.3311345646438,33.88522427440633,1347460.9789632545,572615.641365415,2902.00467238086,1891.7842790693244,4311809.855181465,0.6518887778072626,125.51641354147823,-35.51641354147823,-0.5809361518299007,0.813949130779723,40.36206616486922,32.78534342347465,13444.823741912842,24.26141357421875,49.457298278808594,1.25,1.0
258,258,2015-07-29,0,491,39.5,34.789205702647656,1061879.0829604706,625691.8036306351,2576.1879334596188,1977.517072667508,4001176.088099025,0.7676136694002201,127.00083390187055,-37.00083390187055,-0.6018266466956892,0.7986267509462865,40.401744234115604,33.85347846128871,17662.508152008057,23.68642807006836,49.75050354003906,1.25,1.0
259,259,2015-07-30,0,527,39.129981024667934,35.591081593927896,818338.7279752706,684633.4788798281,2261.5519118175116,2068.5645368223168,3674223.0496316287,0.914665953946598,153.06764808025284,-63.06764808025284,-0.891541921318217,0.45293818842334577,39.94046014345507,34.817513540607216,18936.550092697144,23.652690887451172,50.84403991699219,1.25,1.0
260,260,2015-07-31,0,536,39.69216417910448,35.5634328358209,831628.4469654731,646757.1859350165,2279.841615887868,2010.530380793549,3600022.3611444896,0.8818728313328741,22.045716533989037,67.95428346601096,0.9268846593377579,0.3753462778346529,40.45783531646625,34.88676860401853,19060.502674102783,25.193260192871094,49.51716232299805,1.25,1.0
261,261,2015-08-01,0,556,40.235611510791365,34.719424460431654,1019842.6749453199,537249.9850865152,2524.681508311147,1832.4334658564603,3633496.0735299783,0.7258077740990954,33.01679929728493,56.98320070271507,0.8385108420722635,0.5448849123688998,40.97356200468558,34.050766440764036,20198.36265182495,24.563127517700195,49.92430114746094,1.25,1.0
262,262,2015-08-02,0,655,41.06793893129771,34.577862595419845,1414704.09879081,448369.15885424416,2973.5333556969836,1674.0093317658136,3909494.1767529254,0.5629697506364219,32.63393389982855,57.36606610017145,0.8421331578138781,0.5392696398930927,41.69338900923755,33.94249599994546,24233.023916244507,21.778709411621094,49.55170440673828,1.25,1.0
263,263,2015-08-03,0,702,41.55840455840456,34.50997150997151,1560356.8625001176,448998.7772921976,3122.8561271095623,1675.1842758563116,4108700.127581739,0.5364269782760759,31.71613893119141,58.28386106880859,0.850663062139207,0.5257112845583094,42.18532436933845,33.93539619034809,26249.51654624939,21.793256759643555,49.14149856567383,1.25,1.0
264,264,2015-08-04,0,703,40.770270270270274,34.64935988620199,1567297.9833589462,520729.4582921161,3129.7943057002026,1804.0396653970017,4434572.500802491,0.5764083799728811,29.17929968842924,60.82070031157076,0.8730982784248373,0.4875442505163867,41.44919582245501,34.02168366936774,26149.674589157104,22.114601135253906,49.20820236206055,1.25,1.0
265,265,2015-08-05,0,660,39.28333333333333,33.875757575757575,1261423.0162573117,580387.5491648423,2807.827247465235,1904.5792664733765,4200096.974268608,0.6783107002728657,28.802574443182664,61.197425556817336,0.8762850327575181,0.48179304827400266,39.82793697761996,33.09971510526132,24307.216499328613,21.30497932434082,49.541046142578125,1.25,1.0
266,266,2015-08-06,0,545,37.12385321100918,33.090825688073394,948136.6801708327,616814.8387212269,2434.3077560299776,1963.4390089859344,3753900.692002498,0.8065697544290926,30.95302791162061,59.04697208837939,0.8575892498812174,0.5143351810718092,37.68613416646024,32.27162715896672,19990.586627960205,24.757892608642578,49.48218536376953,1.25,1.0
267,267,2015-08-07,0,432,35.28472222222222,31.108796296296298,883053.3816591464,627028.393655628,2349.273001455911,1979.6281116279579,3652640.9306098525,0.842655625974983,148.50274004448147,-58.50274004448147,-0.8526651507223189,0.522457788480261,36.01543185868515,30.147777890043397,15992.561529159546,26.234342575073242,50.25559997558594,1.25,1.0
268,268,2015-08-08,0,354,35.87570621468927,26.63276836158192,1121368.1966446433,270138.9008959607,2647.366848215226,1299.3722063364885,2701702.846704314,0.49081683077375,178.56295121459956,-88.56295121459956,-0.9996854823684621,0.025078603265237028,36.39030423980138,26.2140387020398,13941.332328796387,26.819934844970703,49.83989715576172,1.25,1.0
269,269,2015-08-08,1,68,34.161764705882355,43.11764705882353,155410.5292173621,28963.7854770059,985.5535539018229,425.46875235590085,329334.9179205338,0.4317053605777819,167.32862827904196,-77.32862827904196,-0.97564427002144,0.2193587435556911,34.18850717054287,43.13269040756157,1897.8820724487305,25.211862564086914,32.509788513183594,1.25,1.0
270,270,2015-08-09,0,331,31.231117824773413,30.370090634441087,969893.7797418921,230159.09344004025,2462.079633843476,1199.3724750886404,2319241.9341031425,0.48713797011363813,73.22905263796184,16.770947362038157,0.28854633737373836,0.9574659321292851,30.905424534359252,29.039913452853263,11985.526027679443,24.252540588378906,45.601593017578125,1.25,1.0
271,271,2015-08-09,1,104,52.51923076923077,25.221153846153847,224741.73701586702,83742.75424404362,1185.17334443075,723.4585088484845,673419.0310333066,0.6104242153673888,113.59903682380867,-23.599036823808675,-0.40033362789686006,0.9163694595385304,52.46965027979739,25.03805431705037,4442.215446472168,34.225196838378906,48.653160095214844,1.25,1.0
272,272,2015-08-10,0,244,29.59016393442623,25.75,324005.3095035503,268188.8907795469,1423.0366068366582,1294.673923183814,1446992.747142971,0.9097966397799222,132.57406455420625,-42.574064554206245,-0.6765426994340668,0.7364034056429031,29.565563950293875,25.19618301551768,9457.284000396729,26.517356872558594,45.245330810546875,1.25,1.0
273,273,2015-08-10,1,105,35.55714285714286,43.18571428571428,253585.58994234214,39225.77428321591,1258.9320621620684,495.1374448272918,489573.5504348769,0.3932995748610542,166.38926688966373,-76.38926688966373,-0.9719169347962112,0.2353241845972003,35.56725081896371,43.196556654483594,3137.3438472747803,22.32626724243164,38.09041976928711,1.25,1.0
274,274,2015-08-10,2,126,51.3968253968254,22.99206349206349,476064.2491122144,138460.60110840978,1724.9352326830535,930.2573605876823,1260276.3583455973,0.539299878025398,78.6534897201778,11.346510279822198,0.1967421009179555,0.9804552747200603,51.483723648790416,23.169285065518373,5206.503637313843,30.925127029418945,49.25183868408203,1.25,1.0
275,275,2015-08-10,3,19,50.973684210526315,40.81578947368421,40625.9172338207,7019.472460837747,503.8967976792265,209.45573012031903,82894.1200417605,0.415671881792064,100.69569753055528,-10.695697530555279,-0.18559282824876075,0.9826267358985435,50.99341018071761,40.787530142735406,567.1015586853027,28.260217666625977,31.236513137817383,1.25,1.0
276,276,2015-08-11,0,248,29.673387096774192,25.274193548387096,394421.8985444688,246322.0848419731,1570.0754331887783,1240.7711433871807,1530037.5318196502,0.790262121907869,123.94088869990195,-33.94088869990195,-0.55833729889615,0.8296140431919841,29.715940460492206,24.653985956103607,9610.560441970825,26.312204360961914,46.028873443603516,1.25,1.0
277,277,2015-08-11,1,264,43.42045454545455,34.621212121212125,1779709.366981714,334737.5802997743,3335.143706594322,1446.4127615841853,3788756.3568712543,0.43368828717164576,121.01524280577054,-31.01524280577054,-0.5152660950252422,0.8570302511098649,44.3755909647491,33.25725578867894,9060.527114868164,23.200225830078125,47.808319091796875,1.25,1.0
278,278,2015-08-12,0,455,34.128571428571426,32.996703296703295,1207544.216785887,531937.6326744116,2747.2079198545916,1823.3513660880267,3934157.8215249567,0.663710727138751,62.46611930055545,27.533880699444552,0.46227304837593736,0.8867376324174013,33.76200214852065,31.676293189696075,15909.199584960938,22.375308990478516,46.031524658203125,1.25,1.0
279,279,2015-08-12,1,36,48.22222222222222,14.916666666666666,215857.87387306598,40812.96331874524,1161.5126825423226,505.0554630356529,460736.80960421026,0.4348256120029494,52.326210754577254,37.67378924542274,0.6111650199543008,0.7915032017523739,48.39708882381973,15.29870620534946,1382.731164932251,30.9638614654541,45.97492980957031,1.25,1.0
280,280,2015-08-12,2,13,52.42307692307692,27.192307692307693,63661.18436203216,10101.956682371138,630.7792024652533,251.2712264960308,124482.98869369477,0.3983505250553535,136.55808175963722,-46.55808175963722,-0.7260717955698927,0.6876188971210084,52.42574479864887,27.18905774346715,472.36401748657227,34.84098434448242,41.3323860168457,1.25,1.0
281,281,2015-08-13,0,438,34.1324200913242,33.34474885844749,1214133.5371435136,551327.3584403762,2754.693196555101,1856.2855357547642,4016131.259315317,0.673862896265963,62.556663344291294,27.443336655708706,0.4608711676330589,0.8874670511317819,33.74551721748327,32.05471885821637,14984.54051399231,21.35637664794922,45.74647521972656,1.25,1.0
282,282,2015-08-13,1,28,45.964285714285715,12.428571428571429,89176.18712295935,29727.650061085445,746.5595552388945,431.0427042437721,252740.38251469476,0.5773721616969205,20.572241038281476,69.42775896171852,0.9362298879727224,0.3513881000639941,45.84626292824584,12.410579628148351,1017.2478904724121,32.342185974121094,42.440574645996094,1.25,1.0
283,283,2015-08-14,0,439,35.162870159453306,32.65717539863326,1235958.748866664,771672.5412921659,2779.3420409184346,2196.122351572434,4793893.81516227,0.7901590805450935,77.26520630919046,12.73479369080954,0.22043857124157307,0.9754008592927187,35.02832626988178,31.63774039392542,14995.760976791382,22.79604148864746,44.143226623535156,1.25,1.0
284,284,2015-08-15,0,441,34.502267573696145,34.40249433106576,1034012.3252495432,478982.3905814915,2542.1599148774344,1730.213842602793,3454558.3295920724,0.6806077904372165,45.62732525833914,44.37267474166086,0.6993225177001449,0.7148062788179259,34.432872636563246,33.4567005365863,15236.74326133728,22.3067569732666,49.363250732421875,1.25,1.0
285,285,2015-08-15,1,46,43.58695652173913,15.195652173913043,240660.65801158437,58130.31481554808,1226.4294160580143,602.7557279671223,580595.661305905,0.49147200815233044,127.76880244339995,-37.76880244339995,-0.6124767233483557,0.7904886231670016,43.52332666561178,15.255253380818706,1671.108943939209,32.20989227294922,41.40583801269531,1.25,1.0
286,286,2015-08-16,0,490,36.54081632653061,31.220408163265308,1134785.3544898285,824172.0447758215,2663.157611851283,2269.5980436740083,4747180.003045261,0.8522206998091663,79.62709913743473,10.372900862565274,0.18005392609202406,0.9836567407885984,36.704219081153774,30.301356864198794,17393.146160125732,25.186185836791992,48.681541442871094,1.25,1.0
287,287,2015-08-17,0,480,38.88125,30.235416666666666,1079859.2244539096,719585.7379913984,2597.906879169639,2120.709990179289,4327078.195923081,0.8163148599295156,54.5236697826744,35.4763302173256,0.5803665823136753,0.8143553463528952,39.279089778655916,29.36376804034882,17324.18970298767,21.39854621887207,48.882530212402344,1.25,1.0
288,288,2015-08-18,0,486,40.89506172839506,31.207818930041153,1055854.8069968652,751522.6419726177,2568.8698962248764,2167.260139514604,4372633.062418139,0.8436628661885662,35.7932111672381,54.2067888327619,0.8111331234589791,0.5848615699699208,41.19889075416731,30.34811813403,17257.36184310913,20.906280517578125,49.14459228515625,1.25,1.0
289,289,2015-08-19,0,491,41.21486761710794,31.75254582484725,1028930.6720495056,608297.6850856802,2535.905499088917,1949.8360268970057,3883479.6824962683,0.7688914384221058,29.43096858376262,60.56903141623738,0.8709483485526606,0.49137457621797376,41.562257073429855,31.051753830327172,17743.83069229126,21.58724021911621,49.73345947265625,1.25,1.0
290,290,2015-08-20,0,478,41.23849372384937,31.564853556485357,1030054.171596345,611462.6656556727,2537.289611470704,1954.901956709838,3895694.6057117237,0.770468592892203,29.088766140345257,60.91123385965474,0.8738675609667318,0.4861640524453194,41.50598643192887,30.768018968104016,17393.06064414978,21.16663932800293,49.59380340576172,1.25,1.0
291,291,2016-06-07,0,234,29.307692307692307,21.50854700854701,460865.20111857064,210853.9507865807,1697.1763334995767,1147.9709022515028,1530198.347124586,0.676400489208088,155.23900999989246,-65.23900999989246,-0.9080628532890993,0.4188339223086637,29.022383415382695,21.650324833660605,9810.19882774353,26.069761276245117,46.208656311035156,1.25,1.0
292,292,2016-06-07,1,175,64.15142857142857,27.28857142857143,923477.5340888556,120313.53766986154,2402.4434619893445,867.1560473390211,1636214.7916851614,0.36094753573138083,86.32076733077847,3.679232669221534,0.06417060122439944,0.9979389429912529,64.25140357392623,28.3519772835717,6209.096366882324,29.44997215270996,48.34049987792969,1.25,1.0
293,293,2016-06-08,0,203,30.46551724137931,20.396551724137932,423034.33165339637,208483.21021037034,1626.0272361906266,1141.4990424064379,1457784.2329146813,0.7020171722834627,162.84447018846188,-72.84447018846188,-0.9555075885245137,0.2949665205952509,30.2740314597332,20.521023627395486,8404.471633911133,27.280916213989258,45.94475555419922,1.25,1.0
294,294,2016-06-08,1,177,64.1045197740113,27.24576271186441,909979.6714453613,114677.11193257911,2384.821365749122,846.6002300841994,1585711.2868520564,0.35499523873909306,86.55049599838955,3.4495040016104497,0.06016883835084244,0.9981882141617934,64.16667386050513,28.377833395901867,6332.518449783325,29.304380416870117,46.737892150878906,1.25,1.0
295,295,2016-07-17,0,388,42.43556701030928,33.605670103092784,984842.324739737,286854.4952523639,2480.980558090562,1338.9699755137435,2609060.086809957,0.5396938606178581,99.40398896120949,-9.403988961209492,-0.16339464749967034,0.9865607883797421,42.75422714164891,32.802410171141716,14627.874126434326,22.803205490112305,50.05262756347656,1.25,1.0
296,296,2016-07-18,0,365,43.4041095890411,33.96849315068493,968846.5882533641,251320.92745899694,2460.75012477568,1253.2979680102935,2422209.6650351267,0.5093154137803988,96.74610338875381,-6.746103388753809,-0.11746985989536068,0.9930764482234811,43.62731223722763,33.0061441500091,13590.207838058472,23.48622703552246,49.40713882446289,1.25,1.0
297,297,2016-08-03,0,372,40.32795698924731,33.38709677419355,856291.985141389,323014.71690822754,2313.4011556869423,1420.8595921752517,2581618.0750895645,0.6141864279277327,124.47139276618303,-34.47139276618303,-0.5659946880311184,0.8244088870946,41.34249209066371,32.315675561920365,13802.002174377441,25.92078971862793,50.574249267578125,1.25,1.0
298,298,2017-06-30,0,223,27.966367713004484,37.20403587443946,271607.8452913807,237838.2977839539,1302.9002391093222,1219.2166998321964,1247618.9074600753,0.9357713378467618,156.43419562058696,-66.43419562058696,-0.9166015051225468,0.3998020520296034,28.218845506795827,37.022954319316376,7627.453077316284,26.165119171142578,44.69780731201172,1.25,1.0
299,299,2017-06-30,1,189,45.076719576719576,21.28306878306878,350282.4138662877,218104.29095425387,1479.6165336546824,1167.540927961023,1356785.428062547,0.7890834560203066,48.17131115105122,41.82868884894879,0.6669056575992142,0.7451421635246255,45.208233725016875,21.48195820416035,8003.47110748291,29.70293426513672,47.23906707763672,1.25,1.0
300,300,2017-06-30,2,21,57.023809523809526,44.833333333333336,62952.02192042261,8721.13893710076,627.2560378367364,233.4675959461607,115016.81659354808,0.37220462118043124,3.8543094569770346,86.14569054302297,0.997738200424224,0.06721966538321186,57.045047514509776,44.823235877841185,788.2591438293457,34.36406707763672,39.31345748901367,1.25,1.0
301,301,2017-07-01,0,282,29.117021276595743,35.843971631205676,301404.2974539237,254293.30306644258,1372.5075078435902,1260.6875680220164,1358976.9178235838,0.9185287226608623,144.93868762074817,-54.93868762074817,-0.8185377895901289,0.5744526847468866,29.319773574250323,35.570393073464615,9973.837299346924,25.763792037963867,45.32354736328125,1.25,1.0
302,302,2017-07-01,1,167,45.134730538922156,20.643712574850298,301904.3439228066,171473.730257133,1373.6455691034503,1035.2346662023454,1116871.9335582138,0.7536403053940773,59.63982328125457,30.360176718745436,0.5054341540760233,0.8628651782830588,45.358935348979074,20.939505316257637,6983.313449859619,29.51307487487793,46.861305236816406,1.25,1.0
303,303,2017-07-01,2,15,45.56666666666667,44.233333333333334,28494.730709535237,18243.040329581178,422.0095578711402,337.66699877228507,111918.21794162621,0.8001406424908296,144.05821444711984,-54.05821444711984,-0.80961378635661,0.5869629604509243,45.71801291205978,44.28281225570159,501.07996940612793,21.366010665893555,37.43422317504883,1.25,1.0
304,304,2017-07-01,3,59,58.92372881355932,43.73728813559322,127217.1601632936,23807.999958132405,891.6878663638892,385.746030100541,270149.52210759185,0.43260208493531505,8.898977596226217,81.10102240377378,0.9879626263125202,0.15469275681061367,58.937431502041505,43.70624741260584,2285.2353553771973,33.310203552246094,40.884117126464844,1.25,1.0
305,305,2017-07-02,0,562,36.63879003558719,30.775800711743774,1084345.1422746475,535475.8348045261,2603.297358969303,1829.4053589973678,3740447.867217906,0.7027262378208172,129.37009254387755,-39.37009254387755,-0.634327072511812,0.7730647871159276,37.300066610372106,30.036410603383988,21299.67643737793,22.977325439453125,47.44423294067383,1.25,1.0
306,306,2017-07-02,1,78,58.46153846153846,43.1025641025641,115490.28536777518,46848.32381958523,849.5965416293755,541.1118404474325,361068.54376288597,0.6369044763408241,10.232193469738235,79.76780653026177,0.9840959518776257,0.17763771417711327,58.396770691195584,43.03796178380087,3052.5185012817383,32.7148551940918,43.040504455566406,1.25,1.0
307,307,2017-07-03,0,661,42.21104387291982,32.16868381240545,1254644.8251767862,746372.1843909773,2800.2732290537137,2159.8208611928,4750157.629142718,0.7712893294782739,40.96964471739429,49.03035528260571,0.7550570541164332,0.6556590920814059,42.77779320475821,31.686766018541118,26003.299909591675,24.785017013549805,49.51861572265625,1.25,1.0
308,308,2017-07-04,0,615,46.613821138211385,31.864227642276422,1435794.7581248272,562965.4148505843,2995.6163369630917,1875.7755310314055,4413233.824277808,0.6261734882021097,50.843214008705274,39.156785991294726,0.6314446391013835,0.7754209616396268,46.95147951301528,31.52420016465004,25071.030038833618,25.411264419555664,49.37543487548828,1.25,1.0
309,309,2017-07-05,0,20,30.25,20.95,119088.98294960824,11338.119854818224,862.7317911350268,266.20151970380243,180374.9458195611,0.3085565206233823,18.76678941538009,71.23321058461991,0.9468358972492001,0.3217169309817284,30.3213904141227,20.982577581027343,838.8192100524902,38.800315856933594,43.96842956542969,1.25,1.0
310,310,2017-07-05,1,500,50.62,31.806,1340920.5393136297,368806.3340426567,2894.9530860983195,1518.235682549519,3451998.5597333424,0.5244422404771073,53.98619976403109,36.013800235968915,0.5879800947143228,0.8088753972150075,50.660165933328805,31.6389659478618,21182.46091079712,25.341726303100586,49.95170593261719,1.25,1.0
311,311,2017-07-06,0,293,45.39078498293515,26.199658703071673,580307.6293276913,204886.57891880462,1904.4481309025118,1131.6099673661986,1692605.6814465926,0.5941931150573958,106.45650895078312,-16.456508950783117,-0.28328745932312244,0.9590350438801756,45.59771840618521,26.175072216721006,12678.228382110596,29.18925666809082,50.3354606628418,1.25,1.0
312,312,2017-07-06,1,143,62.68181818181818,39.77272727272727,178185.8741581983,82872.8342818768,1055.301716803654,719.6910547323274,596502.998016162,0.681976579088832,45.95223684124307,44.047763158756936,0.6952577882163404,0.7187604663060722,62.67036762776831,39.865831263896474,5859.859613418579,30.576128005981445,45.40341567993164,1.25,1.0
313,313,2017-07-17,0,428,39.73598130841121,27.773364485981308,776721.5951679456,418313.91485626507,2203.2952525251035,1616.9297968222543,2798038.8762947805,0.7338688698072396,95.15561380099712,-5.155613800997116,-0.08986105605986017,0.9959543115042008,40.01512102100068,27.482672148292988,17268.157684326172,21.64372444152832,50.01100158691406,1.25,1.0
314,314,2017-07-18,0,417,40.833333333333336,28.71103117505995,847517.8176440452,374652.9037692633,2301.5182728527884,1530.2224180026562,2766042.628132982,0.6648751982776604,83.30549788376419,6.69450211623581,0.11657543570711268,0.9931818402436167,40.97907399269863,28.349976642335307,16676.81774520874,21.822139739990234,50.61728286743164,1.25,1.0
315,315,2017-07-22,0,30,23.066666666666666,43.166666666666664,30319.828933205506,26417.988209739633,435.31474915575103,406.34028388885184,138925.87571943892,0.9334401939674862,178.4839666661037,-88.4839666661037,-0.9996499606230398,0.026456685853578372,23.025339990906577,43.19413917639701,995.0974082946777,28.192401885986328,37.197120666503906,1.25,1.0
316,316,2017-07-22,1,370,47.167567567567566,33.494594594594595,1008440.8608639964,265807.83169746184,2510.528904513943,1288.9138637275712,2541434.9748223377,0.5134033156957875,66.78377626778878,23.21622373221122,0.3942021539000086,0.919023754785802,47.01055863997178,33.014369490233896,14654.586694717407,24.679107666015625,50.202152252197266,1.25,1.0
317,317,2017-07-23,0,35,23.271428571428572,42.642857142857146,48441.42219133675,32225.605218528653,550.2353030257643,448.7872910586975,193945.13162184122,0.8156279478812056,95.54586217825812,-5.545862178258119,-0.0966424826483741,0.9953191601428955,23.258990112764494,42.6586447078125,1161.9606704711914,27.703371047973633,36.47913360595703,1.25,1.0
318,318,2017-07-23,1,379,48.273087071240106,33.344327176781,972513.4764437713,240639.8644301989,2465.4024474258904,1226.376431887348,2374660.345056591,0.4974345803736015,59.459355095298854,30.54064490470114,0.5081494640845879,0.8612689023473133,48.1268289276487,32.87517876596829,15485.33653831482,24.134075164794922,50.53541564941406,1.25,1.0
319,319,2017-07-23,2,10,42.1,12.0,21605.111995537587,16981.402049999993,367.46693725029183,325.781771762172,94023.17920177369,0.8865607725145435,0.0,90.0,1.0,0.0,42.049657625178526,11.97292306364228,387.5450325012207,35.39562225341797,42.00600051879883,1.25,1.0
320,320,2017-07-24,0,36,23.61111111111111,42.416666666666664,56766.05265246499,37545.47545141849,595.640687896576,484.4163721132529,226617.2946850456,0.8132694457524442,131.07068198690254,-41.07068198690254,-0.6569895644826688,0.7538996698240908,23.572536785950316,42.45300694633454,1193.5473403930664,28.677656173706055,36.991119384765625,1.25,1.0
321,321,2017-07-24,1,223,43.58071748878924,28.006726457399104,466628.87149111775,194201.6411184949,1707.7559681697749,1101.7078818773118,1477685.9690192917,0.64512020593787,146.9960573190349,-56.99605731903489,-0.8386330878423297,0.5446967449655259,44.0248995467829,27.694410016026545,9269.603561401367,26.675661087036133,50.558837890625,1.25,1.0
322,322,2017-07-24,2,101,60.31188118811881,42.26237623762376,140989.83042821853,50430.2069856142,938.7153137007864,561.4167735827714,413913.0966437696,0.598069260604096,21.53902406644724,68.46097593355276,0.9301677287769066,0.3671348476268784,60.44675796422744,42.24403458623762,4073.5436840057373,27.23861312866211,43.888710021972656,1.25,1.0
323,323,2017-07-25,0,240,41.291666666666664,29.079166666666666,771598.1945856418,139117.9874765671,2196.016556440379,932.4630940302916,1608263.2692547028,0.4246156939462071,142.23493386348937,-52.234933863489374,-0.7905285616182874,0.6124251736054956,42.08207048851733,28.532122904941847,9716.428150177002,26.897695541381836,50.03756332397461,1.25,1.0
324,324,2017-07-25,1,132,62.25757575757576,40.946969696969695,159488.47096623474,104116.0979521179,998.4001920767879,806.675654895285,632548.0009801639,0.8079682489015816,169.6652768722013,-79.6652768722013,-0.9837764972354092,0.1793984489543568,62.28606103791916,41.0216506794727,5291.759267807007,26.21778106689453,43.969051361083984,1.25,1.0
325,325,2017-07-26,0,294,41.17687074829932,30.34013605442177,803135.8416682157,233242.45077546462,2240.4461632510497,1207.3795249823702,2124556.08649611,0.538901378121211,128.6228287491802,-38.6228287491802,-0.6241909337254288,0.7812718337780887,41.8279641654856,29.474956832437154,11523.12057685852,23.8448543548584,49.149253845214844,1.25,1.0
326,326,2017-07-26,1,130,62.30769230769231,40.36923076923077,187932.00084432453,99864.8445528895,1083.7781162567494,790.0349855896,672475.6798512109,0.7289637738011301,154.90589859403144,-64.90589859403144,-0.90561246549482,0.4241061922919701,62.256280488038804,40.46664565358439,5155.116037368774,24.44827651977539,44.888187408447266,1.25,1.0
327,327,2017-07-27,0,20,25.1,26.25,86870.95576049808,18184.217237681234,736.846981063988,337.12217034112086,195098.75772611494,0.45751991798124103,52.67231505349054,37.327684946509464,0.6063726971002741,0.7951805783665363,25.085892103964586,26.236364708816634,809.6987152099609,38.54735565185547,42.636207580566406,1.25,1.0
328,328,2017-07-27,1,439,46.79157175398633,32.953302961275625,909284.5061009527,601668.7326972832,2383.910267424291,1939.182709122072,3630768.137702888,0.8134461836171681,40.441646900261645,49.558353099738355,0.7610670039011803,0.6486732733610048,46.910667208054605,32.28181761750764,17000.475370407104,23.876323699951172,48.84336471557617,1.25,1.0
329,329,2017-07-28,0,31,23.629032258064516,23.532258064516128,87658.71726211165,19614.035192530628,740.180371860939,350.12529179326134,203540.54329294417,0.4730269878853812,48.21957992740784,41.780420072592165,0.6662776766900315,0.7457037330901153,23.63363939939763,23.553046935637276,1269.5455474853516,39.451900482177734,42.609474182128906,1.25,1.0
330,330,2017-07-28,1,376,47.32446808510638,32.41755319148936,815585.7976156219,415817.3451044394,2257.744723191184,1612.0975178018066,2858617.3584827697,0.7140300235197562,74.2247440489549,15.775255951045096,0.27186467326873187,0.9623354921379995,47.21791585960361,31.68364290081897,14786.904094696045,21.133995056152344,49.810569763183594,1.25,1.0
331,331,2017-07-29,0,33,23.62121212121212,22.46969696969697,71806.72732980894,38683.7584730802,669.9194323284747,491.7046780911803,258712.13329979905,0.733975840023234,59.02251094890816,30.977489051091837,0.5147012625555853,0.8573695879395806,23.60861392441017,22.48318474234678,1334.7787590026855,38.877296447753906,41.82951354980469,1.25,1.0
332,332,2017-07-29,1,317,47.38328075709779,30.99211356466877,924368.2378906175,182442.75870894553,2403.6017737587813,1067.8329653700102,2015838.433745258,0.44426367837968445,77.73519058078767,12.264809419212327,0.21243025304449792,0.9771762315935906,47.37681032012127,30.338444993346656,12807.735189437866,24.385377883911133,50.221763610839844,1.25,1.0
333,333,2017-07-29,2,12,68.0,36.25,45129.56920260542,11963.781904345535,531.0930309430579,273.4476858599458,114060.3595672417,0.5148771870991921,58.05780303631063,31.94219696368937,0.5290634385849784,0.8485822752995957,68.10960111821788,36.414678818981734,356.28198051452637,22.728240966796875,38.862022399902344,1.25,1.0
334,334,2017-07-30,0,20,23.1,20.95,43998.22527504378,22626.904111833413,524.3938481418556,376.0560472841234,154881.67844594832,0.7171252077358374,155.32490737780762,-65.32490737780762,-0.9086897450757849,0.41747209151523546,23.08751893505645,20.939696892114252,806.6318016052246,38.80553436279297,42.125694274902344,1.25,1.0
335,335,2017-07-30,1,16,21.375,43.0,32604.291935999998,4308.386730686694,451.41646469751186,164.0957557854311,58178.78203267202,0.3635130054358772,90.0,0.0,6.123233995736766e-17,1.0,21.374052641774142,43.03586704136328,520.2681846618652,30.321327209472656,35.217979431152344,1.25,1.0
336,336,2017-07-30,2,310,46.7,30.374193548387098,867048.4056834851,263402.88406416913,2327.8858510506443,1283.0697663810247,2345858.6150735007,0.5511738326009142,80.37365504167522,9.626344958324779,0.1672220962250442,0.9859192515282892,46.799227783832876,29.557259268807016,12370.807689666748,24.53014373779297,49.66332244873047,1.25,1.0
337,337,2017-07-30,3,20,67.5,35.35,47907.45770342796,19245.17709320914,547.194307944102,346.81746904179596,149050.14986376706,0.6338104472337178,58.879926606481156,31.12007339351885,0.5168332876008099,0.856086066250198,67.52959640368287,35.44243145512569,610.3609600067139,23.16844367980957,40.10394287109375,1.25,1.0
338,338,2017-08-01,0,35,22.1,41.642857142857146,131411.22734831207,15925.891150223475,906.2671631075191,315.49456364396633,224562.89890755367,0.34812533928975226,80.28475517873781,9.71524482126219,0.16875164201153459,0.9856586038372571,22.061905603585956,41.784764079727424,1094.8801536560059,27.4845027923584,36.90156173706055,1.25,1.0
339,339,2017-08-01,1,336,44.916666666666664,30.776785714285715,706037.044726685,268916.33037685713,2100.6502634998005,1296.4285806998228,2138908.621646854,0.6171558413250097,102.6638671581349,-12.663867158134906,-0.21923095244145507,0.9756729931137853,45.13272897659283,30.063805972786533,13874.878416061401,21.392345428466797,49.19029235839844,1.25,1.0
340,340,2017-08-01,2,14,68.42857142857143,35.214285714285715,47065.61175245237,6502.679440901742,542.3652583387208,201.59798239475487,85875.23239771748,0.3717015042819204,74.23000421210334,15.769995787896661,0.2717763228287408,0.9623604472076396,68.47898165134617,35.290430471979626,422.7081985473633,24.979217529296875,38.96625518798828,1.25,1.0
341,341,2017-08-02,0,404,41.23019801980198,32.71782178217822,1260905.8398058128,302619.5885227262,2807.2515916437433,1375.271765240252,3032213.276659139,0.48989971876193067,125.84932416348532,-35.84932416348532,-0.5856556778885006,0.8105599465535913,42.01493620230315,31.567065010635314,15718.425708770752,22.284713745117188,50.063446044921875,1.25,1.0
342,342,2017-08-02,1,9,25.166666666666668,21.72222222222222,14956.45620818333,7285.573073624252,305.7414778880121,213.38892124510954,51240.82456925173,0.6979390651185059,48.191027270102445,41.80897272989756,0.6666492063603239,0.7453716091045797,25.1560124734469,21.720117744813518,352.30110931396484,37.95228958129883,40.15913391113281,1.25,1.0
343,343,2017-08-03,0,391,40.55882352941177,33.612531969309465,1318878.3596780063,383764.60404185636,2871.060735684207,1548.718429948324,3492245.189242847,0.5394237783615701,125.12862325794593,-35.12862325794593,-0.5754139034052486,0.8178623599163464,41.289830165844975,32.37780903186806,14776.235710144043,23.092248916625977,50.3497314453125,1.25,1.0
344,344,2017-08-03,1,10,25.3,21.5,16302.145967999999,11442.763528123665,319.1996433268684,267.42713409594944,67043.66524926724,0.8378052409729587,90.0,0.0,6.123233995736766e-17,1.0,25.291161166835632,21.49142792942014,392.46556854248047,37.805442810058594,40.05510330200195,1.25,1.0
345,345,2017-08-04,0,441,39.76984126984127,34.21201814058957,1261619.3465972561,471126.83039830654,2808.0457468198147,1715.966983945034,3784451.8817174667,0.6110893976312215,130.54669039041352,-40.54669039041352,-0.6500674882377001,0.7598764772884653,40.56917990833206,33.059465489470725,16110.219877243042,23.57819366455078,49.875,1.25,1.0
346,346,2017-08-04,1,11,25.5,21.318181818181817,22103.28459873222,12070.732447905846,371.679335909432,274.66721282201036,80179.82765294494,0.738989731968686,123.05836611499777,-33.05836611499777,-0.5454930899491728,0.8381153195221429,25.495675128141524,21.306789087517487,436.1523323059082,38.167625427246094,40.36404037475586,1.25,1.0
347,347,2017-08-05,0,499,40.07715430861723,34.61823647294589,1199899.001301506,534005.772347067,2738.4975366310655,1826.8924645882057,3929300.291254528,0.6671148833077543,132.3846325993488,-42.384632599348805,-0.6741043009413096,0.7386361698782618,40.9411085658422,33.51106925775135,18151.58766937256,22.95833969116211,50.40132141113281,1.25,1.0
348,348,2017-08-06,0,552,40.89855072463768,35.26086956521739,1106841.1885348414,662816.7249034,2630.163004139241,2035.3389227954765,4204450.88888185,0.7738451645743419,137.42799565606083,-47.42799565606083,-0.7364277319187769,0.6765162198062705,41.77844868734527,34.29195089973571,20211.676050186157,23.94511604309082,50.26425552368164,1.25,1.0
349,349,2017-08-07,0,614,42.32410423452769,36.00651465798045,992846.3975567565,673381.8618503537,2491.041947605405,2051.496194625939,4013669.7743149702,0.8235494374544783,175.73873979151213,-85.73873979151213,-0.9972356014690513,0.07430447606072821,43.3368173983473,35.297804454858046,22611.10787010193,23.13711929321289,50.34282684326172,1.25,1.0
350,350,2017-08-07,1,11,68.5909090909091,34.31818181818182,45038.647816765384,1927.6214163939803,530.5577714582868,109.76171396467157,45737.60734446171,0.20687985337201154,72.46640926149429,17.53359073850571,0.3012648824630391,0.9535404923727839,68.58934513653203,34.29442796594231,348.10926246643066,25.067134857177734,39.512176513671875,1.25,1.0
351,351,2017-08-08,0,617,42.252025931928685,36.130470016207454,940838.4629207319,604133.3740540952,2424.9206983434683,1943.1504285150172,3700784.9101020116,0.8013253504918483,4.0435769541622335,85.95642304583777,0.997510707666412,0.07051516213449262,43.21237559700844,35.487996468510545,22835.713430404663,23.861736297607422,50.196372985839844,1.25,1.0
352,352,2017-08-08,1,11,68.5909090909091,34.31818181818182,45038.647816765384,1927.6214163939803,530.5577714582868,109.76171396467157,45737.60734446171,0.20687985337201154,72.46640926149429,17.53359073850571,0.3012648824630391,0.9535404923727839,68.60517671572354,34.33259545508654,340.67817306518555,25.488523483276367,39.84011459350586,1.25,1.0
353,353,2017-08-09,0,626,41.075079872204476,35.73482428115016,858896.3956548213,635352.9951981365,2316.916587372673,1992.7258265974158,3626167.2368099573,0.8600766369656486,174.72739432080454,-84.72739432080454,-0.9957687486980368,0.09189449992434852,41.946461071245125,35.040735131071635,23202.250520706177,22.100120544433594,50.25889205932617,1.25,1.0
354,354,2017-08-09,1,13,68.65384615384616,34.96153846153846,67028.66471451463,2731.461740949866,647.2473672914525,130.65847037577265,66419.82752949881,0.2018679055003985,78.39061139729215,11.609388602707853,0.2012384336340611,0.97954228741209,68.66563195338101,35.00262630169771,414.02685356140137,25.610450744628906,40.42709732055664,1.25,1.0
355,355,2017-08-09,2,7,68.07142857142857,43.07142857142857,11793.214178591263,3944.8601665625524,271.491415363719,157.0203045501312,33481.260379816755,0.5783619505602782,82.08497457089979,7.915025429100211,0.13770429568854065,0.9904733852804541,68.054989786648,43.04807633033608,272.0936164855957,36.50566864013672,40.735679626464844,1.25,1.0
356,356,2017-08-10,0,549,38.91894353369763,34.8351548269581,875435.3001325765,583208.2418058546,2339.117488675719,1909.2017995190008,3507468.2820937335,0.8162060301639175,149.8569859840877,-59.856985984087686,-0.864774674537151,0.5021600962632979,39.761860370051075,34.028877465185154,20034.61683654785,21.41623306274414,50.072906494140625,1.25,1.0
357,357,2017-08-11,0,446,36.34080717488789,34.32511210762332,887169.7657721719,424054.6937135379,2354.742244084493,1627.987050227861,3010815.9111500294,0.6913652882041069,127.27661484667298,-37.276614846672985,-0.6056636789525893,0.7957207474972704,37.0957798784918,33.32459783382784,15921.689121246338,22.173274993896484,49.62206268310547,1.25,1.0
358,358,2017-08-11,1,13,53.34615384615385,25.653846153846153,25647.097789397365,11300.863529669,400.36778239979986,265.7637993791315,83568.92733935652,0.6637991643237284,119.8086683732826,-29.8086683732826,-0.4971052410106167,0.8676902554251584,53.36965052980937,25.548097117583374,499.2931365966797,34.939361572265625,45.559043884277344,1.25,1.0
359,359,2017-08-12,0,438,37.294520547945204,34.22374429223744,961733.1203597037,411747.11583676585,2451.6998189517712,1604.1881043006729,3088961.304368391,0.6543166875080761,133.27256093774875,-43.27256093774875,-0.6854697424808815,0.7281011139554684,38.230391616862825,33.182523064342625,15694.697341918945,22.81975746154785,49.12443161010742,1.25,1.0
360,360,2017-08-12,1,11,26.863636363636363,19.227272727272727,37504.115548737536,3565.782411074266,484.14948329995104,149.28543153708657,56765.80250884713,0.308345741731584,12.328259946893496,77.6717400531065,0.9769403828042643,0.21351226767157297,26.907155031688823,19.235362811165203,444.8825798034668,39.128273010253906,42.83730697631836,1.25,1.0
361,361,2017-08-13,0,350,39.705714285714286,33.82857142857143,786633.9179780982,403145.4596930332,2217.309628212333,1587.3434168702931,2764312.3841539626,0.7158871258544351,121.07706356541414,-31.077063565414136,-0.5161905098147577,0.8564737926972317,40.618236380146136,32.70983204310477,12615.985786437988,23.50304412841797,50.1002311706543,1.25,1.0
362,362,2017-08-13,1,11,26.863636363636363,19.227272727272727,37504.115548737536,3565.782411074266,484.14948329995104,149.28543153708657,56765.80250884713,0.308345741731584,12.328259946893496,77.6717400531065,0.9769403828042643,0.21351226767157297,26.91998690175683,19.23748789018795,442.31959533691406,38.33985137939453,42.80022430419922,1.25,1.0
363,363,2018-07-09,0,470,53.797872340425535,35.374468085106386,819087.0727808386,520541.30159088224,2262.5857342607464,1803.7137064797766,3205254.594743669,0.7971913192801523,36.00860543892108,53.99139456107892,0.8089287038772889,0.5879067545482102,54.17447446461454,34.8384964763568,18417.53176498413,23.84190559387207,48.519493103027344,1.25,1.0
364,364,2018-07-10,0,565,52.41150442477876,35.604424778761064,790098.3902568315,606877.8316654133,2222.1869721302023,1947.5590999784404,3399077.9483101233,0.8764154971674134,39.08981448957368,50.91018551042632,0.7761585104787881,0.630537839159038,52.77837340984679,34.991980978211565,21954.96842765808,23.231237411499023,50.50505447387695,1.25,1.0
365,365,2018-07-11,0,517,51.68762088974855,35.68762088974855,802183.7006227163,640956.1735907015,2239.117712156281,2001.4934636270698,3519824.2810661173,0.8938759462090191,48.54873489636738,41.451265103632636,0.6619827585377489,0.7495190640662535,51.96870582385922,34.99113710235497,20034.338243484497,23.94032859802246,51.282100677490234,1.25,1.0
366,366,2018-07-12,0,520,51.43269230769231,34.64807692307692,993128.7284364467,596485.452942021,2491.3961051442207,1930.8117673371557,3778092.611717459,0.7749918864167872,70.74438479873005,19.255615201269947,0.3297831679439805,0.9440567049392914,51.67212418518724,33.84422051444168,20326.088790893555,21.686723709106445,50.87329864501953,1.25,1.0
367,367,2018-07-13,0,13,26.96153846153846,36.19230769230769,52178.69308249568,18317.442638386634,571.0663987362573,338.3548676905897,151757.06455703807,0.5924965440785045,145.26142766946157,-55.26142766946157,-0.8217606077139736,0.5698328734019833,27.03372450641,36.192840402225094,364.505823135376,26.422500610351562,31.420413970947266,1.25,1.0
368,368,2018-07-13,1,437,52.410755148741416,34.01029748283753,1004415.9405790578,581712.2830223272,2505.513845225987,1906.7516274778802,3752155.3754809923,0.7610221875688334,73.79342170669669,16.20657829330331,0.27910135828126725,0.9602616475760926,52.636555150604856,33.15744377791354,16958.23505973816,24.032817840576172,49.60931396484375,1.25,1.0
369,369,2018-07-14,0,21,28.547619047619047,35.833333333333336,71837.08225922502,16126.329441758033,670.061015221865,317.47371388980804,167075.20585178526,0.473798216397784,160.3672908865879,-70.36729088658791,-0.9418657961160333,0.3359893184413917,28.667208988867294,35.83036986663954,599.4361782073975,26.206335067749023,33.519447326660156,1.25,1.0
370,370,2018-07-14,1,19,36.973684210526315,43.76315789473684,25501.833354140217,11910.682961521612,399.2323364450534,272.84018858941965,85550.77197929792,0.6834120477787771,175.044268102783,-85.04426810278301,-0.9962617393782199,0.08638603273147684,37.02037876046515,43.79474326525365,526.8691120147705,25.885759353637695,30.852584838867188,1.25,1.0
371,371,2018-07-14,2,114,49.6578947368421,21.37719298245614,251796.62220754538,106927.81663971848,1254.483514757033,817.4954764390078,805452.9902261995,0.6516590029461962,54.61953952237322,35.38046047762677,0.5790031564458532,0.8153253000034641,49.77129124362958,21.44454453269671,4970.908657073975,33.02263259887695,47.75450897216797,1.25,1.0
372,372,2018-07-14,3,231,58.75541125541125,37.75108225108225,427823.7881147146,149801.80642006226,1635.2060040609458,967.6059580869628,1242684.5197916427,0.5917333691803759,152.33509100925104,-62.335091009251045,-0.8856781538885241,0.46429969602037835,58.95065543135565,37.696444143860575,8643.958198547363,22.91092872619629,46.043426513671875,1.25,1.0
373,373,2018-07-15,0,24,29.0,35.666666666666664,77384.60010936104,15352.027009727946,695.4521915153525,309.7582425227772,169192.08132764822,0.4454055164422314,159.39376936166295,-69.39376936166295,-0.9360212691303015,0.3519434382620306,29.129090171539406,35.658507652416674,685.8217430114746,26.073532104492188,34.213531494140625,1.25,1.0
374,374,2018-07-15,1,336,57.1875,32.26488095238095,848464.8998399731,281960.28211233905,2302.803861382865,1327.4983100562195,2400937.2368437923,0.5764704203939621,64.07470992166525,25.925290078334754,0.4371988062311447,0.8993648891468146,57.03498287211096,31.82179709361343,13504.607454299927,23.064990997314453,47.978126525878906,1.25,1.0
375,375,2019-06-26,0,396,43.42171717171717,28.98989898989899,950964.2189276714,469710.78770109126,2437.9348572712,1713.3862445846296,3280705.5568720335,0.7028023080577455,79.67505094529864,10.324949054701364,0.1792306241513589,0.9838070864586788,43.52865900619659,28.45245840797347,16009.73901939392,25.607511520385742,49.186798095703125,1.25,1.0
376,376,2019-06-27,0,365,41.04246575342466,26.127397260273973,835756.3835143293,472135.7404687826,2285.492812713389,1717.8033583416618,3083494.575218691,0.7516117962769906,92.81377648554707,-2.8137764855470664,-0.04908992635500773,0.9987943627846825,41.22021363457133,25.676108631416774,14866.487274169922,25.746231079101562,49.850215911865234,1.25,1.0
377,377,2019-06-27,1,11,65.31818181818181,22.863636363636363,24158.45840562196,4845.64244551163,388.57478692670895,174.02662234396118,53110.47553973451,0.4478587602668755,32.58870292862852,57.41129707137148,0.8425586106543062,0.5386046672767377,65.31912285217692,22.864695583416058,329.78858375549316,29.74312400817871,30.17778778076172,1.25,1.0
378,378,2019-07-18,0,104,28.48076923076923,23.028846153846153,268161.5729009898,47797.48963426532,1294.607983379983,546.5659248564241,555738.7945484923,0.4221864316249937,12.52118521095403,77.47881478904597,0.9762159114722536,0.21680058622706053,28.39240419203306,23.022314146843406,4279.9754066467285,32.08495330810547,46.191566467285156,1.25,1.0
379,379,2019-07-18,1,276,59.90217391304348,37.80797101449275,329029.17341623316,204749.1447680575,1434.026615461323,1131.2303721171738,1274084.2589613951,0.7888489376142155,37.79052385907508,52.20947614092492,0.7902563701798592,0.612776361644404,60.024084102878255,37.882279085523344,11010.29397392273,21.383535385131836,48.02782440185547,1.25,1.0
380,380,2019-07-19,0,97,29.283505154639176,22.97422680412371,308929.86114903516,45110.24875120526,1389.536481054553,530.979335468936,579478.6694860769,0.3821269485965298,6.911054926218924,83.08894507378108,0.9927341436648633,0.12032838402467833,29.171968594516727,22.971652855681334,3923.423480987549,31.639007568359375,44.77954864501953,1.25,1.0
381,381,2019-07-19,1,296,59.439189189189186,37.58445945945946,353042.39606472506,224718.417953889,1485.434271654095,1185.1118564134806,1382619.4564404297,0.7978218080923954,31.948548219215354,58.051451780784646,0.8485236232343482,0.5291575009515163,59.58108726402439,37.66415663730866,11910.576843261719,21.446260452270508,47.99311828613281,1.25,1.0
382,382,2019-07-20,0,95,30.373684210526317,22.373684210526317,401399.4008226252,57268.30887295437,1583.9022239839828,598.2699478128287,744244.1642673173,0.3777189896911709,179.50571751971523,-89.50571751971523,-0.9999627889023817,0.008626749710691788,30.15191215882209,22.38854824275468,3820.5307598114014,31.46814727783203,45.12983322143555,1.25,1.0
383,383,2019-07-20,1,299,58.82775919732441,37.57357859531773,406947.0077598081,224804.12223718318,1594.809956859688,1185.3378269431862,1484707.7099263559,0.7432470695613249,22.773982847053617,67.22601715294638,0.9220390215491885,0.38709694230336555,59.033027399732205,37.63211435604863,11894.066034317017,21.76690673828125,48.08932113647461,1.25,1.0
384,384,2020-07-19,0,357,51.37394957983193,37.858543417366946,785710.779116496,230481.5859856564,2216.0082060944856,1200.212444699001,2088908.279284501,0.5416101083913706,32.76570125202008,57.23429874797992,0.8408907335297321,0.5412049281592224,51.6141700925801,37.555486675944124,13830.91240310669,23.568098068237305,50.618896484375,1.25,1.0
385,385,2020-07-19,1,17,65.20588235294117,23.323529411764707,33814.53474204995,7840.610579403828,459.71822036744663,221.3680557832903,79927.55885701277,0.4815298719427604,175.48964117487478,-85.48964117487478,-0.9969031323803759,0.0786393327171252,65.20197763826354,23.333848465645577,515.5923843383789,29.790742874145508,30.9443416595459,1.25,1.0
386,386,2020-07-20,0,408,50.22794117647059,37.115196078431374,820724.7725885076,224154.28977357072,2264.8465353480738,1183.6233822820573,2105436.7401666623,0.5226064388067475,35.06023051452118,54.93976948547882,0.8185486363181743,0.574437228930766,50.16607527594034,36.73448864965741,16096.812808990479,25.465639114379883,51.29814910888672,1.25,1.0
387,387,2020-07-20,1,14,65.57142857142857,23.5,33095.16890116796,5636.980724121098,454.8019411043666,187.69957252417188,67046.4016621551,0.4127061816587523,164.80196344244015,-74.80196344244015,-0.965025478744796,0.26215610878516116,65.56680308310834,23.509626273182242,424.21927070617676,29.76740074157715,31.02596092224121,1.25,1.0
388,388,2020-07-21,0,377,49.770557029177716,35.98541114058355,879444.8311136771,216664.0906194484,2344.467998173676,1163.6797524970316,2142731.076122388,0.4963513058841195,39.20941128116087,50.79058871883913,0.7748406624803735,0.6321565848482288,49.603722454863586,35.56559957948098,14903.537698745728,22.641807556152344,50.026222229003906,1.25,1.0
389,389,2020-07-21,1,13,65.73076923076923,23.423076923076923,31058.715108049943,5825.447911451674,440.5870736021566,190.811554803615,66027.7203045,0.43308477764355596,167.25358977304236,-77.25358977304236,-0.9753561460298024,0.22063632611583,65.72788509313901,23.429273670621193,392.4642925262451,29.78261947631836,30.702320098876953,1.25,1.0
390,390,2020-07-29,0,340,38.42941176470588,33.752941176470586,917444.6508570757,228657.7756785135,2394.583276450565,1195.4543479324961,2248292.555125361,0.4992327306755814,149.8962124450008,-59.8962124450008,-0.8651182661590016,0.5015679271624561,39.39484381231325,33.065518727999084,13199.009311676025,25.169105529785156,50.8123893737793,1.25,1.0
391,391,2020-07-29,1,25,64.1,33.02,55064.93980116979,31094.534648683315,586.6479981703775,440.84106155651006,203118.51555570727,0.7514575400093304,170.7969116365919,-80.79691163659189,-0.9871276457055997,0.15993439618706165,63.906167000307356,32.900525027770186,940.2179203033447,27.583572387695312,45.43971252441406,1.25,1.0
392,392,2020-07-29,2,13,65.88461538461539,23.346153846153847,22884.65091519008,6782.497641924883,378.1918404988902,205.88980125793145,61155.689987530284,0.5444057200872784,165.16857693335967,-75.16857693335967,-0.9666831475668971,0.2559759602192296,65.88326983087157,23.353025896030953,392.24781036376953,29.695598602294922,30.64653968811035,1.25,1.0
393,393,2020-07-30,0,350,37.822857142857146,32.93142857142857,1035473.6927494111,187475.2221575619,2543.955695306783,1082.4602248973224,2162775.1552779395,0.42550278170893435,146.11876483621072,-56.118764836210715,-0.8301949066608991,0.5574732432631193,39.0598947351682,32.25138240965689,13810.503231048584,26.00505256652832,52.505226135253906,1.25,1.0
394,394,2020-07-30,1,14,65.71428571428571,23.642857142857142,34983.23452759243,11603.93831412792,467.5951409044502,269.30394438867677,98901.43323245613,0.5759340096387082,137.4293569764892,-47.4293569764892,-0.7364438054140371,0.6764987224432075,65.6446543538312,23.766932696435326,436.7220115661621,29.81983757019043,43.679786682128906,1.25,1.0
395,395,2020-07-30,2,16,66.8125,33.6875,39107.34120917775,17411.584439355862,494.38940376727425,329.88240745146464,128090.87450010506,0.6672521800381293,35.728966444839614,54.271033555160386,0.8117884081253008,0.5839516935786642,66.76189925719916,33.628429231898444,517.3818588256836,24.91834259033203,39.30695343017578,1.25,1.0
396,396,2020-07-31,0,347,36.63544668587896,31.863112391930837,1100920.6414620825,220154.56209549954,2623.1191374274285,1173.0157770025398,2416638.8374307705,0.44718356870094417,145.20546336421177,-55.20546336421177,-0.8212036250472842,0.5706352654797979,37.965357710364856,31.139195760988898,13514.863777160645,25.672510147094727,51.344276428222656,1.25,1.0
397,397,2020-07-31,1,14,65.71428571428571,23.642857142857142,34983.23452759243,11603.93831412792,467.5951409044502,269.30394438867677,98901.43323245613,0.5759340096387082,137.4293569764892,-47.4293569764892,-0.7364438054140371,0.6764987224432075,65.64401297555237,23.760302557937347,436.4674587249756,29.866527557373047,43.11292266845703,1.25,1.0
398,398,2021-06-28,0,62,23.64516129032258,36.774193548387096,221003.21605912014,74982.16088805768,1175.2744787365634,684.5717680056348,631899.7325581344,0.5824782043608733,91.10810703176935,-1.1081070317693502,-0.019338910528281596,0.9998129857826308,23.4883820659537,36.53858237734257,1964.5130977630615,26.115875244140625,41.22480392456055,1.25,1.0
399,399,2021-06-28,1,11,35.22727272727273,20.227272727272727,22838.712156833328,8055.334632007108,377.8120577485694,224.3787901073638,66580.56824902535,0.5938899659382654,62.9670931580234,27.032906841976597,0.4545021590526322,0.8907456356426877,35.214370670966126,20.21841461551105,465.3994483947754,40.66539001464844,43.330078125,1.25,1.0
400,400,2021-06-28,2,300,49.593333333333334,36.223333333333336,929580.3277339286,166580.75924629424,2410.3686540313815,1020.357655574426,1931638.1737178252,0.4233201646842946,51.05365399821006,38.94634600178995,0.6285923654958744,0.777734940735146,49.43683173804739,35.691264682376385,11999.099905014038,23.331029891967773,49.90068817138672,1.25,1.0
401,401,2021-06-29,0,75,24.033333333333335,37.35333333333333,207077.58245187867,99642.53376786347,1137.6444481138392,789.155140672065,705113.1644460594,0.6936746731199251,93.11826657478235,-3.1182665747823535,-0.05439715557720963,0.9985193786127081,23.90748180004997,37.22330051893151,2394.959192276001,26.30984115600586,42.08088302612305,1.25,1.0
402,402,2021-06-29,1,21,34.166666666666664,21.023809523809526,31462.346493397523,18004.449897031598,443.44071259158704,335.4516535306504,116830.27038922104,0.756474640251637,127.68589714227474,-37.68589714227474,-0.6113322688729685,0.7913740310590363,34.14925147072002,21.012017063261336,898.8713645935059,40.141571044921875,44.441200256347656,1.25,1.0
403,403,2021-06-29,2,321,51.257009345794394,35.83644859813084,1143065.0306882178,187534.19464152431,2672.8554846458424,1082.6304616578673,2272718.2636231985,0.4050463887318313,45.84130262956054,44.158697370439455,0.6966481246489438,0.7174129845654521,51.10969114943449,35.489162694920296,13166.154996871948,25.41086196899414,49.78279113769531,1.25,1.0
404,404,2021-06-30,0,82,24.23170731707317,37.390243902439025,201998.02949887188,100997.12937919101,1123.6047723145132,794.5011382118618,701129.0799091898,0.7071001812988646,89.00081080634493,0.9991891936550701,0.017438257350523907,0.9998479420294752,24.102399283353115,37.29710690358277,2672.1425075531006,26.091861724853516,41.992889404296875,1.25,1.0
405,405,2021-06-30,1,181,42.511049723756905,28.328729281767956,355932.5964898133,163670.96840211743,1491.5021716582692,1011.4067196302553,1184785.1608096787,0.6781128038893579,72.84163977971238,17.15836022028762,0.2950137222641915,0.9554930160267141,42.63599431921105,28.312655504918993,7869.661636352539,29.088708877563477,51.07298278808594,1.25,1.0
406,406,2021-06-30,2,143,60.94055944055944,41.87762237762238,177849.56609010254,86506.03500863205,1054.3053580738083,735.297707601452,608862.8931681892,0.697423855404495,171.5465248290304,-81.5465248290304,-0.9891355602230416,0.14700627028208554,61.00414929828856,41.82077133670648,5847.10346031189,28.41321563720703,45.74310302734375,1.25,1.0
407,407,2021-07-01,0,75,23.9,35.846666666666664,256935.33700955822,67089.54597505784,1267.219734817028,647.5412437398189,644479.7026358022,0.5109936548086639,73.9263674428605,16.073632557139504,0.2768724746415004,0.9609066722558918,23.76802944183732,35.44226744135116,2544.237813949585,26.853160858154297,43.75408935546875,1.25,1.0
408,408,2021-07-01,1,221,44.14705882352941,28.251131221719458,402748.29928088124,348103.777392297,1586.5613352485013,1475.008002928071,1837981.451569313,0.9296886103032646,100.32005009730398,-10.320050097303977,-0.17914650510146496,0.9838224076071508,44.221288310105265,28.118554715603658,9355.09428024292,26.384536743164062,51.67155838012695,1.25,1.0
409,409,2021-07-01,2,127,62.70472440944882,41.40551181102362,105274.81107647425,96536.94734808816,811.1520013092269,776.7598862747425,494856.0849321886,0.9576008997339902,179.2584121070402,-89.25841210704019,-0.9999162385978918,0.012942789044248885,62.68273477350938,41.391211279651834,5159.508625030518,34.104854583740234,43.37082290649414,1.25,1.0
410,410,2021-07-02,0,50,23.4,34.18,245870.62701194163,28178.612300507353,1239.6335824850162,419.66215802496527,408585.569413876,0.33853726129595063,68.18447394165534,21.81552605834466,0.3716194237796839,0.92838515922523,23.189470875623254,33.56636561021316,1755.7220268249512,26.530208587646484,45.30059051513672,1.25,1.0
411,411,2021-07-02,1,399,49.943609022556394,31.530075187969924,1678348.8576963015,393637.3874811098,3238.7776028313347,1568.5132042022906,3989874.0629928033,0.4842917287161362,46.45843143129965,43.54156856870034,0.688880659677056,0.7248747731318177,49.915629419012326,31.106591906798833,16445.796875,24.238609313964844,51.008018493652344,1.25,1.0
412,412,2021-07-03,0,19,21.289473684210527,30.07894736842105,72430.67223681143,5751.561738487122,672.8236778533224,189.5976288500057,100189.92457673314,0.28179393069953546,89.83942754023134,0.16057245976865886,0.002802514442444154,0.9999960729486891,21.289533900851456,29.73057660637086,735.5249824523926,27.152099609375,45.09231185913086,1.25,1.0
413,413,2021-07-03,1,443,49.88374717832957,30.955981941309254,1745431.4969439744,422050.31468808994,3302.8694881723436,1624.1349903257924,4213116.005076589,0.49173453451365834,50.87832710022683,39.12167289977316,0.6309693123033829,0.7758077899398769,49.91035649135038,30.446117074876238,17877.70400238037,24.134288787841797,49.64299774169922,1.25,1.0
414,414,2021-07-04,0,437,50.99199084668192,32.01945080091533,1847802.5112907444,339897.53448802454,3398.3474948226167,1457.518298530126,3890197.7863861,0.42889030646532045,51.13360012417813,38.866399875821855,0.6275065623906289,0.7786112728163495,51.02386847802986,31.575110807084204,17584.91453742981,23.992874145507812,49.820716857910156,1.25,1.0
415,415,2021-07-05,0,121,43.80578512396694,20.293388429752067,187946.98233994818,156269.06133808766,1083.82131351283,988.2720442079943,841248.0663913968,0.911840385390516,154.38551526764044,-64.38551526764044,-0.9017232636008804,0.4323137239100525,43.91775855871661,20.431698046949876,5103.634128570557,30.878236770629883,46.43412780761719,1.25,1.0
416,416,2021-07-05,1,281,58.037366548042705,39.062277580071175,331131.48422665877,205415.8609249978,1438.6006313138532,1133.0706645135758,1280227.416775285,0.787620024522552,18.53615410864677,71.46384589135323,0.9481232445709368,0.31790299322950644,58.45913701319708,39.071375029250206,11124.197227478027,24.52080535888672,47.7877311706543,1.25,1.0
417,417,2021-07-06,0,100,42.25,20.63,255719.13698538835,112410.11331359085,1264.2169933040282,838.1904367206434,832250.7717489824,0.6630115250468471,91.8971564378402,-1.897156437840195,-0.03310557611106085,0.9994518601865499,42.253199965337664,20.87332214817221,4073.96750831604,29.628381729125977,45.63444900512695,1.25,1.0
418,418,2021-07-06,1,281,58.83451957295374,38.15836298932384,334733.6003875029,218766.7005555673,1446.4041628887458,1169.3125666272024,1328342.7859912284,0.8084272685525611,32.987659049686044,57.012340950313956,0.8387878584096051,0.5444583809481016,59.19353825286363,38.20546203118149,11445.033666610718,24.725276947021484,48.1973876953125,1.25,1.0
419,419,2021-07-07,0,33,23.075757575757574,39.53030303030303,178726.39558050112,25093.9084962268,1056.901117597163,396.02642348891004,328736.8597010535,0.37470527459490793,104.38000906522079,-14.38000906522079,-0.24835192597680988,0.9686698719706364,22.94367967540295,39.79945711749397,993.2076549530029,26.701644897460938,35.31474304199219,1.25,1.0
420,420,2021-07-07,1,355,56.09718309859155,33.61830985915493,1217304.594550773,166517.32586966644,2758.2881858033493,1020.163362744132,2210035.466367686,0.3698537984518141,41.81821705666388,48.18178294333612,0.7452640395943186,0.6667694588743233,56.13078175608906,33.72979359409334,14821.228609085083,20.288148880004883,49.47978973388672,1.25,1.0
421,421,2021-07-08,0,34,23.058823529411764,39.73529411764706,157129.53029773,19323.897109862068,990.9891847849867,347.5260521696725,270486.8542256936,0.3506860190861464,108.63572974317283,-18.63572974317283,-0.31955027719454615,0.9475693221843395,22.886721307250376,40.01308662463484,1039.7917747497559,26.483774185180664,36.97968673706055,1.25,1.0
422,422,2021-07-08,1,350,54.46,31.397142857142857,1216222.7068397356,136673.58057266794,2757.0621896773287,924.2347529600771,2001330.1521372572,0.3352244851133534,35.91537293316037,54.08462706683963,0.8098842827206867,0.5865896765218417,54.312364434587735,31.37460644909479,14661.529369354248,23.142236709594727,50.1567268371582,1.25,1.0
423,423,2021-07-18,0,368,41.01086956521739,38.619565217391305,582000.5234198892,394988.8361635938,1907.2239699034583,1571.2034324117487,2353553.076702141,0.8238169492444464,13.379071319834338,76.62092868016566,0.9728604648820909,0.2313925579386727,41.43122286743146,38.03507808703774,13247.794506072998,22.36061668395996,49.14949035644531,1.25,1.0
424,424,2021-07-19,0,410,42.12439024390244,37.97073170731707,605127.11042393,381888.0416887373,1944.7479117226383,1544.9272670758996,2359724.1295503126,0.7944100403776335,33.40366158653407,56.59633841346593,0.8348126821286328,0.5505340913669182,42.480440217848724,37.401432441020695,15128.226551055908,23.14132308959961,49.39019775390625,1.25,1.0
425,425,2021-07-20,0,444,42.572072072072075,36.939189189189186,699514.7756043719,414043.9677606566,2090.924998063614,1608.6562089222493,2641749.1464462867,0.7693514642619944,46.25162886613568,43.74837113386431,0.6914925193620255,0.7223836208458486,42.93132510304881,36.29470347321669,16758.18637084961,23.42770004272461,50.539146423339844,1.25,1.0
426,426,2021-07-21,0,413,44.020581113801455,36.46610169491525,693606.4962873217,460250.57613601966,2082.076031703876,1696.0442508525898,2773471.102127803,0.8145928510903727,46.52187680117364,43.47812319882635,0.6880775614778735,0.7256371471959406,44.392181819189595,35.747625637189806,15294.511455535889,22.88553810119629,51.11388397216797,1.25,1.0
427,427,2021-07-26,0,48,26.125,41.791666666666664,282635.2243514565,67121.9328265826,1329.0862094674683,647.6975221244414,676106.7452871987,0.4873254402240451,25.5311633487826,64.4688366512174,0.9023509945600158,0.4310019519869374,25.810750979916282,41.794695277454,1401.3811206817627,25.747028350830078,34.31416320800781,1.25,1.0
428,428,2021-07-26,1,23,32.369565217391305,34.71739130434783,46742.11663261603,14260.219967382927,540.4981303888574,298.54040730886544,126732.26547446982,0.5523430896866984,164.348722803952,-74.348722803952,-0.9629215097284908,0.2697817008290298,32.405209640684326,34.733351596950826,659.1999263763428,27.08968734741211,31.3748836517334,1.25,1.0
429,429,2021-07-26,2,369,55.023035230352306,33.2289972899729,829910.0109991252,252473.59034414805,2277.484921738129,1256.1687544477952,2246949.8447823464,0.5515596360080898,30.132734606399197,59.8672653936008,0.8648647529315395,0.5020049393548505,54.607296521843125,32.98712383399924,15164.377262115479,22.418062210083008,51.850074768066406,1.25,1.0
430,430,2021-07-27,0,143,28.045454545454547,40.05244755244755,229188.4844009833,149780.2728735143,1196.8408530402635,967.536410405037,909480.9437587358,0.8084085765849837,130.8426842905943,-40.84268429059429,-0.6539843698583451,0.7565080594289683,27.807652498625448,40.125717571559086,4365.0460567474365,25.75193977355957,36.81666564941406,1.25,1.0
431,431,2021-07-27,1,288,51.55555555555556,29.979166666666668,693029.6200748913,332767.53543925285,2081.2100147433634,1442.1501643363395,2357307.685887874,0.6929383167100379,22.674390616260666,67.32560938373933,0.92271048497523,0.3854936587244671,50.948162658648236,29.56051428102327,11994.836767196655,20.663654327392578,51.88874435424805,1.25,1.0
432,432,2021-07-28,0,185,27.62972972972973,39.137837837837836,219690.44916429278,154920.79328762923,1171.7786938141646,983.9994705525419,905587.3414281366,0.8397485598151666,110.1273651071222,-20.127365107122202,-0.34410817732294774,0.9389300092655888,27.465873537962423,39.27625790847776,5699.5637283325195,25.651935577392578,39.528900146484375,1.25,1.0
433,433,2021-07-28,1,174,48.71264367816092,26.304597701149426,238453.0852712281,218737.57218030526,1220.7914575983793,1169.234718149828,1121070.8634891326,0.9577677750547361,19.254666504393953,70.74533349560605,0.9440621653213477,0.3297675363172797,48.59602589125363,26.16858355312074,7528.188800811768,32.469032287597656,50.307281494140625,1.25,1.0
434,434,2021-07-28,2,24,66.625,33.125,38582.04145424029,22659.46774572078,491.05779607801946,376.3265515622766,145140.07814158112,0.7663589796718872,37.30007321637689,52.69992678362311,0.7954727064817625,0.605989416774402,66.43716524425055,32.95998914806622,806.7789459228516,23.931856155395508,44.53290557861328,1.25,1.0
435,435,2021-07-31,0,278,28.600719424460433,37.76258992805755,336271.8884167402,229307.2681547771,1449.723871157755,1197.1509620625782,1363088.6145957618,0.8257786092095792,59.221279619064994,30.778720380935,0.5117238123586371,0.8591500101060014,28.51060604312257,37.514512466400646,9039.94909286499,26.003040313720703,44.665191650390625,1.25,1.0
436,436,2021-07-31,1,67,48.90298507462686,22.5,128987.29717724658,49376.012235573806,897.8700392360752,555.517845323025,391743.11828358466,0.618706294950737,53.46779825717806,36.53220174282194,0.5952744815904468,0.803522427544636,48.84233722398605,22.361140589162176,2904.6788330078125,34.31259536743164,47.92714309692383,1.25,1.0
437,437,2021-07-31,2,22,50.63636363636363,42.95454545454545,70736.843141013,16600.332430634804,664.9099710722733,322.10569335463094,168209.7356591217,0.4844350474022584,88.80265431682315,1.1973456831768488,0.020896103453127614,0.9997816525924429,50.720329406007195,43.05043064838979,673.1925029754639,28.583900451660156,36.68248748779297,1.25,1.0
438,438,2021-08-01,0,357,31.88095238095238,38.10504201680672,794023.1808220984,268350.311593226,2227.699459114293,1295.0634916704519,2265883.314606776,0.5813456956107328,25.34071524893517,64.65928475106483,0.9037786344452444,0.4280002101872022,31.83152918493027,37.85732472497404,11826.11081123352,24.213993072509766,44.81157684326172,1.25,1.0
439,439,2021-08-01,1,69,50.210144927536234,23.442028985507246,87907.86578527067,52784.84178070023,741.231516570863,574.3737991320429,334378.5259966681,0.7748912266834673,72.76759011363545,17.23240988636455,0.2962483647264606,0.9551109393138045,50.156189416786894,23.325391160625244,3030.8662910461426,35.05158233642578,47.792015075683594,1.25,1.0
440,440,2021-08-02,0,418,35.610047846889955,38.57416267942584,1328034.492065542,241644.07449801062,2881.0094715931837,1228.9326530011995,2780754.515430199,0.42656321165150696,20.189065207801377,69.81093479219862,0.9385589051822831,0.34511908307573197,36.09680647480196,38.46205958539013,14305.14246749878,23.72054100036621,43.207435607910156,1.25,1.0
441,441,2021-08-02,1,10,38.0,21.0,49927.15151507093,7640.995801352819,558.6096105234794,218.5319742244945,95876.7433145219,0.3912069719310874,132.58199289001308,-42.58199289001308,-0.6766445931932021,0.7363097816153239,37.93913139045336,21.020347634125752,360.1677589416504,32.49383544921875,39.47925567626953,1.25,1.0
442,442,2021-08-02,2,79,50.84177215189873,23.09493670886076,99857.1625089964,67183.09921446453,790.0045985190387,647.9925694715976,402058.75776125846,0.820238984287357,89.76155914638235,0.23844085361764655,0.004161565954695877,0.9999913406469102,50.82934315358678,22.993653988194307,3502.6288566589355,35.63673400878906,47.74747085571289,1.25,1.0
443,443,2021-08-03,0,459,36.87690631808279,38.31481481481482,1417369.862916262,244191.01699743175,2976.333590716376,1235.3921872158446,2887861.3452772596,0.4150718155616747,18.932032832346295,71.0679671676537,0.9459041157489818,0.3244463034296074,37.556457582096755,38.16313434086089,16059.023622512817,23.975679397583008,44.390464782714844,1.25,1.0
444,444,2021-08-03,1,14,37.785714285714285,22.0,51968.02830316606,7190.763589731836,569.912429145731,211.99592551703435,94891.10935958341,0.37197982475098,125.11793884542094,-35.11793884542094,-0.5752613799192995,0.8179696478313504,37.752184711536394,21.993603833221858,489.8054504394531,32.699886322021484,39.81631851196289,1.25,1.0
445,445,2021-08-03,2,82,50.670731707317074,23.23170731707317,115990.761496023,66301.32437122191,851.4354111441123,643.7260887366124,430469.8116658428,0.7560480575638832,91.8116851106483,-1.8116851106482983,-0.03161460144387163,0.9995001335545409,50.63525936932907,23.11837091890895,3591.3198280334473,35.3656005859375,47.19265365600586,1.25,1.0
446,446,2021-08-04,0,527,37.06736242884251,37.58918406072106,1369220.092248217,322154.3605531207,2925.3419589086257,1418.9660860841616,3260157.169210259,0.4850599027450259,21.860781257714336,68.13921874228566,0.9280913452299747,0.3723525948737513,37.53811336065565,37.334982629709295,18441.84034538269,24.245128631591797,45.563804626464844,1.25,1.0
447,447,2021-08-04,1,75,51.04666666666667,23.34,125075.21222001231,63591.549015036144,884.1493518490397,630.4341213354302,437779.30246282107,0.7130403025427665,103.03204577198647,-13.032045771986475,-0.22549598843198368,0.974244096313179,51.03915925136041,23.226873436559817,3276.5974464416504,34.95740509033203,47.415122985839844,1.25,1.0
448,448,2021-08-05,0,542,36.952029520295206,37.291512915129154,1391005.1127593634,334742.8749542386,2948.5219949571383,1446.4242007322719,3349576.7450299347,0.4905590676298476,23.22142260050836,66.77857739949164,0.9189879821362025,0.39428554207481514,37.27890251168151,37.00070880647119,18984.648738861084,23.58803367614746,44.31589889526367,1.25,1.0
449,449,2021-08-05,1,73,51.226027397260275,23.267123287671232,127200.51096420156,53166.720564579206,891.6295158451517,576.4477457052113,403677.2393211173,0.6465103896418368,112.15789735559929,-22.15789735559929,-0.37716032759987245,0.9261479834695733,51.23219722412998,23.152984607138997,3201.792079925537,34.86014938354492,47.83222579956055,1.25,1.0
450,450,2021-08-06,0,526,38.14068441064639,36.78326996197718,1652115.011647522,295939.7833857991,3213.3656534538695,1360.008693413849,3432351.156454028,0.4232349629902998,25.082901123429906,64.9170988765701,0.9056953532361666,0.4239291534282767,38.6439870131923,36.515693912343465,18537.875019073486,23.995325088500977,43.82945251464844,1.25,1.0
451,451,2021-08-06,1,85,51.241176470588236,23.076470588235296,107025.43540714389,81161.96197403994,817.8685537998446,712.2234637652355,457498.49405843875,0.8708287663784376,104.09605852193688,-14.096058521936882,-0.24354829199743094,0.9698887716976283,51.20469538545007,22.912601541874004,3719.233955383301,35.033226013183594,47.684547424316406,1.25,1.0
452,452,2021-08-07,0,454,40.63876651982379,36.841409691629956,1825690.458003146,306880.3759704739,3377.9528360413296,1384.9196185394524,3674244.3104904476,0.409987849375203,25.86307849247487,64.13692150752513,0.8998390680530558,0.4362220210000958,41.47222638386451,36.59014004264654,15898.178802490234,24.155534744262695,44.02561950683594,1.25,1.0
453,453,2021-08-07,1,86,50.825581395348834,22.627906976744185,120960.31852508726,90930.78450901152,869.4837495789069,753.8682929937577,514809.82725619257,0.8670297672140025,77.7960071538902,12.203992846109799,0.21139291040514382,0.9774011650445495,50.7680460214988,22.457795531134632,3788.5633125305176,35.44939041137695,48.201629638671875,1.25,1.0
454,454,2021-08-08,0,393,39.46437659033079,37.49236641221374,1575587.3442690745,479883.2233736752,3138.060053867949,1731.8401040758556,4268339.192541627,0.5518823968780338,20.487213098171793,69.5127869018282,0.9367503229419213,0.34999833209346315,40.54769458605074,37.30001307914892,13278.664445877075,23.847532272338867,45.04882049560547,1.25,1.0
455,455,2021-08-08,1,80,50.65,23.125,163115.05772385153,90321.9140172372,1009.6876302966537,751.34011113991,595817.8250907805,0.7441312427677863,87.11911201428344,2.880887985716555,0.050259796873205996,0.9987361777858376,50.580652056535904,22.957406037347685,3464.1489334106445,35.44389343261719,47.70794677734375,1.25,1.0
456,456,2021-08-09,0,153,26.65032679738562,38.212418300653596,241702.29967700448,127659.30541972764,1229.0807023874706,893.2360599938281,862256.6025023899,0.7267513502235701,112.2615321468898,-22.261532146889806,-0.37883489685886246,0.9254642731742458,26.484019261106038,38.365769462454324,4558.239671707153,25.751211166381836,37.87550354003906,1.25,1.0
457,457,2021-08-09,1,15,24.5,23.3,68337.72299662941,9944.765443441847,653.5371211560471,249.308612008313,127966.8332993955,0.3814758243071319,12.255587294631539,77.74441270536846,0.9772104109524486,0.21227296748796426,24.51380586979905,23.308013984905454,604.3066864013672,38.60907745361328,41.99924850463867,1.25,1.0
458,458,2021-08-09,2,26,37.38461538461539,22.846153846153847,133418.09136180198,7118.591885869511,913.1610323547881,210.92937037474047,151277.48930026154,0.23098814217993113,120.60006937053197,-30.60006937053197,-0.5090424578884036,0.8607414106843778,37.409932125084836,22.802833165738093,907.063362121582,32.003631591796875,41.561424255371094,1.25,1.0
459,459,2021-08-09,3,134,50.97014925373134,41.223880597014926,142216.84934972576,76750.88455261744,942.7912326892874,692.5987499655619,512846.1741069411,0.734625785594062,149.45843345282168,-59.45843345282168,-0.8612607282982109,0.5081633181283703,51.35075583920241,41.217291152175214,4661.385406494141,23.16278839111328,44.18645477294922,1.25,1.0
460,460,2021-08-09,4,69,50.64492753623188,24.181159420289855,225696.14709707117,77080.70366854338,1187.6872144452404,694.0852958595191,647447.8703049246,0.584400747450768,91.00683255917859,-1.0068325591785907,-0.017571638804459548,0.9998456068362382,50.569274023171,24.09174975207675,2957.7902908325195,36.014923095703125,49.115638732910156,1.25,1.0
461,461,2021-08-28,0,383,39.262402088772845,33.34073107049608,626385.4821577577,457772.36752872606,1978.6129645501635,1691.4719320918505,2628545.67143199,0.8548776149742886,88.6135690133718,1.3864309866281985,0.024195424204506655,0.9997072478718777,39.67636918963181,32.524179286932366,13744.457456588745,21.334959030151367,49.43627166748047,1.25,1.0
462,462,2022-07-19,0,16,33.625,34.8125,32624.161585418566,14023.281594348653,451.5539944556642,296.0498437166942,104993.98172246898,0.6556244598690221,52.162762213352664,37.837237786647336,0.6134204632839323,0.7897565037557627,33.66506413456441,34.86686964293277,475.8774223327637,28.475217819213867,35.67268371582031,1.25,1.0
463,463,2022-07-19,1,401,54.0211970074813,35.40274314214464,855479.5243603619,265585.64065255754,2312.3034029409423,1288.375044029682,2339790.6630316637,0.5571825230162445,36.102639289226914,53.897360710773086,0.8079627421307372,0.5892335762060575,53.74490993084546,35.11017280311047,15933.405647277832,22.353965759277344,51.02312469482422,1.25,1.0
464,464,2022-07-20,0,10,23.1,45.0,25102.75293192621,3353.1932202960097,396.09620778863666,144.7669079135493,45036.00557723085,0.36548420577356105,177.44897344074212,-87.44897344074212,-0.9990089787788878,0.04450910377848103,23.048581555995295,44.97835584213409,322.5371837615967,27.733917236328125,34.422279357910156,1.25,1.0
465,465,2022-07-20,1,14,33.642857142857146,34.57142857142857,24702.070507381322,9604.112779301067,392.92230869617634,245.00143850727014,75607.55652793094,0.6235365951102443,62.87936995585373,27.120630044146267,0.4558654096736887,0.8900487224096443,33.655195836749854,34.59879282812148,403.5005340576172,27.8137149810791,29.900083541870117,1.25,1.0
466,466,2022-07-20,2,191,45.29057591623037,29.850785340314136,397785.17106133746,138169.79065816078,1576.7553136531233,929.2799317824016,1150802.3579442697,0.5893621690922918,81.50519123301102,8.494808766988982,0.1477198016226666,0.9890292514423221,45.175408030319865,29.380417446999967,7898.694812774658,24.10200309753418,49.856117248535156,1.25,1.0
467,467,2022-07-20,3,215,62.27209302325581,39.04883720930233,248476.62057506645,136634.33413771578,1246.1857319814592,924.1020443439802,904466.7103831607,0.7415443947305032,103.69985278243564,-13.699852782435642,-0.2368356497362013,0.9715497285337644,62.1201897451582,39.200812670398285,8522.904340744019,23.39859962463379,46.431915283203125,1.25,1.0
468,468,2022-07-21,0,34,23.294117647058822,43.44117647058823,34945.26864288115,23711.1847693355,467.3413410110507,384.96091335140363,141299.5301837764,0.8237253578264134,58.16547923596308,31.83452076403691,0.5274677610125155,0.8495750473574679,23.26567385821197,43.46330508069063,1107.6054782867432,27.9313907623291,36.75677490234375,1.25,1.0
469,469,2022-07-21,1,377,55.1631299734748,34.52917771883289,1087486.052510894,215956.480385348,2607.064983500236,1161.7779488389444,2378837.9975668644,0.4456267704072131,40.95596054085112,49.04403945914888,0.755213626221798,0.6554787401349661,54.94366014372737,34.36888916531533,15367.101022720337,24.56671905517578,48.807926177978516,1.25,1.0
470,470,2022-07-22,0,53,23.537735849056602,42.5188679245283,81922.03220363284,26967.423041425856,715.5506280290062,410.54402201093075,230722.51721853297,0.573745596648807,65.74735331680901,24.25264668319099,0.41076096950563773,0.9117430701303896,23.525642935767596,42.574122289227994,1748.530294418335,27.119651794433594,37.27371597290039,1.25,1.0
471,471,2022-07-22,1,9,33.611111111111114,34.94444444444444,15230.800896393874,7693.764539961801,308.532827430829,219.28526711742688,53137.4506528833,0.7107356093788405,29.395526189980387,60.60447381001961,0.8712521395621561,0.4908357253790368,33.619576175747596,34.965700861229315,263.1927490234375,28.060091018676758,32.73828887939453,1.25,1.0
472,472,2022-07-22,2,358,55.812849162011176,33.78491620111732,1091599.5398530858,150690.75732377276,2611.99102679963,970.472685485573,1990879.0586375603,0.37154518355090027,41.0887088517548,48.9112911482452,0.7536929251046339,0.6572267300157691,55.52476942310543,33.63545869258218,14956.536809921265,25.090009689331055,49.50630187988281,1.25,1.0
473,473,2023-07-12,0,49,24.153061224489797,40.54081632653061,74435.80420091857,33831.63577956913,682.0731458250948,459.83445240902415,246332.85449724316,0.6741717588848459,103.19541788116148,-13.195417881161475,-0.2282730092960558,0.9735971616777254,24.088230610189466,40.67137747053029,1532.4799633026123,26.156391143798828,37.03193283081055,1.25,1.0
474,474,2023-07-12,1,19,34.973684210526315,33.44736842105263,31895.687012479444,20477.707486746927,446.4840913492849,357.7508515603678,125451.69881727794,0.8012622588169642,88.64322216411549,1.3567778358845146,0.02367802738556248,0.9997196362076363,35.1342140502224,33.40637297207702,611.3485584259033,27.654512405395508,37.32786178588867,1.25,1.0
475,475,2023-07-12,2,128,45.125,19.140625,233167.97311972006,118844.71553143035,1207.1867428025585,861.8465478676815,817135.8887006794,0.713929765221619,110.11818851524484,-20.11818851524484,-0.3439577922438472,0.9389851101879829,45.241226511281404,19.465175920142315,5202.130079269409,29.591581344604492,46.466163635253906,1.25,1.0
476,476,2023-07-12,3,178,60.40449438202247,36.60674157303371,532598.8788642456,109700.15583255085,1824.4843087572815,828.0253462023024,1186516.1254582698,0.45384076049757793,47.171553966855384,42.828446033144616,0.6798055004651148,0.7333924471504836,60.474431274568204,36.66707322025671,7265.213119506836,22.87900733947754,47.368927001953125,1.25,1.0
477,477,2023-07-15,0,437,38.973684210526315,29.612128146453088,1334394.3791029816,353188.62961886416,2887.8997332652734,1485.7418803809433,3369887.1495117154,0.514471421312489,139.98684244234104,-49.98684244234104,-0.7658968114373722,0.6429635092523264,40.10123301006798,29.014563517280422,16679.331520080566,26.856958389282227,49.53612518310547,1.25,1.0
478,478,2023-07-16,0,476,38.911764705882355,29.888655462184875,1409569.4921709676,373344.39990749606,2968.13229591751,1527.5478714010408,3560967.1325505,0.5146495233726921,142.02376537116197,-52.02376537116197,-0.7882660523262783,0.6153345681415477,40.11046936563322,29.29021989864424,18240.643854141235,27.122282028198242,48.67890930175781,1.25,1.0
479,479,2023-07-17,0,23,24.543478260869566,18.065217391304348,67278.31978278307,13097.90893072172,648.4516162693977,286.1152404486883,145716.40574268406,0.44122835577885644,159.3858227256444,-69.3858227256444,-0.935972447345527,0.3520732563118429,24.509976515774344,18.081201571001323,917.1039276123047,37.792747497558594,42.85918426513672,1.25,1.0
480,480,2023-07-17,1,521,40.38483685220729,29.4021113243762,1510480.9893049796,432234.35932558833,3072.540672335538,1643.613320031487,3966314.741221472,0.5349362287797229,148.945542200484,-58.945542200484,-0.8566773864379628,0.5158525521559638,41.65326075851567,28.83826392967857,20087.301025390625,26.233163833618164,49.47926330566406,1.25,1.0
481,481,2023-07-18,0,560,39.36071428571429,27.8625,1586860.4875155769,669656.7775286423,3149.2662712086376,2045.8139845924443,5060173.480697267,0.6496160719389706,152.71438803274458,-62.71438803274458,-0.8887323800438603,0.45842639175943545,40.505330656768336,27.164902937352643,21449.007581710815,25.76991081237793,49.5648078918457,1.25,1.0
482,482,2023-07-19,0,584,39.08904109589041,27.671232876712327,1601089.4580446677,708965.480787674,3163.354092222237,2105.002198317846,5229862.162010232,0.6654336305548061,150.68822674518913,-60.68822674518913,-0.8719686947078166,0.4895616360066897,40.143484098226054,26.941379197483936,22301.46807861328,25.961692810058594,49.344390869140625,1.25,1.0
483,483,2023-07-20,0,630,39.36984126984127,28.173015873015874,1490892.3208168952,676869.5429458866,3052.5525392866857,2056.80204283538,4931119.461870881,0.6737974257163839,146.6553048408536,-56.6553048408536,-0.8353788266586029,0.5496746455590762,40.43733968618786,27.47674024094263,24035.647832870483,25.77927017211914,48.75196075439453,1.25,1.0
484,484,2023-07-21,0,660,38.95454545454545,28.927272727272726,1392051.2097092015,715996.5623804409,2949.630495618478,2115.4145019068383,4900641.950290552,0.7171794924988658,143.84981309165187,-53.84981309165187,-0.8074734811246405,0.5899038712200955,39.89998523147668,28.23831022631107,24816.454042434692,25.4908504486084,49.51054382324219,1.25,1.0
485,485,2023-07-22,0,692,38.92485549132948,30.115606936416185,1201833.4343488668,935409.6291908645,2740.7041001684984,2417.914428271378,5204667.114543891,0.882223815450462,147.8571507078389,-57.85715070783891,-0.8467242721275746,0.5320319604967628,39.65813515390314,29.578730288024214,26187.984535217285,26.12599754333496,49.069740295410156,1.25,1.0
486,486,2023-07-22,1,9,65.83333333333333,32.5,20688.607453896693,3906.976723393121,359.5883710395184,156.26453379192287,44132.2368519234,0.4345650370733195,145.94324197946207,-55.94324197946207,-0.8284832213650642,0.5600138854676426,65.8533344933127,32.449794921962976,329.42908477783203,31.750320434570312,41.80522155761719,1.25,1.0
487,487,2023-07-22,2,19,68.02631578947368,40.23684210526316,43849.69676382213,11985.953978835649,523.5079796659152,273.7009542689298,112535.48807405608,0.5228209786670232,75.67611993172065,14.323880068279351,0.24740286327127323,0.9689127015604531,67.95297026210086,40.307495344746066,676.5012950897217,20.530363082885742,42.04935073852539,1.25,1.0
488,488,2023-07-23,0,697,41.56312769010043,31.91606886657102,1410685.3100074623,970615.0192812725,2969.306853046118,2462.9948985956007,5743921.213928955,0.829484799143912,4.116034989219656,85.88396501078034,0.9974207343548627,0.0717765886554005,42.336484321044864,31.529273107199025,26384.931001663208,19.929502487182617,49.1162223815918,1.25,1.0
489,489,2023-07-24,0,685,42.7029197080292,32.04598540145985,1692257.7883876844,914976.3261034131,3252.170225775863,2391.3598721535686,6108127.419927622,0.7353120243215643,14.925795242329343,75.07420475767066,0.9662602171415599,0.25756784110122444,43.55395114792016,31.826613286129334,26140.5982837677,20.74800682067871,48.66273880004883,1.25,1.0
490,490,2023-07-25,0,642,43.018691588785046,31.582554517133957,1815911.3247609462,969903.9321030651,3368.8938510668327,2462.092519716543,6514507.332676343,0.7308311358450396,12.712414864387256,77.28758513561274,0.9754868847127293,0.2200575782686306,44.08518209120782,31.4305742515498,24536.79106903076,21.087173461914062,48.83026123046875,1.25,1.0
491,491,2023-07-26,0,626,42.81309904153355,30.926517571884983,1797559.9933150948,939327.6191245753,3351.827853309197,2422.9728887316496,6378523.232211626,0.7228810651297303,10.983580016640218,79.01641998335978,0.9816818257075105,0.19052767010481414,43.76537214603798,30.75333870708843,24138.380464553833,21.825191497802734,48.73363494873047,1.25,1.0
492,492,2023-07-27,0,542,41.603321033210335,29.03690036900369,1424024.4363273028,766200.2031993018,2983.312375036453,2188.321564577664,5127430.129828093,0.7335207613151556,2.1277776608074817,87.87222233919252,0.9993105110406207,0.03712819041824539,42.342222135239716,28.731913477369236,20694.630737304688,20.830129623413086,48.75969696044922,1.25,1.0
493,493,2023-07-28,0,450,40.955555555555556,26.944444444444443,860379.7045146789,684647.3909885644,2318.9163747786906,2068.5855538697274,3767458.317905859,0.8920483620575348,177.0857930281365,-87.0857930281365,-0.9987067815357094,0.050840579408430196,41.58532097716641,26.657743042950212,17326.76265525818,26.607528686523438,48.686256408691406,1.25,1.0
494,494,2023-07-28,1,12,68.25,39.083333333333336,37338.856691613546,8921.079614042897,483.08162283674653,236.1286674416474,89589.91286256052,0.48879662624103826,99.35987313331408,-9.359873133314082,-0.1626349804336377,0.9866863043233904,68.23995653384394,39.06759521056327,437.07729148864746,29.739147186279297,42.296653747558594,1.25,1.0
495,495,2023-07-29,0,379,39.89050131926121,25.70580474934037,832885.3065555445,666952.3266559747,2281.563754527178,2041.678731240506,3658557.583173633,0.8948593819433354,167.39441251932868,-77.39441251932868,-0.975895483983594,0.21823841169791078,40.43606807619652,25.285439029998685,14492.125993728638,26.736114501953125,47.23487854003906,1.25,1.0
496,496,2023-07-29,1,36,59.5,41.861111111111114,125866.03679772999,48085.672941040415,886.940093797666,548.2111416977064,381884.4956935629,0.6180926372945854,64.92210423611465,25.07789576388535,0.4238500302607604,0.9057323842327558,59.47262732557599,41.77520217776466,1419.5682640075684,35.65869140625,42.555145263671875,1.25,1.0
497,497,2023-07-30,0,39,24.55128205128205,20.115384615384617,69263.9659662079,30561.80889725089,657.9512043372209,437.04840190511857,225846.36455580953,0.6642565573618395,166.82868683134114,-76.82868683134114,-0.9736931114756966,0.22786339035653944,24.53295700320019,20.103214279078017,1567.2207107543945,37.78124237060547,43.5294303894043,1.25,1.0
498,498,2023-07-30,1,57,27.219298245614034,34.23684210526316,175127.33234202958,26867.287579747404,1046.2054421277328,409.78109689616144,336712.1414242674,0.3916832014014038,168.2848961037195,-78.28489610371949,-0.9791693192879676,0.20304542389607838,27.261036216921926,34.23567278367214,1590.6284923553467,26.15359115600586,32.99297332763672,1.25,1.0
499,499,2023-07-30,2,224,45.129464285714285,23.875,587914.5485785371,214388.92789499136,1916.8896495666766,1157.5537997621086,1742722.2605170505,0.6038708592452258,79.59023329103714,10.409766708962863,0.18068680342829146,0.9835406850084373,45.374726939088085,23.712173302031363,9016.90449333191,28.575963973999023,47.18975067138672,1.25,1.0
500,500,2023-07-30,3,78,62.794871794871796,41.84615384615385,143014.3902434467,73641.82251634428,945.4310863418559,678.4256707459939,503758.0882150508,0.7175834183441306,15.159421922999229,74.84057807700077,0.9652019403365508,0.26150566795111213,62.68813671495454,41.865189040455355,3069.075267791748,30.853832244873047,41.849449157714844,1.25,1.0
501,501,2023-07-31,0,36,24.72222222222222,19.944444444444443,68796.35635978845,29830.637527771898,655.7264881401984,431.7887035907428,222373.93693506415,0.6584890368168621,173.3509369113759,-83.3509369113759,-0.9932739792952114,0.11578774570331667,24.701955773201004,19.92399555943824,1424.688217163086,36.67431640625,41.5467529296875,1.25,1.0
502,502,2023-07-31,1,56,26.678571428571427,34.44642857142857,182458.41700393878,30949.384530896117,1067.878788193968,439.8109290571356,368873.8414527399,0.41185472913171955,166.412306161952,-76.41230616195199,-0.9720114826979303,0.234933346937746,26.7190860087986,34.4394809952094,1569.6450881958008,26.046384811401367,33.29869079589844,1.25,1.0
503,503,2023-07-31,2,238,45.890756302521005,24.970588235294116,480382.41005554836,211564.8194826125,1732.7406219186926,1149.9043967940675,1564894.891842551,0.6636333114420548,78.63297856681811,11.36702143318189,0.1970930787025576,0.9803847807506741,46.12499456793975,24.944701868703707,9849.492462158203,26.991107940673828,49.307491302490234,1.25,1.0
504,504,2023-07-31,3,87,62.810344827586206,41.327586206896555,150692.6037893892,76757.17278549631,970.4786312349604,692.6271218407145,527928.7970120359,0.7136964169518372,21.282882936213866,68.71711706378613,0.9317997069926608,0.3629728723312411,62.756955382602605,41.30445538618347,3420.9490756988525,31.197235107421875,43.449798583984375,1.25,1.0
505,505,2023-08-01,0,66,27.5,35.21212121212121,195036.1996117078,81278.34736671479,1104.07257350827,712.7339412725953,618037.6662203072,0.6455499016770537,12.297003844409716,77.70299615559028,0.9770567130504887,0.21297929355450285,27.6691866647646,35.284317963450974,1883.857120513916,25.65007781982422,34.413394927978516,1.25,1.0
506,506,2023-08-01,1,41,26.158536585365855,20.451219512195124,88824.21978630542,27840.252621935382,745.0848097125647,417.13496483404043,244102.47638238085,0.5598489720854204,30.966850360392243,59.03314963960776,0.8574651429827044,0.5145420571436802,26.19524268660872,20.461478995233062,1660.5259971618652,37.44049835205078,42.54387664794922,1.25,1.0
507,507,2023-08-01,2,281,46.49288256227758,26.172597864768683,598311.1823022931,224814.8614306046,1933.7644348237795,1185.366139191296,1800304.500194651,0.6129837315470725,83.67024570270658,6.3297542972934195,0.1102504705865075,0.9939038352554304,46.72859863732046,25.914343220581205,11576.000434875488,26.396835327148438,51.1229248046875,1.25,1.0
508,508,2023-08-01,3,93,62.596774193548384,41.123655913978496,160265.7211606327,79622.44935858472,1000.8300341486333,705.4362540238164,554508.2173450673,0.7048512034552433,23.269383358114766,66.73061664188523,0.9186576143776637,0.3950546639971989,62.50153430537604,41.11136571208455,3629.148494720459,20.688133239746094,44.0728759765625,1.25,1.0
509,509,2023-08-02,0,94,26.861702127659573,36.37234042553192,171144.92075867488,130454.82028472783,1034.241632667008,902.9632477457478,733469.3518187234,0.8730679748573538,60.87442384857369,29.125576151426316,0.4867253734372488,0.8735550416844784,26.91508593014977,36.45031906258147,2793.775661468506,26.296201705932617,39.903472900390625,1.25,1.0
510,510,2023-08-02,1,45,27.07777777777778,22.322222222222223,60313.051852030105,30472.006612477464,613.9678933585926,436.4058218309927,210438.9265844959,0.7107958356644988,86.20153544072235,3.7984645592776474,0.06624716079747478,0.9978032439746193,27.12120011107635,22.325785220914376,1832.0215072631836,37.4041862487793,43.18413543701172,1.25,1.0
511,511,2023-08-02,2,371,48.65094339622642,29.47035040431267,958547.5791244872,234973.7415872626,2447.6360778367452,1211.8522537505928,2329627.0600083293,0.4951112891021138,69.2569378575961,20.7430621424039,0.35417780131996823,0.9351781033857418,48.77747692805386,29.118743165051704,15104.109140396118,26.83877182006836,51.2168083190918,1.25,1.0
512,512,2023-08-02,3,21,67.78571428571429,39.976190476190474,48668.204990457445,11490.297961862107,551.5217866869441,267.9820185416144,116080.21623047165,0.48589561647494245,71.11326313793023,18.886736862069768,0.3236984045491189,0.9461603156401958,67.70448374725241,39.97956307213906,767.8306484222412,19.38612937927246,42.593074798583984,1.25,1.0
513,513,2023-08-03,0,612,40.11764705882353,30.83169934640523,1312283.759973623,930948.0070355672,2863.8738624169787,2412.1411741380925,5425583.967792002,0.8422651590186852,165.7703806274732,-75.7703806274732,-0.969318407341797,0.24580851325444825,41.03495819436962,30.087955115556692,23052.038381576538,25.80773162841797,49.93290328979492,1.25,1.0
514,514,2023-08-03,1,12,67.58333333333333,39.0,26729.832897833105,15424.294359945172,408.7315202078951,310.4864566283968,99671.42628144182,0.7596342373362167,45.21095722858829,44.789042771411715,0.7044984989732928,0.7097054776062938,67.42558131811734,38.96132462643817,426.8475799560547,20.345149993896484,42.687896728515625,1.25,1.0
515,515,2023-08-04,0,577,38.917677642980934,31.080589254766032,1335394.9178849086,1030798.7894794082,2888.9822146874976,2538.2065389259205,5759194.001224446,0.8785815731304111,151.44258843481072,-61.442588434810716,-0.8783385485333335,0.4780391136302101,39.609603606188756,30.314087414893194,21134.54274559021,25.351335525512695,47.86517333984375,1.25,1.0
516,516,2023-08-05,0,548,36.63503649635037,31.56934306569343,1274222.4244080635,827175.984500703,2822.0365257293174,2273.7303936767426,5039546.758619823,0.8057055154837613,122.59332746393281,-32.59332746393281,-0.538672671264981,0.8425151353134552,37.04834645420662,30.62558847769422,19638.47610092163,21.652786254882812,49.11945343017578,1.25,1.0
517,517,2023-08-06,0,509,37.70432220039293,31.480353634577604,1133138.4486614827,865456.7001901353,2661.2243994323862,2325.7481325776325,4861094.444437242,0.8739391285731832,99.98925014756047,-9.989250147560469,-0.17346340466674173,0.9848403156052367,37.87680561481794,30.535053544912472,18176.273525238037,23.48465347290039,46.788021087646484,1.25,1.0
518,518,2023-08-07,0,472,39.23728813559322,31.790254237288135,1175727.381132857,760198.3097670183,2710.7740835562736,2179.733799353459,4640733.87978854,0.804100132348122,93.81235880571323,-3.812358805713231,-0.0664891264805092,0.9977871496766526,39.51041050101539,30.799727680092346,16575.871725082397,23.31061363220215,47.06700897216797,1.25,1.0
519,519,2023-08-08,0,239,40.08158995815899,39.33682008368201,525450.681379774,131122.87635502554,1812.1994257320544,905.2723221323567,1288472.3766890352,0.4995434328463402,19.723472703116386,70.27652729688361,0.9413323659888457,0.3374809279675545,40.50092753330658,39.26760538619828,7817.397394180298,22.759567260742188,48.294281005859375,1.25,1.0
520,520,2023-08-08,1,173,41.089595375722546,21.5,781527.2873792169,166859.6331071759,2210.1007999908297,1021.211391887032,1772628.0364931144,0.46206552745977436,173.38719886373715,-83.38719886373715,-0.9933470613220736,0.1151590889283193,41.23960313627376,21.519957599149873,6912.929553985596,32.32252502441406,46.74850082397461,1.25,1.0
521,521,2023-08-09,0,401,41.422693266832916,31.903990024937656,1073898.8275707478,511610.8561044192,2590.7272477659963,1788.1744463705493,3638492.286174371,0.6902210365496815,84.70579237615783,5.294207623842169,0.09226992315529639,0.9957340313963944,41.7963171608962,31.06952810397219,14482.550676345825,22.761598587036133,49.29377746582031,1.25,1.0
522,522,2023-08-10,0,25,27.9,22.66,44660.10190163259,15286.07302834965,528.3234207237114,309.0921487634154,128256.00809272451,0.5850434348339372,8.81637494592701,81.18362505407299,0.9881846182376073,0.15326826246354544,27.9471198364837,22.662615231435066,1022.3843994140625,38.05805587768555,42.82255554199219,1.25,1.0
523,523,2023-08-10,1,398,43.02010050251256,32.685929648241206,947003.8615774128,316826.14023685036,2432.8530853421526,1407.1827800539327,2688786.239989623,0.5784084491300175,92.16226949319478,-2.162269493194785,-0.037729764624877336,0.9992879789436834,43.349408339853646,31.970844394176773,14731.128505706787,24.170562744140625,49.73163604736328,1.25,1.0
524,524,2023-08-11,0,12,26.833333333333332,22.0,30123.531690028547,5419.797264720469,433.9032992069528,184.04818093233882,62721.200617587565,0.4241686598574489,161.99299461348642,-71.99299461348642,-0.9510187265870608,0.3091332749490505,26.862017317600962,21.997133374077208,482.51239013671875,38.59604263305664,41.95329284667969,1.25,1.0
525,525,2023-08-11,1,384,43.778645833333336,32.671875,888483.4769383864,238092.4252868539,2356.4850372673523,1219.867885487128,2257705.8900501756,0.5176641761755983,87.6866524394839,2.3133475605161067,0.040364562646786395,0.999185018944106,43.877487113291885,31.981815190999885,14438.661651611328,25.10210418701172,49.988609313964844,1.25,1.0
526,526,2023-08-13,0,389,42.60025706940874,33.98329048843188,705942.0817774143,281275.04994160426,2100.5089885808247,1325.8842566887301,2187358.8599321875,0.6312204631814228,94.45385883659743,-4.453858836597433,-0.0776562376689763,0.9969801947637172,42.66087685144879,33.32790179950866,14727.300853729248,22.88226318359375,50.63294982910156,1.25,1.0
527,527,2023-08-14,0,441,42.30498866213152,32.62698412698413,959786.8984032758,273728.2807199934,2449.2178578110347,1307.9762056321815,2516037.688016199,0.5340383263419338,101.37884818390059,-11.378848183900587,-0.19729544135216323,0.9803440767514512,42.45731875937204,31.8792892581738,16711.31053543091,23.02919578552246,49.8922233581543,1.25,1.0
528,528,2023-08-15,0,451,41.608647450110865,31.7039911308204,1107611.453737631,274510.14854833786,2631.078027322678,1309.8429021936608,2706716.810247319,0.4978350655478377,102.76256355598655,-12.762563555986546,-0.22091129830878553,0.9752939035385829,41.805256558541664,30.861053201598107,16860.22960472107,22.72597885131836,48.9727668762207,1.25,1.0
529,529,2023-08-16,0,457,40.99890590809628,31.98140043763676,1164024.9756241804,294288.2422346943,2697.249728455103,1356.2085068184906,2873012.4208524763,0.5028116204854649,104.52741180223917,-14.527411802239172,-0.25084316258133743,0.9680277412275914,41.311340293681205,31.103916509873894,16841.509254455566,22.708724975585938,49.63015365600586,1.25,1.0
530,530,2023-08-17,0,445,39.18089887640449,33.04831460674157,1217396.8984396108,320065.42489548866,2758.3927594248735,1414.3581249445997,3064117.217544022,0.5127471858791763,107.91292206466882,-17.91292206466882,-0.30757122551705657,0.9515250607492879,39.56224607515881,32.20753509128978,15986.21820640564,22.511472702026367,47.949066162109375,1.25,1.0
531,531,2023-08-17,1,13,52.34615384615385,26.5,31952.186251523635,5096.21820137599,446.87936187747886,178.46950372150403,62638.9105392145,0.399368417847041,126.57741276777423,-36.577412767774234,-0.5959083406774685,0.8030524575088642,52.34264064121018,26.50172777297153,474.60363006591797,35.23628234863281,40.02952575683594,1.25,1.0
532,532,2023-08-18,0,427,38.26112412177986,32.99180327868852,1273750.9739573374,321169.63205118524,2821.5144137915295,1416.7957510946692,3139636.724009933,0.5021401783983056,109.66158522470269,-19.66158522470269,-0.33646396030489906,0.9416963435290292,38.70545277183664,32.1610618892427,15281.067850112915,24.668489456176758,47.81713104248047,1.25,1.0
533,533,2023-08-19,0,421,37.59976247030879,33.419239904988125,1192456.9671828018,337326.23463491484,2729.991949602143,1451.9948231547583,3113266.623289639,0.5318678039934753,106.93781653588023,-16.93781653588023,-0.2913336492653272,0.9566215055107988,38.063483074776876,32.63399962195978,15032.09225654602,25.780057907104492,47.912010192871094,1.25,1.0
534,534,2023-08-20,0,433,37.095842956120094,34.146651270207855,1126657.2507798509,372177.61526838207,2653.6027994735887,1525.159039388151,3178636.9762845123,0.5747503129295409,109.2823810442144,-19.282381044214404,-0.33022415000291516,0.9439025430386615,37.62851844153705,33.392540011002524,15360.631816864014,25.57436180114746,48.40077590942383,1.25,1.0
535,535,2023-08-21,0,446,36.66143497757847,34.68609865470852,1030738.1587422491,449839.9081871982,2538.1318902175,1676.752643108097,3342512.705544631,0.6606247096814228,113.05041583075538,-23.050415830755384,-0.3915409498146506,0.9201606841298107,37.200011326321146,34.007936175690496,15614.353294372559,24.619792938232422,48.72382736206055,1.25,1.0
536,536,2023-08-22,0,433,36.40762124711316,36.197459584295615,737802.5404107925,492348.7390679326,2147.38582410508,1754.189162882549,2958532.7888604593,0.8168951956333255,134.68922073371962,-44.68922073371962,-0.7032609650370942,0.7109317935323296,36.9860534858272,35.6067892708766,14942.247276306152,24.276636123657227,49.454742431640625,1.25,1.0
537,537,2023-08-23,0,495,36.2030303030303,34.1989898989899,871470.683709709,597963.2370419739,2333.814854093118,1933.2020669118729,3543508.9322967106,0.828344229415355,156.9631582496545,-66.9631582496545,-0.9202534192103765,0.3913229413561272,36.753196086412736,33.46584918460666,17660.247011184692,24.421085357666016,50.09965515136719,1.25,1.0
538,538,2023-08-23,1,8,49.375,13.25,15070.087288710884,5929.316090194494,306.9007096023778,192.50513126593688,46401.29316742491,0.6272554127207707,8.15632531638937,81.84367468361063,0.9898846646755409,0.14187441855455082,49.36296464490144,13.242774218427893,260.10174560546875,31.79661750793457,33.399898529052734,1.25,1.0
539,539,2023-08-24,0,618,36.84789644012945,30.053398058252426,1177072.4371269704,678437.1764361602,2712.324230626487,2059.182447653923,4386582.612162131,0.7591947984693178,137.39180593967862,-47.39180593967862,-0.736000277304854,0.6769812344571879,37.40786376415058,29.21240804838182,22971.28339958191,25.54902458190918,51.142887115478516,1.25,1.0
540,540,2023-08-25,0,615,36.04308943089431,27.628455284552846,1378639.219256368,601625.3218215784,2935.386707122641,1939.1127510758279,4470522.31189062,0.6605987369127959,137.44623528032974,-47.446235280329745,-0.7366430577865762,0.6762817500234963,36.69507936330314,26.720807127472565,23342.9663066864,25.768407821655273,49.57396697998047,1.25,1.0
541,541,2023-08-26,0,560,34.910714285714285,27.17142857142857,1534978.429542893,572306.4759433222,3097.356160444433,1891.2735060391883,4600821.321673834,0.6106089865260486,131.90477223595374,-41.90477223595374,-0.667894547778699,0.7442559190543848,35.43051542854642,26.13016791016527,20945.838788986206,26.03460693359375,46.86541748046875,1.25,1.0
542,542,2023-08-27,0,478,34.82426778242678,26.543933054393307,1588612.6785753472,538982.5299718827,3151.004481287819,1835.3857393813068,4542200.023236946,0.5824763976949924,128.95004619914903,-38.95004619914903,-0.6286425907950444,0.7776943442243195,35.39660349926207,25.46692739843386,17759.903343200684,25.576356887817383,46.83072280883789,1.25,1.0
543,543,2023-08-28,0,262,39.11068702290076,19.66793893129771,1104181.2280875659,185693.60227559102,2627.000699571145,1077.304513228476,2222739.4064256954,0.4100891611503357,173.77366033805362,-83.77366033805362,-0.9941012101268335,0.10845636921990898,39.185565979395896,19.880085137474808,10595.298522949219,29.57990074157715,48.872291564941406,1.25,1.0
544,544,2023-08-28,1,138,28.39855072463768,39.833333333333336,319728.0167245523,195591.7505304719,1413.6124308057185,1105.6439032597473,1227539.6033333477,0.7821407616156587,58.49212670866455,31.507873291335443,0.5226157252085141,0.8525683572387489,28.19039447792169,40.04275595260777,4051.858985900879,25.603065490722656,36.53383255004883,1.25,1.0
545,545,2024-05-20,0,222,25.355855855855857,21.38738738738739,521605.4076945104,121788.56079881711,1805.556368018094,872.4554458495901,1237212.1904157891,0.4832058756533083,89.04557493564381,0.9544250643561867,0.0166570894648491,0.9998612610610335,25.337593323098627,21.446305666780685,9187.336280822754,30.18218231201172,45.206634521484375,1.25,1.0
546,546,2024-05-20,1,203,62.14039408866995,16.08128078817734,348704.64702600247,136812.73036410962,1476.280476031745,924.7051231477444,1072165.9761781078,0.6263749593392713,26.747334935301865,63.252665064698135,0.8929998783932138,0.45005690439066176,62.13775640828242,16.101475539534416,6194.912973403931,29.283334732055664,41.5531005859375,1.25,1.0
547,547,2024-05-21,0,239,25.45397489539749,21.58786610878661,463435.4472512996,115867.1546467573,1701.9023313106493,850.9816193915315,1137482.4226388654,0.5000178939388275,86.88648479493797,3.113515205062029,0.05431435112822088,0.9985238861747476,25.43522565714666,21.631520037162215,9944.32703781128,33.67522430419922,45.10660934448242,1.25,1.0
548,548,2024-05-21,1,212,62.27358490566038,16.433962264150942,379780.8121748833,147481.79414872717,1540.6589746251507,960.0839616562422,1161731.0961128122,0.6231644883578698,32.09793193275408,57.90206806724592,0.8471411014402286,0.5313680026597729,62.34182395847856,16.578726868085337,6574.190954208374,29.443758010864258,46.90885925292969,1.25,1.0
549,549,2024-05-22,0,207,25.42270531400966,22.297101449275363,367796.38473938603,111754.31236330945,1516.1554684863827,835.7418574360651,995189.469753879,0.5512243795620827,80.67186418648099,9.328135813519012,0.16208840951688588,0.9867762398336749,25.399696320708706,22.28690956212025,8568.723434448242,32.85750198364258,45.375404357910156,1.25,1.0
550,550,2024-05-22,1,227,62.31057268722467,16.8215859030837,426954.28299417533,162257.593659969,1633.543470102218,1007.0302678543511,1292001.7486504733,0.6164698315566324,38.71925641655599,51.28074358344401,0.7802202267922558,0.625504914212703,62.44140792654318,17.124548056431372,7162.278860092163,29.23969078063965,47.910308837890625,1.25,1.0
551,551,2024-05-23,0,149,25.828859060402685,21.171140939597315,211684.11866018915,99846.20222328506,1150.22856060271,789.9612420211081,713641.0317281396,0.6867863215004634,62.04490096330529,27.95509903669472,0.4687794794681217,0.8833152323092798,25.82996880775675,21.199312401614243,6179.264854431152,37.97126007080078,44.74822235107422,1.25,1.0
552,552,2024-05-23,1,267,59.754681647940075,16.4625468164794,870319.2675473801,200530.24349738413,2332.2725874500875,1119.5150833546866,2050685.8673543108,0.48001039388739336,18.1827557949091,71.8172442050909,0.9500660113625231,0.31204899303427663,59.477341396985395,16.6813711880676,8669.418348312378,25.90312385559082,48.2704963684082,1.25,1.0
553,553,2024-05-24,0,113,25.278761061946902,19.597345132743364,136917.34648309925,100917.7096066806,925.0586011271774,794.1886961180911,577009.3202806013,0.8585279842275697,40.21776825846101,49.78223174153899,0.7635958260496019,0.6456945209924164,25.299142459317533,19.613891001853727,4643.689376831055,37.228492736816406,44.57292175292969,1.25,1.0
554,554,2024-05-24,1,300,58.473333333333336,16.526666666666667,937129.1029121863,199693.2591970914,2420.1357179301253,1117.1762931524377,2123495.3481164235,0.46161720802498113,14.745617569928385,75.25438243007162,0.9670654100366742,0.25452798021160505,58.02668613564862,16.758694366657625,10047.703245162964,26.646596908569336,49.010650634765625,1.25,1.0
555,555,2024-05-25,0,413,49.780871670702176,16.853510895883776,3173905.835689065,238596.17820344705,4453.864779386175,1221.1576940639338,4271679.485731879,0.27417933739610123,1.3925094963182971,88.6074905036817,0.9997046753532448,0.024301483017777903,48.14361452438421,17.070732437680423,14661.354133605957,26.938688278198242,48.896263122558594,1.25,1.0
556,556,2024-05-26,0,421,49.780285035629454,16.827790973871736,3099405.0106629925,249684.35938546216,4401.281781100104,1249.2106492338025,4318219.689267186,0.2838288279105732,1.9537503212557112,88.04624967874429,0.9994186726150339,0.03409276797802637,48.3139824494978,17.11188048538513,15062.002220153809,26.124338150024414,49.55155944824219,1.25,1.0
557,557,2024-05-27,0,442,49.98868778280543,16.479638009049772,2906190.049835993,232651.34815239714,4261.887822488405,1205.8486331013864,4036311.648055239,0.2829376753509488,4.529262417466072,85.47073758253393,0.9968771326532345,0.07896823660856034,48.55270677475866,16.71689027141363,15811.6021194458,27.31670570373535,50.499229431152344,1.25,1.0
558,558,2024-05-28,0,475,49.241052631578945,16.565263157894737,2864224.6704096324,224742.85816365673,4231.005103998364,1185.176300607996,3938368.8621243355,0.2801169631036338,5.14269352086518,84.85730647913482,0.9959745499779609,0.08963646465695924,47.70914078596511,16.76593171090572,17258.240631103516,27.113758087158203,49.402000427246094,1.25,1.0
559,559,2024-05-29,0,466,48.952789699570815,16.811158798283262,2890972.395063295,217458.42524278062,4250.714936236679,1165.810944264712,3892064.155645559,0.27426232098660774,6.012416247512164,83.98758375248784,0.9944992202387828,0.10474397808205009,47.421262617542844,16.980988965384757,16851.739818572998,27.16545867919922,48.378780364990234,1.25,1.0
560,560,2024-05-30,0,474,49.40084388185654,17.22573839662447,2614494.8094063103,227953.06499779416,4042.349880798227,1193.6107641254805,3789540.114453269,0.29527646030723664,6.3622075966762,83.6377924033238,0.9938412280898264,0.11081341682714074,48.05409619623513,17.44396080193658,17203.33542060852,27.58204460144043,47.06989288330078,1.25,1.0
561,561,2024-05-31,0,488,49.27663934426229,17.2172131147541,2595278.576761402,234443.54774179528,4027.467083013685,1210.4842722589256,3828961.7858536197,0.30055721060124485,5.509494131898151,84.49050586810185,0.9953803026902955,0.09601069219714828,47.84838395855457,17.41898651975016,17857.261074066162,28.745155334472656,47.66302490234375,1.25,1.0
562,562,2024-06-01,0,542,46.193726937269375,18.16420664206642,3061412.010397421,343414.80974709324,4374.222795535669,1465.040122631231,5033154.93717317,0.3349258122211906,178.03394582919773,-88.03394582919773,-0.9994113283987403,0.03430738503974675,44.51755361639547,18.414877817619793,20175.33988571167,27.958311080932617,48.544960021972656,1.25,1.0
563,563,2024-06-02,0,494,45.83198380566802,18.31578947368421,3017492.080723221,356972.76238237636,4342.732492857478,1493.6799405795914,5094604.890891651,0.34394933213967405,176.06026609131578,-86.06026609131578,-0.9976368711777526,0.06870715586213944,44.14898143330291,18.610650569986984,18292.518241882324,26.583988189697266,49.19770812988281,1.25,1.0
564,564,2024-06-03,0,514,43.463035019455255,18.556420233463037,2821106.8459587507,395346.00542496477,4199.037721578861,1571.9136534511142,5184039.997186073,0.37435092458756625,172.17716357011054,-82.17716357011054,-0.9906936695017686,0.1361104448935513,41.5879898820821,18.84755751137818,19132.221563339233,26.34359359741211,47.03460693359375,1.25,1.0
565,565,2024-06-03,1,11,29.772727272727273,39.59090909090909,24556.2711988636,6079.031672147636,391.76101770454073,194.92036309970985,59974.7314910522,0.49754915443556297,46.444973104254274,43.555026895745726,0.6890509080425246,0.7247129404983551,29.70766361763564,39.54096709283509,362.4359245300293,29.235958099365234,36.64869689941406,1.25,1.0
566,566,2024-06-04,0,596,42.258389261744966,19.511744966442954,2629577.047615409,545518.66856943,4053.992667432479,1846.4808903855294,5879192.192176343,0.4554721830700705,168.92315619380355,-78.92315619380355,-0.9813703919525467,0.19212535959343038,40.44570902121074,19.76271421827776,22209.88923072815,26.189992904663086,45.65195846557617,1.25,1.0
567,567,2024-06-05,0,641,42.197347893915754,20.626365054602186,2490544.4622487817,514528.2035955159,3945.3647346037455,1793.2655331745977,5556760.017094095,0.45452465204201337,165.735341483413,-75.73534148341301,-0.9691679022821678,0.24640125240343744,40.52533177676513,20.948414643711935,24033.68166732788,26.658626556396484,46.199703216552734,1.25,1.0
568,568,2024-06-06,0,681,42.3942731277533,20.56461086637298,2390503.5677352245,481330.05040326866,3865.3133506024,1734.4488505056668,5265457.176160068,0.4487214083782773,166.58968640495894,-76.58968640495894,-0.9727341463921457,0.23192300541934963,40.843571750678066,20.93067780814462,25625.79651260376,26.096538543701172,47.220001220703125,1.25,1.0
569,569,2024-06-07,0,649,43.82049306625578,19.826656394453003,2091683.5834953971,439364.22848392447,3615.6634794801125,1657.1138850497052,4705765.05441471,0.45831529799559156,169.94236822964436,-79.94236822964436,-0.9846325883698241,0.1746386724644359,42.344080110724754,20.206161348257446,24702.563648223877,27.201717376708984,47.61750411987305,1.25,1.0
570,570,2024-06-08,0,597,44.99916247906198,19.729480737018424,1957431.340479103,377144.0749433992,3497.705802092908,1535.3014259083604,4217613.824174907,0.4389452723524341,169.1748059902466,-79.1748059902466,-0.9822047607516429,0.18781322625632077,43.567538534985864,20.15647796002297,22683.666204452515,27.580181121826172,47.428524017333984,1.25,1.0
571,571,2024-06-09,0,468,47.39529914529915,18.346153846153847,1922946.499514274,263225.52452232107,3466.7586622036747,1282.6377229227694,3492347.88912923,0.36998183257078815,173.78524790221263,-83.78524790221263,-0.9941231241370734,0.10825531883443451,45.88060293316816,18.769806770384985,17498.657194137573,26.10603141784668,47.78953552246094,1.25,1.0
572,572,2024-06-10,0,50,26.28,19.1,164554.65580112528,25663.32366387016,1014.1334225618605,400.49441057171884,318993.20830038586,0.3949129391278783,172.63359949621577,-82.63359949621577,-0.9917465204157966,0.12821403684136912,26.349612512569987,19.106781617446455,2052.4199752807617,37.500205993652344,44.150245666503906,1.25,1.0
573,573,2024-06-10,1,19,25.605263157894736,42.3421052631579,65602.28656050166,27717.276468109732,640.3235830446474,416.21265949714433,209317.07826683015,0.6500036395943944,88.2286298343612,1.7713701656387997,0.03091131686793273,0.9995221310653858,25.630005567818884,42.36348942291807,642.432222366333,29.309642791748047,37.08906555175781,1.25,1.0
574,574,2024-06-10,2,326,53.190184049079754,17.55521472392638,1072551.1023300197,272951.8955055621,2589.101077509841,1306.119958851316,2655962.5852042236,0.504468508470717,172.73849477499522,-82.73849477499522,-0.9919795884148831,0.12639816520914865,51.947791488364324,17.98868154082121,11538.39596748352,26.78339385986328,47.710609436035156,1.25,1.0
575,575,2024-06-10,3,15,60.3,37.833333333333336,38944.15043680252,16609.05128227895,493.35680823316477,322.19027066974485,124842.77938011091,0.6530573112461739,116.96755309522695,-26.967553095226947,-0.45348584523361957,0.8912634785363696,60.307935601851085,37.89509824164134,617.5594253540039,34.57894515991211,44.08561706542969,1.25,1.0
576,576,2024-06-11,0,31,24.467741935483872,19.048387096774192,93732.52291650733,21647.37679266039,765.3941913995499,367.8261885104532,221114.7378312823,0.4805709171085689,150.6234616898748,-60.6234616898748,-0.8714147551765856,0.4905469645819158,24.45312648682275,19.064681212776907,1246.434799194336,37.950103759765625,42.33494567871094,1.25,1.0
577,577,2024-06-11,1,19,22.07894736842105,31.236842105263158,67461.22189016856,9128.388058301742,649.3324547668578,238.85649533639625,121813.1145039572,0.36784930983028935,61.43681457824421,28.56318542175579,0.4781276238443585,0.878290370729947,21.98037637010488,31.07299250311875,722.4225997924805,28.96872901916504,41.0256233215332,1.25,1.0
578,578,2024-06-11,2,48,27.75,40.770833333333336,81560.76206013282,60298.4681721157,713.9711218780702,613.8936602341836,344241.8570202381,0.8598298186337885,167.73691313907787,-77.73691313907787,-0.9771826177217443,0.21240087481571074,27.71735493654067,40.748705669099266,1599.2905197143555,27.722286224365234,38.663570404052734,1.25,1.0
579,579,2024-06-11,3,278,55.611510791366904,17.20863309352518,1084679.9189982251,224389.50213141547,2603.6991941733413,1184.2442266362739,2421709.0580851045,0.45483142956237854,173.849343923707,-83.84934392370701,-0.9942436058352597,0.10714313909766104,54.412848639262805,17.542615718322455,9411.187511444092,28.386333465576172,46.90015411376953,1.25,1.0
580,580,2024-06-11,4,18,60.27777777777778,37.22222222222222,54288.600844760935,16731.23500065957,582.4978586052963,323.37318805696043,147940.88854091277,0.5551491448075517,100.9149460307827,-10.914946030782701,-0.18935158779644579,0.9819093523329763,60.287954493767074,37.28579887631611,737.1423377990723,35.38528823852539,44.264434814453125,1.25,1.0
581,581,2024-06-12,0,27,23.72222222222222,18.574074074074073,86793.63000525539,17515.503815403972,736.5189661732046,330.8653787362389,191392.59984263868,0.44922859278878424,151.00977692722716,-61.009776927227165,-0.8747024221110047,0.4846603684572753,23.668561545507966,18.594597499338292,1091.0567359924316,37.926673889160156,43.55857849121094,1.25,1.0
582,582,2024-06-12,1,102,27.225490196078432,36.529411764705884,339093.29777625785,77650.62031292933,1455.7929492553576,696.6465222448243,796529.6863429038,0.47853406804941667,52.11985122041346,37.880148779586534,0.6140117699372657,0.7892968683445452,27.01131569677171,36.17126684833256,3565.0730590820312,25.99135971069336,43.32481002807617,1.25,1.0
583,583,2024-06-12,2,13,35.03846153846154,18.576923076923077,43404.83601435885,14132.391927646655,520.8456826064154,297.19934311467046,121575.70456778153,0.5706092092909858,24.794436142065308,65.20556385793469,0.9078182062545723,0.41936392833996905,34.99204313727396,18.57819570201713,547.8598098754883,38.280616760253906,43.764915466308594,1.25,1.0
584,584,2024-06-12,3,254,57.52755905511811,17.4251968503937,1032495.6106882371,213656.49105308022,2540.294779509158,1155.5747786628745,2305536.7622754313,0.4548979071185421,171.80255572920115,-81.80255572920115,-0.9897825920135501,0.1425847837145966,56.42900631770629,17.771820851881948,8379.380535125732,29.55912971496582,44.66246795654297,1.25,1.0
585,585,2024-06-12,4,12,60.416666666666664,36.083333333333336,25491.936961627514,18313.425686465558,399.15486469561154,338.31776562931145,106061.09629745939,0.8475852245651737,93.01307224037532,-3.0130722403753225,-0.052563795837350887,0.9986175681246396,60.42158738871407,36.11878334019891,475.7924003601074,34.78483581542969,41.988285064697266,1.25,1.0
586,586,2024-06-13,0,28,23.928571428571427,18.25,70480.12361041826,13598.023388384112,663.7023222538204,291.52640734142886,151964.14088054837,0.4392427110266161,154.53494739454095,-64.53494739454095,-0.9028477054316172,0.4299604874832847,23.865018485283528,18.2737569420645,1129.7666091918945,38.0787353515625,43.697662353515625,1.25,1.0
587,587,2024-06-13,1,505,45.44653465346535,23.941584158415843,3049765.736817113,342196.738801202,4365.894622538084,1462.439611576325,5014655.146683988,0.33496905858120446,151.5397016853985,-61.53970168539851,-0.8791475369509995,0.4765496912946132,44.30006902824804,24.214181801521967,17967.4977684021,27.064266204833984,47.10887145996094,1.25,1.0
588,588,2024-06-14,0,605,43.103305785123965,23.235537190082646,2825301.0556470035,441341.94059627224,4202.1579691622455,1660.8392844362459,5481379.417918696,0.3952348523364427,156.6080332209043,-66.6080332209043,-0.9178102992417383,0.3970192118850053,41.81972477648077,23.43559797504291,22263.453399658203,26.251436233520508,48.13628387451172,1.25,1.0
589,589,2024-06-15,0,603,42.75207296849088,21.408789386401327,2573372.354265089,365857.493068125,4010.433544413472,1512.1538716928849,4762962.819076799,0.3770549629975325,165.0894555471552,-75.08945554715521,-0.9663287414149091,0.25731063622687234,41.2407515189274,21.70747567650579,22838.250467300415,26.084482192993164,46.52444076538086,1.25,1.0
590,590,2024-06-16,0,550,43.38909090909091,20.545454545454547,2352236.06615443,363040.5546411765,3834.2503065743094,1506.32116977335,4536155.3769555455,0.3928593725846669,169.3430119942501,-79.3430119942501,-0.9827518997524202,0.18492891481055393,41.77129878877237,20.93284689754203,21075.109483718872,27.034215927124023,47.46033477783203,1.25,1.0
591,591,2024-06-17,0,418,37.08612440191388,22.339712918660286,756198.5182504246,467929.8327634698,2173.9918902942472,1710.1349229729467,2919968.5708987936,0.7866335337347933,19.808727626034397,70.1912723739656,0.940829159510584,0.3388812367402599,37.04347545204743,22.584929782043258,17369.908306121826,27.619260787963867,49.318756103515625,1.25,1.0
592,592,2024-06-17,1,66,56.833333333333336,44.09090909090909,190212.85186193537,19022.86156470301,1090.334959605119,344.80847550400176,295275.7293509592,0.3162408693461313,176.8068272743011,-86.8068272743011,-0.9984474086957562,0.05570253197772666,57.080701080985925,44.05311171549268,2517.977527618408,30.18299102783203,40.75218200683594,1.25,1.0
593,593,2024-06-17,2,136,64.44117647058823,17.345588235294116,188764.74103932313,101004.42791601543,1086.1766115580695,794.5298449240887,677798.4066783846,0.7314923157702438,78.20525823746249,11.794741762537512,0.20440621683906504,0.9788861519694418,64.4558961222751,17.41601186239115,4124.768625259399,29.261178970336914,42.230438232421875,1.25,1.0
594,594,2024-06-18,0,536,46.38805970149254,21.80223880597015,1914600.0131468906,510751.26748580334,3459.22680409482,1786.6716043487877,4854155.158339811,0.5164944958896119,171.9720599841589,-81.9720599841589,-0.9902000838981014,0.13965598393263642,45.11593631479999,22.3966770362539,20720.756380081177,29.218690872192383,50.48937225341797,1.25,1.0
595,595,2024-06-18,1,41,26.182926829268293,40.3780487804878,131726.1076924384,34571.85065830419,907.352287194858,464.8376777052407,331258.5850669019,0.512301213393442,140.37374289877087,-50.37374289877087,-0.770221047756504,0.6377770281163105,26.28789739880443,40.382152146459454,1327.5403003692627,26.47780990600586,38.06440353393555,1.25,1.0
596,596,2024-06-18,2,67,56.8134328358209,44.05223880597015,187698.38766854713,20006.209938846074,1083.1042991921045,353.60827495660783,300803.2890739893,0.32647666085377636,176.94421986312526,-86.94421986312526,-0.998578109999611,0.05330814412080724,57.04153932301734,44.00614831397839,2600.672618865967,30.374248504638672,41.899681091308594,1.25,1.0
597,597,2024-06-19,0,658,44.86322188449848,24.065349544072948,2267702.082665799,618597.4311847256,3764.7228339761273,1966.2741276090003,5813891.9236959675,0.5222892133953755,155.78910886591058,-65.78910886591058,-0.9120421790030956,0.4100964078351399,44.21805817429848,24.332950122777017,25284.715354919434,26.300779342651367,49.81108093261719,1.25,1.0
598,598,2024-06-19,1,66,56.984848484848484,44.04545454545455,177792.95778174806,20313.98708835017,1054.137555604545,356.31786273240436,295001.86543224275,0.3380183742035991,176.95078270036097,-86.95078270036097,-0.9985842095299067,0.0531937635210309,57.13668730014148,43.99796851812421,2498.6400814056396,29.371421813964844,41.94562530517578,1.25,1.0
599,599,2024-06-20,0,722,44.76592797783933,23.74376731301939,2158163.122406073,603873.8620193801,3672.6719857670323,1942.73303302876,5603832.535466096,0.5289699272239862,155.91119196862806,-65.91119196862806,-0.9129139217428858,0.40815214257433974,44.186413258690926,23.969839106213204,28170.876735687256,25.971284866333008,50.04564666748047,1.25,1.0
600,600,2024-06-20,1,40,60.0,43.7,76466.77618167478,12961.602492715949,691.3156667799938,284.6225844508385,154538.12486730763,0.4117114628351357,15.820482226443517,74.17951777355648,0.9621205966825955,0.2726242055268138,59.98439101416748,43.67895120653987,1575.4533157348633,33.31383514404297,41.29902648925781,1.25,1.0
601,601,2024-06-21,0,684,46.01169590643275,21.969298245614034,1699442.6372645511,465171.2686064099,3259.066811666101,1705.0866338078138,4364450.729037312,0.5231824728797564,171.33470710775677,-81.33470710775677,-0.9885853321872232,0.15066200909412264,45.097229690543934,22.45088683788446,27120.53777694702,27.81976890563965,49.994266510009766,1.25,1.0
602,602,2024-06-21,1,65,24.576923076923077,41.146153846153844,116291.52128577279,53579.21775023168,852.5385668907184,578.6796272022611,387473.59214835597,0.6787723742666043,125.71531973637794,-35.715319736377936,-0.5837583252580293,0.8119274707090165,24.563784356215706,41.13529948487835,2098.7769832611084,26.59052276611328,38.627052307128906,1.25,1.0
603,603,2024-06-22,0,595,45.13361344537815,21.778991596638654,1673293.4917394738,417389.3222287485,3233.896152224389,1615.1418711462093,4102292.53716956,0.49944147712821796,175.54678076375328,-85.54678076375328,-0.9969810615884306,0.07764510824260588,44.31590600886611,22.17343586589754,23701.989685058594,27.28650665283203,50.859378814697266,1.25,1.0
604,604,2024-06-22,1,57,24.464912280701753,41.5,119668.77896866776,55316.57249386994,864.8293869626388,587.986885981896,399381.5148519952,0.6798877268115976,130.45783169843082,-40.45783169843082,-0.6488882321760148,0.7608837375995667,24.448666857148233,41.51331850527529,1897.8670616149902,27.705339431762695,37.689361572265625,1.25,1.0
605,605,2024-06-23,0,492,45.01829268292683,20.86382113821138,1743498.4026361138,282670.60700176284,3301.039990135792,1329.1693999490876,3446045.4523578077,0.40265171095198116,178.5745803865632,-88.57458038656321,-0.9996905519144319,0.024875699246824857,44.33822606504103,21.154411213587952,19453.91802597046,27.141490936279297,50.456703186035156,1.25,1.0
606,606,2024-06-23,1,34,23.352941176470587,42.470588235294116,69960.30970365432,20997.1599515051,661.2502821533155,362.25992008074377,188137.79021924367,0.547840855207002,72.57219439054701,17.42780560945299,0.2995038493162722,0.9540950918250946,23.393566966140323,42.45012545817387,1089.6241130828857,28.333694458007812,35.95293045043945,1.25,1.0
607,607,2024-06-23,2,25,32.82,38.54,71332.96809109305,16673.357241866048,667.7058113940087,322.8133868997114,169288.1558069685,0.4834664928642075,177.33856374410712,-87.33856374410712,-0.9989213543738379,0.04643412296940016,32.788516473871034,38.52607779623187,861.162202835083,29.887319564819336,40.51307678222656,1.25,1.0
608,608,2024-06-24,0,455,45.37692307692308,20.794505494505493,1735012.1248968542,253792.26143762597,3292.9964744295335,1259.4449706061644,3257319.382745661,0.38246168205337844,179.2797852388838,-89.27978523888379,-0.999920997095648,0.012569787875898516,44.83365461125354,21.006231494218614,18014.379724502563,27.346309661865234,48.69458770751953,1.25,1.0
609,609,2024-06-24,1,19,23.18421052631579,42.13157894736842,66302.25221275263,15758.964736753482,643.7305929732593,313.83678816338477,158671.11776147422,0.4875281547733147,69.42611720772037,20.573882792279633,0.3514149266629073,0.9362198189092685,23.225339324117247,42.168075644066974,598.8651847839355,27.9910831451416,34.150390625,1.25,1.0
610,610,2024-06-24,2,25,32.82,38.54,71332.96809109305,16673.357241866048,667.7058113940087,322.8133868997114,169288.1558069685,0.4834664928642075,177.33856374410712,-87.33856374410712,-0.9989213543738379,0.04643412296940016,32.76792693556603,38.545796275032146,885.6101455688477,30.6411190032959,40.31039810180664,1.25,1.0
611,611,2024-06-25,0,115,28.569565217391304,22.065217391304348,379436.1811706263,89784.31240955066,1539.959782694475,749.1007626212189,906023.5777254206,0.4864417701289015,49.10372701747917,40.89627298252083,0.654691645026728,0.7558960576244572,28.519154177967398,21.932140738280662,4650.80366897583,32.321533203125,44.44327163696289,1.25,1.0
612,612,2024-06-25,1,25,32.54,38.26,84296.07294519668,19061.461852511104,725.8446499819911,345.15813271339033,196766.73180921318,0.4755261786691602,5.422834913156947,84.57716508684305,0.9955243791946564,0.0945050814987957,32.60882162922183,38.27902123496068,861.7401809692383,27.36077880859375,42.17402267456055,1.25,1.0
613,613,2024-06-25,2,307,51.744299674267104,20.096091205211728,812897.5389912836,197556.9390093143,2254.020767139363,1111.1844440992747,1967134.0114109828,0.492978796069172,12.501194603771097,77.4988053962289,0.9762914941917629,0.21645996943734183,51.22413096536792,20.31113284485482,12056.432168960571,29.12221908569336,49.85841751098633,1.25,1.0
614,614,2024-06-26,0,71,25.950704225352112,19.345070422535212,147871.82831930416,45323.21490851951,961.3526548544248,532.2312403253374,401858.32901510573,0.5536274723305692,158.08148020614087,-68.08148020614087,-0.9277156440759902,0.373287668878401,25.996975403013327,19.347504509808488,2894.154396057129,37.576759338378906,43.96733856201172,1.25,1.0
615,615,2024-06-26,1,10,22.3,30.2,45632.29934436003,3735.5847838726327,534.0429485558724,152.79857623421742,64089.27724926573,0.2861166440777963,102.69710495617122,-12.697104956171216,-0.21979691221712236,0.975545651099844,22.292674808096244,30.18079899180597,407.9275703430176,38.532371520996094,42.19524383544922,1.25,1.0
616,616,2024-06-26,2,18,35.666666666666664,30.166666666666668,67383.43785036304,6379.779490981759,648.9580006169651,199.683804597759,101776.92259338737,0.30769911829104407,70.24448585421679,19.75551414578321,0.33800729521737,0.9411434897930483,35.72859111806801,30.28587133549009,656.0683155059814,31.708467483520508,40.68810272216797,1.25,1.0
617,617,2024-06-26,3,294,51.79251700680272,19.833333333333332,843769.9346389677,180568.94787864602,2296.4237613065993,1062.3351280276565,1916035.0780503256,0.46260413514586624,14.22863959779204,75.77136040220796,0.9693226105981749,0.24579193758774698,51.29876106574209,20.003565426300344,11429.335390090942,29.386476516723633,48.78791427612305,1.25,1.0
618,618,2024-06-27,0,71,25.950704225352112,19.345070422535212,147871.82831930416,45323.21490851951,961.3526548544248,532.2312403253374,401858.32901510573,0.5536274723305692,158.08148020614087,-68.08148020614087,-0.9277156440759902,0.373287668878401,25.997958097980987,19.34306357739681,2912.336051940918,38.64065933227539,44.110076904296875,1.25,1.0
619,619,2024-06-27,1,10,22.3,30.2,45632.29934436003,3735.5847838726327,534.0429485558724,152.79857623421742,64089.27724926573,0.2861166440777963,102.69710495617122,-12.697104956171216,-0.21979691221712236,0.975545651099844,22.305931476232402,30.164459775091814,407.4528465270996,36.786041259765625,41.95127868652344,1.25,1.0
620,620,2024-06-27,2,18,35.666666666666664,30.166666666666668,67383.43785036304,6379.779490981759,648.9580006169651,199.683804597759,101776.92259338737,0.30769911829104407,70.24448585421679,19.75551414578321,0.33800729521737,0.9411434897930483,35.72021892845686,30.28292984063082,655.8319835662842,31.0606746673584,40.36772918701172,1.25,1.0
621,621,2024-06-27,3,310,52.303225806451614,20.635483870967743,887545.4309252036,248356.8507242315,2355.240739984455,1245.885354688162,2304640.911323483,0.5289842917273861,24.17709939003808,65.82290060996192,0.9122838858765621,0.4095584348660884,51.83890033205957,20.836814749548072,12169.090576171875,29.183067321777344,49.01818084716797,1.25,1.0
622,622,2024-06-28,0,54,24.77777777777778,19.48148148148148,102288.26010883195,34190.81278154106,799.5633969112141,462.2689475669241,290293.6305517139,0.5781517129882521,137.88213180720822,-47.882131807208225,-0.7417667264603133,0.6706579780457032,24.75747442362709,19.49270804154177,2178.090503692627,37.51475524902344,43.054443359375,1.25,1.0
623,623,2024-06-28,1,15,35.43333333333333,29.833333333333332,70041.68443385474,6613.780745440992,661.634738894197,203.31288611154534,105650.87211787645,0.3072887110663901,72.09131292398463,17.90868707601537,0.3075008931818412,0.9515477921220614,35.46889825686784,29.9353129759142,545.10133934021,31.70924186706543,39.51415252685547,1.25,1.0
624,624,2024-06-28,2,290,53.00344827586207,20.775862068965516,968528.5326059638,294900.82514783606,2460.3461806801242,1357.6192975845534,2623397.511836284,0.5518001118075427,26.09827825128164,63.90172174871836,0.8980407956081631,0.43991218376337043,52.48889960436186,20.969314835550648,11110.407234191895,29.336225509643555,49.20220947265625,1.25,1.0
625,625,2024-07-08,0,212,33.72641509433962,41.10377358490566,702166.4125273026,188173.34997914304,2094.884263699463,1084.473806677526,1784304.5492869555,0.5176771936614762,10.22157689558665,79.77842310441335,0.9841288502170562,0.17745536388189265,34.059769265210576,41.24603451283442,6665.653354644775,26.143054962158203,40.50663757324219,1.25,1.0
626,626,2024-07-08,1,12,25.25,18.5,28541.764867090184,7338.585420273887,422.35770434468657,214.1638598753576,71042.21400016898,0.5070674872798774,147.86373653821192,-57.863736538211924,-0.8467854206411279,0.5319346307485798,25.258764368030274,18.496703963343563,475.9673080444336,38.93682098388672,40.397586822509766,1.25,1.0
627,627,2024-07-08,2,168,49.32738095238095,20.113095238095237,633281.6724387263,187177.02885559376,1989.474918852218,1081.5990155078086,1690030.8528004598,0.5436605434220867,54.42800844270622,35.571991557293785,0.5817254248149609,0.8133852286117896,49.698344592166606,20.269442167383843,6591.16930770874,29.97873306274414,48.03173065185547,1.25,1.0
628,628,2024-07-08,3,11,65.31818181818181,24.045454545454547,42041.90590660894,5836.221998364892,512.6030744311878,190.9879249842266,76891.26365181447,0.37258443132858143,153.358947932492,-63.358947932491986,-0.8938331907691467,0.4483996287681851,65.21528340144724,24.13521397551793,346.4187774658203,29.771194458007812,42.28388977050781,1.25,1.0
629,629,2024-07-09,0,496,40.29838709677419,31.649193548387096,1771131.894870737,652125.6817272189,3327.096984300594,2018.8574765929163,5275468.115862,0.6067924939126205,125.34882865035067,-35.34882865035067,-0.5785529438190079,0.8156448315280125,41.37651318010798,30.828566626050076,17673.110023498535,25.7254581451416,47.55580139160156,1.25,1.0
630,630,2024-07-09,1,12,25.25,18.5,28541.764867090184,7338.585420273887,422.35770434468657,214.1638598753576,71042.21400016898,0.5070674872798774,147.86373653821192,-57.863736538211924,-0.8467854206411279,0.5319346307485798,25.255540660199298,18.49927552934147,477.22768783569336,38.96099853515625,40.3952751159668,1.25,1.0
631,631,2024-07-10,0,620,39.97741935483871,30.866129032258065,1526563.5058498485,561863.6227205059,3088.8544659082845,1873.9390710487794,4546139.877907288,0.6066776831771981,129.11391638262847,-39.113916382628474,-0.6308642801748079,0.7758932014133914,41.05808081788853,30.082821305850914,22916.031602859497,25.926151275634766,49.14147186279297,1.25,1.0
632,632,2024-07-10,1,9,65.27777777777777,23.944444444444443,20271.560951499734,3251.612817950288,355.945580035591,142.55728712412179,39853.17331959747,0.40050304068916237,174.71011401837853,-84.71011401837853,-0.995740988196876,0.09219481777577833,65.27401764943959,23.949812966046768,273.5875358581543,29.72005844116211,31.148530960083008,1.25,1.0
633,633,2024-07-11,0,687,39.003639010189225,29.82751091703057,1415127.0320573081,587342.1920351498,2973.9777992376094,1915.9563408960253,4475207.863040812,0.6442402970819715,131.02368678372338,-41.02368678372338,-0.6563709791907515,0.7544382928220001,39.91147883778059,29.095599468001375,25757.979467391968,26.16021156311035,50.486934661865234,1.25,1.0
634,634,2024-07-11,1,9,65.27777777777777,23.944444444444443,20271.560951499734,3251.612817950288,355.945580035591,142.55728712412179,39853.17331959747,0.40050304068916237,174.71011401837853,-84.71011401837853,-0.995740988196876,0.09219481777577833,65.27855596397184,23.946156975187453,276.2172393798828,30.496566772460938,30.89613151550293,1.25,1.0
635,635,2024-07-12,0,705,38.363829787234046,28.7822695035461,1497400.9275844144,546268.9013666471,3059.208361227229,1847.7501545234802,4439583.066321508,0.6039961769005622,134.57914300471256,-44.57914300471256,-0.7018938124506007,0.712281598838241,39.171579373351136,28.02428363492893,26784.418411254883,25.741241455078125,51.10150909423828,1.25,1.0
636,636,2024-07-12,1,10,48.7,43.8,23444.93378360105,2443.889845631717,382.7934640867142,123.58928568123628,37156.53585026172,0.32286153572684717,105.88281773463302,-15.882817734633022,-0.27367079256212956,0.9618234231387879,48.67318116709856,43.83275620834528,301.0567626953125,28.21472930908203,33.257957458496094,1.25,1.0
637,637,2024-07-13,0,643,37.49377916018663,28.09253499222395,1642463.2435559358,571786.9204831279,3203.9655541570037,1890.4148362249884,4757018.460019675,0.5900234582023701,135.6646937891845,-45.6646937891845,-0.71526222763037,0.6988561695551101,38.419692603763565,27.117650913009694,24173.32196044922,26.206905364990234,49.722251892089844,1.25,1.0
638,638,2024-07-14,0,599,36.93572621035059,27.9991652754591,1743135.6794744185,642773.581993159,3300.6965926475455,2004.3290367245704,5195944.509748483,0.6072442529826299,134.2710050035726,-44.27100500357261,-0.6980530138723489,0.7160460807962923,37.748258389963034,26.93749463546472,22089.539407730103,25.845584869384766,49.07511901855469,1.25,1.0
639,639,2024-07-15,0,61,25.139344262295083,20.975409836065573,146146.63373154186,33646.81883610994,955.7282358610823,458.576730466873,344220.167703957,0.4798191716641177,145.3908009092171,-55.39080090921709,-0.8230451881010702,0.5679758959178409,25.17723116710817,20.97326431851314,2484.243751525879,37.712196350097656,44.37941360473633,1.25,1.0
640,640,2024-07-15,1,526,40.254752851711025,30.547528517110266,2072441.698688004,700848.4301245168,3598.994389659426,2092.9172674232086,5915931.165210725,0.5815283495402342,135.66891551980146,-45.66891551980146,-0.7153137195772791,0.698803464920229,41.42376064543875,29.594824212902815,18551.323013305664,23.947111129760742,48.64691162109375,1.25,1.0
641,641,2024-07-16,0,50,24.22,20.76,108615.09154911552,24562.648653558423,823.9200945370686,391.81188609425845,253543.55947110988,0.4755459767180501,137.25519550396737,-47.25519550396737,-0.734384059152159,0.6787341553680633,24.19234206162929,20.770684430229892,2021.630527496338,38.31056213378906,42.135833740234375,1.25,1.0
642,642,2024-07-16,1,512,40.15625,31.23828125,2045485.759786671,673685.8947236231,3575.5119911233264,2051.9592690944537,5762313.150169987,0.5738924311227901,136.79973215661352,-46.799732156613516,-0.7289654273275653,0.684550513666552,41.28901093430662,30.468707592513486,17910.792795181274,23.851512908935547,49.036399841308594,1.25,1.0
643,643,2024-07-17,0,44,24.65909090909091,20.09090909090909,85552.73719293086,24595.884785912087,731.2349878498826,392.07688010382674,225173.91471577022,0.5361845188188907,144.54462839271193,-54.54462839271193,-0.8145675880754927,0.580068654951183,24.65005227001644,20.092603770960356,1774.4357604980469,38.992897033691406,41.73516082763672,1.25,1.0
644,644,2024-07-17,1,435,35.69310344827586,32.37586206896552,1745577.3278903682,413623.4016692295,3303.0074628003495,1607.8390032688858,4171017.3460589824,0.4867803119965496,120.27692858288368,-30.276928582883684,-0.5041799175423894,0.863598639847788,36.32644421919126,31.629507885026925,14860.978960037231,24.3570556640625,46.684539794921875,1.25,1.0
645,645,2024-07-17,2,102,56.81372549019608,29.441176470588236,373254.23108122265,61076.19728358307,1527.3633962674508,617.8399736358875,741153.6693031213,0.4045140633497936,161.00802247890255,-71.00802247890255,-0.945564151950928,0.3254357610117889,56.84234897866096,29.53608235937519,4021.221929550171,29.874202728271484,48.559356689453125,1.25,1.0
646,646,2024-07-18,0,51,26.029411764705884,19.852941176470587,90554.7993101843,32379.10760460057,752.3081122044689,449.8548905244374,265801.89474619384,0.597966289644597,168.63735403424383,-78.63735403424383,-0.980399829163666,0.1970182097570036,26.06456932822138,19.86132588734393,2083.7395935058594,38.26374816894531,43.903724670410156,1.25,1.0
647,647,2024-07-18,1,550,38.81636363636363,32.016363636363636,1621585.7876341098,540055.8167668127,3183.537524941898,1837.2122508824557,4593663.593117381,0.5770977211634991,135.9767685416313,-45.97676854163129,-0.7190580812550016,0.6949499807769445,39.65026725514613,31.343971669651282,19561.04905319214,26.09882164001465,48.337158203125,1.25,1.0
648,648,2024-07-19,0,569,38.749560632688926,31.821616871704745,1595159.2998584053,492064.13035377057,3157.4903996869148,1753.6820734417815,4348933.658157175,0.5554037705437427,135.92137293727708,-45.921372937277084,-0.7183858428401242,0.6956448668730938,39.70353880388889,31.03111778265366,20401.989793777466,26.00186538696289,47.51445007324219,1.25,1.0
649,649,2024-07-19,1,44,26.5,19.522727272727273,80398.62477644713,29836.25179784315,708.8662813625674,431.82933403894606,240417.6460503614,0.6091830651175749,179.0826523925413,-89.08265239254129,-0.9998718309021803,0.016010052102400134,26.544324026382416,19.523510284990316,1800.6140975952148,38.72410583496094,43.94147491455078,1.25,1.0
650,650,2024-07-20,0,555,38.79009009009009,30.82972972972973,1683492.5541582745,479462.46924797224,3243.7368055206352,1731.0807123874456,4410144.378029045,0.5336686717125926,135.49801645796512,-45.49801645796512,-0.71322618371109,0.7009339561391748,39.85199440896155,29.91041137061644,19921.662670135498,26.267793655395508,47.7635498046875,1.25,1.0
651,651,2024-07-20,1,37,27.527027027027028,19.445945945945947,48880.38558773908,27170.92004791351,552.7227242690219,412.0900997348267,178891.36691643007,0.745563881564337,39.52522673608178,50.47477326391822,0.7713444499773328,0.6364178968957159,27.581750828584322,19.45398167688695,1523.8279762268066,38.813011169433594,44.13350296020508,1.25,1.0
652,652,2024-07-21,0,663,38.61613876319759,29.42760180995475,1536623.836314622,688148.7268997415,3099.015807795499,2073.868255970804,5047715.125652673,0.6692022192187723,141.41249833116146,-51.41249833116146,-0.7816565450660582,0.6237091033129092,39.50678224856693,28.56603900684642,24373.286428451538,26.009286880493164,48.10505676269531,1.25,1.0
653,653,2024-07-22,0,657,38.898782343987826,29.573059360730593,1532356.9202444828,710170.1498244804,3094.7101239902936,2106.7898415368827,5120720.510672054,0.6807713023604309,145.0599926346278,-55.059992634627804,-0.8197521692455125,0.5727184133736898,39.78461957809398,28.82049335568714,24179.074926376343,26.446239471435547,49.48826599121094,1.25,1.0
654,654,2024-07-23,0,646,39.860681114551085,29.359133126934985,1601211.64357671,773510.5032975418,3163.4747940128177,2198.7361473377464,5462951.892712858,0.695038301395373,157.56303296742945,-67.56303296742945,-0.9242999759475273,0.3816668107962761,40.8591291704265,28.66219318442132,23875.08401107788,26.545074462890625,48.846866607666016,1.25,1.0
655,655,2024-07-24,0,611,42.08265139116203,29.513093289689035,1704556.16159954,800652.5729004906,3263.966300377062,2236.979789946272,5734527.080313004,0.6853562764075873,170.80955498381934,-80.80955498381934,-0.9871629140808776,0.15971656477444587,43.16949766770801,28.87626079378032,22693.01033973694,25.713180541992188,48.42929458618164,1.25,1.0
656,656,2024-07-25,0,522,45.45402298850575,28.471264367816094,2019220.9739655717,585886.9087172145,3552.4823838106254,1913.5812445471424,5339108.174383738,0.5386603050497072,5.527901771062574,84.47209822893743,0.9953494055902051,0.09633047695939899,46.369615431010054,28.10239592107289,19812.67774581909,24.732662200927734,49.17451477050781,1.25,1.0
657,657,2024-07-25,1,43,34.33720930232558,43.08139534883721,80923.21332723362,16615.089196731198,711.1751424896754,322.24882851543464,179993.90411979728,0.45312161416006314,172.8838934835632,-82.88389348356321,-0.9922971528504752,0.12388042801363197,34.340421090392844,43.0784228422008,1167.0420761108398,26.132553100585938,29.20330810546875,1.25,1.0
658,658,2024-07-26,0,392,52.13265306122449,27.744897959183675,1717389.1489032954,319493.6800871569,3276.2298729859594,1413.094299947718,3636096.426613791,0.4313172013964399,25.506352113414863,64.49364788658514,0.9025375500639454,0.43061115954486273,52.03919091841551,27.606320946626404,15551.627241134644,20.879655838012695,49.108741760253906,1.25,1.0
659,659,2024-07-26,1,85,27.488235294117647,34.84117647058824,173074.06884808722,42559.8379978985,1040.054291996598,515.7508967387896,421294.59140058904,0.495888436505271,163.92977052394986,-73.92977052394986,-0.9609231153932049,0.2768154011304599,27.558048856399527,34.80579180529087,2426.657236099243,25.38560676574707,31.43587875366211,1.25,1.0
660,660,2024-07-26,2,38,34.578947368421055,43.36842105263158,77844.46909162124,13050.666705497737,697.51554235202,285.5987866034463,156458.84810640075,0.4094515021707017,170.95285681221335,-80.95285681221335,-0.9875592913945282,0.15724708576103186,34.73606682443607,43.35990254051126,1004.1740264892578,23.540815353393555,29.4454288482666,1.25,1.0
661,661,2024-07-27,0,138,29.405797101449274,37.81884057971015,305963.2962162538,139735.74421894862,1382.8487268503327,934.53111310883,1014981.9531668527,0.6758014054345479,47.61609620580889,42.3839037941911,0.6740949053980522,0.7386447444586545,29.344418832047914,37.715182444088384,3932.4592723846436,24.620616912841797,33.82872009277344,1.25,1.0
662,662,2024-07-27,1,10,25.7,19.8,34461.91573267185,7467.035213591944,464.09802125111355,216.03002125850392,78743.31724260247,0.4654836077002248,169.9634892428569,-79.9634892428569,-0.9846968987352333,0.17427569429273215,25.690572211637658,19.79627283526689,398.814754486084,38.999900817871094,41.04601287841797,1.25,1.0
663,663,2024-07-27,2,20,37.45,22.8,122084.39739451336,4097.517829691435,873.514443907889,160.02964236531764,109789.39873297379,0.18320205633851266,116.89472838915593,-26.89472838915593,-0.4523526558118188,0.8918391529754647,37.4731118405491,22.74765733114762,674.4769821166992,32.242984771728516,36.93053436279297,1.25,1.0
664,664,2024-07-27,3,327,57.637614678899084,29.42966360856269,716675.3013481472,205146.82481614084,2116.416932796069,1132.3284219257594,1882190.2410739237,0.5350214338106823,52.71343627905537,37.28656372094463,0.6058018392594917,0.7956155676894571,57.380362463867975,29.191662539819173,13242.666645050049,21.907575607299805,50.03865051269531,1.25,1.0
665,665,2024-07-28,0,148,29.2027027027027,37.932432432432435,278638.82023303997,141419.71307273663,1319.6562531418929,940.1453114836046,974418.8705821525,0.712416820096345,48.73184763024865,41.26815236975136,0.6595839788551491,0.7516308767191582,29.166160128770958,37.86630223137496,4307.16259765625,26.121938705444336,36.596378326416016,1.25,1.0
666,666,2024-07-28,1,23,37.93478260869565,21.76086956521739,187650.427047068,3288.309039901811,1082.9659131497053,143.359448587759,121935.73219623319,0.13237669519145936,116.75204367004063,-26.752043670040635,-0.45013029221257705,0.8929628883848533,37.95447189273949,21.713816851494467,772.6179885864258,32.244869232177734,36.61016845703125,1.25,1.0
667,667,2024-07-28,2,311,57.660771704180064,29.088424437299036,769552.7247973396,183661.2670030185,2193.1038575460516,1071.3929805486246,1845431.27670268,0.48852815468002847,53.85389926564881,36.146100734351194,0.5898462829802582,0.8075155493576412,57.461625219807445,28.936694867300154,12594.231391906738,22.221729278564453,49.90522766113281,1.25,1.0
668,668,2024-07-29,0,151,29.25496688741722,37.93046357615894,274103.6127562499,140345.8322884909,1308.8726369385838,936.5689786679185,962779.952800582,0.7155539448502238,48.17402251093047,41.825977489069544,0.666870395117974,0.7451737221045823,29.186212768822383,37.87696747163614,4407.190435409546,26.17841339111328,37.40087127685547,1.25,1.0
669,669,2024-07-29,1,259,55.17953667953668,27.368725868725868,1225899.388794872,221546.20642816272,2768.0085223799347,1176.7173790575275,2558170.4143043365,0.42511335118498317,41.25281812312062,48.74718187687938,0.7518073762980485,0.6593827939397908,55.24506343601201,27.25013387723919,10145.813743591309,22.137025833129883,49.16437530517578,1.25,1.0
670,670,2024-08-05,0,396,45.32070707070707,35.696969696969695,1545178.6569506326,292931.5866776865,3107.6303843831643,1353.078865674703,3302496.386343417,0.43540534050457114,2.835727879236998,87.164272120763,0.9987754819479688,0.049472584929460245,46.59205209970185,35.60590759349615,13814.488862991333,23.45692253112793,47.85668182373047,1.25,1.0
671,671,2024-08-05,1,11,48.22727272727273,16.59090909090909,21403.905304481545,5461.390258309643,365.75183957570147,184.75304899902267,53072.31291867217,0.5051322481750182,25.64446472606818,64.35553527393182,0.901496932186649,0.43278549104384323,48.241288634437865,16.613914712503764,457.44067001342773,38.62358093261719,43.656063079833984,1.25,1.0
672,672,2024-08-06,0,406,46.022167487684726,36.00738916256157,1631378.5240864,288794.8852565593,3193.1357277040383,1343.490987261729,3369318.12164703,0.4207434640517896,5.958872378921228,84.04112762107877,0.9945966709730548,0.10381455624967488,47.32542065019789,35.98423916607257,14372.75742149353,21.947372436523438,48.722679138183594,1.25,1.0
673,673,2024-08-06,1,11,48.22727272727273,16.59090909090909,21403.905304481545,5461.390258309643,365.75183957570147,184.75304899902267,53072.31291867217,0.5051322481750182,25.64446472606818,64.35553527393182,0.901496932186649,0.43278549104384323,48.23555609047756,16.61158263439384,451.7291831970215,38.68321228027344,42.79557800292969,1.25,1.0
674,674,2024-08-07,0,407,46.6990171990172,36.28132678132678,1715598.9823478376,272613.48326007294,3274.521894822813,1305.3100284512702,3357000.8765196907,0.39862614157964016,7.065957509244669,82.93404249075533,0.9924052009815358,0.12301185741544392,47.995051334944996,36.340388138763615,14477.060079574585,23.022079467773438,46.730674743652344,1.25,1.0
675,675,2024-08-07,1,11,48.22727272727273,16.59090909090909,21403.905304481545,5461.390258309643,365.75183957570147,184.75304899902267,53072.31291867217,0.5051322481750182,25.64446472606818,64.35553527393182,0.901496932186649,0.43278549104384323,48.24058450668354,16.609341186599284,443.0501251220703,38.51178741455078,42.13977813720703,1.25,1.0
676,676,2024-08-08,0,370,45.47027027027027,36.2,1831612.2627661382,314199.5226821321,3383.4267602961886,1401.337581299854,3723826.4334343076,0.4141770106402952,1.2309520126558198,88.76904798734418,0.9997692241919968,0.021482512854245333,47.08111151375904,36.108629299978745,13017.10220336914,23.875247955322266,47.63053894042969,1.25,1.0
677,677,2024-08-08,1,11,48.22727272727273,16.59090909090909,21403.905304481545,5461.390258309643,365.75183957570147,184.75304899902267,53072.31291867217,0.5051322481750182,25.64446472606818,64.35553527393182,0.901496932186649,0.43278549104384323,48.235163222054624,16.60984156844886,457.01879501342773,39.38964080810547,43.11802291870117,1.25,1.0
678,678,2024-08-09,0,370,43.87027027027027,35.575675675675676,1868022.689556193,308604.16751140944,3416.8906639993925,1388.8038187398208,3727021.2207914516,0.406452519354031,174.07091167960567,-84.07091167960567,-0.9946505024980545,0.10329752117242459,45.44578533482598,35.20731318454001,12777.490888595581,23.075347900390625,48.19367218017578,1.25,1.0
679,679,2024-08-09,1,11,49.22727272727273,43.04545454545455,16035.628714534827,5142.7002475383,316.57965737842767,179.28155662843395,44576.760128437876,0.5663078863406797,121.18024562373287,-31.180245623732873,-0.5177320670342255,0.8555428141036941,49.2086882739539,43.059336342053705,329.5977382659912,29.12031364440918,31.53267478942871,1.25,1.0
680,680,2024-08-10,0,397,41.968513853904284,34.0617128463476,1705965.5669002142,462041.72005845286,3265.315420158723,1699.341269541033,4358084.285466188,0.5204217819356728,169.5917348832312,-79.5917348832312,-0.9835454200612296,0.18066102699968117,43.47505187767232,33.456808931987965,13883.568571090698,25.36745834350586,48.53273010253906,1.25,1.0
681,681,2024-08-10,1,9,49.611111111111114,42.833333333333336,12495.329951842483,3803.8701661515165,279.4562795841516,154.18880808426718,33842.04554352473,0.551745726786708,100.12722276898178,-10.127222768981781,-0.1758344702736577,0.9844197473961919,49.62005284787585,42.83577538823247,263.0449562072754,28.150859832763672,29.608020782470703,1.25,1.0
682,682,2024-08-11,0,439,40.21526195899772,34.32232346241458,1742268.3228940929,463060.2744483609,3299.8753034149763,1701.21330682024,4409061.7513648765,0.5155386644639838,164.13726163039289,-74.13726163039289,-0.9619192722847292,0.2733337037527884,41.64684964108227,33.6823235181943,15351.066585540771,22.995433807373047,50.426025390625,1.25,1.0
683,683,2024-08-12,0,282,30.904255319148938,34.712765957446805,949794.9110142603,189020.29290911445,2436.4355509307293,1086.9116020550914,2079883.6157079374,0.44610726585395877,117.30612452749182,-27.306124527491818,-0.45874453897662637,0.8885682010735713,31.29835509772115,33.970206972816335,9225.49153137207,26.11107635498047,44.341426849365234,1.25,1.0
684,684,2024-08-12,1,156,58.09615384615385,32.44230769230769,298687.8184979862,75337.2265253301,1366.3084811317003,686.1906919969937,736348.604648574,0.5022223761859609,1.2789472079887787,88.72105279201122,0.9997508780796514,0.022319986087945467,57.90233287119416,32.29416114407611,6155.583131790161,22.833011627197266,50.38722229003906,1.25,1.0
685,685,2024-08-13,0,514,41.675097276264594,33.59338521400778,1949355.27545858,512017.0428339891,3490.4828421890466,1788.884154357803,4904080.676153172,0.5125033513231394,170.51266737592155,-80.51266737592155,-0.9863220673812195,0.16482954649223852,42.89508415077883,33.01232702424273,18593.941200256348,22.33011245727539,50.654624938964844,1.25,1.0
686,686,2024-08-14,0,511,41.699608610567516,33.25146771037182,1973199.730438813,504766.37794394366,3511.765697657317,1776.1728131433742,4898923.210561936,0.505777710149698,171.71946251101187,-81.71946251101187,-0.9895747676007927,0.14402006571251488,42.94727575728493,32.67489577974914,18602.840518951416,21.78158187866211,51.71556091308594,1.25,1.0
687,687,2024-08-15,0,483,41.802277432712216,33.506211180124225,2027750.7651199005,428959.62920992915,3559.9778485265015,1637.3752418312845,4578101.280900404,0.4599397275769581,171.90932052537337,-81.90932052537337,-0.9900465655637494,0.14074017910825823,43.08886919713032,32.93956255455254,17644.514923095703,21.911840438842773,51.25932312011719,1.25,1.0
688,688,2024-08-16,0,196,27.5,37.86224489795919,247919.75281817696,210875.99726166314,1244.7885182285406,1148.0309154745767,1122377.7238645228,0.9222698463738566,81.55344726615985,8.44655273384015,0.1468867625234853,0.9891533142012765,27.241084459942986,37.84069734078807,6135.73498916626,25.61663246154785,40.37132263183594,1.25,1.0
689,689,2024-08-16,1,10,26.5,21.3,36510.30316154819,19781.570560664743,477.6917361224456,351.61742847042524,131919.19819917655,0.7360760127956159,108.77206266334129,-18.772062663341288,-0.3218040721713817,0.9468062838479243,26.509594691861455,21.324038943194793,399.4018898010254,38.21270751953125,40.979637145996094,1.25,1.0
690,690,2024-08-16,2,218,50.46788990825688,29.05504587155963,808597.243889896,102632.3988795163,2248.0508833902873,800.9072936345235,1414093.9593133037,0.35626742239333775,21.14418484549563,68.85581515450437,0.9326756383265317,0.360716167744387,50.28636942839486,29.013007449456403,9017.551862716675,25.110502243041992,49.794891357421875,1.25,1.0
691,691,2024-08-17,0,386,37.582901554404145,33.3419689119171,1512010.2925061944,364000.80415840395,3074.095692746684,1508.3119789983853,3641652.01837303,0.49065225346017727,156.2159405287935,-66.21594052879351,-0.9150719046762559,0.4032907254973381,38.907470430373046,32.5628322619928,13837.88424873352,24.37298011779785,50.20502471923828,1.25,1.0
692,692,2024-08-18,0,363,35.951790633608816,33.80853994490358,1107190.0992677417,391062.6903790004,2630.577526024159,1563.375135682013,3230012.383510678,0.5943087098614767,141.55981549008172,-51.55981549008172,-0.7832576213723054,0.6216972724423023,37.18650282522852,32.86664104265526,12785.832624435425,21.098684310913086,49.7739372253418,1.25,1.0
693,693,2024-08-18,1,9,65.94444444444444,33.72222222222222,31301.223168871074,2232.4094718223255,442.3037924384599,118.12095156613637,41033.39788665527,0.2670584190900221,19.382527131483556,70.61747286851644,0.943323909641135,0.3318734721235846,65.705392295103,33.62427231005608,279.1324825286865,24.936840057373047,42.359718322753906,1.25,1.0
694,694,2024-08-19,0,383,35.34856396866841,34.074412532637076,872059.6123362262,423832.8484154359,2334.603301869809,1627.5611517225625,2984284.9717622255,0.697146770253872,134.87876834829046,-44.878768348290464,-0.7056090382324041,0.7086013584271073,36.1916658674104,33.16595457498448,13462.403001785278,22.585844039916992,49.75495910644531,1.25,1.0
695,695,2024-08-20,0,387,32.41472868217054,33.861757105943155,719214.535845424,529715.114039767,2120.1629298320213,1819.5382553682523,3029844.2853072193,0.8582068056026302,87.58774528730812,2.412254712691876,0.042089350241531064,0.9991138506678033,32.60965855078951,32.918194351050836,13376.472345352173,21.741806030273438,47.026119232177734,1.25,1.0
696,696,2024-08-21,0,401,32.43516209476309,34.61720698254364,799980.076545498,427851.19528172136,2236.0401334522962,1635.2583803517896,2871811.028922577,0.7313188864043599,59.40207830434792,30.597921695652076,0.5090101935015515,0.8607604910261119,32.34334817653987,33.76789791614811,13624.143190383911,22.738140106201172,46.67014694213867,1.25,1.0
697,697,2024-08-22,0,421,32.94418052256532,35.02256532066508,809265.4376421925,467029.2017968241,2248.979543095869,1708.488370235557,3017778.86978541,0.7596727037737792,53.119773511580426,36.88022648841957,0.6001442080984779,0.7998918236148254,32.996512412422724,34.17467849768162,14291.633846282959,21.0457820892334,47.55467224121094,1.25,1.0
698,698,2024-08-23,0,70,23.714285714285715,23.97142857142857,85811.3731617329,54703.423421646374,732.3394583530445,584.7190747575196,336317.5863232277,0.7984262872746092,93.93682141500123,-3.9368214150012335,-0.0686564432931737,0.9976403624524878,23.66041898567749,24.00985568466659,2879.3030014038086,37.68402862548828,44.08564376831055,1.25,1.0
699,699,2024-08-23,1,335,35.025373134328355,37.1955223880597,634185.8902645514,387513.8664778894,1990.8947270394399,1556.2652940571568,2433446.542423676,0.781691403829976,151.61337811428047,-61.613378114280465,-0.8797596034023282,0.47541880507756346,35.76870490839681,36.58768817164501,11044.111907958984,21.17858123779297,48.567848205566406,1.25,1.0
700,700,2025-06-14,0,312,44.00961538461539,22.272435897435898,1032668.2656705824,350734.8812679203,2540.5071659889372,1480.5718516588454,2954199.321293613,0.5827859379733364,21.623142933233908,68.37685706676609,0.9296277170345031,0.3685000783191475,44.0984733862725,22.573243475482442,13127.315246582031,29.199260711669922,50.61170959472656,1.25,1.0
701,701,2025-06-14,1,23,59.5,44.45652173913044,47156.90119033282,10835.239228886578,542.8909949884785,260.231137991865,110958.8074102534,0.47934325747544915,22.362040251134573,67.63795974886543,0.9247982984223688,0.38045776011942667,59.46872525083357,44.43243626522236,885.1262741088867,33.39558410644531,40.249332427978516,1.25,1.0
702,702,2025-06-14,2,39,66.16666666666667,19.67948717948718,57013.025970609,28275.986198472583,596.9350151534975,420.3866241217168,197090.56074960475,0.7042418579074599,14.844820812854493,75.1551791871455,0.9666232650556392,0.2562019973637511,66.17402184391428,19.683887038279327,1168.666711807251,29.60497283935547,30.587087631225586,1.25,1.0
703,703,2025-06-15,0,22,23.181818181818183,15.045454545454545,51626.30310518076,11585.807741498913,568.0355573442386,269.09347517984935,120051.77092051279,0.4737264625439186,142.44062816459038,-52.44062816459038,-0.7927220951630924,0.6095832017372501,23.114684534289065,15.075335489615895,879.0781440734863,36.51561737060547,43.77765655517578,1.25,1.0
704,704,2025-06-15,1,313,46.83865814696485,22.468051118210862,547092.576060825,351964.22057594225,1849.142666313272,1483.164312744761,2154019.1892327718,0.8020821431273444,31.38162153284776,58.61837846715224,0.853717874892749,0.5207358160224901,46.82635178785503,22.75410405641363,13281.124927520752,28.991365432739258,51.34836959838867,1.25,1.0
705,705,2025-06-15,2,35,60.81428571428572,44.18571428571428,58239.1335846593,16465.75155452197,603.3196374262325,320.79736160972755,152008.58997348402,0.5317204044248456,10.356999838629804,79.6430001613702,0.9837066724130447,0.17978092960615968,60.800834642906395,44.16948224294121,1396.1901512145996,34.624046325683594,41.72771453857422,1.25,1.0
706,706,2025-06-15,3,25,66.14,20.7,56431.06706188386,11731.683782907727,593.8806017515425,270.78224395844956,126301.70233922981,0.4559540135842571,26.091223886143865,63.908776113856135,0.8980949516244721,0.439801611941836,66.14840871767282,20.703679886206643,748.5529956817627,29.621435165405273,30.39669418334961,1.25,1.0
707,707,2025-07-14,0,389,40.92416452442159,32.919023136246786,1464885.275470848,373119.86689939734,3025.8111262424827,1527.0884611315853,3629074.572459636,0.5046873044676641,112.36931970625555,-22.369319706255553,-0.3805752530973335,0.9247499536252493,41.67701583045532,31.958539460221047,14265.569803237915,23.86671257019043,48.92854690551758,1.25,1.0
708,708,2025-07-15,0,359,40.99860724233983,32.193593314763234,1648795.6738206095,425602.45187175204,3210.1359724128215,1630.9553409577009,4112021.5210533305,0.5080642549018983,115.4155956382065,-25.415595638206497,-0.4291810010730696,0.903218505300859,41.978599086753654,30.978461260672486,12954.784660339355,24.091026306152344,48.04154968261719,1.25,1.0
709,709,2025-07-16,0,387,43.93152454780362,32.65503875968992,1512345.1687045144,780519.3507091863,3074.436095351994,2208.6751553663144,5333191.738069837,0.7184000860207965,112.25081106920683,-22.250811069206833,-0.37866171910678803,0.9255351438400877,45.08397475025597,31.650168664747607,14355.68014717102,25.16033172607422,49.02471923828125,1.25,1.0
710,710,2025-07-17,0,463,48.73542116630669,33.27321814254859,1223241.7442748132,964775.443699745,2765.00649216554,2455.5745810549934,5332601.933932239,0.8880899874964847,74.2594124827936,15.740587517206393,0.2712823351967811,0.9624998153818947,49.601954770609304,32.64479652302674,17651.22206878662,21.08883285522461,50.2279052734375,1.25,1.0
711,711,2025-07-18,0,455,50.926373626373625,33.278021978021975,1277288.8039314388,796626.503304703,2825.430060109698,2231.3483918147776,4951557.502969531,0.7897376131576037,64.51685349789201,25.483146502107985,0.43024558360272336,0.9027118797215156,51.656262082625304,32.850473223847224,17448.369049072266,22.877225875854492,47.46820068359375,1.25,1.0
712,712,2025-07-19,0,324,53.851851851851855,38.141975308641975,780997.8418422884,304600.3061122037,2209.352056942103,1379.7651659616838,2394197.557026538,0.6245112279078667,171.74250452640703,-81.74250452640703,-0.9896326065469733,0.14362208764338336,54.669212848437596,37.94171668781807,12112.31160736084,21.608095169067383,47.26162338256836,1.25,1.0
713,713,2025-07-19,1,101,45.36138613861386,18.440594059405942,338254.685203842,136814.9443659276,1453.991672095825,924.7126052385397,1055987.0156864594,0.6359820506438202,160.11262001681058,-70.11262001681058,-0.9403630764882,0.340172433300595,45.83977760854211,18.525834666801565,3937.6018257141113,30.10974884033203,46.17708206176758,1.25,1.0
714,714,2025-07-20,0,88,26.25,39.09090909090909,172728.08500546977,53639.096547786394,1039.014211300397,579.0028958681165,472489.43820401817,0.5572617675204413,116.76041658091519,-26.76041658091519,-0.4502607804148801,0.8928970991218322,26.14095355045779,39.26313184628985,2674.632568359375,25.846891403198242,36.328094482421875,1.25,1.0
715,715,2025-07-20,1,10,24.4,20.1,14462.36521818543,7756.313782048742,300.6489358265865,220.1748422000221,51989.69218081588,0.7323320190530073,47.58515237147482,42.414847628525195,0.6744937282605181,0.738280577109561,24.393001750956007,20.098009313085615,392.00866317749023,38.49214172363281,39.989227294921875,1.25,1.0
716,716,2025-07-20,2,192,49.010416666666664,38.125,372010.133935447,186583.30308210486,1524.8158371083846,1079.882236293919,1293253.5302738247,0.7082050238550615,115.13023753690057,-25.130237536900566,-0.42467727267282035,0.9053448039698327,49.438095921054334,37.72817370723367,6793.709028244019,22.85468864440918,48.94145584106445,1.25,1.0
717,717,2025-07-20,3,82,46.90243902439025,17.182926829268293,219509.42562710383,117412.31390795713,1171.2958252164135,856.6370070950309,788049.1571953159,0.7313583713463292,16.398889072482945,73.60111092751706,0.95931944877506,0.2823228563221812,47.291861902176855,17.405774131353144,3237.4590282440186,28.87641716003418,46.45906448364258,1.25,1.0
718,718,2025-07-20,4,77,65.77272727272727,37.175324675324674,300504.04631124396,39361.08817190542,1370.45623404955,495.9907268028394,533861.5081415059,0.3619165023148827,76.92821633908225,13.071783660917745,0.22617162795598553,0.9740874676884717,65.59537213097269,37.05988666699396,2945.1132164001465,22.38947868347168,45.94578552246094,1.25,1.0
719,719,2025-07-21,0,348,38.64367816091954,38.53735632183908,1120263.2195481886,257852.4116326481,2646.0621916682494,1269.4792525693558,2638247.5059159016,0.47976168382081513,172.3612449203434,-82.36124492034341,-0.9911258547896453,0.13292682185132876,39.55804676183992,38.28844483659792,11657.519157409668,22.194456100463867,49.69513702392578,1.25,1.0
720,720,2025-07-21,1,11,24.59090909090909,20.045454545454547,14802.330475625746,9985.820358800735,304.16207106189444,249.82269160847778,59679.726090895936,0.8213472861237882,22.149842819062798,67.8501571809372,0.9262009948313097,0.3770301276734954,24.58892884296395,20.046594913738282,434.0471611022949,38.81477355957031,40.180599212646484,1.25,1.0
721,721,2025-07-21,2,92,46.619565217391305,17.456521739130434,224749.13122685475,127953.69334865645,1185.1928409199247,894.2653875830724,832425.3983694769,0.7545315468569319,29.202588302315746,60.797411697684254,0.8729000376129795,0.48789909236978385,46.95255392136155,17.700498208677825,3683.977035522461,29.788116455078125,46.58069610595703,1.25,1.0
722,722,2025-07-21,3,81,65.74691358024691,37.117283950617285,299976.85680312314,40154.621504133116,1369.253575865157,500.96545230268316,538742.878185608,0.36586755085605693,77.82256489014111,12.17743510985889,0.21093984278356187,0.9774990448723959,65.5670103488317,37.08596008221011,3152.0902004241943,21.41290283203125,45.47929382324219,1.25,1.0
723,723,2025-07-22,0,735,44.58299319727891,34.82380952380952,1576023.9616937195,962362.6104316997,3138.494824049539,2452.502052027301,6045339.251428599,0.78142618978829,174.79303049166637,-84.79303049166637,-0.9958733666225013,0.09075371976930278,45.702238266161736,34.30850485915804,26701.251655578613,22.32232093811035,48.5965576171875,1.25,1.0
724,724,2025-07-22,1,10,24.6,20.2,16005.033189851409,7926.175054751256,316.2775006802907,222.57267148550685,55287.89028604496,0.7037259084404317,12.199349823064694,77.8006501769353,0.9774182922795254,0.21131370499183522,24.60353394474223,20.198872051384186,389.78309631347656,38.30147933959961,40.178916931152344,1.25,1.0
725,725,2025-07-23,0,778,43.426735218508995,34.02570694087404,1540065.7470786138,1004683.7712724665,3102.484636423094,2505.847874563202,6105963.771069398,0.807690663523232,172.10198337195854,-82.10198337195854,-0.9905142204762407,0.13741025811177693,44.56855973951781,33.45245928661671,28462.559202194214,22.370460510253906,49.69988250732422,1.25,1.0
726,726,2025-07-23,1,15,25.766666666666666,20.5,54861.74164118832,5851.525681478036,585.5645867514761,191.23816436380508,87950.69015084275,0.3265876535067342,14.033294185611908,75.96670581438809,0.9701549833054359,0.2424856869335369,25.798214777784423,20.507762872616453,598.550220489502,39.07206726074219,42.36155700683594,1.25,1.0
727,727,2025-07-24,0,818,41.803178484107576,33.33374083129584,1534345.1611367515,1064904.892526899,3096.7171742192886,2579.855728193559,6274611.539941413,0.8330937515609461,3.9768488561424817,86.02315114385752,0.9975921548820805,0.06935338865352661,42.748598355480965,32.69808178255403,30280.170629501343,21.259973526000977,50.761138916015625,1.25,1.0
728,728,2025-07-25,0,674,37.07566765578635,31.379821958456972,1340880.2861704733,613945.9365273179,2894.9096339204543,1958.8675563436484,4453792.362860499,0.6766593103256341,125.56186899521398,-35.561868995213985,-0.5815817133117793,0.813487990532949,37.771922774265,30.512711779645638,24958.087242126465,25.35950469970703,50.716426849365234,1.25,1.0
729,729,2025-07-25,1,91,63.972527472527474,38.73076923076923,140640.40930095466,101555.82704461786,937.5513629295019,796.6956250845499,586647.7146634316,0.8497621107340404,54.06263407935533,35.93736592064468,0.5869005074174132,0.8096590605885806,63.84196902942859,38.78983919988861,3534.021230697632,21.142520904541016,45.41699981689453,1.25,1.0
730,730,2025-07-26,0,685,36.79197080291971,31.53795620437956,1291274.389603581,601120.4473662239,2840.856373529359,1938.2989439296764,4324739.151746342,0.6822938892618553,123.20211368231077,-33.20211368231077,-0.5475940919543125,0.8367441128903937,37.376484610633966,30.739682146024112,25470.01671409607,26.321889877319336,50.269020080566406,1.25,1.0
731,731,2025-07-26,1,36,66.80555555555556,39.75,109527.18770780691,25710.70490296321,827.3723002214863,400.8639490444608,260488.0825200659,0.4845025013976781,59.23373987123359,30.76626012876642,0.5115369588223408,0.8592612756075947,66.68741740873801,39.79041657806213,1350.9963207244873,20.680219650268555,42.46025085449219,1.25,1.0
732,732,2025-07-27,0,688,37.411337209302324,31.809593023255815,1177831.698808437,606785.6774201717,2713.1988717292234,1947.4112261862088,4149819.2257139417,0.7177546940910566,120.5096324294744,-30.509632429474394,-0.5076832108221605,0.8615438221293805,38.029130983682215,30.94059894629786,25433.958505630493,21.126846313476562,50.993675231933594,1.25,1.0
733,733,2025-07-28,0,616,38.82305194805195,32.173701298701296,1011473.3556140049,583683.6480770367,2514.300791987214,1909.9797905950415,3771689.0902658617,0.7596464976195078,123.06682770477403,-33.06682770477403,-0.5456168590508644,0.8380347505440745,39.47715067261097,31.31131929019974,22822.795448303223,22.711339950561523,51.017730712890625,1.25,1.0
734,734,2025-07-29,0,454,42.05066079295154,33.62114537444934,1136928.9729849442,318419.07733221643,2665.6717879656344,1410.7158584656063,2953494.0854587443,0.529215886529761,130.40864048912465,-40.40864048912465,-0.6482347374653196,0.7614405591661559,43.01198259130591,32.657773917890246,16906.122930526733,23.643047332763672,50.018428802490234,1.25,1.0
735,735,2025-07-29,1,49,33.5,21.663265306122447,220362.29514374613,82656.43197340502,1173.5690625814968,718.7507911882819,662486.2507078291,0.6124486526657815,1.0910414371802801,88.90895856281972,0.9998187015435379,0.019041114562805113,33.12762273960406,21.58596710707303,1855.1217956542969,31.94948959350586,42.87884521484375,1.25,1.0
736,736,2025-07-30,0,462,43.134199134199136,32.510822510822514,1147794.2831313114,356815.0120347247,2678.3790376962515,1493.349866982627,3141401.7858711057,0.5575573307455015,122.50939721056345,-32.50939721056345,-0.5374379276606883,0.843303310743996,44.03471219518134,31.475486092781725,17318.09087371826,24.894290924072266,50.275794982910156,1.25,1.0
737,737,2025-07-31,0,418,44.02392344497608,31.966507177033492,1186293.5033036596,397226.4444269387,2722.9275413877385,1575.6475740686326,3369651.9972953447,0.5786593841074466,115.6197391209117,-25.619739120911703,-0.43239641586868416,0.9016836138823395,44.91956415637643,30.756305322828805,15349.615158081055,22.475786209106445,49.50580978393555,1.25,1.0
738,738,2025-08-01,0,19,29.763157894736842,34.71052631578947,58535.28050335739,34090.5421259779,604.8516373012341,461.59060680148366,219278.32468070305,0.7631468253289986,106.83248592164685,-16.83248592164685,-0.28957453749075807,0.9571554665972574,29.857183631721725,34.82368392700943,541.3304119110107,26.3604679107666,33.60220718383789,1.25,1.0
739,739,2025-08-01,1,350,45.9,31.50857142857143,1215103.6153528828,304301.9082673565,2755.7934603223657,1379.0891655984317,2984893.863430936,0.5004327013088671,105.09562599601985,-15.095625996019848,-0.2604308029586496,0.9654925151808859,46.55155356146134,30.256287188328727,12836.28468132019,21.995269775390625,49.55885314941406,1.25,1.0
740,740,2025-08-07,0,389,40.245501285347046,35.767352185089976,623935.8426761623,497094.15323621023,1974.7402403166889,1762.6226078563482,2733752.5029116757,0.8925845394094347,120.90451069747667,-30.904510697476667,-0.5136088029328025,0.8580244737476511,40.881038199122855,34.95841567929185,13593.198377609253,23.79156494140625,49.57941436767578,1.25,1.0
741,741,2025-08-08,0,425,39.116470588235295,35.49058823529412,653585.7961173616,437545.2241105845,2021.1163315686483,1653.6800327424749,2625020.3547204435,0.8182013112817731,171.6348069940271,-81.63480699402709,-0.9893608953612344,0.14548202201652466,39.907605940682984,34.76169309526052,14979.623250961304,22.589820861816406,49.821781158447266,1.25,1.0
742,742,2025-08-09,0,442,37.328054298642535,35.509049773755656,718529.7527103167,393142.8445810677,2119.1533579331817,1567.527600596453,2608960.263756077,0.7396952158881359,159.67669163666537,-69.67669163666537,-0.937747720920284,0.3473171632799237,38.19236273965468,34.9130555870371,15797.86434173584,25.183719635009766,49.39046096801758,1.25,1.0
743,743,2025-08-09,1,16,66.9375,40.0625,69229.67827731358,6032.301597280984,657.7883316335202,194.16973240700042,100313.08316008557,0.2951857353942545,126.1621393789293,-36.1621393789293,-0.5900723053980705,0.8073504037295121,66.68416239939839,40.27378760665384,553.2430839538574,21.809833526611328,40.709808349609375,1.25,1.0
744,744,2025-08-10,0,418,34.78468899521531,34.260765550239235,707028.2756664401,258641.1455731378,2102.124335741169,1271.419348536159,2099119.1834573187,0.6048259500729679,131.88964989729092,-41.88964989729092,-0.6676980896292283,0.7444321736098455,35.72207112005482,33.57821970210229,15161.676755905151,25.54349136352539,50.00178527832031,1.25,1.0
745,745,2025-08-10,1,17,66.91176470588235,39.970588235294116,65788.10840103053,6678.732001806273,641.2298164515129,204.30877370120257,102894.1317457321,0.3186202020857705,125.32132155760189,-35.32132155760189,-0.5781612947742649,0.8159224946187876,66.67100200691314,40.172501581625646,596.8387336730957,22.155519485473633,41.51198959350586,1.25,1.0
746,746,2025-08-11,0,450,34.48222222222222,32.973333333333336,753777.071753197,363955.7177006839,2170.5083963112147,1508.2185636138001,2571080.2569182776,0.6948687994835782,126.1893224359424,-36.1893224359424,-0.5904552733315772,0.8070703626047313,35.30814699268925,32.242704318087185,16489.98895072937,25.909984588623047,49.68162536621094,1.25,1.0
747,747,2025-08-11,1,17,66.91176470588235,39.970588235294116,65788.10840103053,6678.732001806273,641.2298164515129,204.30877370120257,102894.1317457321,0.3186202020857705,125.32132155760189,-35.32132155760189,-0.5781612947742649,0.8159224946187876,66.68138830041212,40.15891599835957,602.4528198242188,22.857065200805664,42.080352783203125,1.25,1.0
748,748,2025-08-12,0,450,34.42888888888889,31.637777777777778,724564.2621288688,422617.635946502,2128.033514375521,1625.226207229516,2716327.694758499,0.7637220918987473,126.42216046514594,-36.422160465145936,-0.5937301534636962,0.8046642187073909,35.1708557747593,31.027165807963694,16615.65522003174,25.82453155517578,49.35862731933594,1.25,1.0
749,749,2025-08-13,0,452,35.34070796460177,30.351769911504423,673931.6449907928,473306.7008025892,2052.3334965819895,1719.9322312277836,2772356.9728852585,0.838037401860957,134.24027031009527,-44.24027031009527,-0.6976688108777419,0.7164204284695109,35.98509488193211,29.88707706122785,17328.87066078186,25.4293155670166,50.29198455810547,1.25,1.0
750,750,2025-08-14,0,437,37.11327231121282,28.991990846681922,578097.295678784,474960.9555676321,1900.817744549014,1722.935278035046,2572167.949652954,0.906417926166734,127.12378052673257,-37.123780526732574,-0.6035389717846741,0.7973334995703482,37.65087057599208,28.6334251319291,17177.888875961304,25.758777618408203,50.03559112548828,1.25,1.0
751,751,2025-08-14,1,17,22.441176470588236,44.205882352941174,29358.20620235138,15136.620045926564,428.35591365673486,307.5774297425626,103478.25865318255,0.7180417497143305,40.09947596764394,49.90052403235606,0.7649272920991276,0.6441166336944699,22.385692651979813,44.20076097886451,546.3186702728271,28.297399520874023,35.67474365234375,1.25,1.0
752,752,2025-08-15,0,386,37.45077720207254,28.489637305699482,563438.2949223581,505300.46797849797,1876.5631732677527,1777.1122431815083,2619195.5819368823,0.9470036865782325,115.68799458777963,-25.687994587779627,-0.43347026882240736,0.9011678678509515,37.935950170346665,28.178446371490356,15167.313980102539,25.87327766418457,50.283607482910156,1.25,1.0
753,753,2025-08-15,1,15,22.633333333333333,44.5,25081.23579728621,13088.18116402226,395.9264120174844,286.0089723682443,88937.31482249926,0.722379118156972,15.763157256896193,74.23684274310381,0.9623928781837976,0.27166145847562945,22.590407363789808,44.509263012726805,483.9766445159912,28.118213653564453,36.272361755371094,1.25,1.0
